concept,prompt
sentence2phrase.trial-trial-s2p-1-1,Après l'intervalle entre les deux mi-temps d'un match  les équipes échangent les extrémités du terrain de jeu  afin de réduire tout avantage pouvant être obtenu en raison du vent ou d'une pente vers le terrain.
sentence2phrase.trial-trial-s2p-1-2,football associatif à la mi-temps
sentence2phrase.trial-trial-s2p-2-1,Les pressions du président Obama en faveur d'une action militaire pour punir l'utilisation présumée d'armes chimiques par la Syrie lèvent un premier obstacle au Congrès américain.
sentence2phrase.trial-trial-s2p-2-2,temps de marche moyen pour un 5 km
sentence2phrase.trial-trial-s2p-3-1,Le disque dur n'a pas pu être utilisé en raison d'un dommage permanent à sa surface.
sentence2phrase.trial-trial-s2p-3-2,secteurs défectueux sur le disque dur
sentence2phrase.trial-trial-s2p-4-1,sauter d'une structure haute tout en étant connecté à un gros cordon élastique.
sentence2phrase.trial-trial-s2p-4-2,saut à l'élastique
sentence2phrase.trial-trial-s2p-5-1,Les cadres des vélos de course sont fabriqués à partir d'un polymère renforcé de fibres extrêmement résistant et léger qui contient des fibres de carbone.
sentence2phrase.trial-trial-s2p-5-2,cadre de vélo en fibre de carbone
sentence2phrase.trial-trial-s2p-6-1,Les premiers projets de métro à Moscou remontent à l'Empire russe  mais ont été reportés par la Première Guerre mondiale  la Révolution d'Octobre et la guerre civile russe.
sentence2phrase.trial-trial-s2p-6-2,époque de la guerre froide
sentence2phrase.trial-trial-s2p-7-1,Historiquement  dans les pays où les partis communistes luttaient pour accéder au pouvoir d’État  la formation d’alliances de guerre avec des partis non communistes et des groupes de guerre était adoptée.
sentence2phrase.trial-trial-s2p-7-2,Parti communiste de l'Union soviétique
sentence2phrase.trial-trial-s2p-8-1,Vladimir Ilitch Lénine a été chef de la SFSR russe à partir de 1917  puis simultanément premier ministre de l'Union soviétique à partir de 1922  jusqu'à sa mort.
sentence2phrase.trial-trial-s2p-8-2,Parti communiste de l'Union soviétique
sentence2phrase.trial-trial-s2p-9-1,L'hydroélectricité est la production d'énergie électrique grâce à l'utilisation de la force gravitationnelle de l'eau qui tombe ou qui coule.
sentence2phrase.trial-trial-s2p-9-2,électricité produite par l'hydroélectricité
sentence2phrase.trial-trial-s2p-10-1,Les chercheurs de l’agence spatiale pensent avoir découvert des indices vitaux qui semblent indiquer que des extraterrestres primitifs pourraient vivre sur la Lune.
sentence2phrase.trial-trial-s2p-10-2,Preuve de la vie dans l'espace
sentence2phrase.trial-trial-s2p-11-1,Cette série d'images de la mission Cassini de la NASA montre la différence dans la quantité de pulvérisation émanant de la lune Encelade de Saturne.
sentence2phrase.trial-trial-s2p-11-2,instructions pour remplacer le clavier d'un ordinateur portable
sentence2phrase.trial-trial-s2p-12-1,Les États-Unis poursuivent leur projet de livrer quatre avions de combat F-16 à l’Égypte malgré les troubles politiques que connaît le pays.
sentence2phrase.trial-trial-s2p-12-2,garder les chasseurs F-16 en Jordanie
sentence2phrase.trial-trial-s2p-13-1,Il a vécu pendant plus d'une décennie sans aucun contact avec la société.
sentence2phrase.trial-trial-s2p-13-2,vivre isolé
sentence2phrase.trial-trial-s2p-14-1,La photographie glamour concerne également les visuels à la mode  avec une différence toutefois.
sentence2phrase.trial-trial-s2p-14-2,photographie de portrait à l'ancienne
sentence2phrase.trial-trial-s2p-15-1,Le tapis à poils noués est probablement originaire du 2ème millénaire avant JC en Asie occidentale  peut-être dans la région de la mer Caspienne ou sur les hauts plateaux arméniens  bien qu'il existe des preuves de chèvres et de moutons tondus pour la laine et les cheveux qui ont été filés et tissés dès le 7ème millénaire.
sentence2phrase.trial-trial-s2p-15-2,origines du tapis noué
sentence2phrase.trial-trial-s2p-16-1,Venez découvrir par vous-même : les meilleurs funparks et pistes de snowboard du monde.
sentence2phrase.trial-trial-s2p-16-2,vacances de snowboard
sentence2phrase.trial-trial-s2p-17-1,L'intérieur de Saturne est probablement composé d'un noyau de fer  de nickel et de roche  entouré d'une couche profonde d'hydrogène métallique  d'une couche intermédiaire d'hydrogène liquide et d'hélium liquide et d'une couche gazeuse externe.
sentence2phrase.trial-trial-s2p-17-2,plantes d'aquarium d'eau chaude
sentence2phrase.trial-trial-s2p-18-1,Le tourisme est l'un des secteurs industriels à la croissance la plus rapide et l'un des plus rentables d'Italie  avec un chiffre d'affaires estimé à 136 1 milliards d'euros.
sentence2phrase.trial-trial-s2p-18-2,sites du patrimoine mondial en Italie
sentence2phrase.trial-trial-s2p-19-1,Un chat élu maire d'une ville d'Alaska il y a 15 ans a été grièvement blessé lors d'une attaque de chien.
sentence2phrase.trial-trial-s2p-19-2,attaque contre le chat du maire de la ville
sentence2phrase.trial-trial-s2p-20-1,Une assemblée de fantômes  peut-être  mais qui représente les valeurs et la légitimité françaises autant  voire plus  que n'importe quelle formation politique.
sentence2phrase.trial-trial-s2p-20-2,valeurs et légitimité françaises importantes
sentence2phrase.trial-trial-s2p-21-1,Au fait  j'ai utilisé la recette de riz à sushi de @altonbrown sur le blog culinaire de cette semaine  Breakfast Sushi.
sentence2phrase.trial-trial-s2p-21-2,manger au lit
sentence2phrase.trial-trial-s2p-22-1,Le Danemark a un climat tempéré  caractérisé par des hivers doux  avec des températures moyennes en janvier et février de 0 0 °C (32 0 °F)  et des étés frais  avec une température moyenne en août de 15 7 °C (60 3 °F).
sentence2phrase.trial-trial-s2p-22-2,point d'ébullition
sentence2phrase.trial-trial-s2p-23-1,Il fit plusieurs tentatives pour s'enfuir de chez lui  réussissant finalement  à quatorze ans  en s'engageant comme garçon de cabine et cuisinier sur une goélette de pêche  mais il rentra bientôt chez lui.
sentence2phrase.trial-trial-s2p-23-2,travaux sur un bateau
sentence2phrase.trial-trial-s2p-24-1,Je suis un entrepreneur à plusieurs reprises  vivant et travaillant au cœur de la Silicon Valley depuis un quart de siècle.
sentence2phrase.trial-trial-s2p-24-2,prolapsus de la valve mitrale
sentence2phrase.trial-trial-s2p-25-1,si tu joues avec mes cheveux très doucement  je tomberai probablement amoureux de toi.
sentence2phrase.trial-trial-s2p-25-2,la sensation de faire tournoyer ses cheveux
sentence2phrase.trial-trial-s2p-26-1,En 1770  le capitaine britannique James Cook débarqua à Botany Bay  dans la péninsule de Kurnell.
sentence2phrase.trial-trial-s2p-26-2,faux alunissage
sentence2phrase.trial-trial-s2p-27-1,Vraisemblablement  l’idée était de laisser les concurrents deviner  mais aussi de surprendre et de ravir les fidèles lors des révélations de nouveaux produits.
sentence2phrase.trial-trial-s2p-27-2,promotion de produits en magasin
sentence2phrase.trial-trial-s2p-28-1,Les amas de coquillages se trouvent dans les zones côtières du monde entier.
sentence2phrase.trial-trial-s2p-28-2,les amas de coquilles côtières quasi universels
sentence2phrase.trial-trial-s2p-29-1,L’image montre les deux frères apparemment se soutenir mutuellement.
sentence2phrase.trial-trial-s2p-29-2,un portrait d'amour fraternel
sentence2phrase.trial-trial-s2p-30-1,La série d'une heure suit un professeur de lycée optimiste alors qu'il tente de transformer le Glee Club de l'école et d'inspirer un groupe d'artistes hétéroclites à se rendre à la plus grande compétition de toutes : les championnats nationaux.
sentence2phrase.trial-trial-s2p-30-2,rêves de compétition nationale
sentence2phrase.trial-trial-s2p-31-1,Il existe plusieurs autres méthodes de navigation céleste qui permettent également de déterminer la position à l'aide d'observations au sextant  telles que la méthode « Noon Sight » et la méthode plus archaïque « Distance lunaire ».
sentence2phrase.trial-trial-s2p-31-2,navigation céleste par observation au sextant
sentence2phrase.trial-trial-s2p-32-1,Il existe un moyen de recharger la Tesla Model S dans tout le pays plus rapidement que vous ne pourriez remplir un réservoir d’essence.
sentence2phrase.trial-trial-s2p-32-2,machine mystérieuse
sentence2phrase.trial-trial-s2p-33-1,Aucun produit chimique n'est utilisé pour changer de couleur lorsque vous faites pipi dans la piscine :
sentence2phrase.trial-trial-s2p-33-2,colorants changeant de couleur
sentence2phrase.trial-trial-s2p-34-1,Ils ont été retrouvés dans une caisse en bois posée près d’une poubelle à proximité d’une école primaire.
sentence2phrase.trial-trial-s2p-34-2,caisses près du tas d'ordures de l'école
sentence2phrase.trial-trial-s2p-35-1,Nous avons acheté de la drogue au marché noir de Silk Road.
sentence2phrase.trial-trial-s2p-35-2,marchandises illégales
sentence2phrase.trial-trial-s2p-36-1,Lorsque j’ai demandé à Meiklejohn d’essayer de retracer les transactions de Forbes  j’ai commencé par lui donner les adresses Bitcoin associées à notre compte sur le populaire service de portefeuille Bitcoin Coinbase – les informations pourraient en théorie être obtenues par n’importe quel organisme d’enquête chargé de l’application des lois qui envoie une assignation à comparaître à Coinbase.
sentence2phrase.trial-trial-s2p-36-2,tracer les transactions monétaires
paragraph2sentence.trial-trial-p2s-1-1,Gareth Bale a été présenté aux supporters du Real Madrid suite à son transfert record du monde de 85 3 millions de livres sterling (100 millions d'euros) depuis Tottenham. L'attaquant gallois a reçu un accueil enthousiaste après être monté sur scène dans un costume sombre devant plus de 20 000 supporters au stade Bernabeu. S'exprimant en espagnol  le joueur de 24 ans a déclaré à ses fans : "C'est un rêve d'être ici à Madrid. Merci pour cet accueil.
paragraph2sentence.trial-trial-p2s-1-2,Une ville japonaise a décidé de démolir un bateau de pêche abandonné  devenu un symbole du tsunami dévastateur de 2011  ont annoncé des responsables.
paragraph2sentence.trial-trial-p2s-2-1,Bien que principalement composées de neige et d'air  les grosses avalanches ont la capacité d'entraîner de la glace  des roches  des arbres et d'autres matériaux sur la pente et se distinguent des coulées de boue  des éboulements rocheux et des effondrements de séracs sur une cascade de glace. Les avalanches ne sont pas des événements rares ou aléatoires et sont endémiques à toute chaîne de montagnes qui accumule un manteau neigeux permanent. Les avalanches sont plus fréquentes en hiver ou au printemps  mais les mouvements des glaciers peuvent provoquer des avalanches de glace et de neige à tout moment de l'année. En terrain montagneux  les avalanches comptent parmi les risques naturels objectifs les plus graves pour la vie et les biens  leur capacité destructrice résultant de leur capacité à transporter d'énormes masses de neige à grande vitesse.
paragraph2sentence.trial-trial-p2s-2-2,La masse glaciaire étant affectée par les changements climatiques à long terme  les changements de masse glaciaire sont considérés comme une source majeure de variations du niveau de la mer.
paragraph2sentence.trial-trial-p2s-3-1,Contrairement à la plupart des animaux  les baleines respirent consciemment. Tous les mammifères dorment  mais les baleines ne peuvent pas se permettre de rester inconscientes longtemps car elles risquent de se noyer. Bien que la connaissance du sommeil chez les cétacés sauvages soit limitée  il a été observé que des cétacés à dents en captivité dormaient avec un côté de leur cerveau à la fois  apparemment pour pouvoir nager  respirer consciemment  éviter les prédateurs et les contacts sociaux pendant leur période de repos. On pense qu'un seul hémisphère du cerveau de la baleine dort à la fois  de sorte qu'elle se repose mais ne s'endort jamais complètement.
paragraph2sentence.trial-trial-p2s-3-2,Étant des respirateurs conscients  les baleines ne peuvent pas rester inconscientes longtemps.
paragraph2sentence.trial-trial-p2s-4-1,Les voitures de F1 sont les voitures de course sur circuit multitours les plus rapides au monde  en raison de vitesses de virage très élevées obtenues grâce à la génération de grandes quantités d'appui aérodynamique. Les voitures de Formule 1 courent à des vitesses allant jusqu'à 350 km/h (220 mph) avec des moteurs dont les performances sont limitées à un maximum de 18 000 tours par minute (RPM). Les voitures sont capables d’une accélération latérale supérieure à cinq g dans les virages. Les performances des voitures dépendent fortement de l’électronique – même si l’antipatinage et autres aides à la conduite sont interdites depuis 2008 – ainsi que de l’aérodynamisme  de la suspension et des pneus. La formule a radicalement évolué et changé au cours de l’histoire du sport.
paragraph2sentence.trial-trial-p2s-4-2,La Formule 1 est la classe la plus élevée des courses automobiles monoplaces.
paragraph2sentence.trial-trial-p2s-5-1,Le champion olympique Usain Bolt a retrouvé son titre mondial du 100 m et a remporté une quatrième médaille d'or individuelle aux Championnats du monde avec un record de la saison de 9 77 secondes à Moscou. Sous une pluie battante  le Jamaïcain de 26 ans a réparé son faux départ à Daegu il y a deux ans et a consolidé encore davantage son statut de plus grand sprinteur de l'histoire. Le sextuple champion olympique a dépassé Justin Gatlin dans les phases finales  obligeant l'Américain à se contenter de l'argent en 9 85. La compatriote de Bolt  Nesta Carter (9 95)  a remporté le bronze  tandis que le Britannique James Dasaolu a terminé huitième (10 21).
paragraph2sentence.trial-trial-p2s-5-2,L'Allemand Robert Harting bat l'Iranien Ehsan Hadadi et ajoute le titre olympique du disque à sa couronne mondiale.
paragraph2sentence.trial-trial-p2s-6-1,Dans le monde entier  les centrales hydroélectriques produisent environ 24 pour cent de l’électricité mondiale et approvisionnent en électricité plus d’un milliard de personnes. Les centrales hydroélectriques du monde produisent un total combiné de 675 000 mégawatts  soit l'équivalent énergétique de 3 6 milliards de barils de pétrole  selon le Laboratoire national des énergies renouvelables. Il existe plus de 2 000 centrales hydroélectriques en activité aux États-Unis  ce qui fait de l'hydroélectricité la plus grande source d'énergie renouvelable du pays.
paragraph2sentence.trial-trial-p2s-6-2,Les centrales hydroélectriques sont la forme d’énergie renouvelable la plus utilisée.
paragraph2sentence.trial-trial-p2s-7-1,Grâce à une turbine réversible  l’usine peut pomper l’eau vers le réservoir supérieur. Cela se fait en heures creuses. Essentiellement  le deuxième réservoir remplit le réservoir supérieur. En pompant l'eau vers le réservoir supérieur  l'usine dispose de plus d'eau pour produire de l'électricité pendant les périodes de pointe de consommation.
paragraph2sentence.trial-trial-p2s-7-2,Aux heures creuses  l'eau est pompée du deuxième vers le réservoir supérieur par une turbine réversible afin d'être utilisée aux heures de pointe de consommation.
paragraph2sentence.trial-trial-p2s-8-1,Le K2 est connu sous le nom de Montagne Sauvage en raison de l'extrême difficulté de son ascension et du deuxième taux de mortalité le plus élevé parmi les huit mille personnes. Pour quatre personnes ayant atteint le sommet  une est morte en essayant. Il est plus dangereux d'atteindre le K2 du côté chinois ; ainsi  il est principalement escaladé du côté pakistanais. Contrairement à l'Annapurna  la montagne avec le taux de mortalité au sommet le plus élevé  le K2 n'a jamais été gravi en hiver.
paragraph2sentence.trial-trial-p2s-8-2,Le K2 occupe la deuxième place pour le taux de mortalité le plus élevé  tuant un grimpeur pour quatre personnes atteignant le sommet.
paragraph2sentence.trial-trial-p2s-9-1,M. Obama sait qu’il bénéficie du soutien du président français François Hollande pour une action militaire. Mais  en raison du vote de la semaine dernière au Parlement britannique  il ne bénéficie que du soutien diplomatique et non militaire du Premier ministre britannique David Cameron. La Turquie prône depuis longtemps une intervention en Syrie et l’Arabie saoudite fait partie de la coalition du Golfe qui soutient activement les rebelles syriens.
paragraph2sentence.trial-trial-p2s-9-2,M. Obama bénéficie du soutien du président français  de la Turquie et de l’Arabie Saoudite pour une action militaire.
paragraph2sentence.trial-trial-p2s-10-1,Le mot « parachute » vient du préfixe français paracete  originaire du grec  signifiant protéger contre  et chute  le mot français pour « chute »  et il a été inventé à l'origine comme un mot hybride qui signifiait littéralement « ce qui protège contre une chute ».
paragraph2sentence.trial-trial-p2s-10-2,Parachute est un mot français qui signifie littéralement « ce qui protège contre une chute ».
paragraph2sentence.trial-trial-p2s-11-1,La pluie de météores la plus visible la plupart des années est celle des Perséides  qui culmine le 12 août de chaque année avec plus d'un météore par minute. La NASA dispose d'un outil utile pour calculer combien de météores par heure sont visibles depuis votre lieu d'observation. La pluie de météores Léonides culmine vers le 17 novembre de chaque année. Environ tous les 33 ans  la pluie des Léonides produit une tempête de météores  culminant à une vitesse de plusieurs milliers de météores par heure. Les tempêtes léonides ont donné naissance au terme pluie de météores lorsqu'on s'est rendu compte pour la première fois  lors de la tempête de novembre 1833  que les météores rayonnaient à proximité de l'étoile Gamma Leonis.
paragraph2sentence.trial-trial-p2s-11-2,Depuis les débuts de l'entreprise  Ferrari est impliquée dans le sport automobile  concourant dans diverses catégories  notamment la Formule 1 et les courses de voitures de sport à travers sa division sportive Scuderia Ferrari  et fournissant des voitures et des moteurs à d'autres équipes et pour une série d'une marque.
paragraph2sentence.trial-trial-p2s-12-1,Des taux d’intérêt élevés encouragent les gens à épargner  tandis que des taux d’intérêt faibles encouragent à dépenser. De nombreuses banques proposeront des taux d’intérêt préférentiels sur les nouveaux comptes pour encourager les gens à commencer à épargner auprès de cette institution. Les taux d’intérêt de l’épargne sont soit fixés à un niveau fixe  de sorte qu’un pourcentage fixe d’intérêt soit payé chaque année. D’un autre côté  il peut suivre le taux de base  ce qui signifie que les intérêts perçus sont plus étroitement liés à la situation économique du pays.
paragraph2sentence.trial-trial-p2s-12-2,Le taux d’intérêt de base est normalement fixé dans presque tous les pays par une banque centrale.
paragraph2sentence.trial-trial-p2s-13-1,En 1996  un groupe de scientifiques a annoncé avoir repéré des preuves solides de la présence de microfossiles sur une météorite martienne découverte en Antarctique  démontrant que la vie aurait pu exister sur la planète rouge il y a environ 3 6 milliards d'années. Après des années de débats intenses  la question de savoir si la météorite martienne contient ou non de la vie reste en suspens. Si cela était vrai  cela fournirait également d’excellentes preuves pour étayer la théorie de la « panspermie ». Signifiant littéralement « des graines partout »  la panspermie est l'idée selon laquelle la vie est venue de l'espace et que les planètes ont échangé de la vie – « vie » dans ce cas signifiant des bactéries  qui peuvent être dormantes et résister à des environnements difficiles. La vie aurait pu exister sur une autre planète  peut-être même aussi proche que Mars  puis se diriger vers la Terre au lieu de provenir d'ici.
paragraph2sentence.trial-trial-p2s-13-2,La découverte de microfossiles sur une météorite martienne trouvée en Antarctique a fourni d'excellentes preuves non seulement de l'existence possible de la vie sur la planète rouge il y a environ 3 6 milliards d'années  mais également de la théorie de la « panspermie ».
paragraph2sentence.trial-trial-p2s-14-1,Un an après une série de meurtres brutaux qui ont suscité dans des proportions presque égales choc et curiosité dans le monde entier  la ville française d'Annecy semble  du moins en surface  avoir retrouvé son rythme tranquille et charmant habituel. Les cafés de la vieille ville sont animés  les sentiers autour du lac regorgent de promeneurs et de cyclistes admirant certains des plus beaux paysages de France et profitant du soleil de fin d'été.
paragraph2sentence.trial-trial-p2s-14-2,Le premier navigateur Web  appelé WorldWideWeb mais rebaptisé plus tard Nexus  a été inventé en 1990 par Sir Tim Berners-Lee.
paragraph2sentence.trial-trial-p2s-15-1,Le procès du capitaine du navire de croisière Costa Concordia  échoué l'année dernière au large de l'Italie  s'est ouvert et a été ajourné à la semaine prochaine. Le capitaine Francesco Schettino  52 ans  fait face à des accusations d'homicide involontaire coupable et d'abandon de navire. Trente-deux personnes sont mortes lorsque le navire a heurté des rochers au large de l'île toscane de Giglio en janvier 2012  puis s'est renversé. L'audience de mardi a été ajournée en raison d'une grève nationale des avocats. Le capitaine Schettino a été accusé d'avoir dirigé le paquebot de luxe trop vite et trop près du rivage  et d'avoir quitté le navire avant que les 4 229 passagers et membres d'équipage ne soient décollés.
paragraph2sentence.trial-trial-p2s-15-2,Les routes himalayennes sont réputées pour attirer un grand nombre de randonneurs.
paragraph2sentence.trial-trial-p2s-16-1,e début du Moyen Âge est souvent appelé « l'âge des ténèbres » car les grandes civilisations de la Grèce et de Rome étaient tombées. La vie en Europe occidentale au Moyen Âge était très dure. Très peu de gens savaient lire ou écrire et personne ne s’attendait à une amélioration des conditions. Le seul espoir pour la plupart des gens au Moyen Âge était leur forte croyance dans le christianisme et l’espoir que la vie au ciel serait meilleure que la vie sur terre.
paragraph2sentence.trial-trial-p2s-16-2,L’histoire du Moyen Âge est caractérisée par la chute de la civilisation grecque et romaine et par la dure vie des peuples d’Europe occidentale.
paragraph2sentence.trial-trial-p2s-17-1,Un couple marié qui se rencontre au travail n'est pas une chose particulièrement rare. Trois travailleurs sur dix qui sont sortis avec un collègue ont déclaré dans une enquête récente de CareerBuilder.com que leur histoire d'amour au bureau a finalement conduit au mariage.
paragraph2sentence.trial-trial-p2s-17-2,Se marier avec un collègue n'est pas rare étant donné que 30 % des travailleurs qui sortaient avec un collègue ont fini par l'épouser.
paragraph2sentence.trial-trial-p2s-18-1,Les affaires ont prospéré pendant quelques décennies  mais elles étaient en difficulté au début du XXIe siècle. Peu de temps après  sa fréquence de publication a été réduite à mensuelle  et il a finalement cessé de paraître après son numéro de mai 2006.
paragraph2sentence.trial-trial-p2s-18-2,Après son succès commercial au XXe siècle  la publication a commencé à connaître des résultats médiocres et a finalement fermé ses portes en 2006.
paragraph2sentence.trial-trial-p2s-19-1,Achevé le 28 mars 1929 pour un coût de 9 5 millions de dollars  le Chicago Stadium était à l'époque la plus grande arène couverte du monde. Le stade Olympia de Détroit  construit deux ans plus tôt  était un modèle pour le stade de Chicago et pouvait accueillir plus de 15 000 personnes. C'était également la première arène dotée d'un système de climatisation (bien que le système soit assez rudimentaire par rapport aux normes modernes et ait été mémorablement destiné à remplir l'arène de brouillard pendant les matchs de fin de saison).
paragraph2sentence.trial-trial-p2s-19-2,Les rénovations de Détroit n'ont rien fait pour empêcher la ville de s'effondrer ou ses équipes sportives de chercher ailleurs.
paragraph2sentence.trial-trial-p2s-20-1,Depuis sa création jusqu'au milieu des années 1990  les fonds de la FSF ont été principalement utilisés pour employer des développeurs de logiciels chargés d'écrire des logiciels libres pour le projet GNU. Depuis le milieu des années 1990  les employés et bénévoles de la FSF ont principalement travaillé sur des questions juridiques et structurelles pour le mouvement du logiciel libre et la communauté du logiciel libre.
paragraph2sentence.trial-trial-p2s-20-2,L'étude de cas de la FSF réalisée par Lessig a été invoquée pour justifier pourquoi la GPL v3 devrait être préférée pour les nouvelles licences logicielles.
paragraph2sentence.trial-trial-p2s-21-1,Gorbatchev a lancé sa nouvelle politique de perestroïka (littéralement « restructuration ») et les réformes radicales qui l'accompagnent en 1986 ; elles ont été esquissées  mais pas entièrement explicitées  lors du XXVIIe Congrès du Parti en février-mars 1986. La nouvelle politique de « reconstruction » a été introduite dans le but de surmonter la stagnation économique en créant un mécanisme fiable et efficace pour accélérer le progrès économique et social.
paragraph2sentence.trial-trial-p2s-21-2,Face à la stagnation de l’URSS  Gorbatchev a introduit la perestroïka en 1986 pour créer davantage de mécanismes permettant d’accélérer le progrès.
paragraph2sentence.trial-trial-p2s-22-1,J'ai passé peu de temps avec le Galaxy Gear mercredi  et même si aucun aspect des performances matérielles ne semblait fondamentalement défectueux ou cassé  rien ne semblait particulièrement rapide  réactif ou intuitif. La montre ne semble pas avoir de fonction unique. Il s'agit simplement d'imiter les fonctions d'un smartphone avec un moindre effet.
paragraph2sentence.trial-trial-p2s-22-2,La nouvelle « montre intelligente » Samsung Galaxy Gear n’offre aucune nouvelle fonctionnalité par rapport à un téléphone intelligent  ce qui la laisse apparemment peu impressionnante compte tenu de son interface utilisateur peu soignée.
paragraph2sentence.trial-trial-p2s-23-1,En 2007  John Chambers  PDG de Cisco  a décrit le plan à long terme visant à supprimer la marque indépendante Linksys : « Tout cela deviendra  avec le temps  une marque Cisco. La raison pour laquelle nous avons conservé la marque Linksys  car elle était mieux connue aux États-Unis que Cisco  était auprès du consommateur. À l’échelle mondiale  cela présente très peu d’avantages.
paragraph2sentence.trial-trial-p2s-23-2,C'est l'un des derniers routeurs Linksys fabriqués.
paragraph2sentence.trial-trial-p2s-24-1,L'album Thriller de Jackson en 1982 est l'album le plus vendu de tous les temps. Ses autres disques  dont Off the Wall (1979)  Bad (1987)  Dangerous (1991) et HIStory (1995)  figurent également parmi les best-sellers mondiaux. Jackson est l'un des rares artistes à avoir été intronisé deux fois au Rock and Roll Hall of Fame.
paragraph2sentence.trial-trial-p2s-24-2,Michael Jackson est l'un des plus grands artistes de tous les temps  étant même entré deux fois au Temple de la renommée.
paragraph2sentence.trial-trial-p2s-25-1,Madden joue un rôle important dans la bibliothèque de versions annuelles d'EA. L'année dernière  le jeu était juste derrière Call of Duty: Black Ops II d'Activision (ATVI) avec plus de 5 millions d'exemplaires vendus aux États-Unis  selon le groupe NPD. Electronic Arts a vendu à ce jour plus de 100 millions d’exemplaires des jeux Madden  générant plus de 4 milliards de dollars de revenus.
paragraph2sentence.trial-trial-p2s-25-2,Madden est l'un des jeux vidéo les plus importants pour Electronic Arts  générant un chiffre d'affaires de près de quatre milliards de dollars et vendant des millions de jeux.
paragraph2sentence.trial-trial-p2s-26-1,Mannequin Two: On the Move est un film de comédie romantique de 1991 et une suite partielle du film Mannequin de 1987. Le film met en vedette Kristy Swanson dans le rôle d'un mannequin qui a été gelé il y a mille ans par un sorcier maléfique à l'aide d'un collier magique. Elle reste gelée jusqu'à ce que le collier soit retiré et peut rester définitivement dégelée si elle reçoit un baiser de son véritable amour.
paragraph2sentence.trial-trial-p2s-26-2,Mannequin Two est une suite du début des années 90 où une jeune fille a été gelée dans la glace par une méchante sorcière mais prend vie mille ans plus tard en tant que mannequin pour trouver son véritable amour et lever sa malédiction.
paragraph2sentence.trial-trial-p2s-27-1,McLaughlin a joué un rôle très actif dans la direction de l'équipe malgré son absence d'expérience dans ce sport. Pendant la majeure partie de son mandat en tant que propriétaire  il a été son propre directeur général. Il était également très intéressé par la promotion des joueurs de hockey américains  alors très rares dans le hockey professionnel. Plusieurs d'entre eux  dont Doc Romnes  Taffy Abel  Alex Levinsky  Mike Karakas et Cully Dahlstrom  sont devenus des incontournables du club  et sous McLaughlin  les Black Hawks ont été la première équipe de la LNH avec une formation entièrement américaine.
paragraph2sentence.trial-trial-p2s-27-2,Lors de la présentation du modèle économique  l'orateur transpirait sensiblement  ce qui a semé une certaine confusion quant à la confiance de l'équipe dans le projet.
paragraph2sentence.trial-trial-p2s-28-1,Mon affection pour les délits reflète ma croyance en l'un des faits peu connus sur la première année de la faculté de droit. C'est vraiment intéressant. L’année One L aborde les questions juridiques les plus profondes – sur les obligations des citoyens les uns envers les autres  le rôle du gouvernement  la place des tribunaux dans le règlement des conflits. Si ces questions ne vous fascinent pas  vous ne devriez probablement pas étudier le droit en premier lieu.
paragraph2sentence.trial-trial-p2s-28-2,La cafétéria de la faculté de droit est plutôt bien si vous mourez de faim entre les cours.
paragraph2sentence.trial-trial-p2s-29-1,D'autres noms ou surnoms associés à la Barbade incluent « Bim » et « Bimshire ». L'origine est incertaine mais plusieurs théories existent. La Fondation culturelle nationale de la Barbade affirme que « Bim » était un mot couramment utilisé par les esclaves et qu'il dérive de l'expression « bi mu » ou (« bem »  « Ndi bem »  « Nwanyi ibem » ou « Nwoke ibem ») d'une expression Igbo signifiant « mon peuple » ou « ma place ».
paragraph2sentence.trial-trial-p2s-29-2,La Barbade a de nombreux surnoms  tels que « Bim » et « Bimshire »  qui dérivent des langues parlées par les esclaves sur l'île et font référence à leur propre lieu ou à leur peuple.
paragraph2sentence.trial-trial-p2s-30-1,Les traditions spirituelles telles que le hoodoo sont un processus en constante évolution  synthétisé en permanence au contact d’autres cultures  religions et traditions. Ce qui frappe dans le processus folklorique hoodoo  c’est l’utilisation de figures bibliques dans ses pratiques et dans la vie de ses praticiens.  En fait  la plupart des pratiquants du Hoodoo intègrent cette voie populaire à leur foi religieuse chrétienne. Les icônes des saints chrétiens se trouvent souvent sur les sanctuaires ou les autels hoodoo.
paragraph2sentence.trial-trial-p2s-30-2,Les efforts visant à réduire le risque de paludisme en Haïti n'ont été que partiellement couronnés de succès  en partie à cause de la transmission par les travailleurs de l'UNCR eux-mêmes.
paragraph2sentence.trial-trial-p2s-31-1,Le livre est devenu un éternel best-seller  lu par de nombreux étudiants alors qu’ils se préparent à leur première année à la faculté de droit. Selon un article paru en 2007 dans le Wall Street Journal  One L continue de vendre 30 000 exemplaires par an  dont la plupart sont destinés aux étudiants en droit de première année et aux candidats aux facultés de droit.
paragraph2sentence.trial-trial-p2s-31-2,Je viens juste de finir de recevoir mes livres pour ma première année à la faculté de droit  mais j'attends avec impatience One L  qui est censé être drôle.
paragraph2sentence.trial-trial-p2s-32-1,L'actuelle doyenne de la faculté de droit de Harvard est Martha Minow  qui a pris ses fonctions le 1er juillet 2009. Harvard Law compte 246 membres du corps professoral. Beaucoup sont d’éminents juristes ; Les professeurs de la Harvard Law School étaient responsables de plus d'articles téléchargés sur le Social Science Research Network que n'importe quelle autre faculté de droit  un fait qui ne s'explique que partiellement par la taille de l'école.
paragraph2sentence.trial-trial-p2s-32-2,La capacité Internet du Social Science Research Network (SSRN) a été mise à rude épreuve jusqu'à sa mise à niveau en 2008 grâce à un don de Harvard Law  dont les étudiants téléchargent plus d'articles du SSRN que de toute autre école.
paragraph2sentence.trial-trial-p2s-33-1,La philosophie des droits de l’homme tente d’examiner les fondements sous-jacents du concept des droits de l’homme et porte un regard critique sur son contenu et sa justification. Plusieurs approches théoriques ont été avancées pour expliquer comment et pourquoi les droits de l’homme sont devenus partie intégrante des attentes sociales.
paragraph2sentence.trial-trial-p2s-33-2,Mon exposé de philosophie portait sur les récentes tentatives du Nicaragua pour améliorer les droits de l'homme de leur pays sur la base des demandes de son peuple.
paragraph2sentence.trial-trial-p2s-34-1,Le navire qui lança véritablement la première phase des découvertes portugaises le long des côtes africaines fut la caravelle  un développement basé sur les bateaux de pêche existants. Ils étaient agiles et plus faciles à naviguer  avec un tonnage de 50 à 160 tonnes et 1 à 3 mâts  avec des voiles triangulaires latines permettant le relevage. La caravelle bénéficiait d'une plus grande capacité de virement de bord. La capacité limitée en matière de fret et d'équipage était leur principal inconvénient  mais n'a pas entravé son succès.
paragraph2sentence.trial-trial-p2s-34-2,Les caravelles offraient un stockage de marchandises et une navigabilité supérieurs à ceux des autres navires de l'époque  ce qui permettait à des équipages tels que les Portugais d'explorer plus loin en Afrique.
sentence2phrase.test-scientific-1-1,En mécanique des solides  le flux de cisaillement est donné en dimensions de force par longueur.
sentence2phrase.test-scientific-1-2,une algèbre de Banach sur le corps des nombres complexes
sentence2phrase.test-scientific-2-1,En outre  les contrôleurs aléatoires initiaux peuvent présenter un comportement potentiellement dangereux  comme s'écraser à plusieurs reprises contre un mur  ce qui peut endommager le robot.
sentence2phrase.test-scientific-2-2,problèmes dans la mécanique des robots
sentence2phrase.test-scientific-3-1,Les ceintures de roches vertes ont été interprétées comme s'étant formées dans d'anciens centres d'expansion océanique et dans des terranes d'arcs insulaires.
sentence2phrase.test-scientific-3-2,la formation d'anciens arcs océaniques et insulaires via des ceintures de roches vertes
sentence2phrase.test-scientific-4-1,Une vibration A est considérée comme plus sévère qu'une vibration B si elle produit un déplacement relatif plus élevé (c'est-à-dire une contrainte plus élevée) sur ce système SDOF que la vibration B.
sentence2phrase.test-scientific-4-2,instigateur de la médecine expérimentale
sentence2phrase.test-scientific-5-1,Le mandrin de serrage se monte directement dans la tourelle du tour ou dans le support de barre.
sentence2phrase.test-scientific-5-2,initiation au travail du bois
sentence2phrase.test-scientific-6-1,Les hôtes peuvent combattre les infections grâce à leur système immunitaire.
sentence2phrase.test-scientific-6-2,la fonction du système immunitaire
sentence2phrase.test-scientific-7-1,Parfois  le contrôle anticipatif pur sans rétroaction est appelé « balistique »  car une fois qu'un signal de contrôle a été envoyé  il ne peut plus être ajusté ; tout réglage correctif doit se faire au moyen d'un nouveau signal de commande.
sentence2phrase.test-scientific-7-2,lancement  vol  comportement et effets des projectiles
sentence2phrase.test-scientific-8-1,AdaBoost est adaptatif dans le sens où les classificateurs suivants construits sont modifiés en faveur des instances mal classées par les classificateurs précédents.
sentence2phrase.test-scientific-8-2,abrégeant Adaptive Boosting en AdaBoost
sentence2phrase.test-scientific-9-1,Les diététistes recommandent d’ingérer des aliments spécifiques riches en éléments alimentaires.
sentence2phrase.test-scientific-9-2,recommandations des diététistes pour consommer certains aliments riches en éléments alimentaires
sentence2phrase.test-scientific-10-1,La plupart des acides gras ne sont pas essentiels  ce qui signifie que l’organisme peut les produire selon ses besoins  généralement à partir d’autres acides gras et toujours en dépensant de l’énergie pour ce faire.
sentence2phrase.test-scientific-10-2,générer des acides gras non essentiels selon les besoins
sentence2phrase.test-scientific-11-1,Dans la cinétique des réactions  un effet de vitesse est parfois observé entre différents isotopomères d’un même produit chimique.
sentence2phrase.test-scientific-11-2,l'effet de vitesse observé dans la cinétique de réaction entre différents isotopomères du même produit chimique
sentence2phrase.test-scientific-12-1,L'activité oscillatoire dans des groupes de neurones résulte généralement de connexions de rétroaction entre les neurones qui aboutissent à la synchronisation de leurs schémas de déclenchement.
sentence2phrase.test-scientific-12-2,modèles de liaison neuronale appelés ondes gamma
sentence2phrase.test-scientific-13-1,Les supports de stockage de données optiques actuels  tels que les CD et DVD  stockent les données sous la forme d'une série de marques réfléchissantes sur une surface interne d'un disque.
sentence2phrase.test-scientific-13-2,examens médicaux annuels
sentence2phrase.test-scientific-14-1,Plus prosaïquement  des plasmas d'électrons purs sont utilisés pour produire les micro-ondes dans les fours à micro-ondes  via l'instabilité du magnétron.
sentence2phrase.test-scientific-14-2,production de rayonnement micro-ondes dans des fours à micro-ondes commerciaux
sentence2phrase.test-scientific-15-1,L’agriculture comporte beaucoup de risques et d’incertitudes.
sentence2phrase.test-scientific-15-2,destruction des récoltes à cause des fortes pluies et des inondations
sentence2phrase.test-scientific-16-1,La plupart des alcènes sont prochiraux  ce qui signifie dans ce contexte que leur hydrocyanation génère des nitriles chiraux.
sentence2phrase.test-scientific-16-2,propriétés chimiques des molécules d'alcène
sentence2phrase.test-scientific-17-1,La réaction photosynthétique peut être divisée en deux demi-réactions (oxydation et réduction)  toutes deux essentielles à la production de carburant.
sentence2phrase.test-scientific-17-2,le processus de photosynthèse utilisé par les plantes
sentence2phrase.test-scientific-18-1,La matière noire ne peut pas être vue directement avec les télescopes ; de toute évidence  il n’émet ni n’absorbe de lumière ou d’autres rayonnements électromagnétiques à un niveau significatif.
sentence2phrase.test-scientific-18-2,un matériau invisible dans l'espace connu sous le nom de matière noire
sentence2phrase.test-scientific-19-1,L'hyperactivation pourrait alors être suivie par la réaction acrosomique où la structure en forme de capuchon sur la tête de la cellule libère les enzymes qu'elle contient.
sentence2phrase.test-scientific-19-2,la différence de densité moyenne entre la dalle et l'asthénosphère environnante
sentence2phrase.test-scientific-20-1,Comme pour les festivals des années 1970  Deeply Vale espérait rassembler des musiques de tous styles  créer de nouveaux styles et genres et peut-être en briser quelques-uns.
sentence2phrase.test-scientific-20-2,la musique dans les années 1970
sentence2phrase.test-scientific-21-1,Parmi les centaines de configurations de facettes utilisées  la plus célèbre est probablement la taille ronde en brillant  utilisée pour le diamant et de nombreuses pierres précieuses de couleur.
sentence2phrase.test-scientific-21-2,l'une des tailles de diamants et de pierres précieuses les plus célèbres
sentence2phrase.test-scientific-22-1,La différence de masse effective ou de coefficient de frottement entre l'anion et le cation entraînerait des amplitudes de déplacement différentes dans une onde longitudinale.
sentence2phrase.test-scientific-22-2,amplitudes de déplacement des ondes longitudinales à partir des coefficients de frottement entre anion et cation
sentence2phrase.test-scientific-23-1,Deux équipes de scientifiques ont travaillé séparément pour créer deux « capes d'invisibilité » à partir de « métamatériaux » conçus à l'échelle nanométrique.
sentence2phrase.test-scientific-23-2,un modèle mathématique entièrement prédictif d'un système héliocentrique
sentence2phrase.test-scientific-24-1,L’eugénisme est devenu une discipline académique dans de nombreux collèges et universités et a reçu des financements de nombreuses sources.
sentence2phrase.test-scientific-24-2,l'approbation et le financement de l'eugénisme en tant que discipline universitaire
sentence2phrase.test-scientific-25-1,Le Solar Orbiter observe le Soleil depuis une orbite excentrique à l’intérieur du périhélie de Mercure.
sentence2phrase.test-scientific-25-2,les premières images du côté obscur de Mercure
sentence2phrase.test-scientific-26-1,Le spectre électromagnétique s'étend des basses fréquences utilisées pour les communications radio modernes jusqu'au rayonnement gamma à l'extrémité des ondes courtes (hautes fréquences)  couvrant ainsi des longueurs d'onde allant de milliers de kilomètres jusqu'à une fraction de la taille d'un atome.
sentence2phrase.test-scientific-26-2,une proposition de révision de la chronologie égyptienne de l'Egypte ancienne
sentence2phrase.test-scientific-27-1,Si un médicament a déjà été identifié pour une cible  cette cible est par définition médicamentable.
sentence2phrase.test-scientific-27-2,la susceptibilité de la cible à se lier à un médicament
sentence2phrase.test-scientific-28-1,Alors que ses détracteurs ont remis en question sa faisabilité  ses partisans affirment que les applications dans la recherche industrielle  en biologie et en sciences humaines ont déjà prouvé la validité du concept original.
sentence2phrase.test-scientific-28-2,validité d'une approche issue de ses usages appliqués
sentence2phrase.test-scientific-29-1,Les neutrinos ne sont pas chargés électriquement comme les électrons  les protons et autres particules chargées.
sentence2phrase.test-scientific-29-2,le manque de charge des neutrinos  qui diffère des électrons et des protons
sentence2phrase.test-scientific-30-1,Puisque les charges opposées s’attirent via une simple force électromagnétique  les électrons chargés négativement qui gravitent autour du noyau et les protons chargés positivement dans le noyau s’attirent.
sentence2phrase.test-scientific-30-2,attraction des protons positifs et des électrons négatifs
sentence2phrase.test-scientific-31-1,Cela permet à un produit laitier  tel que le fromage  de conserver davantage son goût d'origine  mais les aliments thermisés ne sont pas considérés comme pasteurisés par les régulateurs alimentaires.
sentence2phrase.test-scientific-31-2,thermisation des aliments
sentence2phrase.test-scientific-32-1,Dans le langage moderne  la bureaucratie fait référence au système administratif régissant toute grande institution.
sentence2phrase.test-scientific-32-2,les processus bureaucratiques qui gèrent l'administration dans les grandes organisations
sentence2phrase.test-scientific-33-1,Le but du rapport d'incident est de documenter les détails exacts de l'événement pendant qu'ils sont frais dans l'esprit de ceux qui ont été témoins de l'événement.
sentence2phrase.test-scientific-33-2,termes de cinétique et d'interaction appropriés
sentence2phrase.test-scientific-34-1,Les dimorphismes sexuels dans le cerveau et le comportement des vertébrés sont expliqués par l'influence des androgènes stéroïdiens gonadiques  comme l'ont démontré les modèles animaux au cours des dernières décennies.
sentence2phrase.test-scientific-34-2,facilement visible dans les différences de tailles corporelles
sentence2phrase.test-scientific-35-1,Contrairement à la stérilisation  la pasteurisation n’a pas pour but de tuer tous les micro-organismes présents dans les aliments.
sentence2phrase.test-scientific-35-2,la pasteurisation tue la plupart des micro-organismes  mais pas tous  contrairement à la stérilisation
sentence2phrase.test-scientific-36-1,Les AOP reposent sur la production in situ de radicaux hydroxyles (·OH) hautement réactifs.
sentence2phrase.test-scientific-36-2,la dépendance des AOP à l’égard de la production d’OH
sentence2phrase.test-scientific-37-1,Le PageRank est une distribution de probabilité utilisée pour représenter la probabilité qu'une personne cliquant au hasard sur des liens arrive sur une page particulière.
sentence2phrase.test-scientific-37-2,l'adresse url d'un site internet
sentence2phrase.test-scientific-38-1,En physique  le scanning de déformation est le nom général de diverses techniques visant à mesurer la déformation dans un matériau cristallin par son effet sur la diffraction des rayons X et des neutrons.
sentence2phrase.test-scientific-38-2,une revue scientifique mensuelle à comité de lecture
sentence2phrase.test-scientific-39-1,Au moment de la rédaction de la première édition de Genreflecting  l’ajout de matériels de lecture populaires aux collections des bibliothèques et la recommandation de ces titres aux lecteurs étaient des pratiques controversées.
sentence2phrase.test-scientific-39-2,recommandations de lecture
sentence2phrase.test-scientific-40-1,En exerçant ou en faisant partie d'un cabinet médical  les médecins peuvent apprendre des informations qu'ils souhaitent partager avec la communauté médicale ou de recherche.
sentence2phrase.test-scientific-40-2,sources de diffusion de l’information dans la communauté médicale
sentence2phrase.test-scientific-41-1,Les algorithmes de deep learning reposent sur des représentations distribuées  une notion introduite avec le connexionnisme dans les années 1980.
sentence2phrase.test-scientific-41-2,codage vectoriel clairsemé des entités d'entrée sur le réseau
sentence2phrase.test-scientific-42-1,La connectivité est une mesure fondamentale dans de nombreux domaines des sciences mathématiques et des sciences sociales.
sentence2phrase.test-scientific-42-2,connectivité en mathématiques et en sciences sociales
sentence2phrase.test-scientific-43-1,Le métal liquide est constitué d’alliages contenant du gallium avec des points de fusion très bas.
sentence2phrase.test-scientific-43-2,points de fusion métalliques bas
sentence2phrase.test-scientific-44-1,Pour un système chimique à l’équilibre  la fugacité du produit chimique sera la même dans chaque milieu/phase/compartiment.
sentence2phrase.test-scientific-44-2,la langue comme expression de l'esprit d'une nation
sentence2phrase.test-scientific-45-1,Le modèle de particules dans une boîte constitue l'un des très rares problèmes de mécanique quantique pouvant être résolu analytiquement  sans approximations.
sentence2phrase.test-scientific-45-2,Cours de sciences humaines dispensés dans une université
sentence2phrase.test-scientific-46-1,Les lasers sont utilisés dans les appareils grand public courants tels que les lecteurs DVD  les imprimantes laser et les lecteurs de codes-barres.
sentence2phrase.test-scientific-46-2,un certain ensemble d'observations
sentence2phrase.test-scientific-47-1,L'efficacité du ligand est une mesure de l'énergie de liaison par atome d'un ligand à son partenaire de liaison  tel qu'un récepteur ou une enzyme.
sentence2phrase.test-scientific-47-2,mesurer l'énergie de liaison par atome pour calculer l'efficacité du ligand
sentence2phrase.test-scientific-48-1,Chez certains organismes modèles  tels que la levure et la drosophile  il est prouvé que la réduction des dommages oxydatifs peut prolonger la durée de vie.
sentence2phrase.test-scientific-48-2,paramètres d'ingénierie de base des objets courants
sentence2phrase.test-scientific-49-1,En mécanique  la Cinétique se déduit de la Cinématique par l'introduction de la notion de masse.
sentence2phrase.test-scientific-49-2,prédictions falsifiables
sentence2phrase.test-scientific-50-1,Les voies métaboliques nécessitent une régulation stricte afin que les composés appropriés soient produits en quantités appropriées.
sentence2phrase.test-scientific-50-2,les exigences strictes pour les composés produits par les voies métaboliques
sentence2phrase.test-scientific-51-1,Dans la bande passante  la fonction rationnelle elliptique varie entre zéro et un.
sentence2phrase.test-scientific-51-2,les mathématiques de la cryptographie à courbe elliptique
sentence2phrase.test-scientific-52-1,La précision d'un système de mesure  également appelée reproductibilité ou répétabilité  est la mesure dans laquelle des mesures répétées dans des conditions inchangées donnent les mêmes résultats.
sentence2phrase.test-scientific-52-2,mesurer un phénomène à plusieurs reprises pour en calculer la vraie valeur
sentence2phrase.test-scientific-53-1,La fibre optique est particulièrement avantageuse pour les communications longue distance  car la lumière se propage à travers la fibre avec peu d'atténuation par rapport aux câbles électriques.
sentence2phrase.test-scientific-53-2,au-delà des limites des lois actuelles de la physique
sentence2phrase.test-scientific-54-1,Une consommation déséquilibrée de nutriments entraîne la malnutrition.
sentence2phrase.test-scientific-54-2,malnutrition résultant d’un déséquilibre des nutriments
sentence2phrase.test-scientific-55-1,Les hauteurs orthométriques sont généralement utilisées aux États-Unis pour les travaux d'ingénierie  bien que la hauteur dynamique puisse être choisie à des fins hydrologiques à grande échelle.
sentence2phrase.test-scientific-55-2,les hauteurs orthométriques et la hauteur dynamique utilisées à des fins hydrologiques dans l'ingénierie américaine
sentence2phrase.test-scientific-56-1,De nombreuses théories ont été proposées pour expliquer ce redshift dans les profils de lignes de la région de transition  mais le problème n'est toujours pas résolu  puisqu'une théorie cohérente devrait prendre en compte toutes les observations physiques.
sentence2phrase.test-scientific-56-2,problèmes non résolus dans la région de transition
sentence2phrase.test-scientific-57-1,La photolyase est une enzyme phylogénétiquement ancienne qui est présente et fonctionnelle chez de nombreuses espèces  des bactéries aux champignons en passant par les plantes et les animaux.
sentence2phrase.test-scientific-57-2,la présence de Photolyse chez les espèces fonctionnelles  des plus primitives aux plus complexes
sentence2phrase.test-scientific-58-1,Le pool génétique d'une espèce ou d'une population est l'ensemble complet d'allèles uniques qui seraient découverts en inspectant le matériel génétique de chaque membre vivant de cette espèce ou de cette population.
sentence2phrase.test-scientific-58-2,l'ensemble unique d'allèles constitués du pool génétique de tous les membres d'une espèce
sentence2phrase.test-scientific-59-1,Le terme « expatrié » dans certains pays a également un contexte juridique utilisé à des fins fiscales.
sentence2phrase.test-scientific-59-2,différences de signification du mot expatrié selon les pays
sentence2phrase.test-scientific-60-1,Les premiers dinosaures étaient presque certainement des prédateurs et partageaient plusieurs caractéristiques prédatrices avec leurs plus proches parents non dinosaures.
sentence2phrase.test-scientific-60-2,premiers prédateurs aquatiques de la période jurassique
sentence2phrase.test-scientific-61-1,PPR n'est pas le seul algorithme utilisé par Google pour classer les résultats des moteurs de recherche  mais c'est le premier algorithme utilisé par l'entreprise  et c'est le plus connu.
sentence2phrase.test-scientific-61-2,classer les éléments par qualité à l'aide d'une analyse algorithmique
sentence2phrase.test-scientific-62-1,Pour emballer des aliments  l'utilisation de divers gaz est approuvée par les organismes de réglementation.
sentence2phrase.test-scientific-62-2,gaz approuvés par les agences de réglementation pour l'emballage des aliments
sentence2phrase.test-scientific-63-1,En 2012  IBM a annoncé avoir réalisé des composants optiques à l'échelle de 90 nanomètres pouvant être fabriqués à l'aide de techniques standard et incorporés dans des puces conventionnelles.
sentence2phrase.test-scientific-63-2,scepticisme à l'égard d'autres sujets en médecine  comme la vaccination
sentence2phrase.test-scientific-64-1,L'ingénierie des connaissances est utilisée dans de nombreux domaines informatiques tels que l'intelligence artificielle  notamment les bases de données  l'exploration de données  les systèmes experts  les systèmes d'aide à la décision et les systèmes d'information géographique.
sentence2phrase.test-scientific-64-2,domaines de l'informatique
sentence2phrase.test-scientific-65-1,Les centres d'endémisme peuvent chevaucher des points chauds de biodiversité qui sont des régions biogéographiques caractérisées à la fois par des niveaux élevés d'endémisme végétal et par de graves niveaux de perte d'habitat.
sentence2phrase.test-scientific-65-2,toutes les caractéristiques humaines  en particulier les caractéristiques psychologiques
sentence2phrase.test-scientific-66-1,Dans une autre étude  des scientifiques de l'Université de Toronto ont émis l'hypothèse que le syndrome de la reine des abeilles pourrait être la raison pour laquelle les femmes trouvent plus stressant de travailler pour des femmes gestionnaires ; aucune différence n’a été constatée dans les niveaux de stress pour les travailleurs masculins.
sentence2phrase.test-scientific-66-2,stress spécifiques au genre ressentis par les employées lorsqu'elles travaillent pour un supérieur féminin
sentence2phrase.test-scientific-67-1,Une définition simple de la comptabilité de gestion est la fourniture aux dirigeants d’informations décisionnelles financières et non financières.
sentence2phrase.test-scientific-67-2,comptabilité de gestion : prise de décision pour les managers
sentence2phrase.test-scientific-68-1,En physique de la matière condensée  un pseudogap décrit un état dans lequel la surface de Fermi d'un matériau possède une lacune énergétique partielle  par exemple un état de structure de bande dans lequel la surface de Fermi n'est séparée qu'en certains points.
sentence2phrase.test-scientific-68-2,un pseudogap dans la surface de Fermi d'un matériau
sentence2phrase.test-scientific-69-1,Le nitrate d’aluminium n’est pas un composé chimique facile à fabriquer.
sentence2phrase.test-scientific-69-2,difficultés avec le nitrate d'aluminium
sentence2phrase.test-scientific-70-1,L'utilisation des orbitales gaussiennes dans la théorie de la structure électronique (au lieu des orbitales plus physiques de type Slater) a été proposée pour la première fois par Boys en 1950.
sentence2phrase.test-scientific-70-2,Proposition de Boys en 1950 sur les orbitales gaussiennes dans la théorie de la structure électronique
sentence2phrase.test-scientific-71-1,CLC bio développe des logiciels de bureau et de serveur back-end largement cités pour l'analyse des données biologiques.
sentence2phrase.test-scientific-71-2,modèles informatiques pour analyser des données biologiques
sentence2phrase.test-scientific-72-1,Les banques de sperme permettent un meilleur contrôle  notamment en ce qui concerne l’accès et le calendrier des grossesses  puisqu’elles vérifient et sélectionnent les donneurs potentiels et offrent aux couples autrefois stériles ou aux femmes célibataires la possibilité d’avoir des bébés.
sentence2phrase.test-scientific-72-2,divisé en plaques tectoniques
sentence2phrase.test-scientific-73-1,Leur utilisation dans les systèmes informatiques artificiels remonte aux années 1950  où ils étaient utilisés pour résoudre des problèmes d'optimisation.
sentence2phrase.test-scientific-73-2,résoudre des problèmes de mathématiques dans les années 50 avec des ordinateurs
sentence2phrase.test-scientific-74-1,L'artefact de glaçon volant résulte de redimensionnements répétés des vitesses des particules dans le système de simulation.
sentence2phrase.test-scientific-74-2,un changement dans les vitesses des particules
sentence2phrase.test-cqa-75-1,Comment puis-je envoyer une pièce jointe Excel à plusieurs identifiants de messagerie individuellement (comme dans le cas d'un publipostage) ?
sentence2phrase.test-cqa-75-2,petite taille de fichier de l'ordre de quelques Ko
sentence2phrase.test-cqa-76-1,Est-il possible de changer l'email du compte Skype ?
sentence2phrase.test-cqa-76-2,un morceau de texte sur Internet
sentence2phrase.test-cqa-77-1,puis-je regarder 4od bbc iplayer  etc. avec une allocation d'utilisation de 10 Go ?
sentence2phrase.test-cqa-77-2,diffusion de télévision en ligne pour la BBC
sentence2phrase.test-cqa-78-1,Existe-t-il un site Web de musique sur lequel je paie un abonnement mensuel et télécharge de la musique en illimité ?
sentence2phrase.test-cqa-78-2,sites Web proposant des téléchargements de musique illimités
sentence2phrase.test-cqa-79-1,puis-je donner l'une de mes 3 adresses e-mail pour être payé avec Paypal ?
sentence2phrase.test-cqa-79-2,mon historique Internet
sentence2phrase.test-cqa-80-1,Aidez-moi  comment puis-je passer un appel sur un mobile ou sur une ligne fixe en utilisant Internet  mais cela devrait être gratuit ?
sentence2phrase.test-cqa-80-2,appels téléphoniques gratuits depuis Internet
sentence2phrase.test-cqa-81-1,Par expérience  quel service de livraison Amazon Free Super Shipping utilise-t-il ?
sentence2phrase.test-cqa-81-2,livraison gratuite en 7 jours sur la plupart des colis
sentence2phrase.test-cqa-82-1,Existe-t-il un autre moteur de recherche efficace autre que les moteurs de recherche Yahoo et Google ?
sentence2phrase.test-cqa-82-2,l'existence de bons moteurs de recherche en plus de Yahoo et Google
sentence2phrase.test-cqa-83-1,Pourquoi ne puis-je pas accéder au site Web sans fil de Verizon ?
sentence2phrase.test-cqa-83-2,Verizon sans fil à partir d'un appareil mobile
sentence2phrase.test-cqa-84-1,comment puis-je connecter Internet avec le téléphone portable ?
sentence2phrase.test-cqa-84-2,accès internet sur un smartphone
sentence2phrase.test-cqa-85-1,Pourquoi est-ce que je reçois toujours le message « Internet Explorer ne peut pas afficher la page Web ? » ?
sentence2phrase.test-cqa-85-2,impossible d'afficher la page Web dans IE
sentence2phrase.test-cqa-86-1,Quels sont les endroits où vous pouvez créer un wiki de manière totalement gratuite ?
sentence2phrase.test-cqa-86-2,nouveaux types de wikis
sentence2phrase.test-cqa-87-1,Comment définir une image/gif pour ma webcam sur chatroulette.com ?
sentence2phrase.test-cqa-87-2,le nouveau navigateur Web Internet Explorer 8 inclus avec mon nouvel ordinateur
sentence2phrase.test-cqa-88-1,Est-ce que quelqu'un sait où je peux télécharger un fichier audio qui ressemble à une fin ?
sentence2phrase.test-cqa-88-2,rechercher un fichier audio spécifique
sentence2phrase.test-cqa-89-1,Comment puis-je corriger l'erreur au bas d'Internet Explorer  où il est généralement indiqué « terminé » et « erreur sur la page » ?
sentence2phrase.test-cqa-89-2,erreurs de navigateur qui apparaissent en bas de ma fenêtre
sentence2phrase.test-cqa-90-1,Serons-nous facturés en supplément sur notre facture Internet depuis que nous avons une box wifi ?
sentence2phrase.test-cqa-90-2,le coût d'avoir un routeur wifi
sentence2phrase.test-cqa-91-1,J'ai besoin de trouver un de mes amis qui vit maintenant aux États-Unis mais je n'ai pas son adresse ni son numéro de contact ?
sentence2phrase.test-cqa-91-2,coordonnées d'un ami perdu depuis longtemps
sentence2phrase.test-cqa-92-1,J'ai accidentellement désactivé ma connexion Internet et je ne sais pas comment la rétablir !?
sentence2phrase.test-cqa-92-2,téléphone avec image cassé
sentence2phrase.test-cqa-93-1,puis-je publier une photo de quelqu'un d'autre sur Internet ?
sentence2phrase.test-cqa-93-2,connaître mon identité en ligne
sentence2phrase.test-cqa-94-1,Existe-t-il un module complémentaire Firefox qui désactive temporairement certains sites Web pour m'empêcher de tergiverser ?
sentence2phrase.test-cqa-94-2,module complémentaire Firefox pour bloquer les sites Web
sentence2phrase.test-cqa-95-1,Si vous disposiez d’un espace illimité sur un site Web  qu’hébergeriez-vous ?
sentence2phrase.test-cqa-95-2,le contenu idéal d’un site Web doté d’un stockage illimité
sentence2phrase.test-cqa-96-1,J'ai accidentellement supprimé un e-mail pour toujours  mais j'en ai besoin. que dois-je faire?
sentence2phrase.test-cqa-96-2,récupérer un email supprimé définitivement
sentence2phrase.test-cqa-97-1,À quelle fréquence les œufs de draik arrivent-ils chez Merifoods à Meridell ?
sentence2phrase.test-cqa-97-2,fréquence des œufs de draik dans Merifoods
sentence2phrase.test-cqa-98-1,Existe-t-il un site Web qui fonctionne comme Blogger mais au lieu d'être un blog  c'est un site Web ?
sentence2phrase.test-cqa-98-2,les joies du Chat Roulette
sentence2phrase.test-cqa-99-1,Quel est le meilleur endroit pour stocker des photos en ligne en toute sécurité ?
sentence2phrase.test-cqa-99-2,photographie professionnelle
sentence2phrase.test-cqa-100-1,Comment puis-je me débarrasser de la barre de « recherche rapide du navigateur » ?
sentence2phrase.test-cqa-100-2,personnaliser mon navigateur
sentence2phrase.test-cqa-101-1,le réseau mobile a-t-il un impact sur la connexion haut débit sans fil ?
sentence2phrase.test-cqa-101-2,interactions entre le wifi et mon réseau mobile
sentence2phrase.test-cqa-102-1,Existe-t-il un moyen d'obtenir la livraison gratuite sur eBay ?
sentence2phrase.test-cqa-102-2,livraison gratuite sur eBay
sentence2phrase.test-cqa-103-1,Mon voisin m'a dit d'aller sur ce site mais quand je le fais  il dit page introuvable ?
sentence2phrase.test-cqa-103-2,les conseils de mon voisin pour internet
sentence2phrase.test-cqa-104-1,comment fonctionne Paypal sur eBay (je ne l'ai jamais utilisé auparavant) ?
sentence2phrase.test-cqa-104-2,connexion entre paypal et ebay
sentence2phrase.test-cqa-105-1,J'utilise souvent le navigateur Web Firefox  de temps en temps  ce navigateur devient extrêmement lent  que puis-je faire pour y remédier ?
sentence2phrase.test-cqa-105-2,améliorer la vitesse de Firefox lorsqu'il devient lent
sentence2phrase.test-cqa-106-1,Que puis-je faire pour améliorer mon blog et le promouvoir ?
sentence2phrase.test-cqa-106-2,ajouter des images et des vidéos ou simplement un meilleur contenu
sentence2phrase.test-cqa-107-1,Quelles sont certaines de mes options pour un bon programme VPN ?
sentence2phrase.test-cqa-107-2,prestations en vertu d'un régime d'assurance maladie
sentence2phrase.test-cqa-108-1,quel traducteur en ligne gratuit traduit le mieux : anglais vers espagnol  allemand  portugais  français  chinois et italien ?
sentence2phrase.test-cqa-108-2,le meilleur traducteur en ligne pour les langues romanes et le chinois
sentence2phrase.test-cqa-109-1,Les sociétés Internet peuvent-elles voir quels sites Web j'ai visités ?
sentence2phrase.test-cqa-109-2,les fournisseurs d'accès Internet connaissent mes actions
sentence2phrase.test-cqa-110-1,j'ai Internet Explorer et Firefox est-il possible d'avoir une page d'accueil sur chacun ?
sentence2phrase.test-cqa-110-2,plusieurs pages d'accueil du navigateur
sentence2phrase.test-cqa-111-1,sans mon accord comment les experts d'échange peuvent prendre les sommes ?
sentence2phrase.test-cqa-111-2,prendre sans consentement
sentence2phrase.test-cqa-112-1,existe-t-il une boîte de vérité/boîte d'honnêteté que je peux utiliser pour mon annuaire ?
sentence2phrase.test-cqa-112-2,boîte vérité/honnêteté myyearbook
sentence2phrase.test-cqa-113-1,Le site Web Craigslist ne fonctionne pas du tout dans mon navigateur Web !?
sentence2phrase.test-cqa-113-2,problèmes avec le navigateur Web
sentence2phrase.test-cqa-114-1,Un site spécifique ne se charge pas sur mon ordinateur portable (et uniquement sur mon ordinateur portable) ?
sentence2phrase.test-cqa-114-2,problèmes avec un ordinateur portable
sentence2phrase.test-cqa-115-1,Quel est le meilleur site Web permettant aux gens de télécharger des vidéos de 2 heures ?
sentence2phrase.test-cqa-115-2,mon réseau Internet
sentence2phrase.test-cqa-116-1,Pourquoi tant de gens continuent-ils à bloguer même si personne ne commente  ne s'intéresse ou ne lit jamais leurs blogs ?
sentence2phrase.test-cqa-116-2,un message AIM vers le portable de quelqu'un depuis mon portable
sentence2phrase.test-cqa-117-1,Pourquoi les filles suivent-elles toujours immédiatement les autres filles sur le chat roulette ?
sentence2phrase.test-cqa-117-2,les filles qui évitent de discuter avec d'autres filles sur chatroulette
sentence2phrase.test-cqa-118-1,Puis-je enregistrer ou télécharger quelque chose lorsque je le regarde sur ABC iview ?
sentence2phrase.test-cqa-118-2,Reportage de dernière minute
sentence2phrase.test-cqa-119-1,Quels sont les bons verrous parentaux (je ne sais pas comment ils s'appellent) pour Firefox ?
sentence2phrase.test-cqa-119-2,où trouver un serrurier
sentence2phrase.test-cqa-120-1,existe-t-il un site comme chatroulette où vous n'avez pas besoin d'un compte nécessitant un mot de passe ?
sentence2phrase.test-cqa-120-2,sites similaires à chatroulette
sentence2phrase.test-cqa-121-1,Existe-t-il un moyen de regarder la 82e cérémonie des Oscars en direct en ligne ?
sentence2phrase.test-cqa-121-2,fournisseurs d'accès Internet
sentence2phrase.test-cqa-122-1,Comment envoyer des photos depuis Internet vers votre iPhone ?
sentence2phrase.test-cqa-122-2,partage de photos ordinateur vers mobile
sentence2phrase.test-cqa-123-1,Pourquoi Paypal déduit-il quatre dollars supplémentaires pour chaque paiement que vous effectuez ?
sentence2phrase.test-cqa-123-2,la page d'accueil des e-snips
sentence2phrase.test-cqa-124-1,Les gens peuvent-ils mettre un article de la liste de souhaits comme acheté s'ils ne l'ont pas acheté ?
sentence2phrase.test-cqa-124-2,liste de souhaits Amazon
sentence2phrase.test-cqa-125-1,Comment puis-je résoudre ce problème si mon ordinateur continue de se connecter en tant qu'utilisateur temporaire et que rien n'est enregistré lorsque je me déconnecte ?
sentence2phrase.test-cqa-125-2,compte utilisateur temporaire sous Windows
sentence2phrase.test-cqa-126-1,Où télécharger manuellement les mises à jour des définitions de virus pour Norton 360 ?
sentence2phrase.test-cqa-126-2,Téléchargements de la mise à jour du logiciel antivirus Norton
sentence2phrase.test-cqa-127-1,Je ne comprends pas comment nettoyer les aquariums dans Happy Aquarium ?
sentence2phrase.test-cqa-127-2,grand requin blanc
sentence2phrase.test-cqa-128-1,Que signifient les présentations au bas des e-mails... telles que celles-ci ?
sentence2phrase.test-cqa-128-2,texte répété dans mes emails
sentence2phrase.test-cqa-129-1,quelqu'un peut-il me montrer un exemple de la façon dont je dois remplir l'adresse et l'adresse 2 sur le site Web de Lockerz ?
sentence2phrase.test-cqa-129-2,une carte-cadeau Amazon de 35 $
sentence2phrase.test-cqa-130-1,combien de secondes dois-je attendre avant de tirer sur eBay ?
sentence2phrase.test-cqa-130-2,minuteries d'enchères eBay
sentence2phrase.test-cqa-131-1,Comment bloquer les utilisateurs qui ne figurent pas sur votre liste d'amis sur AIM ?
sentence2phrase.test-cqa-131-2,connexion internet à domicile
sentence2phrase.test-cqa-132-1,Devez-vous payer pour regarder des choses comme la télévision sur Windows Media Center ?
sentence2phrase.test-cqa-132-2,Album éponyme d'Alkaline Trio
sentence2phrase.test-cqa-133-1,Avez-vous déjà reçu quelque chose de Lockerz ?
sentence2phrase.test-cqa-133-2,Lockerz livre réellement ses offres de prix
sentence2phrase.test-cqa-134-1,Combien un utilisateur premium de rapidshare peut-il télécharger par jour ?
sentence2phrase.test-cqa-134-2,le meilleur service de messagerie gratuit pour mes jeunes enfants
sentence2phrase.test-cqa-135-1,Pourquoi dois-je toujours actualiser mes pages Web pour une page mise à jour ?
sentence2phrase.test-cqa-135-2,mettre à jour une page Web
sentence2phrase.test-cqa-136-1,Existe-t-il un moyen de savoir combien de personnes ont recherché mon nom sur Google aujourd'hui ?
sentence2phrase.test-cqa-136-2,Google recherche mon nom
sentence2phrase.test-cqa-137-1,Où puis-je obtenir d'autres comptes de sites de réseaux sociaux ?
sentence2phrase.test-cqa-137-2,plus de comptes de réseaux sociaux
sentence2phrase.test-cqa-138-1,De quoi ai-je besoin pour qu’un site soit opérationnel ?
sentence2phrase.test-cqa-138-2,exigences de configuration du site Web
sentence2phrase.test-cqa-139-1,est-ce que quelqu'un sait ce que cleanmypc.com vaut la peine d'utiliser ou est-ce une merde ?
sentence2phrase.test-cqa-139-2,les avantages de cleanmypc.com
sentence2phrase.test-cqa-140-1,Le haut débit sans fil Sun a-t-il une bonne réception dans notre région ?
sentence2phrase.test-cqa-140-2,votre compte paypal
sentence2phrase.test-cqa-141-1,Qu'est-ce qu'un bon site Web à utiliser pour localiser quelqu'un et qui contient des informations précises ?
sentence2phrase.test-cqa-141-2,sites Web dotés d'installations de localisation GPS en ligne
sentence2phrase.test-cqa-142-1,Comment retrouver son blog à partir de son adresse email ?
sentence2phrase.test-cqa-142-2,enregistrer un blog avec mon email
sentence2phrase.test-cqa-143-1,Quels sites Web de partage de photos n'ont pas de bannière ou de publicités pop-up  même pour une adhésion gratuite ?
sentence2phrase.test-cqa-143-2,sites de partage de photos gratuits sans publicité ni pop-up
sentence2phrase.test-cqa-144-1,Le vendeur eBay doit annuler la transaction pour un article défectueux  que dois-je faire ?
sentence2phrase.test-cqa-144-2,transaction eBay annulée en raison d'un article cassé
sentence2phrase.test-cqa-145-1,Peut-on faire confiance à quelqu'un qui vend une mûre à 160 $ sur Ebay ?
sentence2phrase.test-cqa-145-2,la véracité d'une mûre à 160 $ ​​sur eBay
sentence2phrase.test-cqa-146-1,Pourquoi 98 % de mon utilisation du processeur est-elle effectuée sur un navigateur Internet ouvert (Firefox) ?
sentence2phrase.test-cqa-146-2,passer des appels de PC à PC
sentence2phrase.test-cqa-147-1,Quel programme est un éditeur vidéo gratuit et rapide permettant de découper une longue vidéo dans une taille pour YouTube (9 minutes) ?
sentence2phrase.test-cqa-147-2,réalisateurs de films hollywoodiens
sentence2phrase.test-cqa-148-1,Que puis-je faire avec mon accès Internet pour que les sites Web américains ne sachent pas que je suis hors d'Amérique et que je puisse regarder leurs émissions ?
sentence2phrase.test-cqa-148-2,regarder des émissions diffusées sur le Web d'un autre pays
sentence2phrase.test-cqa-149-1,Est-ce qu'Israël a beaucoup de pannes d'Internet ? (c'est-à-dire : un jour ou deux sans Internet) ?
sentence2phrase.test-cqa-149-2,les télécommunications en Israël
sentence2phrase.test-cqa-150-1,Votre activité sur Limewire apparaît-elle dans votre historique Internet ?
sentence2phrase.test-cqa-150-2,preuve de piratage musical à Limewire
sentence2phrase.test-cqa-151-1,Comment ajouter CNN Money RSS à Internet Explorer 8 ?
sentence2phrase.test-cqa-151-2,Flux RSS sur IE 8
sentence2phrase.test-cqa-152-1,Comment puis-je demander à Google Chrome de rester connecté aux sites lorsque je ferme la fenêtre ?
sentence2phrase.test-cqa-152-2,les informations de suivi
sentence2phrase.test-cqa-153-1,Où puis-je télécharger les bonus du film Avatar ?
sentence2phrase.test-cqa-153-2,téléchargement de fonctionnalités bonus pour Avatar
sentence2phrase.test-cqa-154-1,Existe-t-il des sites où vous pouvez poser une question de manière anonyme ?
sentence2phrase.test-cqa-154-2,poser une question en secret
sentence2phrase.test-cqa-155-1,Mon fournisseur d’accès Internet peut-il suivre tous les sites Web que j’ai visités ?
sentence2phrase.test-cqa-155-2,fichiers vidéo de plus de 30 Mo
sentence2phrase.test-cqa-156-1,combien d'argent les gens enchérissent-ils généralement par procuration sur eBay ?
sentence2phrase.test-cqa-156-2,le montant des enchères proxy eBay que les gens utilisent habituellement
sentence2phrase.test-cqa-157-1,Où puis-je obtenir une photo de Lysandre tirée d'un rêve d'une nuit d'été endormie ou endormie ?
sentence2phrase.test-cqa-157-2,Le recueil de Shakespeare
sentence2phrase.test-cqa-158-1,Comment importer mes favoris et mon historique de Chrome vers Firefox ?
sentence2phrase.test-cqa-158-2,personnaliser mon navigateur Internet
sentence2phrase.test-cqa-159-1,Alors  comment puis-je obtenir plus de visites sur mon blog ?
sentence2phrase.test-cqa-159-2,popularité des blogs
sentence2phrase.test-cqa-160-1,Comment supprimer tous mes favoris récents dans Firefox ?
sentence2phrase.test-cqa-160-2,rendre mon historique Internet privé
sentence2phrase.test-cqa-161-1,Où puis-je trouver un forum gratuit ou comment puis-je créer un blog sur lequel je peux publier/héberger plusieurs œuvres d'art de plus de 18 ans ?
sentence2phrase.test-cqa-161-2,forum pour les 18+ artistes
sentence2phrase.test-idiomatic-162-1,Parmi toutes les statistiques disponibles  l’homme politique n’a sélectionné que celles qui étayaient ses idées.
sentence2phrase.test-idiomatic-162-2,juste une aventure regrettable d'un soir
sentence2phrase.test-idiomatic-163-1,J'aime les gens à mon travail  mais les semaines de travail de 60 heures sont un gros frein.
sentence2phrase.test-idiomatic-163-2,des semaines de travail de 60 heures peu attrayantes
sentence2phrase.test-idiomatic-164-1,Jones a frappé Smith lors de la présentation d'aujourd'hui.
sentence2phrase.test-idiomatic-164-2,jusqu'à ce qu'il atteigne la hauteur d'un cerf-volant
sentence2phrase.test-idiomatic-165-1,Le jour où notre sœur s'est enfuie  elle est morte auprès de notre mère.
sentence2phrase.test-idiomatic-165-2,un problème à résoudre avec le patron
sentence2phrase.test-idiomatic-166-1,Premièrement  le message brutal de « manger moins » d’un aliment particulier a été profondément ancré.
sentence2phrase.test-idiomatic-166-2,le plus fort  livre pour livre
sentence2phrase.test-idiomatic-167-1,Si vous n'avez jamais pratiqué les entretiens d'embauche  vous risquez d'avoir quelques moments de silence lors de votre premier entretien.
sentence2phrase.test-idiomatic-167-2,premier entretien d'embauche
sentence2phrase.test-idiomatic-168-1,Envoyez à tout le monde un avertissement concernant l'inspection de demain.
sentence2phrase.test-idiomatic-168-2,notification avant l'inspection
sentence2phrase.test-idiomatic-169-1,J'aimerais connaître le fonctionnement quotidien de l'entreprise.
sentence2phrase.test-idiomatic-169-2,montrer de l'intérêt pour la culture de bureau d'une entreprise
sentence2phrase.test-idiomatic-170-1,Chaque année  les voisins tentent de rivaliser avec leurs lumières de Noël.
sentence2phrase.test-idiomatic-170-2,il bluffe sur les menaces
sentence2phrase.test-idiomatic-171-1,Ils enseignent un cours de calcul édulcoré pour les non-majeurs.
sentence2phrase.test-idiomatic-171-2,apprendre l'anglais comme langue seconde
sentence2phrase.test-idiomatic-172-1,Il faut s'occuper des tâches quotidiennes.
sentence2phrase.test-idiomatic-172-2,tâches ménagères ennuyeuses
sentence2phrase.test-idiomatic-173-1,Je peux faire une analyse rapide du marché à temps pour la réunion de demain.
sentence2phrase.test-idiomatic-173-2,travail de bureau
sentence2phrase.test-idiomatic-174-1,Clinton et Dole ont apporté des besoins différents au débat. Pour Dole  c'était faire ou mourir. Il a dû frapper Clinton durement mais sans paraître dur  ce qui a été un casse-tête pour lui toute l'année.
sentence2phrase.test-idiomatic-174-2,débats politiques
sentence2phrase.test-idiomatic-175-1,Ils ont regardé deux films consécutifs.
sentence2phrase.test-idiomatic-175-2,deux films d'affilée
sentence2phrase.test-idiomatic-176-1,Je vais en préparer un rapide comme échantillon afin que nous puissions goûter la recette.
sentence2phrase.test-idiomatic-176-2,échantillon dégustation d'une recette
sentence2phrase.test-idiomatic-177-1,Il avait une attitude terre-à-terre qui se traduisait par une stratégie simple mais efficace.
sentence2phrase.test-idiomatic-177-2,gars intelligent et sympathique
sentence2phrase.test-idiomatic-178-1,Devons-nous classer « maquillage » comme un idiome ou comme un verbe à particule ?
sentence2phrase.test-idiomatic-178-2,se dégonfler en parachutisme
sentence2phrase.test-idiomatic-179-1,Les passants ont été abattus sans discernement par des membres de gangs à la gâchette facile.
sentence2phrase.test-idiomatic-179-2,des membres de gangs abattaient tous ceux qu'ils voyaient
sentence2phrase.test-idiomatic-180-1,Cinq sociétés proposant des programmes d’enrichissement rapide aux investisseurs immobiliers ont été fermées.
sentence2phrase.test-idiomatic-180-2,passer du temps à l'hôpital
sentence2phrase.test-idiomatic-181-1,Les critiques ont décrit le nouvel album de la pop star comme étant très décalé.
sentence2phrase.test-idiomatic-181-2,les suspects habituels
sentence2phrase.test-idiomatic-182-1,Ruth et Gehrig ont réussi des circuits consécutifs.
sentence2phrase.test-idiomatic-182-2,frappeurs de home run
sentence2phrase.test-idiomatic-183-1,Son départ brusque de la cérémonie de mariage était une belle façon de faire.
sentence2phrase.test-idiomatic-183-2,apprendre qui est quelqu'un en fonction de son départ soudain du mariage
sentence2phrase.test-idiomatic-184-1,Les gens viennent ici pour échapper au quotidien.
sentence2phrase.test-idiomatic-184-2,une belle escapade
sentence2phrase.test-idiomatic-185-1,C'est un véritable idiot.
sentence2phrase.test-idiomatic-185-2,habitudes stupides et ennuyeuses
sentence2phrase.test-idiomatic-186-1,Le lotissement n’était rien d’autre qu’une rangée après l’autre de maisons à l’emporte-pièce.
sentence2phrase.test-idiomatic-186-2,les mêmes styles de maison partout
sentence2phrase.test-idiomatic-187-1,Soyez prudent lorsque vous travaillez à proximité de lui ; il a la gâchette facile avec cette tronçonneuse.
sentence2phrase.test-idiomatic-187-2,accidents du travail dangereux
sentence2phrase.test-idiomatic-188-1,En fait  un appareil dentaire sur une jolie fille ne me rebute pas.
sentence2phrase.test-idiomatic-188-2,une jolie fille avec un appareil dentaire
sentence2phrase.test-idiomatic-189-1,Je pense qu'il est inutile d'essayer de les arrêter car ils sont déterminés à se livrer à une surenchère.
sentence2phrase.test-idiomatic-189-2,j'essaie constamment de me battre
sentence2phrase.test-idiomatic-190-1,C'était une échappatoire que de dire qu'il ne pouvait pas signer la pétition parce qu'il s'était foulé le poignet.
sentence2phrase.test-idiomatic-190-2,une mauvaise excuse pour ne pas signer la pétition à cause d'une entorse au poignet
sentence2phrase.test-idiomatic-191-1,La ville qui ne passe pas inaperçue est située entre deux autoroutes principales.
sentence2phrase.test-idiomatic-191-2,comment garder un secret
sentence2phrase.test-idiomatic-192-1,Il avait la gâchette si facile qu'il s'est retourné et m'a donné un coup de poing lorsque je l'ai frôlé dans le couloir.
sentence2phrase.test-idiomatic-192-2,abus par des tyrans à l'école
sentence2phrase.test-idiomatic-193-1,La voiture est tombée en panne mais nous avons réussi à faire un rapide et sale et avons repris la route en quinze minutes.
sentence2phrase.test-idiomatic-193-2,conduire à nouveau après avoir réparé la voiture cassée
sentence2phrase.test-idiomatic-194-1,Ce frigo est commun et de jardin mais il fonctionne bien.
sentence2phrase.test-idiomatic-194-2,conservation des aliments par réfrigération
sentence2phrase.test-idiomatic-195-1,Je me sens un peu décoloré aujourd'hui.
sentence2phrase.test-idiomatic-195-2,le sentiment instinctif qu'elle mentait
sentence2phrase.test-idiomatic-196-1,Je pense qu'elle pardonnera une erreur accidentelle  alors ne vous inquiétez pas trop des erreurs de langage.
sentence2phrase.test-idiomatic-196-2,indulgence envers les erreurs d'un orateur
sentence2phrase.test-idiomatic-197-1,Nous pouvons fabriquer une pièce spécialisée pour vous  mais un produit standard coûtera probablement moins cher.
sentence2phrase.test-idiomatic-197-2,produit sur mesure
sentence2phrase.test-idiomatic-198-1,Les personnes en deuil ont quitté les funérailles le cœur lourd et silencieuses.
sentence2phrase.test-idiomatic-198-2,cérémonie funéraire
sentence2phrase.test-idiomatic-199-1,Après avoir réussi l’examen du barreau  elle deviendra avocate à part entière.
sentence2phrase.test-idiomatic-199-2,avocats et théories juridiques
sentence2phrase.test-idiomatic-200-1,Ce type avait une idée un peu farfelue pour devenir riche en bourse.
sentence2phrase.test-idiomatic-200-2,ouvrir un compte courant dans une banque
sentence2phrase.test-idiomatic-201-1,Dans le cadre de l'enseignement de la conduite automobile  on enseignait aux étudiants à conduire des voitures à trois sur l'arbre  mais désormais  les voitures sont toutes équipées d'une transmission automatique.
sentence2phrase.test-idiomatic-201-2,changements dans les leçons de conduite depuis la transmission automatique
sentence2phrase.test-idiomatic-202-1,Cette chanson est vraiment nul.
sentence2phrase.test-idiomatic-202-2,une chanson terrible
sentence2phrase.test-idiomatic-203-1,La guerrière aperçut une fissure dans l'armure de son ennemi et pointa sa lance en conséquence.
sentence2phrase.test-idiomatic-203-2,vaincre les concurrents commerciaux en identifiant leurs faiblesses
sentence2phrase.test-idiomatic-204-1,C'est un mauvais système  car si l'on veut faire telle ou telle chose  il faut d'abord trouver cette fonction dans une liste longue et désordonnée.
sentence2phrase.test-idiomatic-204-2,système mal conçu et long pour trouver une fonction
sentence2phrase.test-idiomatic-205-1,Dans son sermon  le pasteur n’a pas essayé de blanchir les péchés de son église.
sentence2phrase.test-idiomatic-205-2,me fait grimper au mur avec cette musique
sentence2phrase.test-idiomatic-206-1,Après que ses collègues se soient moqués de sa dernière suggestion  il a hésité à faire une autre suggestion.
sentence2phrase.test-idiomatic-206-2,pression négative des pairs
sentence2phrase.test-idiomatic-207-1,Le théâtre aime présenter des chanteurs et comédiens émergents.
sentence2phrase.test-idiomatic-207-2,grande pause pour les artistes du théâtre
sentence2phrase.test-idiomatic-208-1,Les escroqueries par courrier électronique visant à devenir riche rapidement sont en augmentation.
sentence2phrase.test-idiomatic-208-2,te pavaner dans ton nouveau jean
sentence2phrase.test-idiomatic-209-1,Oubliez ce petit escroc. Trouvez-vous un vrai avocat.
sentence2phrase.test-idiomatic-209-2,étiquette non professionnelle dans la salle d'audience
sentence2phrase.test-idiomatic-210-1,Sur 50 personnes qui ont déclaré qu'elles seraient présentes  nous n'avons eu que trois non-présentations.
sentence2phrase.test-idiomatic-210-2,une fréquentation presque complète
sentence2phrase.test-idiomatic-211-1,Nous devons à un petit groupe de lanceurs d’alerte courageux que nous connaissions les infractions.
sentence2phrase.test-idiomatic-211-2,faits révélés par des lanceurs d’alerte héroïques
sentence2phrase.test-idiomatic-212-1,Son essai était une copie mot pour mot d’un essai publié sur Internet.
sentence2phrase.test-idiomatic-212-2,étudiant utilisant Internet pour ses devoirs
sentence2phrase.test-idiomatic-213-1,Elle pourrait s'offusquer si un Johnny arrivé récemment pense qu'il peut faire un meilleur travail.
sentence2phrase.test-idiomatic-213-2,offense aux ambitions d'un jeune parvenu
sentence2phrase.test-idiomatic-214-1,Sa disparition le jour de l'audition n'était qu'une échappatoire.
sentence2phrase.test-idiomatic-214-2,des excuses pour disparaître au lieu d'auditionner
sentence2phrase.test-idiomatic-215-1,La circulation a été interrompue sur des kilomètres en raison d'un carambolage de douze voitures sur l'autoroute plus tôt dans la journée.
sentence2phrase.test-idiomatic-215-2,embouteillage sur autoroute dû à un carambolage de plusieurs voitures
sentence2phrase.test-idiomatic-216-1,Je ne pense pas qu'une solution à l'emporte-pièce fonctionnera dans tous les cas.
sentence2phrase.test-idiomatic-216-2,correctifs disponibles dans le commerce
sentence2phrase.test-idiomatic-217-1,Nous n'avons que 30 minutes au stade  je vais donc vous faire une visite guidée.
sentence2phrase.test-idiomatic-217-2,voir seulement les points forts
sentence2phrase.test-idiomatic-218-1,Ce crayon des systèmes ne me dira pas ce que je ne peux pas faire.
sentence2phrase.test-idiomatic-218-2,ignorer les ordres d'un officier
sentence2phrase.test-idiomatic-219-1,Les yeux de ma sœur étaient pleins de poussière d'étoiles et elle passait des heures paresseusement à planifier sa vie future lorsqu'elle ferait sa grande percée dans les films.
sentence2phrase.test-idiomatic-219-2,rêver irréaliste du succès hollywoodien
sentence2phrase.test-idiomatic-220-1,Après avoir vu toutes les publicités  le spectacle lui-même était plutôt décevant.
sentence2phrase.test-idiomatic-220-2,un spectacle décevant
sentence2phrase.test-idiomatic-221-1,Il est toujours en fuite lorsqu'il y a un travail dur à accomplir.
sentence2phrase.test-idiomatic-221-2,éviter de travailler dur quand cela apparaît
sentence2phrase.test-idiomatic-222-1,L'apparition du célèbre acteur dans le court métrage est peu connue.
sentence2phrase.test-idiomatic-222-2,juste la pointe de l'iceberg
sentence2phrase.test-idiomatic-223-1,Nous n'avons pas beaucoup d'argent  mais nous pouvons au moins payer certaines de ces factures de change.
sentence2phrase.test-idiomatic-223-2,payer d'abord les petites factures
sentence2phrase.test-idiomatic-224-1,Les enfants ne devraient pas se curer le nez.
sentence2phrase.test-idiomatic-224-2,un changement de rythme par rapport à ce climat froid
sentence2phrase.test-slang-225-1,Cette musique mord vraiment.
sentence2phrase.test-slang-225-2,toutes les basses et pas de paroles
sentence2phrase.test-slang-226-1,Un cochon enracine la terre pour trouver des truffes.
sentence2phrase.test-slang-226-2,truffes au chocolat chères
sentence2phrase.test-slang-227-1,Laisser les blancs avoir trois reines supplémentaires briserait les échecs.
sentence2phrase.test-slang-227-2,les règles des échecs
sentence2phrase.test-slang-228-1,Cet arbitre est une jauge droite.
sentence2phrase.test-slang-228-2,apprendre les règles des échecs
sentence2phrase.test-slang-229-1,Quand allons-nous manger ?
sentence2phrase.test-slang-229-2,le rapport pour toutes les personnes présentes à la réunion
sentence2phrase.test-slang-230-1,Je manque de peinture pour mon marqueur.
sentence2phrase.test-slang-230-2,plusieurs faiseurs de pluie parmi ses conseillers
sentence2phrase.test-slang-231-1,Une câpre anglaise américaine.
sentence2phrase.test-slang-231-2,un mystère international
sentence2phrase.test-slang-232-1,C'est un vélo astucieux : il a toutes sortes de fonctionnalités !
sentence2phrase.test-slang-232-2,vélo élégant avec toutes les fonctionnalités
sentence2phrase.test-slang-233-1,Pourquoi tu traînes avec ce nerd ?
sentence2phrase.test-slang-233-2,moqueries adolescentes de nerds
sentence2phrase.test-slang-234-1,Tyra a dit de prendre la pose et de la rendre féroce.
sentence2phrase.test-slang-234-2,Tyra Banks  le mannequin
sentence2phrase.test-slang-235-1,Son dernier roman était très torride  mais a quand même réussi à figurer en tête des charts.
sentence2phrase.test-slang-235-2,brûlant hors des presses
sentence2phrase.test-slang-236-1,Il a vendu son entreprise il y a quelques années et vient tout juste d'être rechargé.
sentence2phrase.test-slang-236-2,une énorme richesse en vendant son entreprise
sentence2phrase.test-slang-237-1,Mon copain est un si bon pasteur !
sentence2phrase.test-slang-237-2,s'embrasser en public
sentence2phrase.test-slang-238-1,Il était furieux que la voiture lui ait coupé la route  il lui a fallu près d'une demi-heure pour se calmer.
sentence2phrase.test-slang-238-2,rage au volant
sentence2phrase.test-slang-239-1,Le lieu de location de vidéos n'avait pas le film que je recherchais  mais j'ai réussi à le télécharger en torrent.
sentence2phrase.test-slang-239-2,télécharger un film par torrent après ne pas l'avoir trouvé en magasin
sentence2phrase.test-slang-240-1,Pourquoi tu as une belle gueule  mon garçon.
sentence2phrase.test-slang-240-2,verdict unanime
sentence2phrase.test-slang-241-1,Tu m'énerves putain !
sentence2phrase.test-slang-241-2,tous les soirs après le travail
sentence2phrase.test-slang-242-1,Mec  tu me déranges.
sentence2phrase.test-slang-242-2,derrière le centre commercial le week-end
sentence2phrase.test-slang-243-1,Cette voiture peut tourner en un rien de temps.
sentence2phrase.test-slang-243-2,rayon de braquage
sentence2phrase.test-slang-244-1,Le plombier a dû retirer toute la saleté du drain.
sentence2phrase.test-slang-244-2,un plombier nettoie mon drain sale
sentence2phrase.test-slang-245-1,Les caractéristiques des Wapanais peuvent inclure une obsession pour les dessins animés ou les arts martiaux  ou une utilisation occasionnelle inappropriée ou incorrecte de mots japonais.
sentence2phrase.test-slang-245-2,offense au mot Wapanese
sentence2phrase.test-slang-246-1,Mon appartement est tellement ghetto que les rats et les cafards ont porté plainte auprès de la ville !
sentence2phrase.test-slang-246-2,toit qui fuit et murs moisis
sentence2phrase.test-slang-247-1,J'ai un basket Jones !
sentence2phrase.test-slang-247-2,pas de jeux de ballon
sentence2phrase.test-slang-248-1,Il savait qu'il avait été fouetté lorsqu'il avait refusé un match de football pour qu'ils puissent acheter du linge de maison.
sentence2phrase.test-slang-248-2,refuser des événements sociaux parce qu'il est sous la coupe de sa petite amie
sentence2phrase.test-slang-249-1,Avez-vous déjà chronométré ce match ?
sentence2phrase.test-slang-249-2,un jeu de Monopoly sans fin
sentence2phrase.test-slang-250-1,Nous avons télégraphié la maison du suspect.
sentence2phrase.test-slang-250-2,enregistrements d'actes criminels
sentence2phrase.test-slang-251-1,Il était si bruyant que je lui ai dit de boucher le bouchon.
sentence2phrase.test-slang-251-2,calmer un individu bruyant
sentence2phrase.test-slang-252-1,Elle était mignonne  mais tous ses amis étaient brisés.
sentence2phrase.test-slang-252-2,la présence d'amis peu attrayants
sentence2phrase.test-slang-253-1,Son discours n’avait aucun courage.
sentence2phrase.test-slang-253-2,manque d'enthousiasme dans un discours
sentence2phrase.test-slang-254-1,La mise en page de la prose était écrite  professionnelle et bien conçue.
sentence2phrase.test-slang-254-2,une organisation de prose bien conçue
sentence2phrase.test-slang-255-1,Je pense que John a un peu de sucre en lui.
sentence2phrase.test-slang-255-2,la vieille école à classe unique de l'Ouest
sentence2phrase.test-slang-256-1,Ella a sorti une bouteille d'eau du réfrigérateur avant de partir faire son jogging.
sentence2phrase.test-slang-256-2,un cadeau quand il a pris sa retraite
sentence2phrase.test-slang-257-1,Puis-je avoir une boîte de bonbons pour être un bon garçon ?
sentence2phrase.test-slang-257-2,le babillard électronique
sentence2phrase.test-slang-258-1,Je ne sais pas si je pourrai un jour faire confiance à un Gloryholer  leur besoin d'anonymat est tellement vague pour moi.
sentence2phrase.test-slang-258-2,mal à l'aise à cause des pratiques sexuelles anonymes
sentence2phrase.test-slang-259-1,Le vent souleva sa jupe et je l'aperçus en bas.
sentence2phrase.test-slang-259-2,un regard fugace et voyeuriste dû à une rafale opportune
sentence2phrase.test-slang-260-1,Il est difficile de croire qu'elle puisse être sans rendez-vous un samedi soir.
sentence2phrase.test-slang-260-2,se démener
sentence2phrase.test-slang-261-1,Nous avons claqué la voiture hier soir !
sentence2phrase.test-slang-261-2,caoutchouc de pneu brûlé
sentence2phrase.test-slang-262-1,Hé mec  fais-moi une blague quand tu veux qu'on vienne te chercher.
sentence2phrase.test-slang-262-2,soulever des charges lourdes
sentence2phrase.test-slang-263-1,Si vous comptez essayer de m'envoyer sur le compte Petermann  continuez à rêver.
sentence2phrase.test-slang-263-2,saboter ma campagne pour le compte
sentence2phrase.test-slang-264-1,C'était un avorton tronqué  juste un petit gars  mais il mettait tellement d'attitude dans ce petit paquet que personne n'allait rien en faire.
sentence2phrase.test-slang-264-2,les grandes choses qui viennent dans de petits paquets
sentence2phrase.test-slang-265-1,C'est un portier sérieux.
sentence2phrase.test-slang-265-2,un gros videur
sentence2phrase.test-slang-266-1,Nous avons raté une opportunité d’obtenir un parrainage d’entreprise inoffensif.
sentence2phrase.test-slang-266-2,opportunités gâchées
sentence2phrase.test-slang-267-1,Il a été mis en bouteille dans une discothèque et a dû subir une opération au visage.
sentence2phrase.test-slang-267-2,fracassé au visage avec une bouteille
sentence2phrase.test-slang-268-1,Il a tiré neuf du paquet.
sentence2phrase.test-slang-268-2,tirer des cartes d'un jeu
sentence2phrase.test-slang-269-1,Je fais toujours cuire mes fragments  au cas où ils essaieraient d'en attraper un et de le jeter.
sentence2phrase.test-slang-269-2,chronométrer les lancers de grenades pour éviter les représailles
sentence2phrase.test-slang-270-1,Le type qui m'a arnaqué était un bon lanceur.
sentence2phrase.test-slang-270-2,vendeur de voitures d'occasion louche
sentence2phrase.test-slang-271-1,Je m'y connais en physique nucléaire.
sentence2phrase.test-slang-271-2,manque de connaissances en physique nucléaire
sentence2phrase.test-slang-272-1,Il s'est complètement fait piéger hier soir.
sentence2phrase.test-slang-272-2,l'ivresse totale de la nuit dernière
sentence2phrase.test-slang-273-1,Il a pris un énorme bogart du joint avant de finalement le transmettre.
sentence2phrase.test-slang-273-2,les cryptolectes des voleurs et des vagabonds de Londres
sentence2phrase.test-slang-274-1,J'ai besoin d'une nouvelle paire de rancunes.
sentence2phrase.test-slang-274-2,bottes hautes
sentence2phrase.test-slang-275-1,Les rediffusions télévisées sont souvent boiteuses.
sentence2phrase.test-slang-275-2,rediffusions télévisées ennuyeuses
sentence2phrase.test-slang-276-1,Arrêtez de parler de cordonniers.
sentence2phrase.test-slang-276-2,dire des bêtises
sentence2phrase.test-slang-277-1,On entend le couple cogner à l'étage.
sentence2phrase.test-slang-277-2,cet oiseau là-bas
sentence2phrase.test-slang-278-1,Je n'arrive pas à croire qu'il ait bu trois bières.
sentence2phrase.test-slang-278-2,incrédulité à l'idée d'avoir bu trois bières
sentence2phrase.test-slang-279-1,J'ai peut-être l'air mauvais  mais tu as l'air digne.
sentence2phrase.test-slang-279-2,graissé par l'argent de la mafia
sentence2phrase.test-slang-280-1,Mec  j'ai été complètement grillé par l'herbe à la fête de Chad.
sentence2phrase.test-slang-280-2,j'ai faim d'avoir autant fumé à la fête
sentence2phrase.test-slang-281-1,Le travail de réparation sommaire ne semblait pas tenir.
sentence2phrase.test-slang-281-2,travaux de réparation de vérandas
sentence2phrase.test-slang-282-1,Elle lit à un très bon moment.
sentence2phrase.test-slang-282-2,lecture rapide
sentence2phrase.test-slang-283-1,Quand il boit trop  c'est une boule de gomme.
sentence2phrase.test-slang-283-2,bêtise due à la consommation d'alcool
sentence2phrase.test-slang-284-1,Hé  si vous avez un petit creux  il y a des bonbons infernaux dans le placard.
sentence2phrase.test-slang-284-2,d'énormes quantités de bonbons chez moi
sentence2phrase.test-slang-285-1,Cette chanson est un extrait de ma chanson !
sentence2phrase.test-slang-285-2,échantillonnage de musique
sentence2phrase.test-slang-286-1,J'ai un petit creux.
sentence2phrase.test-slang-286-2,bol de céréales
sentence2phrase.test-slang-287-1,Je ne veux pas acheter de pinceaux blimming  alors partez gentiment !
sentence2phrase.test-slang-287-2,pinceaux pour cheveux ou pour toile
sentence2phrase.test-slang-288-1,Des brochets ont mordu mon vélo.
sentence2phrase.test-slang-288-2,des épaves volent mon vélo
sentence2phrase.test-slang-289-1,Cela me dérange vraiment quand les gens fument dans les restaurants.
sentence2phrase.test-slang-289-2,infraction à la fumée secondaire dans les lieux publics
sentence2phrase.test-slang-290-1,S'il continue à faire des choses comme ça  il finira sûrement dans le pétrin.
sentence2phrase.test-slang-290-2,se faire prendre en train de faire une activité illégale
sentence2phrase.test-slang-291-1,Cette cravate est un peu ringarde  tu ne trouves pas ?
sentence2phrase.test-slang-291-2,cravate hideuse
sentence2phrase.test-slang-292-1,Le patron m'a engueulé parce que je suis arrivé en retard.
sentence2phrase.test-slang-292-2,site où vous pouvez personnaliser votre blog
sentence2phrase.test-slang-293-1,Avez-vous acheté des billets pour le concert ?
sentence2phrase.test-slang-293-2,billets de concert épuisés
sentence2phrase.test-slang-294-1,J'en avais marre de ses attaques à la traîne et ad hominem  alors je l'ai attaqué.
sentence2phrase.test-slang-294-2,riposter après avoir écouté des attaques verbales incessantes
sentence2phrase.test-slang-295-1,Comme je l'ai dit  c'est une question assez noobish  mais si quelqu'un pouvait m'indiquer une solution de contournement à ce problème  ce serait très apprécié.
sentence2phrase.test-slang-295-2,portes ou bancs de parc
sentence2phrase.test-slang-296-1,Je m'en foutais d'elle.
sentence2phrase.test-slang-296-2,romantiques désespérés amoureux
sentence2phrase.test-slang-297-1,Vous pouvez fromager la majeure partie du jeu en utilisant certains exploits.
sentence2phrase.test-slang-297-2,interdire les tricheurs dans les jeux en ligne
sentence2phrase.test-slang-298-1,Il y a du monde ici.
sentence2phrase.test-slang-298-2,rempli de monde
sentence2phrase.test-slang-299-1,Nous sifflions dans les buissons.
sentence2phrase.test-slang-299-2,se balader
sentence2phrase.test-travel-300-1,Il souleva une révolte à Sfakiá  mais le soutien n'arriva jamais.
sentence2phrase.test-travel-300-2,une révolte non soutenue à Sfakia
sentence2phrase.test-travel-301-1,Top Sail Yacht Cruises emmène de petits groupes depuis le British Colonial Beach Dock vers des endroits comme Rose Island.
sentence2phrase.test-travel-301-2,voyager en yacht jusqu'à l'Île Rose
sentence2phrase.test-travel-302-1,La plupart des visiteurs de la Costa del Sol ne prévoient pas d'activités diurnes plus énergiques que le farniente sur la plage  et gardent leur énergie pour la vie nocturne.
sentence2phrase.test-travel-302-2,une heure sur la route à péage rapide Route 22
sentence2phrase.test-travel-303-1,Une route escarpée en zigzag descend jusqu'au lac : Bemos et motojockeys sont prêts à emmener n'importe qui sans moyen de transport jusqu'à Kedisan  un village au bord du lac où vous trouverez quelques modestes familles d'accueil.
sentence2phrase.test-travel-303-2,bemos transportant les touristes sur une route sinueuse et escarpée
sentence2phrase.test-travel-304-1,Il y en a vingt et un dans la salle 14 et neuf dans la salle 15  représentant les énigmatiques Minoens au travail et dans leurs loisirs  ainsi que leurs principales influences : le taureau  d'autres animaux et l'environnement marin.
sentence2phrase.test-travel-304-2,ses intérieurs colorés
sentence2phrase.test-travel-305-1,Avec peu de terres arides sur lesquelles construire  il est difficile de comprendre exactement pourquoi un petit groupe de colons a choisi cet endroit peu prometteur.
sentence2phrase.test-travel-305-2,un endroit difficile pour fonder une ville
sentence2phrase.test-travel-306-1,Bien que le lit de la rivière soit ici presque perpétuellement à sec  la ville a la chance d'avoir une nappe phréatique élevée.
sentence2phrase.test-travel-306-2,un lit de rivière constamment stérile avec une nappe phréatique élevée
sentence2phrase.test-travel-307-1,Un autre endroit animé est la place Xinhua  où la moitié de la ville semble faire de l'exercice et jouer avant le travail  revenant chaque soir pour goûter aux kebabs et autres plats musulmans proposés par des dizaines de stands de nourriture.
sentence2phrase.test-travel-307-2,Des spécialités musulmanes comme les kebabs
sentence2phrase.test-travel-308-1,Même si la Réforme et le luthérisme ont eu un impact sur la Pologne  le pays a largement évité les guerres de religion dévastatrices qui ont fait rage ailleurs en Europe.
sentence2phrase.test-travel-308-2,La Pologne évite les conflits religieux liés à la Réforme et aux mouvements ultérieurs
sentence2phrase.test-travel-309-1,Boadas (c/ dels Taller  1) est un bar à cocktails qui ressemble à un décor de cinéma pour un tournage de La Havane des années 40.
sentence2phrase.test-travel-309-2,un bar à cocktails au style cubain des années 40
sentence2phrase.test-travel-310-1,Depuis que la démocratie grecque a été rétablie en 1975  après la dictature militaire  c'est comme si la population aimait encore plus son pays.
sentence2phrase.test-travel-310-2,la restauration de la démocratie grecque dans les années 70
sentence2phrase.test-travel-311-1,Il y a des vues magnifiques d'ici (si le temps le permet - ce qui n'est pas le cas la plupart du temps)  y compris le Roque de los Muchachos et le monolithique Roque Idafe  qui aurait été l'autel sacré des premiers indigènes Guanches de l'île.
sentence2phrase.test-travel-311-2,le premier autel Guanche de l'île
sentence2phrase.test-travel-312-1,Il se divise soigneusement en cinq domaines clés.
sentence2phrase.test-travel-312-2,chaque zone contenant une flore et une faune différentes
sentence2phrase.test-travel-313-1,La ville offre certains des vestiges archéologiques les plus fascinants et les plus séduisants au monde  mais ceux qui la visitent au 21e siècle découvrent que la ville moderne travaille dur pour être à la hauteur du passé.
sentence2phrase.test-travel-313-2,difficulté à être à la hauteur de l'importance historique importante d'une ville
sentence2phrase.test-travel-314-1,Actuellement  il est ouvert uniquement aux invités du Four Seasons ou aux membres d’autres clubs de golf munis d’une lettre d’introduction.
sentence2phrase.test-travel-314-2,un magnifique 7ème green avec un piège à sable tout aussi mortel
sentence2phrase.test-travel-315-1,Enfin  en 1908  le roi Carlos et son fils aîné  Luís Filipe  furent assassinés alors qu'ils traversaient en calèche découverte la Praça do Comércio (voir page 31) à Lisbonne.
sentence2phrase.test-travel-315-2,l'assassinat de Lisbonne 1908
sentence2phrase.test-travel-316-1,Chaque village en organise un à un moment donné au cours de l’année  vous aurez donc certainement l’occasion d’y participer.
sentence2phrase.test-travel-316-2,fêtes de village
sentence2phrase.test-travel-317-1,Cette partie de Cancún possède la mer la plus calme pour la baignade et la plongée en apnée  située à l'abri d'Isla Mujeres  juste au large.
sentence2phrase.test-travel-317-2,poissons tropicaux colorés dans les récifs voisins
sentence2phrase.test-travel-318-1,Il abrite également la gamme d'animaux la plus éclectique  notamment des gorilles  des chimpanzés  des tigres  des jaguars  des alligators  des lions de mer  des dauphins et de nombreuses autres créatures  exposés dans des espaces conçus avec soin et créativité.
sentence2phrase.test-travel-318-2,un zoo avec un assortiment amusant d'animaux sauvages
sentence2phrase.test-travel-319-1,Caractéristique des plus belles œuvres de l’architecte de Vancouver  le bâtiment est conçu horizontalement  avec seulement sept étages de haut  mais reste toujours l’élément dominant parmi les gratte-ciel qui le surplombent.
sentence2phrase.test-travel-319-2,un immeuble imposant de sept étages  même en présence des gratte-ciel environnants de Vancouver
sentence2phrase.test-travel-320-1,Superbe plage  lagon de baignade  plongée en apnée en toute sécurité  animaux  équitation  tortues  rivière souterraine  danses mayas  que demander de plus ?.
sentence2phrase.test-travel-320-2,le flanc Est du site de l'Agora
sentence2phrase.test-travel-321-1,Dirigez-vous vers le port et la grande Plaza del Ayuntamiento en front de mer.
sentence2phrase.test-travel-321-2,moins bâti et frénétique que Torremolinos
sentence2phrase.test-travel-322-1,De vieilles façades sobres cachent des cours pittoresques et il y a une demi-douzaine de places  chacune abritant une vieille église en ruine et toujours en activité.
sentence2phrase.test-travel-322-2,vieilles églises sur une demi-douzaine de places dans toute la ville
sentence2phrase.test-travel-323-1,Tout cela est très difficile  avec des fairways étroits  des greens surélevés  des seconds coups aveugles et des vents contraires sur des promontoires abrupts.
sentence2phrase.test-travel-323-2,un parc de 12 300 acres (4 998 hectares)
sentence2phrase.test-travel-324-1,Au parc culturel ethnique chinois (Beichan Lu  sur le quatrième périphérique)  des représentants costumés des 55 minorités chinoises vivent dans des villages modèles et organisent des spectacles culturels.
sentence2phrase.test-travel-324-2,ambassadeurs des cinquante-cinq minorités de Chine  vêtus de costumes traditionnels
sentence2phrase.test-travel-325-1,Les hôtels ici vous offrent des équipements de cuisine pour tous les poissons que vous – ou un voisin généreux – pourriez attraper.
sentence2phrase.test-travel-325-2,pêche en haute mer
sentence2phrase.test-travel-326-1,Du côté est de la Plaza San José se trouvent deux bâtiments importants.
sentence2phrase.test-travel-326-2,les plans d'étage (en couleurs)
sentence2phrase.test-travel-327-1,L'église protestante de Sanyi  construite par les Britanniques en 1904  est également active.
sentence2phrase.test-travel-327-2,une église protestante active
sentence2phrase.test-travel-328-1,Il n’y a aucune ligne droite nulle part dans le bâtiment – ​​les courbes graduées créent simplement l’illusion de la verticale et de l’horizontale.
sentence2phrase.test-travel-328-2,stabilité structurelle maintenue grâce à des tiges de tension cachées
sentence2phrase.test-travel-329-1,C’est aussi le plus jeune fort de l’île  construit au XVIIIe siècle pour boucher une brèche dans les défenses est de la ville.
sentence2phrase.test-travel-329-2,forces de défense insulaires
sentence2phrase.test-travel-330-1,Les nationalistes reprennent la ville après la capitulation japonaise en 1945.
sentence2phrase.test-travel-330-2,dépourvu de vie marine
sentence2phrase.test-travel-331-1,Nourrir les requins et les tortues est très amusant  et comme le trou est rond et petit  les enfants peuvent se rapprocher de l'action.
sentence2phrase.test-travel-331-2,enfants dans la zone d'observation de l'aquarium
sentence2phrase.test-travel-332-1,Chaque quartier de la vieille ville — Barri Gòtic  La Ribera  Las Ramblas — et le quartier de l'Eixample peuvent être parcourus lors d'une visite à pied.
sentence2phrase.test-travel-332-2,une visite à pied des quartiers du vieux quartier
sentence2phrase.test-travel-333-1,La brochure en anglais est très utile  donnant des informations générales sur la géologie et la géomorphologie  la flore et la faune  des conseils utiles sur le camping ainsi qu'un diagramme en couleurs très utile des possibilités de randonnée.
sentence2phrase.test-travel-333-2,des sentiers de randonnée qui s'étendent sur des kilomètres dans la nature
sentence2phrase.test-travel-334-1,Sa teneur en alcool de 18 pour cent peut vous surprendre.
sentence2phrase.test-travel-334-2,surprenant 36 preuves
sentence2phrase.test-travel-335-1,Fondée en 1692  elle porte le nom d'un parent de Juan Ponce de León  et non du célèbre explorateur lui-même.
sentence2phrase.test-travel-335-2,la fondation de la ville en 1692
sentence2phrase.test-travel-336-1,Il suffit de chercher les immenses navires de croisière qui éclipsent les bâtiments environnants.
sentence2phrase.test-travel-336-2,navires de croisière massifs
sentence2phrase.test-travel-337-1,De petits trains motorisés transportent les visiteurs vers les usines de distillation et d'embouteillage.
sentence2phrase.test-travel-337-2,visiter la distillerie et les installations d'embouteillage
sentence2phrase.test-travel-338-1,Ils ont construit une nouvelle section du mur s’étendant sur 630 km (390 miles) juste au nord de Pékin comme tampon massif et système d’alerte précoce contre les envahisseurs venant du nord.
sentence2phrase.test-travel-338-2,les invasions mongoles au XIIIe siècle
sentence2phrase.test-travel-339-1,Au XVIIe siècle  les Jésuites  dirigés par Matteo Ricci  ont eu une profonde influence non pas tant sur la religion chinoise (ils ont fait peu de convertis parmi les Pékinois) que sur la science  les mathématiques  l’astronomie  l’art  la médecine et d’autres formes de connaissances qui n’avaient jamais été imprégnées d’idées occidentales en Chine.
sentence2phrase.test-travel-339-2,le golf le plus au sud
sentence2phrase.test-travel-340-1,La Bildergalerie royale (galerie d'images) a été conçue pour abriter la vaste collection de peintures de Frédéric le Grand réalisées par des maîtres tels que le Caravage et Rubens.
sentence2phrase.test-travel-340-2,le pillage d'œuvres précieuses par les troupes allemandes
sentence2phrase.test-travel-341-1,On se souvient de l'événement sous le nom d'El Grito de Lares (le cri de Lares).
sentence2phrase.test-travel-341-2,la première grande révolte
sentence2phrase.test-travel-342-1,L’une des meilleures façons d’explorer l’arrière-pays  notamment dans les parcs nationaux et provinciaux  est de louer une maison mobile ou un camping-car confortablement équipé.
sentence2phrase.test-travel-342-2,la station-service la plus proche à une centaine de kilomètres
sentence2phrase.test-travel-343-1,Vous pouvez également voir des artisans travailler sur le tour de potier  produisant des articles en cuir (comme des selles et des brides décorées) et des meubles.
sentence2phrase.test-travel-343-2,pots en argile disponibles dans la boutique de cadeaux voisine
sentence2phrase.test-travel-344-1,Arrêtez-vous à Twin Peaks (la route pour y arriver commence près de l'extrémité sud de Market Street) pour une excellente vue panoramique sur la ville et la baie  puis garez la voiture  enfilez une paire de chaussures de marche confortables et empruntez le système de transports en commun de première classe de la ville (voir page 120).
sentence2phrase.test-travel-344-2,un panorama époustouflant sur la ville et la baie depuis Twin Peaks
sentence2phrase.test-travel-345-1,Au bout de cette rue s'élève un grand vitrail d'église sans verre.
sentence2phrase.test-travel-345-2,parallèles du design gothique
sentence2phrase.test-travel-346-1,Le long de la Rua Machado dos Santos se trouve la belle Igreja de Nossa Senhora da Conceição  située au sommet d'une petite colline et de marches inclinées.
sentence2phrase.test-travel-346-2,l'église de Nossa Senhora da Conceição
sentence2phrase.test-travel-347-1,De nombreux visiteurs  en particulier ceux qui n'ont que quelques heures à perdre  ne vont pas plus loin que les magasins de Nassau : faire les meilleures affaires peut être épuisant.
sentence2phrase.test-travel-347-2,incorporant des styles d’art populaire hongrois
sentence2phrase.test-travel-348-1,L'Englischer Garten (à côté de l'Altonaer Straße)  financé par des dons britanniques  a été aménagé par la Shropshire Horticultural Society et fait partie du terrain du Schloß Bellevue.
sentence2phrase.test-travel-348-2,un jardin financé par les Britanniques à l'intérieur du Schloß Bellevue
sentence2phrase.test-newswire-349-1,Le roi pourrait être élu pour une durée déterminée parmi les députés finlandais les plus méritants !
sentence2phrase.test-newswire-349-2,élire un roi finlandais parmi les députés européens
sentence2phrase.test-newswire-350-1,Ceux d’entre nous qui défendent les valeurs européennes dans un pays eurosceptique bénéficient désormais d’arguments supplémentaires en faveur de l’UE  à savoir une protection plus efficace de la vie privée  ce qui est important pour les citoyens d’une société moderne.
sentence2phrase.test-newswire-350-2,l'environnement urbain
sentence2phrase.test-newswire-351-1,Le retard dans la publication des conclusions écrites - qui ne sont toujours pas officiellement disponibles  quatre jours plus tard - illustre bien la difficulté de rédiger clairement des décisions prises dans la confusion.
sentence2phrase.test-newswire-351-2,quelques explications de votes
sentence2phrase.test-newswire-352-1,Du point de vue de la commission juridique et du marché intérieur  ce que je voudrais souligner  c'est qu'en réalité  nous ne pouvons traiter de manière égale que ce qui est égal.
sentence2phrase.test-newswire-352-2,différences dans les modifications proposées
sentence2phrase.test-newswire-353-1,Le lieutenant Scotty Smither  pompier du comté  a été frappé par la foudre.
sentence2phrase.test-newswire-353-2,décharge électrostatique
sentence2phrase.test-newswire-354-1,Nous avons constaté que lorsque des plaintes arrivaient  ils les passaient par scanner et les envoyaient ensuite à l'étranger.
sentence2phrase.test-newswire-354-2,centre d'appels offshore
sentence2phrase.test-newswire-355-1,Les produits de stockage  de mise en réseau et sans fil seront présents au salon.
sentence2phrase.test-newswire-355-2,salon des produits technologiques
sentence2phrase.test-newswire-356-1,Microsoft a présenté plusieurs options lors de la réunion  a indiqué le consortium dans le communiqué.
sentence2phrase.test-newswire-356-2,succès croissant d'Apple Inc
sentence2phrase.test-newswire-357-1,La CIA a déclaré lundi que les analystes de la voix et du son avaient conclu que Saddam était probablement l'orateur de l'enregistrement.
sentence2phrase.test-newswire-357-2,cassettes audio du président de l'Irak  Saddam
sentence2phrase.test-newswire-358-1,Il faut souligner que les minorités linguistiques  plutôt que de se laisser submerger par la mondialisation provoquée par Internet  ont découvert que celle-ci leur ouvrait de nouveaux horizons culturels et économiques.
sentence2phrase.test-newswire-358-2,une chute spectaculaire de la rapidité avec laquelle les projets ont été approuvés et les paiements effectués
sentence2phrase.test-newswire-359-1,Ce n'est pas très grave alors que l'expiration du Traité se profile à l'horizon  mais il serait inquiétant que le cadre juridique post-CECA maintienne la possibilité de prolonger de telles pratiques.
sentence2phrase.test-newswire-359-2,deux amendements proposés
sentence2phrase.test-newswire-360-1,Bien que la proposition visant à modifier la directive actuelle sur l'inspection des navires et le rapport Watts soient loin de répondre aux exigences réelles  ils constituent un pas dans la bonne direction et les députés européens du Parti communiste grec ont donc voté en faveur du rapport.
sentence2phrase.test-newswire-360-2,un vote au parlement grec
sentence2phrase.test-newswire-361-1,L'amendement 4 et une partie de l'amendement 18 relatif au point "K" ne sont pas acceptables.
sentence2phrase.test-newswire-361-2,amendements inacceptables
sentence2phrase.test-newswire-362-1,Son plan coûterait plus de 200 milliards de dollars par an  que Gephardt financerait en abrogeant les réductions d'impôts de Bush.
sentence2phrase.test-newswire-362-2,Un plan annuel de 200 milliards de dollars financé par les impôts
sentence2phrase.test-newswire-363-1,Un tiers des trains à grande vitesse circuleront en France  estime la Société Nationale des Chemins de Fer.
sentence2phrase.test-newswire-363-2,un tiers de la capacité opérationnelle des trains à grande vitesse français
sentence2phrase.test-newswire-364-1,Sa tâche principale est de fournir des conseils scientifiques  car le débat sur la sécurité alimentaire doit également être pur.
sentence2phrase.test-newswire-364-2,arguments infondés contre le législateur
sentence2phrase.test-newswire-365-1,Mais le règlement reporte également tout paiement aux investisseurs  potentiellement pendant des années  jusqu'à ce que les poursuites en valeurs mobilières contre les sociétés de courtage soient résolues.
sentence2phrase.test-newswire-365-2,brevet sur des livres d'apprentissage interactifs pour les tout-petits et les enfants d'âge préscolaire
sentence2phrase.test-newswire-366-1,Ce n'est jamais amusant d'être n°4  surtout si vous avez déjà été n°1"  a déclaré Williams.
sentence2phrase.test-newswire-366-2,collègues de télévision
sentence2phrase.test-newswire-367-1,L'ELF a revendiqué la responsabilité d'une série d'incendies criminels contre des entités commerciales qui  selon ses membres  menacent ou endommagent l'environnement.
sentence2phrase.test-newswire-367-2,des voitures brûlées lors d'incendies criminels
sentence2phrase.test-newswire-368-1,On peut donc déplorer que la proposition de la Commission n'ait pas repris l'idée de la création d'un organisme de surveillance européen sur le modèle des garde-côtes américains.
sentence2phrase.test-newswire-368-2,Les garde-côtes américains comme modèle pour les programmes de surveillance
sentence2phrase.test-newswire-369-1,(La séance  suspendue à 18h55  est reprise à 21 heures).
sentence2phrase.test-newswire-369-2,la suspension et la reprise de la séance
sentence2phrase.test-newswire-370-1,Monsieur le Président  en l'absence d'autres résultats  les maquignons de Nice ont au moins montré clairement les intentions des principaux acteurs de l'Union européenne.
sentence2phrase.test-newswire-370-2,la marge de croissance qui leur est offerte
sentence2phrase.test-newswire-371-1,Cela serait contraire au respect de l'identité nationale (article 6  paragraphe 3  du traité sur l'Union européenne).
sentence2phrase.test-newswire-371-2,sécurité et justice
sentence2phrase.test-newswire-372-1,Une nouvelle chanson du groupe de rock britannique The Rolling Stones intitulée « Sweet Neo Con » suscite une controverse à cause de ses paroles  très critiques à l'égard de l'administration Bush.
sentence2phrase.test-newswire-372-2,effort pour localiser les produits
sentence2phrase.test-newswire-373-1,Le nouvel accord financier ne sert à rien et je constate que la méfiance à l’égard des politiciens européens augmente.
sentence2phrase.test-newswire-373-2,une décision étonnante
sentence2phrase.test-newswire-374-1,Les scientifiques ont signalé un déclin de 90 pour cent des grands poissons prédateurs dans les océans du monde depuis un demi-siècle  une évaluation désastreuse qui a immédiatement suscité le scepticisme des pêcheurs commerciaux.
sentence2phrase.test-newswire-374-2,scepticisme des pêcheurs face au rapport scientifique sur les statistiques sur les poissons
sentence2phrase.test-newswire-375-1,C’était l’une des rares fois de ma vie où j’avais le sentiment que nous étions véritablement traités comme des Américains.
sentence2phrase.test-newswire-375-2,la façon dont les gens traitent les Américains
sentence2phrase.test-newswire-376-1,Objet : Taxe sur les transactions financières Les revendications se sont multipliées ces derniers mois en faveur d'une taxe sur la spéculation financière  avec la multiplication des commissions ATTAC (association pour une taxe sur les transactions financières et l'aide aux citoyens) en France et en Europe  ainsi que les amendements déposés à l'Assemblée nationale et au Sénat français.
sentence2phrase.test-newswire-376-2,propositions de taxes sur les transactions financières spéculatives dans les pays européens
sentence2phrase.test-newswire-377-1,Bush a déclaré dans un communiqué qu'il avait ordonné au département du Trésor américain d'agir à la suite de l'attentat suicide de mardi à Jérusalem  qui a tué 20 personnes.
sentence2phrase.test-newswire-377-2,dernière attaque dans le quartier multiculturel
sentence2phrase.test-newswire-378-1,Peck est décédé paisiblement à son domicile de Los Angeles tôt jeudi avec à ses côtés son épouse depuis 48 ans  Véronique.
sentence2phrase.test-newswire-378-2,mort paisible à côté de sa femme
sentence2phrase.test-newswire-379-1,Nous devons donc réfléchir à la manière de résoudre ce problème.
sentence2phrase.test-newswire-379-2,s'inquiéter des problèmes
sentence2phrase.test-newswire-380-1,Sept cadets de l'Académie de l'Air Force risquent d'être punis pour avoir bu avec deux lycéennes lors du dernier incident qui a embarrassé l'académie.
sentence2phrase.test-newswire-380-2,rapports antérieurs faisant état de réjouissances de la part des cadets
sentence2phrase.test-newswire-381-1,Quelles que soient les mesures techniques qui seront adoptées  l'une des raisons majeures de ce manque de sécurité persistera tant que la croissance exponentielle du trafic liée au surdéveloppement des ports de la mer du Nord ne sera pas équilibrée dans les zones de la Manche et de l'Atlantique Nord.
sentence2phrase.test-newswire-381-2,équilibre entre les espaces Manche et Nord Atlantique
sentence2phrase.test-newswire-382-1,Les prévisions variaient entre 16 cents par action et 27 cents par action  selon Thomson First Call.
sentence2phrase.test-newswire-382-2,interfaces utilisateur et éléments d'interface utilisateur
sentence2phrase.test-newswire-383-1,Le conseil enquête pour savoir si le manque de fonds dans le programme de navette a compromis la sécurité.
sentence2phrase.test-newswire-383-2,la sécurité de la navette spatiale compromise en raison d'un financement insuffisant
sentence2phrase.test-newswire-384-1,C’est une découverte époustouflante et qui renouvelle l’espoir du rétablissement de l’espèce.
sentence2phrase.test-newswire-384-2,modes académiques
sentence2phrase.test-newswire-385-1,Monsieur le Commissaire  je peux comprendre que vous ne souhaitiez pas revenir sur votre décision  même si dix États membres s'y opposent.
sentence2phrase.test-newswire-385-2,opposition de 10 Etats membres à la position du commissaire
sentence2phrase.test-newswire-386-1,Il n'existe aucune donnée indiquant que la situation des stations de réparation pose un problème de sécurité.
sentence2phrase.test-newswire-386-2,stockage de données en ligne
sentence2phrase.test-newswire-387-1,J'aime l'Église catholique de tout mon cœur  de tout mon esprit  de toute mon âme et de toute ma force  a-t-il déclaré.
sentence2phrase.test-newswire-387-2,musique en ligne légitime
sentence2phrase.test-newswire-388-1,Le discours d'Osborne a également déclaré que le gouvernement avait l'intention de poursuivre les réformes du système de protection sociale et d'exiger que ceux qui sont au chômage depuis plus de deux ans participent à des stages afin d'obtenir des allocations.
sentence2phrase.test-newswire-388-2,allocations de chômage
sentence2phrase.test-newswire-389-1,Le mécanisme existant de transposition des règles dans le droit communautaire doit être amélioré afin d'accroître la sécurité juridique et de surmonter sa lenteur actuelle.
sentence2phrase.test-newswire-389-2,améliorations nécessaires des processus juridiques pour convertir les règles en droit communautaire afin d'améliorer la rapidité et la certitude des décisions
sentence2phrase.test-newswire-390-1,Rapport (A5-0337/2000) de Mme Sauquillo Pérez del Arco  au nom de la commission du développement et de la coopération  sur l'efficacité des relations entre l'Union européenne et les pays en développement et l'impact de la réforme de la Commission sur ces relations [2000/2051(INI)].
sentence2phrase.test-newswire-390-2,relations entre l'Union européenne  les pays en développement et la Commission
sentence2phrase.test-newswire-391-1,Les actionnaires de Legato recevront 0 9 action d’EMC pour chaque action de Legato qu’ils possèdent.
sentence2phrase.test-newswire-391-2,cours des actions pour les actionnaires Legato
sentence2phrase.test-newswire-392-1,Le nombre total de plaintes contre Sallie Mae pour septembre de cette année est de 2 de moins qu'à la même période l'année dernière.
sentence2phrase.test-newswire-392-2,les plaintes contre Sallie Mae diminuent
sentence2phrase.test-newswire-393-1,Je pense que ce sera une déclaration de plus selon laquelle les personnes qui s'aiment et veulent vivre ensemble devraient pouvoir profiter des bénédictions et des conflits dans la relation conjugale.
sentence2phrase.test-newswire-393-2,couple nouvellement marié en lune de miel
sentence2phrase.test-newswire-394-1,Deux groupes de chercheurs ont identifié indépendamment la protéine responsable de la transmission du paludisme aux moustiques dans des études publiées dimanche dans la revue Nature.
sentence2phrase.test-newswire-394-2,les premières études montrant la protéine par laquelle le paludisme est transmis aux moustiques  publiées dans Nature
sentence2phrase.test-newswire-395-1,Mills a admis hier : « Nous avons commis quelques erreurs avec cet examen et c'est à nous de les identifier et de les corriger.
sentence2phrase.test-newswire-395-2,créer des applications intelligentes  connectées et riches en médias à Longhorn
sentence2phrase.test-newswire-396-1,L'absence de normes communes au sein de l'Union européenne a provoqué des situations de concurrence manifestement déloyale entre les aéroports et un manque d'égalité entre les citoyens des différents États membres.
sentence2phrase.test-newswire-396-2,manque de normes communes entre les États membres de l’UE
sentence2phrase.test-newswire-397-1,Le nouveau gadget serait desservi sur 14 routes reliant Hawaï aux États-Unis continentaux  à l'Asie et au Pacifique Sud.
sentence2phrase.test-newswire-397-2,vols de correspondance vers et depuis Hawaï
sentence2phrase.test-newswire-398-1,Nous souhaitons offrir nos plus sincères remerciements à tous ceux qui ont soutenu Wee W et qui seront impactés par cette annonce.
sentence2phrase.test-newswire-398-2,les raisons financières à l'origine de la fermeture du site
sentence2phrase.test-newswire-399-1,M. Blair et Jack Straw ont réfuté l'affirmation de Mme Short concernant la reconstruction de l'Irak.
sentence2phrase.test-newswire-399-2,le rejet des commentaires de Mme Short sur les efforts de reconstruction irakiens par Messieurs Blair et Straw
sentence2phrase.test-newswire-400-1,Je peux vous assurer que si un armateur envisage d'inscrire un navire sur ces registres  il devrait y réfléchir à deux fois après notre proposition.
sentence2phrase.test-newswire-400-2,offre à un armateur
sentence2phrase.test-newswire-401-1,Monsieur le Président de la Cour des comptes  pour ma part  je me réjouis chaleureusement du fait que vous ayez annoncé votre intention de préparer un rapport spécial  de réaliser un audit spécial sur ce sujet.
sentence2phrase.test-newswire-401-2,Audits IRS et évasion fiscale
sentence2phrase.test-newswire-402-1,Si le Conseil adoptait une position flexible  nous pourrions parvenir à un accord en deuxième lecture afin de clôturer le budget.
sentence2phrase.test-newswire-402-2,la nécessité de faire preuve de flexibilité dans l'accord sur le budget
sentence2phrase.test-newswire-403-1,Proposition de décision du Parlement européen et du Conseil concernant un ensemble d'actions relatives au réseau transeuropéen de collecte  de production et de diffusion de statistiques sur les échanges de biens au sein de la Communauté et entre la Communauté et les pays tiers (Edicom) [COM(2000) 458 - C50401/2000 - 2000/0201(COD)] (Commission des affaires économiques et monétaires).
sentence2phrase.test-newswire-403-2,proposition de décision du Parlement européen et du Conseil concernant les statistiques économiques et les actions proposées
sentence2phrase.test-newswire-404-1,C'est une bonne chose et je voudrais vous remercier très sincèrement  Monsieur Karlsson  ainsi que les membres de la Cour des comptes et ses fonctionnaires  pour avoir soutenu la réforme de la Commission dans votre rapport.
sentence2phrase.test-newswire-404-2,fonctionnaires obstinés du gouvernement
sentence2phrase.test-newswire-405-1,Mais on s'attendait à ce qu'elle soit victime d'un prochain remaniement ministériel.
sentence2phrase.test-newswire-405-2,victime du remaniement ministériel
sentence2phrase.test-newswire-406-1,Ces derniers mois  la maladie a été détectée  entre autres  dans diverses régions de France.
sentence2phrase.test-newswire-406-2,Les maladies européennes envahissent la France
sentence2phrase.test-newswire-407-1,Des rebelles présumés ont également fait sauter un oléoduc dans le nord-est de la Colombie.
sentence2phrase.test-newswire-407-2,marée noire dévastatrice
sentence2phrase.test-newswire-408-1,Les questions que moi-même et d'autres Membres avons posées sont très spécifiquement liées à la situation en Colombie.
sentence2phrase.test-newswire-408-2,questions spécifiques liées à la situation colombienne
sentence2phrase.test-newswire-409-1,Le conducteur  ainsi que le passager  sont descendus alors que six membres de l'équipe transportaient eVe dans les escaliers du University Mall.
sentence2phrase.test-newswire-409-2,enjeux de transport en milieu urbain
sentence2phrase.test-newswire-410-1,La femme de 30 ans n'a eu « aucun contact avec le monde extérieur ».
sentence2phrase.test-newswire-410-2,Recluse de 30 ans
sentence2phrase.test-newswire-411-1,Ailleurs dans le journal  Truman a montré un côté plus familier  coloré et franc dans son mépris pour la vie à la Maison Blanche.
sentence2phrase.test-newswire-411-2,histoire présidentielle
sentence2phrase.test-newswire-412-1,La commission doit définir les détails du plan  mais le client résidentiel moyen payant 840 $ par an réaliserait une économie d'environ 30 $ par an.
sentence2phrase.test-newswire-412-2,le plan de la commission pour faire économiser de l'argent aux résidents
sentence2phrase.test-newswire-413-1,Cela m’amène à ma troisième remarque sur ce qui nous attend actuellement.
sentence2phrase.test-newswire-413-2,argent sale
sentence2phrase.test-newswire-414-1,Je voudrais simplement remercier le rapporteur pour sa contribution constructive et pour sa volonté de prendre en compte les recommandations des autres commissions.
sentence2phrase.test-newswire-414-2,manque de collaboration entre les sénateurs
sentence2phrase.test-newswire-415-1,Dans une déclaration ultérieure  il a déclaré que son équipe semblait avoir été un peu en retard.
sentence2phrase.test-newswire-415-2,ne pas atteindre un objectif souhaité d'un tout petit peu
sentence2phrase.test-newswire-416-1,Les moments forts du tournoi devraient être diffusés sur Foxtel Sports en Australie les 28 et 29 septembre.
sentence2phrase.test-newswire-416-2,Faits saillants du tournoi Foxtel Sports de septembre
sentence2phrase.test-newswire-417-1,L'amendement 18 introduit un contrôle par l'État du port en ce qui concerne la période de repos des gens de mer  mais l'application des dispositions relatives à la durée du travail des gens de mer est déjà entièrement couverte par la directive 99/95 en vigueur.
sentence2phrase.test-newswire-417-2,droits des marins surmenés
sentence2phrase.test-newswire-418-1,Cette randonnée nature familiale serpentait le long de la crête de la montagne  avec des habitants profitant de la forêt  partageant une tasse de thé Billy et leurs connaissances sur l'écologie et l'histoire de la forêt locale.
sentence2phrase.test-newswire-418-2,l’attrait de l’adhésion de Dzur à la légitimité administrative-démocratique
sentence2phrase.test-newswire-419-1,Le nombre d'erreurs survenues est trop important pour qu'une telle garantie puisse être donnée.
sentence2phrase.test-newswire-419-2,promesses faites par le gouvernement
sentence2phrase.test-newswire-420-1,Sept cadets de l'Académie de l'Air Force risquent d'être punis pour avoir prétendument bu avec deux lycéennes.
sentence2phrase.test-newswire-420-2,rencontre avec les cadets
sentence2phrase.test-newswire-421-1,Un amendement de la représentante Ellen Tauscher de Californie visant à créer un comité spécial chargé d'enquêter sur les échecs des services de renseignement irakiens a été rejeté pour des raisons de procédure.
sentence2phrase.test-newswire-421-2,lors d'un affrontement avec la police
sentence2phrase.test-newswire-422-1,Je voudrais maintenant vous demander  pendant que le représentant français du pays qui assure la présidence est ici  si cet abattage de vaches sera financé sur le budget de l'UE ou si vous le financerez sur votre budget national et si  à votre avis  il est effectivement approprié qu'il soit financé sur le budget de l'UE.
sentence2phrase.test-newswire-422-2,budgétisation nationale pour l'abattage des animaux
sentence2phrase.test-newswire-423-1,La Commission estime qu'il n'est que juste de soumettre les agriculteurs qui participent au fonds à une certaine discipline  car ils reçoivent en échange une certaine garantie de revenu  alors que d'autres  qui ne participent pas  ne bénéficient pas d'une telle garantie.
sentence2phrase.test-newswire-423-2,se prémunir contre une mauvaise conjoncture économique pour les agriculteurs
sentence2phrase.test-newswire-424-1,Afin d'éviter que cette situation provisoire ne devienne permanente  la Commission a rappelé  le 13 juillet de l'année dernière  aux États membres concernés  dans une lettre  leur obligation de désigner des tribunaux pour la marque communautaire.
sentence2phrase.test-newswire-424-2,question concernant le même sujet sont ensemble
sentence2phrase.test-newswire-425-1,Nous voulons faire avancer les processus de démocratisation et trouver un équilibre entre les domaines politiques traditionnels de la politique étrangère qui nous occupent actuellement.
sentence2phrase.test-newswire-425-2,rassembler les gens et équilibrer leurs intérêts
sentence2phrase.test-newswire-426-1,Cette nouvelle exigence n'implique aucune responsabilité supplémentaire substantielle dans le cas de ce type de magasins.
sentence2phrase.test-newswire-426-2,ni approprié ni cohérent
sentence2phrase.test-newswire-427-1,Une fois que les États membres auront fourni des informations comparables  la Commission examinera la question des valeurs limites communautaires et d'autres mesures visant à réduire le nombre de personnes affectées par le bruit et fera rapport au Conseil et au Parlement.
sentence2phrase.test-newswire-427-2,bruit qui rend les gens mécontents
sentence2phrase.test-newswire-428-1,Il a déclaré: "Pour la première fois  il existe un moyen simple et abordable de rendre ce trésor de contenu de la BBC accessible à tous."
sentence2phrase.test-newswire-428-2,L'émission nocturne de CNN
sentence2phrase.test-newswire-429-1,Blair a déclaré qu'il n'y avait « pas la moindre once de vérité » dans les allégations selon lesquelles le gouvernement aurait manipulé les preuves sur les programmes d'armement de l'Irak.
sentence2phrase.test-newswire-429-2,Le déni de Blair de toute implication gouvernementale
sentence2phrase.test-newswire-430-1,Une formation universitaire est plus importante pour un garçon que pour une fille.
sentence2phrase.test-newswire-430-2,l'importance d'une formation collégiale
sentence2phrase.test-newswire-431-1,Joanie Harper et Brothers ont obtenu une annulation en septembre 2001  et Harper a obtenu la garde exclusive de Marques et Lyndsey  selon les archives judiciaires.
sentence2phrase.test-newswire-431-2,accord de garde judiciaire pour les enfants
sentence2phrase.test-newswire-432-1,En 1995  une convention visant à protéger les intérêts économiques de l'UE a été adoptée.
sentence2phrase.test-newswire-432-2,blanchiment d'argent en Europe
sentence2phrase.test-newswire-433-1,L'agence n'a pu donner aucune date exacte sur la bande  même si la voix indique qu'il parlera le 14 juin.
sentence2phrase.test-newswire-433-2,incertitude quant à la date à laquelle un enregistrement a été effectué
sentence2phrase.test-newswire-434-1,La compagnie aérienne a la possibilité d’en acheter 380 de plus  répartis à parts égales entre les deux constructeurs.
sentence2phrase.test-newswire-434-2,acheter 380 avions supplémentaires pour une compagnie aérienne  répartis entre les constructeurs
sentence2phrase.test-newswire-435-1,Tout comme les tribunaux de Düsseldorf  Munich et ailleurs en Allemagne se sont spécialisés dans le droit des brevets et qu'il existe également un tribunal spécialisé à Londres  un tribunal communautaire pour siéger et juger les affaires concernant les brevets communautaires devrait être très spécialisé.
sentence2phrase.test-newswire-435-2,exigences judiciaires spécialisées allemandes et londoniennes pour les brevets communautaires
sentence2phrase.test-newswire-436-1,Si cette affirmation est faite  la Commission acceptera que le champ d'application du règlement soit limité exclusivement aux activités du premier pilier.
sentence2phrase.test-newswire-436-2,réglementation sur la presse et la liberté d'expression
sentence2phrase.test-newswire-437-1,C'est pourquoi l'objectif des subventions publiques à l'industrie du contenu de l'UE doit également être l'atteinte de niveaux élevés d'éducation et de culture dans toute sa diversité.
sentence2phrase.test-newswire-437-2,une meilleure éducation européenne
sentence2phrase.test-newswire-438-1,La volonté de toutes les institutions concernées de discuter de la question a donné lieu à une coopération exemplaire qui  je l'espère ardemment  permettra de parvenir à un consensus en première lecture.
sentence2phrase.test-newswire-438-2,programme de développement durable
sentence2phrase.test-newswire-439-1,Sur la base de l'histoire et du succès du Winston à Charlotte  je pense qu'il n'y a aucun autre endroit que le Lowe's Motor Speedway qui puisse lui rendre justice.
sentence2phrase.test-newswire-439-2,succès de longue date de la Winston Race
sentence2phrase.test-newswire-440-1,Une enquête plus approfondie menée par la police a révélé l'emplacement de la maison et  grâce à des négociations délicates menées par l'association caritative  les trois femmes ont toutes été sauvées.
sentence2phrase.test-newswire-440-2,les trois femmes sauvées par l'association caritative et la police
sentence2phrase.test-newswire-441-1,Les services de métro  de bus et de trains locaux dans les quatre plus grandes villes de France - Paris  Lyon  Lille et Marseille - ont été gravement perturbés  a rapporté la radio Europe 1.
sentence2phrase.test-newswire-441-2,d'énormes perturbations dans les transports publics dans les quatre plus grandes villes de France
sentence2phrase.test-newswire-442-1,La présidence en exercice n'a donc aucune réponse à apporter sur ce point.
sentence2phrase.test-newswire-442-2,pas encore de réponse du président
sentence2phrase.test-newswire-443-1,Seize jours plus tard  alors que l'air surchauffé provenant de la rentrée de la navette se précipitait dans l'aile endommagée  "il n'y avait aucune possibilité de survie de l'équipage"  a déclaré le conseil d'administration.
sentence2phrase.test-newswire-443-2,atterrissage d'urgence d'un avion en zone rurale
sentence2phrase.test-newswire-444-1,L'ambiance tout au long de l'événement était joviale  avec des questions humoristiques telles que « pouvez-vous  S'IL VOUS PLAÎT  publier une version CM pour mon grille-pain ? » Je ne sais pas de quel modèle il s'agit  mais il est blanc et je l'ai acheté chez Savers.
sentence2phrase.test-newswire-444-2,blague sur les spécifications du grille-pain
sentence2phrase.test-newswire-445-1,Peu importe qui deviendra le sponsor de la meilleure série de courses de stock-cars  NASCAR aura besoin d'un événement all-star  a déclaré Wheeler dans un communiqué.
sentence2phrase.test-newswire-445-2,la nécessité d'un événement NASCAR de grande envergure
sentence2phrase.test-newswire-446-1,L'homme de soixante-six ans est surtout connu pour une série de romans sur l'espionnage  les affaires militaires et les intrigues géopolitiques  dont beaucoup ont été adaptés en films et en jeux vidéo.
sentence2phrase.test-newswire-446-2,un romancier bien connu pour ses romans d'espionnage et sur le thème militaire  adaptés au cinéma
sentence2phrase.test-newswire-447-1,Je suis heureux de voir que le rapporteur a introduit une référence dans l'amendement 21 au système d'évaluation de l'état et nous sommes d'accord avec l'essentiel de l'approche suggérée  mais il est nécessaire d'affiner la formulation pour la rendre plus claire.
sentence2phrase.test-newswire-447-2,réviser la référence dans l'amendement 21 pour la rendre plus claire
sentence2phrase.test-newswire-448-1,Avec plus de 6 1 millions de likes  le Guinness World Records a reconnu « Gangnam Style » comme étant la vidéo YouTube la plus appréciée de tous les temps.
sentence2phrase.test-newswire-448-2,solide performance d’un militant chevronné
sentence2phrase.test-newswire-449-1,Des chercheurs canadiens ont ordonné l'abattage de plus de 2 000 vaches et mené une enquête approfondie  mais n'ont pu trouver aucune preuve d'autres animaux infectés.
sentence2phrase.test-newswire-449-2,chercheurs en éthique médicale
sentence2phrase.test-newswire-450-1,NATIONS UNIES  26 août Des inspecteurs internationaux ont trouvé des traces d'uranium hautement enrichi dans une installation iranienne  selon un nouveau rapport confidentiel distribué aujourd'hui.
sentence2phrase.test-newswire-450-2,Agents de la TSA à l'aéroport
sentence2phrase.test-newswire-451-1,Rumsfeld attend les recommandations de ses commandants sur les besoins en troupes en Irak.
sentence2phrase.test-newswire-451-2,des troupes efficaces
sentence2phrase.test-newswire-452-1,Il s'agit d'une initiative vraiment extraordinaire  surtout en première lecture  et qui est vouée à l'échec  car dans les circonstances actuelles  elle ne peut pas obtenir une majorité de voix pour.
sentence2phrase.test-newswire-452-2,projet gouvernemental sans espoir en raison du manque de soutien politique
sentence2phrase.test-newswire-453-1,Nous émettons également des réserves sur les amendements 17  18  27  30 et 31  n'étant pas convaincus de leur compatibilité avec l'OMC.
sentence2phrase.test-newswire-453-2,au nord du Rhin
sentence2phrase.test-newswire-454-1,Le montant des immobilisations a été fixé à 240 millions d'euros  trop bas.
sentence2phrase.test-newswire-454-2,gérer un bilan
sentence2phrase.test-newswire-455-1,Quelles conditions doivent exister aux États-Unis pour que les athlètes paralympiques puissent bénéficier d’un parrainage similaire à celui de leurs homologues olympiques ?
sentence2phrase.test-newswire-455-2,égalité entre le parrainage d’athlètes paralympiques et olympiques
sentence2phrase.test-newswire-456-1,En analysant les os et autres restes  comme les cheveux et les ongles  du fondateur du Portugal  les enquêteurs pourraient déterminer sa stature  son profil génétique  son régime alimentaire et les éventuelles maladies dont il aurait pu souffrir.
sentence2phrase.test-newswire-456-2,les caractéristiques physiques et génétiques du fondateur du Portugal  révélées par ses restes
sentence2phrase.test-newswire-457-1,Monsieur le Président  lors des débats des années précédentes  j'ai parlé au nom de la commission de la culture  de la jeunesse  de l'éducation  des médias et des sports  où nous avons entendu Mme Iivari cet après-midi.
sentence2phrase.test-newswire-457-2,s'adresser au président au nom de tiers
sentence2phrase.test-newswire-458-1,Portant sur le même sujet  les questions nos 6  7  8  9  10  11  12 et 13 seront traitées ensemble.
sentence2phrase.test-newswire-458-2,répondre aux questions 6 à 13 en même temps
sentence2phrase.test-newswire-459-1,Ce que nous devons faire  c'est remédier à cette situation en favorisant et en encourageant le contenu multilingue  car cela est absolument crucial pour le succès de l'industrie européenne du contenu.
sentence2phrase.test-newswire-459-2,la nécessité de favoriser le contenu multilingue pour que les industries européennes du contenu réussissent
sentence2phrase.test-newswire-460-1,À cet égard  la teneur de la résolution commune est beaucoup trop unilatérale.
sentence2phrase.test-newswire-460-2,la surproduction de produits agricoles
sentence2phrase.test-newswire-461-1,En tant que député européen soucieux de cette majorité  comment puis-je approuver la dépense de 11 5 milliards de livres sterling provenant de l'argent des contribuables britanniques - c'est notre contribution annuelle actuelle - alors qu'elle ne bénéficie pas d'une large approbation du public ?
sentence2phrase.test-newswire-461-2,endossement de l'argent des contribuables par l'approbation publique
sentence2phrase.test-newswire-462-1,Il existe de nombreux autres domaines problématiques qui nécessitent une évaluation pragmatique pour être réalisables.
sentence2phrase.test-newswire-462-2,législation en nutrition animale
sentence2phrase.test-newswire-463-1,Concernant ces trois nouvelles propositions sur la sécurité maritime  je ne peux que féliciter les trois rapporteurs  qui ont montré en très peu de temps à quel point notre Parlement est déterminé à adopter de nouvelles mesures pour renforcer la sécurité en mer  les contrôles et les normes de construction  et qu'il n'est plus tolérable que des incidents similaires se reproduisent.
sentence2phrase.test-newswire-463-2,de nouvelles propositions pour promouvoir et améliorer la sécurité maritime
sentence2phrase.test-newswire-464-1,L'entreprise avait annoncé en janvier qu'elle devrait retraiter ses résultats pour 2002  2001 et peut-être 2000.
sentence2phrase.test-newswire-464-2,le bilan financier de l'entreprise des années 2000 2001  2002
sentence2phrase.test-newswire-465-1,L'International Watch Company (IWC) organise une vente aux enchères en ligne du 13 au 20 décembre 2006.
sentence2phrase.test-newswire-465-2,Le ministre australien de l'Immigration  Scott Morrison
sentence2phrase.test-newswire-466-1,La commissaire a parlé pendant 18 minutes et pendant ce temps  elle a cité des dizaines et des dizaines de points et a présenté la position de la Commission.
sentence2phrase.test-newswire-466-2,la décomposition de la position de la Commission
sentence2phrase.test-newswire-467-1,Afin de mener à bien le développement ambitieux de ce programme européen de contenus électroniques  les procédures envisagées doivent être simplifiées et sécurisées.
sentence2phrase.test-newswire-467-2,développement audacieux de sites Web européens
sentence2phrase.test-newswire-468-1,Toute action des deux gouvernements concernés est donc limitée par ce droit international.
sentence2phrase.test-newswire-468-2,limites internationales du droit
sentence2phrase.test-newswire-469-1,Il est clair que le monde libre  ceux qui aiment la liberté et la paix  doivent traiter durement le Hamas et ses assassins  a-t-il déclaré.
sentence2phrase.test-newswire-469-2,justice pour les personnes tuées et blessées par le Hamas et ses alliés
sentence2phrase.test-newswire-470-1,Les données d'hier n'étant pas disponibles  les quatre premiers jours de fermeture ont enregistré un total quotidien de 37  16  13 et 3 plaintes.
sentence2phrase.test-newswire-470-2,statistiques quotidiennes sur les plaintes pendant la fermeture
sentence2phrase.test-newswire-471-1,Je vois maintenant que mon propre pays va modifier la loi relative aux données personnelles  ce qui prive les élus de toute influence sur les décisions de la Commission.
sentence2phrase.test-newswire-471-2,lutter contre le crime organisé
sentence2phrase.test-newswire-472-1,Il y a six mois  le FMI et l'Argentine ont conclu un accord de refinancement de la dette d'un minimum de 6 8 milliards de dollars qui expire en août.
sentence2phrase.test-newswire-472-2,les frais comptables
sentence2phrase.test-newswire-473-1,Il s’agit d’une section importante car elle concerne les sociétés de classification.
sentence2phrase.test-newswire-473-2,société de classification
sentence2phrase.test-newswire-474-1,Dowdell a été transporté au Boston Medical Center avec des blessures ne mettant pas sa vie en danger.
sentence2phrase.test-newswire-474-2,blessures dangereuses mais non mortelles
sentence2phrase.test-newswire-475-1,Les ressources basées sur la taxe sur la valeur ajoutée représentent 36 % et les ressources propres traditionnelles 15 % du total.
sentence2phrase.test-newswire-475-2,un total variable
sentence2phrase.test-newswire-476-1,Puretunes a également perdu un accord de distribution avec la célèbre société de logiciels d'échange de fichiers Grokster.
sentence2phrase.test-newswire-476-2,concurrence entre les éditeurs de logiciels
sentence2phrase.test-newswire-477-1,Les États-Unis resteront fermes dans leur engagement envers Israël.
sentence2phrase.test-newswire-477-2,Les engagements fermes des États-Unis et d’Israël
sentence2phrase.test-newswire-478-1,Le personnel et les étudiants sont venus à la cérémonie d'adieu en début d'après-midi.
sentence2phrase.test-newswire-478-2,fête en classe
sentence2phrase.test-newswire-479-1,La famille et les actionnaires existants n’ont ni le cœur ni l’envie d’essayer de remplacer Ann.
sentence2phrase.test-newswire-479-2,Les chaussures vides et inachevées d'Ann
sentence2phrase.test-newswire-480-1,J'ai voté contre pour protester contre le fait que l'Union européenne ne parvient toujours pas à intervenir dans ce dossier comme elle le devrait.
sentence2phrase.test-newswire-480-2,une gestion inefficace dans l’UE
sentence2phrase.test-newswire-481-1,Quant à la relance de la diversification de l'économie  nous avons réalisé des progrès dans un certain nombre de domaines clés.
sentence2phrase.test-newswire-481-2,sous clé
sentence2phrase.test-newswire-482-1,Votre rapport  Madame Sudre  souligne à juste titre la nécessité d'agir à long terme.
sentence2phrase.test-newswire-482-2,rapports sur l'éthique de la collecte de données
sentence2phrase.test-newswire-483-1,Un minuscule morceau de roche vieux de 4 4 milliards d'années a été exposé dimanche dans le Wisconsin (États-Unis) pendant une journée seulement.
sentence2phrase.test-newswire-483-2,contributions open source
sentence2phrase.test-newswire-484-1,Un autre élément de la réforme qui correspond étroitement à une priorité clé identifiée par la Cour est l’accent accru mis sur les résultats et la mesure des performances dans un cadre d’allocation des ressources cohérent avec des priorités prédéterminées et des objectifs clairement définis et mesurables.
sentence2phrase.test-newswire-484-2,réaction incommensurable de la part des électeurs
sentence2phrase.test-newswire-485-1,En préservant cette approche stratégique dans la manière dont nous abordons le budget cette année et dans les années à venir  le Parlement européen jouera pleinement son rôle dans le processus budgétaire.
sentence2phrase.test-newswire-485-2,la budgétisation au sein de l'UE
sentence2phrase.test-newswire-486-1,Bob Richter  porte-parole du président de la Chambre des représentants  Tom Craddick  n'a fait aucun commentaire sur cette décision.
sentence2phrase.test-newswire-486-2,porte-parole d'un homme politique
sentence2phrase.test-newswire-487-1,Il faut donc soutenir toutes les mesures destinées à dynamiser les petites et moyennes entreprises.
sentence2phrase.test-newswire-487-2,mesures pour les petites entreprises
sentence2phrase.test-newswire-488-1,Il a également noté que Tenet avait fourni au comité 19 volumes de documents sur les renseignements d'avant-guerre qui ont été mis à la disposition des membres de la Chambre.
sentence2phrase.test-newswire-488-2,une ovation debout
sentence2phrase.test-newswire-489-1,La réalité telle que décrite dans le rapport annuel donne toutefois à réfléchir.
sentence2phrase.test-newswire-489-2,des perspectives passionnantes pour l’avenir du pétrole
sentence2phrase.test-newswire-490-1,La perte de l'Erika  survenue en décembre 1999  a placé la question de la sécurité maritime à l'agenda politique de la Communauté et c'est sous la pression du Parlement européen que la Commission européenne a proposé les textes que nous avons votés aujourd'hui  près d'un an après l'accident.
sentence2phrase.test-newswire-490-2,les propositions de la Commission européenne sur les questions visant à améliorer la sécurité maritime  un an après l'accident et la perte de l'Enrika
sentence2phrase.test-newswire-491-1,Les démocrates de la Chambre ont renouvelé mercredi leurs pressions en faveur d'une enquête plus approfondie sur la gestion des renseignements sur le programme d'armement irakien.
sentence2phrase.test-newswire-491-2,environ 1 000 manifestants
sentence2phrase.test-newswire-492-1,Il s’agit d’une forme de mondialisation qui méprise les droits humains les plus fondamentaux.
sentence2phrase.test-newswire-492-2,la création d'un espace européen de liberté
sentence2phrase.test-newswire-493-1,L'université a demandé aux étudiants de « s'abriter sur place » et a averti les étudiants qui se trouvent hors campus de rester à l'écart de l'université.
sentence2phrase.test-newswire-493-2,instructions officielles pour rester en sécurité là où vous êtes et ne pas vous approcher du campus
sentence2phrase.test-newswire-494-1,Le fait que le Comité olympique américain soit le Comité national paralympique constitue-t-il un obstacle ou une aide au développement du mouvement paralympique aux États-Unis ?
sentence2phrase.test-newswire-494-2,Le Comité paralympique est influencé par la direction du Comité olympique américain  affectant ainsi le mouvement paralympique américain
sentence2phrase.test-newswire-495-1,Brian Stokes Mitchell  qui joue dans une reprise de Man of La Mancha  Malcolm Gets d'Amour et John Selya de Movin Out complètent la catégorie.
sentence2phrase.test-newswire-495-2,une catégorie qui comprend Brian Stokes Mitchell et John Selya comme concurrents
sentence2phrase.test-newswire-496-1,Peu de plaintes proviennent de personnes ayant des problèmes avec les prêts étudiants fédéraux.
sentence2phrase.test-newswire-496-2,peu de plaintes d'étudiants
sentence2phrase.test-newswire-497-1,Le premier match  organisé immédiatement après la cérémonie d'ouverture  opposait les États-Unis à l'Australie.
sentence2phrase.test-newswire-497-2,matchs d'ouverture entre les États-Unis et l'Australie
sentence2phrase.test-newswire-498-1,Monsieur le Président  nous discutons aujourd'hui de la sécurité maritime sur la base de trois rapports  pour lesquels je voudrais chaleureusement féliciter les rapporteurs.
sentence2phrase.test-newswire-498-2,discussion sur la sécurité maritime avec le président
sentence2phrase.test-newswire-499-1,Ce serait tout à l'honneur du président en exercice du Conseil s'il parvenait à redresser la situation également dans son propre pays.
sentence2phrase.test-newswire-499-2,amélioration du gouvernement
sentence2phrase.test-newswire-500-1,Il a dit qu'ils étaient en détresse  a déclaré le chef de la police de Kingsville  Sam Granato.
sentence2phrase.test-newswire-500-2,un constat de détresse  constaté par le Préfet de Police
paragraph2sentence.test-cqa-1-1,Eh bien  ce que je veux savoir  c'est s'il est possible pour moi de commander un autre modem Verizon FiOS ? Mes parents ont déjà Internet installé chez moi  mais la connexion dans ma chambre est vraiment faible et les choses sont plutôt lentes. Puis-je installer un autre modem dans ma chambre ? Ou aurais-je dû payer cela mensuellement ? Je veux dire  pour une raison quelconque  je pense que ce serait un supplément sur leur facture  mais je n'en suis pas sûr. Et je veux dire  si c'est le cas  je me contenterai de la lenteur ! Mdr
paragraph2sentence.test-cqa-1-2,J'ai entendu dire que Verizon possède les vitesses les plus rapides du pays avec Quantum Internet qui redéfinit l'Internet haut débit. Est-ce vrai ?
paragraph2sentence.test-cqa-2-1,Bonjour à tous  je viens de créer un blog sur blogger. Maintenant  je n'ai pas beaucoup de téléspectateurs et j'aimerais savoir comment faire. D'après les quelques articles que j'ai écrits jusqu'à présent  mon blog doit attirer le genre de personnes qui aiment penser à tout. Des gens qui s'assoient parfois pendant le travail et pensent simplement au monde. Je me demande comment puis-je attirer ces personnes sur mon blog ? Quelqu'un peut-il m'aider s'il vous plaît ?
paragraph2sentence.test-cqa-2-2,Comment mon blog peut-il être plus populaire ?
paragraph2sentence.test-cqa-3-1,Sur un certain site  mon ami utilisait mon ordinateur. et a tapé son mot de passe pour accéder à un site  puis  lorsqu'on lui a demandé  il a cliqué sur « Ne jamais mémoriser les mots de passe sur ce site ». Cependant  je souhaite vraiment que mon mot de passe soit mémorisé. Existe-t-il un moyen d'inverser cela ?
paragraph2sentence.test-cqa-3-2,Si j'ai configuré un site Web pour qu'il ne se souvienne jamais de mon mot de passe  puis-je annuler cette opération afin que mon mot de passe soit mémorisé ?
paragraph2sentence.test-cqa-4-1,OK  donc je suis intéressé par les blogs  même si j'ai désespérément besoin d'un sujet sur lequel écrire (bloger). j'ai pensé à faire ma vie personnelle et à utiliser des noms de code. et j'ai des profils des personnes sur lesquelles j'écris. (presque comme un jeu de rôle avec les profils et les descriptions. pas de photos bien sûr car c'est anonyme) mais pourtant j'ai encore besoin de quelque chose à écrire ?! je pourrais me concentrer sur le théâtre au lycée. et des observations sur les gens... mais vraiment  je ne sais pas qui serait intéressé à le lire. mdr. des idées ??
paragraph2sentence.test-cqa-4-2,comment savoir si votre compte Twitter est bloqué ?
paragraph2sentence.test-cqa-5-1,La page de dons d'un site religieux légitime que je gère pour mon client a été ajoutée au filtre de phishing d'IE. Comment puis-je le faire supprimer ? Merci.
paragraph2sentence.test-cqa-5-2,Comment puis-je me débarrasser d’une image sur imageshack sans compte ?
paragraph2sentence.test-cqa-6-1,Je ne cherche pas à devenir riche ou quoi que ce soit. Je veux juste savoir s'il existe un moyen assez simple de gagner au moins un peu d'argent en ligne avec un effort relativement faible. S'il vous plaît  pas d'escroqueries pyramidales  de services de référencement ou quoi que ce soit de ce genre. Oh  et aucun de ces projets qui exigent de l’argent d’avance pour démarrer et qui ne font ensuite rien pour vous. Alors  existe-t-il un véritable moyen d’obtenir au moins un peu d’argent ?
paragraph2sentence.test-cqa-6-2,Les escroqueries en ligne sont connues pour être très dangereuses  pouvant même mener au vol d'identité  à la fraude par carte de crédit et à l'apparition de virus informatiques critiques.
paragraph2sentence.test-cqa-7-1,J'ai téléchargé quelques images sur imageshack alors que je n'avais pas de compte et je ne pouvais donc pas les supprimer. Je souhaite les supprimer maintenant et vous pourrez le faire lorsque vous aurez un compte. Existe-t-il un moyen de revendiquer les images que j'ai téléchargées alors que je n'avais pas de compte comme étant les miennes ?
paragraph2sentence.test-cqa-7-2,Comment puis-je supprimer les photos d'imageshack que j'ai publiées alors que je n'avais pas de compte ?
paragraph2sentence.test-cqa-8-1,il y a quelque temps  j'ai vu cette publicité sur Facebook qui disait quelque chose comme ceci : « chaque saison perdue est gratuite » sur le titre. puis la description disait quelque chose comme « échangez vos anciens films indésirables contre de nouveaux » à l'époque  je n'avais pas besoin de le faire  mais maintenant j'aime l'idée du site Web  mais je ne trouve plus l'annonce sur Facebook ! est-ce que quelqu'un a une idée de ce que pourrait être le site ?
paragraph2sentence.test-cqa-8-2,J'essaie de trouver un site Web de film que j'ai vu sur une publicité Facebook et dont je n'avais pas besoin à l'époque  mais maintenant c'est le cas  quelqu'un peut-il m'aider ?
paragraph2sentence.test-cqa-9-1,Je viens de créer un blog et j'aimerais pouvoir me l'approprier. Comment puis-je ajouter de la musique à ma page ou télécharger un nouvel arrière-plan pour le blog lui-même ? S'il vous plaît et merci.
paragraph2sentence.test-cqa-9-2,N'importe qui peut créer son propre blog en utilisant l'un des nombreux sites Web créés pour les blogueurs débutants et avancés.
paragraph2sentence.test-cqa-10-1,Comment identifier quelqu’un sur un tweet ? Comme j'ai vu des gens et ils disent que @BLAHBLAH est incroyable. Je veux savoir comment tu fais ça ? C'est peut-être une question stupide  mais je viens de recevoir Twitter.
paragraph2sentence.test-cqa-10-2,Je suis nouveau sur Twitter et je me demande comment taguer quelqu'un comme vous pouvez le faire avec @BLAHBLAH.
paragraph2sentence.test-cqa-11-1,J'ai acheté un logiciel  Windows Password Recovery Tool  mais je n'en ai plus besoin. Je leur ai déjà envoyé 4 e-mails pour leur dire que je souhaitais un remboursement  mais ils n'arrêtent pas de me dire "Parlez-nous davantage de votre problème  de cette façon nous pourrons vous aider davantage". Et je n'arrête pas de leur dire que je veux un remboursement  mais ils n'arrêtent pas de dire la même chose. Il est indiqué sur le site Web qu'il existe une garantie de remboursement de 30 jours. Puis-je faire autre chose que de continuer à leur envoyer des e-mails ? Merci.......
paragraph2sentence.test-cqa-11-2,J'ai acheté un logiciel et j'ai décidé de demander un remboursement  mais lorsque j'ai contacté l'entreprise  elle n'a reçu aucune réponse. Que puis-je faire ?
paragraph2sentence.test-cqa-12-1,Je viens de recevoir Firefox 3.5 mais je ne peux pas utiliser mon génial thème Mario. Je me rends compte que 3 5 n'est pas très différent de 3 6. alors comment puis-je revenir en arrière ?
paragraph2sentence.test-cqa-12-2,Parfois  le monde semble foutu.
paragraph2sentence.test-cqa-13-1,Récemment  ma connexion Internet sans fil s'interrompt de manière aléatoire  puis se reconnecte quelques secondes à une minute plus tard. C'est un routeur à 2 fils et Internet tombe sur mon ordinateur portable et sur ma PS3. J'ai cet Internet sans fil depuis quelques années maintenant  et ce problème s'est produit jusqu'à récemment. Quelqu'un sait ce que je peux faire pour résoudre ce problème ?
paragraph2sentence.test-cqa-13-2,Je n'ai connecté que mon ordinateur portable et ma PS3 à mon ancien routeur à 2 fils  mais dernièrement  la connexion sans fil ne cesse de baisser pendant quelques secondes  alors comment puis-je y remédier ?
paragraph2sentence.test-cqa-14-1,J'ai donc cette chose étrange qui se passe sur mon ordinateur. Récemment  dans l'histoire  on dit que je me suis connecté à Facebook. Je sais que ma sœur a utilisé cet ordinateur il y a longtemps pour se connecter à son compte  mais plus depuis longtemps. J'ai remarqué que Facebook continue d'apparaître dans l'historique. Quelqu'un peut-il expliquer cela ?
paragraph2sentence.test-cqa-14-2,Mark Zuckerberg a lancé Facebook depuis sa résidence universitaire à Harvard en 2004.
paragraph2sentence.test-cqa-15-1,bonjour  je sais  c'est une question bizarre et impossible ? mais .. je veux bénéficier d'une connexion Internet gratuite dans ma maison avec mon ordinateur portable  comment faire ?
paragraph2sentence.test-cqa-15-2,Je veux Internet gratuit.
paragraph2sentence.test-cqa-16-1,Qu’est-ce que MyEasyGPT.com ? Comment cela vous récompense-t-il ?
paragraph2sentence.test-cqa-16-2,Qu'est-ce que MyEasyGPT.com et ses récompenses ?
paragraph2sentence.test-cqa-17-1,Le pseudonyme AIM de mon ami était son nom de famille avec 3 chiffres à la fin de son nom. Je l'ai supprimé par accident et je me suis battu  donc je ne veux pas lui demander. De plus  aucun de mes amis n’a son pseudonyme. Existe-t-il un moteur de recherche capable de trouver son pseudonyme ?
paragraph2sentence.test-cqa-17-2,quelle est la meilleure catégorie pour mettre cette histoire que j'ai inventée en fanfiction ?
paragraph2sentence.test-cqa-18-1,Je recherche un site Web d'ascendance gratuit ou un site Web d'adoption pour le Royaume-Uni..... pas d'inscription... S'il vous plaît  si quelqu'un pouvait m'aider ?
paragraph2sentence.test-cqa-18-2,Quelqu'un peut-il m'aider à trouver un site Web gratuit sur l'ascendance ou un site d'adoption au Royaume-Uni ?
paragraph2sentence.test-cqa-19-1,les forums de discussion  les e-mails  etc. Je veux dire que nous effaçons les messages de spam parce que nous les détestons  n'est-ce pas ? Cela ne nous profite pas et cela ne peut pas non plus profiter aux spammeurs  car nous ne tombons pas dans le piège et ne les effaçons pas. Alors à quoi ça sert ? Pourquoi le spam existe-t-il ? Cela me semble être une perte de temps  des deux côtés.
paragraph2sentence.test-cqa-19-2,Il existe des techniques de filtrage du spam qui recherchent des modèles dans les en-têtes ou dans les messages eux-mêmes  alors pourquoi en avons-nous besoin ?
paragraph2sentence.test-cqa-20-1,j'ai besoin d'avoir un site. existe-t-il des sites Web gratuits ? si oui  qu'attendent-ils en retour ou qu'obtiennent-ils en offrant des sites Web gratuits ?
paragraph2sentence.test-cqa-20-2,Je recherche un site Web gratuit  mais je veux savoir quel est le problème pour les endroits qui les distribuent gratuitement.
paragraph2sentence.test-cqa-21-1,J'utilise Firefox mais Internet Explorer ouvre toujours mon hotmail et quelques autres programmes. Comment puis-je accéder uniquement à Firefox ?
paragraph2sentence.test-cqa-21-2,Comment supprimer Internet Explorer de mon ordinateur ?
paragraph2sentence.test-cqa-22-1,J'essaie de combiner la version turque des livres avec les versions originales  mais je n'arrive pas à comprendre comment. Des idées ?
paragraph2sentence.test-cqa-22-2,Comment puis-je combiner deux versions d’un même livre ?
paragraph2sentence.test-cqa-23-1,Ai-je vraiment besoin d’Internet Explorer dans mes Windows ? J'utilise Firefox plus souvent (plus sûr). Est-il possible de simplement désinstaller Internet Explorer ?
paragraph2sentence.test-cqa-23-2,Lorsque vous utilisez un navigateur Web plus sûr et plus performant tel que Firefox  est-il possible d'en désinstaller d'autres tels qu'Internet Explorer ?
paragraph2sentence.test-cqa-24-1,Je regarde les statistiques d'un site Web. Quelle est la différence entre les impressions de pages et les visites réelles  s'il existe une distinction ?
paragraph2sentence.test-cqa-24-2,GIF d'un modèle réduit d'avion s'écrasant sur un mec et lui faisant faire une grimace ?
paragraph2sentence.test-cqa-25-1,Ok  je viens de vendre un article sur eBay. Dans la description de l'article  j'ai clairement indiqué que je ne pouvais livrer qu'au Royaume-Uni. Mais maintenant  le gars qui a remporté l'enchère vient du Portugal et me demande le paiement total. le gars qui était deuxième dans la vente aux enchères vient du Royaume-Uni et n’a offert que 50 pence de moins. Alors  que dois-je faire ? Puis-je simplement dire au soumissionnaire retenu qu'il ne peut pas l'obtenir et faire une offre de seconde chance à la deuxième personne ?
paragraph2sentence.test-cqa-25-2,comment puis-je voir ma webcam à la maison sur mon téléphone lorsque je suis au travail ?
paragraph2sentence.test-cqa-26-1,J'ai perdu le mot de passe de mon compte Twitter et je veux vraiment voir les choses que j'y ai postées. Malheureusement  personne ne m'a suivi à part moi et quelques amis. Maintenant  je veux trouver ma page Twitter mais il n'y a pas de véritable recherche d'utilisateurs Twitter. Que puis-je faire ?
paragraph2sentence.test-cqa-26-2,Pourquoi ne puis-je pas supprimer le virus de mon ordinateur avec Kaspersky ?
paragraph2sentence.test-cqa-27-1,J'ai remarqué lors de l'utilisation de Chatango que certains smileys qui ne sont pas répertoriés sur la page des smileys peuvent être utilisés. Jusqu'à présent  j'ai vu *burger* et *poop* <---( ouais  celui-là est bizarre.) Je me demandais s'il y en avait d'autres ? Juste curieux.
paragraph2sentence.test-cqa-27-2,Quels smileys pouvez-vous utiliser avec chatango ?
paragraph2sentence.test-cqa-28-1,Quelqu'un m'a parlé d'un site Web sur lequel vous pourriez faire ce qui précède. Vous avez un travail que vous voulez faire et vous allez sur ce site Web et les gens feront des offres pour le faire et vous pourrez alors choisir le prix le plus bas. Est-ce que quelqu'un connaît ce site ? Merci.
paragraph2sentence.test-cqa-28-2,Existe-t-il un site Web sur lequel je peux proposer un emploi et sur lequel les gens peuvent répondre avec des estimations afin de choisir ?
paragraph2sentence.test-cqa-29-1,la barre d'état qui se trouve dans ma page Internet Explorer en bas indique « terminé mais avec des erreurs » et il y a un panneau jaune avec. Comment puis-je résoudre ce problème  car parfois je ne peux pas  par exemple  cliquer sur le bouton Retour et il répond  alors que dois-je faire ?
paragraph2sentence.test-cqa-29-2,Comment puis-je corriger le statut « terminé mais avec des erreurs » qui apparaît sur ma page Internet ?
paragraph2sentence.test-cqa-30-1,Il reste quelques heures sur mon article  et j'ai environ 8 observateurs mais personne n'a encore enchéri. Je crains simplement qu'ils ne s'en prennent tous à l'enchère  et que celui qui aura fait l'offre la plus élevée gagnera et que le prix sera toujours bas. Je sais que c'est contraire aux politiques  mais devrais-je quand même faire une offre juste pour déclencher une guerre ?
paragraph2sentence.test-cqa-30-2,Est-ce que Comcast me ralentit parce que j'utilise le client bittorrent ?
paragraph2sentence.test-cqa-31-1,Je suis abonné à la newsletter Freshome.com et je la trouve intéressante. Je pense que les newsletters par courrier électronique sont plus faciles que de se rappeler d'aller sur le site Web tous les deux jours. Avez-vous de bonnes newsletters intéressantes et utiles ? (Pour information : je ne trouve pas la newsletter Holiday's Inn intéressante)
paragraph2sentence.test-cqa-31-2,Le bulletin d'information sur la table contenait des recettes pour l'hiver  imaginées par Jamie Oliver.
paragraph2sentence.test-cqa-32-1,J'ai un site dans lequel il y a beaucoup de mots difficiles dans le contenu. Est-il possible d'ajouter une fonctionnalité qui permettra aux gens de lire la signification des mots en survolant un mot/en double-cliquant dessus ? Si oui  comment ?
paragraph2sentence.test-cqa-32-2,Existe-t-il un site où je peux télécharger les derniers films coréens 2009/10 ?
paragraph2sentence.test-cqa-33-1,J'ai une carte-cadeau de 35 $ mais je n'arrive pas à décider quoi dépenser. Qu'obtiendriez-vous ?
paragraph2sentence.test-cqa-33-2,Choisir quoi acheter avec une carte-cadeau de 35 $ est une décision difficile.
paragraph2sentence.test-cqa-34-1,J'utilise actuellement un ordinateur que j'ai activé avec un adaptateur wifi dont il ne sait pas qu'il dispose d'une connectivité Internet. J'ai peur de me connecter au réseau de notre maison (je connais le mot de passe) qui a la meilleure puissance de signal simplement parce que lorsque j'étais sur l'ordinateur que je suis censé utiliser  il pouvait activer ou désactiver Internet via *son* ordinateur. Cela lui donne-t-il la possibilité de voir quels ordinateurs se trouvent sur la connexion  y compris les ordinateurs étrangers ? Il utilise le contrôle parental de Windows Vista (ou quelque chose fourni avec Windows Vista)
paragraph2sentence.test-cqa-34-2,Je ne sais pas si l'utilisation du contrôle parental de Windows Vista avec une connexion Wi-Fi affaiblira ou renforcera ma confidentialité et ma sécurité en ligne.
paragraph2sentence.test-cqa-35-1,J'étais très sceptique quant à un site appelé « chatroulette » où l'on peut filmer avec des gens. j'étais stupide et j'ai décidé de l'essayer. eh bien  j'ai été jumelé à un homme plus âgé et pervers qui se branlait devant la caméra ! J'ai suivi tous ces cours de sécurité sur Internet  mais cela me fait vraiment peur. Pourrait-il me retrouver à partir d'une photo de mon visage et me traquer ? Je suis très nerveux. Je sais que je n'aurais pas dû aller sur ce site...
paragraph2sentence.test-cqa-35-2,Je regrette d'être allé sur le site suspect Chatroulette en raison de mauvaises expériences avec des hommes mûrs se masturbant et d'avoir en outre peur d'être retrouvé par les participants.
paragraph2sentence.test-cqa-36-1,Je recherche un site Web sur lequel je peux voir « Ma femme et mes enfants ». J'ai essayé Hulu  Fox et quelques autres. Où existe-t-il un site sûr où vous pouvez voir ce spectacle ?
paragraph2sentence.test-cqa-36-2,En Angleterre  la licence de télévision est une redevance payée par tous les citoyens du pays qui regardent la télévision.
paragraph2sentence.test-cqa-37-1,J'utilisais Internet Explorer  je détestais ça. Trop lent  trop de problèmes. J'utilise actuellement Firefox  mais cela commence aussi à se dégrader. Je pense essayer Google Chrome  mais je ne sais pas comment il se compare à ces autres ? Y en a-t-il d’autres que ces trois-là que vous préférez ?
paragraph2sentence.test-cqa-37-2,J'aimerais être un explorateur médiéval à l'âge du fer.
paragraph2sentence.test-cqa-38-1,J'ai IE 6.0 sur mon ordinateur de travail et tout fonctionne correctement. Mais quand je ferme la fenêtre  elle se fige et je dois la forcer à se fermer à chaque fois ? Quelqu'un peut-il m'aider à résoudre ce problème ? Merci.
paragraph2sentence.test-cqa-38-2,Internet Explorer est produit par Microsoft et est l'un des navigateurs Web les plus utilisés au monde.
paragraph2sentence.test-cqa-39-1,Je me demandais simplement quand les Lockerz PTZ seraient échangeables. Je veux savoir quand j'aurai suffisamment de PTZ pour obtenir un iTouch  et comment l'obtenir. J'ai entendu dire qu'il existe une sorte de chose qui vous permet d'échanger votre PTZ contre une journée. Mais quand cela sera-t-il ? Dites-moi comment voir quand aura lieu le jour de rédemption et quand ce mois aura lieu. Merci.
paragraph2sentence.test-cqa-39-2,Les systèmes de points sont utilisés pour fidéliser les clients en leur offrant des récompenses pour leur fidélité à la marque.
paragraph2sentence.test-cqa-40-1,Il existe un petit site Web sympa appelé There.com qui vous permet d'interagir avec des gens du monde entier et d'habiller votre avatar et des choses amusantes comme ça (quelque chose comme les Sims mais sur un site Web). Je n'étais pas allé sur there.com depuis un bon moment  mais j'ai eu envie de réessayer aujourd'hui  quand  malheureusement  il a été indiqué « fermé » lorsque je suis allé sur le site Web. There.com rouvrira-t-il un jour ? ou est-il fermé définitivement ?
paragraph2sentence.test-cqa-40-2,Le site Web d'avatars There.com semble être définitivement fermé.
paragraph2sentence.test-cqa-41-1,Hé  je vis aux États-Unis mais je suis obsédé par la musique Hiplife au Ghana. :) Je veux VRAIMENT regarder le Ghana Music Awards Festival le 10 avril 2010 pour voir si mes artistes préférés remportent (j'espère TOUS) les cinq prix pour lesquels ils ont été nominés. Existe-t-il un moyen de regarder la télévision ghanéenne pour que je puisse aussi voir l'émission ??? MERCI.
paragraph2sentence.test-cqa-41-2,Sur eBay  y a-t-il des frais pour réviser votre annonce ?
paragraph2sentence.test-cqa-42-1,J'utilise Firefox 2.0.0.2 (la dernière version de mon système d'exploitation Windows 98SE) et Yahoo! Les avatars n'apparaissent pas à l'écran. Est-ce que j'ai des paramètres erronés ou s'agit-il d'un problème ? IE 6.5 affiche les avatars mais est incroyablement lent.
paragraph2sentence.test-cqa-42-2,Le navigateur Web Firefox est une marque de confiance  tandis qu'Internet Explorer jouit d'une moins grande confiance auprès des utilisateurs.
paragraph2sentence.test-cqa-43-1,cela s'est produit beaucoup récemment (tout ce que j'obtiens  c'est le bon vieux X rouge) dans IE  alors j'ai essayé Firefox pour voir si IE était le problème et ce n'était pas le cas  il a fait la même chose dans Firefox  j'ai fait tout ce que Microsoft a mentionné sur son site Web et j'ai également essayé ce que cette personne a dit (http://forums.majorgeeks.com/showthread.php?t=30885) et j'ai vérifié quel format est l'image dans son jpg et il n'y a rien  juste un x rouge suivi d'un texte indiquant "image IPB".
paragraph2sentence.test-cqa-43-2,Je ne parviens pas à me débarrasser du gros X rouge dans IE qui apparaît là où l'image devrait le faire.
paragraph2sentence.test-cqa-44-1,J'ai récemment lancé un tumblr et j'ai jusqu'à présent 6 abonnés. Le seul problème est que je ne peux voir que 5 de ces abonnés  je ne peux pas voir la 6ème personne. Pourquoi est-ce ?
paragraph2sentence.test-cqa-44-2,Pourquoi ai-je tant de mal à ouvrir des sites Web via mon service téléphonique « Internet haut débit » ?
paragraph2sentence.test-cqa-45-1,Quelqu'un a-t-il déjà acheté l'iPod touch 8 Go de Lockerz ? J'économise pour ça et je voulais savoir de quelle génération il s'agit. De plus  est-ce qu'il est livré avec le wifi intégré ? et est-ce que quelqu'un en a commandé un et ne l'a pas reçu ?
paragraph2sentence.test-cqa-45-2,Le Wifi permet aux ordinateurs  smartphones et autres appareils de se connecter sans fil à Internet.
paragraph2sentence.test-cqa-46-1,Chaque fois que je démarre mon ordinateur  AOL apparaît dans mon navigateur Web avant même que j'ouvre le navigateur Web. J'ai essayé de réinitialiser ma page d'accueil et cela ne fonctionne pas. J'ai essayé de me déconnecter  ça ne marche pas non plus. Il me reconnecte également après cinq minutes. Un virus  peut-être ? Je n'en ai aucune idée. Je peux fermer l'écran de mon ordinateur portable  garder le navigateur Web ouvert et lorsque j'ouvre la sauvegarde de mon ordinateur portable  il ouvre un nouvel onglet sur AOL. Une idée sur la façon de résoudre ce problème ? Ça commence vraiment à devenir énervant. :/ Merci pour votre temps.
paragraph2sentence.test-cqa-46-2,Les pop-ups AOL me rendent fou même après avoir pensé l'avoir supprimé du système.
paragraph2sentence.test-cqa-47-1,appeler de l'Australie vers l'Italie est vraiment VRAIMENT mauvais ! la photo est mauvaise et les choses arrivent tard et je dois me répéter... Comment puis-je améliorer les choses pour pouvoir avoir une bonne conversation ???
paragraph2sentence.test-cqa-47-2,Comment puis-je améliorer ma connexion lorsque j'appelle l'Australie depuis l'Italie ?
paragraph2sentence.test-cqa-48-1,Des idées sur la cause du crash ? Peu importe le site sur lequel je me trouve (Youtube  Hulu  etc.)  mon ordinateur se bloque toujours après quelques minutes et je dois ensuite le redémarrer.
paragraph2sentence.test-cqa-48-2,Je dois souvent redémarrer mon ordinateur.
paragraph2sentence.test-cqa-49-1,J'ai été autorisé à accéder à la connexion Internet de mes voisins qui n'est pas sécurisée... c'est au milieu de nulle part donc personne d'autre ne pourra y accéder mais je me demandais si mes voisins pouvaient voir ce que je fais  mon email  les sites sur lesquels je suis et des trucs comme ça ?
paragraph2sentence.test-cqa-49-2,Existe-t-il un site Web sur lequel vous pouvez publier de manière anonyme des pensées ou des expériences ?
paragraph2sentence.test-cqa-50-1,je veux dire qu’il y a d’autres pays pauvres dans le monde qui pourraient faire cela. alors pourquoi le Nigeria est-il derrière presque tous  le gouvernement est-il impliqué ?
paragraph2sentence.test-cqa-50-2,Le gouvernement nigérian est-il responsable de sa position inférieure par rapport à de nombreux pays plus pauvres  ou existe-t-il une autre explication ?
paragraph2sentence.test-cqa-51-1,Je viens de télécharger Internet Explorer 8 sur mon ordinateur portable  mais je souhaite maintenant le supprimer pour pouvoir télécharger Google Chrome (ce qui  à mon avis  est meilleur)... Quelqu'un peut-il m'aider ?
paragraph2sentence.test-cqa-51-2,Comment puis-je supprimer Internet Explorer ?
paragraph2sentence.test-cqa-52-1,ok donc j'ai un compte tumblr. je veux rendre mon tumblr privé maintenant parce que je ne veux pas que les gens le voient. comment puis-je faire? je sais que je peux créer un nouveau blog sous le tumblr que j'utilise actuellement  mais je ne veux pas de ça. je veux que les gens doivent saisir un mot de passe pour voir mon tumblr. comment puis-je faire ça ?
paragraph2sentence.test-cqa-52-2,Comment rendre mon tumblr privé ?
paragraph2sentence.test-cqa-53-1,J'aimerais connaître les étapes à suivre pour ajouter à mon site Web une salle de discussion intégrant le chat vocal et éventuellement le chat vidéo. De quel logiciel ai-je besoin ? Ai-je besoin d'un hôte ? ETC....
paragraph2sentence.test-cqa-53-2,Comment puis-je parler avec mes proches par chat vidéo ?
paragraph2sentence.test-cqa-54-1,Je veux donc acheter du liquide pour briquet Zippo sur Amazon mais je ne sais pas ce qu'est la via ground. Est-ce ups ou usps ?
paragraph2sentence.test-cqa-54-2,Je cherche à vendre mes DVD sur eBay. Pouvez-vous m'aider ?
paragraph2sentence.test-cqa-55-1,Mon petit ami est au travail pour facturer des soins médicaux et il me parle via Aim Express. ses employeurs peuvent-ils suivre notre conversation ?
paragraph2sentence.test-cqa-55-2,Généralement  un cours dans une faculté de médecine prendra au moins 5 ans.
paragraph2sentence.test-cqa-56-1,Mon frère et moi avons chacun notre propre compte Lockerz. Si nous devions obtenir beaucoup de PTZ et obtenir un prix  pouvons-nous l'envoyer dans la même maison ? En gros  a-t-on le droit d’avoir plus d’un compte par foyer ?
paragraph2sentence.test-cqa-56-2,Mon frère et moi vivons dans la même maison.
paragraph2sentence.test-cqa-57-1,J'aimerais créer un blog  mais je ne sais pas trop quel domaine dois-je écrire. Alors quoi de mieux en termes de personnalisation et de simplicité ? Ce serait d'une grande aide si vous pouviez expliquer les avantages et les inconvénients...
paragraph2sentence.test-cqa-57-2,Quels sont les bons sites de blogs à utiliser ?
paragraph2sentence.test-cqa-58-1,Je tape le site Web que je veux dans mon navigateur et lorsque les résultats apparaissent  je clique sur le lien et un autre site Web apparaît. Je dois ensuite cliquer sur le bouton de retour et cliquer à nouveau sur le lien  puis cela m'amènera là où je voulais aller en premier lieu. Cela arrive souvent maintenant. Pourquoi?
paragraph2sentence.test-cqa-58-2,Le petit renard brun sauta par-dessus la bûche en feu.
paragraph2sentence.test-cqa-59-1,J'ai les lettres L  i  B  E et S. Quelqu'un connaît le mot ?
paragraph2sentence.test-cqa-59-2,J'ai besoin d'aide pour résoudre un casse-tête mondial.
paragraph2sentence.test-cqa-60-1,Ce type est vraiment intéressé par le téléphone portable que je vends  le fait est qu'il n'a jamais acheté quoi que ce soit auparavant. J'ai entendu parler d'escrocs qui achètent quelque chose et vous paient  mais lorsque vous leur envoyez le produit  ils retirent à nouveau l'argent. est-ce vrai ?
paragraph2sentence.test-cqa-60-2,J'essaie de vendre un téléphone sur Internet  mais je ne sais pas comment l'emballer. Quelqu'un pourrait-il me recommander le moyen le plus sûr ?
paragraph2sentence.test-cqa-61-1,Ok  alors je veux votre conseil SÉRIEUX. Autrement dit  j'ai besoin que tu réfléchisses pour moi. Il y a un comédien que j'aime bien  je ne dirai pas qui mais vous n'avez probablement jamais entendu parler de lui. Il a beaucoup de succès en ligne et  comme la plupart des bons comédiens  il a un Twitter. Et c'est hilarant. Le seul problème est qu'il ne tweete jamais personne  il écrit juste des choses amusantes. Si je continue de lui tweeter des choses amusantes  pensez-vous qu'il finira par me remarquer ? Ou tu penses que je suis un harceleur ? Je pense juste qu'il est le plus cool et je veux que lui et moi nous rencontrions. Ce n'est pas Tom Cruise mais il a participé à des choses importantes. Je sais aussi qu'il est célibataire. Autre problème : il vit à Los Angeles et moi à New York  mais ce n'est pas un si gros problème...
paragraph2sentence.test-cqa-61-2,Je veux vraiment rencontrer mon comédien préféré parce que je pense qu'il est le plus cool et je sais qu'il est célibataire  mais il vit en Californie et moi à New York.
paragraph2sentence.test-cqa-62-1,Je n'ai aucune utilité pour un autre compte megaupload premium  j'y ai un compte à vie. De plus  je voulais essayer de télécharger des fichiers sur rapidshare pour obtenir quelques points  mais j'ai ensuite vu que rapidshare était mauvais et vous obligeait à acheter un compte avant d'essayer d'obtenir des points... Alors voyons avec hotfile  netload  depositfiles ou d'autres hébergeurs ont à offrir ? Merci
paragraph2sentence.test-cqa-62-2,Qu'ont à offrir hotfile  netload  depositfiles et autres hébergeurs ?
paragraph2sentence.test-cqa-63-1,Hé  comment puis-je visualiser les caméras de sécurité réseau de mon école ? Dans mon école  je peux visualiser toutes les caméras de sécurité réseau sur un ordinateur de l'école. Comment faire cela à la maison ? Je connais l'adresse IP de mon école...
paragraph2sentence.test-cqa-63-2,Où puis-je télécharger Dj Earworm Mash Up 2009  la faute à la pop ?
paragraph2sentence.test-cqa-64-1,Après avoir été banni par Gmail  Yahoo semble le savoir comme par magie et m'empêche de publier des réponses sur Yahoo en raison d'une « activité réseau inhabituelle » provenant de mon adresse IP. Google transmet-il des informations sur mon utilisation à Yahoo ?
paragraph2sentence.test-cqa-64-2,Un compte de messagerie peut-il envoyer des informations à un autre pour ne pas me permettre d'y accéder ?
paragraph2sentence.test-cqa-65-1,J'ai besoin de savoir qui habite à une adresse particulière  comme son nom  son numéro de téléphone  etc. existe-t-il une recherche en ligne qui peut m'aider ?
paragraph2sentence.test-cqa-65-2,Je dois trouver une adresse particulière.
paragraph2sentence.test-cqa-66-1,Donc  fondamentalement  la maison dans laquelle je loue une chambre dispose du câble DirecTV et d'AT&T pour un fournisseur de services Internet. Mais je souhaite avoir accès à Internet par câble Time Warner dans ma chambre. Est-ce que cela serait possible ? Merci pour toute aide!
paragraph2sentence.test-cqa-66-2,Je regarde des manettes Xbox 360 rouges sur eBay et il est indiqué : État : tel quel  qu'est-ce que cela signifie ?
paragraph2sentence.test-cqa-67-1,Salut  je veux devenir hacker mais je ne sais pas comment le devenir. Y a-t-il un guide sur internet ? Ou quelqu'un peut-il m'aider à le devenir ? S'il vous plaît  aidez-moi :) J'ai vraiment besoin d'aide :O
paragraph2sentence.test-cqa-67-2,Pourquoi mon ami a-t-il une si mauvaise connexion avec mw2 ?
paragraph2sentence.test-cqa-68-1,Eh bien  je viens de redémarrer tout mon ordinateur  effaçant tout. Eh bien  d'une manière ou d'une autre  j'ai attrapé ce virus  et lorsque je recherche quelque chose et que je clique sur le lien  cela m'amène aux mauvais liens qui sont des escroqueries  également avec mon bloqueur de pop-up Internet activé  des pop-ups sur les escroqueries apparaissent. Et même si j'ai Internet  mon Google Chrome ne se chargera pas. J'ai exécuté mon antivirus Symantec et il ne parvient pas à le détecter. ni les octets de logiciels malveillants  ni Spyware Doctor  ni Avira. quelqu'un peut-il aider ?
paragraph2sentence.test-cqa-68-2,Je n'arrive pas à me débarrasser d'un virus sur mon ordinateur donc je cherche de l'aide ou des conseils !
paragraph2sentence.test-cqa-69-1,Juste pour le plaisir  je pense créer un faux profil de rencontre et télécharger des photos d'un modèle masculin vraiment sexy juste pour voir quel genre de réponses je reçois de la part des femmes. Je ne répondrais pas  je ne les dirigerais pas ou quoi que ce soit. Je ne suis pas si cruel. Est-ce que ce serait drôle comme l'enfer ou au-delà des limites  ou les deux  ou ni l'un ni l'autre ?
paragraph2sentence.test-cqa-69-2,Un premier rendez-vous a tendance à être une rencontre en tête-à-tête dans un lieu public afin que les participants puissent mieux se connaître et voir s'ils sont compatibles.
paragraph2sentence.test-cqa-70-1,Pensez-vous qu'ils vont commencer à nous facturer pour utiliser Internet. Je veux dire  facturez-nous lorsque nous passons à des pages différentes. Vont-ils nous facturer parce qu’ils manquent de noms de domaine ?
paragraph2sentence.test-cqa-70-2,Internet deviendra-t-il prohibitif ?
paragraph2sentence.test-cqa-71-1,Si je parle de « comment aider les gens »  des problèmes mondiaux  etc.  sur quels sujets aimeriez-vous voir un blog ? Aussi  pourriez-vous y jeter un oeil et voir si tout va bien ? outsideyourbubble.wordpress.com Je ne sais tout simplement pas de quoi parler ou si je suis sur la bonne voie :(
paragraph2sentence.test-cqa-71-2,Je peux cingler les sites Web mais aucun navigateur ne peut afficher les pages Web ?
paragraph2sentence.test-metaphoric-72-1,Deux hommes voyageaient ensemble  quand un ours les rencontra soudain sur leur chemin. L'un d'eux grimpa précipitamment dans un arbre et se cacha dans les branches. L'autre  voyant qu'il fallait l'attaquer  tomba à terre  et quand l'ours s'approcha et le toucha avec son museau et le sentit partout  il retint son souffle et feignit l'apparence de la mort autant qu'il put. L'ours le quitta bientôt  car on dit qu'il ne touchera pas un cadavre. Lorsqu'il fut complètement parti  l'autre voyageur descendit de l'arbre et demanda en plaisantant à son ami ce que l'ours lui avait murmuré à l'oreille. «Il m'a donné ce conseil»  répondit son compagnon. « Ne voyagez jamais avec un ami qui vous abandonne à l'approche du danger.
paragraph2sentence.test-metaphoric-72-2,Ne voyagez jamais avec un ami qui vous abandonne à l'approche du danger.
paragraph2sentence.test-metaphoric-73-1,Une biche aveugle d'un œil avait l'habitude de paître le plus près possible du bord de la falaise  dans l'espoir d'assurer une plus grande sécurité. Elle tourna son œil sain vers la terre pour être au courant des premières nouvelles de l'approche d'un chasseur ou d'un chien  et son œil blessé vers la mer  d'où elle ne prévoyait aucun danger. Quelques bateliers qui passaient par là l'aperçurent et  ayant réussi à viser  la blessèrent mortellement. Renvoyant son dernier souffle  elle poussa cette plainte : « Ô misérable créature que je suis ! prendre de telles précautions contre la terre  et après tout trouver ce bord de mer  où j'étais venu pour me mettre en sécurité  bien plus périlleux.
paragraph2sentence.test-metaphoric-73-2,La chasse en mer est une technique habituelle pour surprendre les animaux des régions littorales.
paragraph2sentence.test-metaphoric-74-1,Un aigle a fait son nid au sommet d'un chêne élevé ; un Chat  ayant trouvé un trou commode  s'installa au milieu du tronc ; et une laie sauvage  avec ses petits  s'abritait dans un creux à son pied. Le Chat résolut astucieusement de détruire cette colonie créée par hasard. Pour réaliser son dessein  elle grimpa jusqu'au nid de l'Aigle et dit : « La destruction se prépare pour vous  et pour moi aussi  malheureusement. La Truie Sauvage  que vous voyez quotidiennement creuser la terre  veut déraciner le chêne  afin qu'à sa chute  elle puisse s'emparer de nos familles pour nourrir ses petits. Après avoir ainsi effrayé l'Aigle  elle se glissa jusqu'à la grotte de la Truie et dit : « Vos enfants sont en grand danger ; car dès que vous sortez avec votre litière pour chercher de la nourriture  l'Aigle est prêt à se jeter sur un de vos petits cochons. Ayant inculqué ces craintes à la Truie  elle alla faire semblant de se cacher au creux de l'arbre. La nuit venue  elle sortit d'un pas silencieux et alla chercher de la nourriture pour elle et ses chatons  mais feignant d'avoir peur  elle resta aux aguets toute la journée. Pendant ce temps  l'Aigle  pleine de peur de la Truie  restait assise sur les branches  et la Truie  terrifiée par l'Aigle  n'osait pas sortir de sa grotte. Et c'est ainsi qu'ils périrent tous deux  ainsi que leurs familles  de faim et qu'ils purent subvenir à leurs besoins suffisants pour le chat et ses chatons.
paragraph2sentence.test-metaphoric-74-2,Instiller la peur chez ceux qui pourraient vous gêner peut vous être bénéfique.
paragraph2sentence.test-metaphoric-75-1,Un jour un compatriote se rendant au nid de son Oie y trouva un œuf tout jaune et scintillant. Lorsqu'il l'a ramassé  il était aussi lourd que du plomb et il allait le jeter  car il pensait qu'on lui avait joué un tour. Mais il l'emporta chez lui après y avoir réfléchi et découvrit bientôt  avec grand plaisir  qu'il s'agissait d'un œuf d'or pur. Chaque matin  la même chose se produisait  et il devint bientôt riche en vendant ses œufs. À mesure qu'il devenait riche  il devenait avare ; et pensant obtenir immédiatement tout l'or que l'Oie pouvait donner  il la tua et l'ouvrit pour ne rien trouver.
paragraph2sentence.test-metaphoric-75-2,Une oie magique pond des œufs d’or pur.
paragraph2sentence.test-metaphoric-76-1,Un chien rentrait chez lui avec son dîner  un gros morceau de viande  dans la gueule. Sur le chemin du retour  il marcha au bord d’une rivière. En regardant dans la rivière  il aperçut un autre chien avec un beau morceau de viande dans la gueule. «Je veux aussi cette viande»  pensa le chien  et il lui cria dessus pour qu'il attrape sa viande  ce qui le fit jeter son dîner dans la rivière.
paragraph2sentence.test-metaphoric-76-2,Ceux qui prétendent être ce qu’ils ne sont pas se retrouvent tôt ou tard dans l’eau profonde.
paragraph2sentence.test-metaphoric-77-1,Un aigle planait dans les airs quand soudain il entendit le sifflement d'une flèche et se sentit blessé à mort. Lentement  il flotta jusqu'à la terre  son sang s'en échappant. Regardant la flèche avec laquelle il avait été percé  il découvrit que la hampe de la flèche avait été ornée d'un de ses propres panaches. 'Hélas!' il s'écria en mourant : « Nous donnons souvent à nos ennemis les moyens de notre propre destruction.
paragraph2sentence.test-metaphoric-77-2,Les ennemis sont souvent capables de profiter des choses que nous leur donnons ou révélons sur nous-mêmes.
paragraph2sentence.test-metaphoric-78-1,Un palefrenier passait des journées entières à étriller et à frotter son cheval  mais en même temps il volait son avoine et la vendait pour son propre profit. 'Hélas!' dit le Cheval  si tu veux vraiment que je sois en bonne forme  tu devrais me toiletter moins et me nourrir davantage.
paragraph2sentence.test-metaphoric-78-2,Les chevaux ont besoin de nourriture pour être à leur meilleur.
paragraph2sentence.test-metaphoric-79-1,Un homme et sa femme possédaient une oie très spéciale. Chaque jour  la poule pondait un œuf d'or  ce qui rendait le couple très riche. " Pensez-y  " dit la femme de l'homme  " si nous pouvions avoir tous les œufs d'or qui sont à l'intérieur de la poule  nous pourrions devenir plus riches beaucoup plus rapidement. " « Vous avez raison  dit son mari  nous n'aurions pas à attendre que la poule ponde son œuf tous les jours. Ainsi  le couple a tué l’oie et l’a ouverte  pour découvrir qu’elle était comme toutes les autres oies. Elle n’avait pas d’œufs d’or en elle  et eux n’avaient plus d’œufs d’or.
paragraph2sentence.test-metaphoric-79-2,La qualité vaut mieux que la quantité.
paragraph2sentence.test-metaphoric-80-1,Un mulet  espiègle à cause du manque de travail et de l'excès de maïs  galopait d'une manière très extravagante et se disait : « Mon père était sûrement un coureur passionné  et je suis son propre enfant en termes de vitesse et d'esprit. Le lendemain  après un long voyage et se sentant très fatigué  il s'écria d'un ton inconsolable : « J'ai dû me tromper ; mon père  après tout  ne pouvait être qu'un âne.
paragraph2sentence.test-metaphoric-80-2,En raison du prix élevé des chevaux  les courses d'ânes étaient populaires au Moyen Âge.
paragraph2sentence.test-metaphoric-81-1,Un avare vendit tout ce qu'il possédait et acheta un morceau d'or qu'il enfouit dans un trou dans le sol à côté d'un vieux mur et qu'il allait visiter quotidiennement. Un de ses ouvriers observa ses fréquentes visites sur place et décida de surveiller ses déplacements. Il découvrit bientôt le secret du trésor caché  et en creusant  il arriva au morceau d'or et le vola. L'Avare  lors de sa prochaine visite  trouva le trou vide et commença à s'arracher les cheveux et à faire de fortes lamentations. Un voisin  le voyant accablé de chagrin et en apprenant la cause  lui dit : « Je vous en prie  ne vous affligez pas ainsi ; mais va prendre une pierre  et mets-la dans le trou  et imagine que l'or est encore là. Cela vous rendra tout à fait le même service ; car lorsque l'or était là  vous ne l'aviez pas  car vous n'en avez pas fait le moindre usage.
paragraph2sentence.test-metaphoric-81-2,L'ouvrier a utilisé l'or pour acheter une nouvelle maison.
paragraph2sentence.test-metaphoric-82-1,Une génisse vit un bœuf attelé à une charrue travailler dur et le tourmenta en réfléchissant sur son sort malheureux en étant obligé de travailler. Peu de temps après  lors de la fête des récoltes  le propriétaire détacha le bœuf de son joug  mais attacha la génisse avec des cordes et l'emmena à l'autel pour qu'elle soit immolée en l'honneur de l'occasion. Le bœuf vit ce qui se passait et dit en souriant à la génisse : « C'est pour cela qu'on t'a permis de vivre dans l'oisiveté  parce que tu devais bientôt être sacrifié. »
paragraph2sentence.test-metaphoric-82-2,Les personnes qui vivent sans rien faire peuvent servir un objectif encore inconnu.
paragraph2sentence.test-metaphoric-83-1,Un agriculteur a placé des filets sur ses labours nouvellement semés et a attrapé un certain nombre de grues qui sont venues ramasser ses graines. Avec eux  il a piégé dans le filet une cigogne qui s'était fracturée la jambe et implorait sincèrement le fermier de lui épargner la vie. « Je vous prie de me sauver  Maître  dit-il  et de me libérer cette fois. Mon membre cassé devrait exciter votre pitié. D'ailleurs  je ne suis pas une grue  je suis une cigogne  un oiseau d'un excellent caractère ; et voyez comme j'aime et esclave pour mon père et ma mère. Regardez aussi mes plumes : elles ne ressemblent pas du tout à celles d'une grue. Le fermier éclata de rire et dit : « C'est peut-être comme vous le dites  je sais seulement ceci : je vous ai emmené avec ces voleurs  les Grues  et vous devez mourir en leur compagnie.
paragraph2sentence.test-metaphoric-83-2,Les gens seront jugés en fonction de la compagnie qu’ils fréquentent.
paragraph2sentence.test-metaphoric-84-1,Un chien  ayant lancé un lièvre sur le flanc de la colline  la poursuivit sur une certaine distance  tantôt la mordant avec ses dents comme s'il voulait lui ôter la vie  tantôt la flattant comme s'il jouait avec un autre chien. Le lièvre lui dit : « J'aimerais que tu agis sincèrement envers moi et que tu te montres sous tes vraies couleurs. Si vous êtes un ami  pourquoi me mordez-vous si fort ? Si vous êtes un ennemi  pourquoi me flattez-vous ?
paragraph2sentence.test-metaphoric-84-2,Agir à la fois amicalement et agressif est déroutant.
paragraph2sentence.test-metaphoric-85-1,Un Chasseur  peu audacieux  cherchait les traces d'un Lion. Il a demandé à un homme qui abattait des chênes dans la forêt s'il avait vu des traces de ses pas ou s'il savait où se trouvait son antre. « Je vais vous montrer tout de suite le Lion lui-même  » dit l'homme. Le Chasseur  devenu très pâle et claquant des dents de peur  répondit : « Non  merci. Je n'ai pas demandé cela; c'est sa trace que je recherche  pas le Lion lui-même.
paragraph2sentence.test-metaphoric-85-2,Les lions inspirent la peur  même aux chasseurs.
paragraph2sentence.test-metaphoric-86-1,Un cerf  vivement poursuivi par les chiens  s'enfuit dans une étable à bœufs et s'enfonça dans une botte de foin  ne laissant voir que le bout de ses cornes. Peu de temps après  les chasseurs sont arrivés et ont demandé si quelqu'un avait vu le cerf. Les garçons d'écurie  qui s'étaient reposés après leur dîner  regardèrent autour d'eux  mais ne virent rien  et les Chasseurs s'en allèrent. Peu de temps après  le maître entra et  regardant autour de lui  vit que quelque chose d'inhabituel s'était produit. Il montra la botte de foin et dit : « Que sont ces deux choses curieuses qui sortent du foin ? Et quand les garçons d'écurie sont venus voir  ils ont découvert le cerf et en ont bientôt fini avec lui. Il apprend ainsi que rien n'échappe au regard du maître.
paragraph2sentence.test-metaphoric-86-2,Les bois de cerf rendent difficile le camouflage de l'animal en milieu urbain.
paragraph2sentence.test-metaphoric-87-1,Un homme dont les cheveux devenaient gris avait deux femmes. L’une des épouses était beaucoup plus jeune que l’homme et l’autre était beaucoup plus âgée. L’épouse plus âgée était gênée d’être mariée à un homme beaucoup plus jeune qu’elle. La nuit  chaque fois qu'il était avec elle  elle lui arrachait tous les cheveux qui n'étaient pas gris. La jeune femme était également gênée d’être mariée à un homme beaucoup plus âgé qu’elle. La nuit  chaque fois qu'il était avec elle  elle arrachait tous les poils gris. Entre les deux épouses  l’homme se retrouva bientôt sans cheveux sur la tête.
paragraph2sentence.test-metaphoric-87-2,Les apparences sont trompeuses.
paragraph2sentence.test-metaphoric-88-1,Le Singe  dit-on  a deux petits à chaque naissance. La Mère caresse l’un et le nourrit avec la plus grande affection et le plus grand soin  mais déteste et néglige l’autre. Il arriva autrefois que le jeune qui était caressé et aimé était étouffé par la trop grande affection de la Mère  tandis que le méprisé était nourri et élevé malgré la négligence à laquelle il était exposé.
paragraph2sentence.test-metaphoric-88-2,Les bébés singes négligés périssent souvent à cause de l’exposition aux éléments.
paragraph2sentence.test-metaphoric-89-1,Un homme qui voulait acheter un âne se rendit au marché et  rencontrant une bête d'apparence probable  s'arrangea avec le propriétaire pour qu'il soit autorisé à le ramener chez lui pour un procès afin de voir à quoi il ressemblait. Arrivé chez lui  il le mit dans son écurie avec les autres ânes. Le nouveau venu jeta un coup d'œil autour de lui et alla immédiatement choisir une place à côté de la bête la plus paresseuse et la plus gourmande de l'écurie. Quand le maître vit cela  il lui attacha immédiatement un licou  l'emmena et le remit à son propriétaire. Ce dernier fut très surpris de le voir revenir si tôt et dit : « Pourquoi  voulez-vous dire que vous l'avez déjà testé ? "Je ne veux plus lui faire subir de tests"  répondit l'autre. "J'ai pu voir quel genre de bête il était grâce au compagnon qu'il s'est choisi."
paragraph2sentence.test-metaphoric-89-2,Votre choix d’amis en dit long sur qui vous êtes.
paragraph2sentence.test-metaphoric-90-1,Un marin  parti pour un long voyage  emmenait avec lui un singe pour s'amuser à bord du navire. Alors qu'il naviguait au large des côtes grecques  une violente tempête éclata dans laquelle le navire fit naufrage et lui  son singe et tout l'équipage furent obligés de nager pour sauver leur vie. Un dauphin aperçut le singe luttant contre les vagues et  supposant qu'il s'agissait d'un homme (avec lequel on dit toujours qu'il se lie d'amitié)  il vint se placer sous lui pour le transporter sur son dos en toute sécurité jusqu'au rivage. Lorsque le Dauphin arriva avec son fardeau en vue de la terre non loin d'Athènes  il demanda au Singe s'il était Athénien. Ce dernier répondit qu'il l'était et qu'il descendait d'une des familles les plus nobles de cette ville. Le Dauphin lui demanda alors s'il connaissait le Pirée (le célèbre port d'Athènes). Supposant qu'il s'agissait d'un homme  le Singe répondit qu'il le connaissait très bien et qu'il était un ami intime. Le Dauphin  indigné de ces mensonges  plongea le Singe sous l'eau et le noya.
paragraph2sentence.test-metaphoric-90-2,Les singes ne peuvent pas nager sur de longues distances et évitent les eaux libres.
paragraph2sentence.test-metaphoric-91-1,Le cerf buvait autrefois dans une piscine et admirait la noble figure qu'il y faisait. « Ah  dit-il  où pouvez-vous voir des cornes aussi nobles que celles-ci  avec de tels bois ! J'aimerais avoir des jambes plus dignes de porter une si noble couronne ; c'est dommage qu'ils soient si minces et si légers. A ce moment un Chasseur s'approcha et envoya une flèche sifflant après lui. Le cerf s'éloigna et bientôt  grâce à ses jambes agiles  il fut presque hors de vue du chasseur ; mais ne s'apercevant pas où il allait  il passa sous quelques arbres aux branches basses dans lesquelles ses bois étaient pris  afin que le chasseur ait le temps de remonter. 'Hélas! Hélas!' s'écria le Cerf : Nous méprisons souvent ce qui nous est le plus utile.
paragraph2sentence.test-metaphoric-91-2,Les cerfs ont des pattes agiles qui leur permettent de s'échapper rapidement des situations dangereuses.
paragraph2sentence.test-metaphoric-92-1,L'âne et le renard  s'étant associés pour leur protection mutuelle  sortirent dans la forêt pour chasser. Ils n'étaient pas allés bien loin lorsqu'ils rencontrèrent un Lion. Le Renard  voyant un danger imminent  s'approcha du Lion et lui promit d'arranger pour lui la capture de l'Âne si le Lion s'engageait à ne pas nuire au Renard. Puis  après avoir assuré à l'Âne qu'il ne serait pas blessé  le Renard le conduisit jusqu'à une fosse profonde et fit en sorte qu'il y tombe. Le Lion  voyant que l'Âne était en sécurité  saisit immédiatement le Renard et attaqua l'Âne à loisir.
paragraph2sentence.test-metaphoric-92-2,Vendre un ami peut finir par vous mordre.
paragraph2sentence.test-metaphoric-93-1,Une femme du monde a trouvé une jarre vide qui avait récemment été remplie de vieux vin de première qualité et qui conservait encore l'odeur parfumée de son ancien contenu. Elle le porta avidement plusieurs fois à son nez et  le tirant d'avant en arrière  dit : « Ô le plus délicieux ! Comme le vin lui-même devait être bon  lorsqu'il laisse dans le vase même qui le contenait un si doux parfum !
paragraph2sentence.test-metaphoric-93-2,Correctement nettoyée  une bouteille de vin peut être recyclée et utilisée pour faire vieillir du vin nouveau.
paragraph2sentence.test-metaphoric-94-1,Un coq très affamé grattait et creusait la terre à la recherche de nourriture. Il a gratté et creusé et a finalement trouvé un magnifique bijou. Il était étonné de voir à quel point la pierre précieuse brillait. «C'est une chose très fine et très belle»  pensa-t-il  «mais je préférerais plutôt avoir un savoureux grain de maïs.»
paragraph2sentence.test-metaphoric-94-2,Vous pouvez partager les travaux des grands  mais vous ne partagerez pas le butin.
paragraph2sentence.test-metaphoric-95-1,Un homme conduisait son âne sur une route  lorsque l'âne se libéra et courut jusqu'au bord d'une haute falaise. L'homme a couru aussi vite qu'il a pu vers l'âne et a attrapé sa queue pour empêcher l'âne de tomber du bord de la falaise. Mais l'âne était têtu ; plus l'homme essayait de l'arrêter  plus l'âne tirait dans l'autre sens. "Eh bien " dit l'homme  "si vous êtes déterminé à suivre votre propre chemin  je ne peux pas vous arrêter."
paragraph2sentence.test-metaphoric-95-2,Le souvenir d’une bonne action perdure.
paragraph2sentence.test-metaphoric-96-1,Une mouche mordit la tête nue d'un Homme Chauve qui  voulant la détruire  se donna une lourde gifle. S'échappant  la Mouche dit d'un ton moqueur : « Toi qui as souhaité venger  même par la mort  la piqûre d'un minuscule insecte  vois ce que tu t'es fait pour ajouter l'insulte à l'injure ? L'homme chauve a répondu : « Je peux facilement faire la paix avec moi-même  car je sais qu'il n'y avait aucune intention de faire du mal. Mais toi  insecte méchant et méprisable qui aime sucer le sang humain  j'aurais aimé pouvoir te tuer même si j'avais encouru une peine plus lourde.
paragraph2sentence.test-metaphoric-96-2,Les gens feront de grands efforts – même en se blessant – pour réparer les injustices perçues.
paragraph2sentence.test-metaphoric-97-1,Les souris  frustrées par les dangers constants du chat  se réunissent en conseil pour trouver une solution à leur défi fatiguant. Ils discutèrent et rejetèrent également plan après plan. Finalement  une très jeune souris se dressa sur ses pattes arrière et proposa d'accrocher une cloche autour du cou du chat. « Quelle magnifique idée ! » ils ont pleuré. « Excellente suggestion ! » "Oh oui  ça avertirait très bien de la présence du chat à temps pour s'échapper !" Ils acceptaient la proposition avec beaucoup d'enthousiasme et d'applaudissements  jusqu'à ce qu'une vieille souris tranquille se lève pour parler. "C'est en effet une très bonne suggestion et résoudrait sans aucun doute nos problèmes"  dit-il. "Maintenant  lequel d'entre nous mettra la clochette autour du cou du chat ?"
paragraph2sentence.test-metaphoric-97-2,Honesty is the best policy.
paragraph2sentence.test-review-98-1,Veuillez surveiller les dates des codes. Vérifiez dès que vous les recevez. J'ai réalisé trop tard que je ne pourrais pas les utiliser avant la date de péremption. J'aurais dû les renvoyer immédiatement.
paragraph2sentence.test-review-98-2,Soyez prudent et examinez les dates de péremption des produits expédiés avant de les utiliser.
paragraph2sentence.test-review-99-1,Je ne pensais pas que ce café Copper Moon Panama Bouquete serait si génial en raison de son prix bas  mais bas et voilà  cela m'a bien trompé. Il s'agit d'un excellent café en grains  d'une très belle torréfaction qui offre un goût très moelleux. Bon café tout autour  je le recommanderai certainement à d'autres amateurs de café. Merci Amazon.com pour un autre excellent produit à un prix très bas.
paragraph2sentence.test-review-99-2,Malgré son prix bas proposé par amazon.com  le café Copper Moon Bouquete est un café en grains entiers offrant un très haut niveau de goût de torréfaction moelleuse qui saura satisfaire les amateurs de café.
paragraph2sentence.test-review-100-1,Si vous avez un magasin de nostalgie (ou un autre magasin susceptible de proposer des bonbons nostalgiques)  allez-y. Pour 18 $  vous n'obtenez pas beaucoup de bonbons. Oui  certains d'entre eux sont vraiment fantastiques et délicieux  mais ils semblent avoir été reconditionnés à partir de productions récentes de bonbons. La boîte est également un peu petite et contient des confettis en papier froissé pour l'effet (je suppose ?)  mais elle prend beaucoup de place dans la boîte. En tout : j'aurais aimé qu'il y ait assez de bonbons pour justifier de payer 18 $ pour cela  mais il n'y en avait vraiment pas.
paragraph2sentence.test-review-100-2,Les bonbons nostalgiques sont trop chers pour le montant que vous obtenez réellement.
paragraph2sentence.test-review-101-1,Better Than Milk en poudre est le meilleur produit à base de soja sur le marché. C'est délicieux  nutritif et facile à utiliser dans d'autres recettes. Je ne peux même pas l'obtenir localement et un magasin local le stockait.
paragraph2sentence.test-review-101-2,Le produit à base de soja – Better Than Milk Powder  est savoureux  nutritif et polyvalent.
paragraph2sentence.test-review-102-1,Ce produit n'est pas un gadget. J'hésitais à dépenser encore plus d'argent pour ma cafetière Keurig. J'adore l'idée derrière le Keurig  je n'ai pas de problème avec certaines K-Cups  mais je voulais vraiment avoir la liberté d'utiliser principalement des mélanges Peets ou Starbucks. Le capuchon My K fonctionne bien mieux que le filtre My K Cup qui est fait pour Keurig. Le filtre My K Cup est horrible  il produit une tasse de café aqueuse qui n'est pas du tout du café  plutôt du thé. Je le recommande vivement.
paragraph2sentence.test-review-102-2,My k cap est une excellente alternative à la tasse Keurig K puisque vous pouvez utiliser votre café préféré.
paragraph2sentence.test-review-103-1,Je mange ce gruau depuis quelques années maintenant et je l'adore toujours ! C'est génial de commencer la journée du bon pied avec des glucides sains  beaucoup de fibres et un ventre plein. Ce gruau cuit en 1 ½ minute  c'est donc rapide et facile. Voici la répartition nutritionnelle : Grammes 45 Calories 160 Graisse totale 2 grammes Cholestérol 0 gramme Sodium 260 mg Glucides totaux 34 g Fibres 10 grammes Protéines 4 grammes Dans l'ensemble  c'est vraiment génial. J'ajoute quelques raisins secs pour un peu de variété et voilà  un petit-déjeuner parfait.
paragraph2sentence.test-review-103-2,Ce gruau avec quelques raisins secs est vraiment génial.
paragraph2sentence.test-review-104-1,J'ai planté le premier lot d'herbe de blé pour mon chat. La germination est rapide et le taux est élevé. Mon chat adore son petit bol de salaire. Le prix est difficile à battre – le meilleur prix que j’ai trouvé sur Internet. J'ai l'intention de commander d'autres graines pour moi-même à faire germer.
paragraph2sentence.test-review-104-2,L'herbe de blé a un taux de germination rapide et mon chat l'adore.
paragraph2sentence.test-review-105-1,J'adore ce pop-corn  juste un soupçon de beurre et pas trop salé. ce n'est certainement pas une dégustation artificielle  car il n'y a rien d'artificiel dedans ! c'est pourquoi nous en mangeons. le pop-corn contient de bonnes fibres et constitue une collation saine  sans farine blanche ni sucre.
paragraph2sentence.test-review-105-2,Ce popcorn n'est pas trop beurré !
paragraph2sentence.test-review-106-1,J'ai acheté ce produit dans le cadre de ma quête d'une garniture vraiment beurrée pour le pop-corn au micro-ondes. C'est la troisième marque d'huile que j'achète et je pense que je vais continuer à chercher. On obtient une émulsion épaisse et crémeuse avec un léger goût de beurre. J'ai trouvé des notes crémeuses prononcées dans une dégustation crue. Elle se séparera légèrement au repos  même si l'étiquette ne le dit pas  bien agiter avant utilisation. Comme prévu  l'ajout de cette huile au pop-corn fraîchement éclaté produit un produit fini huileux  semi-crémeux et très légèrement beurré. L'ajout de sel éclatant nature complète le processus pour obtenir un pop-corn très sympathique. Ce produit n'est pas dans la même classe qu'un pop-corn de style cinéma  mais satisferait facilement quelqu'un à la recherche d'un profil de saveur alternatif. La texture crémeuse de l’huile donne au pop-corn fini une sensation en bouche agréable et soyeuse.
paragraph2sentence.test-review-106-2,Dans ma quête pour trouver une garniture vraiment beurrée pour le pop-corn au micro-ondes  j'ai découvert que l'huile  le sel que vous utilisez et bien agiter avant de servir sont des facteurs importants pour obtenir ce goût de beurre soyeux et parfumé.
paragraph2sentence.test-review-107-1,La meilleure boisson énergisante de tous les temps. Idéal pour donner une énergie durable tout au long de la journée. Moins cher que le redbull  et bien plus efficace (et meilleur goût). BOIRE ET ÊTRE HEUREUX :)
paragraph2sentence.test-review-107-2,Il s'agit d'une boisson énergisante qui donne une énergie durable – elle est meilleure que Redbull à tous égards !
paragraph2sentence.test-review-108-1,J’aime tellement cette soupe que je l’ai en recharge automatique. Je vais recevoir une box tous les trois mois ! Agréable et épicé et bonne saveur. J'aime jeter quelques morceaux de poulet ou de porc dans le bol et c'est délicieux. Déplacez-vous sur Ramen Noodles  il y a un nouveau venu dans le quartier et il est grand !... Si vous n'aimez pas les piments forts  n'achetez pas celui-ci  il a vraiment du mordant !!
paragraph2sentence.test-review-108-2,La soupe au piment fort atteint des chiffres de vente élevés en Asie de l'Est.
paragraph2sentence.test-review-109-1,Ce café n'a pas bon goût du tout. Je ne peux même pas décrire ce que je goûte réellement  mais cela n'a pas le goût du café ou du café vanillé. La seule bonne chose que mes collègues disent de ce café  c'est qu'une fois infusé  il sent les crêpes et le sirop. Je n'achèterai plus jamais ça.
paragraph2sentence.test-review-109-2,Ça rend mes cheveux beaucoup moins crépus et ça sent tellement bon !
paragraph2sentence.test-review-110-1,Si vous aimez une bouchée piquante ou sucrée dans les bonbons  ceux-ci valent la peine d'être achetés. Ils ont la consistance d’un fruit à mâcher à l’intérieur  avec une épaisse couche de chocolat noir qui n’est pas trop sucré. Assez copieux aussi. J'ai vu d'autres produits de cette société  mais ce bonbon semble être un article saisonnier et difficile à trouver dans les magasins ; c'était bien de pouvoir l'acheter en ligne.
paragraph2sentence.test-review-110-2,Un type de bonbon qui peut être acheté en ligne est copieux  pas trop sucré et contient des fruits à mâcher.
paragraph2sentence.test-review-111-1,Nous venons de les découvrir et nous ne pouvons pas nous en passer comme collation d'urgence pour la voiture  le sac à main et dans les sacs à dos - les protéines sont ce qui vous rassasie lorsque vous mourez de faim et vous rassasiera  par rapport à une autre collation qui ne vaut pas les calories. 200 calories  9 grammes de protéines  27 grammes de glucides et 6 grammes de matières grasses – les glucides sont élevés mais en valent la peine. Très riches en protéines et très légers. Je les ai trouvés moins chers dans un magasin local (6 $ pour 6)  mais ils se vendent rapidement  j'ai donc dû commander sur Amazon. Les autres barres Oskri sont savoureuses  mais faibles en protéines  nous n'obtenons donc que celles étiquetées barres protéinées. Heureux de trouver enfin une barre que tout le monde aime  avec une texture légère - d'autres barres protéinées que nous avons essayées avaient un goût chimique ou des saveurs grossières.
paragraph2sentence.test-review-111-2,Nous adorons les barres protéinées Oskri car elles constituent une collation parfaite à emporter !
paragraph2sentence.test-review-112-1,Kitchens of India est ce qui se rapproche le plus d'un curry fait maison que nous ayons jamais mangé. Nous l'adorons. La sauce est excellente et rapide  donc le curry plusieurs fois par semaine est possible. On fait souvent un curry maison mais cela prend du temps et maintenant on peut avoir un bon curry quand on veut. Nous avons également essayé le Rogan Josh ainsi que le Korma. Ajoutez quelques oignons et raisins secs  ou un peu de miel. Les ingrédients contiennent peu ou pas de conservateurs. Le meilleur!!
paragraph2sentence.test-review-112-2,J'ai vérifié la date d'expiration qui est dans deux ans.
paragraph2sentence.test-review-113-1,Super thé. J'adore l'emballage. J'en ai offert beaucoup pour des cadeaux de Noël. Utilisez également pour faire du thé glacé ici au Texas où il fait très chaud la plupart du temps. Merci pour un excellent produit.
paragraph2sentence.test-review-113-2,J'ai offert de nombreux paquets de thé pour des cadeaux de Noël.
paragraph2sentence.test-review-114-1,J'ai recherché un soda diététique naturel que j'aime  mais je reviens toujours aux sodas diététiques nutrasweet en raison de leur variété. J'ai récemment découvert les sodas Zevia (grâce au livre/plan de régime Belly Fat Cure). Je suis TELLEMENT content de ces sodas  en particulier du Dr Zevia  il est très similaire au Dr soda sucré nutrasweet  mais sans cet édulcorant très malsain. J'ai essayé plusieurs saveurs de soda Zevia et j'aime le cola  le citron vert et l'orange ; les saveurs de soda à la crème et de cerise noire sont vraiment très bonnes. Le Mountain Zevia n’a rien à voir avec son homologue nutrasweet (je pensais qu’il avait un goût similaire au médicament contre le rhume Airborne).
paragraph2sentence.test-review-114-2,Le soda Nutrasweet a le goût d’un médicament contre le rhume.
paragraph2sentence.test-review-115-1,Tout ce que je peux dire  c'est que j'adore les macaronis au fromage Kraft ! J'en mange depuis que je suis petite et j'en mange toujours avec mes enfants ! Facile à préparer  délicieux et peut accompagner presque tous les repas !
paragraph2sentence.test-review-115-2,Tout était terrible.
paragraph2sentence.test-review-116-1,Dans l'ensemble  c'est un bon assaisonnement non seulement sur les viandes  mais je mets aussi des frites  de la purée de pommes de terre  des légumes cuits à la vapeur... vous l'appelez. Quelqu'un m'a fait découvrir ce produit et a pensé que tout allait bien. Il y en a de meilleurs.
paragraph2sentence.test-review-116-2,Bien qu’il existe des épices préférables  celle-ci convient aussi bien à la viande qu’aux légumes.
paragraph2sentence.test-review-117-1,Non seulement ce thé facilite la digestion  mais il a également fait des merveilles sur le mal de gorge de ma fille de 10 ans. Elle ressentait une douleur modérée et après avoir essayé l'ibuprofène et les pastilles  je lui ai préparé ce thé. J'ai ajouté du miel et le thé a eu un effet instantané. Elle affirme que cela lui a engourdi la gorge. Elle a continué à en boire tous les soirs pendant son rhume. Je suis tellement heureux d'avoir trouvé ce produit! Excellent thé !
paragraph2sentence.test-review-117-2,Je n'ai pas eu le temps de l'ajouter auparavant.
paragraph2sentence.test-review-118-1,Je pense que ce sont mes céréales préférées. Les morceaux de fruits et de yaourt sont juste assez croquants et assez sucrés ! Vous ne pouvez pas vous tromper avec ce Special K !!!
paragraph2sentence.test-review-118-2,Les céréales santé sont devenues très populaires auprès des personnes au régime modernes.
paragraph2sentence.test-review-119-1,Cette boîte de thé vert contient des sachets de thé emballés par 4 par emballage. Donc  à moins que vous ne prévoyiez de préparer une casserole entière à la fois  n’achetez pas ceci ! Nulle part dans la description de l’article il n’est dit quoi que ce soit sur le fait d’être emballé de cette façon et il s’agit d’un article NON RETOURNABLE !
paragraph2sentence.test-review-119-2,Je suis furieux que l'emballage du thé ne mentionne jamais qu'il est destiné à préparer de grandes casseroles et qu'Amazon ne me laisse pas le retourner.
paragraph2sentence.test-review-120-1,Ce sont les pires fleurs que j’ai jamais reçues par la poste. Les fleurs étaient pour la plupart mortes et les bulbes tombaient. L'annonce réclamait 10 tiges  mais je n'ai reçu que 5 tiges. Les fleurs sont également arrivées en retard.
paragraph2sentence.test-review-120-2,Mick Jagger et Keith Richards du groupe de rock and roll The Rolling Stones ont écrit une chanson intitulée « Dead Flowers ».
paragraph2sentence.test-review-121-1,Léger et savoureux  la meilleure caractéristique de ce jus gazéifié est probablement qu'il ne contient aucun sucre ajouté. Le jus de pomme est assez sucré tel quel. Il contient également des vitamines ajoutées  mais finalement  j'ai été séduit par son goût légèrement acidulé et ses 90 calories par canette de 8 4 onces. Très raisonnable. Alors n'hésitez plus et procurez-vous ce produit pour vos enfants (et vous-même). Il bat les sodas  les boissons fraîches et de nombreuses boissons dites à base de jus qui sont principalement composées de sucre et d'eau avec environ 10 % de jus réel.
paragraph2sentence.test-review-121-2,Ce jus ne contient que 90 calories par canette de 8 4 oz.
paragraph2sentence.test-review-122-1,Vous trouverez ci-dessous la critique du sucre granulé blanc ordinaire  j'ai acheté le brun en même temps  après avoir fait le gâteau  j'ai goûté le sucre brun et il avait le même goût désagréable. J'ai suivi le plan Atkins et j'ai essayé divers édulcorants sans calories pour essayer de trouver mon préféré. J'ai fait un gâteau avec ça et c'était horrible  j'en ai utilisé 1 tasse dans la recette pour le gâteau entier  ce que j'ai déjà fait avec du splenda. J'ai essayé Sugar Twin car c'est beaucoup moins cher. Le gâteau entier n’était pas comestible  il avait un goût chimique très sucré. même après avoir ajouté du glaçage  c'était horrible et mon estomac était noué. Je recommande Splenda ou ez sweetz. Acclamations!
paragraph2sentence.test-review-122-2,Les alternatives alimentaires au sucre ont récemment été remises en question quant à leurs bienfaits réels pour la santé  voire accusées d'être néfastes pour la santé.
paragraph2sentence.test-review-123-1,L’édulcorant Blue Agave est le meilleur que j’ai jamais utilisé. Je l'utilise depuis plus d'un an maintenant et m'a aidé à perdre le poids dont j'avais besoin. Par rapport à l'utilisation de sucre ordinaire comme édulcorant  je n'ai besoin d'utiliser que 3 cuillères à café d'agave bleu  alors que je devrais utiliser un minimum de 5 à 6 cuillères à café de sucre pour obtenir le goût équivalent. L'agave bleu ne provoque pas d'augmentation de la glycémie comme le vrai sucre. Je l'utilise sur d'autres aliments tels que les crêpes  les gaufres  comme garniture de crème glacée et pour sucrer à peu près tout ce pour quoi on utiliserait normalement du sucre. Vous ne pouvez pas vous tromper avec l'agave bleu.
paragraph2sentence.test-review-123-2,L'édulcorant Blue Agave aide à perdre du poids et vous pouvez utiliser moins que le sucre ordinaire. Il présente également des avantages pour la santé  car vous pouvez l'utiliser comme substitut du sucre dans de nombreux aliments et boissons.
paragraph2sentence.test-review-124-1,Ceux-ci étaient parfaits pour les escarottes en conserve de taille moyenne. Je pourrais les faire cuire dans ces coquilles  donc cela fait un régal impressionnant. Sachez que la plupart des boîtes d'escargots de cette taille (adaptées à ces coquilles) contiendront une vingtaine d'escargots. L'une des coquilles que j'ai reçues était plutôt cassante et je m'inquiète de la servir  craignant que certaines ne se détachent dans la nourriture.
paragraph2sentence.test-review-124-2,J'ai vraiment aimé celui à la mangue  alors j'ai essayé celui à la mûre et à la grenade et je l'ai moins aimé.
paragraph2sentence.test-review-125-1,J'ai goûté la marinade à la cave St. Jean en Californie  j'en ai acheté une bouteille (1 $ de plus que sur Amazon) et j'avais l'intention de préparer la recette de salade de poulet sur l'étiquette de la marinade. Finalement  j'ai demandé à mon ami Jean  un excellent cuisinier  de me préparer la salade de poulet. Elle a doublé la recette et a suivi exactement les instructions sur la bouteille. Nous avons tous les deux trouvé le résultat fabuleux. Je l'achèterai à nouveau même s'il est cher. La salade de poulet était géniale. Cela vaut vraiment la peine de servir en compagnie. J'adore la saveur distinctive de cette sauce.
paragraph2sentence.test-review-125-2,J'ai acheté une marinade assez chère dans un vignoble en Californie mais mon ami et moi avons adoré la salade de poulet que nous avons préparée à partir de la recette sur le côté de la bouteille !
paragraph2sentence.test-review-126-1,J'adore la tire à l'eau salée et je pensais reconnaître la marque Sweets. Il est livré dans 3 jolies boîtes de 1 lb et est doux et fondant dans la bouche - aucune mastication n'est nécessaire. Les couleurs sont vives et inhabituelles pour la tire. Mais ce n’est pas une tire traditionnelle en ce qui concerne les saveurs. Ils sont presque tous un peu bizarres  difficiles à définir et plutôt horribles  à mon avis. Je peux tolérer le goût du bleu  du chocolat et de la menthe poivrée  mais les autres ne sont pas naturels  certains avec d'étranges arrière-goûts pétroliers/chimiques. Ils sont tous beaucoup plus doux que ce à quoi je m’attendais également. Je ne recommanderai donc pas cette marque. J'aime la saveur et le prix de la marque Energy Club vendue sur Amazon  donc j'y reviendrai probablement.
paragraph2sentence.test-review-126-2,La tire d'eau salée Sweets est une tire douce  de couleur vive  aux arômes majoritairement inhabituels et peu naturels  trop sucrés  donc moins appétissante que la marque Energy Club.
paragraph2sentence.test-review-127-1,Ces gruaux de sarrasin bio sont faciles à griller et à cuisiner. Je les apprécie combinés avec du chou  des carottes et des oignons. Ils font aussi de merveilleuses salades et  à ce prix-là  c'est une véritable aubaine.
paragraph2sentence.test-review-127-2,Ces gruaux de sarrasin bio à prix avantageux sont faciles à préparer et se marient bien avec les légumes et les salades.
paragraph2sentence.test-review-128-1,Je l'achète pour mon petit-fils autiste qui suit un régime sans gluten. C'est l'une des rares céréales qu'il mange et qu'il apprécie vraiment. Les enfants autistes ont des problèmes de texture et cette céréale semble être la bonne texture pour lui.
paragraph2sentence.test-review-128-2,Si vous êtes autiste et avez des problèmes de texture des aliments ou si vous suivez un régime sans gluten  ces céréales sont non seulement satisfaisantes  mais aussi délicieuses.
paragraph2sentence.test-review-129-1,J'ai reçu cette année la cafetière Krupps pour la fête des mères et je l'utilise quotidiennement depuis. Il fait une excellente tasse de café ; le meilleur que j'ai jamais eu avec ces machines à portion individuelle. Les cafés sont bien meilleurs que les dosettes de « lait » qui accompagnent certaines d'entre elles ; Je n'en achèterai plus. Le seul reproche que j'ai à faire à ce sujet est que Macy's est le seul magasin où je peux le trouver ; sinon  je dois commander le café en ligne. (Et Macy's a mis le café en vente  donc j'ai peur que cela ne dure pas très longtemps.)
paragraph2sentence.test-review-129-2,Le café est une boisson caféinée très appréciée de la culture italienne.
paragraph2sentence.test-review-130-1,C'est la meilleure chose que j'ai faite pour ma santé. Cette délicieuse huile biologique légèrement aromatisée à la noix de coco est tout ce que j'utilise : pour frire  pour « beurrer »  comme ingrédient  pour mon visage et ma peau. Merveilleux! Je peux même manger des sandwichs au beurre de cacahuète tous les jours – avec de l’huile de coco tartinée sur du pain germé – et ne pas prendre de poids  grossir ! Yahoo! Recherchez simplement sur Google « les avantages de l'huile de noix de coco »  puis achetez une marque de qualité. Merci Nutiva!
paragraph2sentence.test-review-130-2,Je deviens noisette pour l'huile de coco.
paragraph2sentence.test-review-131-1,J'ai essayé tous les produits Gracious Gourmet et je n'en trouve pas un seul qui ne soit pas fantastique ! La meilleure partie de ces spreads est que vous pouvez les utiliser de nombreuses façons différentes. J'ai cuisiné avec eux  je les ai utilisés comme tartinades sur des craquelins et des sandwichs et je les ai mélangés avec de la crème sure pour faire une trempette. Si facile et si délicieux !
paragraph2sentence.test-review-131-2,Les tartinades Gracious Gourmet sont faciles à utiliser et délicieuses.
paragraph2sentence.test-review-132-1,Je considère cette sauce aussi piquante que la 357 Silver Edition et la Da Bomb Ground Zero. Elle est censée être plus piquante que la sauce la plus piquante de Blair (hors matin)  Ultra Death. J'ai une bouteille d'Ultra Death et je l'adore  mais il ne fait toujours pas aussi chaud que ça. Ces sauces Zack Wylde présentent la même qualité et le même goût auxquels vous vous attendez avec tous les produits Blair. Je n’arrive pas à croire à quel point c’est impopulaire ! essayez-le  vous ne serez pas déçu !
paragraph2sentence.test-review-132-2,Les humains utilisent des épices piquantes et des piments depuis des milliers d’années pour pimenter leur nourriture.
paragraph2sentence.test-review-133-1,Il est quasiment impossible de trouver ce dressing en magasin ! C'est tellement bon et délicieux sur une salade à base de laitue  de fromage romano  d'amandes et de graines de sésame - une recette qui a été utilisée dans un restaurant populaire de ma région qui est maintenant fermé. Essayez-le.
paragraph2sentence.test-review-133-2,Cette savoureuse vinaigrette est faite avec de vrais ingrédients mais elle est presque introuvable en magasin !
paragraph2sentence.test-review-134-1,J’étais un peu sceptique au début car mes enfants adorent le beurre de cacahuète mais sont très pointilleux à ce sujet. Skippy Natural a réussi le test facilement. Ils adorent ça ! L'expédition automatique se poursuivra car elle disparaîtra avant la prochaine expédition. Bon travail  Skippy et merci Amazon pour cet achat facile
paragraph2sentence.test-review-134-2,Le beurre de cacahuète est une excellente source de graisses insaturées.
paragraph2sentence.test-review-135-1,ce produit est un gaspillage COMPLET d'argent. Je les ai placés dans plusieurs zones de forte activité d'araignées et je n'ai pas attrapé une seule araignée. Je déteste quand un produit promet tant de choses et qu'il est faux. Désolé  je n'ai pas sauvegardé la boîte que je renverrais à cette entreprise.
paragraph2sentence.test-review-135-2,Ses petites araignées viennent ramper sur mes murs.
paragraph2sentence.test-review-136-1,On adore la saveur de ce Cappuccino ! C'est crémeux et tout simplement délicieux. Nous y mélangeons parfois juste un peu de lait entier  très bien !
paragraph2sentence.test-review-136-2,Ajouter du lait entier au cappuccino  c'est aussi très bien !
paragraph2sentence.test-review-137-1,Ces panetonnes sont hors de ce monde ! et nous n'avons pas besoin d'en dire plus  sauf pour remplir un espace ! C'est la raison pour laquelle je ne veux pas écrire de commentaires.
paragraph2sentence.test-review-137-2,Les panetonnes sont si bonnes qu'elles ne justifient pas une critique.
paragraph2sentence.test-review-138-1,Ces petits bâtonnets de miel sont des petits coins de paradis. Mes amis se moquaient de moi parce qu'il y en a tellement  mais j'ai distribué certains paquets et ils ne rient plus. Ils sont tellement délicieux et c'est une idée parfaite !
paragraph2sentence.test-review-138-2,D'accord  je m'attendais à cette saveur du marché français à laquelle je suis habitué dans la canette rouge et c'est la canette blanche...
paragraph2sentence.test-review-139-1,Un de mes types de K-cups préférés. Très bon le matin ou comme café après le dîner. Il y a une subtile saveur de chocolat  mais ce café n’est pas amer comme le sont habituellement la plupart des cafés aromatisés.
paragraph2sentence.test-review-139-2,Le café K cup  bon le matin  bon le soir  ajoute une subtile saveur chocolatée qui annule toute amertume.
paragraph2sentence.test-review-140-1,C'est la boisson protéinée la plus savoureuse que j'ai jamais bue. Je suis particulièrement sensible au goût de la plupart des boissons protéinées et je ne peux pas les supporter car elles sont si denses à boire. Celui-ci est excellent et n’a pas l’arrière-goût des autres produits. Je l'ai essayé chaud et froid et ils étaient tous les deux excellents.
paragraph2sentence.test-review-140-2,Etant sensible à la densité des produits liquides  je me méfie généralement des boissons protéinées.
paragraph2sentence.test-review-141-1,C'est une collation pratique à emporter pour les enfants. Il est composé uniquement de jus de fruits concentrés et ne contient aucun sucre ajouté (sirop de maïs  etc.). Mes enfants de 14 mois et 3 ans les adorent tous les deux. Ils laissent un visage et des mains collants  mais ils sont faciles à nettoyer.
paragraph2sentence.test-review-141-2,Il s’agit d’une collation aux fruits saine et pratique pour les enfants.
paragraph2sentence.test-review-142-1,Ce café vous fera sourire à chaque première gorgée. C'est un favori parmi tous les cafés instantanés et la plupart des cafés infusés. Il est doux  riche et ne présente aucun arrière-goût avec juste ce qu'il faut de caféine. Il fournit un coup de pouce pour faire circuler l’esprit créatif et les énergies physiques. Dès l’arrivée de ma boîte de six bouteilles  je me suis senti comme un enfant le matin de Noël. Je ne dépense pas d’argent à la légère et cela ne fait pas exception. La qualité de ce café  ainsi que le faible coût par tasse  sont si remarquables qu'ils placent cet achat dans la catégorie des bonnes affaires. Quatre des six bouteilles seront des cadeaux lors de visites à des amis ou à des parents cet été  comme une bonne bouteille de vin  mais offrant bien d'autres moments de bon goût pour les semaines à venir.
paragraph2sentence.test-review-142-2,Le café est toxique pour certains insectes comme les limaces mais il a un effet différent sur les abeilles. En fait  on pense que les abeilles ressentent un « buzz » grâce à la caféine présente dans les fleurs des plantes.
paragraph2sentence.test-review-143-1,Tout comme le crabe en conserve  ce homard est peut-être du homard  mais le goût et la texture de la conserve sont désagréables. Il ne ressemble en aucun cas au produit frais. Ne gaspillez pas d'argent pour cela. Mieux vaut acheter frais ou surgelé.
paragraph2sentence.test-review-143-2,C'est encore mieux dans un Manhattan modifié.
paragraph2sentence.test-review-144-1,Cela avait un goût vieux et sec - je trouvais qu'il avait un goût rassis  comme du vieux café instantané. Ce fut une déception car j'ai acheté cette machine pour que mon fils l'emmène à l'université et j'espérais que les cafés auraient bon goût. J'espère toujours que d'autres fabricants commenceront à fabriquer des capsules pour cette machine. Mais  actuellement  c’est probablement la saveur la plus forte disponible  et elle n’est tout simplement pas très savoureuse.
paragraph2sentence.test-review-144-2,Je suis déçu de cette capsule car elle n'est pas très savoureuse.
paragraph2sentence.test-review-145-1,J'essaie de boire plusieurs tasses de thé vert chaque jour et j'aime une petite variété de saveurs. La saveur Fleur de Jasmin est subtile et légère. Avant  je pouvais le trouver dans les magasins  mais je ne trouve aucun magasin local qui le propose maintenant. C'est un très bon thé  et l'achat en gros le rend moins cher que l'achat de sachets individuels.
paragraph2sentence.test-review-145-2,J’achète maintenant mon thé vert aux fleurs de jasmin préféré en gros car il n’est plus vendu dans la plupart des magasins  mais j’économise ainsi de l’argent !
paragraph2sentence.test-review-146-1,Amateurs de cacahuètes  réjouissez-vous ! C’est une friandise moelleuse  délicieuse et moelleuse. Il est plus gros que ces barres granola/power/protéinées et chargé de cacahuètes sur une base de beurre de cacahuète/yaourt qui est sucrée mais pas trop sucrée. Cette délicieuse collation est une bonne source de protéines et de graisses. À 220 calories  ce n'est pas pour les personnes au régime  mais c'est savoureux et satisfaisant. Fortement recommandé.
paragraph2sentence.test-review-146-2,C'était un amortisseur.
paragraph2sentence.test-review-147-1,J'ai grandi dans le sud de l'Inde et je buvais régulièrement de l'eau de coco. Les marques qui viennent du Brésil ont plutôt le goût de l’eau de coco naturelle. Pas celui-ci. Cela a plus le goût de la chair tendre de la noix de coco mélangée à l’eau de coco.
paragraph2sentence.test-review-147-2,Cette boisson brésilienne à base d'eau de coco a non seulement le goût de la nature  mais a également une tendre sensation de pulpe de coco.
paragraph2sentence.test-review-148-1,Ce thé est incroyable ! L'un des ingrédients (je suppose que l'orme rouge) recouvre totalement une gorge irritée et a également un goût sucré au fond de la bouche. Le premier ingrédient est la réglisse  mais elle n'a pas le goût de la réglisse : le mélange de saveurs est délicieux.
paragraph2sentence.test-review-148-2,Quand j'ai un rhume  je bois du thé chaud.
paragraph2sentence.test-review-149-1,J'ai commencé à nourrir mon chat en surpoids Wellness en conserve et j'ai arrêté tous les autres aliments  y compris les aliments secs. Plus de vomissements  plus d'excrétions folles  plus de mendicité pour de la nourriture toute la journée et de me réveiller la nuit. Elle a perdu un peu (pas beaucoup)  mais elle a fière allure et je n'ai pas marché dans un tas de vomi depuis des mois. J'adore cette nourriture !!
paragraph2sentence.test-review-149-2,Le remplacement de la nourriture de mon chat par des conserves Wellness a aidé à réduire son poids  ses vomissements  ses mues et sa faim persistante.
paragraph2sentence.test-review-150-1,Quand j'ai reçu les céréales  j'étais excité parce que je les avais obtenues à un prix bien moins cher que le prix de l'épicerie. mais les céréales avaient un goût un peu rassis. Je ne sais pas si c'était juste cette boîte. Je vais chercher une autre boîte juste pour être sûr.
paragraph2sentence.test-review-150-2,Ceux-ci ne les font pas du tout tousser.
paragraph2sentence.test-review-151-1,J'ai toujours adoré l'amaretto  mais il n'était pas disponible dans ma localité. Sa beauté réside dans le fait qu'il ne nécessite pas de réfrigération (il se conserve entre 35 et 80 degrés F)  vous pouvez donc l'acheter en gros. C'est un peu cher  mais ça vaut le coup pour moi.
paragraph2sentence.test-review-151-2,Tout aliment périssable dont la température est supérieure à 40 degrés F pendant plus de 2 heures doit être jeté.
paragraph2sentence.test-review-152-1,Quel café délicieux  fort mais pas amer  plein de saveur mais pas dense  et vous pouvez choisir votre préférence de torréfaction (j'ai choisi le noir). Un emballage mignon aussi  pour ceux d’entre nous qui s’en soucient ! Il est expédié directement et j'ai reçu le colis dans les 2 jours. Essayez-le  vous l'aimerez !
paragraph2sentence.test-review-152-2,Ce n'est pas une odeur horrible  c'est juste une chose à laquelle il faut s'habituer.
paragraph2sentence.test-review-153-1,J'adore ce café  mais qu'en est-il de ces prix ? Mon Walmart local le vend à 3 00 $ et parfois en vente à 2 50 $ et ici  c'est environ 4 15 $ chacun ? pourquoi donc? et pourquoi quelqu'un l'achèterait-il ici ?
paragraph2sentence.test-review-153-2,Un bon café est trop cher à 4 15 $  comparativement à Walmart à 3 00 $ avec un prix de vente de 2 50 $.
paragraph2sentence.test-review-154-1,C'est incroyable! La seule chose est que j’aurais aimé qu’ils aient un peu plus de goût de pin et/ou de menthe poivrée/mentholée. Il a un centre doux et merveilleux avec très peu d’arrière-goût  contrairement à toutes les autres pastilles contre la toux que j’ai jamais essayées. Ils ont TOUS un arrière-goût et me dessèchent un peu la bouche.
paragraph2sentence.test-review-154-2,Il n’y a ni avant ni après-goût avec ces pastilles contre la toux.
paragraph2sentence.test-review-155-1,J'ai commencé à acheter du thon Henry et Lisa il y a environ un an et c'était excellent. C'était sérieusement une longe de thon solide dans une boîte qui n'avait aucune odeur de poisson - vous ne pouvez pas battre ça. Malheureusement  la qualité est de moins en moins bonne à chaque expédition. Au début  il y avait du thon de moins bonne qualité sur les bords  et maintenant il semble que les boîtes de conserve ne contiennent plus fréquemment que de la viande de moins bonne qualité. Certaines des critiques élogieuses ici datent d'il y a environ un an et  d'après mon expérience  le produit a changé depuis. Il est toujours meilleur que la plupart des autres marques que j'ai essayées et c'est le seul thon que je peux manger sans avoir à cacher l'odeur et le goût avec des tonnes de condiments. Le surcoût du thon est en partie compensé par ce que j'économise en condiments. Je lui donne 4 étoiles pour la canette sans BPA  sans danger pour les dauphins  et que c'est toujours un thon relativement bon.
paragraph2sentence.test-review-155-2,Le thon est l'un des poissons les plus consommés au monde  souvent servi sous forme de steak ou en conserve.
paragraph2sentence.test-review-156-1,Votre chien adorerait ces friandises aromatisées au bacon fumé ! Douces mais moelleuses  ces friandises connaissent un grand succès dans notre maison ! Nous les recommandons vivement pour votre chien !
paragraph2sentence.test-review-156-2,Je recommanderai probablement à nouveau plus tard dans l'année.
paragraph2sentence.test-review-157-1,J'ai découvert ce sel de truffe pour la première fois il y a quelques années lorsque ma sœur m'a envoyé un pot en cadeau. Une fois le pot utilisé (j'adore le saupoudrer sur ma pizza maison !)  J'ai acheté quelques autres pots de marques différentes dans un magasin gastronomique local  mais aucun n'était aussi bon que FungusAmongUs. J'ai acheté une troisième marque dans une boutique gastronomique en ligne... toujours pas aussi savoureuse. J'étais tellement heureux de trouver enfin FungusAmongUs sur Amazon à un prix très raisonnable (par rapport à ce que j'avais payé pour d'autres). Le pot est arrivé dans quelques jours. J'ai fait ma pizza et j'ai ouvert le pot... oh  quel délice ! Beaucoup de spécifications de truffe et cette même saveur délicieuse dont je me souvenais il y a quelques années. Merci Amazon et merci FungusAmongus !
paragraph2sentence.test-review-157-2,La pizza faite maison est une excellente alternative à la commande de pizza car elle vous permet d'économiser pas mal d'argent !
paragraph2sentence.test-review-158-1,C'est un thé très savoureux. Le goût de la grenade ressort. Ce n'est pas aussi terreux que le thé vert nature. C'est fruité. Je n’ai pas l’impression de manquer de quoi que ce soit qu’un sachet de thé traditionnel a à offrir. J'ai préparé du thé vert en utilisant des feuilles entières  des sachets de thé et des k-cups. La k-cup rend le processus d'autant plus agréable qu'il est rapide et qu'il n'y a pas de nettoyage. Je pense que le thé a un goût frais à chaque tasse  car ce n'est pas comme ouvrir une boîte et la laisser attendre que j'en utilise le reste. Je vais certainement acheter à nouveau cette k-cup à thé.
paragraph2sentence.test-review-158-2,Je vais le faire plusieurs fois et essayer les ajouts de raisins secs et de cannelle mentionnés sur la boîte.
paragraph2sentence.test-review-159-1,D'après les critiques et le fait que je n'ai aimé aucun des nombreux cafés Timothy que j'ai essayés (mais je continue d'essayer en raison des prix fabuleux ici !)  je ne m'attendais pas du tout à aimer ça. Mais j'adore la crème irlandaise Bailey's  alors j'ai commandé une seule k-cup de cette saveur (sur un autre site Web). Quelle belle surprise ! Il a vraiment le goût d'avoir une dose de Bailey's dedans  et le café en dessous est également assez savoureux  au moins  il ne gêne pas le goût du Bailey's ! Je vais commander le pack de 2 boîtes à partir d'ici !
paragraph2sentence.test-review-159-2,Les cocktails sont une combinaison d'un ou plusieurs alcools  mélangés à une boisson gazeuse/et/ou à d'autres ingrédients pour créer une boisson unique au goût passionnant.
paragraph2sentence.test-review-160-1,Le Chai Latte à la noix de coco Pacific Chai est tellement bon. J'en bois une tasse chaque matin avec mon huile de coco. De plus  l'obtenir via Amazon est beaucoup moins cher qu'en magasin. J'habite à environ une heure de n'importe quelle épicerie et c'est donc agréable de pouvoir le faire expédier à ma porte.
paragraph2sentence.test-review-160-2,Amazon apporte mon Chai Latte à la noix de coco du Pacifique préféré directement à ma porte à un prix inférieur !
paragraph2sentence.test-review-161-1,Ces friandises sont très appréciées des chiens  de la bonne taille et ne sentent pas ou ne sont pas trop dégoûtantes dans vos mains. Je ne sais pas vraiment quoi dire d’autre à leur sujet  sauf que si le bio est important pour vous  alors ceux-ci semblent être l’une des rares options de friandises pour chiens. Je vais les acheter à nouveau.
paragraph2sentence.test-review-161-2,Les friandises biologiques pour chiens ont une bonne texture et une bonne sensation.
paragraph2sentence.test-review-162-1,Un peu sceptique  j'ai acheté du sel aromatisé en cadeau et je me suis offert celui-ci. Il s'avère que le côté fumé ajoute une belle dimension de saveur  en particulier aux soupes comme les pois cassés ou à une recette de sauce barbecue. Ça vaut le coup d'essayer !
paragraph2sentence.test-review-162-2,J'ai acheté du sel aromatisé pour moi et je pense que ça vaut le coup d'essayer !
paragraph2sentence.test-review-163-1,J'aime la commodité et le goût de tous les produits soudainement Salad. Cependant  ce Chipotle Ranch est mon préféré. Il a juste ce qu’il faut de piquant sans en faire trop. C'est crémeux et savoureux. Il n’a pas fallu longtemps à ma famille pour passer en revue un pack de 12 ! Je le recommande vivement !
paragraph2sentence.test-review-163-2,La vinaigrette crémeuse et piquante Chipotle Ranch Soudain Salad est un favori de la famille recommandé.
paragraph2sentence.test-review-164-1,Ces cookies sont super moelleux et très délicieux. Les épices me font penser à ma grand-mère et à ses biscuits ! Miam.
paragraph2sentence.test-review-164-2,Malheureusement  mon commissaire local ne les porte pas encore.
paragraph2sentence.test-review-165-1,Mon mari et moi avons tellement apprécié la saveur de ce thé ! Nous recevons souvent du thé oolong de nos proches à Taiwan en cadeau  mais nous ne sommes pas allés à Taiwan depuis un moment et nous en avons manqué. J'ai commandé ce thé dans l'espoir de combler le vide jusqu'à notre prochain voyage. Il est de bonne qualité avec de grandes feuilles entières. Il a une saveur délicate et un arôme agréable. Il est aussi bon que le thé oolong de haute montagne que nous obtenons à Taiwan. Je recommanderais ce thé à tous ceux qui aiment le thé oolong ou qui souhaitent l'essayer.
paragraph2sentence.test-review-165-2,Mon mari et moi avons manqué de notre thé préféré.
paragraph2sentence.test-review-166-1,Je viens de prendre ma première tasse de ce thé aujourd'hui. J'utilise du lait et du sucre dans mon thé et même si c'est un bon thé  il y a un léger arrière-goût amer. Et non  je ne l’ai pas laissé trop longtemps sur le terrain. J'aurais aimé pouvoir acheter une cartouche à la fois au lieu de trois. Je ne suis pas sûr de pouvoir supporter tout ce thé. Cependant  j'applaudis le propriétaire éclairé de la plantation selon les informations écrites qui accompagnaient le thé. Je voudrais seulement apprécier davantage le goût du thé.
paragraph2sentence.test-review-166-2,Le café a commencé à couler et ma cuisine a commencé à sentir très bon  ce qui m'a donné de grands espoirs pour une très bonne tasse de café.
paragraph2sentence.test-review-167-1,J'adore le lait de soja au chocolat Eden chauffé pour le chocolat chaud. N'a pas besoin de réfrigération  pas trop sucré (et pas de sucre raffiné)  juste ce qu'il faut de texture chocolatée et crémeuse. J'adore les emballages individuels qui me permettent de prendre du chocolat chaud de temps en temps sans avoir à utiliser un récipient entier. Vérifiez l'étiquette sur le mélange de cacao que vous utilisez et vous aurez envie de changer rapidement ! La première fois  il avait un goût différent - mais pas désagréable - du chocolat chaud traditionnel  mais je l'ai réessayé et maintenant c'est mon choix pour le chocolat chaud !
paragraph2sentence.test-review-167-2,Le lait de soja aromatisé au chocolat Eden est présenté en sachets individuels et constitue une version alternative plus saine d'un chocolat chaud savoureux et crémeux  sans avoir besoin de réfrigération.
paragraph2sentence.test-review-168-1,Pendant les 3 secondes que dure la saveur (la gomme extérieure aromatisée à la fraise mélangée à un centre liquide au citron vert)  c'est assez agréable. Après cela  tout est en descente. Depuis que j'ai mâché du chewing-gum Fruit Strips quand j'étais enfant  je ne me souviens pas d'un chewing-gum perdant aussi rapidement sa saveur. Vous obtenez peut-être 5 à 10 minutes de saveur et après cela  c'est comme mâcher du caoutchouc. L'emballage est un autre inconvénient : il s'agit d'un blister en aluminium avec une pochette en carton contenant neuf morceaux de gomme. C'est un gaspillage d'emballage si l'on considère que le tout aurait pu être mis dans un emballage de type Mentos. J'ai fait l'erreur d'acheter un pack de 3. Si vous le devez  optez pour un seul pack. Cela suffira à vous éteindre.
paragraph2sentence.test-review-168-2,Le chewing-gum Fruit Strips perd rapidement sa saveur et l’emballage est un gaspillage.
paragraph2sentence.test-review-169-1,je ne me lasse pas de cette gelée  je l'utilise sur le poulet  le porc  etc. je prends beaucoup de sandwichs au poulet pour travailler et cette gelée est tellement bonne sur les sandwichs au poulet... excellent produit
paragraph2sentence.test-review-169-2,Au-delà de son goût  cette gelée ajoute une touche parfaite aussi bien au poulet qu'au porc.
paragraph2sentence.test-review-170-1,Excellent chili  ingrédients sains  un excellent choix pour ceux qui essaient de faire des choix judicieux dans leur alimentation. Lisez simplement l'étiquette !!
paragraph2sentence.test-review-170-2,Les réglementations en matière d'étiquetage des aliments ont été sévèrement revues au cours des cinq dernières années.
paragraph2sentence.test-review-171-1,Je n'ai jamais aimé les confitures ou les conserves. J'ai pensé essayer celui-ci parce que j'aime le gingembre. C'est DÉLICIEUX !! Pas trop puissant de la part du gingembre (comme certains des autres mélanges de confiture de gingembre)  et pas trop piquant ou aigre de la rhubarbe ; c'est juste parfait ! Je vais certainement acheter celui-ci à nouveau. Je l'adore sur du pain grillé au petit-déjeuner avec une tasse de café ou comme serpent l'après-midi avec une tasse de thé.
paragraph2sentence.test-review-171-2,Prendre un petit-déjeuner est généralement associé à un poids corporel inférieur et à de meilleurs résultats scolaires.
paragraph2sentence.test-review-172-1,Le liquide sent les produits chimiques et les palourdes ont le même goût. Je doute qu'ils puissent être consommés sans danger. Soit les palourdes elles-mêmes  soit les eaux dans lesquelles elles sont stockées  proviennent d'une source polluée. Étant donné qu'Amazon ne prendra pas la responsabilité de les rembourser  je les jette aux ordures municipales.
paragraph2sentence.test-review-172-2,Je suis principalement végétarien (j'essaie d'éviter autant de viande que possible) et j'aime les aliments salés et épicés.
paragraph2sentence.test-review-173-1,Bon goût sans le coup de Java ordinaire. Le buzz me manque  mais pas l'acidité. Pour tous ceux qui doivent soudainement arrêter de boire du café  temporairement ou à long terme  cela fonctionnera. Je l'utilise dans ma machine à cappuccino. Très bon prix  expédition rapide.
paragraph2sentence.test-review-173-2,Le buzz du java ordinaire me manque  mais pas l'acidité.
paragraph2sentence.test-review-174-1,Cette boisson énergisante est extrêmement difficile à trouver. J'ai appelé Hansen's pour la trouver. Elle est préparée en petites quantités à la fois avec d'excellents ingrédients naturels. C'est la seule boisson énergisante que mon mari et moi buvons. C'est cher mais ça vaut le coup.
paragraph2sentence.test-review-174-2,Les boissons énergisantes contiennent de l’eau  du sucre et de la caféine  mais des doses très élevées de caféine peuvent causer des problèmes de santé.
paragraph2sentence.test-review-175-1,Mon fiancé adore les fortune cookies  alors j'ai pensé que ce serait une excellente façon créative de poser la question. Eh bien  elle a adoré l'idée quand je l'ai finalement fait vendredi dernier (même si  d'une manière ou d'une autre  elle m'avait compris dès le début mdr). Quoi qu'il en soit  je n'étais pas particulièrement enthousiasmé par la qualité de ces cookies. Les coutures n'étaient pas complètement fermées. Je pouvais voir le mot Will à l'arrière du cookie. En outre  un énorme avertissement pour quelqu'un qui recherche un cookie authentique à offrir... l'emballage n'est que cela  un emballage en plastique ordinaire. Je m'attendais à des lettres chinoises ou à une sorte de design pour le rendre un peu plus crédible. Et enfin  le prix. Pour la qualité que vous obtenez  je serais plus enclin à essayer l'astuce (tutoriels en ligne) consistant à ouvrir un cookie et à placer le message à l'intérieur de moi. Au moins  je pourrais mettre exactement ce que je voulais. Ils sont bien trop chers pour ce que vous obtenez. Achetez uniquement par désespoir.
paragraph2sentence.test-review-175-2,Le biscuit de fortune était livré dans un emballage en plastique au lieu d'un authentique emballage chinois  ce qui était décevant.
paragraph2sentence.test-review-176-1,Je viens de le recevoir aujourd'hui par la poste et j'ai essayé ma première tasse. À ma grande surprise  le goût était très bon et je n’avais pratiquement pas besoin d’édulcorant pour le boire. Il contient de la menthe verte et du kombucha  et je ne sais pas quel effet majeur ceux-ci ont eu sur le thé en général  mais je suis pleinement conscient des avantages supplémentaires qu'il peut apporter. En fait  j’aime mieux cette méthode que le thé vert Celestial Seasonings. Cela a un goût plus authentique et c'est biologique  ce qui est un gros avantage pour moi. Je devrai certainement le recommander à tous ceux que je connais qui boivent du thé vert. Jusqu’ici  tout va bien avec celui-ci. Merci Amazon d'avoir porté cela.
paragraph2sentence.test-review-176-2,Essayez d’abord le thé vert à la menthe verte et au kombucha d’Amazon  qui est plus sain  plus savoureux  biologique et meilleur que les autres marques.
paragraph2sentence.test-review-177-1,L'herbe à chat n'affecte pas tous les chats de la même façon. La mienne  une mère et ses deux filles  semblent toutes immunisées contre les effets. Le produit sent fort  donc je suppose qu'il fonctionnerait bien pour les autres chats. Je vais l'offrir et j'espère que d'autres chats l'apprécieront.
paragraph2sentence.test-review-177-2,Mon chat  une mère et ses deux filles semblent immunisées contre l'herbe à chat.
paragraph2sentence.test-review-178-1,Les pépites de chocolat donnent une belle touche à ce délicieux biscuit sablé. Je recommande vivement ce cookie  mais ces cookies sont quelque peu fragiles et ne voyagent pas très bien par la poste jusqu'à leur destination finale  alors attendez-vous à ce que certains cookies arrivent cassés mais ont quand même bon goût.
paragraph2sentence.test-review-178-2,Je suis passé au café décaféiné il y a quelque temps et je cherchais un excellent pack d'échantillons.
paragraph2sentence.test-review-179-1,J'utilise beaucoup de boullion. Jusqu'à ce que je trouve ces petits cubes de bonté  j'ai utilisé Better than Boullion  principalement aromatisé au poulet  ce qui est excellent mais je ne suis pas tellement amoureux de certains ingrédients même si j'utilise la version biologique. Les cubes de bouillon végétarien de Gourmet Organic sont absolument délicieux et je me sens bien de les utiliser.
paragraph2sentence.test-review-179-2,J'aime utiliser les cubes de bouillon végétarien de Gourmet Organic car ils sont délicieux et je me sens mieux avec les ingrédients !
paragraph2sentence.test-review-180-1,J'aime beaucoup le café aux noisettes. Si vous recherchez un café fort  ce n'est pas celui-là. Il existe une version plus audacieuse et qui pourrait vous convenir davantage. Mais c'est vraiment un bon café. C'est ce que je bois au quotidien. Très bonne chose.
paragraph2sentence.test-review-180-2,Mon mari pouvait manger son muffin Costco et j'avais mon propre muffin.
paragraph2sentence.test-review-181-1,Ce produit avait le goût de la craie et il n'y avait pas le moindre goût aigre. J'ai appelé le distributeur qui a reçu mon paiement et ils m'ont dit que je devrais en parler avec le fabricant de bonbons. En ce qui me concerne  le produit était horrible et le service pour le moins moche.
paragraph2sentence.test-review-181-2,Le bonbon aigre n'était même pas aigre et il avait un goût horrible !
paragraph2sentence.test-review-182-1,Si vous aimez la caroube et la pâtisserie  c'est un excellent produit. Vous pouvez le remplacer dans n’importe quelle recette qui demande de la mélasse et cela ajoutera une riche saveur de caroube. Ce n'est pas aussi sucré que la mélasse ordinaire  vous devrez donc peut-être ajuster les recettes en conséquence (certaines personnes recommandent de remplacer 1/4 de la mélasse par du miel). Je n'ai eu aucun problème avec l'expédition  tous les pots sont arrivés intacts et sans fuite.
paragraph2sentence.test-review-182-2,Ce produit peut être utilisé pour remplacer la caroube dans toute recette qui en a besoin. Il a une saveur riche mais n'est pas aussi sucré.
paragraph2sentence.test-review-183-1,Ces céréales sont super ! Enfin  je peux l'obtenir sans me déplacer en espérant qu'il sera en stock là où je l'ai déjà vu. Cela a été difficile. Mieux encore  c'est moins cher sur Amazon ! ET il expédie Prime ! Merci  Amazon !
paragraph2sentence.test-review-183-2,Amazon Prime offre de nombreux avantages en matière d'expédition  notamment la livraison GRATUITE en deux jours.
paragraph2sentence.test-review-184-1,Dans l’ensemble  c’est un bon mélange  mais étant donné les différentes tailles des graines  le taux de germination était un peu mitigé. Le goût était bon  je préférerais peut-être les graines non mélangées  c'est ce que j'essaierai la prochaine fois que j'achèterai des graines. Je les ai utilisés avec la maison de germination et cela a bien fonctionné.
paragraph2sentence.test-review-184-2,L'utilisation d'un tuyau de germination est plus efficace pour arroser les graines  mais le taux de germination varie en fonction de la taille de chaque graine.
paragraph2sentence.test-review-185-1,Nous adorons cet assaisonnement Chipotle du sud-ouest. Nous l'utilisons pour faire notre salsa. Je suis content d'avoir pu l'obtenir d'ici.
paragraph2sentence.test-review-185-2,Nous sommes de grands disciples d'Ah-Choo  et nous l'utilisons depuis plusieurs mois maintenant sur nos bambins.
paragraph2sentence.test-review-186-1,Chaque critique que j'avais lue sur ces pâtes était élogieuse  alors nous avons pensé les essayer. Je suis sans gluten depuis près de deux ans et jusqu'à présent  nous avons essayé les pâtes Trader Joe's  Tinkyada  Schar  Bionaturae et Le Veneziane. Nous pensions que Jovial deviendrait rapidement notre préféré. Au lieu de cela  nous l'avons trouvé quelque peu décevant. La saveur est très agréable  mais la texture était décevante  semblable à celle des autres pâtes au riz brun que nous avions essayées. Nous avons également pris soin de suivre les recommandations de timing indiquées sur la boîte. J'ai plusieurs autres boîtes  donc si je refais Jovial avec de meilleurs résultats  je mettrai à jour cette revue. Pendant ce temps  nos pâtes préférées restent Le Veneziane.
paragraph2sentence.test-review-186-2,Les pâtes et la pizza sont deux des principaux aliments de base de l'alimentation italienne.
paragraph2sentence.test-review-187-1,Ces barres Lara sont absolument délicieuses ! Une excellente alternative saine à une barre chocolatée. La saveur de la pâte à biscuits ressemble beaucoup à celle de la vraie pâte à biscuits  sans les sucres nocifs ni les arômes artificiels. La saveur du brownie est également excellente.
paragraph2sentence.test-review-187-2,Lara bar a été créée pour fabriquer un « produit très sain et délicieux ».
paragraph2sentence.test-review-188-1,De superbes menthes  pas trop fortes avec du chocolat noir riche. Malheureusement  ils sont ici trop chers de 400%. C'est vrai  ils ne coûtent que 1 39 $ au supermarché. Ce qui me porte à croire que leurs autres produits sont également trop chers ici. Pas de vente.
paragraph2sentence.test-review-188-2,Les menthes sont bonnes mais je pense que beaucoup de produits sont trop chers ici.
paragraph2sentence.test-review-189-1,J'ai reçu environ une cuillère à café de grains de kéfir par la poste il y a un peu plus d'une semaine. Depuis  ils se sont multipliés pour atteindre plus d’une cuillère à soupe. J'ai déjà acheté plusieurs cultures de kéfir et aucune n'a jamais poussé aussi rapidement. Ces grains font aussi un bon kéfir puissant ! Cela peut également être utilisé pour faire un fromage délicieux et très savoureux. Assurez-vous de suivre attentivement les instructions du vendeur  car ces petits bougres sont puissants ! Sa saveur est beaucoup plus forte que celle du kéfir du commerce. Si vous n'êtes pas habitué à son goût  vous pouvez essayer de le mélanger avec du jus de fruit. Si vous vous retrouvez avec trop de céréales et que vous ne pouvez pas les donner  vous pouvez manger les extras. Ils sont bons avec du miel. (Si vous n'avez pas l'habitude de manger des grains de kéfir  vous devriez commencer avec une petite quantité.) Si vous rencontrez des problèmes  le vendeur est très gentil et extrêmement serviable. Probablement la personne la plus gentille avec laquelle j'ai eu affaire sur Amazon.
paragraph2sentence.test-review-189-2,Les grains de kéfir sont une culture qui  une fois achetée  peut être multipliée à la maison.
paragraph2sentence.test-review-190-1,Pour quelqu'un qui aime les biscuits Thin Mint de Girl Scout mais qui est frustré par le fait que vous ne pouvez pas les acheter à tout moment  Mint Oreos constitue un remplacement satisfaisant pour les moments où vous ne pouvez pas avoir de Thin Mint. Lorsque j'ai essayé cela pour la première fois  Thin Mints a été la première chose qui m'est venue à l'esprit  car le goût du chocolat  de la farine et de la menthe donne une saveur incroyable. Si vous êtes fan des Thin Mints ou simplement des produits aromatisés à la menthe en général  essayez les Mint Oreos  vous ne serez pas déçu ! Et la garniture à la menthe est idéale pour lécher le cookie ! Miam !
paragraph2sentence.test-review-190-2,Les Oreos à la menthe sont un remplacement satisfaisant pour les biscuits Thin Mint de Girl Scout  que vous ne pouvez acheter à aucun moment de l'année.
paragraph2sentence.test-review-191-1,Je mange des produits Loma Linda depuis 1970 et je les aime tous. Ce sont les meilleurs hot-dogs que j'ai goûtés. Amazon propose également des prix inférieurs à ceux des magasins Seventh Day Advenst.
paragraph2sentence.test-review-191-2,Amazon propose mes hot-dogs préférés aux prix les plus bas.
paragraph2sentence.test-review-192-1,C’est la meilleure salsa achetée en magasin que j’ai goûtée. J'aime le fait qu'elle ne soit pas très épaisse comme la plupart des salsa que vous trouvez dans les magasins. Je trouve cependant que le prix ici sur Amazon est trop élevé. Si vous êtes membre de Costco  achetez-le dans votre magasin local.
paragraph2sentence.test-review-192-2,Les autres saveurs que mon fils a refusé de manger.
paragraph2sentence.test-review-193-1,J'utilise tous les jus concentrés Dynamic Health. Excellent moyen d'obtenir les bienfaits sans les sucres. Nous avons l'habitude d'aromatiser des aliments comme le yaourt  de préparer notre propre eau aromatisée et le programme populaire d'élimination des graisses utilise le jus de canneberge  mais parfois j'ajoute une autre saveur pour un léger changement parfois  tous les jus concentrés aromatisés sont bons et je les achète tous.
paragraph2sentence.test-review-193-2,J’achète et j’utilise tous les concentrés de jus santé dynamique aromatisés pour aromatiser les aliments ou même l’eau.
paragraph2sentence.test-review-194-1,J'ai toujours aimé le chocolat  le chocolat très au lait. Ensuite  on m'a diagnostiqué une allergie aux produits laitiers de vache et j'ai pensé que je devais abandonner complètement le chocolat car je ne pourrais jamais manger de chocolat noir  même avec un très faible pourcentage de cacao  comme les chocolats noirs sucrés. J'ai eu l'audace d'essayer le 90 % comme première barre de chocolat noir et même s'il était bien trop amer au début  il n'a fallu que trois carrés avant de devenir accro. J'ai adoré le cliché tout en laissant le carré fondre dans ma bouche. J'ai commencé à manger une demi-barre chaque jour pendant quelques semaines jusqu'à ce que je ralentisse et que je doive passer à ces 85 %  mais c'est toujours aussi bien. Je l'utilise également pour préparer des cookies et cela fonctionne très bien. Je commande habituellement auprès de n'importe quel vendeur répertorié par Amazon sur la page produit  mais je voulais commenter l'expédition directe d'Amazon. J'ai commandé ces barres par temps de 90 degrés dans le sud de la Californie et j'avais peur qu'elles arrivent fondues (je n'ai pas pu résister  j'avais besoin de ma dose de chocolat)  mais Amazon les a expédiées avec deux blocs de glace entourés de polystyrène sans frais supplémentaires. Les paquets étaient visiblement fondus à leur arrivée  mais le chocolat était parfaitement bon. Merci Amazon :).
paragraph2sentence.test-review-194-2,Si vous avez du mal à trouver une dose de chocolat et que vous devez expédier du chocolat par temps chaud  n'oubliez pas d'utiliser des blocs de glace lors de la publication.
paragraph2sentence.test-review-195-1,J'ai commencé à acheter des produits Go Raw. Je ne suis pas végétalien mais je ne mange pas la plupart des aliments transformés commercialement car ils ne sont plus naturels. Cependant  Go Raw produit ce que je considère comme des aliments correctement transformés et j'en suis très reconnaissant. Je n'aime pas les deux types de chips que j'ai achetées mais j'adore et continuerai d'acheter leurs graines. J'utilise les produits Go Raw pour voyager car je ne mangerai pas au restaurant ni ce que la plupart des épiceries proposent.
paragraph2sentence.test-review-195-2,Je mange des produits GoRaw en voyage.
paragraph2sentence.test-review-196-1,J'ai acheté des rillettes de canard sur Amazon parce que ma rillette de canard préférée habituelle n'était plus proposée par chefshop.com. Je m'attendais à une très bonne rillette. Rillettes pleines de saveurs. Ce que j'ai eu  c'est une rellette qui manquait même de saveur de canard et d'herbes/épices. La texture était bonne cependant. Goûté plus comme une rillette de porc. Je ne recommanderais pas les Rillettes de Canard Rouge Périgord.
paragraph2sentence.test-review-196-2,Le vilain petit canard est une fable dont la morale apprend au lecteur à ne pas juger les autres sur leur apparence.
paragraph2sentence.test-review-197-1,Ces gruaux ont très bien fonctionné pour la germination et j'ai pu faire de merveilleuses gaufres de sarrasin à partir de la farine créée à partir des gruaux germés moulus. Le couvercle se ferme bien  il ne devrait donc y avoir aucun problème de fraîcheur. La qualité des gruaux est très bonne – je n’ai trouvé aucun gruau. Chaque fois que le moment viendra où je perdrai mes cinq kilos  j'achèterais certainement à nouveau ce produit !
paragraph2sentence.test-review-197-2,Lorsque j'ai ouvert le sac pour la première fois  j'ai été étonné par l'arôme fort  qui rappelle un peu la sauge.
paragraph2sentence.test-travel-198-1,À l'intérieur des terres  juste à côté de la route principale  se trouve le joli petit village de Porches  avec quelques maisons blanches classiques de l'Algarve et des cheminées en filigrane. Porches est célèbre dans tout le Portugal pour ses poteries peintes à la main  même si vous n'en trouverez pas beaucoup dans le village lui-même. Les magasins les plus réputés se trouvent le long de la route EN 125.
paragraph2sentence.test-travel-198-2,Douves médiévales : les fondations et le support d'un pont-levis d'une forteresse du XIIe siècle ont été découverts lors de la fouille de nouveaux halls d'entrée.
paragraph2sentence.test-travel-199-1,Le roller est devenu un mode de vie à Berlin ; à tel point que du printemps au mois d’août  chaque deuxième mercredi du mois a été désigné « Blade Night ». Les rues de Mitte sont fermées aux voitures et ouvertes librement aux patineurs en ligne. En hiver  le divertissement se déroule à l'intérieur : la « Blade Night » a lieu dans la salle de concert Arena de Treptow.
paragraph2sentence.test-travel-199-2,Le skateboard est un sport extrême populaire depuis de nombreuses années  devenant plus récemment une mode parmi certains groupes.
paragraph2sentence.test-travel-200-1,Les Chinois supposent avec hospitalité que les étrangers ne peuvent pas supporter plus d’une dizaine de minutes d’opéra chinois traditionnel. Vous pourriez en effet trouver les voix aiguës et les manières exaspérantes (de nombreux personnages semblent passer la plupart de leur temps à s'affairer avec leurs manches  qui peuvent se dérouler jusqu'au sol). Cela ne devrait donc pas vous déranger si votre guide ou votre hôte vous précipite hors du théâtre dans la circulation en début de soirée.
paragraph2sentence.test-travel-200-2,Les manches longues se portent généralement par temps froid.
paragraph2sentence.test-travel-201-1,Pêche. La pêche à la truite dans la Sierra Nevada est l'une des nombreuses activités de plein air que vous pouvez pratiquer dans les parcs nationaux. Obtenez un permis de pêche et partez en expédition de camping le long de la rivière Tuolumne à Yosemite  ou essayez le lac Merced  un voyage de trois jours au départ de la vallée de Yosemite. À Sequoia  il existe également de bonnes sorties de pêche à partir de Bearpaw Meadow.
paragraph2sentence.test-travel-201-2,De nombreuses activités de plein air attendent les aventuriers dans les parcs nationaux de la Sierra Nevada.
paragraph2sentence.test-travel-202-1,Cet endroit possédait de nombreux attributs naturels en sa faveur. Longue de vingt-sept kilomètres (17 miles) et large de moins d'un kilomètre  l'île a la forme du chiffre sept et est séparée de la péninsule du Yucatán par seulement 10 m (33 pieds) d'eau. Son littoral oriental est constitué d'une longue plage de sable blanc et fin (il y a sept plages nommées le long de la bande)  baignée par les eaux azur translucides des Caraïbes. Entre l'île et le continent se trouve la Laguna Nichupté  une immense lagune d'eau de mer délimitée par des mangroves qui abritent de nombreuses espèces d'animaux sauvages.
paragraph2sentence.test-travel-202-2,La géographie pittoresque de l'île bénéficie de sa proximité avec le continent (séparée par seulement 10 m d'eau de profondeur) et de ses fantastiques plages de sable blanc d'un côté et d'une mangrove peuplée d'animaux sauvages de l'autre.
paragraph2sentence.test-travel-203-1,La Qianmen (porte d'entrée)  vieille de 500 ans  l'une des neuf portes originales des remparts de la ville  se dresse toujours à l'extrémité sud de la place Tiananmen (à côté de la tour Flèche). La plupart des autres portes sont tombées lorsque le mur a été démoli lors de la modernisation de Pékin en 1958-1959. Cet édifice imposant  qui abrite une exposition photographique du vieux Pékin  peut être escaladé pour avoir une vue sur la capitale. La cour impériale passait autrefois par ici lors de sa procession annuelle vers le Temple du Ciel.
paragraph2sentence.test-travel-203-2,La porte d'entrée des remparts de la ville de Pékin est l'une des dernières debout et accueille désormais des expositions et des touristes qui gravissent le Qianmen vieux de 500 ans  surplombant la place Tiananmen et offrant une vue sur la capitale.
paragraph2sentence.test-travel-204-1,Au nord de la région de Pejeng  la route monte sur 10 km jusqu'à Tampaksiring  où les boutiques d'artisanat rivalisent pour inciter les bus touristiques à s'arrêter en route vers Batur (voir page 59). Au milieu de la longue rue du village  cherchez un panneau indiquant une route à droite vers Gunung Kawi  à 1 1⁄2 km (1 mile). Un long escalier descend dans une vallée bordée d'étals vendant des sarongs aux couleurs vives  des coquilles de noix de coco sculptées et des boissons fraîches. Les vendeurs de boissons peuvent se permettre d'être patients : les touristes chauds  assoiffés et fatigués qui peinent à remonter constituent un marché captif.
paragraph2sentence.test-travel-204-2,Tampaksiring et Gunung Kawi sont des zones populaires auprès des vendeurs ambulants vendant des sarongs  des coquilles de noix de coco sculptées et des boissons fraîches pour attirer les touristes de passage.
paragraph2sentence.test-travel-205-1,Les hôtels originaux de Vallarta ont été construits le long de la large plage de sable fin qui s'étend de l'aéroport au centre-ville. Le long de la zone hôtelière  il existe un large éventail d'excellents hôtels  et cette zone est également un endroit idéal pour les sports nautiques récréatifs et proche des nombreux trésors de Vallarta. C'est également dans cette partie de la ville que se trouve le Terminal Marítima  point d'amarrage des bateaux de croisière ainsi que des nombreux bateaux d'excursions.
paragraph2sentence.test-travel-205-2,Vallarta  qui s'étend de l'aéroport au centre-ville  compte de nombreux excellents hôtels et est un endroit populaire pour les sports nautiques récréatifs et les escales de bateaux de croisière.
paragraph2sentence.test-travel-206-1,Alors que le vent de la perestroïka soufflait de Moscou  Kádár fut démis du pouvoir en 1988 et  en 1989  la formation de partis d’opposition fut légalisée. La Hongrie a été le premier pays à retirer son rideau de fer  démantelant les barbelés le long de sa frontière autrichienne et permettant aux Allemands de l’Est de fuir vers l’Ouest. En 1990  le pays a tenu ses premières élections libres depuis 43 ans et a de nouveau été appelé république ; en 1991  elle est devenue membre associé de la Communauté européenne. En 1997  la Hongrie s'est vu proposer d'adhérer à l'OTAN.
paragraph2sentence.test-travel-206-2,Les pays membres de l'OTAN ont rejeté la proposition de l'Union soviétique de rejoindre cette alliance en 1954.
paragraph2sentence.test-travel-207-1,Finalement  la route rejoint la côte à Ágios Nikólaos  probablement la plus jolie ville de l'est de la Crète. Bien qu'Ágios Nikólaos – connu de tous sous le nom d'Ag. Nik — a souffert d'une ruée soudaine de bâtiments laids dans les années 1970 et a une foule jeune et bruyante  il a fait un effort concerté pour conserver son caractère et offre une atmosphère plus grecque que le quartier de Mália/Hersónissos.
paragraph2sentence.test-travel-207-2,Héberge des Minoens  l’ancienne île de Crète était composée de plusieurs cités-États aux rivalités intenses.
paragraph2sentence.test-travel-208-1,Guilin a été colonisée il y a plus de 2 000 ans lorsque le canal Ling a été construit  reliant efficacement les grands fleuves Yangzi et Pearl. Le lien de Guilin avec l’un des projets d’ingénierie les plus ambitieux de l’humanité était important  mais autrement  on entendait peu parler de la ville. Elle servit de capitale provinciale pendant plusieurs centaines d'années et  à l'époque moderne  grâce à la profusion de grottes où se cacher  Guilin fut un centre de résistance pendant la guerre avec le Japon. Aujourd'hui  reconstruite sur les décombres de la guerre  la ville prospère  en grande partie grâce à ses paysages spectaculaires.
paragraph2sentence.test-travel-208-2,Le canal Long est souvent appelé le canal magique et relie les rivières Yangtze et Pearl  étant le premier du genre à être construit.
paragraph2sentence.test-travel-209-1,En 1846  au cours d’une intrigue de palais peu recommandable impliquant un meurtre non résolu  l’ingérence de la reine et le massacre d’une centaine de personnalités de haut rang de la cour qui avaient été attirées dans une cour du palais  l’instigateur de ces événements devint le pouvoir derrière le trône. C'était un homme ambitieux et sans scrupules de 29 ans nommé Jung Bahadur Rana. En peu de temps  il avait exilé le roi  l'avait remplacé par le jeune prince héritier et s'était arrangé pour que lui-même et sa famille soient nommés premiers ministres héréditaires.
paragraph2sentence.test-travel-209-2,En 1846  Jung Bahadur Rana est devenu le pouvoir derrière le trône après avoir orchestré le massacre d'une centaine de personnalités de haut rang de la cour.
paragraph2sentence.test-travel-210-1,Une croisière nocturne sur les canaux avec dîner est une façon merveilleuse et romantique d'avoir une vue différente d'Amsterdam. De nombreux ponts et bâtiments historiques sont éclairés la nuit et la ville est plus paisible. La société Lovers (voir page 116) dispose de petits et grands bateaux et propose des croisières vins et fromages ou des dîners-croisières complets. Pour une croisière plus privée (et dans laquelle vous pouvez organiser votre propre itinéraire)  vous pouvez louer un bateau-taxi dans les petites voies navigables.
paragraph2sentence.test-travel-210-2,Les gondoles ont été pendant des siècles le moyen de transport le plus courant sur les canaux de Venise.
paragraph2sentence.test-travel-211-1,Amsterdam est une mine d'or pour ceux qui aiment flâner. Heureusement  la ville n'a pas encore été envahie par les chaînes de magasins internationales et les rues étroites du centre  les anneaux de canaux et le quartier du Jordaan abritent une myriade de petites boutiques indépendantes : ici  vous pouvez flâner pendant des heures à la recherche de ce cadeau individuel. La rue la plus proche du shopping « international »  la Kalverstraat  abrite les jeunes magasins de mode et les grands magasins.
paragraph2sentence.test-travel-211-2,Amsterdam est une excellente ville pour acheter des cadeaux à ses amis et à sa famille lors d'un séjour à l'étranger.
paragraph2sentence.test-travel-212-1,En continuant vers l'ouest le long de la Calle Oficios  vous arriverez à une place magnifiquement restaurée  la Plaza de San Francisco  avec des boutiques haut de gamme  des restaurants et l'imposante Iglesia y Convento de San Francisco de Asís du XVIIIe siècle. Le couvent abrite un musée présentant des trésors espagnols et vous pouvez gravir le clocher pour admirer des vues spectaculaires sur la vieille Havane. Des concerts y sont fréquemment organisés. À proximité  vous trouverez plusieurs maisons impeccables de l’époque coloniale aux façades aux couleurs vives.
paragraph2sentence.test-travel-212-2,Les maisons de l'époque coloniale situées à proximité de la Plaza de San Francisco constituent une étape intéressante de votre visite.
paragraph2sentence.test-travel-213-1,Shenzhen (Shumchun)  province du Guangdong. Les voyageurs vétérans se souviennent de Shumchun simplement comme d'une ville frontalière sans distinction sur la ligne ferroviaire Hong Kong-Canton. Cependant  c'est désormais le centre d'une zone économique spéciale pour les coentreprises industrielles avec des capitalistes de Hong Kong et de Macao. Avec ses plages et ses sources chaudes  son potentiel touristique se développe également rapidement. Les excursions d'une journée au départ de Hong Kong offrent à Shenzhen un aperçu de la vie en Chine  mais sa position dans une zone tampon économique la rend atypique.
paragraph2sentence.test-travel-213-2,Bien qu'elle ne se distinguait pas auparavant  Shumchun  une ville de la province du Guangdong  est désormais le centre d'une zone économique spéciale dont le potentiel touristique se développe rapidement.
paragraph2sentence.test-travel-214-1,Poros se trouve à moins de 152 m (500 pi) du continent grec  au large de la côte nord-est de la péninsule d'Argolide et à 55 minutes du Pirée en hydroptère. Les petits voiliers envahissent les détroits étroits et c’est le paradis des plaisanciers pendant les mois d’été. La ville de Poros  la seule colonie de l'île  est un labyrinthe de rues étroites et sinueuses s'élevant sur une petite colline. Le front de mer est le centre de toutes les activités avec des tavernes et des cafés bordant le bord de l'eau. Le reste de Poros est couvert d'une forêt de pins verdoyante et le littoral est parsemé de petites criques rocheuses idéales pour la baignade et la plongée en apnée.
paragraph2sentence.test-travel-214-2,Le littoral des Cornouailles  au sud-ouest du Royaume-Uni  accueille chaque année de nombreux vacanciers avec ses grandes plages et ses attractions balnéaires  notamment la voile  le surf et le camping.
paragraph2sentence.test-travel-215-1,Les hutongs peuvent être visités par vous-même – à pied  en vélo de location ou en louant l'un des cyclo-pousse à auvent de la région. Mais la plupart des visiteurs préfèrent une visite guidée. L'agence touristique des Hutong de Pékin (tél. 6615-9097)  qui réserve des visites aux comptoirs des hôtels  dispose d'une flotte de cyclo-pousse à auvent rouge dirigée par un guide anglophone. Sa visite des hutongs combine de nombreux sites touristiques du district de Back Lakes avec la possibilité de pénétrer dans une maison avec cour et de discuter avec ses habitants d'aujourd'hui.
paragraph2sentence.test-travel-215-2,Les guides touristiques sont employés pour informer et guider un groupe de touristes autour d'un site d'intérêt  généralement avec une connaissance particulièrement avancée de l'histoire  de la culture  de l'aménagement  etc. du site.
paragraph2sentence.test-travel-216-1,L’expédition la plus importante sous le drapeau de Manuel fut le légendaire voyage en mer de Vasco da Gama depuis Lisbonne au cours de l’été 1497 – immortalisé dans Les Lusiades (1572)  le poème épique du poète national portugais Luís de Camões (1524-1580). En contournant ce qu'on appelle aujourd'hui le cap de Bonne-Espérance  da Gama trouva ce que Colomb cherchait en 1492 (bien que dans la mauvaise direction) : la route maritime vers les épices lucratives de l'Orient. Les Portugais mirent ainsi fin au monopole vénitien sur le commerce oriental et commencèrent à attirer des marchands de toute l'Europe à Lisbonne.
paragraph2sentence.test-travel-216-2,Les Lusiades  écrites en 1572  sont un poème épique du poète portugais Luís de Camões.
paragraph2sentence.test-travel-217-1,De retour sur le continent  une déviation de la route principale à l'est (EN-125  toujours !) de Tavira conduit un petit nombre de visiteurs à Cacela Velha  un petit village blanchi à la chaux parfaitement enchanteur surplombant la mer. Il possède une église du XVIIIe siècle  une cabine téléphonique  un cimetière  un vieux puits et une poignée de maisons bleues et blanches bien entretenues et ornées de fleurs.
paragraph2sentence.test-travel-217-2,Le siècle des Lumières a vu l’essor et le développement de la philosophie et de la science au XVIIIe siècle  en particulier pendant les révolutions française et américaine.
paragraph2sentence.test-travel-218-1,À l’ouest des quartiers les plus anciens et des rues intimes de la Vieille Havane se trouve une zone de larges boulevards et de grands palais. La plus belle avenue  le Prado (anciennement Paseo de Martí)  s'étend du Parque Central jusqu'à la mer. Des bâtiments majestueux mais délabrés  avec des façades rose flamant rose et vert lime et des colonnes ornées  flanquent une promenade surélevée de lauriers  de lampes à gaz et de bancs de marbre. Au XIXe siècle  c’était le lieu de promenade le plus en vogue de la ville. Aujourd'hui  il sert de mini-parc pour les habaneros (comme on appelle les citoyens de La Havane)  des amoureux en couple aux enfants jouant sur des skateboards faits maison en passant par les prostituées qui défilent.
paragraph2sentence.test-travel-218-2,Le Prado  une jolie avenue de la Vieille Havane  sert de mini-parc aux citoyens de La Havane.
paragraph2sentence.test-travel-219-1,Suivez la longue avenue de la Grande-Armée depuis l'Étoile et la batterie de tours apparaît de plus en plus grande au-delà de l'élégante et verdoyante banlieue de Neuilly. Traversez la rivière et vous voilà dans une mini-Manhattan qui a poussé depuis 1969 pour devenir une ville à part entière. Ce faisant  il a réussi à se forger une âme  malgré l’ampleur inhumaine de certains de ses espaces balayés par les vents.
paragraph2sentence.test-travel-219-2,Après avoir suivi l'avenue de la Grande-Armée depuis l'Étoile et traversé le fleuve  vous vous retrouverez dans un Manhattan miniature surgi des plaines balayées par les vents pour devenir une ville prospère avec une âme.
paragraph2sentence.test-travel-220-1,Commencez au sommet du rocher  où le principal emblème de la ville est un hôtel  le Château Frontenac  qui domine la ville depuis 1892 comme la forteresse protectrice dont elle n'a plus besoin. En raison de son emplacement spectaculaire et des tourelles de conte de fées de son architecture gothique-Renaissance  le Frontenac est l'un des plus charmants et grandioses de tous les grands hôtels que les chemins de fer Canadien Pacifique et Canadien National ont érigés à travers le pays comme symboles de leur puissance commerciale. Il porte le nom du comte Louis de Frontenac  un gouverneur français coquin du XVIIe siècle qui a bouleversé le clergé en encourageant la vente d'eau-de-vie aux peuples autochtones. Jetez un œil à l'intérieur aux sculptures en stuc  aux tapisseries et aux magnifiques boiseries.
paragraph2sentence.test-travel-220-2,Le Château Frontenac est l'un des hôtels les plus charmants et les plus féeriques construits par les chemins de fer Canadien Pacifique et Canadien National.
paragraph2sentence.test-travel-221-1,La Grèce a été envahie par l’Allemagne nazie en avril 1941 ; en juin  les Allemands contrôlaient tout le pays et les forces italiennes étaient placées à Athènes. La population a beaucoup souffert  mais les monuments de la ville ont échappé à de graves dommages. Malheureusement  le mouvement de résistance grec formé pendant la guerre était si divisé politiquement que les guérilleros ont dépensé presque autant d'énergie à se battre les uns contre les autres que contre les Allemands. En octobre 1944  les forces alliées pénétrèrent à Athènes et dans une grande partie de la Grèce  rencontrant peu d'opposition de la part des Allemands en retraite.
paragraph2sentence.test-travel-221-2,Le mouvement de résistance grec pendant la Seconde Guerre mondiale a été en proie à des divisions.
paragraph2sentence.test-travel-222-1,Une grande partie de la Vieille Havane restaurée est concentrée dans seulement quelques pâtés de maisons à l'extrémité est de ces rues. Au coin de Mercaderes et Obispo se trouve l'hôtel Ambos Mundos  datant des années 1920 et récemment rénové. Hemingway a vécu de temps en temps dans la chambre 511 pendant quelques années dans les années 1930. La chambre contient des objets originaux datant des nombreuses années d'Hemingway à Cuba  y compris la machine à écrire qu'il a utilisée pour écrire la majeure partie de Pour qui sonne le glas (ceux qui ne séjournent pas à l'hôtel peuvent visiter la chambre pour 2 $ US).
paragraph2sentence.test-travel-222-2,Earnest Hemingway a vécu de temps en temps dans l'hôtel Ambos Mundos des années 1920  où sa machine à écrire est actuellement exposée.
paragraph2sentence.test-travel-223-1,Negara  23 km plus à l'ouest  est connue pour ses courses de buffles d'eau. La saison se déroulait traditionnellement en septembre et octobre  et les championnats ont toujours lieu à ces dates  mais des courses destinées aux visiteurs ont désormais lieu toute l'année sur une piste à Perencak  à l'extérieur de Negara. Les agences de voyages proposent des excursions depuis Kuta  Sanur et les autres stations balnéaires.
paragraph2sentence.test-travel-223-2,La vue depuis la terrasse sur le centre-ville de Pékin  la Cité Interdite et la place Tiananmen est superbe.
paragraph2sentence.test-travel-224-1,Presque trop parfaits pour être vrais  les hauts murs médiévaux d’Óbidos encerclent complètement un joyau de ville. Tout aussi difficile à croire  cette ville de l'intérieur des terres était autrefois un port et une forteresse côtière jusqu'à ce que le bras de mer s'envase ici  laissant la lagune tranquille d'Óbidos isolée et le rivage à près de 10 km (6 miles).
paragraph2sentence.test-travel-224-2,Il y a aussi des vues est et ouest le long de la baie.
paragraph2sentence.test-travel-225-1,Le musée islamique situé dans l'aile sud de Pergame expose la grande façade du palais de Mshatta du VIIIe siècle (de l'actuelle Jordanie). Il est orné de motifs animaliers et végétaux finement incisés ou ajourés. En fait  un historien de l’art allemand a sauvé ce tour de force de la décoration islamique primitive au tournant du siècle en persuadant le sultan de Turquie de ne pas l’utiliser comme matériau de construction pour une liaison ferroviaire vers La Mecque. Il a fait une sacrée sauvegarde ! Parmi les autres objets exposés précieux  vous trouverez quelques miniatures exquises des Moguls indiens.
paragraph2sentence.test-travel-225-2,La chambre de l’empereur est située dans le pavillon des eaux rafraîchissantes et voilées de brume.
paragraph2sentence.test-travel-226-1,Continuez vers le sud en direction d'Agaete  qui est la plus attrayante des petites villes du nord. Le port d’Agaete  Puerto de las Nieves  est un havre de paix parmi les formidables falaises rocheuses qui composent cette partie de côte inhospitalière. De là  la route côtière monte très brusquement au milieu d'une verdure clairsemée et soufflée par le vent  et la pente vers la mer peut être terriblement raide. Un itinéraire alternatif consiste à parcourir 7 km (4 miles) à l’intérieur des terres jusqu’au beau point de vue de Los Berrazales.
paragraph2sentence.test-travel-226-2,L'un des itinéraires passe par Agaete  une petite ville portuaire attrayante qui offre un havre de paix face aux formidables falaises rocheuses.
paragraph2sentence.test-travel-227-1,Pendant la Révolution américaine  la Nouvelle-Orléans a plongé du côté révolutionnaire. Ce n’était pas seulement de l’enthousiasme pour les Yankees ; L'Espagne a déclaré la guerre à l'Angleterre en 1779. Le gouverneur de la Nouvelle-Orléans  Don Bernardo de Gálvez  23 ans  a saisi l'occasion d'aider les colons dans leur lutte contre George III et a mené des raids qui ont maintenu les avant-postes britanniques le long du Mississippi sur la défensive.
paragraph2sentence.test-travel-227-2,Le fleuve Mississippi est l’un des plus grands fleuves qui traversent l’Amérique.
paragraph2sentence.test-travel-228-1,Il n'y a pas grand-chose à faire ou à voir sur les sept îles qui composent le parc d'État de Boston Harbor Islands  mais un après-midi passé ici offre de douces promenades  pique-niques et observation des oiseaux - un répit bienvenu de la frénésie urbaine. De mai à mi-octobre  la Boston Harbor Cruise Company (Tél. 723-7800) exploite un ferry de Long Wharf à l'île Georges  le cœur du groupe. Fort Warren  une forteresse en forme d'étoile du XIXe siècle dans laquelle les prisonniers confédérés furent incarcérés pendant la guerre civile  occupe la majeure partie de l'île. C'est un endroit atmosphérique et effrayant  avec d'anciens emplacements d'armes à feu  des postes de guet et des ruelles froides.
paragraph2sentence.test-travel-228-2,Les sports d'hiver jouent traditionnellement un rôle important dans la vie des Amstellodamois et des habitants de la Hollande du Nord.
paragraph2sentence.test-travel-229-1,Le village atmosphérique et intensément portugais de Monsanto  situé à environ 50 km (31 miles) au nord-est de Castelo Branco  est en équilibre sur un affleurement rocheux spectaculaire entre des rochers massifs. Les rues sont trop étroites pour les voitures  mais une courte promenade jusqu'au château au sommet en vaut la peine pour ses impressionnantes pierres et sa vue. On peut également voir une belle église romane du XIIIe siècle  mais sans toit. Une nouvelle pousada vient d'ouvrir ici.
paragraph2sentence.test-travel-229-2,Un site historique connu sous le nom de vieille ville est généralement un quartier urbain qui a été préservé en raison de son ancienneté.
paragraph2sentence.test-travel-230-1,Les Espagnols ont acquis une réputation de fêtards accomplis et  même si Barcelone n'est peut-être pas aussi fanatique des soirées tardives que Madrid  c'est toujours un endroit qui bouge vraiment lorsque le soleil se couche. Il propose pratiquement tous les types de divertissements nocturnes  des cabarets sympas aux concerts de jazz  de rock  de flamenco et de rythmes du monde à l'opéra  en passant par une scène de bars et de discothèques florissante. La nuit  certaines rues  comme la Rambla et le Passeig de Gràcia  deviennent de lentes rivières de promeneurs. Les principales églises et monuments sont illuminés et la ville prend un aspect nouveau et gracieux.
paragraph2sentence.test-travel-230-2,La vie nocturne de Barcelone est diversifiée  allant du jazz et du rock au flamenco et à l'opéra  tandis que les rues sont éclairées par les monuments de la ville.
paragraph2sentence.test-travel-231-1,Un aspect unique de Zákros réside dans les jeux d'eau situés dans l'aile est  derrière les appartements royaux. La salle des citernes contient une citerne circulaire encore pleine d'eau  aujourd'hui habitée par une population de tortues. A proximité se trouve une chambre de source cérémoniale avec des marches menant à un petit bassin carré. Vous pourrez ensuite suivre les traces de la route goudronnée menant de la ville au port antique  aujourd'hui perdu sous les vagues.
paragraph2sentence.test-travel-231-2,Le mot « fontaine » vient du latin ancien « fons »  qui signifie « source » ou « source ».
paragraph2sentence.test-travel-232-1,La troisième des villes de la Courbe du Danube  Esztergom  située 20 km plus loin en amont  est reliée par hydroptère à Budapest et par bateau ou bus à Szentendre et Visegrád. Prenez le bateau si vous avez deux heures devant vous  car le tronçon le plus pittoresque de la rivière se situe entre Visegrád et Esztergom.
paragraph2sentence.test-travel-232-2,Une promenade en bateau à travers le tronçon pittoresque entre Visegrad et Esztergom dure environ 2 heures.
paragraph2sentence.test-travel-233-1,A côté de l'église abbatiale  installée dans l'ancien prieuré  se trouve le musée historique de Tihany (fermé de novembre à février). Ce musée présente des objets et des œuvres d'art folkloriques régionaux  trois petites pièces où le dernier roi de Hongrie  Károly IV  a vécu pendant cinq jours en 1921 et  au sous-sol  un lapidarium atmosphérique contenant des vestiges romains. Devant l'église  le roi András est commémoré dans une statue typiquement décalée d'Imre Varga  enveloppée dans un manteau en aluminium.
paragraph2sentence.test-travel-233-2,Le musée historique de Tihany contient d'intéressants vestiges romains dans le lapidarium situé en sous-sol.
paragraph2sentence.test-travel-234-1,Le trajet fait ensuite le tour des jardins immaculés et des belles demeures de Rockcliffe Park. L’allée du parc vous mène au belvédère de Rockcliffe pour une vue spectaculaire sur la rivière des Outaouais et l’embouchure de la Gatineau. Dans la caserne de la Gendarmerie royale du Canada  à l'extrémité nord du boulevard Saint-Laurent  vous pouvez voir certains chevaux se produire ou s'entraîner pour le populaire Carrousel de la GRC  la seule occasion où les gendarmes sont encore des gendarmes.
paragraph2sentence.test-travel-234-2,Rockcliffe Park abrite de nombreux jardins magnifiques et de superbes demeures.
paragraph2sentence.test-travel-235-1,Depuis le Parc de l’Esplanade  empruntez la route de la Côte de la Citadelle et traversez un tunnel pour une visite guidée autour d’un puissant bastion de peurs disparu depuis longtemps. Les Français ont construit la Citadelle en forme d'étoile en 1750 pour résister aux Britanniques. Les Britanniques l'agrandissent en 1820 pour défendre Québec contre les Américains  mais leurs canons ne tirent jamais un coup de feu de colère. La garnison fut dirigée par des Britanniques pendant seulement 20 ans avant d'être remise aux troupes canadiennes. Aujourd’hui  c’est le siège du Royal 22e Régiment canadien.
paragraph2sentence.test-travel-235-2,Aujourd'hui  la Côte de la Citadelle abrite le Royal 22e Régiment canadien  mais elle a été construite par les Français en 1750 pour résister aux Britanniques.
paragraph2sentence.test-travel-236-1,Dans la rue d'Aragó  entre le Passeig de Gràcia et la Rambla de Catalunya  se trouve la Fundació Antoni Tàpies  un musée dédié à l'œuvre du plus grand artiste vivant d'Espagne  le matérialiste abstrait catalan. En plus du travail de Tàpies  la Fundació propose d'intéressantes expositions internationales tournantes  mais au moins la moitié de la raison de la visite est de voir le magnifique bâtiment Domènech i Montaner de 1880 qui abrite le musée (l'un des premiers exemples du modernisme) et la sculpture fantaisiste et enchevêtrée de Tàpies (appelée « Nuage et chaise ») sur le toit.
paragraph2sentence.test-travel-236-2,La Fundacio Antoni Tapies  située dans le magnifique bâtiment Domenech i Montaner datant de 1880  est un musée espagnol dédié au travail de Tapies  mais contient également des expositions internationales tournantes.
paragraph2sentence.test-travel-237-1,Si vous souhaitez rapporter un souvenir comestible  assurez-vous de connaître les réglementations de votre pays régissant l’importation de certains types d’aliments. Parmi les pâtisseries et gâteaux qui voyagent le mieux figurent le Lebkuchen (pain d'épices)  le Spekulatius (biscuits de Noël épicés) et le massepain. Le Feinschmeckeretage de KaDeWe propose 500 pains différents et 1 500 types de fromages différents ainsi que des spécialités orientales rares  des thés exotiques  des chocolats artisanaux et du caviar Beluga. Berlin n'a pas de vin local  mais de nombreux cavistes pour satisfaire tous les connaisseurs des meilleurs crus du Rhin  de la Moselle et du Bade-Wurtemberg.
paragraph2sentence.test-travel-237-2,La place d’honneur revient à une icône du prophète Élie du XVe siècle.
paragraph2sentence.test-travel-238-1,Dans le style typiquement nord-américain  les communautés ethniques de Toronto se déplacent à mesure qu’elles s’enrichissent ou que de nouvelles constructions les chassent. Les gratte-ciel et les parkings derrière le nouvel hôtel de ville ont forcé Chinatown à se déplacer vers l'ouest. Il s’agit du plus grand quartier chinois du Canada  voire de toute l’Amérique du Nord. La communauté a ouvert des restaurants  des quincailleries et des boutiques de plantes médicinales le long de la rue Dundas et de l'avenue Spadina. Jetez un œil aux boutiques China Court au toit de pagode  regroupées autour d'un petit jardin chinois.
paragraph2sentence.test-travel-238-2,Aujourd'hui une communauté bien établie avec des boutiques au toit de pagode  un jardin chinois  des restaurants  des quincailleries et des magasins de plantes médicinales  le quartier chinois de Toronto  le plus grand au Canada  a été contraint de se déplacer vers l'ouest en raison de nouvelles constructions derrière le nouvel hôtel de ville.
paragraph2sentence.test-travel-239-1,Vale do Lobo est une communauté de villas en forme de labyrinthe avec une belle plage et une variété d'hôtels de golf et de tennis. Quinta do Lago  à quelques kilomètres de la côte  possède l'un des plus beaux parcours de golf de l'Algarve  délicatement conçu le long de la réserve naturelle de Ria Formosa. La plage est accessible par un long pont en bois nostalgique qui traverse des zones humides et des sanctuaires d'oiseaux.
paragraph2sentence.test-travel-239-2,Les recettes du tourisme international ont atteint 1 000 milliards de dollars américains en 2011.
paragraph2sentence.test-travel-240-1,À Doheny Drive  la limite ouest d'Hollywood se confond avec les pentes de Laurel Canyon et de Beverly Hills  parsemées de somptueuses demeures des magnats du cinéma. Bien que ces maisons soient fortement gardées et cachées  vous pouvez ressentir l'atmosphère opulente lorsque vous parcourez les avenues somptueuses et soigneusement entretenues. L'architecture est un mélange étonnant d'espagnol  de gothique  de Bauhaus et de Renaissance  dans toutes les nuances pastel du soleil. Ne vous embêtez pas à ralentir devant les vendeurs ambulants qui vendent des cartes « officielles » montrant les maisons des riches et des célébrités – à moins que vous n’ayez envie de franchir les barrières de sécurité.
paragraph2sentence.test-travel-240-2,Elle est actuellement fermée aux touristes  car les travaux d'exploration des chambres intérieures se poursuivent  mais il est possible d'étudier toute la façade depuis la cour devant la pyramide.
paragraph2sentence.test-travel-241-1,Cela a été encore renforcé par le fils du Grand Électeur  qui s'est couronné en 1701 à Königsberg (aujourd'hui Kaliningrad) roi Friedrich en (et non en) Prusse. Poussé par Sophie Charlotte  son épouse  le roi fonde des académies des arts et des sciences à Berlin. Le maître baroque Andreas Schlüter (voir page 48) fut chargé de réaménager le palais royal  qui fut démoli en 1951 pour faire place au Palast der Republik d’Allemagne de l’Est. La résidence de Sophie Charlotte  le grand Schloß Charlottenburg  a survécu comme modèle d’élégance de l’époque.
paragraph2sentence.test-travel-241-2,À Kaliningrad  en 1701  le fils du Grand Électeur  incité plus tard par son épouse  résidente du château de Charlottenburg  à fonder des académies des arts et des sciences à Berlin  se couronna roi de Prusse et chargea Andreas Schlüter de concevoir le palais royal  plus tard démoli pour faire place au Palast der Republik.
paragraph2sentence.test-travel-242-1,Empruntez la Rickenbacker Causeway de Miami à Key Biscayne pour rejoindre l'une des attractions phares de Miami  le Seaquarium de 60 acres (148 hectares). Vous verrez des dizaines de créatures exotiques provenant des profondeurs océaniques. Regardez-les se nourrir dans les gigantesques aquariums  puis rejoignez la foule à l'extérieur pour assister à l'un des spectacles. Le plus spectaculaire d'entre eux met en scène un épaulard de 9 500 livres (4 318 kg) qui saute gracieusement à plus de 6 m hors de l'eau  pour ensuite retomber dans un crescendo tonitruant d'embruns éblouissants.
paragraph2sentence.test-travel-242-2,L'auberge qui occupe aujourd'hui le couvent de Flôr da Rosa du XIVe siècle est extraordinaire.
paragraph2sentence.test-travel-243-1,Un roi chrétien  Alphonse XI  a construit l'Alcázar de los Reyes Cristianos de Cordoue  surplombant la rivière au sud-ouest de la mosquée. Les remparts offrent une belle vue sur la vieille ville et le fleuve  les îlots du milieu occupés chacun par un moulin mauresque en ruine  et les crêtes de la Sierra de Córdoba basses à l'horizon nord. Les Rois Catholiques reçurent Colomb et planifièrent l'invasion de Grenade alors qu'ils y résidaient.
paragraph2sentence.test-travel-243-2,La plupart des stars étaient obligées de se mettre à genoux et de laisser une empreinte de main  mais il était naturel que Fred Astaire laisse une empreinte de pas  John Wayne laisse celle de son poing et le cow-boy Tom Mix laisse celle du sabot de son cheval.
paragraph2sentence.test-travel-244-1,La guerre a laissé la Grèce complètement dévastée et les factions se sont disputées sans cesse pour tenter d'obtenir un avantage politique. Les partisans communistes et royalistes se dirigeaient progressivement vers une confrontation militaire alors que les États-Unis  dans le cadre de la doctrine Truman  envoyaient la première aide économique. Deux années de guerre civile sauvage se sont terminées fin 1949 par la défaite communiste  mais l’instabilité politique persistait.
paragraph2sentence.test-travel-244-2,Les partisans communistes et royalistes se sont battus pour obtenir un avantage politique en Grèce tandis que les États-Unis envoyaient une aide économique et que l'instabilité politique persistait même après la fin de la guerre.
paragraph2sentence.test-travel-245-1,Bien que généralement bien traitée tout au long des cinq siècles de Pax Romana  Athènes a gravement souffert à une occasion. En 86 av. J.-C.  le général romain Sylla pilla la ville en représailles de son alliance imprudente avec Mithridate  roi du Pont et ennemi acharné de Rome. De nombreux trésors athéniens furent emportés en Italie.
paragraph2sentence.test-travel-245-2,Athènes a beaucoup souffert après le sac de la ville par le général romain Sylla en 86 avant JC  où nombre de ses trésors ont été pillés.
paragraph2sentence.test-travel-246-1,En voyageant vers le sud depuis Fajardo  vous avez la possibilité d'emprunter la route 53 (une nouvelle route à péage) ou de continuer sur la route 3. Les deux routes mènent à la ville de Humacao et continuent vers la côte sud. Juste au sud de Humacao se trouve un virage à gauche vers Palmas del Mar  une station balnéaire en pleine expansion sur la côte sud-est. Communauté de villégiature résidentielle construite autour de magnifiques étendues de plage  la station propose de nombreuses activités  notamment l'équitation  la pêche  le golf (deux parcours) et un casino.
paragraph2sentence.test-travel-246-2,La route 53 et la route 3 mènent au sud de Fajardo  passent par Humacao en direction de la côte sud  puis jusqu'à la station balnéaire résidentielle du sud-est de Palmas del Mar  où diverses activités se déroulent au bord de la plage.
paragraph2sentence.test-travel-247-1,Depuis la capitale provinciale de Chengdu  un trajet de trois heures via une nouvelle autoroute à travers la province peuplée du Sichuan (Szechuan) se termine à la ville de Leshan  point de départ pour visiter un Bouddha monumental au bord de la rivière et l'une des quatre montagnes sacrées du bouddhisme chinois  Emeishan. Un poète du XIIIe siècle a écrit que les plus beaux paysages de Chine se trouvent dans le Sichuan et qu'en fait  certains des meilleurs de ces paysages sont concentrés à Leshan. Ici  trois rivières convergent et coulent le long des remparts de la ville  et au loin  dans la brume  s'élève le mont Emei.
paragraph2sentence.test-travel-247-2,Le tabac (de qualité légèrement inférieure à celui de la Vuelta Abajo) pousse ici dans une mosaïque de champs et sèche dans des bohíos  construits avec du chaume hirsute.
paragraph2sentence.test-newswire-248-1,Les résidents locaux de Dungog  une petite ville de campagne de Nouvelle-Galles du Sud (NSW)  en Australie  ont organisé dimanche une marche de célébration dans la nature après avoir reçu l'assurance que leur forêt locale était jugée digne d'une « protection durable ». Auparavant  une proposition présentée au gouvernement de Nouvelle-Galles du Sud visant à exploiter plus d'un million d'hectares de forêts protégées dans un parc national avait alarmé les défenseurs de la nature.
paragraph2sentence.test-newswire-248-2,Les défenseurs de la nature sont soulagés de découvrir que la forêt locale de Dungog  en Nouvelle-Galles du Sud  en Australie  ne sera pas abattue  mais plutôt protégée.
paragraph2sentence.test-newswire-249-1,Les membres de la Communauté européenne (CE) du Conseil international de l'étain  à l'exception de la Grande-Bretagne  se sont déclarés prêts à soutenir une extension de l'accord international sur l'étain  a déclaré un porte-parole de la CE. Il a déclaré que lors d'une réunion des représentants des États de la CE hier  la Grande-Bretagne s'est engagée à communiquer aujourd'hui sa propre décision à ses partenaires. Il a déclaré qu'il n'était pas prêt hier à prendre position  mais n'a pas précisé pourquoi. Il a ajouté que neuf autres États de la CE soutenaient une prolongation. L'Espagne et le Portugal  qui ne sont pas membres du Conseil international de l'étain  n'ont soulevé aucune objection à l'égard d'une position commune en faveur de la CE.
paragraph2sentence.test-newswire-249-2,Le Conseil international de l'étain agit au nom des principaux producteurs d'étain de Cornouailles et de Malaisie.
paragraph2sentence.test-newswire-250-1,L'Église de Wells  basée dans la petite ville de Wells  au Texas  a été au centre d'une importante activité médiatique ces derniers jours. Wikinews s'est entretenu avec un pasteur de Tyler  au Texas  qui a récemment rencontré des membres de l'Église de Wells.
paragraph2sentence.test-newswire-250-2,L’Église de Wells au Texas a récemment fait la une des médias.
paragraph2sentence.test-newswire-251-1,Kent Toys Inc a annoncé avoir signé un accord avec Lorimar-Telepictures Corp pour produire un jeu télévisé intitulé Lottery. Aux termes de l'accord  Kent a déclaré qu'il recevrait une part de la production ci-dessus  un pourcentage des bénéfices nets et un pourcentage des frais de syndication de première diffusion.
paragraph2sentence.test-newswire-251-2,Wilson  qui présidait la conférence de presse  a clairement indiqué que la Jamaïque elle-même ne serait pas touchée par la taxe car elle n'exporte pas d'huiles et de graisses.
paragraph2sentence.test-newswire-252-1,(Rhône Poulenc Pharma Inc) a annoncé son intention de consacrer 29 millions de dollars au cours des cinq prochaines années à la recherche et au développement au Canada. L'investissement dépend de l'adoption d'un projet de loi du gouvernement fédéral qui propose une plus grande protection pour les détenteurs de brevets pharmaceutiques. L'entreprise a annoncé qu'elle dépenserait 7 9 millions de dollars pour moderniser ses opérations à Montréal. Il a déclaré que la nouvelle loi sur les brevets offrirait aux sociétés pharmaceutiques une protection raisonnable contre la copie de nouveaux composés par des médicaments génériques.
paragraph2sentence.test-newswire-252-2,Sur la base des nouvelles protections du droit des brevets contre les concurrents des médicaments génériques  Rhône Poulenc Pharma Inc a annoncé son intention de consacrer 29 millions en R&D au Canada et 7 9 millions pour moderniser ses opérations de Montréal.
paragraph2sentence.test-newswire-253-1,L'argent du LME a terminé la matinée avec un gros contrat de trois mois négocié à un nouveau plus haut sur cinq mois de 420 pence l'once troy  contre 415/418 pence indiqués à la clôture de l'après-midi d'hier. Les traders ont déclaré que le marché continue d'être largement majoré en sympathie avec les mouvements du lingot  mais les investisseurs ont été généralement réticents à participer au trading de l'argent au LME depuis la période traumatisante d'il y a sept ans  lorsque le marché a été soumis à des manipulations spéculatives massives.
paragraph2sentence.test-newswire-253-2,Malgré la réticence des investisseurs à l'égard du commerce de l'argent au LME  le LME a terminé la matinée à un nouveau plus haut de cinq mois de 420 pence par troy  contre 415-418 pence d'hier.
paragraph2sentence.test-newswire-254-1,Heidi Hopkins  chercheuse en taxonomie et doctorante au Musée de biologie du sud-ouest de l'Université du Nouveau-Mexique  à Albuquerque  Nouveau-Mexique  États-Unis  a mené une étude de quatre ans révisant le genre de blattes Arenivaga  découvrant 39 nouvelles espèces dans le genre que l'on pensait auparavant contenir 9 espèces. Le journal ZooKeys a publié ses conclusions mercredi.
paragraph2sentence.test-newswire-254-2,Après quatre années d'analyse du genre Arenivaga  la chercheuse Heidi Hopkins a découvert 39 nouvelles espèces de blattes dans un genre qui  à l'origine  ne comptait que neuf espèces.
paragraph2sentence.test-newswire-255-1,Lundi  plus de 200 bars et restaurants de la ville de New York s'étaient engagés à boycotter la vodka russe en réponse aux lois anti-homosexualité adoptées par le gouvernement du pays. Le boycott fait suite à un autre événement qui a eu lieu lundi  au cours duquel des bouteilles de vodka ont été déversées dans les rues de la ville  dans le cadre d'une protestation du président de l'association unie des propriétaires de restaurants et de tavernes  Paul Hurley.
paragraph2sentence.test-newswire-255-2,Des bouteilles de vodka sont déversées dans les rues par des homosexuels.
paragraph2sentence.test-newswire-256-1,Trois jours consécutifs de pourparlers entre la direction et les syndicats visant à mettre fin à la grève vieille de trois mois à l'usine de transformation de graines oléagineuses de Cargill U.K. Ltd à Seaforth  se sont terminés hier sans résoudre la situation  bien que certains progrès aient été réalisés  a déclaré un porte-parole de l'entreprise. De nouvelles négociations sont prévues mardi prochain  a-t-il indiqué.
paragraph2sentence.test-newswire-256-2,Les négociations entre les travailleurs et Cargill U.K. Ltd. ont été reportées à mardi prochain après que trois jours de négociations se soient terminées sans résolution  bien que l'entreprise ait déclaré que certains progrès avaient été réalisés.
paragraph2sentence.test-newswire-257-1,24 personnes de Kinglake et Kinglake West sont mortes et des centaines de maisons ont entièrement brûlé. Rien qu'à Kinglake  plus de 1 500 personnes se sont retrouvées sans abri  avec une ville en grande partie entièrement incendiée. De nombreuses personnes se sont retrouvées dans la situation terrifiante de rester et de se battre pour leur maison ou de fuir avant l'arrivée des incendies.
paragraph2sentence.test-newswire-257-2,La chancelière allemande Angela Merkel a prononcé hier le discours d'ouverture de la 42e réunion du Forum économique mondial (FEM)  qui se trouve confrontée à un paysage géopolitique nettement différent de celui d'il y a douze mois.
paragraph2sentence.test-newswire-258-1,Dans un essai contrôlé sur les corticostéroïdes prénatals  Liggins a travaillé avec le professeur Ross Howie. L’étude du couple a montré une réduction spectaculaire du syndrome de détresse respiratoire chez les bébés prématurés. L'étude a été publiée en 1972. Les recherches de Liggins ont été le premier traitement disponible pour donner une chance de vie aux bébés prématurés.
paragraph2sentence.test-newswire-258-2,Plus tôt dans la journée  le Premier ministre thaïlandais  Yingluck Shinawatra  a officiellement dissous le parlement du pays et a convoqué de nouvelles élections.
paragraph2sentence.test-newswire-259-1,California Micro Devices Corp a annoncé avoir signé un accord avec l'unité Tachonics Corp de Grumman Corp pour développer et produire des puces semi-conductrices à l'arséniure de gallium. Dans le cadre de cet accord  California Micro Devices concevra les puces et Tachonics les fabriquera. Les premiers produits à développer seront des réseaux de portes dotés d'une complexité de grille de 500 à 2 500 et de capacités de durcissement aux radiations  a indiqué la société.
paragraph2sentence.test-newswire-259-2,La complexité des rayonnements a des effets néfastes.
paragraph2sentence.test-newswire-260-1,Courier Corp a déclaré qu'elle s'attend à enregistrer une légère perte pour le deuxième trimestre fiscal  contre un bénéfice de 828 000 dlrs il y a un an. La société a attribué cette perte aux pressions concurrentielles qui ont réduit ses marges brutes. En outre  l'entreprise a déclaré qu'elle encourait des dépenses importantes liées aux programmes de gestion visant à réduire les coûts et à accroître la productivité. L'entreprise a déclaré que son unité Murray Printing Co avait entrepris un programme d'horaires de travail prolongés et de suppressions de salaires et d'emplois qui permettra d'économiser plus de 1 5 million de dollars par an.
paragraph2sentence.test-newswire-260-2,Murray Printing Co a procédé à des réductions qui permettront d'économiser plus de 1 5 million de dollars par an.
paragraph2sentence.test-newswire-261-1,L'organisation allemande à but non lucratif Definetz a annoncé vendredi le développement du « Defikopter » : un drone médical  lancé par une application pour smartphone  conçu pour pouvoir envoyer des défibrillateurs aux victimes d'une crise cardiaque dans des zones reculées plus rapidement qu'une ambulance.
paragraph2sentence.test-newswire-261-2,Les applications pour smartphone peuvent contrôler les transports.
paragraph2sentence.test-newswire-262-1,L'American Stock Exchange a déclaré que les unités d'Americus Trust pour les actions Merck et un nombre égal de composantes de premier ordre et de score des unités ont commencé à être négociées aujourd'hui sur une base « lors de leur émission ». La fiducie est une fiducie d'investissement unitaire parrainée par Americus Shareowner Service Corp et émet les unités en échange d'actions de Merck and Co <MRK> apportées à la fiducie. Les unités ont ouvert sur un cours acheteur et vendeur de 165 à 166  et les composants prime  négociés sous le symbole <MKPWI>  ont ouvert sur 100 primes à 119-1/2  a indiqué la Bourse. En outre  les composantes du score ont ouvert sur 1 000 scores à 48  indique-t-il.
paragraph2sentence.test-newswire-262-2,La Bourse américaine est également connue sous le nom d'AMEX et est basée à New York  New York.
paragraph2sentence.test-newswire-263-1,Escagen Corp a déclaré qu'une offre initiale de deux millions d'actions ordinaires était en cours à neuf dlrs chacune par l'intermédiaire de preneurs fermes dirigés par <Prudential-Bache Group Inc>. La société achète les actifs et les activités de l'Institut international de recherche végétale et appliquera la biotechnologie végétale au développement de produits alimentaires et de matériel végétal.
paragraph2sentence.test-newswire-263-2,Les plantes peuvent constituer d’excellents ingrédients pour les produits alimentaires naturels.
paragraph2sentence.test-newswire-264-1,La Corée du Nord a déclaré qu'elle se félicitait de nouveaux contacts entre les diplomates coréens et américains et qu'elle ne leur imposerait aucune restriction  a rapporté l'agence de presse Chine nouvelle depuis Pyongyang. Un communiqué du ministère nord-coréen des Affaires étrangères a déclaré qu'il espérait que les contacts diplomatiques contribueraient à "promouvoir des conversations sincères avec bonne volonté et ouverture d'esprit"  a indiqué l'agence. Les États-Unis ont levé le 9 mars l'interdiction faite à leurs diplomates de s'entretenir avec des diplomates nord-coréens en territoire neutre.
paragraph2sentence.test-newswire-264-2,Après que les États-Unis ont levé leur interdiction des contacts diplomatiques avec la Corée du Nord  le pays a publié une déclaration saluant cette décision et déclarant qu'il ne restreindrait pas ses propres contacts dans le but de promouvoir la conversation et la bonne volonté.
paragraph2sentence.test-newswire-265-1,On craint qu'un incendie massif ait tué des habitants et détruit plus d'une centaine de maisons dans la région des Blue Mountains en Nouvelle-Galles du Sud  en Australie. Il s'agit de l'un des pires incendies que la Nouvelle-Galles du Sud ait connu depuis plus d'une décennie  a déclaré le premier ministre Barry O'Farrell. Les services d'urgence ont tenté d'évaluer l'étendue des dégâts jeudi soir et ont déterminé que jusqu'à 30 maisons avaient été perdues dans la région de Springwood. M. O'Farrell dit que ce serait un miracle si des vies n'étaient pas perdues dans l'incendie. Le commissaire des services d'incendie ruraux  Shane Fitzimmons  a déclaré que cela pourrait prendre un certain temps pour évaluer la véritable étendue des dégâts  et il craint que cela ne soit bien pire.
paragraph2sentence.test-newswire-265-2,Le plus grand incendie qu'ait connu la Nouvelle-Galles du Sud depuis plus d'une décennie a provoqué de grandes destructions.
paragraph2sentence.test-newswire-266-1,Diamond-Star Motors Corp  la coentreprise détenue par Chrysler Corp<C> et Mitsubishi Motors  a déclaré qu'elle disposait de fournisseurs de produits supplémentaires pour le tout nouveau véhicule qui sera produit dans l'usine de la société actuellement en construction. Il a indiqué que Globe Industries Inc  de Chicago Heights  dans l'Illinois  avait été choisi pour fournir des coussinets de silencieux de toit et des coussinets de tableau de bord  et Fabricon Products de River Rouge  dans le Michigan  pour les isolants de capot.
paragraph2sentence.test-newswire-266-2,Hewlett Packard Co a annoncé avoir dévoilé l'imprimante HP LaserJet Series II  la prochaine génération de sa gamme d'imprimantes laser.
paragraph2sentence.test-newswire-267-1,La Commission fédérale des communications a voté lors d'une réunion pour assouplir l'exigence selon laquelle les sociétés de télévision par câble doivent fournir gratuitement un sélecteur de signal à tous les clients. Le commutateur A/B est fixé à un téléviseur et permet au téléspectateur de passer des programmes câblés aux stations de diffusion en direct que les câblodistributeurs doivent diffuser. Après que la règle ait été critiquée  la FCC l'a modifiée afin que les câblodistributeurs soient tenus de fournir le commutateur uniquement si un client le demande et puissent facturer des frais.
paragraph2sentence.test-newswire-267-2,Des conflits ont récemment éclaté entre les sociétés de télévision par câble et les consommateurs de télévision.
paragraph2sentence.test-newswire-268-1,La Banque européenne d'investissement  basée au Luxembourg  a émis une euro-obligation de 300 millions de dollars en couronne danoise  a déclaré à Reuters un responsable du gestionnaire principal Den Danske Bank af 1871 A/S. L'obligation à sept ans paie 11 pour cent et est émise à 101 du pair  la date de paiement est le 20 mai. Les coupures sont de 20 000 couronnes  l'obligation est enregistrée au Luxembourg et les frais totaux sont de 1 7/8 pour cent.
paragraph2sentence.test-newswire-268-2,Alors que le dollar a chuté aujourd'hui à un niveau record en dessous de 145 yens  faisant grincer des dents les exportateurs japonais et les détenteurs d'investissements en dollars  le ministre des Finances Kiichi Miyazawa a déclaré qu'il y avait une impression que le Japon avait renié sa promesse.
paragraph2sentence.test-newswire-269-1,Anadarko Petroleum Corp a déclaré avoir déposé auprès de la Securities and Exchange Commission une déclaration d'enregistrement couvrant une émission de 100 millions de dlr de débentures subordonnées convertibles arrivant à échéance en 2012. Le produit sera utilisé pour le remboursement partiel de l'encours de la dette  a déclaré Anadarko. La société a nommé Kidder  Peabody and Co Inc comme preneur ferme de l'offre.
paragraph2sentence.test-newswire-269-2,Anadarko Petroleum Corp. a des problèmes d’argent.
paragraph2sentence.test-newswire-270-1,Contrairement à certaines parties du gouvernement fédéral américain  le Bureau de protection financière des consommateurs (CFPB) a été ouvert pendant la fermeture du gouvernement fédéral et a enregistré un nombre record de plaintes déposées par des consommateurs contre des sociétés de prêts hypothécaires  des sociétés de cartes de crédit  des prêteurs étudiants  des banques  des prestataires de transfert d'argent  des sociétés fournissant des rapports de solvabilité et d'autres sociétés fournissant des prêts à la consommation.
paragraph2sentence.test-newswire-270-2,Depuis la fermeture du gouvernement fédéral  le Bureau de protection financière des consommateurs (CFPB) a enregistré un nombre record de plaintes concernant les entreprises fournissant des prêts à la consommation.
paragraph2sentence.test-newswire-271-1,Bow Valley Industries Ltd a annoncé avoir accepté de vendre sa filiale norvégienne en propriété exclusive à Elf Aquitaine Norge A/S de Stavanger  en Norvège  pour 13 millions de dlrs canadiens. Le principal actif de la filiale  Bow Valley Exploration Norge A/S  est une participation de huit pour cent dans le champ de gaz et de condensats Heimdal au large de la Norvège. La vente devrait être conclue d'ici la mi-avril  a indiqué Bow Valley.
paragraph2sentence.test-newswire-271-2,Bow Valley Industries vend ses filiales norvégiennes à Elf Aquitaine A\S de Stavanger  Norvège.
paragraph2sentence.test-newswire-272-1,La Chambre des représentants de l'Illinois a voté hier par 61 voix contre 54 pour approuver une loi autorisant le mariage homosexuel. Le gouverneur Pat Quinn devrait signer le projet de loi et les cérémonies pour les couples de même sexe devraient commencer en juin de l'année prochaine. Le représentant de l'État  Greg Harris  parrain du projet de loi  a déclaré : « ce projet de loi parle d'amour  de famille  d'engagement ».
paragraph2sentence.test-newswire-272-2,La Chambre des représentants de l'Illinois a approuvé une loi sur le mariage homosexuel qui devrait entrer en vigueur en juin de l'année prochaine.
paragraph2sentence.test-newswire-273-1,La Banque de Tokyo Ltd émet une euro-obligation convertible de 100 millions de dlr à échéance le 31 mars 2002  payant un coupon indiqué de deux pour cent et au prix pair  a déclaré le principal gestionnaire  Bank of Tokyo International Ltd. Le coupon sera fixé le 8 avril tandis que le prix de conversion et le taux de change seront fixés le 9 avril. La concession de vente est de 1 1/2 % tandis que la direction et la souscription paient chacune 1/2 %. L'émission est disponible en coupures de 5 000 dlrs et est convertible du 20 mai 1987 au 20 mars 2002. La date de paiement est le 30 avril et il y aura une courte période de coupon.
paragraph2sentence.test-newswire-273-2,Reagan  en imposant ces restrictions  a déclaré qu'elles seraient levées dès qu'il y aurait des preuves d'une tendance selon laquelle le Japon adhérerait à l'accord.
paragraph2sentence.test-newswire-274-1,L'astronaute d'origine britannique Michael Foale a pris sa retraite de la NASA après avoir consacré les 26 dernières années à l'exploration spatiale. Considéré comme l'astronaute britannique le plus expérimenté en matière de vols spatiaux habités  Foale aurait passé 375 jours en orbite  visitant la Station spatiale internationale  la plate-forme Mir et complétant ses travaux sur le télescope spatial Hubble.
paragraph2sentence.test-newswire-274-2,The Ghost and Mrs Muir pourrait être un film amusant pour les marins.
paragraph2sentence.test-newswire-275-1,Mardi  le Fonds mondial pour la nature (WWF) a annoncé qu'une saola vivante  ou « licorne asiatique »  avait été photographiée dans le centre du Vietnam. La photo a été prise en septembre dernier par un piège photographique placé par le gouvernement vietnamien et le WWF.
paragraph2sentence.test-newswire-275-2,Le WWF a annoncé qu'un soala vivant  ou « Licorne asiatique »  a été photographié.
paragraph2sentence.test-newswire-276-1,La division Micro-ordinateurs de Motorola Inc a annoncé avoir réduit le prix de 28 de ses produits de cartes informatiques basés sur l'architecture VMEbus. La société a déclaré qu'elle réduisait les prix pour les consommateurs car la baisse des prix des composants  l'augmentation des volumes et l'efficacité de la fabrication ont permis de réaliser des économies de 700 dlrs par carte.
paragraph2sentence.test-newswire-276-2,Motorola baisse ses prix en raison de l'efficacité de la fabrication.
paragraph2sentence.test-newswire-277-1,Le ministère de l'Intérieur a qualifié ces explosions d'acte de terrorisme. En octobre  des membres des Moudjahidines indiens ont affirmé s'être rendus au temple de la Mahabodhi pour planifier une attaque terroriste. Cela a conduit à l'arrestation de quatre suspects impliqués dans les Moudjahidines indiens  qui auraient été impliqués dans les attentats à la bombe de Pune en 2012. Les quatre suspects ont nommé d’autres membres du groupe terroriste et affirmé qu’ils prévoyaient d’attaquer le temple de la Mahabodhi. La police de Delhi affirme avoir informé la police du Bihar de la possibilité d'une attaque terroriste. Le conflit politique s'est intensifié à la suite des attaques entre le parti Bharatiya Janata (BJP) et le Congrès national indien. Le BJP accuse l'Alliance progressiste unie  qui relève du Congrès national indien  d'ignorer les menaces des moudjahidines indiens d'attaquer le temple.
paragraph2sentence.test-newswire-277-2,Les feux d'artifice ne sont que des explosions contrôlées.
paragraph2sentence.test-newswire-278-1,Jeudi  la Haute Cour d'Allahabad en Inde a publié un jugement clé relatif au procès d'intérêt public (PIL) intenté par la Kautilya Society  une organisation indienne d'intérêt public  qui accuse l'État de l'Uttar Pradesh de négligence dans la protection du patrimoine de la ville historique de Varanasi. Le conflit polarise de plus en plus l’opinion publique.
paragraph2sentence.test-newswire-278-2,La Haute Cour d'Allahabad en Inde a publié un jugement clé relatif à la plainte déposée par la société Kautilya  qui accuse l'Uttar Pradesh de négligence dans la protection du patrimoine de la ville historique de Varanasi.
paragraph2sentence.test-newswire-279-1,Moody's Investors Service Inc a déclaré avoir augmenté de Aa-2 à Aa-3 les obligations de dépôt à long terme de Citizens Fidelity Bank and Trust Co parce que sa société mère  Citizens Fidelity Corp  a fusionné avec PNC Financial Corp. Moody's a déclaré que la fusion devrait renforcer le potentiel de bénéfices de la banque grâce à l'accès acquis aux gammes de produits de PNC. Cela devrait également se traduire par une flexibilité financière nettement plus grande pour Citizens Fidelity  a déclaré Moody's. La notation Prime-1 de la banque pour les dépôts à court terme n'a pas été affectée.
paragraph2sentence.test-newswire-279-2,Les actifs utilisés pour garantir la dette comprenaient des prêts automobiles  des cartes de crédit  des locations d'ordinateurs et des prêts aux entreprises  ont noté S et P.
paragraph2sentence.test-newswire-280-1,Le Groupement pour le financement des ouvrages de bâtiment  travaux publics et activités annexes (GOBTP) prévoit de lancer deux obligations nationales à taux variable d'un montant total de 700 millions de francs  ont indiqué les principaux gestionnaires du Crédit Commercial de France (CCF) et de la Caisse Centrale des Banques Populaires (CCBP). La première obligation de 500 millions de francs à 12 ans  dirigée par le CCF  sera émise à 99% avec des intérêts basés sur le taux annualisé du marché monétaire (TAM) et payable le 21 avril de chaque année  le premier coupon étant payé l'année prochaine. La deuxième obligation de 200 millions de francs sur 12 ans  dirigée par CCBP  sera émise à 99% avec des intérêts également basés sur le TAM avec la même date de paiement du coupon. Les deux obligations seront en principe remboursables au pair le 21 avril 1999.
paragraph2sentence.test-newswire-280-2,Le GOBTP envisage de lancer deux obligations nationales à taux variable qui seront remboursables au pair le 21 avril 1999.
paragraph2sentence.test-newswire-281-1,<United Savings and Loan Association> a déclaré qu'une offre publique initiale de 537 609 actions ordinaires était en cours à 8 75 dlrs l'action par l'intermédiaire de preneurs fermes dirigés par Robinson-Humphrey Co Inc et Interstate Securities Corp. Les preneurs fermes ont reçu une option pour acheter jusqu'à 254 285 actions supplémentaires pour couvrir les attributions. United Savings a émis un total de 1 780 000 actions sous forme mutuelle.
paragraph2sentence.test-newswire-281-2,Lorsqu'une personne achète des actions d'une entreprise  elle a alors droit à l'information et à la participation au sein de l'entreprise.
paragraph2sentence.test-newswire-282-1,Manny  Moe et Jack Inc ont déclaré que leur conseil d'administration avait déclaré un fractionnement d'actions à trois pour un et augmenté le dividende trimestriel à six cts avant le fractionnement  contre 5-1/2 cts. Les deux sont payables le 27 juillet aux détenteurs inscrits le 1er juillet et le fractionnement est soumis à l'approbation des actionnaires lors de l'assemblée annuelle du 18 mai d'une augmentation des actions ordinaires autorisées de 40 millions à 500 millions  a indiqué la société.
paragraph2sentence.test-newswire-282-2,La société Moe et Jack n'a aucun lien direct avec les Trois Stooges.
paragraph2sentence.test-newswire-283-1,Les autorités pakistanaises ont placé la capitale  Islamabad  en alerte rouge après avoir reçu des informations faisant état de possibles attaques terroristes contre le quartier général de l'armée de l'air pakistanaise. Des mesures ont été prises rapidement  des hélicoptères de l'armée de l'air et de la marine étant aperçus au-dessus d'Islamabad peu de temps après que les responsables en aient été informés.
paragraph2sentence.test-newswire-283-2,De possibles attaques terroristes ont amené la population à être en alerte rouge.
paragraph2sentence.test-newswire-284-1,Dimanche  Peter Capaldi a été nommé douzième docteur de l'émission Doctor Who de la BBC. L'annonce a été faite dans le cadre d'une retransmission en direct par la BBC. Capaldi avait été envisagé par le producteur exécutif Steven Moffat pour le rôle du onzième médecin avant que Matt Smith ne soit finalement choisi.
paragraph2sentence.test-newswire-284-2,Il y a maintenant 12 médecins pour Doctor Who de la BBC.
paragraph2sentence.test-newswire-285-1,1986 Année Perte nette après charges exceptionnelles 198 millions de francs contre bénéfice 250 millions Provisions exceptionnelles pour fermeture de l'usine d'électrolyse de Viviez 187 millions de francs contre gain exceptionnel 22 millions Ventes et services 16 51 milliards de francs contre 20 20 milliards Proposition de dividende net sur actions ordinaires nul contre 110 francs Le nom complet de la société est Vieille Montagne SA <VMNB.BR>.
paragraph2sentence.test-newswire-285-2,La reine Margrethe a ouvert l'approvisionnement en hydrogène d'une usine centrale d'électrolyse vers cinq maisons d'essai au Danemark.
paragraph2sentence.test-newswire-286-1,Le président brésilien José Sarney remaniera une partie de son cabinet le mois prochain mais conservera son ministre des Finances  a indiqué une source présidentielle. Le remaniement ministériel  attendu depuis la démission du ministre du Plan Joao Sayad il y a huit jours  devrait avoir lieu d'ici deux à trois semaines  a indiqué la source. La source  qui a requis l'anonymat  a déclaré qu'"en principe  le remaniement n'affecterait pas le ministre des Finances  Dilson Funaro".
paragraph2sentence.test-newswire-286-2,Le remaniement du gouvernement brésilien par le président Sarney n'inclura pas le ministre des Finances.
paragraph2sentence.test-newswire-287-1,De nombreuses personnes sont coincées dans des bâtiments endommagés ou sous les décombres  mais les services d'urgence ont été gênés par les embouteillages alors que les automobilistes et les piétons évacuaient le CBD. L'hôpital principal reste opérationnel malgré la fermeture d'une salle endommagée  et trois centres de triage ont été créés pour fournir une aide médicale. Plusieurs centaines de délégués participant à une conférence médicale dans la ville  la grande majorité venant d'Australie  se sont retrouvés coincés dans la ville ; certains d’entre eux aident à soigner les blessés.
paragraph2sentence.test-newswire-287-2,Selon Mohammed Issa Aliou  porte-parole de la tribu Rezeigat au Darfour  au Soudan  au moins 55 personnes ont été tuées dans la ville après des affrontements avec l'armée du Sud-Soudan.
paragraph2sentence.test-newswire-288-1,Le président bolivien Evo Morales a annoncé jeudi qu'il porterait plainte contre le président américain Barack Obama pour crimes contre l'humanité. Le président Morales a annoncé qu'il préparait un procès après que l'avion du président vénézuélien Nicholas Maduro se soit vu refuser l'entrée dans l'espace aérien américain au-dessus de Porto Rico.
paragraph2sentence.test-newswire-288-2,Le président bolivien a annoncé qu'il porterait plainte contre Barack Obama pour crimes contre l'humanité.
paragraph2sentence.test-newswire-289-1,Entre Computer Centers Inc a annoncé l'arrêt de ses opérations européennes et australiennes. La société a annoncé aujourd'hui une perte pour le deuxième trimestre clos le 28 février de 2 733 000 dlr  après une provision avant impôts de 6 705 000 dlr pour la fermeture des unités à l'étranger et un crédit d'impôt de 2 511 000 dlr. Un an plus tôt  il gagnait 911 000 dlrs. Les opérations à l'étranger ont perdu 400 000 dlrs au deuxième trimestre et ne semblent pas suffisamment solides pour assurer la croissance future.
paragraph2sentence.test-newswire-289-2,Entre Computer Centers Inc cessera ses activités avec l'Europe et l'Australie après avoir signalé de grosses pertes et analysé que ces partenariats ne semblaient pas prometteurs pour l'avenir.
paragraph2sentence.test-newswire-290-1,Grumman Corp a annoncé avoir remporté un contrat de 28 millions de dlr auprès de McDonnell Douglas Corp <MD> pour développer des gouvernes de vol pour le nouvel avion de transport C-17 de l'US Air Force. Grumman a déclaré qu'il concevrait  développerait et construirait les ailerons  les gouvernes de direction et les gouvernes de profondeur pour le transport. La société a déclaré que la phase de production du contrat avait une valeur potentielle d'environ 300 millions de dlrs.
paragraph2sentence.test-newswire-290-2,Grumman Corp a remporté un contrat avec McDonnell Douglas Corp <MD> pour développer des gouvernes de vol  concevoir et construire les ailerons  les gouvernes de direction et les gouvernes de profondeur pour le transport du nouvel avion de transport C-17 de l'US Air Force.
paragraph2sentence.test-newswire-291-1,Reynolds and Reynolds Co a déclaré qu'elle lutterait contre une poursuite intentée contre elle par <Advanced Voice Technologies> alléguant le détournement de secrets commerciaux. La société a réitéré son rejet des accusations  affirmant que la poursuite n'était pas fondée. La société a déclaré qu'elle déposerait une réponse à la plainte auprès du tribunal fédéral de Détroit d'ici le 7 avril.
paragraph2sentence.test-newswire-291-2,Advanced Voice Technologies a tenté de poursuivre The Reynolds et Reynolds Co pour détournement de secrets commerciaux  bien que l'accusation ait été rejetée et recevra une réponse d'ici le 7 avril.
paragraph2sentence.test-newswire-292-1,Citadel Holding Corp a déclaré avoir réglé son litige avec Great Western Financial Corp. La société a déclaré qu'aux termes de ces termes  Great Western avait accepté de ne pas acquérir ou chercher à acquérir des titres avec droit de vote de Citadel ou de proposer une fusion avec Citadel pendant cinq ans  et Citadel avait versé à Great Western six millions de dlrs. Citadel a déclaré qu'elle poursuivait ses réclamations contre Salomon Inc <SB>  qui la représentait dans le cadre du projet de fusion contesté avec Great Western qui faisait l'objet du litige.
paragraph2sentence.test-newswire-292-2,La structure des prêts de l'agence a également montré une nette évolution des industries liées aux infrastructures - telles que les cimenteries - vers des projets à forte intensité de capital.
paragraph2sentence.test-newswire-293-1,L'ACT avait déjà adopté en 2006 un projet de loi prévoyant les unions civiles  qui avait été rejeté par le gouverneur général de l'Australie sur les conseils du Premier ministre de l'époque  John Howard. Le projet de loi a été adopté à nouveau après la perte de ses fonctions en 2007  mais les dispositions relatives au mariage ont été supprimées de la loi sous la menace d'être désavouées par le Premier ministre Kevin Rudd. Rudd soutient désormais le mariage homosexuel.
paragraph2sentence.test-newswire-293-2,Alors que de nombreux responsables prévoyaient que la saison de la grippe culminerait en janvier  elle semble être arrivée beaucoup plus tôt dans de nombreuses régions de l'État.
paragraph2sentence.test-newswire-294-1,TCW Convertible Securities Fund Inc a déclaré que son conseil d'administration a déclaré un dividende trimestriel initial de trois cents par action  payable le 30 avril aux actionnaires inscrits le 17 avril. TCW a déclaré qu'il prévoyait de verser un dividende trimestriel régulier. La société a procédé à son introduction en bourse le 5 mars.
paragraph2sentence.test-newswire-294-2,Les voitures décapotables comprennent souvent un toit « souple » qui peut être plié et rangé dans le coffre du véhicule.
paragraph2sentence.test-newswire-295-1,Cette panne intervient à un moment sensible pour la Chine  alors que le procès de Bo Xilai  un ancien responsable du gouvernement  vient de se terminer. L'attaque intervient également au milieu de rumeurs selon lesquelles le gouvernement chinois va sévir contre les commentateurs des médias sociaux  selon le Wall Street Journal.
paragraph2sentence.test-newswire-295-2,La Grande Muraille de Chine est visitée chaque année par de nombreux touristes.
paragraph2sentence.test-newswire-296-1,Une grève des banques nationales  vieille de huit jours  a commencé à s'effondrer suite à un avertissement de la banque fédérale Banco do Brasil selon laquelle elle pourrait licencier les employés qui ne retourneraient pas au travail  a déclaré un porte-parole du syndicat. Le personnel de Banco do Brasil dans plusieurs grandes villes  dont Brasilia  Rio de Janeiro et Curitiba  avait décidé de retourner au travail. Il est probable qu'environ la moitié du personnel des banques du pays serait en activité  a-t-il ajouté.
paragraph2sentence.test-newswire-296-2,Le personnel des banques brésiliennes renonce à sa grève  le porte-parole du syndicat ayant déclaré que cela pourrait mettre leurs emplois en danger.
paragraph2sentence.test-newswire-297-1,Dow Chemical Co  <Guy F. Atkinson Co> et <Woodward-Clyde Consultants> ont déclaré avoir formé une entreprise pour lutter contre la contamination des eaux souterraines. L'entreprise  appelée AWD Technologies Inc  offrira des services d'analyse de site  de planification  d'ingénierie et de construction pour la restauration des eaux souterraines.
paragraph2sentence.test-newswire-297-2,Les entreprises européennes sont de nouveau préoccupées par les menaces qui pèsent sur les expéditions de pétrole dans le Golfe.
paragraph2sentence.test-newswire-298-1,Phoenix Re Corp a déclaré qu'une offre publique initiale de 2 500 000 actions ordinaires était en cours à 13 dlrs chacune par l'intermédiaire de preneurs fermes dirigés par la filiale <AXP> Shearson Lehman Brothers Inc d'American Express Co et Advest Group Inc <ADV>. Phoenix Re a été créée par Phoenix Mutual Life Insurance Co.
paragraph2sentence.test-newswire-298-2,La souscription n’a rien à voir avec l’écriture fantôme.
paragraph2sentence.test-newswire-299-1,Peripheral Systems Inc a déclaré avoir accepté en principe d'acquérir les actions en circulation de <Nucell Inc>. L'accord prévoit l'échange d'une action Peripheral contre chaque action Nucell  sous réserve de l'approbation des conseils d'administration des deux sociétés  précise le communiqué. Peripheral a déclaré que son implication accrue dans le développement de la technologie des batteries nucléaires de Nucell avait rendu la fusion pratique.
paragraph2sentence.test-newswire-299-2,Le résultat de l'implication technologique de Peripheral Systems Inc. dans le développement de la batterie nucléaire de Nucell a été un accord de principe en vue d'une éventuelle fusion.
paragraph2sentence.test-newswire-300-1,L'inspecteur Gary Davy a fait une déclaration au nom de la police néo-zélandaise  affirmant que c'était « avec une immense tristesse » que le corps avait été retrouvé. Il a également déclaré : « Il est trop tôt à ce stade pour savoir comment l'enfant est arrivé là  ou en fait  combien de temps il est resté dans les égouts.
paragraph2sentence.test-newswire-300-2,Comme condition préalable aux pourparlers de paix entre Israéliens et Palestiniens menés par les États-Unis  Israël s'est engagé en juillet à libérer 104 prisonniers emprisonnés avant les accords d'Oslo.
paragraph2sentence.test-newswire-301-1,Le gouverneur de la Banque du Japon  Satoshi Sumita  a déclaré que l'instabilité actuelle du marché des changes ne durerait pas longtemps  car le marché suscite une certaine prudence quant au déclin rapide de la monnaie américaine. Il a déclaré aux journalistes que les principales nations monétaires étaient déterminées à poursuivre leur intervention concertée chaque fois que nécessaire pour éviter les ventes spéculatives de dollars  conformément à leur accord de stabilité monétaire du 22 février à Paris. Sumita a également déclaré qu'il ne considérait pas la récente baisse du dollar comme une chute libre.
paragraph2sentence.test-newswire-301-2,Nous ne sommes pas sûrs que d'autres changements réglementaires soient nécessaires à ce stade  a déclaré Phillips.
paragraph2sentence.test-newswire-302-1,Sesostris  la filiale espagnole du négociant international en céréales Dreyfus  a vendu 18 000 tonnes d'orge à la Grèce pour livraison depuis les ports méditerranéens du 14 au 30 avril  a indiqué un porte-parole de la société. Il n'a donné aucune précision sur le prix. L'orge a une humidité de 14 pour cent.
paragraph2sentence.test-newswire-302-2,Par l'intermédiaire de sa filiale espagnole Sesostris  Dreyfus  le négociant international en céréales  a vendu 18 000 tonnes d'orge à la Grèce pendant 2 semaines en avril.
paragraph2sentence.test-newswire-303-1,Southeast Banking Corp a déclaré avoir déposé auprès de la Securities and Exchange Commission une déclaration d'enregistrement couvrant une émission de 50 millions de dlr de billets convertibles à capital subordonné arrivant à échéance en 1999. Les billets sont conçus pour être considérés comme du capital primaire à des fins réglementaires de la Réserve fédérale  a indiqué la banque. Il s'appliquera à la cotation des billets à la Bourse de New York. La société a nommé Lazard Frères and Co comme chef de file de l'opération.
paragraph2sentence.test-newswire-303-2,Lazard Frères and Co sera le chef de file de l'opération.
paragraph2sentence.test-newswire-304-1,First Financial Management Corp a annoncé avoir acquis Confidata Corp  une unité de <North Ridge Bank>  en payant 500 000 dlrs en espèces et en promettant une garantie sur un billet Confidata de 500 000 dlrs détenu par North Ridge. First Financial  qui fournit des services de traitement de données aux banques communautaires et à d'autres institutions financières  a déclaré que l'acquisition élargirait sa clientèle.
paragraph2sentence.test-newswire-304-2,L'expansion de First Financial Management de Confidata Corp améliore les services à la clientèle.
paragraph2sentence.test-newswire-305-1,La Nationwide Building Society a annoncé qu'elle émettrait 30 millions de dollars de prêts indexés à échéance 2021 par le biais d'un placement sur la base du rendement sur le marché intérieur de la livre sterling. Le taux de rendement réel de l'émission  son prix et le montant du premier paiement d'intérêts seront fixés aujourd'hui à 14h00 GMT. Le taux de rendement réel sera la somme de 0 60% plus le taux de rendement réel brut des actions du Trésor indexées à 2-1/2% arrivant à échéance en 2020. L'émission sera en partie payée avec 25% du taux de rendement réel payable à l'acceptation et le solde le 1er juillet 1987.
paragraph2sentence.test-newswire-305-2,Mais les médias occidentaux ont tort de classer les dirigeants entre réformateurs et conservateurs.
paragraph2sentence.test-newswire-306-1,Hewlett-Packard Co a annoncé avoir réduit les prix jusqu'à 15 % sur deux modèles de son PC HP Vectra  un ordinateur personnel compatible PC/AT d'International Business Machines Corp. La société a déclaré que cette décision reflétait la baisse des coûts des matériaux  la rationalisation des processus de production et la réduction des coûts de fabrication. Hewlett-Packard a annoncé avoir réduit le prix de son Vectra PC modèle 50 à 3 995 dlrs contre 4 695 dlrs et celui de son modèle 60 à 4 795 dlrs contre 5 495 dlrs. En outre  la société a annoncé avoir réduit les prix jusqu'à 29 % pour les systèmes HP Vectra préconfigurés utilisés dans des applications spécifiques.
paragraph2sentence.test-newswire-306-2,La baisse des coûts des matériaux  la rationalisation des processus de production et la réduction des coûts de fabrication ont permis à Hewlett-Packard de réduire les prix de 15 % à 29 % sur certains ordinateurs  ainsi que sur certains systèmes et applications.
paragraph2sentence.test-newswire-307-1,Le pilote de Hendrick Motorsports  Jeff Gordon  a remporté dimanche le Goody's Headache Relief 500 de la NASCAR Sprint Cup Series 2013 au Martinsville Speedway de Martinsville  en Virginie. Gordon a commencé la course en neuvième position et a finalement remporté sa première course de 2013  mettant ainsi fin à une séquence de 32 courses sans victoire. La course  disputée sur 500 tours  a comporté 17 drapeaux d'avertissement  un record pour la saison  sur 111 tours et impliquant 21 pilotes et 15 leaders de course différents.
paragraph2sentence.test-newswire-307-2,À Martinsville en Virginie  la course Goody's Headache Relief Motor de la NASCAR Sprint Cup Series 2013 a été remportée par le pilote Jeff Gordon.
paragraph2sentence.test-newswire-308-1,L'hebdomadaire allemand Der Spiegel a accusé hier la National Security Agency (NSA) des États-Unis d'espionnage du siège des Nations Unies à New York. Le magazine affirme avoir accès aux documents officiels de la NSA  fournis par l'ancien informaticien de la NSA et de la CIA et actuel fugitif Edward Snowden.
paragraph2sentence.test-newswire-308-2,Collins a commencé à fumer à dix-sept ans  mais avait arrêté lorsqu'on lui a diagnostiqué un cancer de la gorge en 2008.
paragraph2sentence.test-newswire-309-1,L'ultimatum était dû aux centaines de milliers de personnes qui ont manifesté dans les villes égyptiennes  notamment à Alexandrie  au Caire  à Port-Saïd et à Suez  hier  à l'occasion du premier anniversaire de l'investiture de Morsi  et aujourd'hui  pour exiger la démission de Morsi. Certains estiment que la participation s'est élevée à des dizaines de milliers  voire des centaines de milliers  et une source militaire a estimé ce nombre à près de quatorze millions. Au Caire  les manifestants étaient massés place Tahrir et devant le palais présidentiel. Au moins seize personnes sont mortes et 780 ont été blessées lors des manifestations  selon le porte-parole du ministère égyptien de la Santé  Yehya Moussa.
paragraph2sentence.test-newswire-309-2,La responsabilité des personnes participant aux manifestations variait selon les chaînes de télévision.
paragraph2sentence.test-newswire-310-1,Combustion Engineering Inc a déclaré que son unité C-E Environmental Systems and Services Inc avait accepté de travailler avec Keeler/Dorr-Oliver  une unité de Standard Oil Co <SRD>  pour développer des systèmes de destruction des déchets dangereux. Dans le cadre de cet accord de collaboration  Keeler/Dorr-Oliver fournira la technologie  l'équipement et les services à lit fluidisé. C-E Environmental fournira des services de conseil en environnement et d'enquête sur site  des services d'ingénierie et de construction ainsi que des services d'exploitation  de maintenance et de formation.
paragraph2sentence.test-newswire-310-2,Combustion Engineering Inc s'est associé à Standard Oil Co pour développer des systèmes de destruction des déchets dangereux  les deux sociétés apportant des ressources et des services clés.
paragraph2sentence.test-newswire-311-1,Le président brésilien José Sarney remaniera une partie de son cabinet le mois prochain mais conservera son ministre des Finances  a indiqué une source présidentielle. Le remaniement ministériel  attendu depuis la démission du ministre du Plan Joao Sayad il y a huit jours  devrait avoir lieu d'ici deux à trois semaines  a indiqué la source. La source  qui a requis l'anonymat  a déclaré qu'"en principe  le remaniement n'affecterait pas le ministre des Finances  Dilson Funaro". Des rumeurs circulant ici hier disaient que Funaro était sur le point de quitter le cabinet  mais lui et Sarney ont nié cette information.
paragraph2sentence.test-newswire-311-2,Le scandale politique a été un problème en Angleterre  en particulier lorsque des députés ont réclamé des dépenses liées à des achats inutiles.
paragraph2sentence.test-newswire-312-1,Eduardo Lizano  président de la banque centrale du Costa Rica et négociateur en chef de la dette du pays  a présenté sa démission et quittera le gouvernement le mois prochain  a déclaré un porte-parole de la banque centrale. Le porte-parole Manuel Melendez a déclaré que Lizano avait annoncé sa décision de quitter la banque tard hier  lors d'une réunion de son conseil d'administration. "Lizano a toujours été un éducateur et il a l'intention de se consacrer à l'enseignement à l'université du Costa Rica"  a déclaré Melendez.
paragraph2sentence.test-newswire-312-2,Eduardo Lizano a toujours été un éducateur.
paragraph2sentence.test-newswire-313-1,Dimanche  le Premier ministre pakistanais Nawaz Sharif a suspendu toutes les exécutions d'État  après avoir été invité à le faire par le président Asif Ali Zardari. Conformément au souhait du président  il a été souhaité que toutes les exécutions de condamnations à mort soient suspendues jusqu'à ce que la discussion ait lieu  indique un communiqué du gouvernement.
paragraph2sentence.test-newswire-313-2,Les châtiments corporels  y compris la peine de mort  existent encore aujourd'hui dans certains pays du monde.
paragraph2sentence.test-newswire-314-1,Une « attaque terroriste » a eu lieu hier sous la forme d'au moins quatre explosions au temple de la Mahabodhi à Bodh Gaya  en Inde. Quatre autres explosions ont eu lieu à proximité  dont une près d'une statue de Bouddha haute de vingt-cinq mètres et trois au monastère de Tergar. Trois autres bombes ont été découvertes et toutes ont été diffusées. Les premiers rapports affirment que peu de dégâts ont été causés au temple. Deux moines bouddhistes ont été blessés. La police a déclaré que les dimanches sont des jours calmes au temple  sinon d'autres auraient pu être blessés. Un suspect a été arrêté sur la base d'une télévision en circuit fermé qui a enregistré deux hommes plaçant des bombes sur le temple.
paragraph2sentence.test-newswire-314-2,Le temple de Karnak est un ancien site religieux égyptien.
paragraph2sentence.test-newswire-315-1,La Banque de Tokyo SA émettra 100 millions de francs suisses de billets convertibles à échéance le 30 septembre 1992  pour un montant indiqué de 1 1/4 pour cent  a déclaré le principal gestionnaire  Swiss Bank Corp. Les modalités seront fixées le 9 avril et le paiement sera dû le 30 avril. La période de conversion s'étend du 20 mai 1987 au 20 septembre 1992.
paragraph2sentence.test-newswire-315-2,Le volume total était de 238.287 lots contre 235.665 en mars 1986 et 233.403 en février 1987.
paragraph2sentence.test-newswire-316-1,La Commission communautaire européenne a confirmé qu'elle avait accordé des licences d'exportation pour 59 000 tonnes de sucre blanc de la série actuelle avec une remise à l'exportation maximale de 45 678 unités monétaires européennes (ECU) par 100 kilos. Sur ce montant  les négociants d'Allemagne de l'Ouest ont reçu 34 750 tonnes  au Royaume-Uni 13 000 tonnes  au Danemark 7 250 tonnes et en France 4 000 tonnes.
paragraph2sentence.test-newswire-316-2,Le sucre blanc est du saccharose cristallin et se décline en de nombreuses variétés.
paragraph2sentence.test-newswire-317-1,Texaco Inc a déclaré avoir obtenu une ordonnance d'interdiction temporaire de la cour d'appel du Texas contre Pennzoil Co <PZL> en prenant des mesures pour faire exécuter un jugement de plusieurs milliards de dlr contre Texaco. L'année dernière  un jury du Texas a estimé que Texaco avait interféré avec la tentative de Pennzoil d'acquérir Getty Oil Co et a accordé à Pennzoil plus de 10 milliards de dlrs de dommages et intérêts. Texaco a déclaré que l'ordonnance d'interdiction temporaire constituait une première étape positive. Un porte-parole a déclaré que les débats débuteraient devant la Cour d'appel de l'État du Texas à Houston le 13 avril sur la demande de Texaco d'être allégé de l'exigence totale de caution et de privilège  qui équivaut au montant du jugement.
paragraph2sentence.test-newswire-317-2,Les peintures à l'huile célèbres incluent Mona Lisa de Da Vinci et La Nuit étoilée de Van Gogh.
paragraph2sentence.test-newswire-318-1,L'homme d'affaires japonais kidnappé Nobuyuki Wakaoji a été libéré après quatre mois de captivité  a déclaré le porte-parole de la présidence  Teodoro Benigno. Benigno a déclaré aux journalistes que le dirigeant de Mitsui and Co Ltd  âgé de 53 ans  avait été libéré hier et était détenu dans un hôpital tenu secret. Il n'a donné aucun autre détail sur la publication  qui a été confirmée quelques minutes plus tôt par un porte-parole de Mitsui à Tokyo.
paragraph2sentence.test-newswire-318-2,Les bénéfices ont été accentués par les taux d'imposition  mais le groupe a augmenté sa part de marché pour devenir leader du marché en volume  a ajouté Holmes.
paragraph2sentence.test-newswire-319-1,Les écoles des Blue Mountains ont été évacuées la nuit dernière  et de nombreux habitants ont cherché refuge dans les centres d'évacuation d'urgence de la région. Environ 600 étudiants ont été transportés au Springwood Sports Club pour y être hébergés.
paragraph2sentence.test-newswire-319-2,Plusieurs compagnies aériennes ont déjà suspendu leurs services commerciaux vers la Syrie  notamment Etihad  qui l'a fait il y a un an.
paragraph2sentence.test-newswire-320-1,La Nouvelle-Zélande a légalisé hier le mariage homosexuel  avec une forte augmentation des demandes de mariage  selon le ministère néo-zélandais des Affaires intérieures. La Nouvelle-Zélande est désormais le premier pays de la région Asie-Pacifique à légaliser le mariage homosexuel  et le quatorzième pays à le faire dans le monde.
paragraph2sentence.test-newswire-320-2,Les mariages homosexuels sont progressivement de plus en plus acceptés dans la société moderne  en particulier dans les pays où ils sont légalisés  comme la Nouvelle-Zélande.
paragraph2sentence.test-newswire-321-1,L’amendement à la loi néo-zélandaise sur le mariage a suscité une certaine opposition de la part de l’Église catholique et de l’Église anglicane. Les dirigeants de l'Église anglicane ont insisté pour que les ministres refusent d'organiser des cérémonies de mariage homosexuel jusqu'à ce que leur synode annuel ait lieu l'année prochaine. Le révérend Matt Tittle  qui a dirigé l'une des premières cérémonies homosexuelles  a cependant déclaré : « Tout amour est saint ».
paragraph2sentence.test-newswire-321-2,Certaines religions sont contre l'homosexualité en raison de leurs interprétations des Saintes Écritures.
paragraph2sentence.test-newswire-322-1,Aujourd'hui  l'armée égyptienne a lancé un ultimatum à Mohammed Morsi qui lui donne 48 heures  jusqu'à mercredi  pour répondre aux demandes des centaines de milliers de personnes qui protestaient contre sa présidence  en annonçant des élections anticipées  en démissionnant et en permettant à un gouvernement provisoire de prendre le relais  sinon ils forceraient une transition politique.
paragraph2sentence.test-newswire-322-2,Un défi de 2 jours avec des tranquillisants n'est pas une solution.
paragraph2sentence.test-newswire-323-1,Apollo Computer Inc a déclaré avoir conclu un accord de marketing conjoint avec <Palladian Software Inc> pour distribuer un progiciel d'intelligence artificielle. Apollo a annoncé qu'elle commercialiserait le Palladian Management Advisor  anciennement connu sous le nom de Financial Advisor  sur les postes de travail Apollo. Apollo a déclaré que cet accord marque la première fois qu'un système expert commercial général est disponible pour les postes de travail professionnels.
paragraph2sentence.test-newswire-323-2,Apollon est l'un des dieux grecs les plus importants.
paragraph2sentence.test-newswire-324-1,La province de Québec émet une euro-obligation de 30 milliards de yens  échéant le 7 mai 1997  au paiement de 5% et au prix de 102 1/2%  a déclaré le gestionnaire principal Bank of Tokyo International Ltd. L'obligation non remboursable est disponible en coupures d'un million de yens et sera cotée au Luxembourg. La concession de vente est de 1-1/4 PCT  tandis que la gestion et la souscription combinées paient 3/4 PCT. La date de paiement est le 7 mai.
paragraph2sentence.test-newswire-324-2,La Bank of Tokyo International Ltd est la branche bancaire commerciale du groupe financier Mitsubishi UFJ.
paragraph2sentence.test-newswire-325-1,Peoples Ban Corp a déclaré qu'elle s'attend à publier un bénéfice de plus de six millions de dlrs au premier trimestre  y compris un gain de 1 600 000 dlrs provenant du règlement d'un différend avec l'Internal Revenue Service et de la vente de quatre bureaux bancaires à Vancouver  Washington. Les peuples ont gagné 105 000 dlrs au premier trimestre de l'année dernière et ont perdu 1 768 000 dlrs sur l'ensemble de l'année 1986.
paragraph2sentence.test-newswire-325-2,Ceux qui sont venus ont tenté de réduire leurs dépenses  principalement en réduisant leurs achats  précise le communiqué.
paragraph2sentence.test-newswire-326-1,La Réserve fédérale achète aujourd'hui un milliard de dlrs de bons du Trésor pour le compte de ses clients et les livrera  a déclaré un porte-parole de la banque. Les fonds fédéraux s'échangeaient à 6-3/16% au moment de l'achat  plusieurs heures avant que la Fed n'effectue normalement des transactions pour ses clients. Les économistes ont déclaré que l'achat était presque certainement lié à l'investissement du produit de la récente intervention de la banque centrale sur les changes. On estime que la Banque du Japon à elle seule a acheté environ six milliards de dirhams en mars dans le but de soutenir le dollar.
paragraph2sentence.test-newswire-326-2,La Banque du Japon a acheté environ six milliards de dollars à la Réserve fédérale en mars.
paragraph2sentence.test-newswire-327-1,Swissair <SWSZ.Z> a déclaré qu'elle confirmait six commandes pour le nouveau biréacteur long-courrier MD-11 de McDonnell Douglas Corp <MD> et avait pris des options pour 12 autres avions. La commande  qui impliquait le refus de l'avion A-340 construit par le consortium européen Airbus  vise à remplacer la flotte d'avions DC-10 de la compagnie aérienne au début des années 1990. Swissair a déclaré en décembre qu'elle accordait la priorité au MD-11 et qu'elle avait réservé six places pour la livraison  en attendant une commande finale.
paragraph2sentence.test-newswire-327-2,Après avoir rejeté les avions d'Airbus  Swissair a annoncé son intention d'acheter six nouveaux avions MD-11 à McDonnell Douglas pour les remplacer par des options d'achat supplémentaires.
paragraph2sentence.test-newswire-328-1,Le ministère russe de l'Intérieur a confirmé hier que la police appliquerait la loi interdisant la « propagande en faveur des relations sexuelles non traditionnelles » lors des Jeux olympiques d'hiver de 2014 qui se tiendront à Sotchi en février.
paragraph2sentence.test-newswire-328-2,Un silence de fer remplit l'ambiance.
paragraph2sentence.test-newswire-329-1,Prime Computer Inc a annoncé demain qu'elle présenterait deux nouveaux supermini-ordinateurs haut de gamme. La société a déclaré que ces machines augmenteraient considérablement les performances de sa gamme de produits de la série 50. Il n'a donné aucun autre détail.
paragraph2sentence.test-newswire-329-2,Prime Computer Inc a développé des ordinateurs innovants qui amélioreront les performances de la gamme de produits de la série 50.
paragraph2sentence.test-newswire-330-1,Saitama Bank Ltd émet 100 millions de francs suisses de billets convertibles à échéance le 30 septembre 1992  pour un montant indiqué de 1 1/4 pour cent  a déclaré le principal gestionnaire du Credit Suisse. Les modalités seront fixées le 15 avril et le paiement sera dû le 6 mai. La période de conversion s'étend du 20 mai 1987 au 18 septembre 1992.
paragraph2sentence.test-newswire-330-2,Le franc suisse est la monnaie non seulement de la Suisse  mais aussi du Liechtenstein.
paragraph2sentence.test-newswire-331-1,La Tokyo Electric Power Company  propriétaire de la centrale nucléaire de Fukushima au Japon  a pour la première fois publié des chiffres sur la quantité de déchets radioactifs émis par l'installation depuis qu'elle a été endommagée par un séisme de magnitude 9 0 le 11 mars 2011. Environ 20 000 à 40 000 milliards de becquerels d'énergie nucléaire se sont échappés depuis la catastrophe  a déclaré TEPCO lors de la publication de ses données le 5 août 2013.
paragraph2sentence.test-newswire-331-2,Des déchets radioactifs sont émis par les installations et provoquent des tremblements de terre  et d'autres encore se sont échappés même après la catastrophe.
paragraph2sentence.test-newswire-332-1,Anchor Savings Bank a déclaré qu'elle prévoyait de commencer à négocier sur le système NASDAQ sur une base d'émission le 7 avril sous le symbole boursier <ABKR>. Anchor a récemment été rendue publique dans le cadre d'une offre de souscription de 17 595 000 actions qui ont été sursouscrites et augmentées de 2 295 000 actions par rapport au nombre initialement prévu.
paragraph2sentence.test-newswire-332-2,Anchor Savings Bank a offert 17 595 000 actions au public  un chiffre qu'elle a dû augmenter pour faire face à sa sursouscription.
paragraph2sentence.test-newswire-333-1,Oak Industries Inc a déclaré avoir accepté d'acheter les actions d'Electronic Technologies Inc de New York pour un montant en espèces non divulgué. Electronic Technologies fabrique des composants en cristal de quartz  a déclaré Oak. L'acquisition s'inscrit dans le cadre de sa stratégie en cours visant à restructurer ses activités principales à travers des programmes de réduction des coûts et l'achat de sociétés compatibles.
paragraph2sentence.test-newswire-333-2,Oak Industries Inc a acheté le fabricant de composants en cristal de quartz Electronic Technologies Inc de New York dans le cadre de sa stratégie de restructuration en cours.
paragraph2sentence.test-newswire-334-1,Energy Development Partners Ltd a annoncé avoir finalisé l'acquisition de May Energy Partners Ltd pour 1 817 697 unités de dépôt suite à l'approbation hier des porteurs de parts de May Energy. Energy Development a déclaré que May Petroleum Inc <MAYP>  commandité de May Energy  distribuera environ 35 unités Energy Development pour chaque 100 unités May Energy Partners aux détenteurs de 100 unités May Energy Partners ou plus et en espèces à d'autres. Energy Development a déclaré que la transaction augmente son encours d'unités à 12 6 millions et augmente les réserves prouvées totales à la fin de 1986 de 27 pour cent. Angeles Corp <ANG> est le commandité d'Energy Development.
paragraph2sentence.test-newswire-334-2,Energy Development Partners Ltd a racheté May Energy Partners Ltd  déclarant qu'elle contrôlera la distribution des parts d'Energy Development et  dans certains cas  distribuera des espèces à certains détenteurs de parts.
paragraph2sentence.test-newswire-335-1,Samedi  lors d'un match joué au Colegio San Agustin de Madrid dans la ligue espagnole de basket-ball en fauteuil roulant de haut niveau  CD Fundosa ONCE a battu de manière décisive Getafe BSR 86-36. ONCE  avec l'international australien des Jeux paralympiques d'été de 2012 Bill Latham et l'international britannique Terry Bywater  sont entrés dans le match avec une séquence de plusieurs victoires consécutives au cours desquelles ils ont récolté en moyenne 79 points tout en maintenant leurs adversaires à une moyenne de 31 5 points.
paragraph2sentence.test-newswire-335-2,Lors du match de la ligue espagnole de basket-ball en fauteuil roulant  CD Fundosa ONCE a battu de manière décisive Getafe BSR 86-36  prolongeant ainsi sa séquence de victoires de plusieurs matchs.
paragraph2sentence.test-newswire-336-1,L'ancien ministre syrien de la Défense  le général Ali Habib  aurait fait défection vers la Turquie. Le gouvernement syrien nie ces informations ; Le secrétaire d'État américain John Kerry a confirmé cette défection lors d'une audition de la commission des Affaires étrangères de la Chambre des représentants sur l'intervention militaire en Syrie cet après-midi.
paragraph2sentence.test-newswire-336-2,Malgré le démenti du gouvernement syrien  le général Ali Habib a renoncé à son poste de ministre de la Défense  selon le secrétaire d'État américain.
paragraph2sentence.test-newswire-337-1,Vista Organization Ltd a déclaré que son conseil d'administration avait formé un bureau de président. La société a déclaré que le bureau comprend Mark S. Germain  principalement responsable de l'administration et de la politique d'entreprise  Herb Jaffe  qui dirige les opérations cinématographiques  et Gabriel Katzka  qui est en charge des opérations télévision.
paragraph2sentence.test-newswire-337-2,Le sceau présidentiel a été conçu sur une longue période.
paragraph2sentence.test-newswire-338-1,Bahreïn est le premier pays arabe du Golfe à introduire une semaine de travail obligatoire de cinq jours pour ses banques commerciales  mettant fin à la semaine traditionnelle de six jours. L'Agence monétaire de Bahreïn (BMA) a déclaré que la réglementation s'appliquait uniquement au secteur national comprenant une vingtaine de banques commerciales et n'était pas obligatoire pour les quelque 70 banques offshore de l'île. Sulman Bin Khalifa Al Khalifa  directeur des services bancaires de BMA  a déclaré que les banques commerciales ouvriraient désormais du dimanche au jeudi et a ajouté que vingt et une unités bancaires offshore avaient également demandé et obtenu l'autorisation d'ouvrir une semaine de cinq jours.
paragraph2sentence.test-newswire-338-2,Nous avons besoin de temps pour que ces actions et la dépréciation antérieure produisent leurs effets  a-t-il déclaré.
paragraph2sentence.test-newswire-339-1,Fair Lanes Inc a déclaré que ses actionnaires avaient approuvé la fusion annoncée précédemment avec Maricorp Inc  une unité de <Northern Pacific Corp>. Aux termes de la fusion  Fair Lanes a déclaré que chacune de ses actions ordinaires serait convertie en droit de recevoir 1 3043 actions de <BTR Realty Inc>  qui appartient à Fair Lines.
paragraph2sentence.test-newswire-339-2,Approbation de la fusion par les actionnaires de Fairlanes inc.
paragraph2sentence.test-newswire-340-1,Maroochydore a battu Noosa 15 à 10 pour remporter le titre de Premier ministre de la Sunshine Coast Rugby Union 2013 hier après-midi au Sunshine Coast Stadium  Bokarina  Queensland. Noosa avait remporté à la fois la catégorie Réserve et la grande finale des moins de 19 ans contre Maleny  36-11 et 22-5 respectivement.
paragraph2sentence.test-newswire-340-2,Maroochydore a remporté le titre de Premier ministre de la Sunshine Coast Rugby Union 2013 en battant Noosa  qui avait remporté à la fois le grade de réserve et la grande finale des moins de 19 ans.
paragraph2sentence.test-newswire-341-1,Les données australiennes indiquent que les compétences d’alphabétisation des adultes n’ont pas d’impact majeur sur les inégalités sociales et que l’alphabétisation ne constitue pas un obstacle à la mobilité sociale. Cela contraste avec d’autres pays comme les États-Unis où les compétences en littératie sont corrélées à la mobilité sociale. En outre  cela montre que l'origine socio-économique d'un adulte n'est pas très étroitement liée à la maîtrise des compétences.
paragraph2sentence.test-newswire-341-2,Vendredi  le shérif du comté de Pickens  en Caroline du Sud  Rick Clark  a refusé de baisser le drapeau en l'honneur de Nelson Mandela après que le président américain Barack Obama a pris un décret ordonnant que tous les drapeaux américains soient mis en berne en l'honneur de Mandela jusqu'au coucher du soleil aujourd'hui.
paragraph2sentence.test-newswire-342-1,Un groupe dirigé par l'investisseur de Dallas Harold Simmons a déclaré à la Securities and Exchange Commission qu'il avait réduit sa participation dans McDermott International Inc d'un pour cent  à moins de cinq pour cent. Le groupe avait déclaré dans un document déposé le 10 mars  annonçant l'acquisition de 5 4% des actions de la société  qu'il pourrait envisager de prendre le contrôle de la société.
paragraph2sentence.test-newswire-342-2,Un petit groupe d’entreprises a des difficultés financières.
paragraph2sentence.test-newswire-343-1,Hier  l'Organisation de coopération et de développement économiques (OCDE)  une organisation économique internationale de 34 membres fondée en 1961 et dont les origines remontent au Plan Marshall de la Seconde Guerre mondiale  a publié des résultats sur l'état des compétences des adultes dans 24 pays  pour la plupart européens. Comparé aux autres pays étudiés  le Japon se classe parmi les pays étudiés les plus performants en matière d'alphabétisation et de calcul.
paragraph2sentence.test-newswire-343-2,Une enquête a été menée sur l'état des compétences des adultes dans 24 pays par l'Organisation de coopération et de développement économiques (OCDE  fondée en 1961  qui compte aujourd'hui 34 membres)  avec des résultats indiquant que le Japon est l'un des pays les plus performants en matière d'alphabétisation et de calcul.
paragraph2sentence.test-newswire-344-1,Le projet de gazoduc Iran-Pakistan risque d’être annulé car les négociations entre les gouvernements iranien et pakistanais ne sont toujours pas résolues. Le ministre iranien du Pétrole  Bijan Namdar Zangenah  doute de son avenir.
paragraph2sentence.test-newswire-344-2,Le ministre iranien du Pétrole  Bijan Namdar Zangenah  doute de la réalisation du projet de gazoduc Iran-Pakistan  en raison des conflits entre l'Iran et le Pakistan.
paragraph2sentence.test-newswire-345-1,Les contrats à terme sur indices boursiers du mois d'avril du Chicago Board of Trade (CBT) expireront à 1 515 CDT jeudi au lieu de vendredi en raison du jour férié du Vendredi saint  a indiqué la bourse. Le Chicago Board Options Exchange a déclaré que les options d'avril sur les indices boursiers Standard and Poor's 100 et 500  les options sur devises et environ un tiers des options sur actions individuelles cotées expireront à leur heure normale le samedi 18 avril  bien que le dernier jour de négociation de ces contrats soit jeudi.
paragraph2sentence.test-newswire-345-2,En raison du Vendredi saint  les contrats à terme sur indices boursiers MMI du Chicago Board of Trade expireront jeudi  tandis que les options sur les indices 100 et 500 du S&P expireront à l'heure habituelle de samedi.
paragraph2sentence.test-newswire-346-1,Le chef de la majorité au Sénat  Robert Byrd  a déclaré que le vote d'aujourd'hui visant à annuler le veto du président Reagan sur un projet de loi majeur sur les autoroutes était très serré. Le leader démocrate a déclaré aux journalistes qu'il ne pouvait pas leur dire si le Sénat annulerait ou maintiendrait le veto. La Chambre a voté en faveur d'une dérogation hier. "Si le veto est maintenu  ce ne sera pas à cause du porc  ce sera à cause de la politique"  a déclaré Byrd. Il a soutenu que la Maison Blanche faisait pression sur les républicains pour qu'ils votent avec Reagan.
paragraph2sentence.test-newswire-346-2,Le sénateur Robert Byrd a annoncé que le vote visant à annuler le veto du président Reagan sur un projet de loi majeur sur les autoroutes était serré.
paragraph2sentence.test-newswire-347-1,Le Premier ministre du Grand-Duché de Luxembourg  Jean-Claude Juncker  a appelé à des élections anticipées après que le Parti socialiste ouvrier luxembourgeois  qui fait partie du gouvernement de coalition  a soutenu mercredi une motion de censure à la Chambre des députés du Luxembourg  à la suite d'un scandale impliquant les services de renseignement du Grand-Duché.
paragraph2sentence.test-newswire-347-2,Le Parti Socialiste Ouvrier Luxembourgeois  bien qu'essentiellement social-démocrate  possède une forte identité ouvrière.
paragraph2sentence.test-newswire-348-1,La Bundesbank ne tiendra pas de conférence de presse après sa réunion bimensuelle ordinaire du conseil de demain  a déclaré un porte-parole en réponse aux demandes de renseignements. Le vice-président de la Bundesbank  Helmut Schlesinger  présidera la réunion  le président Karl Otto Poehl ayant un engagement privé. La prochaine réunion est prévue le 16 avril.
paragraph2sentence.test-newswire-348-2,La Bundesbank ne tiendra pas de conférence de presse après sa réunion de demain  qui sera tenue par le vice-président  en raison de l'absence de son président.
paragraph2sentence.test-newswire-349-1,Union Carbide Overseas Finance Corp N.V.  une unité d'Union Carbide Corp  a annoncé son intention de racheter le 1er mai tous les billets en circulation de 14 3/4 % venant à échéance le 1er mai 1989. Les billets seront rachetés au pair. Les intérêts cesseront de courir le 1er mai  a indiqué l'unité.
paragraph2sentence.test-newswire-349-2,Union Carbide Overseas Finance Corp N.V a annoncé son intention de racheter tous les billets en circulation de 14 3/4 % à leur valeur nominale.
paragraph2sentence.test-newswire-350-1,Tôt hier soir  des attaques massives ont ciblé l'Internet chinois  ralentissant l'accès à l'Internet. Le domaine chinois .cn a été la cible de la dernière des nombreuses attaques par déni de service contre la Chine. Selon le China Internet Network Information Center  qui gère le domaine .cn  cette attaque était la plus importante du genre.
paragraph2sentence.test-newswire-350-2,L'utilisation d'Internet a augmenté au cours des 5 dernières années.
paragraph2sentence.test-newswire-351-1,Le zinc au LME a été calme tout au long de la matinée avec très peu de transactions après quelques légères ventes en pré-marché  ont indiqué les négociants. La livraison de trois mois s'est terminée par des transactions officielles cotées à 454 50/455 stg la tonne  en baisse d'environ deux stg par rapport à la clôture du trottoir d'hier après-midi. Les ventes commerciales basées sur le dollar avant la commercialisation ont poussé trois mois vers le bas à un équivalent de 730 dlrs mais n'ont suscité aucune vente ultérieure et le prix s'est maintenu à ce niveau pour le reste de la matinée.
paragraph2sentence.test-newswire-351-2,Le zinc au LME a reçu peu d'attention des acheteurs et des vendeurs dans la matinée  malgré quelques échanges légers au cours de la période de pré-bourse qui ont fait baisser le prix sur trois mois à 730 dollars.
paragraph2sentence.test-newswire-352-1,L'Australian Wheat Board (AWB) prévoit de vendre environ 900 000 tonnes de blé à l'Agence alimentaire japonaise cette année après avoir renouvelé son accord d'approvisionnement annuel  a déclaré le directeur général de l'AWB  Ron Paice. Aux termes de l'accord  l'AWB met le blé à disposition et le vend dans le cadre des appels d'offres réguliers de l'Agence alimentaire  a-t-il déclaré dans un communiqué. Il a souligné que l'Office avait vendu plus de trois millions de tonnes au Japon au cours des trois dernières années.
paragraph2sentence.test-newswire-352-2,L'Agence alimentaire japonaise devrait acheter cette année environ 900 000 tonnes de blé auprès de l'Australian Wheat Board  ce qui correspond à ses achats passés d'environ 3 millions de tonnes au cours des trois dernières années.
paragraph2sentence.test-newswire-353-1,Un examen cette semaine par Wikinews des plaintes du Bureau américain de protection financière des consommateurs (CFPB) concernant les prêts étudiants aux États-Unis montre que Sallie Mae est en tête de toutes les institutions prêteuses en matière de plaintes. Sur les 4 851 plaintes remontant à mars 2012  lorsque le CFPB a commencé à collecter des données sur les prêts étudiants  2 262  soit 46 6 % de toutes les plaintes  concernaient le prêteur. Les données de la Réserve fédérale américaine de 2010/2011 montrent que Sallie Mae est le plus grand prêteur de prêts étudiants du pays  responsable de 25 % du marché.
paragraph2sentence.test-newswire-353-2,Sallie Mae  le plus grand prêteur de prêts étudiants du pays  responsable de 25 % du marché  est également  selon une étude publiée dans Wiki News du Bureau américain de protection financière des consommateurs (CFPB)  l'institution de prêt la plus critiquée.
paragraph2sentence.test-newswire-354-1,Les autorités enquêtent sur les incendies. Environ 20 % d'entre eux sont qualifiés d'incendies criminels ou ont été déclenchés par une erreur humaine  laissant une grande partie des terres brûlées comme une scène de crime en cendres. Certains incendies ont été rallumés par des incendiaires après que les pompiers en aient déjà pris le contrôle  selon un responsable des pompiers de Victoria. D’autres auraient été déclenchés par l’incendie de pneus.
paragraph2sentence.test-newswire-354-2,La Première Dame des États-Unis Michelle Obama et la Secrétaire d'État Hillary Clinton ont remis hier les Prix internationaux des femmes de courage 2012  marquant le 101e anniversaire de la Journée internationale de la femme.
paragraph2sentence.test-newswire-355-1,La marine indienne a déclaré que deux explosions hier sur l'INS Sindhurakshak  un sous-marin de classe Kilo de construction russe  ont piégé jusqu'à dix-huit de ses marins. Les responsables de la marine ont averti les familles des marins coincés de « se préparer au pire ».
paragraph2sentence.test-newswire-355-2,De gros bruits perturbent les eaux calmes.
paragraph2sentence.test-newswire-356-1,Le ministère japonais des Finances a annoncé son intention de tenir des négociations financières formelles avec la France le 17 avril à Tokyo  la deuxième réunion de ce type après une première session en mai de l'année dernière. L'ordre du jour n'a pas encore été arrêté. La partie japonaise sera dirigée par Toyoo Gyohten  vice-ministre des Finances chargé des Affaires internationales  tandis que la délégation française comprendra Daniel Lebegue  directeur général du Trésor.
paragraph2sentence.test-newswire-356-2,Le Directeur Général du Trésor est chargé d'assurer l'émission et la gestion de la dette publique.
paragraph2sentence.test-newswire-357-1,Les activités de forage ont considérablement ralenti au Canada. Le nombre d'appareils rotatifs actifs a diminué de 19 au cours de la semaine terminée aujourd'hui  a rapporté Hughes Tool Co. Au total  66 plates-formes ont fonctionné pendant la semaine  contre 71 il y a un an  selon le communiqué.
paragraph2sentence.test-newswire-357-2,Selon un récent rapport de Hughes Tool Co  l'activité de forage au Canada a considérablement ralenti au cours de la dernière année.
paragraph2sentence.test-newswire-358-1,La Banque d'Angleterre a déclaré avoir fourni au marché monétaire une aide supplémentaire de 284 millions de dollars au cours de la séance de l'après-midi. Cela porte l'aide totale de la banque jusqu'à présent à 508 millions de dollars  à comparer avec son estimation révisée d'un déficit de 900 millions de dollars dans le système  qu'elle avait précédemment révisée en hausse de 850 millions. La banque centrale a acheté directement des effets bancaires comprenant 100 millions de dollars dans la première bande à 9-7/8 %  56 millions de dollars dans la deuxième bande à 9-13/16 %  112 millions de dollars dans la troisième bande à 9-3/4 % et 16 millions de dollars dans la quatrième bande à 9-11/16 %.
paragraph2sentence.test-newswire-358-2,En un jour  la Banque d'Angleterre a fourni au marché monétaire une aide de 508 millions de dollars.
paragraph2sentence.test-newswire-359-1,Quantum Diagnostics Ltd a déclaré avoir obtenu un brevet pour une nouvelle technologie d'imagerie qu'elle a développée et qui utilise le rayonnement électromagnétique. L'entreprise a déclaré qu'elle voyait des applications dans les dispositifs de contrôle de sécurité des aéroports  les systèmes d'imagerie diagnostique médicale et les dispositifs de contrôle de la qualité.
paragraph2sentence.test-newswire-359-2,Un nouveau brevet a été accordé pour la technologie des rayonnements électromagnétiques.
paragraph2sentence.test-newswire-360-1,GMAC (Australia) Finance Ltd émet une euro-obligation australienne de 50 millions de dlr à échéance le 6 mai 1991  au paiement de 14 1/4 pour cent et au prix de 101 pour cent  a déclaré l'unique gestionnaire principal  Hambros Bank Ltd. L'émission est garantie par General Motors Acceptance Corp. L'obligation non remboursable est disponible en coupures de 1 000 dlrs australiens et sera cotée à Londres. La concession de vente est de 1-1/8 PCT tandis que la gestion et la souscription combinées paient 5/8 PCT. La date de paiement est le 6 mai.
paragraph2sentence.test-newswire-360-2,Donaldson  Lufkin et Jenrette ont co-géré l'accord.
paragraph2sentence.test-newswire-361-1,British Petroleum Co PLC a annoncé avoir lancé son offre de 7 4 milliards de drl annoncée précédemment pour acheter la participation de 45 pour cent dans Standard Oil Co qu'elle ne possède pas encore  pour 70 dlrs par action. Dans une annonce dans un journal  la société a déclaré que l'offre  qui n'est pas conditionnée à la réception d'un nombre minimum d'actions  et les droits de retrait associés expireront le 28 avril à moins qu'ils ne soient prolongés. BP a déclaré qu'elle demandait à Standard Oil d'utiliser sa liste d'actionnaires pour diffuser l'offre  sur laquelle le conseil d'administration de Standard n'a pas encore pris position.
paragraph2sentence.test-newswire-361-2,Lawrence estime que l'intervention de la SEC pourrait être significative  mais a reconnu qu'elle pourrait également n'avoir aucun effet.
paragraph2sentence.test-newswire-362-1,Le Territoire de la capitale australienne (ACT) a légalisé hier le mariage homosexuel  c'est la première fois qu'une juridiction australienne le fait. L'Assemblée législative d'ACT a adopté le projet de loi de légalisation 8-7  avec sept membres du Parti travailliste australien rejoints par le membre de l'Assemblée législative (MLA) des Verts d'ACT  Shane Rattenbury. Six membres du Parti libéral d'Australie s'y sont opposés. Deux des dix-sept membres de l'Assemblée  un libéral et un travailliste  étaient absents.
paragraph2sentence.test-newswire-362-2,Les mariages homosexuels ont été légalisés en Australie  mais certains membres du parti s'y sont opposés.
paragraph2sentence.test-newswire-363-1,Hier  Ruth Bader Ginsburg est devenue la première juge de la Cour suprême des États-Unis à célébrer un mariage homosexuel. La cérémonie a eu lieu dans le District de Colombie  dans l'atrium du Centre John F. Kennedy pour les Arts du Spectacle. Le président du centre  Michael M. Kaiser  a épousé l'économiste John Roberts devant un groupe d'environ 200 invités.
paragraph2sentence.test-newswire-363-2,Michael M. Kaiser et John Roberts ont été mariés par Ruth Bader Ginsburg  la première Cour suprême des États-Unis à célébrer un mariage homosexuel.
paragraph2sentence.test-newswire-364-1,Le programme d'euro-papier commercial pour Provinsbanken A/S du Danemark a été porté à 250 millions de dlrs contre 100 millions d'origine  a indiqué Merrill Lynch Capital Markets. Le programme permet à la banque danoise d'émettre des certificats de dépôt en euros avec des échéances allant jusqu'à 365 jours. Merrill Lynch continuera d'agir en tant que revendeur pour le programme  avec Shearson Lehman Brothers International et S.G. Warburg and Co Ltd en tant que co-vendeurs.
paragraph2sentence.test-newswire-364-2,Merrill Lynch agit avec Shearson Lehman Brothers International et S.G. Warburg and Co Ltd en tant que co-négociants pour un programme d'euro-papier commercial pour Provinsbanken A/S  qui permet à la banque danoise d'émettre des certificats de dépôt en euros avec des échéances allant jusqu'à 365 jours.
paragraph2sentence.test-newswire-365-1,Les prix à la consommation au Brésil ont augmenté de 13 9% en février  contre un taux record de 16 8% en janvier  a indiqué l'Institut brésilien de géographie et de statistiques (IBGE) dans un communiqué. La hausse de février a porté l'augmentation des prix à la consommation depuis l'introduction du plan anti-inflationniste Cruzado il y a un an à 62 5 %.
paragraph2sentence.test-newswire-365-2,Les prix brésiliens ont continué à augmenter régulièrement malgré le lancement du plan Cruzado  qui visait à freiner l'inflation.
paragraph2sentence.test-newswire-366-1,L'Espagne se classe au dernier rang parmi tous les pays étudiés en termes de compétences en calcul chez les adultes âgés de 16 à 65 ans. Le score moyen du pays est comparable à celui de l'Italie. Si l'on n'inclut que les 16-24 ans  la performance relative globale de l'Espagne augmente de deux places  suite à sa supériorité sur l'Italie et les États-Unis. Les performances de cette tranche d’âge sont comparables à celles de l’Irlande  de l’Italie  de l’Angleterre et de l’Irlande du Nord. Les performances individuelles en calcul et en littératie sont fortement corrélées en Espagne à 0 887.
paragraph2sentence.test-newswire-366-2,L'Espagne et l'Italie sont classées au bas du classement dans une enquête sur les compétences en numératie des adultes  avec une forte corrélation avec le niveau de compétence en littératie  bien que les jeunes adultes espagnols semblent avoir un niveau de performance plus élevé  similaire à celui de l'Angleterre et de l'Irlande.
paragraph2sentence.test-newswire-367-1,Baldwin Piano and Organ Co a annoncé avoir déposé une offre secondaire de 630 000 actions ordinaires  dont 490 000 seront vendues par General Electric Co <GE> et 140 000 par d'autres actionnaires. Les principaux souscripteurs sont William Blair and Co et McDonald and Co Investments <MDD>.
paragraph2sentence.test-newswire-367-2,Deux sociétés d'instruments ont déposé une demande d'actions ordinaires  certaines devant être vendues par d'autres actionnaires.
paragraph2sentence.test-newswire-368-1,Le 2 septembre  la police l'a contacté et il a déclaré qu'il n'y avait aucune trace de sa femme. Le lendemain  il s'est rendu au commissariat de police local pour signaler qu'il avait découvert que les lunettes et l'alliance de sa femme avaient été déposées dans sa boîte aux lettres pendant la nuit. Cependant  lors de son interrogatoire  il a reconnu les meurtres. La police a ensuite fouillé sa maison et trouvé les corps.
paragraph2sentence.test-newswire-368-2,Depuis l'indépendance du Soudan du Sud du Soudan en 2011  les conflits ethniques ont causé des centaines de morts.
paragraph2sentence.test-newswire-369-1,Médecins Sans Frontières (MSF) a annoncé un retrait partiel de Libye. L'organisation caritative médicale a annoncé qu'elle ne travaillerait plus dans les centres de détention libyens en raison du risque de traiter les victimes de torture afin de les rendre suffisamment bien pour qu'elles soient davantage torturées. Le directeur général de MSF  Christopher Stokes  a déclaré : « Notre rôle est de fournir des soins médicaux aux victimes de guerre et aux détenus malades  et non de traiter de manière répétée les mêmes patients entre les séances de torture ».
paragraph2sentence.test-newswire-369-2,Le premier e-mail divulgué a été qualifié de « teaser »  de l'ambassade syrienne à Téhéran le 20 novembre à l'ambassade britannique en Biélorussie.
paragraph2sentence.test-newswire-370-1,Les compagnies aériennes internationales ont réagi ces derniers jours à une potentielle escalade militaire américaine en Syrie en prévoyant de rediriger leurs avions autour de la région. Les compagnies aériennes ayant des projets incluent Etihad Airways  basée à Abu Dhabi  Gulf Air  basée à Bahreïn  Al Jazeera Airways  basée au Koweït  Emirates Airlines  basée à Dubaï  et British Airways  basée au Royaume-Uni.
paragraph2sentence.test-newswire-370-2,Les compagnies aériennes internationales prennent des dispositions en réponse à l’intervention militaire croissante des États-Unis en Syrie.
paragraph2sentence.test-newswire-371-1,Mansour prévoit de former un comité d'ici quinze jours pour examiner et proposer des changements à la constitution  désormais suspendue. Ces amendements seraient votés par référendum dans un délai de quatre mois. Des élections parlementaires auraient alors lieu  peut-être début 2014  suivies d'élections présidentielles lors de la formation d'un nouveau parlement.
paragraph2sentence.test-newswire-371-2,Les suffragettes étaient un groupe de femmes qui luttaient pour le droit de vote des femmes.
paragraph2sentence.test-newswire-372-1,Le gouvernement français a remporté  comme prévu  le vote de confiance parlementaire sollicité par le Premier ministre Jacques Chirac sur sa politique générale. Les votes du parti gaulliste RPR de Chirac et de son partenaire junior dans la coalition au pouvoir  l'UDF de centre-droit  ont donné au cabinet de Chirac une faible majorité à l'Assemblée nationale. Au total  294 députés sur les 577 membres de l'assemblée ont voté pour Chirac  contre 282 contre. Un membre était absent. Les socialistes  les communistes et le Front national d'extrême droite ont voté contre l'appel du Premier ministre.
paragraph2sentence.test-newswire-372-2,Le drapeau français est composé de 3 couleurs : rouge  blanc et bleu.
paragraph2sentence.test-scientific-373-1,Parmi les passionnés de navigation sur glace et de course  la sécurité passe toujours en premier  y compris le respect des autres concurrents. Les règles de navigation et de droits de passage sont écrites  appliquées et devraient être connues et respectées par tous ceux qui naviguent. Les vitesses atteintes  en parallèle  en croisement et en fermeture  sont souvent très élevées.
paragraph2sentence.test-scientific-373-2,Bien que ce sport soit dangereux  les concurrents de la navigation de plaisance sur glace accordent la priorité à la sécurité en écrivant leurs règles sur la manière dont les concurrents doivent interagir.
paragraph2sentence.test-scientific-374-1,De l’eau hypersaline riche en fer émerge sporadiquement de petites fissures dans les cascades de glace. La source d'eau salée est un bassin sous-glaciaire de taille inconnue recouvert d'environ 400 m de glace à plusieurs kilomètres de son minuscule exutoire à Blood Falls.
paragraph2sentence.test-scientific-374-2,La source de l’eau hypersaline est le bassin sous-glaciaire recouvert d’une épaisse couche de glace.
paragraph2sentence.test-scientific-375-1,La force est l'action d'un corps sur un autre. Une force est soit une poussée  soit une traction. Une force a tendance à déplacer un corps dans le sens de son action. L'action d'une force est caractérisée par sa grandeur  par la direction de son action et par son point d'application. La force est donc une grandeur vectorielle  car son effet dépend de la direction ainsi que de l’ampleur de l’action.
paragraph2sentence.test-scientific-375-2,Les ondes sismiques sont des perturbations mécaniques qui se propagent dans la Terre à une vitesse régie par l'impédance acoustique du milieu dans lequel elles se déplacent.
paragraph2sentence.test-scientific-376-1,Le buste de Néfertiti a été retrouvé le 6 décembre 1912 à Amarna par la Société orientale allemande (Deutsche Orient-Gesellschaft – DOG)  dirigée par l'archéologue allemand Ludwig Borchardt. Il a été retrouvé dans ce qui était l'atelier du sculpteur Thoutmosis  avec d'autres bustes inachevés de Néfertiti.
paragraph2sentence.test-scientific-376-2,L'ancien sculpteur Thoutmosis a créé de nombreux bustes de Néfertiti  dont certains ne furent jamais terminés.
paragraph2sentence.test-scientific-377-1,Les récipients sous pression peuvent théoriquement avoir presque n'importe quelle forme  mais des formes constituées de sections de sphères  de cylindres et de cônes sont généralement utilisées. Une conception courante est un cylindre avec des embouts appelés têtes. Les formes de tête sont souvent hémisphériques ou bombées (torisphériques). Les formes plus complexes ont toujours été beaucoup plus difficiles à analyser pour un fonctionnement sûr et sont généralement beaucoup plus difficiles à construire.
paragraph2sentence.test-scientific-377-2,Les récipients sous pression sont généralement sphériques ou cylindriques avec des têtes hémisphériques ou bombées.
paragraph2sentence.test-scientific-378-1,Le vaccin contre la grippe est généralement fabriqué à partir d’embryons de poulet et  par conséquent  le vaccin final contient des protéines d’œuf. Les personnes allergiques aux œufs peuvent réagir aux protéines d'œuf contenues dans le vaccin (ou à la gélatine ou à la néomycine si elles y sont allergiques). Si une personne ne peut pas se faire vacciner  vacciner tous les autres membres de sa famille peut contribuer à la protéger de la grippe.
paragraph2sentence.test-scientific-378-2,Pour les personnes allergiques aux œufs  il est recommandé de vacciner tous les autres membres de leur famille pour éviter la grippe.
paragraph2sentence.test-scientific-379-1,Ces navires transportaient des gaz dans un état semi-pressurisé/semi-réfrigéré  mais en raison du développement ultérieur  les transporteurs de gaz semi-pressurisés/entièrement réfrigérés étaient devenus le choix des armateurs en offrant une grande flexibilité dans la manutention des marchandises. Ces transporteurs  intégrant des réservoirs de forme cylindrique  sphérique ou bilobée  sont capables de charger ou de décharger des cargaisons de gaz dans des installations de stockage réfrigérées et sous pression.
paragraph2sentence.test-scientific-379-2,L'entreprise a été fondée au milieu du XVIIIe siècle  avec les principaux actionnaires fondateurs Stephen Ralli et Michael Rodocanachi  dont les familles étaient issues de la diaspora chinoise.
paragraph2sentence.test-scientific-380-1,Certaines prédictions de la relativité générale diffèrent considérablement de celles de la physique classique  notamment concernant le passage du temps  la géométrie de l'espace  le mouvement des corps en chute libre et la propagation de la lumière. Des exemples de telles différences incluent la dilatation gravitationnelle du temps  la lentille gravitationnelle  le redshift gravitationnel de la lumière et le retard gravitationnel. Les prédictions de la relativité générale ont été confirmées par toutes les observations et expériences réalisées jusqu'à présent. Bien que la relativité générale ne soit pas la seule théorie relativiste de la gravité  c’est la théorie la plus simple cohérente avec les données expérimentales.
paragraph2sentence.test-scientific-380-2,La relativité générale  une révolution en physique  notamment dans des domaines tels que le passage du temps et la géométrie spatiale  est jusqu'à présent cohérente avec toutes les données expérimentales.
paragraph2sentence.test-scientific-381-1,Les banques d’ADN constituent le stockage sécurisé et à long terme du matériel génétique d’un individu. L'ADN est le plus souvent extrait du sang  mais peut également être obtenu à partir de cellules de joue  de salive ou d'autres tissus. L’ADN peut être conservé à tout moment de la vie d’une personne  mais cela est particulièrement urgent pour les personnes âgées et les malades en phase terminale. Une fois qu’une personne est enterrée ou incinérée  il est difficile  voire impossible  d’obtenir un échantillon d’ADN.
paragraph2sentence.test-scientific-381-2,Les banques d'ADN visent à stocker le matériel génétique et peuvent être effectuées à tout âge.
paragraph2sentence.test-scientific-382-1,Étant donné que la chaise-selle est plus haute qu'une chaise de bureau normale  le bureau doit également être plus haut. Il existe à cet effet des bureaux qui peuvent être réglés électroniquement ou mécaniquement pour s'adapter à l'utilisateur. Une chaise-selle peut également être utilisée avec un bureau normal  mais le bureau doit alors être surélevé avec des rallonges de hauteur. Le siège du fauteuil-selle est soit solide  soit divisé. Un siège divisé réduit la pression sur les organes génitaux et abaisse la température dans la région génitale. On pense qu’un siège divisé est plus sain  surtout pour les hommes  qu’un siège solide.
paragraph2sentence.test-scientific-382-2,S'asseoir sur une chaise-selle diffère de s'asseoir sur une chaise conventionnelle.
paragraph2sentence.test-scientific-383-1,Chez de nombreuses espèces se nourrissant de fond  un mécanisme permettant de gérer le substrat est souvent nécessaire. Dans le cas de certains organismes tels que les concombres de mer  le sable passe généralement à travers le corps. Chez les poissons  le sable est pompé hors de la bouche par la fente branchiale.
paragraph2sentence.test-scientific-383-2,Les mangeurs de fond disposent généralement de moyens pour gérer le sable.
paragraph2sentence.test-scientific-384-1,Il s’agit d’une forme particulière de formation de moulages et de moulages. Si la chimie est correcte  l'organisme (ou le fragment d'organisme) peut agir comme un noyau pour la précipitation de minéraux tels que la sidérite  entraînant la formation d'un nodule autour de lui. Si cela se produit rapidement avant une dégradation significative des tissus organiques  des détails morphologiques tridimensionnels très fins peuvent être préservés. Les nodules provenant des lits fossilifères du Carbonifère Mazon Creek  dans l'Illinois  aux États-Unis  comptent parmi les exemples les mieux documentés d'une telle minéralisation.
paragraph2sentence.test-scientific-384-2,Les nodules des lits fossilifères du Carbonifère Mazon Creek sont parmi les exemples les mieux documentés  car les organismes ont provoqué la précipitation et les nodules ultérieurs peu de temps après la décomposition en raison de la chimie idéale de la région.
paragraph2sentence.test-scientific-385-1,Des études scientifiques ont montré que de nombreuses zones cérébrales présentent une activité altérée chez les patients souffrant de dépression  ce qui a encouragé les partisans de diverses théories cherchant à identifier une origine biochimique de la maladie  par opposition aux théories mettant l'accent sur les causes psychologiques ou situationnelles. Parmi les théories d'une cause biologique de la dépression figurent celles impliquant la génétique et les rythmes circadiens  mais la plus importante et la plus étudiée est l'hypothèse de la monoamine.
paragraph2sentence.test-scientific-385-2,Comme plusieurs études l’ont montré  le cerveau des personnes souffrant de dépression présente une activité neurologique altérée  ce qui amène les chercheurs à émettre l’hypothèse de multiples causes biologiques de la dépression  telles que la génétique  les rythmes circadiens et les monoamines.
paragraph2sentence.test-scientific-386-1,On s’attend à ce que des trous noirs de masse stellaire se forment lorsque des étoiles très massives s’effondrent à la fin de leur cycle de vie. Une fois formé  un trou noir peut continuer à croître en absorbant la masse de son environnement. En absorbant d’autres étoiles et en fusionnant avec d’autres trous noirs  des trous noirs supermassifs de plusieurs millions de masses solaires peuvent se former. Il existe un consensus général sur l’existence de trous noirs supermassifs au centre de la plupart des galaxies.
paragraph2sentence.test-scientific-386-2,Les trous noirs  censés se trouver au centre des galaxies et croître continuellement  se forment lorsque des étoiles massives meurent.
paragraph2sentence.test-scientific-387-1,Le système de caméra laser (LCS) est un scanner à triangulation autosynchrone de courte portée et de haute précision. La caméra utilise un laser pour mesurer la distance entre elle et les points d'une cible et est capable de créer une représentation tridimensionnelle de la zone qu'elle a numérisée.
paragraph2sentence.test-scientific-387-2,LCS est un scanner de triangulation autosynchrone à courte portée capable de produire des modèles 3D de la zone numérisée.
paragraph2sentence.test-scientific-388-1,L’hypothèse du fer a été considérée comme un moyen d’ingénierie globale  car une petite quantité d’hématites (particules de fer de taille micrométrique) pourrait potentiellement avoir un effet considérable sur l’atmosphère. "Donnez-moi un demi-citerne de fer et je vous offrirai la prochaine période glaciaire"  a dit un jour Martin en plaisantant. La réalité est peut-être bien plus modeste : des tests effectués en 2002 suggéraient qu'entre 10 000 et 100 000 atomes de carbone sont coulés pour chaque atome de fer ajouté à l'eau  ce qui signifie qu'il pourrait être possible de séquestrer 1 milliard de tonnes de CO2 pour aussi peu que 30 000 tonnes de fer. Pour mettre ce chiffre en perspective  cela représente environ 10 % du CO2 produit par l’homme au cours de la seule année 2011.
paragraph2sentence.test-scientific-388-2,Bien que les particules de fer de la taille d’un micromètre puissent avoir des effets drastiques sur l’atmosphère  leur degré de pollution est négligeable par rapport au CO2 produit par les humains.
paragraph2sentence.test-scientific-389-1,Il y a généralement 40 millions de cellules bactériennes dans un gramme de sol et un million de cellules bactériennes dans un millilitre d'eau douce. Il existe environ 5×10^30 bactéries sur Terre  formant une biomasse qui dépasse celle de toutes les plantes et de tous les animaux. Les bactéries jouent un rôle essentiel dans le recyclage des nutriments  de nombreuses étapes des cycles des nutriments dépendant de ces organismes  telles que la fixation de l'azote de l'atmosphère et la putréfaction.
paragraph2sentence.test-scientific-389-2,Les bactéries jouent un rôle clé dans le processus de recyclage des nutriments et il existe un très grand nombre de bactéries sur notre planète  à tel point qu'un millilitre d'eau douce peut contenir jusqu'à un million de cellules bactériennes.
paragraph2sentence.test-scientific-390-1,Le lexique mental diffère du lexique en ce qu'il ne s'agit pas simplement d'un ensemble général de mots ; au lieu de cela  il traite de la manière dont ces mots sont activés  stockés  traités et récupérés par chaque locuteur. Le lexique mental d’un individu change et se développe à mesure que de nouveaux mots sont appris et se développe constamment  mais plusieurs théoriciens expliquent exactement comment cela se produit. Certaines théories sur le lexique mental incluent la théorie du spectre  la théorie du double codage  la théorie nativiste de Chomsky  ainsi que la théorie des réseaux sémantiques.
paragraph2sentence.test-scientific-390-2,Le développement du lexique mental chez les enfants bilingues a fait l'objet de recherches accrues ces dernières années.
paragraph2sentence.test-scientific-391-1,Les fibres alimentaires sont un glucide (ou un polysaccharide) incomplètement absorbé chez l’homme et chez certains animaux. Comme tous les glucides  lorsqu’il est métabolisé  il peut produire quatre calories (kilocalories) d’énergie par gramme. Mais dans la plupart des cas  il représente moins que cela en raison de son absorption et de sa digestibilité limitées.
paragraph2sentence.test-scientific-391-2,Les fibres alimentaires produisent généralement moins de quatre calories.
paragraph2sentence.test-scientific-392-1,Alors que le « rayon » est normalement une caractéristique des sphères parfaites  le terme utilisé dans cet article désigne plus généralement la distance entre un certain « centre » de la Terre et un point de la surface ou sur une surface idéalisée qui modélise la Terre. Cela peut également signifier une sorte de moyenne de ces distances  ou du rayon d'une sphère dont la courbure correspond à la courbure du modèle ellipsoïdal de la Terre en un point donné.
paragraph2sentence.test-scientific-392-2,Dans cet article  par rayon terrestre  nous entendons la distance moyenne du centre à la surface de la terre ou d'une sphère de même courbure.
paragraph2sentence.test-scientific-393-1,Dans la reproduction asexuée  un individu peut se reproduire sans implication avec un autre individu de cette espèce. La division d'une cellule bactérienne en deux cellules filles est un exemple de reproduction asexuée. La reproduction asexuée ne se limite cependant pas aux organismes unicellulaires. La plupart des plantes ont la capacité de se reproduire de manière asexuée et on pense que l'espèce de fourmi Mycocepurus smithii se reproduit entièrement par des moyens asexués.
paragraph2sentence.test-scientific-393-2,Une autre contrainte au passage de la reproduction sexuée à la reproduction asexuée serait la perte concomitante de la méiose et la réparation recombinante protectrice des dommages à l'ADN offerte comme l'une des fonctions de la méiose.
paragraph2sentence.test-scientific-394-1,Un arbre patrimonial est généralement un grand arbre individuel ayant une valeur unique  considéré comme irremplaçable. Les principaux critères de désignation des arbres patrimoniaux sont l’âge  la rareté et la taille  ainsi que la valeur esthétique  botanique  écologique et historique. Des ordonnances sur les arbres patrimoniaux sont élaborées pour imposer des limites à l'enlèvement de ces arbres ; les ordonnances sont orientées vers un arbre spécifique  et non vers une forêt. Les arbres patrimoniaux de Singapour sont protégés par la loi dans le cadre du Heritage Trees Scheme adopté le 17 août 2001. Le chêne est présenté comme l'arbre patrimonial de l'Angleterre.
paragraph2sentence.test-scientific-394-2,Contrairement aux lois sur la protection des forêts  les ordonnances sur les arbres patrimoniaux visent à limiter l'enlèvement ou la destruction d'arbres spécifiques.
paragraph2sentence.test-scientific-395-1,Une femme ayant besoin d'une insémination artificielle pour obtenir une grossesse peut obtenir un échantillon de sperme de son partenaire masculin ou du sperme provenant d'un don de sperme peut être utilisé si  par exemple  le partenaire de la femme produit trop peu de spermatozoïdes mobiles  ou s'il est atteint d'une maladie génétique  ou si la femme n'a pas de partenaire masculin. Le sperme est généralement obtenu par masturbation ou par l'utilisation d'un stimulateur électrique  bien qu'un préservatif spécial  appelé préservatif de collecte  puisse être utilisé pour collecter le sperme pendant les rapports sexuels.
paragraph2sentence.test-scientific-395-2,L'insémination artificielle peut faciliter la conception si la femme a une allergie aux spermatozoïdes ou si l'homme a des difficultés de reproduction telles qu'un faible nombre de spermatozoïdes ou une mauvaise motilité des spermatozoïdes.
paragraph2sentence.test-scientific-396-1,De nombreuses variantes de l'hypothèse de la monoamine impliquent le neurotransmetteur sérotonine  régulé par le transporteur de sérotonine  qui aide à moduler les sentiments et les comportements tels que l'anxiété  la colère  l'appétit  la sexualité  le sommeil  l'humeur  etc. Les personnes souffrant de dépression peuvent présenter des différences dans la longueur du gène du transporteur de sérotonine. Les personnes possédant les deux allèles longs sont moins susceptibles de devenir déprimées  tandis que les personnes possédant un allèle court et un allèle long ou deux allèles courts sont plus susceptibles de développer une dépression.
paragraph2sentence.test-scientific-396-2,Les transpondeurs de sérotonine aident à moduler les sentiments et les comportements (par exemple  l'anxiété  la faim  le sommeil) et il a été démontré que les anomalies dans la longueur du gène responsable de la sérotonine sont associées à la dépression.
paragraph2sentence.test-scientific-397-1,La loi de Zipf stipule que  étant donné un corpus d'énoncés en langage naturel  la fréquence de tout mot est inversement proportionnelle à son rang dans le tableau des fréquences. Ainsi  le mot le plus fréquent apparaîtra environ deux fois plus souvent que le deuxième mot le plus fréquent  trois fois plus souvent que le troisième mot le plus fréquent  etc. Par exemple  dans le Brown Corpus du texte anglais américain  le mot « the » est le mot le plus fréquent et représente à lui seul près de 7 % de toutes les occurrences de mots (69 971 sur un peu plus d'un million).
paragraph2sentence.test-scientific-397-2,Le mot « the » est le mot le plus fréquent en anglais et représente près de 7 % de toutes les occurrences de mots dans le Brown Corpus of American English text.
paragraph2sentence.test-scientific-398-1,Dès le début de la Framingham Heart Study  on a supposé à juste titre que la santé cardiaque pouvait être influencée par le mode de vie et des facteurs environnementaux  ainsi que par l’hérédité. La Framingham Heart Study est à l’origine du terme facteur de risque. Avant la Framingham Heart Study  les médecins avaient peu de sens de la prévention. Dans les années 1950  on croyait que l’obstruction et le rétrécissement des artères (athérosclérose  artériosclérose) faisaient partie du vieillissement normal et se produisaient universellement à mesure que les gens vieillissaient. L’hypertension artérielle (hypertension) et l’hypercholestérolémie (hypercholestérolémie) étaient également considérées comme des conséquences normales du vieillissement dans les années 1950  et aucun traitement n’a été instauré. Ces facteurs de risque ainsi que d'autres  par exemple l'homocystéine  ont été progressivement découverts au fil des années.
paragraph2sentence.test-scientific-398-2,Les orbites des chevaux de Troie terrestres pourraient les rendre moins coûteux en énergie à atteindre que la Lune  même s’ils sont des centaines de fois plus éloignés.
paragraph2sentence.test-scientific-399-1,Bien que la spécification du disque Blu-ray ait été finalisée  les ingénieurs continuent de travailler à l'avancement de la technologie. En 2005  des disques quadricouches (128 Go) avaient été présentés sur un lecteur avec une optique modifiée et une optique standard inchangée. Hitachi a déclaré qu'un tel disque pourrait être utilisé pour stocker 7 heures de vidéo à 32 Mbit/s (HDTV) ou 3 heures et 30 minutes de vidéo à 64 Mbit/s (Cinema 4K). En août 2006  TDK a annoncé avoir créé un disque Blu-ray expérimental fonctionnel capable de contenir 200 Go de données sur une seule face  en utilisant six couches de données de 33 Go.
paragraph2sentence.test-scientific-399-2,Bluray  bien que ses spécifications soient finalisées  reste un domaine de recherche actif dans lequel des sociétés telles que Hitachi et TDK ont réalisé des disques de capacité nettement plus élevée ces dernières années.
paragraph2sentence.test-scientific-400-1,Une théorie alternative consistant à dériver le sens de mots nouvellement appris par de jeunes enfants au cours de l'acquisition du langage découle de la « théorie de la proposition associative » de John Locke. Par rapport à la « théorie de la proposition intentionnelle »  la théorie de la proposition associative fait référence à la déduction de sens en comparant le nouvel objet à des stimuli environnementaux. Une étude menée par Yu & Ballard (2007) a introduit l'apprentissage inter-situationnel  une méthode basée sur la théorie de Locke. La théorie de l'apprentissage inter-situationnel est un mécanisme dans lequel l'enfant apprend le sens des mots au cours de multiples expositions dans des contextes variés dans le but d'éliminer l'incertitude sur la véritable signification du mot  exposition par exposition.
paragraph2sentence.test-scientific-400-2,Une étude menée par Yu et Ballard (2007) a introduit l'apprentissage inter-situationnel basé sur la théorie selon laquelle un enfant apprend le sens d'un mot grâce à de multiples expositions dans différents contextes afin d'éliminer l'incertitude quant à la véritable signification d'un mot  exposition par exposition.
paragraph2sentence.test-scientific-401-1,Les déficits sociaux distinguent l'autisme et les troubles du spectre autistique (TSA; voir Classification) des autres troubles du développement. Les personnes autistes ont des déficiences sociales et manquent souvent de l’intuition des autres que beaucoup de gens tiennent pour acquise. La célèbre autiste Temple Grandin a décrit son incapacité à comprendre la communication sociale des neurotypiques  ou des personnes ayant un développement neuronal normal  comme lui donnant le sentiment « d'être une anthropologue sur Mars ».
paragraph2sentence.test-scientific-401-2,L'autisme se caractérise par une déficience sociale  c'est-à-dire l'incapacité de comprendre la communication sociale des neurotypiques.
paragraph2sentence.test-scientific-402-1,La résistivité électrique d'un conducteur métallique diminue progressivement à mesure que la température diminue et en même temps sa conductivité devient infinie. Ainsi  un courant dans un supraconducteur circule sans aucun changement d’amplitude. Dans les conducteurs ordinaires  comme le cuivre ou l’argent  cette diminution est limitée par les impuretés et autres défauts. Même proche du zéro absolu  un échantillon réel d’un conducteur normal présente une certaine résistance.
paragraph2sentence.test-scientific-402-2,Les champs magnétiques sont produits par le déplacement de charges électriques et les moments magnétiques intrinsèques des particules élémentaires associés à une propriété quantique fondamentale  leur spin.
paragraph2sentence.test-scientific-403-1,Dans les études sur la biodiversité  le score en damier ou score C est une statistique qui détermine le caractère aléatoire de la répartition de deux espèces ou plus à travers une collection de biomes. La statistique  publiée pour la première fois par Stone et Roberts en 1990  développe les travaux antérieurs de Diamond qui définissaient la notion de « répartition en damier » comme indicateur de la compétition entre les espèces.
paragraph2sentence.test-scientific-403-2,Publié pour la première fois par Stone et Roberts en 1990  le score en damier étend les statistiques de recherches antérieures sur la biodiversité pour refléter le caractère aléatoire de la répartition de deux espèces ou plus à travers un ensemble de biomes.
paragraph2sentence.test-scientific-404-1,Les canaux sous-marins et leurs digues flanquantes sont communément appelés systèmes de digues de canaux (Flood et Damuth  1987). Il s’agit de caractéristiques géomorphologiques importantes qui peuvent s’étendre sur des milliers de kilomètres à travers le fond océanique. Souvent  ils fusionnent et se chevauchent pour former des complexes de digues de canaux qui sont les éléments constitutifs de nombreux grands ventilateurs sous-marins. (Kane  2010) Cela en fait l'un des nombreux processus géologiques responsables du transport de sédiments à gros grains vers les eaux profondes  ainsi qu'un canal principal pour le transfert de carbone du plateau continental vers les parties les plus profondes des marges continentales. (Bull et al.  2009 ; Frey-Martinez et al.  2005 ; Gee et al.  2006 ; Masson et al.  2006 ; Shipp et al.  2004).
paragraph2sentence.test-scientific-404-2,Les canaux sous-marins sont l'une des causes du transport des sédiments vers les eaux profondes.
paragraph2sentence.test-scientific-405-1,Le concept de création de machines capables de fonctionner de manière autonome remonte à l’époque classique  mais la recherche sur la fonctionnalité et les utilisations potentielles des robots n’a connu un développement substantiel qu’au XXe siècle. Tout au long de l’histoire  la robotique a souvent été considérée comme imitant le comportement humain et gérant souvent les tâches de la même manière.
paragraph2sentence.test-scientific-405-2,Le premier format de balayage électronique  405 lignes  fut le premier système de télévision « haute définition »  puisque les systèmes mécaniques qu'il remplaçait en avaient beaucoup moins.
paragraph2sentence.test-scientific-406-1,L’adaptation à l’apesanteur implique non seulement les fonctions de couplage sensori-moteur  mais également certaines fonctions du système nerveux autonome. Les troubles du sommeil et l’intolérance orthostatique sont également fréquents pendant et après les vols spatiaux. Il n'y a pas de pression hydrostatique dans un environnement en apesanteur. En conséquence  la redistribution des fluides corporels vers le haut du corps entraîne une diminution du volume des jambes  ce qui peut affecter la viscosité et la souplesse musculaire.
paragraph2sentence.test-scientific-406-2,Un vol spatial commence généralement par un lancement de fusée  qui fournit la poussée initiale nécessaire pour vaincre la force de gravité et propulser le vaisseau spatial depuis la surface de la Terre.
paragraph2sentence.test-scientific-407-1,La plupart des parasites aviaires du couvain enlèvent un œuf hôte lorsqu'ils pondent l'un des leurs dans un nid. Selon l'espèce  cela peut se produire soit lors de la même visite au nid hôte  soit lors d'une visite distincte avant ou après le parasitisme. Cela empêche à la fois l’espèce hôte de se rendre compte que son nid a été parasité et réduit la compétition pour le nid parasite une fois qu’il éclos.
paragraph2sentence.test-scientific-407-2,Pour empêcher l’espèce hôte de détecter les œufs de parasites  les parasites du couvain aviaire remplaceront l’œuf d’origine par le leur  en gardant le même nombre à tout moment.
paragraph2sentence.test-scientific-408-1,Le flux thermique ou flux thermique est le taux de transfert d'énergie thermique à travers une surface donnée. L'unité de taux de chaleur dérivée du SI est le joule par seconde  ou watt. Le flux thermique est le taux de chaleur par unité de surface. En unités SI  le flux thermique est mesuré en W/m2. Le taux de chaleur est une quantité scalaire  tandis que le flux thermique est une quantité vectorielle. Pour définir le flux thermique en un certain point de l'espace  on prend le cas limite où la taille de la surface devient infinitésimale.
paragraph2sentence.test-scientific-408-2,Le flux thermique est l'analogue vectoriel du taux de chaleur scalaire  alors que le taux de chaleur est en joules par seconde  le flux de chaleur est le taux de chaleur par unité de surface  mesuré en W/m2.
paragraph2sentence.test-scientific-409-1,Les oxydes de fer et les oxydes-hydroxydes sont répandus dans la nature  jouent un rôle important dans de nombreux processus géologiques et biologiques et sont largement utilisés par l'homme  par exemple comme minerais de fer  pigments  catalyseurs  dans la thermite (voir le diagramme)  dans l'hémoglobine. La rouille commune est une forme d’oxyde de fer (III). Les oxydes de fer sont largement utilisés comme pigments durables et peu coûteux dans les peintures  les revêtements et les bétons colorés. Les couleurs couramment disponibles se situent dans l’extrémité « terreuse » de la gamme jaune/orange/rouge/marron/noir.
paragraph2sentence.test-scientific-409-2,Les oxydes de fer jouent un rôle important dans les processus biologiques naturels et en fait la rouille commune est un type d’oxyde de fer.
paragraph2sentence.test-scientific-410-1,Le principe de succession faunique  également appelé loi de succession faunique  repose sur l'observation que les strates de roches sédimentaires contiennent une flore et une faune fossilisées  et que ces fossiles se succèdent verticalement selon un ordre précis  fiable et identifiable sur de grandes distances horizontales. Un os de Néandertal fossilisé ne sera jamais trouvé dans la même strate qu’un mégalosaure fossilisé  par exemple  car les Néandertaliens et les mégalosaures ont vécu pendant des périodes géologiques différentes  séparées par plusieurs millions d’années. Cela permet d'identifier et de dater les strates grâce aux fossiles trouvés à l'intérieur.
paragraph2sentence.test-scientific-410-2,Étant donné que les fossiles apparaissent dans un ordre vertical spécifique dans les strates géologiques  le principe de succession faunique stipule que l'ordre vertical fiable peut être utilisé pour dater de manière fiable les fossiles  montrant par exemple qu'un mégalosaure fossilisé et des os de Néandertal ne seront jamais trouvés dans la même strate car les deux ont vécu pendant des périodes géologiques différentes.
paragraph2sentence.test-scientific-411-1,Historiquement  les espèces ont été classées dans les catégories binaires d'apprenants vocaux ou de non-apprenants vocaux en fonction de leur capacité à produire de nouvelles vocalisations ou à imiter d'autres espèces  avec des preuves issues de l'isolement social  d'études assourdissantes et d'expériences de promotion croisée. Cependant  les apprenants vocaux présentent une grande plasticité ou variation entre les espèces  ce qui se traduit par un spectre de capacités. Les vocalisations des oiseaux chanteurs et des baleines ont une organisation syntaxique similaire à celle des humains  mais sont limitées aux grammaires à états finis (FSG)  où elles peuvent générer des chaînes de séquences avec une complexité structurelle limitée.
paragraph2sentence.test-scientific-411-2,Bien que les espèces soient généralement divisées en apprenants vocaux ou non-apprenants en fonction de leurs capacités de vocalisation et d'imitation  les apprentissages vocaux montrent un spectre de capacités  certaines espèces telles que les oiseaux chanteurs utilisant des constructions syntaxiques limitées pour produire des séquences vocales avec une certaine complexité structurelle.
paragraph2sentence.test-scientific-412-1,À mesure que l'usage du pyromètre proportionnel est devenu populaire  il a été déterminé que de nombreux matériaux  dont les métaux sont un exemple  n'avaient pas la même émissivité à deux longueurs d'onde. Pour ces matériaux  l'émissivité ne s'annule pas et la mesure de température est erronée. Le degré d'erreur dépend des émissivités et des longueurs d'onde où les mesures sont prises.
paragraph2sentence.test-scientific-412-2,Le pyromètre rapporteur a révélé que de nombreux matériaux n'ont pas la même émissivité à deux longueurs d'onde  ce qui entraîne des erreurs dans la mesure de la température.
paragraph2sentence.test-scientific-413-1,La région a été colonisée pour la première fois au 19ème siècle  principalement par des immigrants irlandais. L'endroit a peut-être été nommé d'après une famille de colons éminente  car les archives religieuses indiquaient la mort d'un certain Richard Shannon en 1831 et de Simon Shannon l'année suivante. Un nouvel élan à son développement fut donné vers 1850  avec le début de l'industrie du bois et en 1860  avec la construction d'une scierie. Vers 1861  environ les deux tiers de la population étaient Irlandais  et en 1900  la moitié de la population.
paragraph2sentence.test-scientific-413-2,La face visible de la Lune est caractérisée par de vastes zones sombres que les astronomes qui les ont cartographiés les premiers considéraient comme des mers.
paragraph2sentence.test-scientific-414-1,Toutes les notions modernes de spiritualité n’embrassent pas des idées transcendantales. La spiritualité laïque met l'accent sur les idées humanistes sur le caractère moral (des qualités telles que l'amour  la compassion  la patience  la tolérance  le pardon  le contentement  la responsabilité  l'harmonie et le souci des autres). Ce sont des aspects de la vie et de l’expérience humaine qui dépassent une vision purement matérialiste du monde sans nécessairement accepter la croyance en une réalité surnaturelle ou en un être divin.
paragraph2sentence.test-scientific-414-2,Le concept de mélodie et la recherche artistique de la composition musicale étaient inconnus des premiers joueurs d'instruments de musique.
paragraph2sentence.test-scientific-415-1,Les benthos sont les organismes qui vivent dans la zone benthique et sont différents de ceux ailleurs dans la colonne d'eau. Beaucoup sont adaptés pour vivre sur le substrat (en bas). Dans leurs habitats  ils peuvent être considérés comme des créatures dominantes  mais ils sont souvent une source de proies pour les Carcharhinidae comme le requin citron. De nombreux organismes adaptés à la pression des eaux profondes ne peuvent survivre dans les parties supérieures de la colonne d’eau. La différence de pression peut être très importante (environ une atmosphère pour 10 mètres de profondeur d'eau).
paragraph2sentence.test-scientific-415-2,Les organismes qui vivent dans la zone benthique de l'océan sont appelés benthos  les créatures dominantes dans leur habitat qui sont la principale proie des carcharhinidés.
paragraph2sentence.test-scientific-416-1,Bien que son utilisation soit vitale pour traverser les océans  le verre Marine n’était pas un instrument aussi précis pour mesurer le passage du temps. De nombreux facteurs pourraient affecter la durée de l'écoulement du sable : l'humidité à l'intérieur du « verre »  l'uniformité de la finesse du sable  le diamètre intérieur du tube de raccordement avec une éventuelle usure provoquée par l'écoulement du sable  la position plus ou moins horizontale  l'effet d'accélération ou de décélération des mouvements du navire  tous pourraient influencer l'écoulement du sable et donc le temps mesuré.
paragraph2sentence.test-scientific-416-2,Les Maars sont des cratères peu profonds à fond plat que les scientifiques interprètent comme s'étant formés au-dessus de diatrèmes à la suite d'une violente expansion de gaz ou de vapeur magmatique ; une érosion profonde d'un maar exposerait vraisemblablement un diatrème.
paragraph2sentence.test-scientific-417-1,Le Cercle de feu est le résultat direct de la tectonique des plaques ainsi que du mouvement et des collisions des plaques lithosphériques. La section orientale de l'anneau est le résultat de la subduction des plaques de Nazca et de Cocos sous la plaque sud-américaine se déplaçant vers l'ouest. La plaque Cocos est en train de disparaître sous la plaque Caraïbe  en Amérique centrale.
paragraph2sentence.test-scientific-417-2,L'activité volcanique entourant le Pacifique  connue sous le nom de Ceinture de feu  est due à la techtonique des plaques dans la lithosphère où  à l'est  les plaques de Nazca et Cocos sont subductées par les plaques d'Amérique du Sud et des Caraïbes.
paragraph2sentence.test-scientific-418-1,Une certaine quantité de terres sera inévitablement perdue au cours de ce processus  tandis que les plages seront construites  ce qui entraînera la destruction de colonies  de terres agricoles et d'autres biens. Pour cette raison  un retrait organisé n’est souvent pas un plan socialement acceptable et peut nécessiter une compensation pour les propriétaires fonciers. Les sites intertidaux constituent souvent une riche ressource archéologique et la perte de patrimoine est un facteur à prendre en compte dans les projets de retraite gérés.
paragraph2sentence.test-scientific-418-2,Bien que le retrait géré crée souvent de riches ressources archéologiques  le processus implique une perte de terres  ce qui peut entraîner la destruction de propriétés et éventuellement nécessiter une compensation monétaire aux propriétaires.
paragraph2sentence.test-scientific-419-1,Dans des contextes appropriés  le carbone diatomique peut être considéré soit comme de l'éthyne avec deux atomes d'hydrogène éliminés  de l'éthène avec quatre hydrogènes éliminés  ou comme de l'éthane avec six hydrogènes éliminés ; et en tant que tel  éthynylidène  éthènediylidène ou éthanetriylidène  respectivement  peuvent être utilisés comme noms systématiques spécifiques au contexte  selon une nomenclature substitutive.
paragraph2sentence.test-scientific-419-2,La théorie des liaisons de Valence prédit qu'une liaison quadruple est le seul moyen de satisfaire à la règle de l'octet pour le carbone.
paragraph2sentence.test-scientific-420-1,Une étoile binaire visuelle est une étoile binaire pour laquelle la séparation angulaire entre les deux composantes est suffisamment grande pour permettre de les observer comme une étoile double dans un télescope  voire dans des jumelles de grande puissance. La résolution angulaire du télescope est un facteur important dans la détection des binaires visuels  et à mesure que de meilleures résolutions angulaires sont appliquées aux observations d'étoiles binaires  un nombre croissant de binaires visuels seront détectés. La luminosité relative des deux étoiles est également un facteur important  car l’éblouissement d’une étoile brillante peut rendre difficile la détection de la présence d’une composante plus faible.
paragraph2sentence.test-scientific-420-2,Une étoile binaire est considérée comme binaire visuelle si ses étoiles ont une luminosité relativement similaire et une séparation angulaire suffisante pour permettre à un observateur de les résoudre dans un télescope normal.
paragraph2sentence.test-scientific-421-1,La mesure des poissons consiste à mesurer la longueur d'un poisson individuel et de diverses parties de son anatomie. Ces données sont utilisées dans de nombreux domaines de l’ichtyologie  notamment la taxonomie et la biologie halieutique.
paragraph2sentence.test-scientific-421-2,La mesure du poisson n’est rien d’autre que le processus de mesure des dimensions des différentes parties d’un poisson.
paragraph2sentence.test-scientific-422-1,En UIT  les ondes ultrasonores sont produites par un transducteur ultrasonique électromécanique et appliquées à une pièce. Une barre de résonateur à réglage acoustique est amenée à vibrer en l'alimentant avec un transducteur ultrasonique magnétostrictif. L'énergie générée par ces impulsions à haute fréquence est transmise à la surface traitée par le contact de broches en acier spécialement conçues. Ces broches de transfert sont libres de se déplacer axialement entre le corps résonant et la surface traitée.
paragraph2sentence.test-scientific-422-2,Le traitement par impact ultrasonique utilise des ondes ultrasonores produites par un transducteur ultrasonique électromécanique  qui sont appliquées sur la surface de traitement à l'aide de broches métalliques.
paragraph2sentence.test-scientific-423-1,En plus de l'objectif général  l'étude a été conçue pour recueillir des informations permettant de tester des hypothèses spécifiques concernant les différences démographiques et socio-économiques en matière de fécondité  la prévalence de la pratique contraceptive et les méthodes employées  la mesure dans laquelle l'hypofécondité et la stérilité peuvent avoir contribué à une faible fécondité  ainsi que les schémas temporels et le rythme de procréation de l'époque. L'entretien a permis de recueillir des informations sur la planification familiale  l'utilisation de la contraception  les antécédents de grossesse  la fécondité  l'infertilité  la fertilité et la santé maternelle et infantile de chaque répondante. Outre les caractéristiques démographiques et les informations générales sur les répondants  des informations ont également été recueillies sur la composition de leur ménage  leur(s) mari(s)  leurs mariages et leurs zones de résidence.
paragraph2sentence.test-scientific-423-2,L'oscillation simultanée peut être appelée hybridation plasmonique où l'accordabilité de l'oscillation est associée au mélange de l'enveloppe interne et externe où elles s'hybrident pour donner une énergie inférieure ou supérieure.
paragraph2sentence.test-scientific-424-1,Pour les tests cutanés  une petite planche avec des aiguilles saillantes est utilisée. Les allergènes sont placés soit sur la planche  soit directement sur la peau. La planche est ensuite placée sur la peau  afin de perforer la peau et de permettre aux allergènes de pénétrer dans l'organisme. Si une ruche apparaît  la personne sera considérée comme positive à l’allergie. Ce test ne fonctionne que pour les anticorps IgE. Les réactions allergiques provoquées par d’autres anticorps ne peuvent pas être détectées par des tests cutanés.
paragraph2sentence.test-scientific-424-2,Les tests cutanés ne peuvent pas être utilisés pour les anticorps non IgE.
paragraph2sentence.test-scientific-425-1,Les plans d'eau sont souvent affectés par la géosmine et le 2-méthylisobornéol  affectant la saveur de l'eau potable et des poissons qui y poussent. Les haloanisoles affectent de la même manière les plans d’eau et sont une cause reconnue de saveur désagréable dans le vin. Les vaches qui broutent des mauvaises herbes telles que l’ail sauvage peuvent produire une mauvaise saveur « de mauvaises herbes » dans le lait.
paragraph2sentence.test-scientific-425-2,La saveur de l'eau et du vin peut être affectée par les haloanisoles.
paragraph2sentence.test-scientific-426-1,Pour un travail très précis  le pH-mètre doit être calibré avant chaque mesure. Pour une utilisation normale  l'étalonnage doit être effectué au début de chaque journée. La raison en est que l'électrode en verre ne donne pas une force électromotrice reproductible. sur des périodes plus longues. L'étalonnage doit être effectué avec au moins deux solutions tampons étalons couvrant la plage de valeurs de pH à mesurer. Pour des usages généraux  des tampons à pH 4 01 et pH 10 00 sont acceptables.
paragraph2sentence.test-scientific-426-2,L'étalonnage du pH-mètre doit être effectué chaque matin.
paragraph2sentence.test-scientific-427-1,L'effet causal d'un traitement sur une seule unité à un moment donné est la différence entre la variable de résultat avec et sans traitement. Le problème fondamental de l’inférence causale est qu’il est impossible d’observer l’effet causal sur une seule unité. Soit vous prenez l'aspirine maintenant  soit vous ne le prenez pas. En conséquence  des hypothèses doivent être formulées afin d’estimer les éléments contrefactuels manquants.
paragraph2sentence.test-scientific-427-2,Moteur était à l’origine un terme désignant tout dispositif mécanique convertissant la force en mouvement.
paragraph2sentence.test-scientific-428-1,Une mise en garde à ce calcul est que les travaux originaux portaient sur l’hydrographie de la mer de Chine orientale  où le refroidissement joue le rôle dominant dans la formation d’eau dense du plateau continental  et que ce mécanisme pourrait ne pas s’appliquer dans d’autres régions. Cependant  il a été suggéré que d'autres processus pourraient entraîner la pompe dans des conditions climatiques différentes. Par exemple  dans les régions polaires  la formation de glace de mer entraîne l’extrusion de sel susceptible d’augmenter la densité de l’eau de mer. De même  dans les régions tropicales  l’évaporation peut augmenter la salinité locale et la densité de l’eau de mer.
paragraph2sentence.test-scientific-428-2,La pompe du plateau continental est causée par diverses océans  comme près des pôles où la formation de glace de mer entraîne l'extrusion de sel qui peut augmenter la densité de l'eau de mer.
paragraph2sentence.test-scientific-429-1,Des chercheurs japonais ont réussi à faire repousser des dents entièrement fonctionnelles chez des souris. Des cellules épithéliales et mésenchymateuses ont été extraites des souris  cultivées pour produire un « germe » dentaire  et le germe a ensuite été implanté dans l'os à l'espace d'une dent manquante. Une dent présentant une structure externe et interne  une dureté  une résistance et une sensibilité correctes a ensuite fait éruption dans l'espace  rencontrant finalement la dent opposée d'une manière similaire à une dent naturelle d'origine. Cette technique pourrait constituer un futur traitement possible pour le remplacement des dents manquantes.
paragraph2sentence.test-scientific-429-2,Le développement  l’apparence et la classification des dents relèvent de son domaine d’étude  mais pas l’occlusion dentaire ou le contact entre les dents.
paragraph2sentence.test-scientific-430-1,Les propos de bébé et leurs imitations peuvent être utilisés par un non-enfant comme une forme de violence verbale  dans laquelle le discours vise à infantiliser la victime. Cela peut se produire lors d'intimidation  lorsque l'intimidateur utilise le langage bébé pour affirmer que la victime est faible  lâche  trop émotive ou soumise.
paragraph2sentence.test-scientific-430-2,Le baby talk peut être utilisé comme une forme de flirt entre partenaires sexuels ou romantiques.
paragraph2sentence.test-scientific-431-1,Dans le domaine de l'Énergétique  un vecteur énergétique correspond uniquement à une forme énergétique (et non à un système énergétique) d'apport énergétique nécessaire aux différents secteurs de la société pour remplir leurs fonctions. Les vecteurs énergétiques (CE) sont produits par le secteur de l'énergie à partir de sources d'énergie primaires (PSE). La distinction entre « Porteurs d'énergie » et « Sources d'énergie primaires » est extrêmement importante puisque ces deux labels font référence à des formes d'énergie de qualité différente et ne peuvent donc pas être agrégées : 1 mégajoule (MJ) de CE n'est pas la même chose que 1 MJ de PES.
paragraph2sentence.test-scientific-431-2,Les alliages contenant du béryllium créent un risque d'inhalation lors de la fabrication en raison de leurs propriétés toxiques.
paragraph2sentence.test-scientific-432-1,Anatomiquement  le cervelet a l’apparence d’une structure distincte attachée à la partie inférieure du cerveau  nichée sous les hémisphères cérébraux. Sa surface est recouverte de sillons parallèles finement espacés  contrastant de manière frappante avec les larges circonvolutions irrégulières du cortex cérébral. Ces rainures parallèles cachent le fait que le cervelet est en réalité une fine couche continue de tissu (le cortex cérébelleux)  étroitement pliée à la manière d’un accordéon. Au sein de cette fine couche se trouvent plusieurs types de neurones avec une disposition très régulière  les plus importants étant les cellules de Purkinje et les cellules granulaires.
paragraph2sentence.test-scientific-432-2,Le tronc cérébral assure la principale innervation motrice et sensorielle du visage et du cou via les nerfs crâniens.
paragraph2sentence.test-scientific-433-1,S’il y a des particules en suspension dans l’eau  elles augmenteront la diffusion de la lumière. Dans les zones côtières  le ruissellement des rivières  la remise en suspension du sable et du limon du fond par les marées  les vagues et les tempêtes ainsi qu'un certain nombre d'autres substances peuvent modifier la couleur des eaux côtières. Certains types de particules peuvent également contenir des substances qui absorbent certaines longueurs d’onde de la lumière  ce qui modifie leurs caractéristiques.
paragraph2sentence.test-scientific-433-2,Les particules naturellement en suspension dans les sources d’eau peuvent modifier la couleur des eaux côtières.
paragraph2sentence.test-scientific-434-1,L'observation structurée représente un compromis entre la non-intervention passive de l'observation naturaliste et la manipulation systématique de variables indépendantes et un contrôle précis caractérisé par des expériences en laboratoire. L'observation structurée peut avoir lieu dans un cadre naturel ou en laboratoire. Dans le cadre de l'observation structurée  l'observateur intervient souvent afin de provoquer la survenue d'un événement ou de « mettre en place » une situation afin que les événements puissent être enregistrés plus facilement qu'ils ne le seraient sans intervention. Une telle situation fait souvent appel à un complice qui crée une situation d'observation du comportement. L'observation structurée est fréquemment utilisée par les psychologues cliniciens et du développement  ou pour étudier les animaux à l'état sauvage. L’un des avantages de l’observation structurée est qu’elle permet aux chercheurs d’enregistrer des comportements qui peuvent être difficiles à observer à l’aide de l’observation naturaliste  mais qui sont plus naturels que les conditions artificielles imposées en laboratoire. Cependant  des problèmes d'interprétation des observations structurées peuvent survenir lorsque les mêmes procédures d'observation ne sont pas suivies entre les observations ou les observateurs  ou lorsque des variables importantes ne sont pas contrôlées entre les observations.
paragraph2sentence.test-scientific-434-2,Le mot « viscosité » est dérivé du latin « viscum »  qui signifie « tout ce qui est collant  la glu à base de gui  le gui ».
paragraph2sentence.test-scientific-435-1,Les suspicions de grappes de cancer surviennent généralement lorsque des membres du grand public signalent que des membres de leur famille  des amis  des voisins ou des collègues de travail ont reçu un diagnostic de cancer identique ou apparenté. Les services de santé de l'État ou locaux enquêteront sur la possibilité d'un groupe de cancers lorsqu'une réclamation sera déposée. Afin de justifier une enquête sur de telles allégations  les services de santé procèdent à un examen préliminaire. Les données seront collectées et vérifiées concernant : les types de cancer signalés  le nombre de cas  la zone géographique des cas et les antécédents cliniques du patient. À ce stade  un comité de professionnels de la santé examinera les données et déterminera si une enquête (souvent longue et coûteuse) est justifiée.
paragraph2sentence.test-scientific-435-2,Les composants exacts du FAN varient selon la composition du moût ou du moût de raisin.
paragraph2sentence.test-scientific-436-1,Ridley examine l'histoire de différentes tentatives qui ont été faites pour expliquer le fait que les humains dans la société ne font pas défaut  en examinant divers modèles générés par ordinateur qui ont été utilisés pour expliquer comment un tel comportement pourrait survenir. Il s'intéresse en particulier aux systèmes basés sur l'idée du tac pour le tac  dans lesquels les membres du groupe coopèrent uniquement avec ceux qui coopèrent également et excluent ceux qui ne le font pas. Cela permet à un comportement altruiste de se développer et fait en sorte que la solution optimale au dilemme ne consiste plus à faire défaut mais plutôt à coopérer.
paragraph2sentence.test-scientific-436-2,La sociobiologie étudie les comportements sociaux  tels que les modèles d'accouplement  les combats territoriaux  la chasse en meute et la société en ruche d'insectes sociaux.
paragraph2sentence.test-scientific-437-1,Les volcans en éruption peuvent présenter de nombreux dangers  et pas seulement à proximité immédiate de l'éruption. Les cendres volcaniques peuvent constituer une menace pour les avions  en particulier ceux équipés de moteurs à réaction  où les particules de cendres peuvent fondre en raison de la température de fonctionnement élevée ; les particules fondues adhèrent alors aux aubes de la turbine et modifient leur forme  perturbant le fonctionnement de la turbine.
paragraph2sentence.test-scientific-437-2,Internet  et par conséquent ses réseaux fédérateurs  ne reposent pas sur des installations centrales de contrôle ou de coordination  et ne mettent pas non plus en œuvre de politiques de réseau mondiales.
paragraph2sentence.test-scientific-438-1,Chez l’homme  le désir sexuel mature commence généralement à apparaître au début de la puberté. L'expression sexuelle peut prendre la forme de masturbation ou de relations sexuelles avec un partenaire. Les intérêts sexuels chez les adolescents  comme chez les adultes  peuvent varier considérablement. L'activité sexuelle en général est associée à divers risques  notamment les grossesses non désirées et les maladies sexuellement transmissibles  notamment le VIH/SIDA. Les risques sont élevés pour les jeunes adolescents parce que leur cerveau n’est pas mature sur le plan neuronal ; plusieurs régions cérébrales du lobe frontal du cortex cérébral et de l'hypothalamus  importantes pour la maîtrise de soi  la gratification différée  ainsi que l'analyse et l'appréciation des risques  ne sont pas pleinement matures.
paragraph2sentence.test-scientific-438-2,La maîtrise de soi est essentielle dans le comportement pour atteindre ses objectifs et pour éviter les impulsions et/ou émotions qui pourraient s'avérer négatives.
paragraph2sentence.test-scientific-439-1,L’hypothèse du gène Dieu est basée sur une combinaison d’études comportementales génétiques  neurobiologiques et psychologiques. Les principaux arguments de cette hypothèse sont les suivants : (1) la spiritualité peut être quantifiée par des mesures psychométriques ; (2) la tendance sous-jacente à la spiritualité est partiellement héréditaire ; (3) une partie de cette héritabilité peut être attribuée au gène VMAT2 ; (4) ce gène agit en modifiant les niveaux de monoamine ; et (5) les individus spirituels sont favorisés par la sélection naturelle parce qu'ils sont dotés d'un sentiment inné d'optimisme  ce dernier produisant des effets positifs au niveau physique ou psychologique.
paragraph2sentence.test-scientific-439-2,Bien qu’il soit toujours difficile de déterminer les nombreuses fonctions en interaction d’un gène  VMAT2 semble être impliqué dans le transport des neurotransmetteurs monoamines à travers les synapses du cerveau.
paragraph2sentence.test-scientific-440-1,La Scientologie enseigne que les humains sont des êtres immortels qui ont oublié leur vraie nature. Sa méthode de réadaptation spirituelle est un type de conseil connu sous le nom d'audition  dans lequel les praticiens visent à revivre consciemment des événements douloureux ou traumatisants de leur passé afin de se libérer de leurs effets limitants. Du matériel d'étude et des cours d'audit sont mis à la disposition des membres en échange de dons spécifiés. La Scientologie est légalement reconnue comme une organisation exonérée d’impôts aux États-Unis et dans certains autres pays  et l’Église de Scientologie souligne cela comme la preuve qu’elle est une véritable religion. Dans d'autres pays  notamment en France  en Allemagne et au Royaume-Uni  la Scientologie n'a pas de statut religieux comparable.
paragraph2sentence.test-scientific-440-2,Les gares disposent généralement de bureaux de vente de billets dotés de personnel  de distributeurs automatiques de billets  ou des deux  bien que sur certaines lignes  les billets soient vendus à bord des trains.
paragraph2sentence.test-scientific-441-1,Les vaccins ne garantissent pas une protection complète contre une maladie. Parfois  cela est dû au fait que le système immunitaire de l’hôte ne répond tout simplement pas de manière adéquate  voire pas du tout. Cela peut être dû à une immunité réduite en général (diabète  prise de stéroïdes  infection par le VIH  âge) ou au fait que le système immunitaire de l'hôte ne possède pas de lymphocytes B capables de générer des anticorps contre cet antigène.
paragraph2sentence.test-scientific-441-2,Les vaccins peuvent être inefficaces en cas de faiblesse du système immunitaire ou de manque de cellules B.
paragraph2sentence.test-scientific-442-1,Le fer Osmond a été fabriqué en faisant fondre de la fonte brute dans un foyer plus étroit et plus profond qu'une parure typique dans une forge de parure anglaise. Le foyer avait un feu de charbon de bois soufflé avec un soufflet à travers une tuyère. À mesure que le fer fondait  les gouttes tombaient sous l’effet de l’explosion et se figeaient. Ils ont ensuite été soulevés avec une barre de fer dans l'explosion. En fondant  ils étaient accrochés au bout d'un gros bâton  maintenus dans le feu et tournés rapidement de sorte que les gouttes s'étalaient en formant une boule.
paragraph2sentence.test-scientific-442-2,Le fer Osmond était fabriqué en faisant fondre de la fonte brute dans un foyer chauffé par un feu de charbon de bois et  une fois fondu  il était accroché au bout d'un grand bâton  maintenu dans le feu et tourné rapidement pour former une sphère.
paragraph2sentence.test-scientific-443-1,Il existe de nombreux types de tests de personnalité. Le type le plus courant est l’inventaire d’auto-évaluation  également communément appelé tests de personnalité objectifs. Les tests d'inventaire d'auto-évaluation impliquent l'administration de nombreuses questions/éléments aux candidats qui répondent en évaluant la mesure dans laquelle chaque élément reflète leur comportement et peut être noté objectivement. Le terme « élément » est utilisé parce que de nombreuses questions de test ne sont pas réellement des questions ; il s'agit généralement de déclarations sur des questionnaires qui permettent aux répondants d'indiquer leur niveau d'accord (en utilisant une échelle de Likert ou  plus précisément  une échelle de type Likert).
paragraph2sentence.test-scientific-443-2,Les premiers tests de personnalité ont été développés dans les années 1920 et visaient à faciliter le processus de sélection du personnel  notamment dans les forces armées.
paragraph2sentence.test-scientific-444-1,La biologie évolutionniste  en tant que discipline académique à part entière  a émergé pendant la période de synthèse évolutionniste moderne dans les années 1930 et 1940. Ce n’est cependant que dans les années 1970 et 1980 qu’un nombre important d’universités ont des départements qui incluent spécifiquement le terme biologie évolutionniste dans leurs titres  souvent en association avec l’écologie et le comportement.
paragraph2sentence.test-scientific-444-2,Charles Darwin fut le premier à formuler un argument scientifique en faveur de la théorie de l'évolution par la sélection naturelle.
paragraph2sentence.test-scientific-445-1,Il existe plusieurs tests de polysémie  mais l'un d'eux est le zeugma : si un mot semble présenter du zeugma lorsqu'il est appliqué dans différents contextes  il est probable que les contextes font ressortir différents polysèmes du même mot. Si les deux sens d’un même mot ne semblent pas correspondre  mais semblent liés  alors il est probable qu’ils soient polysémiques. Le fait que ce test dépend encore une fois des jugements des locuteurs sur la parenté signifie cependant que ce test de polysémie n'est pas infaillible  mais constitue plutôt simplement une aide conceptuelle utile.
paragraph2sentence.test-scientific-445-2,Les tests de polysémie reposent souvent sur les jugements de parenté des locuteurs  ce qui signifie également que certains tests de polysémie  bien qu'utiles  peuvent être erronés en raison de facteurs tels que la maîtrise et les connaissances de base.
paragraph2sentence.test-scientific-446-1,Un générateur d'analyseur typique associe du code exécutable à chacune des règles de grammaire qui doivent être exécutées lorsque ces règles sont appliquées par l'analyseur. Ces morceaux de code sont parfois appelés routines d'action sémantique car ils définissent la sémantique de la structure syntaxique analysée par l'analyseur. Selon le type d'analyseur qui doit être généré  ces routines peuvent construire un arbre d'analyse (ou un arbre de syntaxe abstraite) ou générer directement du code exécutable.
paragraph2sentence.test-scientific-446-2,L'une des premières versions (1964)  étonnamment puissantes  des compilateurs-compilateurs est META II  qui accepte les grammaires et les règles de génération de code  et est capable de se compiler ainsi que d'autres langages.
paragraph2sentence.test-scientific-447-1,Le CMOS est également parfois appelé métal-oxyde-semi-conducteur à symétrie complémentaire (ou COS-MOS). Les mots « symétrie complémentaire » font référence au fait que le style de conception numérique typique avec CMOS utilise des paires complémentaires et symétriques de transistors à effet de champ à semi-conducteur à oxyde métallique de type P et de type N (MOSFET) pour les fonctions logiques.
paragraph2sentence.test-scientific-447-2,Le radium  sous forme de chlorure de radium  a été découvert par Marie Curie et Pierre Curie en 1898.
paragraph2sentence.test-scientific-448-1,La composition eutectoïde de l'austénite est d'environ 0 76 % de carbone ; l'acier avec moins de carbone contiendra une proportion correspondante de cristallites de ferrite relativement pures qui ne participent pas à la réaction eutectoïde et ne peuvent pas se transformer en perlite. De même  les aciers à plus forte teneur en carbone formeront de la cémentite avant d'atteindre le point eutectoïde. La proportion de ferrite et de cémentite se formant au-dessus du point eutectoïde peut être calculée à partir du diagramme de phases d'équilibre fer/fer-carbure en utilisant la règle du levier.
paragraph2sentence.test-scientific-448-2,L'austénite contient moins d'un pour cent de carbone  mais l'acier avec moins de carbone contiendra une proportion correspondante de cristallites de ferrite relativement pures qui ne peuvent pas se transformer en perlite.
paragraph2sentence.test-scientific-449-1,La fièvre des cabines est un terme idiomatique  enregistré pour la première fois en 1918  désignant une réaction claustrophobe qui se produit lorsqu'une personne ou un groupe est isolé et/ou enfermé dans un petit espace  sans rien faire pendant une période prolongée. La fièvre des cabines décrit l’extrême irritabilité et l’agitation qu’une personne peut ressentir dans ces situations. Une personne peut ressentir la fièvre de la cabane dans une situation telle que se trouver dans un simple chalet de vacances à la campagne. Lorsqu'elle souffre de fièvre de cabine  une personne peut avoir tendance à dormir  à se méfier des personnes avec qui elle se trouve et à avoir envie de sortir même sous la pluie  la neige  l'obscurité ou la grêle. L'expression est également utilisée avec humour pour indiquer le simple ennui d'être seul à la maison.
paragraph2sentence.test-scientific-449-2,La claustrophobie est généralement classée comme un trouble anxieux et entraîne souvent des crises de panique et peut être le résultat de nombreuses situations ou stimuli  notamment des ascenseurs bondés  des pièces sans fenêtres et même des vêtements serrés au cou.
paragraph2sentence.test-scientific-450-1,Les îles Tongoa et Epi faisaient autrefois partie d’une île plus grande appelée Kuwae. Le folklore local raconte qu'une éruption cataclysmique a détruit cette île  laissant entre elles deux îles plus petites et une caldeira de forme ovale de 12 x 6 km (mais l'histoire raconte une éruption au sud de Tongoa). L'effondrement associé à la formation de la caldeira pourrait avoir atteint 1 100 mètres. Environ 32 à 39 km cubes de magma sont entrés en éruption  faisant de l'éruption de Kuwae l'une des plus importantes des 10 000 dernières années.
paragraph2sentence.test-scientific-450-2,L'éruption de Kuwae a été massive et a provoqué une caldeira de 6 km.
paragraph2sentence.test-scientific-451-1,L'astrologie a été rejetée par la communauté scientifique comme n'ayant aucun pouvoir explicatif pour décrire l'univers (voir pseudoscience). Des tests scientifiques sur l'astrologie ont été menés et aucune preuve n'a été trouvée pour étayer les prémisses ou les prétendus effets décrits dans les traditions astrologiques. Là où l’astrologie a fait des prédictions falsifiables  elles ont été falsifiées. Il n’existe aucun mécanisme d’action proposé par lequel les positions et les mouvements des étoiles et des planètes pourraient affecter les personnes et les événements sur Terre qui ne contredise des aspects fondamentaux bien compris de la biologie et de la physique.
paragraph2sentence.test-scientific-451-2,Le prochain album de Reuben  Hindsight (2002)  continue son utilisation d'une grande variété de genres musicaux et de paroles réfléchies  souvent drôles.
paragraph2sentence.test-scientific-452-1,Les collisions de galaxies sont courantes dans l'évolution des galaxies. En raison de la répartition extrêmement ténue de la matière dans les galaxies  il ne s’agit pas de collisions au sens normal du terme  mais plutôt d’interactions gravitationnelles. Une collision peut conduire à une fusion. Cela se produit lorsque deux galaxies entrent en collision et n’ont pas suffisamment d’élan pour continuer leur voyage après la collision. Au lieu de cela  ils retombent les uns dans les autres et finissent par fusionner après de nombreux passages  formant ainsi une seule galaxie. Si l’une des galaxies en collision est beaucoup plus grande que l’autre  elle restera en grande partie intacte après la fusion ; c'est-à-dire que la plus grande galaxie aura à peu près la même apparence tandis que la plus petite galaxie sera séparée et fera partie de la plus grande galaxie.
paragraph2sentence.test-scientific-452-2,Après la collision de deux galaxies  si elles n'ont pas assez d'élan pour continuer leur voyage  une fusion de galaxies se produit  ce qui donne une seule galaxie qui ressemble généralement beaucoup à la plus grande des deux galaxies en collision si elle était nettement plus grande en dimension.
paragraph2sentence.test-scientific-453-1,En 2000-2001  une deuxième cohorte a été créée (RS-II). 3 011 autres habitants d'Ommord âgés de 55 ans et plus ont accepté de participer. Les participants de cette deuxième cohorte ont visité le centre de recherche pour des examens de suivi en 2004-2005 et 2011-2012.
paragraph2sentence.test-scientific-453-2,Le changement de période de rotation de l’étoile à neutrons provient de la région de transition entre la magnétosphère et le flux de plasma de l’étoile compagne.
paragraph2sentence.test-scientific-454-1,Contrairement à la sémantique  qui examine le sens conventionnel ou « codé » dans une langue donnée  la pragmatique étudie comment la transmission du sens dépend non seulement des connaissances structurelles et linguistiques (par exemple  grammaire  lexique  etc.) du locuteur et de l'auditeur  mais aussi du contexte de l'énoncé  de toute connaissance préexistante sur les personnes impliquées  de l'intention déduite du locuteur et d'autres facteurs. À cet égard  la pragmatique explique comment les utilisateurs du langage sont capables de surmonter une apparente ambiguïté  puisque le sens dépend de la manière  du lieu  du temps  etc. d'un énoncé.
paragraph2sentence.test-scientific-454-2,En pragmatique  il existe deux types de sens différents à considérer : le sens sémantico-référentiel et le sens indexical.
paragraph2sentence.test-scientific-455-1,Un satellite est un agent sous-viral composé d'acide nucléique qui dépend de la co-infection d'une cellule hôte avec un virus assistant ou maître pour sa multiplication. Lorsqu’un satellite code pour la protéine d’enveloppe dans laquelle son acide nucléique est encapsidé  on parle de virus satellite. Un virus satellite du mamavirus qui inhibe la réplication de son hôte a été appelé virophage. Cependant  l’usage de ce terme reste controversé en raison de l’absence de différences fondamentales entre les virophages et les virus satellites classiques.
paragraph2sentence.test-scientific-455-2,Un virus satellite en biologie est un agent sous-viral constitué d'acide nucléique qui code pour la protéine d'enveloppe dans laquelle son acide nucléique est encapsidé.
paragraph2sentence.test-scientific-456-1,Habituellement  les objectifs derrière la conception et les compétences des embarcations sont l'éducation ou les activités de loisirs maritimes  la pêche et l'extraction de ressources  le transport de marchandises ou de passagers et la conduite d'opérations de combat ou de sauvetage. En général  la vocation d'un véhicule nautique identifie son utilité avec un sous-secteur de l'industrie maritime.
paragraph2sentence.test-scientific-456-2,Les villes et villages ont généralement des restrictions légales quant à l'emplacement des bars et aux types d'alcool qu'ils peuvent servir à leurs clients.
paragraph2sentence.test-scientific-457-1,La linguistique avait fait des progrès considérables au cours du demi-siècle écoulé depuis l'époque de Korais. Le déchiffrement des anciens systèmes d'écriture  la publication de la loi de Grimm sur les changements sonores en 1822  le traçage par Bopp des interrelations entre les langues indo-européennes  les travaux de Diez sur le développement des langues romanes à partir du latin vulgaire  la démonstration par Schleicher d'un arbre évolutif des langues et enfin l'annonce de la loi de Verner en 1875  avaient tous montré clairement que les changements qu'une langue subit au fil du temps. les passes ne sont pas simplement une accumulation de dommages aléatoires  comme des erreurs de copie dans un manuscrit.
paragraph2sentence.test-scientific-457-2,Les développements linguistiques ont montré que les langues évoluent et se développent de manière commune  plutôt que de changer en raison d'erreurs apparemment aléatoires (comme celles que l'on trouve dans les copies manuscrites) comme le suggéraient les théoriciens précédents.
paragraph2sentence.test-scientific-458-1,Des plages fossiles peuvent être découvertes là où une carrière de calcaire ou une exploitation minière à ciel ouvert est présente. Par exemple  Miami possède de nombreuses plages fossiles qui ont été mises à nu par l'exploitation minière du calcaire. Un exemple célèbre est celui des lits Pinecrest — une formation rocheuse fossilifère trouvée dans le sud de la ville et qui est un segment d'une formation géologique beaucoup plus vaste — la Formation de Tamiami.
paragraph2sentence.test-scientific-458-2,Les plages fossiles sont généralement découvertes à la suite d’opérations minières telles que l’exploitation minière du calcaire de Miami ou les lits Pinecrest.
paragraph2sentence.test-scientific-459-1,Les coulées de débris ont des concentrations volumétriques de sédiments dépassant environ 40 à 50 %  et le reste du volume d'une coulée est constitué d'eau. Par définition  les « débris » comprennent des grains de sédiments de formes et de tailles diverses  allant généralement des particules d'argile microscopiques aux gros rochers. Les médias utilisent souvent le terme coulée de boue pour décrire les coulées de débris  mais les véritables coulées de boue sont principalement composées de grains plus petits que le sable. Sur la surface terrestre  les coulées de boue sont beaucoup moins courantes que les coulées de débris. Cependant  les coulées de boue sous-marines sont répandues sur les marges continentales sous-marines  où elles peuvent engendrer des courants de turbidité.
paragraph2sentence.test-scientific-459-2,Les coulées de débris peuvent être déclenchées par des pluies intenses ou la fonte des neiges  par des ruptures de barrages ou des crues glaciaires  ou par des glissements de terrain qui peuvent ou non être associés à des pluies intenses.
paragraph2sentence.test-scientific-460-1,Les réactions allergiques aux fruits et légumes sont généralement légères et n’affectent souvent que la bouche  provoquant des démangeaisons  une éruption cutanée ou des cloques là où la nourriture touche les lèvres et la bouche. C’est ce qu’on appelle le syndrome d’allergie buccale. (Un certain nombre de personnes qui réagissent de cette manière aux fruits ou légumes réagiront également au pollen de certains arbres et mauvaises herbes. Ainsi  par exemple  les personnes allergiques au pollen de bouleau sont également susceptibles d'être allergiques aux pommes.) Un autre symptôme peut inclure un léger gonflement de la gorge  donnant l'impression qu'elle se ferme. La capacité de respirer est toujours présente  ce n’est donc pas mortel.
paragraph2sentence.test-scientific-460-2,Le syndrome d'allergie orale  qui provoque parfois un gonflement de la gorge  peut être déclenché par les fruits  le pollen des arbres ou les mauvaises herbes.
paragraph2sentence.test-scientific-461-1,Les linguistes génératifs pensent que pour les locuteurs natifs de langues naturelles  la grammaticalité est une question d’intuition linguistique  une compétence acquise par l’acquisition du langage dans l’enfance. La linguistique générative s’efforce donc de prédire la grammaticalité de manière exhaustive. D’un autre côté  il y a un abandon progressif de la grammaticalité au profit de l’acceptabilité par les linguistes qui mettent l’accent sur l’acquisition sociale du langage par opposition aux facteurs innés (et qui s’appuient rarement sur la grammaire de la structure des phrases) dans la tradition de Hopper 1987.
paragraph2sentence.test-scientific-461-2,Les grammaires prescriptives des langues naturelles contrôlées définissent la grammaticalité comme une question de consensus explicite.
paragraph2sentence.test-scientific-462-1,Un hydromètre est généralement en verre et se compose d'une tige cylindrique et d'une ampoule lestée de mercure ou de grenaille de plomb pour le faire flotter verticalement. Le liquide à tester est versé dans un récipient haut  souvent un cylindre gradué  et l'hydromètre est doucement abaissé dans le liquide jusqu'à ce qu'il flotte librement. Le point auquel la surface du liquide touche la tige de l'hydromètre est noté. Les hydromètres contiennent généralement une échelle à l’intérieur de la tige  de sorte que la densité spécifique puisse être lue directement. Il existe diverses échelles et sont utilisées en fonction du contexte.
paragraph2sentence.test-scientific-462-2,Un hydromètre est souvent constitué d'un tube de verre rempli d'un liquide et d'une ampoule qui peut être lue là où elle touche le côté lorsqu'elle flotte librement afin de mesurer la densité.
paragraph2sentence.test-scientific-463-1,Les scores de QI sont également utilisés pour étudier les distributions de QI dans les populations et les corrélations entre le QI et d'autres variables. Les scores bruts aux tests de QI de nombreuses populations ont augmenté à un rythme moyen pouvant atteindre trois points de QI par décennie depuis le début du 20e siècle  un phénomène appelé effet Flynn. L’étude des différents modèles d’augmentation des scores aux sous-tests de la batterie de QI éclaire les recherches actuelles sur l’intelligence humaine.
paragraph2sentence.test-scientific-463-2,Parmi les différentes études qui ont étudié la corrélation des scores de QI avec d’autres variables  l’une est l’effet Flynn selon lequel le QI moyen des populations augmente de manière linéaire avec le temps.
paragraph2sentence.test-scientific-464-1,Selon la définition moderne  le terme étoile binaire est généralement limité aux paires d'étoiles qui tournent autour d'un centre de masse commun. Les étoiles binaires qui peuvent être résolues avec un télescope ou des méthodes interférométriques sont appelées binaires visuelles.
paragraph2sentence.test-scientific-464-2,Une étoile binaire  c’est-à-dire deux étoiles en orbite autour du même centre  est appelée binaire visuelle si elle peut être résolue avec un télescope.
paragraph2sentence.test-scientific-465-1,L'erreur humaine et la performance sont les deux faces d'une même médaille : les mécanismes de « l'erreur humaine » sont les mêmes que les mécanismes de « performance humaine » ; les performances qualifiées plus tard d'« erreur » le sont a posteriori : par conséquent  les actions appelées plus tard « erreur humaine » font en réalité partie du spectre ordinaire du comportement humain. L’étude de la distraction dans la vie quotidienne fournit une documentation et une catégorisation abondantes de ces aspects du comportement.
paragraph2sentence.test-scientific-465-2,Un exemple simple de biais rétrospectif est celui où  après avoir vu l'issue d'un événement potentiellement imprévisible  une personne croit qu'elle « le savait depuis le début ».
paragraph2sentence.test-scientific-466-1,Si une feuille de verre est placée dans le réservoir  la profondeur de l’eau dans le réservoir sera moins profonde au-dessus du verre qu’ailleurs. La vitesse d'une vague dans l'eau dépend de la profondeur  de sorte que les ondulations ralentissent lorsqu'elles passent sur le verre. Cela provoque une diminution de la longueur d’onde. Si la jonction entre les eaux profondes et peu profondes forme un angle par rapport au front d’onde  les vagues se réfracteront. Dans le diagramme ci-dessus  on peut voir que les vagues se courbent vers la normale. La normale est représentée par une ligne pointillée. La ligne pointillée est la direction dans laquelle les vagues se déplaceraient si elles n’avaient pas rencontré le morceau de verre incliné.
paragraph2sentence.test-scientific-466-2,Lorsqu’il est directement généré et affecté par les vents locaux  un système de vagues de vent est appelé mer de vent et  une fois que le vent cesse de souffler  les vagues de vent sont appelées houles.
paragraph2sentence.test-scientific-467-1,Le réseau fédérateur Internet fait référence aux principales routes de données entre les grands réseaux stratégiquement interconnectés et les routeurs centraux sur Internet. Ces routes de données sont hébergées par des centres de réseaux commerciaux  gouvernementaux  universitaires et autres de grande capacité  les points d'échange Internet et les points d'accès au réseau  qui échangent le trafic Internet entre les pays  les continents et à travers les océans du monde.
paragraph2sentence.test-scientific-467-2,Le cœur d’Internet provient de routeurs stratégiquement interconnectés  appelés dorsale Internet  qui relient de grandes institutions telles que des universités ou des entreprises disposant de centres de réseau de grande capacité.
paragraph2sentence.test-scientific-468-1,Le sommeil en tant que phénomène semble avoir des racines évolutives très anciennes. Le nématode C. elegans est l'organisme le plus primitif dans lequel des états semblables au sommeil ont été observés. Ici  une phase de léthargie se produit pendant de courtes périodes précédant chaque mue  ce qui peut indiquer que le sommeil est primitivement lié aux processus de développement. Les résultats de Raizen et al. suggèrent en outre que le sommeil est nécessaire aux changements dans le système neuronal.
paragraph2sentence.test-scientific-468-2,Des études montrent que le sommeil est un phénomène ancien dont les racines remontent aux nématodes.
paragraph2sentence.test-scientific-469-1,L'artère sphénopalatine traverse le foramen sphénopalatin jusqu'à la cavité du nez  à l'arrière du méat supérieur. Ici  il dégage ses branches nasales latérales postérieures qui s'étendent vers l'avant sur les conques et les méats  s'anastomosent avec les artères ethmoïdales et les branches nasales du palatin descendant  et aident à alimenter les sinus frontaux  maxillaires  ethmoïdaux et sphénoïdaux.
paragraph2sentence.test-scientific-469-2,L'artère sphénopalatine passe dans la cavité du nez où elle dégage ses branches nasales latérales postérieures qui s'étendent vers l'avant et contribuent à alimenter les sinus frontaux  maxillaires  ethmoïdaux et sphénoïdaux.
paragraph2sentence.test-scientific-470-1,Les étapes typiques impliquent l'enregistrement  la transcription (souvent en utilisant l'alphabet phonétique international et/ou une « orthographe pratique » composée pour cette langue)  l'annotation et l'analyse  la traduction dans une langue de communication plus large  l'archivage et la diffusion. La création de bons enregistrements au cours de la description linguistique est essentielle au projet de documentation linguistique. Ces documents peuvent être archivés  même si toutes les archives ne sont pas également compétentes dans le traitement des documents linguistiques conservés dans différents formats technologiques  ni qu'elles ne sont pas toutes également accessibles aux utilisateurs potentiels.
paragraph2sentence.test-scientific-470-2,La documentation linguistique est le processus par lequel une langue est documentée du point de vue de la linguistique documentaire.
paragraph2sentence.test-scientific-471-1,Il existe deux types de conditions préalables aux actes dangereux : celles liées à l'état interne de l'opérateur humain et celles liées aux pratiques ou aux méthodes de travail de l'opérateur humain. Les états internes indésirables comprennent ceux liés à la physiologie (par exemple  la maladie) et à l'état mental (par exemple  la fatigue mentale  la distraction). Un troisième aspect de « l'état interne » est en réalité un décalage entre les capacités de l'opérateur et les exigences de la tâche ; par exemple  l'opérateur peut être incapable de porter un jugement visuel ou de réagir assez rapidement pour accomplir la tâche à accomplir.
paragraph2sentence.test-scientific-471-2,Les actes dangereux comportent deux conditions préalables : celles qui proviennent de l'état d'esprit ou de la physiologie d'un individu  et celles qui proviennent de ses habitudes  pratiques et manière de travailler.
paragraph2sentence.test-scientific-472-1,La décharge de Townsend est un processus d'ionisation de gaz dans lequel des électrons libres  accélérés par un champ électrique suffisamment puissant  donnent lieu à une conduction électrique à travers un gaz par multiplication par avalanche provoquée par l'ionisation de molécules par impact ionique. Lorsque le nombre de charges libres diminue ou que le champ électrique s'affaiblit  le phénomène cesse.
paragraph2sentence.test-scientific-472-2,La décharge de Townsend est le processus de conduction électrique à travers le gaz résultant de l'ionisation.
paragraph2sentence.test-scientific-473-1,Selon le directeur du projet  l'holomètre devrait être capable de détecter les fluctuations à la lumière d'un seul attomètre  atteignant ou dépassant la sensibilité requise pour détecter les plus petites unités de l'univers appelées unités de Planck. Le laboratoire Fermi déclare : « De nos jours  tout le monde connaît les images floues et pixellisées  ou la transmission sonore bruyante  associées à une mauvaise bande passante Internet.
paragraph2sentence.test-scientific-473-2,Les holomètres surpassent les appareils de mesure actuels pour enregistrer aux échelles de la plus petite unité  les unités de Planck.
paragraph2sentence.test-scientific-474-1,Les arboriculteurs qui grimpent (comme tous ne le font pas) peuvent utiliser diverses techniques pour monter dans l'arbre. La technique la moins invasive et la plus utilisée consiste à monter sur une corde. Lorsque la sécurité personnelle est un problème ou que l'arbre est abattu  les arboriculteurs peuvent utiliser des « pointes » (également connues sous le nom de « gaffes » ou « éperons ») attachées à leurs bottes de tronçonneuse avec des sangles pour monter et travailler. Des pointes enroulaient l'arbre  laissant de petits trous à l'endroit où se trouvait chaque pas.
paragraph2sentence.test-scientific-474-2,Les arboriculteurs grimpeurs utilisent diverses techniques  de la moins invasive impliquant des cordes à la plus invasive impliquant des bottes de tronçonneuse  bien que cette dernière blesse l'arbre et ne soit généralement utilisée que dans les cas où l'arbre doit être enlevé.
paragraph2sentence.test-scientific-475-1,Le clustering basé sur la connectivité est toute une famille de méthodes qui diffèrent par la manière dont les distances sont calculées. Outre le choix habituel des fonctions de distance  l'utilisateur doit également décider du critère de liaison (puisqu'un cluster est constitué de plusieurs objets  il existe plusieurs candidats pour calculer la distance) à utiliser. Les choix populaires sont connus sous le nom de clustering à liaison unique (le minimum de distances entre les objets)  clustering de liaisons complètes (le maximum de distances entre les objets) ou UPGMA (« méthode de groupe de paires non pondérées avec moyenne arithmétique »  également connue sous le nom de clustering de liaisons moyennes).
paragraph2sentence.test-scientific-475-2,Les approches d'analyse de cluster basées sur des fonctions de distance et des critères de liaison sont appelées clustering basé sur la connectivité.
paragraph2sentence.test-scientific-476-1,Selon l’hypothèse de vitesse constante proposée par Jones et Huang (1982)  la perception intègre une attente préalable de vitesse constante. Par conséquent  étant donné les intervalles temporels marqués par des stimuli séquentiels  le cerveau s’attend à des intervalles spatiaux qui produiraient un mouvement à vitesse constante (c’est-à-dire un mouvement uniforme). Une limite de cette théorie  soulignée par Goldreich (2007)  est qu’elle n’explique pas pourquoi même deux stimuli pressés en succession rapide contre la peau sont perçus comme plus proches l’un de l’autre à mesure que l’intervalle temporel entre eux est court.
paragraph2sentence.test-scientific-476-2,L'effet kappa semble dépendre fortement de l'étendue phénoménale plutôt que physique  car l'effet kappa s'accentue à mesure que les stimuli se déplacent plus rapidement.
paragraph2sentence.test-scientific-477-1,Aujourd'hui  l'anthropométrie joue un rôle important dans le design industriel  la conception de vêtements  l'ergonomie et l'architecture où les données statistiques sur la répartition des dimensions corporelles dans la population sont utilisées pour optimiser les produits. Les changements dans les modes de vie  la nutrition et la composition ethnique des populations entraînent des changements dans la répartition des dimensions corporelles (par exemple l'épidémie d'obésité) et nécessitent une mise à jour régulière des collectes de données anthropométriques.
paragraph2sentence.test-scientific-477-2,En raison des changements dans les modes de vie  les niveaux d'activité et les changements à grande échelle dans la composition corporelle  l'anthropométrie joue toujours un rôle actuel dans tous les domaines où les dimensions du corps humain doivent être prises en compte  comme l'ergonomie ou la conception des vêtements.
paragraph2sentence.test-scientific-478-1,Cependant  la Seconde Guerre mondiale a peut-être marqué la période de développement d’armes la plus frénétique de l’histoire de l’humanité. Un grand nombre de nouveaux modèles et concepts ont été mis au point et toutes les technologies existantes ont été améliorées entre 1939 et 1945. L'arme la plus puissante inventée au cours de cette période était la bombe atomique  mais de nombreuses autres armes ont influencé le monde de différentes manières.
paragraph2sentence.test-scientific-478-2,Les données stockées dans un cache peuvent être des valeurs calculées précédemment ou des doublons de valeurs originales stockées ailleurs.
paragraph2sentence.test-scientific-479-1,Le spin de l’électron et du proton peut être dans les deux sens – dans l’analogie classique  ils tournent dans le sens des aiguilles d’une montre ou dans le sens inverse autour d’un axe donné. Leur rotation peut être orientée dans la même direction ou dans des directions opposées. En raison des interactions magnétiques entre les particules  un atome d'hydrogène dont les spins de l'électron et du proton sont alignés dans la même direction (parallèle) a légèrement plus d'énergie qu'un atome dont les spins de l'électron et du proton sont dans des directions opposées (antiparallèle).
paragraph2sentence.test-scientific-479-2,Les électrons et les protons peuvent tourner dans les deux sens (dans le sens des aiguilles d’une montre ou dans le sens inverse) et en raison de l’interaction magnétique entre les deux  les atomes d’hydrogène tournant dans le même sens auront légèrement plus d’énergie.
paragraph2sentence.test-scientific-480-1,L'échantillonnage de situation implique l'étude du comportement de bonnes personnes dans de nombreux endroits différents et dans différentes circonstances et conditions. En échantillonnant différentes situations  les chercheurs réduisent le risque que les résultats qu’ils obtiennent soient particuliers à un certain ensemble de circonstances ou de conditions. Pour cette raison  l’échantillonnage de situation augmente considérablement la validité externe des résultats d’observation. De plus  l’échantillonnage de situations augmente considérablement la généralisabilité des résultats. Par rapport à l’époque où les chercheurs observent uniquement des types particuliers d’individus  les chercheurs utilisant l’échantillonnage de situation peuvent augmenter la diversité des sujets au sein de leur échantillon observé. Les chercheurs peuvent déterminer les sujets à observer en sélectionnant les sujets systématiquement (un élève sur dix dans une cafétéria  par exemple) ou au hasard  dans le but d'obtenir un échantillon représentatif de tous les sujets.
paragraph2sentence.test-scientific-480-2,Un système chimique est dit en équilibre lorsque les quantités des entités chimiques impliquées ne changent pas et ne peuvent pas changer dans le temps sans l’application d’une influence externe.
paragraph2sentence.test-scientific-481-1,La valeur R d'un matériau est déterminée lorsque le matériau est dans un état de saturation tel que de l'eau sera exsudée de l'éprouvette compactée lorsqu'une charge de 16 8 kN (2 07 MPa) est appliquée. Puisqu'il n'est pas toujours possible de préparer une éprouvette qui exsude de l'eau à la charge spécifiée  il est nécessaire de tester une série d'éprouvettes préparées à différentes teneurs en humidité.
paragraph2sentence.test-scientific-481-2,Le test R-Value mesure la réponse d’un échantillon compacté de sol ou d’agrégat à une pression appliquée verticalement dans des conditions spécifiques.
paragraph2sentence.test-scientific-482-1,L'isotope de l'uranium 235U est utilisé comme combustible pour les réacteurs nucléaires et les armes nucléaires. C'est le seul isotope existant dans la nature qui soit fissile  c'est-à-dire fissile par les neutrons thermiques. L'isotope 238U est également important car il absorbe les neutrons pour produire un isotope radioactif qui se désintègre ensuite en isotope 239Pu (plutonium)  qui est également fissile.
paragraph2sentence.test-scientific-482-2,L'uranium 235 est le seul isotope existant dans la nature qui soit fissile dans une mesure appréciable  et finit par se désintégrer en plutonium 239  qui est également fissile.
paragraph2sentence.test-scientific-483-1,La biogéochimie est la discipline scientifique qui implique l'étude des processus et réactions chimiques  physiques  géologiques et biologiques qui régissent la composition de l'environnement naturel (y compris la biosphère  la cryosphère  l'hydrosphère  la pédosphère  l'atmosphère et la lithosphère). En particulier  la biogéochimie est l'étude des cycles d'éléments chimiques  tels que le carbone et l'azote  ainsi que de leurs interactions et de leur incorporation dans les êtres vivants transportés à travers les systèmes biologiques à l'échelle terrestre dans l'espace et dans le temps. Le domaine se concentre sur les cycles chimiques qui sont pilotés par ou ont un impact sur l'activité biologique. Un accent particulier est mis sur l'étude des cycles du carbone  de l'azote  du soufre et du phosphore. La biogéochimie est une science des systèmes étroitement liée à l'écologie des systèmes.
paragraph2sentence.test-scientific-483-2,La biogéochimie se concentre sur les cycles d'éléments chimiques tels que le carbone et l'azote et est liée à l'écologie des systèmes.
paragraph2sentence.test-scientific-484-1,Le terme équivalent « réveil » a également été utilisé dans un contexte chrétien  à savoir les Grands Réveils  plusieurs périodes de renouveau religieux dans l'histoire religieuse américaine. Les historiens et les théologiens identifient trois ou quatre vagues d’enthousiasme religieux accru entre le début du XVIIIe siècle et la fin du XIXe siècle. Chacun de ces « grands réveils » a été caractérisé par des réveils généralisés menés par des ministres protestants évangéliques  une forte augmentation de l'intérêt pour la religion  un profond sentiment de conviction et de rédemption de la part des personnes touchées  une augmentation du nombre de membres d'églises évangéliques et la formation de nouveaux mouvements et confessions religieuses.
paragraph2sentence.test-scientific-484-2,La géologie du Jura souabe est principalement constituée de calcaire  qui formait les fonds marins au cours de la période jurassique.
paragraph2sentence.test-scientific-485-1,On pense que des pièges écologiques se produisent lorsque l'attrait d'un habitat augmente de manière disproportionnée par rapport à sa valeur pour la survie et la reproduction. Il en résulte une préférence pour des habitats faussement attractifs et un évitement général des habitats de haute qualité mais moins attrayants. Par exemple  le Bruant indigo niche généralement dans un habitat arbustif ou dans des transitions forestières brisées entre une forêt à canopée fermée et un champ ouvert. L'activité humaine peut créer des lisières forestières plus nettes et plus abruptes et les bruants préfèrent nicher le long de ces lisières. Cependant  ces lisières artificielles et abruptes des forêts concentrent également les mouvements des prédateurs qui précèdent leurs nids. De cette façon  les Bruants préfèrent nicher dans des habitats très altérés où leur succès de nidification est le plus faible.
paragraph2sentence.test-scientific-485-2,En plus d’éliminer le dioxyde de carbone  la respiration entraîne une perte d’eau du corps.
paragraph2sentence.test-scientific-486-1,Un problème supplémentaire lié aux datations au carbone 14 provenant de sites archéologiques est connu sous le nom de problème du « vieux bois ». Il est possible  en particulier dans les climats secs et désertiques  que des matières organiques  telles que celles provenant d'arbres morts  restent dans leur état naturel pendant des centaines d'années avant que les humains ne les utilisent comme bois de chauffage ou comme matériaux de construction  après quoi elles font partie des archives archéologiques. Ainsi  la datation de cet arbre particulier n’indique pas nécessairement quand l’incendie a brûlé ou quand la structure a été construite. Pour cette raison  de nombreux archéologues préfèrent utiliser des échantillons de plantes à vie courte pour la datation au radiocarbone. Le développement de la datation par spectrométrie de masse par accélérateur (AMS)  qui permet d’obtenir une date à partir d’un très petit échantillon  a été très utile à cet égard.
paragraph2sentence.test-scientific-486-2,La datation au carbone 14 est rendue problématique pour les arbres des climats secs qui peuvent exister pendant des siècles avant d'être brûlés (entraînant des dates erronées)  c'est pourquoi de nombreux scientifiques préfèrent dater en utilisant des plantes à vie courte et utiliser la spectrométrie de masse  qui peut être effectuée sur de très petits échantillons.
paragraph2sentence.test-scientific-487-1,La dépression isostatique est le terme utilisé par les géologues pour désigner l'enfoncement d'une grande partie de la croûte terrestre dans l'asthénosphère. Le naufrage est provoqué par un poids lourd placé à la surface de la Terre. Cela est souvent dû au poids important de la glace glaciaire dû à la glaciation continentale  un processus dans lequel la glace permanente exerce une pression sur la croûte terrestre  la déprimant ainsi sous son poids.
paragraph2sentence.test-scientific-487-2,La dépression isostatique est causée par un poids lourd placé à la surface de la Terre  souvent dû aux glaciers.
paragraph2sentence.test-scientific-488-1,Les épaules qui présentent une raideur  secondaire à une oppression capsulaire  contribuent à la contracture et à l'hypertrophie du grand rond. Par conséquent  une rotation externe restreinte peut encourager un raccourcissement et un épaississement adaptatifs des rotateurs internes de l’épaule  principalement du grand rond et du sous-scapulaire. On peut supposer que la douleur latérale au bras présentée dans les dysfonctionnements de l’épaule pourrait être d’origine nerveuse secondaire à une tension neuronale défavorable du nerf radial. Le triceps brachial a le potentiel de piéger le nerf radial dans l'intervalle triangulaire secondaire à l'hypertrophie. La présence d'un arc fibreux au niveau de la tête longue et de la tête latérale complique encore la situation. L'extension forcée répétée observée dans la musculation et les sports impliquant des coups de poing peut constituer un précédent à ce scénario. Le nerf radial est vulnérable lorsqu’il traverse cet espace  pour toutes les raisons évoquées ci-dessus.
paragraph2sentence.test-scientific-488-2,Un entraînement léger du grand rond peut atténuer le piégeage en renforçant les muscles responsables de la rotation intérieure  bien que tout traumatisme nerveux puisse prendre plusieurs semaines pour s'en remettre.
paragraph2sentence.test-scientific-489-1,Jupiter est principalement composé d'hydrogène  un quart de sa masse étant constitué d'hélium  bien que l'hélium ne contienne qu'environ un dixième du nombre de molécules. Il se peut également qu’elle possède un noyau rocheux composé d’éléments plus lourds  mais comme les autres géantes gazeuses  Jupiter n’a pas de surface solide bien définie. En raison de sa rotation rapide  la forme de la planète est celle d'un sphéroïde aplati (elle possède un renflement léger mais perceptible autour de l'équateur).
paragraph2sentence.test-scientific-489-2,Jupiter  plante géante de forme sphéroïde aplatie et sans surface solide  possède un noyau rocheux tout en étant principalement composée d'hydrogène et d'hélium.
paragraph2sentence.test-scientific-490-1,La flottation par mousse est pratiquée en mélangeant des produits chimiques appelés collecteurs avec la boue de minerai. Les collecteurs s'adsorbent sur les surfaces des particules de minéraux sélectionnés (généralement le minéral précieux ciblé pour la concentration)  rendant ces minéraux hydrophobes. L'air traverse la boue dans un réservoir appelé cellule de flottation. L'air est divisé en minuscules bulles par divers mécanismes (en fonction de la conception de la cellule de flottation) et les minéraux désormais hydrophobes s'attachent aux bulles  remontant avec elles jusqu'à la surface de la cellule de flottation  où ils forment une mousse. La mousse s'écoule sur le bord supérieur (ou « lèvre ») de la cellule de flottation et forme le concentré de flottation. Idéalement  aucune particule minérale indésirable ne flotte et reste sur place sous forme de résidus de flottation.
paragraph2sentence.test-scientific-490-2,La flottation par mousse est pratiquée en mélangeant des produits chimiques appelés collecteurs avec la boue de minerai.
paragraph2sentence.test-scientific-491-1,Les organismes de la zone intertidale sont adaptés à un environnement extrême et rigoureux. L'eau est disponible régulièrement avec les marées  mais varie de fraîche avec la pluie à très salée et sèche avec un séchage entre les inondations des marées. L'action des vagues peut déloger les riverains de la zone littorale. Avec la forte exposition au soleil de la zone intertidale  la plage de températures peut aller de très chaude en plein soleil à près de zéro dans les climats plus froids.
paragraph2sentence.test-scientific-491-2,Étant donné que les conditions de sel et de température dans la zone intertidale peuvent varier considérablement  les organismes de cette zone doivent s'adapter à ces variations.
paragraph2sentence.test-scientific-492-1,On dit que les longues chaînes polyynes sont intrinsèquement instables en vrac car elles peuvent se réticuler les unes avec les autres dans une réaction exothermique (voire explosive). Les explosions constituent un réel danger dans ce domaine de recherche. Ils peuvent être assez stables  même contre l'humidité et l'oxygène  s'ils sont coiffés par des groupes inertes appropriés (tels que le tert-butyle ou le trifluorométhyle) plutôt que par des atomes d'hydrogène  particulièrement ceux encombrants qui peuvent maintenir les chaînes séparées. En 1995  la préparation de chaînes carbyne contenant plus de 300 carbones a été signalée à l'aide de cette technique. Cependant  le rapport a été contesté par l'affirmation selon laquelle les molécules détectées étaient des structures de type fullerène plutôt que de longs polyynes.
paragraph2sentence.test-scientific-492-2,Les longues chaînes de polyène peuvent exploser si elles sont assemblées en raison de la réticulation entre les molécules et les chercheurs doivent donc prendre les précautions nécessaires pour préparer les molécules au transport ou aux expériences utilisant des techniques de coiffage neutralisant.
paragraph2sentence.test-scientific-493-1,Dans le monde universitaire actuel  le terme « aryen » a été remplacé dans la plupart des cas par les termes « indo-iranien » et « indo-européen »  et « aryen » se limite désormais principalement à son apparition dans le terme « indo-aryen » pour les langues indiennes et leurs locuteurs. Les notions occidentales de « race aryenne » ont pris de l'importance dans la pensée raciste de la fin du XIXe et du début du XXe siècle  une idée notamment adoptée par l'idéologie nazie (voir race des maîtres).
paragraph2sentence.test-scientific-493-2,L'improvisation peut être considérée comme un moment spontané d'inventivité soudaine  « sur le coup » ou « spontanément »  qui peut simplement venir à l'esprit  au corps et à l'esprit comme une source d'inspiration et aucune préparation ou formation n'est nécessaire.
paragraph2sentence.test-scientific-494-1,Une galaxie sombre est une galaxie hypothétique composée de matière noire. Les galaxies sombres tirent leur nom du fait qu’elles n’ont pas d’étoiles détectables et qu’elles sont théoriquement invisibles. Ils ne sont pas capables de générer des étoiles car leur densité de gaz est trop élevée. Certains scientifiques ont émis l’hypothèse que les galaxies sombres étaient en réalité courantes aux premiers stades de l’univers. À l’origine  ces galaxies avaient du mal à créer des étoiles en raison de leur densité  mais au fil du temps  les galaxies ont commencé à créer des étoiles. Une communauté influente de scientifiques suppose l’existence de galaxies sombres pour étayer des théories basées sur d’autres corps célestes bien étudiés. Il existe des preuves expérimentales pour soutenir l'existence de galaxies sombres  bien que les scientifiques ne disposent d'aucune preuve concluante et poursuivent leurs recherches.
paragraph2sentence.test-scientific-494-2,Selon les théories astronomiques  les galaxies sombres  c'est-à-dire les galaxies invisibles très denses composées de matière noire  étaient courantes aux premiers stades de l'univers et des preuves expérimentales peuvent désormais étayer leur existence.
paragraph2sentence.test-scientific-495-1,La surcorrespondance correspond à un facteur de confusion apparent qui est en réalité le résultat de l'exposition. Les véritables facteurs de confusion sont associés à la fois à l’exposition et à la maladie  mais si l’exposition elle-même conduit au facteur de confusion  ou a un statut égal à celui-ci  alors la stratification en fonction de ce facteur de confusion sera également partiellement stratifiée par l’exposition  ce qui entraînera une relation obscurcie entre l’exposition à la maladie. La surappariement provoque donc un biais statistique.
paragraph2sentence.test-scientific-495-2,La lutte contre les maladies des plantes est cruciale pour une production alimentaire fiable et permet de réduire considérablement l’utilisation agricole des terres  de l’eau  du carburant et d’autres intrants.
paragraph2sentence.test-scientific-496-1,Morgan réagissait aux interprétations du comportement animal – notamment à l’approche anecdotique de George Romanes – qu’il jugeait excessivement anthropomorphes. Le prestige du canon de Lloyd Morgan vient en partie des cas qu'il a décrits dans lesquels un comportement qui pourrait à première vue sembler impliquer des processus mentaux supérieurs pourrait en fait être expliqué par un simple apprentissage par essais et erreurs (ce que nous appellerions aujourd'hui le conditionnement opérant). Un exemple célèbre est la manière habile avec laquelle Tony  le terrier de Morgan  a ouvert la porte du jardin  facilement perçue par quelqu'un qui considère le comportement final comme un acte perspicace ; Lloyd Morgan  cependant  avait observé et enregistré la série d'approximations par lesquelles le chien avait progressivement appris la réponse  et pouvait démontrer qu'aucune perspicacité n'était nécessaire pour l'expliquer.
paragraph2sentence.test-scientific-496-2,L'habileté des études de Morgan découle de son analyse minutieuse de la manière dont des actions apparemment complexes sur le plan mental pouvaient en réalité être expliquées en termes de conditionnement opérant  illustré de manière célèbre par le cas où le chien de Morgan était capable d'ouvrir une porte  mais dont Morgan a pu démontrer qu'il était dû à l'apprentissage du chien après de nombreux cas d'essais et d'erreurs.
paragraph2sentence.test-scientific-497-1,Il existe deux sous-catégories : les fibres insolubles et solubles. Les fibres alimentaires insolubles sont principalement constituées de cellulose  un gros polymère glucidique qui est indigestible par les humains qui ne disposent pas des enzymes nécessaires pour les démonter et dont le système digestif n'héberge pas non plus des quantités suffisantes des types de microbes capables de le faire. Les fibres alimentaires solubles comprennent une variété d'oligosaccharides  de cires  d'esters  d'amidons résistants et d'autres glucides qui se dissolvent ou se gélatinisent dans l'eau.
paragraph2sentence.test-scientific-497-2,Les types de fibres insolubles et solubles contiennent respectivement principalement de la cellulose et des oligosaccharides.
paragraph2sentence.test-scientific-498-1,Une micrométéorite est une particule extraterrestre  d'une taille allant de 50 µm à 2 mm  collectée à la surface de la Terre. Les micrométéorites sont des micrométéoroïdes qui ont survécu à leur entrée dans l'atmosphère terrestre. Elles diffèrent des météorites en ce sens qu'elles sont plus petites  plus abondantes et de composition différente. Elles constituent un sous-ensemble de la poussière cosmique  qui comprend également les plus petites particules de poussière interplanétaire (IDP). Fred Lawrence Whipple a été le premier à inventer le terme « micro-météorite » pour décrire des objets de la taille d'une poussière qui tombent sur Terre.
paragraph2sentence.test-scientific-498-2,Les micrométéoroïdes d'une taille de 50 µm à 2 mm qui peuvent atteindre la surface de la Terre sont appelés micrométéorites  particules extraterrestres plus petites.
paragraph2sentence.test-scientific-499-1,La plupart des pays du monde exploitent des flottes de navires marchands. Cependant  en raison des coûts d'exploitation élevés  ces flottes naviguent aujourd'hui dans de nombreux cas sous les pavillons de pays spécialisés dans la fourniture de main-d'œuvre et de services à des conditions avantageuses. Ces drapeaux sont appelés « pavillons de complaisance ». Actuellement  le Libéria et le Panama sont particulièrement favorisés. Toutefois  la propriété des navires peut appartenir à n’importe quel pays.
paragraph2sentence.test-scientific-499-2,Pendant les guerres  les navires marchands peuvent être utilisés comme auxiliaires des marines de leurs pays respectifs et sont appelés à livrer du personnel et du matériel militaires.
paragraph2sentence.test-scientific-500-1,Les audiogrammes chez l'homme sont produits à l'aide d'un audiomètre  qui présente différentes fréquences au sujet  généralement avec des écouteurs calibrés  à des niveaux spécifiés. Les niveaux sont pondérés en fonction de la fréquence par rapport à un graphique standard connu sous le nom de courbe d'audibilité minimale  censé représenter l'audition « normale ». Le seuil d'audition est fixé à environ 0 phon sur les contours d'égale intensité sonore  mais est normalisé dans une norme ANSI à 1 kHz. Il existe plusieurs courbes d'audibilité minimale  définies dans différentes normes internationales ; différents audiomètres donnent ainsi lieu à des différences dans les audiogrammes. La norme ASA-1951  par exemple  utilisait un niveau de 16 5 dB SPL (niveau de pression acoustique) à 1 kHz  tandis que la norme ANSI-1969/ISO-1963 plus récente utilise 6 5 dB SPL. Une correction de 10 dB est autorisée pour les personnes âgées.
paragraph2sentence.test-scientific-500-2,Un audiomètre produit des audiogrammes humains en diffusant différentes fréquences à un sujet  où les fréquences sont sélectionnées en fonction de la plage « normale » attendue de l'audition humaine et incluent de nombreuses fréquences au niveau minimal d'audibilité.
sentence2phrase.train-travel-1-1,Le plus ancien grand magasin est Trimingham's  qui propose une gamme complète d'articles de créateurs tels que des parfums et des vêtements  mais d'autres magasins agissent comme agents exclusifs pour certains producteurs (par exemple  Bluck's et Cooper's se spécialisent dans la porcelaine et le cristal).
sentence2phrase.train-travel-1-2,un assortiment d'articles de créateurs vendus par le grand magasin Trimingham
sentence2phrase.train-travel-2-1,Plus le fil est fin et plus le motif est complexe  plus la pièce est chère.
sentence2phrase.train-travel-2-2,techniques de fabrication de la soie
sentence2phrase.train-travel-3-1,L'entrée principale de la vieille ville circulaire  près du port  est l'Arco da Vila du XIXe siècle  un charmant arc et un clocher habituellement couronnés par une vénérable famille de cigognes nicheuses.
sentence2phrase.train-travel-3-2,cigognes faisant leur nid dans un clocher et une arche pittoresques
sentence2phrase.train-travel-4-1,Herring Cove vous offre une bonne vue et des explications détaillées sur les marées.
sentence2phrase.train-travel-4-2,100% exploité par l'énergie marémotrice
sentence2phrase.train-travel-5-1,Chaque printemps  si les conditions météorologiques sont favorables  elle devient le refuge des flamants roses.
sentence2phrase.train-travel-5-2,un printemps abritant des flamants roses par beau temps
sentence2phrase.train-travel-6-1,Il a choisi son chêne et son noyer d'Amérique du Nord  son teck d'Asie  ses lambris  son marbre et son verre d'Europe.
sentence2phrase.train-travel-6-2,différents matériaux de construction du monde entier
sentence2phrase.train-travel-7-1,Pendant les mois d'été  des lancements touristiques sont organisés et  pour les plus courageux  des baignades.
sentence2phrase.train-travel-7-2,nager pendant les mois d'été
sentence2phrase.train-travel-8-1,Le plus grand centre commercial moderne de Pékin est Sun Dong An Plaza.
sentence2phrase.train-travel-8-2,produits chinois modernes et classiques
sentence2phrase.train-travel-9-1,Autour de la marina se trouvent de nombreuses boutiques  restaurants et agences de voyages  ainsi que tous types de services pour accueillir les croisiéristes à l'arrivée.
sentence2phrase.train-travel-9-2,esprit de fête éternel
sentence2phrase.train-travel-10-1,À l'extrémité ouest de Bali  des mangroves entourent Gillimanuk  à peine plus qu'une large rue  quelques familles d'accueil et le terminal des ferries pour Java.
sentence2phrase.train-travel-10-2,les mangroves qui s'étendent sur toute la côte ouest de Bali
sentence2phrase.train-travel-11-1,Île dotée de magnifiques plages de sable fin et de terres agricoles  elle abrite également une importante réserve militaire américaine.
sentence2phrase.train-travel-11-2,magnifiques plages de sable fin
sentence2phrase.train-travel-12-1,Vous êtes sûr de trouver vos propres favoris  mais voici quelques points forts reconnus.
sentence2phrase.train-travel-12-2,un lac de marée clair
sentence2phrase.train-travel-13-1,Le cœur de la ville est la Plaza Major (également connue sous divers noms tels que Plaza des Armas  Plaza Principal  Plaza de la Independencia et Plaza de la Revolucion).
sentence2phrase.train-travel-13-2,Revolution Plaza  également connue localement sous le nom de Plaza Major
sentence2phrase.train-travel-14-1,Une belle excursion depuis Tavira est vers l'île voisine Ilha de Tavira  où se trouve une immense et très attrayante plage adossée à des dunes de sable.
sentence2phrase.train-travel-14-2,dunes de sable menant à une plage océanique géante
sentence2phrase.train-travel-15-1,Il n'est possible de le voir pleinement que lorsque vous entrez dans son enceinte par un passage étroit depuis la rue.
sentence2phrase.train-travel-15-2,une ruelle étroite de la rue principale
sentence2phrase.train-travel-16-1,Après un deuxième débarquement hollandais dans la baie de Padangbai  le rituel puputan se répéta lorsque le Raja de Karangasem et sa famille se jetèrent sur les canons ennemis.
sentence2phrase.train-travel-16-2,le rituel puputan d'abnégation  tel que démontré par le Raja de Karangasem et sa famille
sentence2phrase.train-travel-17-1,A proximité  le « Pic qui volait de loin » (Feilaifeng) abrite 380 sculptures bouddhistes en pierre créées sous la dynastie Yuan et quatre grottes sacrées.
sentence2phrase.train-travel-17-2,victoire contre eux à Nándorfehérvár (aujourd'hui Belgrade) en 1456
sentence2phrase.train-travel-18-1,Ici  dans la nuit du 18 avril 1775  le sacristain Robert Newman gravit la tour et accrocha les deux lanternes (« une  si par terre  et deux  si par mer ») avertissant les colons de Concord des mouvements de troupes britanniques.
sentence2phrase.train-travel-18-2,Americana classique formant la base d'une riche légende de Paul Revere
sentence2phrase.train-travel-19-1,En Ontario et au Québec  où l'avancée des forêts a progressivement dispersé les troupeaux de caribous  les Iroquois ont chassé les Algonquins et se sont installés pour cultiver le maïs  les haricots et les courges  vivant dans des maisons longues rectangulaires et multifamiliales.
sentence2phrase.train-travel-19-2,cultiver des cultures et vivre dans des maisons
sentence2phrase.train-travel-20-1,De nombreuses villes et villages de province organisent des marchés dominicaux où le marchandage fait bien sûr partie du plaisir.
sentence2phrase.train-travel-20-2,Marchés du dimanche
sentence2phrase.train-travel-21-1,Le musée du cinéma du Vondelpark propose également des projections spéciales et des festivals de films.
sentence2phrase.train-travel-21-2,festivals de films et projections de films spéciales
sentence2phrase.train-travel-22-1,Le téléphérique Spanish Aero vous offre une vue plongeante sur les rapides du Niagara Whirlpool.
sentence2phrase.train-travel-22-2,un regard aérien sur les rapides
sentence2phrase.train-travel-23-1,On pense que de grandes portes en bois étaient installées entre les piliers et que celles-ci pouvaient être retirées pour créer une stoa (arcade ouverte) si le roi le souhaitait.
sentence2phrase.train-travel-23-2,grandes portes en bois amovibles
sentence2phrase.train-travel-24-1,Regardez au-delà des vitrines alléchantes des magasins pour tirer le meilleur parti de votre visite.
sentence2phrase.train-travel-24-2,faire du shopping pendant les vacances
sentence2phrase.train-travel-25-1,Empruntez le téléphérique pour traverser la gorge pour une vue rapprochée des rapides.
sentence2phrase.train-travel-25-2,une vue rapprochée des rapides
sentence2phrase.train-travel-26-1,Il s'étend sur 2 1/2 hectares (6 acres) et diverses collections sont abritées dans les anciens bâtiments militaires en briques  dont la plupart datent de l'époque victorienne.
sentence2phrase.train-travel-26-2,l'armurerie dans le coin sud-ouest
sentence2phrase.train-travel-27-1,William Charles Cole Claiborne était un protestant de Virginie qui avait besoin d'interprètes pour communiquer en français et en espagnol.
sentence2phrase.train-travel-27-2,ceux qui ont suivi le radical Pedro Albizu Campos
sentence2phrase.train-travel-28-1,La guerre de 1812 a été alimentée par les griefs américains accumulés.
sentence2phrase.train-travel-28-2,la guerre de 1812
sentence2phrase.train-travel-29-1,La salle de la longévité bienveillante (Renshou Dian) est l'endroit où l'impératrice douairière Cixi recevait les membres de sa cour depuis son trône du dragon (qui est toujours en place).
sentence2phrase.train-travel-29-2,le trône du dragon vieux de plusieurs siècles
sentence2phrase.train-travel-30-1,Il y a aussi une salle dédiée aux familles qui se sont installées à Cozumel au XIXe siècle - après la guerre des castes - et qui ont développé l'île depuis cette époque.
sentence2phrase.train-travel-30-2,le développement et la revitalisation de Cozumel dans les années 1800
sentence2phrase.train-travel-31-1,Il s’agit d’une excursion d’une journée facile d’Acapulco à cette célèbre ville minière d’argent  et intéressante pour tous ceux qui souhaitent découvrir davantage le passé historique de ce pays.
sentence2phrase.train-travel-31-2,L'histoire minière du Mexique
sentence2phrase.train-travel-32-1,Le centre de Lisbonne est petit  compact et facile à parcourir en quelques jours seulement.
sentence2phrase.train-travel-32-2,les sites du Portugal
sentence2phrase.train-travel-33-1,Vous trouverez également de nombreuses pièces plus anciennes - pas tout à fait antiques mais néanmoins exquises - dans les magasins d'objets de collection de la ville sous la forme de jolies cuillères  de boîtes à pilules et de tabatières ornées ou de coupe-papier.
sentence2phrase.train-travel-33-2,objets de collection plus anciens comme des cuillères  des ouvre-lettres et des piluliers
sentence2phrase.train-travel-34-1,Chaque membre organisait un banquet bimensuel composé de gibier et de poisson qu'il avait lui-même pêché.
sentence2phrase.train-travel-34-2,disposition des sièges pour le banquet
sentence2phrase.train-travel-35-1,Venizelos était au pouvoir lors de l’échange épique de population avec la Turquie (1922)  au cours duquel près d’un million de Grecs rapatriés ont inondé Athènes.
sentence2phrase.train-travel-35-2,immigration de Turquie à Athènes
sentence2phrase.train-travel-36-1,Cette tour de garde  construite en 1345  est décorée de sculptures bouddhistes  avec des inscriptions en chinois  tibétain  sanscrit et dans les langues des tribus du nord.
sentence2phrase.train-travel-36-2,un vieux village maure exquis avec un solide château en ruine
sentence2phrase.train-travel-37-1,Prenez au moins un verre à l'hôtel Keltic Lodge  un ancien monument de la Nouvelle-Écosse qui mérite une visite pour sa vue sur Cape Smokey.
sentence2phrase.train-travel-37-2,l'historique Keltic Lodge et sa vue sur Cape Smokey
sentence2phrase.train-travel-38-1,Vestiges d'un plateau sous-marin qui s'est effondré au Jurassique  ils font partie d'une formation géologique vieille d'au moins 150 millions d'années.
sentence2phrase.train-travel-38-2,Vestiges vieux d'un million d'années d'un plateau sous-marin de l'ère jurassique
sentence2phrase.train-travel-39-1,La Sierra Morena Cette chaîne de montagnes de près de 480 km s'étend des montagnes du sud du Portugal à l'ouest jusqu'à la frontière de la province de Murcie à l'est  formant effectivement la frontière entre l'Andalousie et la majeure partie du reste de l'Espagne.
sentence2phrase.train-travel-39-2,au centre d'un escalier
sentence2phrase.train-travel-40-1,En été  la garnison s'anime avec la relève de la garde (tous les jours à 10 heures  du 24 juin à la première semaine de septembre).
sentence2phrase.train-travel-40-2,une période de service d'un an à Londres
sentence2phrase.train-travel-41-1,Des plantes rampantes escaladent désormais les murs abrupts  offrant un nouveau foyer à de nombreux oiseaux  lézards et grenouilles.
sentence2phrase.train-travel-41-2,l'exception qui confirme la règle
sentence2phrase.train-travel-42-1,Le Théâtre National se trouve ici  et de l'autre côté de la route se trouve l'Estação do Rossio (avec des trains pour Sintra et d'autres endroits)  qui ressemble à un palais maure avec des arcs en fer à cheval  juste à l'ouest de la place.
sentence2phrase.train-travel-42-2,le style de conception mauresque des arcs en fer à cheval
sentence2phrase.train-travel-43-1,Voici le véritable pouls de Budapest : grands hôtels  musées  bâtiments gouvernementaux  rues commerçantes  vie nocturne et boulevards très fréquentés.
sentence2phrase.train-travel-43-2,les nombreuses activités et attractions de Budapest
sentence2phrase.train-travel-44-1,Lorsqu'il y a des rebaixas  ou des soldes  se frayer un chemin parmi la foule n'est pas une tâche facile.
sentence2phrase.train-travel-44-2,foules commerçantes impénétrables
sentence2phrase.train-travel-45-1,Juste un peu au nord du site du palais se trouve la chrysólakkas ou « fosse d'or »  où le pendentif « abeille dorée » a été découvert parmi une plus grande cache de bijoux.
sentence2phrase.train-travel-45-2,les premiers colons d'une église précédente en Angleterre
sentence2phrase.train-travel-46-1,La maison principale date du XVIIème siècle et appartient à la famille actuelle depuis 1864.
sentence2phrase.train-travel-46-2,une maison familiale depuis des siècles  datant du 17ème siècle
sentence2phrase.train-travel-47-1,Vous pourrez tout acheter  des fruits et légumes aux textiles.
sentence2phrase.train-travel-47-2,disponibilité de fruits à l'achat
sentence2phrase.train-travel-48-1,Grâce aux puits  Turpan cultive du coton  des melons et des raisins d'une grande douceur et renommée.
sentence2phrase.train-travel-48-2,culture du coton  du melon et du raisin à Turpan
sentence2phrase.train-travel-49-1,Un sacbé relie le palais aux autres parties du site.
sentence2phrase.train-travel-49-2,jardins royaux
sentence2phrase.train-travel-50-1,Attirés par la promesse de galions au trésor et de réserves de munitions  certains pirates travaillaient de manière indépendante ; d’autres  cependant  furent employés par les différentes couronnes européennes  notamment britanniques  pour les aider à poursuivre leurs luttes de pouvoir dans le monde colonial.
sentence2phrase.train-travel-50-2,l'attrait du trésor et des munitions pour les pirates
sentence2phrase.train-travel-51-1,Les rues latérales abritent de belles galeries d'art (et d'artisanat) et de nombreuses récompenses pour l'exploration.
sentence2phrase.train-travel-51-2,explorer les petites rues secondaires
sentence2phrase.train-travel-52-1,La silhouette du Gunung Merapi  un volcan toujours actif  est souvent visible dans la brume au-dessus de l'eau.
sentence2phrase.train-travel-52-2,brumes matinales sur le lac
sentence2phrase.train-travel-53-1,Les bâtiments comprennent le bâtiment Wiesner d'IM Pei  les bâtiments Green  Dreyfus et Landau  ainsi que le centre étudiant Stratton d'Eduardo Catalano.
sentence2phrase.train-travel-53-2,derrière le centre sportif
sentence2phrase.train-travel-54-1,Un café-restaurant animé occupe un côté de la place  mais le bâtiment dominant est le splendide théâtre Vigadó.
sentence2phrase.train-travel-54-2,le magnifique bâtiment du théâtre Vigadó
sentence2phrase.train-travel-55-1,Au nord de l'Alexanderplatz  derrière le théâtre Volksbühne  la Schönhauser Allee est l'une des avenues les plus caractéristiques du vieux Berlin qui mène au centre de Prenzlauer Berg  le quartier ouvrier du XIXe siècle  aujourd'hui un quartier animé et bohème avec une vie nocturne colorée.
sentence2phrase.train-travel-55-2,Les logements ouvriers de Berlin
sentence2phrase.train-travel-56-1,Au nord-est de Stadhiou se trouve Panepistimiou (rue de l'Université)  officiellement nommée Elefthería Venizélou en l'honneur de l'homme d'État crétois.
sentence2phrase.train-travel-56-2,concepteur de la constitution crétoise
sentence2phrase.train-travel-57-1,Traversez la loggia pour trouver l’église d’Ágios Títos.
sentence2phrase.train-travel-57-2,le principal chemin de fer nord-sud du pays
sentence2phrase.train-travel-58-1,Vous n'avez pas besoin d'aller jusqu'à Herend pour acheter des céramiques de Herend  car il y a un magasin spécialisé sur la place József Nádor (derrière le café Gerbeaud sur la place Vörösmarty).
sentence2phrase.train-travel-58-2,la boutique de József Nádor tér pour acheter des céramiques Herend
sentence2phrase.train-travel-59-1,À partir de 1950  une campagne de promotion menée par Sir Stafford Sands a connu un énorme succès et a réussi à attirer les touristes aux Bahamas.
sentence2phrase.train-travel-59-2,le centre d'activité de cet arrière-pays balnéaire
sentence2phrase.train-travel-60-1,Il existe de nombreuses excursions à Santorin au nord  et ce petit rocher de la mer Égée présente un contraste intéressant avec son plus grand cousin.
sentence2phrase.train-travel-60-2,les plus belles îles grecques
sentence2phrase.train-travel-61-1,Les remparts offrent de belles vues sur le port et des boutiques d'artisanat se trouvent à l'étage.
sentence2phrase.train-travel-61-2,la boutique de cadeaux au sous-sol
sentence2phrase.train-travel-62-1,Des bars  des restaurants et des brasseries ouvertes tard le soir bordent la rue Berger attenante et les rues qui y mènent.
sentence2phrase.train-travel-62-2,commerces juste à côté de la rue Berger
sentence2phrase.train-travel-63-1,Essayez de visiter avant midi ou après 16 heures  surtout en été car la plupart des activités agricoles s'arrêtent dans la chaleur de l'après-midi.
sentence2phrase.train-travel-63-2,la précieuse image du Cristo de la Viña (Christ de la Vigne)
sentence2phrase.train-travel-64-1,Le Bagatelle  autrefois résidence royale  possède un très joli jardin anglais  regorgeant de fleurs au printemps et au début de l'été.
sentence2phrase.train-travel-64-2,en Europe et en Afrique du Nord
sentence2phrase.train-travel-65-1,Le sentier est particulièrement intéressant au début du printemps ou les matins d'été  lorsque les eaux sont parfaitement calmes  capturant les couleurs les plus époustouflantes des arbres et des falaises du mont Watkins derrière lui.
sentence2phrase.train-travel-65-2,le géant des marchés aux puces est St-Ouen juste au nord de la station de métro Porte de Clignancourt
sentence2phrase.train-travel-66-1,Cependant  si vous avez le temps  il est beaucoup plus gratifiant de faire le voyage circulaire le long de la côte nord jusqu'à Sitía  puis vers le sud autour des chaînes de montagnes Sitía et Ornón en approchant d'Ierápetra par l'est — le paysage est beaucoup plus excitant.
sentence2phrase.train-travel-66-2,frapper une cloche en cuivre du XVIIe siècle avec des pièces de monnaie
sentence2phrase.train-travel-67-1,Une légende est née selon laquelle la croix aurait pu avoir été laissée par un ancien saint – peut-être même l'apôtre Thomas – une quinzaine de siècles plus tôt.
sentence2phrase.train-travel-67-2,une croix ancienne vieille de plusieurs siècles
sentence2phrase.train-travel-68-1,Juste après se trouvent Puente Diamante  l'Acapulco Princess Golf Club et une rangée d'hôtels de luxe face à l'océan Pacifique.
sentence2phrase.train-travel-68-2,enterré dans des cercueils dans des cercueils dans des tombes royales souterraines
sentence2phrase.train-travel-69-1,Un petit marché de paille et de légumes se trouve au carrefour principal.
sentence2phrase.train-travel-69-2,commerces au carrefour
sentence2phrase.train-travel-70-1,Bien que personne ne soit vraiment sûr du site précis de l'atterrissage (Colomb est réputé pour avoir été peu précis dans la documentation de ses sites d'atterrissage)  le petit parc avec sa colonne et ses peintures naïves représentant la colonisation espagnole remplit bien son rôle.
sentence2phrase.train-travel-70-2,un parc pittoresque avec des peintures de l'arrivée et de la colonisation espagnoles
sentence2phrase.train-travel-71-1,Deux arrêts populaires sont les chutes de La Coca  sur la droite après le point de 8 km  et la tour d'observation de Yokahú  au point de 9 km.
sentence2phrase.train-travel-71-2,Chutes de La Coca et tour d'observation de Yokahú
sentence2phrase.train-travel-72-1,Mais la Grande-Bretagne soutenait ces intérêts particuliers par une diplomatie rigoureuse et une marine puissante  tandis que Louis XIV était trop absorbé par ses jeux de puissance européens pour accorder beaucoup d'attention au Canada français.
sentence2phrase.train-travel-72-2,Les intérêts directs de la Grande-Bretagne dans le Canada français
sentence2phrase.train-travel-73-1,Au IVe siècle  est construite la première église chrétienne  St-Etienne  rejointe deux siècles plus tard par une seconde église  dédiée à Notre-Dame.
sentence2phrase.train-travel-73-2,l'église Notre-Dame
sentence2phrase.train-travel-74-1,Lorsqu'Adolf Hitler arriva à Paris en conquérant en 1940  l'Arc de Triomphe fut le premier endroit qu'il voulut voir.
sentence2phrase.train-travel-74-2,dégoût pour la tour Eiffel
sentence2phrase.train-travel-75-1,Les moines cisterciens ont protesté qu'une structure aussi somptueuse était une insulte à la vertu divine de la pauvreté  et aujourd'hui  les puristes de l'architecture trouvent encore Notre-Dame un peu « trop ».
sentence2phrase.train-travel-75-2,ordres religieux
sentence2phrase.train-idiomatic-76-1,J'ai nettoyé le sol de la cuisine pour qu'il soit impeccable.
sentence2phrase.train-idiomatic-76-2,amis haut placés
sentence2phrase.train-idiomatic-77-1,John Major a été décrit par ses adversaires comme un conservateur pur et dur.
sentence2phrase.train-idiomatic-77-2,attaques des politiciens libéraux
sentence2phrase.train-idiomatic-78-1,Mère et père ont appris à conduire une voiture avec un 3 sur l'arbre.
sentence2phrase.train-idiomatic-78-2,automobile à transmission manuelle
sentence2phrase.train-idiomatic-79-1,Quel genre d’idée farfelue et farfelue est-ce ?
sentence2phrase.train-idiomatic-79-2,propositions d'action
sentence2phrase.train-idiomatic-80-1,Il a donné une explication ironique de la raison pour laquelle le ciel était bleu  proposant une théorie sur une remise primordiale sur la peinture bleu clair.
sentence2phrase.train-idiomatic-80-2,expliquer la science de manière ludique
sentence2phrase.train-idiomatic-81-1,Mes efforts ces derniers temps ont été sporadiques  pas soigneusement planifiés.
sentence2phrase.train-idiomatic-81-2,travailler pour le mieux
sentence2phrase.train-idiomatic-82-1,La fenêtre cassée et les pots de fleurs renversés indiquaient que quelque chose n'allait pas.
sentence2phrase.train-idiomatic-82-2,des indices d'effraction
sentence2phrase.train-idiomatic-83-1,Nous travaillons à contre-courant ici  si vous essayez de réduire le nombre et que j'essaie de l'augmenter.
sentence2phrase.train-idiomatic-83-2,augmentations et diminutions contradictoires
sentence2phrase.train-idiomatic-84-1,Ne voulant pas révéler où elle avait obtenu le cadeau  sa mère a dû étendre un peu la vérité.
sentence2phrase.train-idiomatic-84-2,un cadeau caché dans le placard
sentence2phrase.train-idiomatic-85-1,C'est un cueilleur de nez.
sentence2phrase.train-idiomatic-85-2,un jeune homme grossier
sentence2phrase.train-idiomatic-86-1,L’approche de l’autruche en matière d’environnementalisme améliore rarement les choses.
sentence2phrase.train-idiomatic-86-2,ignorer le problème
sentence2phrase.train-idiomatic-87-1,Lorsque l’alarme incendie s’est déclenchée  c’était la mêlée.
sentence2phrase.train-idiomatic-87-2,chaos total dû à l'alarme incendie
sentence2phrase.train-idiomatic-88-1,Les 24 heures de couverture télévisée des élections américaines ont frôlé l'exagération.
sentence2phrase.train-idiomatic-88-2,couverture incessante des élections
sentence2phrase.train-idiomatic-89-1,La police a été informée d'un récent braquage de banque.
sentence2phrase.train-idiomatic-89-2,des indices sur qui était responsable d'un vol
sentence2phrase.train-idiomatic-90-1,Après des heures de travail ahurissant à trier des centaines de formes presque identiques  il devait s'arrêter et faire autre chose.
sentence2phrase.train-idiomatic-90-2,paperasse de bureau
sentence2phrase.train-idiomatic-91-1,C'est comme une taupe : dès que vous en réparez une  une autre apparaît.
sentence2phrase.train-idiomatic-91-2,un flux constant de nouveaux problèmes
sentence2phrase.train-idiomatic-92-1,Elle est très populaire et douée pour les chiffres  donc je m'attends à ce qu'elle soit une candidate idéale pour le poste de trésorière.
sentence2phrase.train-idiomatic-92-2,apprécié et financièrement avisé
sentence2phrase.train-idiomatic-93-1,C'est vraiment un mélange entre la jupe rouge à rayures bleues et la jupe bleue à rayures rouges.
sentence2phrase.train-idiomatic-93-2,une décision difficile quant à la jupe à choisir
sentence2phrase.train-idiomatic-94-1,Quand je vois cette maison bizarre  j'ai des ennuis.
sentence2phrase.train-idiomatic-94-2,j'ai des frissons dans le dos en voyant cette maison effrayante
sentence2phrase.train-idiomatic-95-1,une approche frontale d’un problème.
sentence2phrase.train-idiomatic-95-2,contourner le problème
sentence2phrase.train-idiomatic-96-1,L'équipe adverse a été si durement battue qu'elle est sortie directement du match la queue entre les jambes et a complètement évité les vestiaires.
sentence2phrase.train-idiomatic-96-2,éviter une humiliation supplémentaire en rentrant immédiatement chez soi
sentence2phrase.train-idiomatic-97-1,L'histoire décrivait la montre-bracelet du personnage principal avec des détails ahurissants.
sentence2phrase.train-idiomatic-97-2,trotteuse sur la montre
sentence2phrase.train-idiomatic-98-1,Nous sommes entièrement d’accord et il n’y a pas de lumière du jour entre nous sur la question.
sentence2phrase.train-idiomatic-98-2,accord complet
sentence2phrase.train-idiomatic-99-1,Il a une entorse à la cheville et son état est au jour le jour.
sentence2phrase.train-idiomatic-99-2,augmentation des blessures liées au sport
sentence2phrase.train-idiomatic-100-1,Madrid a dû garder un œil sur ses canons lâches après le match pour éviter de nouvelles pénalités suite à des combats de joueurs.
sentence2phrase.train-idiomatic-100-2,des joueurs enclins à la violence
sentence2phrase.train-idiomatic-101-1,Maintenant  place à notre homme à Tokyo pour un rapport sur le terrain.
sentence2phrase.train-idiomatic-101-2,Mises à jour de l'actualité japonaise
sentence2phrase.train-idiomatic-102-1,Il a raconté étape par étape tout le voyage.
sentence2phrase.train-idiomatic-102-2,souvenir des événements
sentence2phrase.train-idiomatic-103-1,Faites quelques calculs au fond de l’enveloppe avant que tous les faits n’arrivent.
sentence2phrase.train-idiomatic-103-2,en attendant les derniers détails
sentence2phrase.train-idiomatic-104-1,Leur approche de la soupe aux noix nous a laissé peu de questions.
sentence2phrase.train-idiomatic-104-2,questions sur les dessins
sentence2phrase.train-idiomatic-105-1,L'un des quartiers les plus huppés de Paris.
sentence2phrase.train-idiomatic-105-2,sortir des sentiers battus
sentence2phrase.train-idiomatic-106-1,Ma femme prépare la meilleure petite tarte aux pommes du Texas.
sentence2phrase.train-idiomatic-106-2,marteau à la maison
sentence2phrase.train-idiomatic-107-1,Il l'a emmenée au parc où ils se sont rencontrés pour la première fois avant de lui poser la question.
sentence2phrase.train-idiomatic-107-2,bague de fiançailles
sentence2phrase.train-idiomatic-108-1,Les jolis yeux ont toujours été excitants.
sentence2phrase.train-idiomatic-108-2,yeux attrayants
sentence2phrase.train-idiomatic-109-1,Même s’ils sont toujours disponibles  je pense que nous aurions du mal à en trouver un à court terme.
sentence2phrase.train-idiomatic-109-2,briques et mortier
sentence2phrase.train-idiomatic-110-1,Il ne s’est jamais habitué aux aléas du débat politique.
sentence2phrase.train-idiomatic-110-2,discussion politique objective
sentence2phrase.train-idiomatic-111-1,Il a raconté une blague déplacée.
sentence2phrase.train-idiomatic-111-2,un mal dans le dos toute la nuit
sentence2phrase.train-idiomatic-112-1,Il est plutôt un loup solitaire  programmant toujours seul et parlant rarement aux autres de ce qu'il fait.
sentence2phrase.train-idiomatic-112-2,développement de logiciels par un seul individu
sentence2phrase.train-idiomatic-113-1,Elle m'a dit de demander à un tel  mais il ne le savait pas non plus.
sentence2phrase.train-idiomatic-113-2,demander à une personne spécifique
sentence2phrase.train-idiomatic-114-1,Tom Pitella est un fonceur et ne compte pas sur les autres pour lui prouver des choses dans le domaine des mathématiques.
sentence2phrase.train-idiomatic-114-2,résoudre lui-même des problèmes de mathématiques
sentence2phrase.train-idiomatic-115-1,Le contrat gouvernemental nous oblige à respecter des règles strictes.
sentence2phrase.train-idiomatic-115-2,sanctions en cas de violation du contrôle des exportations
sentence2phrase.train-idiomatic-116-1,Le placard peut être un endroit effrayant pour un adolescent gay.
sentence2phrase.train-idiomatic-116-2,cacher sa sexualité
sentence2phrase.train-idiomatic-117-1,Ils visent une clientèle plus aisée.
sentence2phrase.train-idiomatic-117-2,baleine d'un temps
sentence2phrase.train-idiomatic-118-1,Ce n'est pas votre réfrigérateur ordinaire ; vous trouverez les fonctionnalités supplémentaires qui valent bien le prix.
sentence2phrase.train-idiomatic-118-2,haut et sec
sentence2phrase.train-idiomatic-119-1,Je préparais un gâteau mais quand j'ai ajouté trop de sucre  c'est devenu le bouleversement de ma carrière de cuisinier.
sentence2phrase.train-idiomatic-119-2,la pire erreur de cuisine que j'ai faite
sentence2phrase.train-idiomatic-120-1,Le rêve humide du streaker était d'être à la télévision les fesses nues un jour de pluie.
sentence2phrase.train-idiomatic-120-2,meilleur scénario personnel
sentence2phrase.train-idiomatic-121-1,Il a fait quelques remarques spontanées avant de se lancer dans son discours préparé.
sentence2phrase.train-idiomatic-121-2,précipité dans une émeute
sentence2phrase.train-idiomatic-122-1,L’obtention d’un financement était une question de vie ou de mort pour la recherche.
sentence2phrase.train-idiomatic-122-2,travail d'amour
sentence2phrase.train-idiomatic-123-1,Le terme Black sanctus était à l'origine anglicisé du latin.
sentence2phrase.train-idiomatic-123-2,la vulgate latine
sentence2phrase.train-idiomatic-124-1,Mon patron  un esclavagiste  s'attend à ce que je travaille le week-end – quel casse-couilles !
sentence2phrase.train-idiomatic-124-2,travail peu attrayant le week-end
sentence2phrase.train-idiomatic-125-1,Pour nous  cela a été une véritable impasse ; quand on a le temps de prendre des vacances  on n'a pas assez d'argent et quand on a assez d'argent  on n'a pas le temps.
sentence2phrase.train-idiomatic-125-2,le temps et l'argent nécessaires pour les vacances
sentence2phrase.train-idiomatic-126-1,Pas étonnant que ça ne marche pas. L’ensemble du design est à l’envers.
sentence2phrase.train-idiomatic-126-2,conçu par le comité
sentence2phrase.train-idiomatic-127-1,L'homme politique a été énervé par les interrogatoires rapides du journaliste.
sentence2phrase.train-idiomatic-127-2,un reportage de dernière heure par 60 Minutes
sentence2phrase.train-idiomatic-128-1,Le Congrès se réunit fréquemment à huis clos pour éviter l'examen public de son processus de négociation.
sentence2phrase.train-idiomatic-128-2,le congrès esquive les critiques grâce à des réunions secrètes
sentence2phrase.train-idiomatic-129-1,Il lui a envoyé des fleurs dans un ultime effort pour l'empêcher de partir.
sentence2phrase.train-idiomatic-129-2,des fleurs pour un être cher
sentence2phrase.train-idiomatic-130-1,Son état de contact et de départ a gardé sa femme à l'hôpital pendant des jours.
sentence2phrase.train-idiomatic-130-2,santé précaire
sentence2phrase.train-idiomatic-131-1,Il préférait la clarté de la science et laissait les choses délicates aux autres.
sentence2phrase.train-idiomatic-131-2,attrait pour la recherche en sciences cognitives
sentence2phrase.train-idiomatic-132-1,Il a passé toute la journée sur sa tribune à propos du nouvel entraîneur de football.
sentence2phrase.train-idiomatic-132-2,se plaindre de l'entraîneur
sentence2phrase.train-idiomatic-133-1,Le tremblement de terre a laissé les habitants dans une situation difficile.
sentence2phrase.train-idiomatic-133-2,au-delà de ses rêves les plus fous
sentence2phrase.train-idiomatic-134-1,Je déteste cette ville pauvre  polluée et ignorante !
sentence2phrase.train-idiomatic-134-2,le pouvoir derrière le trône
sentence2phrase.train-idiomatic-135-1,Ce geek au cou crayon ne va pas m'arrêter.
sentence2phrase.train-idiomatic-135-2,les yeux derrière la tête
sentence2phrase.train-idiomatic-136-1,Les médias ont publié un aperçu détaillé du procès tel qu'il s'est déroulé.
sentence2phrase.train-idiomatic-136-2,rapports judiciaires extrêmement détaillés
sentence2phrase.train-idiomatic-137-1,Ils nous ont pris au dépourvu.
sentence2phrase.train-idiomatic-137-2,jouer du violon pendant que Rome brûle
sentence2phrase.train-idiomatic-138-1,Nous sommes condamnés si ce petit singe sursauté obtient la bénédiction de Gordon Smith.
sentence2phrase.train-idiomatic-138-2,mauvaise planification
sentence2phrase.train-idiomatic-139-1,Elle a la peau plutôt fine lorsqu'il s'agit de commentaires sur son travail.
sentence2phrase.train-idiomatic-139-2,critique constructive
sentence2phrase.train-cqa-140-1,Un mauvais registre peut-il empêcher les liens de fonctionner et les « nettoyeurs » peuvent-ils causer tous les problèmes ?
sentence2phrase.train-cqa-140-2,problèmes avec le registre Windows
sentence2phrase.train-cqa-141-1,Des sites Web sur lesquels si je tape quelque chose  il le dira à haute voix  mais avec des accents différents ?
sentence2phrase.train-cqa-141-2,entendre des accents différents pour le même morceau de texte
sentence2phrase.train-cqa-142-1,Quelqu'un connaît-il de bons sites pour écouter de la musique gratuitement autre qu'une playlist ?
sentence2phrase.train-cqa-142-2,sites de musique gratuits
sentence2phrase.train-cqa-143-1,Est-ce que ça coûte quelque chose de publier une vente sur eBay ?
sentence2phrase.train-cqa-143-2,plusieurs articles à vendre
sentence2phrase.train-cqa-144-1,CONNECTÉ À INTERNET  MAIS LA NAVIGATION À PARTIR D'EXPLORER NE FONCTIONNE PAS - aide s'il vous plaît !?
sentence2phrase.train-cqa-144-2,problèmes de connexion à internet
sentence2phrase.train-cqa-145-1,quand je visite certains sites Web  il est dit "désolé  ce site Web n'est pas disponible pour votre pays". Je viens d'Inde  que faire ?
sentence2phrase.train-cqa-145-2,blocage de sites Web par pays
sentence2phrase.train-cqa-146-1,Comment savoir si l’article que nous écrivons est original ou non ?
sentence2phrase.train-cqa-146-2,mesurer l'originalité de l'écriture
sentence2phrase.train-cqa-147-1,Qu'est-ce qu'un site de musique qui ne sera pas bloqué dans les écoles ?
sentence2phrase.train-cqa-147-2,blocages sur la plupart des sites de musique en streaming
sentence2phrase.train-cqa-148-1,Comcast Internet fonctionne  puis ne fonctionne pas  puis fonctionne  puis ne fonctionne pas .. ?
sentence2phrase.train-cqa-148-2,Fournisseur Internet Comcast
sentence2phrase.train-cqa-149-1,Pouvez-vous me donner votre avis pour améliorer mon blog ?
sentence2phrase.train-cqa-149-2,améliorations de mon blog
sentence2phrase.train-cqa-150-1,Quelle est la meilleure façon de promouvoir votre site d’hébergement Web ?
sentence2phrase.train-cqa-150-2,publicités ou bouche à oreille
sentence2phrase.train-cqa-151-1,Est-il impoli de demander une offre inférieure sur eBay ?
sentence2phrase.train-cqa-151-2,Internet Explorer 8
sentence2phrase.train-cqa-152-1,Est-il illégal de télécharger des émissions de télévision japonaises/coréennes/taïwanaises au Royaume-Uni ?
sentence2phrase.train-cqa-152-2,la légalité du téléchargement d'émissions de télévision asiatiques
sentence2phrase.train-cqa-153-1,Je continue d'être redirigé vers d'autres sites lorsque j'ouvre mon navigateur ?
sentence2phrase.train-cqa-153-2,problèmes avec la redirection du navigateur vers des sites lors de son ouverture
sentence2phrase.train-cqa-154-1,Quel est le meilleur navigateur à utiliser : Mozilla Firefox ou Internet Explorer ?
sentence2phrase.train-cqa-154-2,préférence pour Opera
sentence2phrase.train-cqa-155-1,Impossible d'accéder au site Web  quelqu'un pourrait-il m'aider à l'insérer ?
sentence2phrase.train-cqa-155-2,soumission de formulaires Web
sentence2phrase.train-cqa-156-1,Un virus/cheval de Troie/enregistreur de frappe peut-il ect. corrompu ou entrer dans ma connexion ?
sentence2phrase.train-cqa-156-2,un programme malveillant modifiant les paramètres de mon ordinateur
sentence2phrase.train-cqa-157-1,Pourquoi puis-je télécharger des torrents correctement  mais les pages Internet ne se chargent pas correctement (voire pas du tout) ?
sentence2phrase.train-cqa-157-2,problèmes pour afficher les pages Web mais pas pour télécharger des torrents
sentence2phrase.train-cqa-158-1,Comment restaurer des sites Web précédents dans la barre d’adresse de Firefox ?
sentence2phrase.train-cqa-158-2,restaurer l'historique du navigateur Firefox
sentence2phrase.train-cqa-159-1,J'ai vendu un article sur eBay et l'argent est allé sur mon compte Paypal  maintenant je veux l'utiliser pour payer un DVD que j'ai apporté ?
sentence2phrase.train-cqa-159-2,ordinateur portable sans fil
sentence2phrase.train-cqa-160-1,Quels sont les sites de partage de photos sur lesquels les gens peuvent vous payer pour télécharger vos photos ?
sentence2phrase.train-cqa-160-2,photographe amateur avec un bel appareil photo
sentence2phrase.train-cqa-161-1,Si mon ami possède une webcam  puis-je quand même passer un « appel vidéo » avec lui si j'ai un compte Skype  mais pas de webcam ?
sentence2phrase.train-cqa-161-2,discuter en vidéo avec un ami
sentence2phrase.train-cqa-162-1,comment puis-je obtenir des informations sur l'emploi d'une personne que j'ai poursuivie en justice. Elle me doit de l'argent.
sentence2phrase.train-cqa-162-2,site internet où les adolescents peuvent se promener et discuter
sentence2phrase.train-cqa-163-1,DANS le navigateur Opera  j'ai essayé de changer la couleur en bleu mais il y a toujours des barres grises ?
sentence2phrase.train-cqa-163-2,changer les couleurs dans Opera
sentence2phrase.train-cqa-164-1,J'ai récemment bloqué un site via mon routeur  puis je l'ai débloqué. Pourquoi ne puis-je toujours pas y accéder ?
sentence2phrase.train-cqa-164-2,configuration du routeur
sentence2phrase.train-cqa-165-1,Comment puis-je gagner plus d’argent en tant que webcam girl ?
sentence2phrase.train-cqa-165-2,ce site qui ressemble à Twitter
sentence2phrase.train-cqa-166-1,Cette fille pourrait-elle mentir ou dit-elle vraiment la vérité ?
sentence2phrase.train-cqa-166-2,Bouton Acheter maintenant
sentence2phrase.train-cqa-167-1,Combien gagnent adultfriendfinder et virtuagirlhd et pourquoi leurs publicités sont-elles partout ?
sentence2phrase.train-cqa-167-2,revenus publicitaires pour les bannières publicitaires courantes
sentence2phrase.train-cqa-168-1,Lorsque je ferme une fenêtre Internet Explorer  toutes les autres fenêtres IE ouvertes sont fermées !?
sentence2phrase.train-cqa-168-2,fermeture des fenêtres du navigateur IE
sentence2phrase.train-cqa-169-1,Si j'achète quelque chose avec PayPal  comment l'achat apparaîtra-t-il sur mon relevé de carte de crédit ?
sentence2phrase.train-cqa-169-2,le nom complet du produit
sentence2phrase.train-cqa-170-1,J'ai un virus dont je ne peux pas me débarrasser....AIDE !!!!!?
sentence2phrase.train-cqa-170-2,un virus indémontable
sentence2phrase.train-cqa-171-1,Après la mise à niveau d'IE 6 vers IE 8  il semble que j'ai perdu mes favoris. Dans la barre d'outils  les favoris sont-ils grisés ?
sentence2phrase.train-cqa-171-2,perdre tous mes favoris après la mise à niveau vers IE8
sentence2phrase.train-cqa-172-1,Pourquoi je ne parviens pas à me connecter au Web à l'aide d'un navigateur  mais je peux me connecter à l'aide de l'icône Poste de travail ?
sentence2phrase.train-cqa-172-2,problèmes de connexion à Internet
sentence2phrase.train-cqa-173-1,Existe-t-il un site Internet pour gagner de l'argent en travaillant à la maison ?
sentence2phrase.train-cqa-173-2,guide pour le travail indépendant
sentence2phrase.train-cqa-174-1,Quelqu'un a-t-il déjà utilisé HappyBidders et gagné quelque chose auparavant  est-ce une arnaque ou non. www.happybidders.com ?
sentence2phrase.train-cqa-174-2,véracité des revendications de prix happybidders
sentence2phrase.train-cqa-175-1,Pourquoi n'ont-ils pas un abonnement premium de six mois sur deviantART ?
sentence2phrase.train-cqa-175-2,absence d'abonnement premium deviantART de six mois
sentence2phrase.train-cqa-176-1,Comment puis-je attirer plus de visiteurs sur mon site Web ?
sentence2phrase.train-cqa-176-2,publicités ou bouche à oreille
sentence2phrase.train-cqa-177-1,Où puis-je trouver des films torrent de petite taille (environ 1 Go) ?
sentence2phrase.train-cqa-177-2,télécharger des films avec une petite taille de fichier
sentence2phrase.train-cqa-178-1,Quel est le site Web qui répertorie les numéros de téléphone des entreprises afin que vous ne soyez pas en attente ?
sentence2phrase.train-cqa-178-2,Fournisseurs de services d'hébergement de serveurs avec WordPress
sentence2phrase.train-cqa-179-1,Comment puis-je me débarrasser des sections « Favoris » et « Historique » dans la barre d'adresse d'Internet Explorer ?
sentence2phrase.train-cqa-179-2,effacer les informations dans la barre d'adresse d'IE
sentence2phrase.train-cqa-180-1,dois-je avoir Paypal pour acheter quelque chose sur eBay ?
sentence2phrase.train-cqa-180-2,condition requise pour utiliser PayPal
sentence2phrase.train-cqa-181-1,Si vous avez 2 mûres  devez-vous payer la double connexion Internet ?
sentence2phrase.train-cqa-181-2,Conditions d'utilisation du ATT
sentence2phrase.train-cqa-182-1,Existe-t-il un site sur lequel vous pouvez annoncer des produits faisant l'objet d'enchères gratuites ?
sentence2phrase.train-cqa-182-2,articles publicitaires en ligne
sentence2phrase.train-cqa-183-1,COMMENT PASSER DES APPELS VERS DES TÉLÉPHONES MOBILES ET TERRES À L'AIDE D'INTERNET LARGE BANDE ?
sentence2phrase.train-cqa-183-2,Téléphone VoIP
sentence2phrase.train-cqa-184-1,Comment transférer votre bibliothèque iTunes vers un autre disque (comme un disque dur externe) ?
sentence2phrase.train-cqa-184-2,liste de procurations à utiliser à l'école
sentence2phrase.train-cqa-185-1,Quel est le nom de ce site Web qui ressemble à Twitter ?
sentence2phrase.train-cqa-185-2,un blocage sur Twitter dans mon pays
sentence2phrase.train-cqa-186-1,Formspring met-il parfois un certain temps à publier vos réponses ?
sentence2phrase.train-cqa-186-2,prix des casiers
sentence2phrase.train-cqa-187-1,Pouvez-vous acheter directement sur Ebay ou devez-vous toujours faire une enchère ?
sentence2phrase.train-cqa-187-2,Enchères sur eBay ou achat
sentence2phrase.train-cqa-188-1,N'utilisons-nous pas Internet parce que nous ne voulons pas voir de publicités ?
sentence2phrase.train-cqa-188-2,éviter les publicités
sentence2phrase.train-cqa-189-1,où puis-je faire une recherche inversée de numéro de téléphone 100% GRATUITE et DISCRÈTE ?
sentence2phrase.train-cqa-189-2,un numéro inconnu qui a appelé mon téléphone
sentence2phrase.train-cqa-190-1,savez-vous maintenant où je peux regarder des films plus anciens gratuitement en ligne sans téléchargement ?
sentence2phrase.train-cqa-190-2,diffuser des films vintage gratuitement
sentence2phrase.train-cqa-191-1,comment puis-je regarder une émission limitée à un certain pays ?
sentence2phrase.train-cqa-191-2,situé au Royaume-Uni
sentence2phrase.train-cqa-192-1,Comment puis-je faire disparaître cette boîte de grossissement ?
sentence2phrase.train-cqa-192-2,2 enfants dans un bac à sable
sentence2phrase.train-cqa-193-1,Pourquoi est-ce que je reçois des référents sur WordPress à partir de liens Facebook aléatoires ?
sentence2phrase.train-cqa-193-2,meilleure réponse meilleurs points
sentence2phrase.train-cqa-194-1,comment puis-je récupérer le texte dans la zone de texte après avoir accidentellement appuyé sur le bouton Retour !!!?
sentence2phrase.train-cqa-194-2,restaurer le texte de la zone de texte après avoir changé de page
sentence2phrase.train-cqa-195-1,Où puis-je trouver sur Internet une vidéo non mise en scène d'une fille dansant et se déshabillant sur une table de bar ?
sentence2phrase.train-cqa-195-2,vidéos de strip-tease sur une table de bar
sentence2phrase.train-cqa-196-1,Pourquoi est-ce que quelqu'un me bat toujours pour répondre en premier ?
sentence2phrase.train-cqa-196-2,des photos de ce à quoi ressembleraient les gens du sexe opposé
sentence2phrase.train-cqa-197-1,Je viens de vendre quelque chose sur eBay et je ne sais plus quoi faire ensuite ?
sentence2phrase.train-cqa-197-2,que faire après avoir vendu un article
sentence2phrase.train-cqa-198-1,Quel est le meilleur et le plus sûr endroit pour créer un compte de messagerie pour mon adolescent de 14 ans ?
sentence2phrase.train-cqa-198-2,partout où je vais en ligne
sentence2phrase.train-cqa-199-1,Paypal me fait-il payer immédiatement lorsque j'envoie de l'argent ?
sentence2phrase.train-cqa-199-2,timing des actions de PayPal
sentence2phrase.train-cqa-200-1,Existe-t-il vraiment une recherche inversée de téléphone gratuite ?
sentence2phrase.train-cqa-200-2,recherche inversée de téléphone
sentence2phrase.train-cqa-201-1,Quel serait mon meilleur pari pour survivre à une attaque de rapace ?
sentence2phrase.train-cqa-201-2,fuir pour sauver ma vie ou me battre
sentence2phrase.train-cqa-202-1,Quand aura lieu le lancement de Lockerz et à quoi ressemblera-t-il ?
sentence2phrase.train-cqa-202-2,prix de retour en stock
sentence2phrase.train-cqa-203-1,Est-ce que quelqu'un connaît un site Web qui propose une liste de toutes les fleurs qu'il possède ?
sentence2phrase.train-cqa-203-2,liste de toutes les fleurs disponibles sur un site Internet
sentence2phrase.train-cqa-204-1,existe-t-il un site Web sur lequel je peux créer une créature ?
sentence2phrase.train-cqa-204-2,sites Web de conception créative
sentence2phrase.train-cqa-205-1,Quel est le meilleur convertisseur vidéo GRATUIT EN LIGNE qui fonctionne réellement ?
sentence2phrase.train-cqa-205-2,diffusion en ligne
sentence2phrase.train-cqa-206-1,est-ce que quelqu'un connaît un filtre tante qui fonctionne sur Mozilla Firefox 3.6 ?
sentence2phrase.train-cqa-206-2,détacher le plug-in du navigateur de filtre
sentence2phrase.train-cqa-207-1,Comment prendre des photos de vous et de votre interlocuteur sur Skype ?
sentence2phrase.train-cqa-207-2,Super expédition gratuite Amazon
sentence2phrase.train-cqa-208-1,Comment puis-je faire en sorte qu'un nouvel onglet dans Firefox ne s'ouvre PAS comme dernier onglet ?
sentence2phrase.train-cqa-208-2,Préférences de l'onglet Firefox
sentence2phrase.train-cqa-209-1,Qu’est-ce qu’un proxy et comment s’en débarrasser ?
sentence2phrase.train-cqa-209-2,sites peu connus
sentence2phrase.train-cqa-210-1,Je ne parviens pas à envoyer du courrier depuis mon autre adresse vers une adresse Yahoo ?
sentence2phrase.train-cqa-210-2,adresse email bloquée
sentence2phrase.train-cqa-211-1,Sur Twitter  si vous répondez à un tweet publié par sum1  vous suivez  voient-ils votre réponse s'ils ne vous suivent pas ?
sentence2phrase.train-cqa-211-2,sans que les fichiers soient réellement sur mon ordinateur
sentence2phrase.train-cqa-212-1,Pourquoi Verizon DSL n'offre-t-il pas de remises promotionnelles aux clients actuels ?
sentence2phrase.train-cqa-212-2,Remises promotionnelles Verizon
sentence2phrase.train-cqa-213-1,pouvez-vous payer des choses sur eBay avec plusieurs cartes ?
sentence2phrase.train-cqa-213-2,paiements par carte de crédit en ligne
sentence2phrase.train-cqa-214-1,www.listia.com est-il une arnaque  ou obtenez-vous vraiment ce que vous gagnez ?
sentence2phrase.train-cqa-214-2,prendre une éternité à charger
sentence2phrase.train-cqa-215-1,Comment puis-je obtenir mon rapport de crédit gratuit une fois par an ?
sentence2phrase.train-cqa-215-2,taux d'intérêt basés sur mes cotes de crédit
sentence2phrase.train-cqa-216-1,Combien de temps faut-il pour recevoir un paiement sur le compte Paypal lors d'une vente sur Ebay ?
sentence2phrase.train-cqa-216-2,contacter l'acheteur pour obtenir une preuve de paiement
sentence2phrase.train-cqa-217-1,Vous cherchez des conseils sur un vendeur eBayer qui m'envoie des boîtes vides ?
sentence2phrase.train-cqa-217-2,conseils sur les cartons vides envoyés par le vendeur eBay
sentence2phrase.train-cqa-218-1,Si je donne mon adresse à Points2shop  m'enverront-ils des choses que je n'ai pas demandées ?
sentence2phrase.train-cqa-218-2,seulement les cookies que vous voulez
sentence2phrase.train-cqa-219-1,Comment bloquer l'audio d'une publicité sur une page Web ?
sentence2phrase.train-cqa-219-2,couper le son
sentence2phrase.train-cqa-220-1,L'ordinateur indique qu'Internet fonctionne mais le DNS échoue sur chaque site Web que j'essaie ?
sentence2phrase.train-cqa-220-2,échec DNS constant
sentence2phrase.train-cqa-221-1,Comment regarder des vidéos sur Megavideo sans limite de durée ?
sentence2phrase.train-cqa-221-2,regarder des vidéos sur Megavideo
sentence2phrase.train-cqa-222-1,Les prix sur Lockerz diminuent-ils les points au fil du temps ou restent-ils les mêmes ?
sentence2phrase.train-cqa-222-2,valeur des points des prix Lockerz
sentence2phrase.train-cqa-223-1,Peut-on imprimer des photos Deviantart sur une imprimante si ce n'est pas une photo payante ?
sentence2phrase.train-cqa-223-2,imprimer des images Deviantart non payantes
sentence2phrase.train-cqa-224-1,comment supprimer cette erreur qui est une erreur du plugin Skype IE ?
sentence2phrase.train-cqa-224-2,configuration du plug-in Skype IE
sentence2phrase.train-cqa-225-1,Suggérez-moi une bonne connexion Internet sans fil avec une utilisation illimitée ?
sentence2phrase.train-cqa-225-2,fournisseur d'accès Internet sans fil illimité
sentence2phrase.train-cqa-226-1,Lorsque vous soumettez une meilleure offre sur Ebay  cela compte-t-il comme un achat immédiat ?
sentence2phrase.train-cqa-226-2,en attente de la fin de l'achat
sentence2phrase.train-cqa-227-1,Mon outil de recherche Twitter fonctionne avec IE mais pas avec Firefox ?
sentence2phrase.train-cqa-227-2,Outil de recherche Twitter
sentence2phrase.train-newswire-228-1,Ce n'est que cette année  après six ans de retard et sous l'énorme pression du gouvernement français  que la Commission a enfin proposé des indicateurs de bruit européens harmonisés.
sentence2phrase.train-newswire-228-2,Indicateurs de bruit européens harmonisés
sentence2phrase.train-newswire-229-1,Je pense que l'avenir de la pêche dans les eaux internationales dépend de ces organisations  et la Commission doit déployer tous les efforts possibles.
sentence2phrase.train-newswire-229-2,l'avenir de la pêche dans les eaux internationales dépend des organisations
sentence2phrase.train-newswire-230-1,La Commission considère que ces ajustements vont dans le bon sens vers la mise en place de systèmes de tarification plus équitables qui incitent également à une utilisation plus rationnelle et plus efficace du réseau routier.
sentence2phrase.train-newswire-230-2,sur le dos du contribuable
sentence2phrase.train-newswire-231-1,Je m'engage à garantir que les aliments dont disposent les consommateurs  qu'ils proviennent de l'Union européenne ou de l'extérieur de l'Union européenne  répondent aux normes les plus élevées.
sentence2phrase.train-newswire-231-2,une question épineuse
sentence2phrase.train-newswire-232-1,Si les perspectives financières ne sont pas révisées  nous nous retrouverons inévitablement dans une « ingénierie financière »  dans un redéploiement des ressources et dans des coupes  soit dans les dépenses générales  soit dans les dépenses sociales et environnementales  soit dans la coopération.
sentence2phrase.train-newswire-232-2,mesures préventives
sentence2phrase.train-newswire-233-1,J'informerai bien entendu le Président de ce que vous avez dit.
sentence2phrase.train-newswire-233-2,espionnage au sein du gouvernement
sentence2phrase.train-newswire-234-1,Nous disposons désormais d'un système harmonisé pour rédiger des documents de stratégie par pays et des programmes indicatifs de coopération dans tous les pays en développement.
sentence2phrase.train-newswire-234-2,un rythme soutenu
sentence2phrase.train-newswire-235-1,Les fonds d'indemnisation actuels ont été insuffisamment financés et cela n'a été que plus évident dans le cas de la catastrophe du Braer  où l'industrie de la pêche des îles Shetland n'a pas été suffisamment indemnisée pour ses pertes.
sentence2phrase.train-newswire-235-2,financement insuffisant après la catastrophe du Braer
sentence2phrase.train-newswire-236-1,Au paragraphe 26  il appelle par ailleurs à la création d'une organisation d'arbitrage international pour annuler les dettes des pays du Sud.
sentence2phrase.train-newswire-236-2,document énonçant la nécessité d'une organisation d'arbitrage international pour éliminer la dette du Sud
sentence2phrase.train-newswire-237-1,Nous avons entendu leurs justifications ainsi que la reprise des arguments industriels que nous avons entendus en commission.
sentence2phrase.train-newswire-237-2,convoqué pour un jury
sentence2phrase.train-newswire-238-1,Il est également regrettable qu'un grand nombre de programmes aient été placés dans la réserve dite de performance.
sentence2phrase.train-newswire-238-2,réserve de performance
sentence2phrase.train-newswire-239-1,Je suis sûr que les prisonniers politiques albanais seront également bientôt libérés.
sentence2phrase.train-newswire-239-2,un nombre considérable d'Albanais
sentence2phrase.train-newswire-240-1,Des pressions sont également venues hier soir de la part des milieux religieux lorsque trois évêques anglicans ont déclaré qu'il était temps pour leur ancien collègue de se retirer.
sentence2phrase.train-newswire-240-2,pression de trois évêques anglicans pour abdiquer
sentence2phrase.train-newswire-241-1,Je pense qu'il faudra certainement repenser la limite de responsabilité des sociétés de classification entre le Conseil et le Parlement  indépendamment de ce qui sera décidé aujourd'hui.
sentence2phrase.train-newswire-241-2,repenser les limites de responsabilité
sentence2phrase.train-newswire-242-1,À très long terme  l'obligation à 30 ans US30YT=RR a perdu 2/32 pour un rendement de 4 41 pour cent.
sentence2phrase.train-newswire-242-2,augmentant ses objectifs de ventes de puces vendredi
sentence2phrase.train-newswire-243-1,Monsieur le Président  j'ai le problème de M. Nicholson sous une forme encore plus aiguë.
sentence2phrase.train-newswire-243-2,dans le secteur politique
sentence2phrase.train-newswire-244-1,L'American Anglican Council  qui représente les conservateurs épiscopaliens  a déclaré qu'il demanderait l'autorisation de créer un groupe distinct en Amérique du Nord.
sentence2phrase.train-newswire-244-2,bataille pour les droits des homosexuels
sentence2phrase.train-newswire-245-1,C'est pourquoi je pense que la Commission a un rôle énorme à jouer en allant sur place et en encourageant les pêcheurs à se manifester  à coopérer et à proposer une solution sur laquelle nous pouvons tous être d'accord.
sentence2phrase.train-newswire-245-2,la coopération et le soutien de la commission à un accord avec les pêcheurs
sentence2phrase.train-newswire-246-1,IBM des États-Unis et Infineon Technologies d'Allemagne annonceront aujourd'hui un développement technologique qui pourrait menacer le marché des puces mémoire de plusieurs milliards de dollars.
sentence2phrase.train-newswire-246-2,une avancée technologique d'IBM et d'Infineon
sentence2phrase.train-newswire-247-1,Le Parlement doit être régulièrement consulté et informé des progrès réalisés  et c'est cette deuxième demande des rapporteurs que nous devons tous soutenir.
sentence2phrase.train-newswire-247-2,consultation d'avancement
sentence2phrase.train-newswire-248-1,Par exemple  en ce qui concerne notre aide aux pays méditerranéens  nous avons un retard budgétaire accumulé au fil de nombreuses années.
sentence2phrase.train-newswire-248-2,pays chauds avec une mauvaise budgétisation
sentence2phrase.train-newswire-249-1,Selon vous  quel sera l'impact sur le mouvement paralympique de la retransmission des Jeux en direct aux États-Unis pour la première fois ?
sentence2phrase.train-newswire-249-2,implications de la diffusion des jeux paralympiques aux États-Unis sur le mouvement paralympique.
sentence2phrase.train-newswire-250-1,Je pense que c'était une excellente déclaration politique  mais nous avons encore quelques problèmes ici.
sentence2phrase.train-newswire-250-2,des allégations politiques solides avec des problèmes
sentence2phrase.train-newswire-251-1,M. Holden a visité Northmoor  où entre 25 et 30 maisons ont été endommagées ou détruites et la mairie et le commissariat de police ont également été endommagés.
sentence2phrase.train-newswire-251-2,dégâts causés à des dizaines d'habitations ainsi qu'au commissariat et à la mairie
sentence2phrase.train-newswire-252-1,Comment peut-on même envisager de relancer ce partenariat sans résoudre au préalable le conflit ?
sentence2phrase.train-newswire-252-2,rupture de relation
sentence2phrase.train-newswire-253-1,En ce qui concerne MEDA  le Conseil a déclaré que les engagements ne constituent pas un problème en raison des huit années de retard dans les paiements.
sentence2phrase.train-newswire-253-2,assimiler le fait de devoir de l'argent à une dette
sentence2phrase.train-newswire-254-1,L'important maintenant est qu'un bon nombre de projets soient présentés dans le cadre des DOCUP  mais aussi  à côté de cette action de terrain  il faut considérer en profondeur les besoins spécifiques de chacune des régions ultrapériphériques en matière d'accès à la société de l'information.
sentence2phrase.train-newswire-254-2,mouvements populaires dans l’Amérique rurale
sentence2phrase.train-newswire-255-1,Le nouveau service devait être introduit sur les vols reliant Honolulu à Oakland  San Jose  Sacramento  Seattle  Phoenix  Fukuoka  Sendai  Séoul  Brisbane  Papeete et Pago Pago ; et Kahului avec San Jose  Oakland et Seattle.
sentence2phrase.train-newswire-255-2,vols nationaux et internationaux
sentence2phrase.train-newswire-256-1,Comme l'a déjà mentionné le commissaire Schreyer  le budget de cette année contient de nombreuses annonces politiques: la réorganisation de la politique agricole  de nouveaux programmes structurels  des mesures visant à assurer une meilleure mise en œuvre de la politique structurelle et des mesures destinées à donner suite aux décisions prises au sommet de Lisbonne pour créer une UE plus forte et plus compétitive et pour lutter contre l'exclusion sociale.
sentence2phrase.train-newswire-256-2,une entrave au bon fonctionnement du marché
sentence2phrase.train-newswire-257-1,Cela montre que  dans ce domaine plus que dans tout autre  nous avons une énorme responsabilité et que nous devons  me semble-t-il  étouffer toute fierté institutionnelle que nous pourrions avoir.
sentence2phrase.train-newswire-257-2,mettre de côté la fierté institutionnelle
sentence2phrase.train-newswire-258-1,À condition que le vendeur puisse toujours informer l'acheteur de la nature des marchandises et des limites des informations qui devraient être suffisantes.
sentence2phrase.train-newswire-258-2,fausse publicité
sentence2phrase.train-newswire-259-1,Branson a déclaré que sa préférence serait d'exploiter un service entièrement commercial sur les routes vers New York  la Barbade et Dubaï.
sentence2phrase.train-newswire-259-2,offices fédéraux
sentence2phrase.train-newswire-260-1,La chaîne Fox Movie a banni Charlie Chan.
sentence2phrase.train-newswire-260-2,interdire aux acteurs d'apparaître
sentence2phrase.train-newswire-261-1,Je reçois de manière fiable des rappels lorsque mon chien a besoin d'une vaccination  écrit Steinberg  de l'Université Johns Hopkins.
sentence2phrase.train-newswire-261-2,vacciner l'animal de la famille
sentence2phrase.train-newswire-262-1,Je voudrais également m'en prendre au Conseil en lui demandant pourquoi il n'avance pas sur l'article 24 du règlement financier.
sentence2phrase.train-newswire-262-2,banque en ligne
sentence2phrase.train-newswire-263-1,Les immigrants aux États-Unis en provenance d'Asie du Sud-Est et d'Inde ont des ratios de natalité hommes/femmes plus élevés que prévu  ce qui  selon les auteurs du rapport  est une sélection en partie délibérée du sexe basée sur les attitudes culturelles de leur pays d'origine.
sentence2phrase.train-newswire-263-2,taux de natalité aux États-Unis
sentence2phrase.train-newswire-264-1,Cela m'amène à la stratégie de notre groupe  car au cœur de notre conviction se trouve le souhait d'obtenir un bon rapport qualité-prix pour le citoyen européen.
sentence2phrase.train-newswire-264-2,stratégies ratées pour maintenir la valeur de l’euro dans cette crise
sentence2phrase.train-newswire-265-1,Et que pense-t-il de la position de M. Cem - le président en exercice n'a pas répondu ici - selon laquelle il ne peut y avoir de lien entre la question chypriote et la promotion du partenariat d'adhésion entre la Turquie et l'Union européenne ?
sentence2phrase.train-newswire-265-2,le président néglige de répondre à une question
sentence2phrase.train-newswire-266-1,Certains amendements  comme les numéros 1 et 18  traitent de questions qui concernent essentiellement le Royaume-Uni  et il faut dire que tous les groupes du Royaume-Uni  qu'ils soient socialistes  populaires ou verts  les ont soutenus avec véhémence et ils ont été approuvés par la commission de l'environnement.
sentence2phrase.train-newswire-266-2,Points de vue communs socialistes  populaires et verts.
sentence2phrase.train-newswire-267-1,La Cour  comme les autres années  n’a pas réussi à indiquer exactement où ces manquements se sont produits.
sentence2phrase.train-newswire-267-2,une gestion réussie des finances de l'UE
sentence2phrase.train-newswire-268-1,La question est : à qui ces étudiants doivent-ils s'adresser pour confirmer que  s'ils suivent ces cours et terminent leurs études en Grande-Bretagne  ils ont droit à des résultats ?
sentence2phrase.train-newswire-268-2,Des étudiants britanniques confirment que leurs diplômes donneront des résultats
sentence2phrase.train-newswire-269-1,Le site Internet du service d'information international Al Jazeera a été piraté mardi par un groupe identifié uniquement sous le nom d'Al-Rashedon.
sentence2phrase.train-newswire-269-2,piéger quatre personnes
sentence2phrase.train-newswire-270-1,Bank of America mène les plaintes du Consumer Financial Protection Bureau concernant les prêts hypothécaires.
sentence2phrase.train-newswire-270-2,hausse des hypothèques
sentence2phrase.train-newswire-271-1,Je n'aurais jamais pensé dire ça  mais Vin Diesel m'a presque manqué au début.
sentence2phrase.train-newswire-271-2,Le personnage du film Vin Diesel
sentence2phrase.train-newswire-272-1,L'événement comprend de toutes nouvelles attractions  notamment un spectacle de plongée en hauteur  une exposition sur une meute de loups et une exposition sur le Far West.
sentence2phrase.train-newswire-272-2,spectacle de loups hurlants
sentence2phrase.train-newswire-273-1,C'est la prérogative de ceux qui distribuent de l'argent de préciser les objectifs politiques et le commissaire l'a fait à plusieurs reprises.
sentence2phrase.train-newswire-273-2,le rôle du commissaire dans la distribution d'argent pour stipuler des objectifs politiques
sentence2phrase.train-newswire-274-1,De l’autre côté  nous avons les réseaux de communication qui ont besoin d’un approvisionnement constant en contenu pour remplir leurs pages web et qui ne voient rien de mal à subordonner le contenu  à le rançonner et à l’utiliser sans prêter une attention particulière aux règles de production.
sentence2phrase.train-newswire-274-2,remplir des pages Web avec du contenu
sentence2phrase.train-newswire-275-1,La politique budgétaire doit inspirer confiance au public dans la politique européenne.
sentence2phrase.train-newswire-275-2,confiance du public
sentence2phrase.train-newswire-276-1,Vous savez qu'il s'agit d'une décision délibérée prise à Amsterdam pour distinguer clairement les deux rôles  le haut représentant  contrairement à la Commission  ne parlant pas d'un point de vue totalement indépendant  mais chargé de coordonner les politiques étrangères et de sécurité communes qui relèvent de la compétence des États membres  et nous devrions peut-être laisser là une large place à une approche intergouvernementale.
sentence2phrase.train-newswire-276-2,une approche intergouvernementale à l’égard des politiques étrangères et de sécurité communes au sein des États membres
sentence2phrase.train-newswire-277-1,Charlie Chan s'est retiré de l'affaire pour Fox Movie Channel.
sentence2phrase.train-newswire-277-2,Chaîne de cinéma Fox
sentence2phrase.train-newswire-278-1,Les élections en Yougoslavie ont montré deux choses : que le peuple en a finalement assez du dictateur Milosevic et qu'il a confiance dans le professeur Kostunica.
sentence2phrase.train-newswire-278-2,faciliter l'accès au soutien et à l'information
sentence2phrase.train-newswire-279-1,Parallèlement  l'Union continue de fournir une aide matérielle substantielle aux deux pays à travers ses différents programmes  notamment son programme TACIS.
sentence2phrase.train-newswire-279-2,collaboration syndicale
sentence2phrase.train-newswire-280-1,Je voudrais moi aussi saluer l'intervention énergique et significative de M. Prodi.
sentence2phrase.train-newswire-280-2,L'intervention bienvenue de Prodi
sentence2phrase.train-newswire-281-1,Cela peut également permettre à la présidence du Conseil d'avoir des discussions avec les États membres en vue d'obtenir l'approbation du Conseil sur vos propositions et d'adopter le texte en première lecture  le cas échéant à la majorité qualifiée.
sentence2phrase.train-newswire-281-2,conversion des combustibles fossiles
sentence2phrase.train-newswire-282-1,Des dispositions relatives aux causes sociales  culturelles et caritatives doivent être incluses dans l'article 87 afin que l'avenir de ces institutions importantes puisse également être durablement assuré.
sentence2phrase.train-newswire-282-2,protection et valorisation des causes sociales  culturelles et caritatives
sentence2phrase.train-newswire-283-1,Au lieu de s'attaquer aux menaces les plus imminentes et les plus réelles - les terroristes internationaux - cette administration Bush a choisi de régler de vieux comptes  a déclaré Graham.
sentence2phrase.train-newswire-283-2,les terroristes internationaux  la menace à la sécurité la plus urgente et la plus valable
sentence2phrase.train-newswire-284-1,Cette initiative s'appuie sur un règlement du Conseil modifiant le règlement qui définit le SPG actuel.
sentence2phrase.train-newswire-284-2,Modification du règlement SPG actuel
sentence2phrase.train-newswire-285-1,Monsieur le Président  Monsieur le Commissaire  Mesdames et Messieurs  permettez-moi tout d'abord de dire que  en principe  je salue la proposition de la Commission de créer un fonds de compensation  même du point de vue de l'agriculture autrichienne.
sentence2phrase.train-newswire-285-2,de nombreuses rencontres avec la Russie à tous les niveaux
sentence2phrase.train-newswire-286-1,Ces actions reflètent notre forte dynamique alors que nous intensifions nos activités commerciales et travaillons pour atteindre la rentabilité »  a déclaré Katsumi Ihara  président de Sony Ericsson.
sentence2phrase.train-newswire-286-2,les détaillants J.C. Penney Co. Inc. et Walgreen Co.
sentence2phrase.train-newswire-287-1,La subvention européenne supplémentaire proposée dans le rapport de M. Garot serait  à mon avis  tout à fait déraisonnable dans une année comme celle-ci  où  avec l'Agenda 2000 et l'élargissement prochain à l'Europe centrale et orientale  nous devons réformer la politique agricole.
sentence2phrase.train-newswire-287-2,une commission d'enquête indépendante
sentence2phrase.train-newswire-288-1,Monsieur le Commissaire  Mesdames et Messieurs  telles sont les solutions préconisées par la commission de l'agriculture et du développement rural.
sentence2phrase.train-newswire-288-2,l'amendement de compromis
sentence2phrase.train-newswire-289-1,Mais nous aurons l’occasion de traverser tout cela.
sentence2phrase.train-newswire-289-2,temps démêlé
sentence2phrase.train-newswire-290-1,Mesdames et Messieurs  comme vous l'aurez sûrement remarqué  la dernière partie du discours du président de la Cour des comptes a été entachée par un malheureux bug qui s'est infiltré entre son discours et cette Assemblée.
sentence2phrase.train-newswire-290-2,des insectes malchanceux se font écraser
sentence2phrase.train-newswire-291-1,Estrada et Honasan ont nié toute implication dans l'échec de la rébellion militaire.
sentence2phrase.train-newswire-291-2,a coûté la vie à des dizaines de personnes
sentence2phrase.train-newswire-292-1,Peut-être qu'un peu de bon sens de l'Union européenne aidera à résoudre le problème et à donner à George Bush la place qui lui revient dans l'histoire : sa poubelle !
sentence2phrase.train-newswire-292-2,terrain de basket
sentence2phrase.train-newswire-293-1,La directive sur le contrôle par l'État du port vise à vérifier le respect des exigences internationales et non à introduire de nouvelles règles.
sentence2phrase.train-newswire-293-2,le respect des exigences
sentence2phrase.train-newswire-294-1,Cette approche rapide et ciblée  qui a abouti aux deux paquets « Erika » et à six propositions  a créé un énorme élan.
sentence2phrase.train-newswire-294-2,pas d'accès à l'apprentissage
sentence2phrase.train-newswire-295-1,En agissant ainsi au nom de la subsidiarité  l'Union se soustrait en réalité à une de ses responsabilités  comme elle l'a fait ces dernières semaines tant dans le nord de l'Italie qu'en Espagne.
sentence2phrase.train-newswire-295-2,le comportement entraînant une irresponsabilité avec les dépendances
sentence2phrase.train-newswire-296-1,La Commission voudrait avant tout souligner l'engagement que nous avons pris envers les citoyens européens pour assurer la protection des données personnelles traitées par les institutions européennes.
sentence2phrase.train-newswire-296-2,réformes internes
sentence2phrase.train-newswire-297-1,En effet  même si dès le traité de Rome il était fait référence aux départements français d'outre-mer  il a fallu attendre 1989 et le programme d'options spécifiques au caractère éloigné et insulaire de ces régions  les fameux programmes POSEI  pour que l'Union européenne reconnaisse enfin que la permanence et la combinaison des handicaps structurels affectant les régions ultrapériphériques justifiaient un traitement privilégié par rapport aux autres régions de la Communauté.
sentence2phrase.train-newswire-297-2,soins de spa comprenant des massages et des procédures de nettoyage du visage
sentence2phrase.train-newswire-298-1,Un amendement visant à supprimer ces protections a échoué par 186 voix contre 237.
sentence2phrase.train-newswire-298-2,échec de la suppression des protections
sentence2phrase.train-newswire-299-1,Nous y travaillons en commission  mais aucune décision n'a été prise à ce sujet cette semaine  Poul Nielson étant absent lors d'une visite dans les Balkans.
sentence2phrase.train-newswire-299-2,l'indécision du comité
sentence2phrase.train-newswire-300-1,En termes mesurables  la logique libérale s’oppose effectivement à un niveau élevé de sécurité maritime.
sentence2phrase.train-newswire-300-2, nature irrationnelle de la mer et précaution de sécurité logique
sentence2phrase.train-newswire-301-1,Le duc d'Édimbourg a manqué de nombreuses occasions royales alors qu'il se trouvait dans le bâtiment privé.
sentence2phrase.train-newswire-301-2,Notes de la ministre de la Justice Tzipi Livni sur l'Arabie Saoudite
sentence2phrase.train-newswire-302-1,Pourquoi les médias américains couvrent-ils si peu les Jeux paralympiques par rapport à d’autres sports ?
sentence2phrase.train-newswire-302-2,Le manque de couverture paralympique des médias américains
sentence2phrase.train-newswire-303-1,Je voudrais réitérer que l’action urgente sur laquelle vous insistez maintenant n’est pas nécessaire.
sentence2phrase.train-newswire-303-2,actions inutiles
sentence2phrase.train-newswire-304-1,Nous pourrons travailler sur tellement de choses sympas.
sentence2phrase.train-newswire-304-2,un travail amusant
sentence2phrase.train-newswire-305-1,Avant cela  la division était connue sous le nom de NASCAR Grand National Series.
sentence2phrase.train-newswire-305-2,la cérémonie de serment d'office
sentence2phrase.train-newswire-306-1,Les responsables irakiens insistent sur le fait que les attaques sont menées par des « étrangers » qui se glissent à Falloujah et attaquent la nuit.
sentence2phrase.train-newswire-306-2,attaques contre les marchés et la population de Falloujah
sentence2phrase.train-newswire-307-1,Dans son rapport adopté le 15 novembre  la Commission concluait que les aides au fonctionnement au titre du règlement 1540/98 n'avaient pas apporté de solution au problème des pratiques tarifaires sud-coréennes.
sentence2phrase.train-newswire-307-2,pas de solution aux problèmes de pratiques tarifaires de la Corée du Sud
sentence2phrase.train-newswire-308-1,Ramiro Zapata est le dernier des 25 militants des droits humains à être assassiné et  récemment  la presse colombienne a condamné le « Plan 100 » des groupes paramilitaires visant à tuer cent militants des droits humains.
sentence2phrase.train-newswire-308-2,la condamnation du « Plan 100 » des groupes paramilitaires colombiens visant à tuer une centaine de militants des droits de l'homme
sentence2phrase.train-newswire-309-1,Tant cette autorité alimentaire que les propositions législatives proposées  qui visent à garantir la sécurité alimentaire  recevront le soutien de cette Assemblée  Monsieur le Commissaire.
sentence2phrase.train-newswire-309-2,mauvaises conditions dans les ateliers clandestins
sentence2phrase.train-newswire-310-1,Cela peut également être considéré comme une question liée à la concurrence  dans la mesure où les marchandises hors taxes peuvent continuer à être vendues dans la partie sud de la Baltique sur la traversée entre Stockholm et Helsinki  alors qu'elles ne sont pas autorisées à être vendues sur le trajet entre Umeå et Vasa.
sentence2phrase.train-newswire-310-2,règlement sur la vente de marchandises hors taxes autour de la mer Baltique
sentence2phrase.train-newswire-311-1,Personne ne croira un mot de ce qu’il dit.
sentence2phrase.train-newswire-311-2,aucune crédibilité
sentence2phrase.train-newswire-312-1,Boîte noire  liste noire : nous sommes tout à fait d'accord sur tout cela  mais il y a encore quelques points sur lesquels je voudrais attirer votre attention.
sentence2phrase.train-newswire-312-2,liste interdite
sentence2phrase.train-newswire-313-1,Le responsable a précisé que l'enquête sera autorisée dès que « toutes les formalités seront remplies ».
sentence2phrase.train-newswire-313-2,enquête en cours sur des documents formels
sentence2phrase.train-newswire-314-1,Des aéroports comme Orly  Schiphol et Barcelone répondent déjà à des exigences strictes.
sentence2phrase.train-newswire-314-2,retards à l'aéroport
sentence2phrase.train-newswire-315-1,Il s'agit d'un barrage-poids qui retient les eaux grâce à leur masse.
sentence2phrase.train-newswire-315-2,hausse du prix du thé noir
sentence2phrase.train-newswire-316-1,Le point soulevé par l’honorable parlementaire est important.
sentence2phrase.train-newswire-316-2,sa structure institutionnelle et ses politiques
sentence2phrase.train-newswire-317-1,Jeter  qui s'est luxé l'épaule gauche lors d'une collision le 31 mars  a pris l'entraînement au bâton sur le terrain pour la première fois lundi.
sentence2phrase.train-newswire-317-2,la première fois à l'entraînement au bâton depuis la blessure
sentence2phrase.train-newswire-318-1,En 2002  le magazine Forbes estimait les revenus de Clancy à 47 8 millions de dollars.
sentence2phrase.train-newswire-318-2,Estimation du revenu de Clancy par le magazine Forbes
sentence2phrase.train-newswire-319-1,Elle devrait ainsi promouvoir la création de nouvelles organisations régionales  en commençant là où la Communauté est déjà présente  comme dans le Pacifique occidental et le Pacifique sud.
sentence2phrase.train-newswire-319-2,expansion communautaire de nouveaux organismes régionaux
sentence2phrase.train-newswire-320-1,Les dirigeants ont convenu d'un cadre de coopération Asie-Europe élargi et actualisé pour 2000  qui constitue le programme de travail pour la décennie à venir.
sentence2phrase.train-newswire-320-2,Expansion du cadre Asie-Europe
sentence2phrase.train-newswire-321-1,(Comme plus de 12 députés se sont levés  l'amendement oral n'a pas été retenu).
sentence2phrase.train-newswire-321-2,Vote du Parlement
sentence2phrase.train-newswire-322-1,Madame la Présidente  une série de catastrophes maritimes très médiatisées  impliquant notamment des pétroliers  ont frappé notre continent dans un passé récent.
sentence2phrase.train-newswire-322-2,accidents de navire
sentence2phrase.train-newswire-323-1,Le prince Philip  âgé de 92 ans  a été hospitalisé le 6 juin pour subir une intervention chirurgicale exploratoire à l'abdomen.
sentence2phrase.train-newswire-323-2,les risques internationaux du réchauffement climatique
sentence2phrase.train-newswire-324-1,Je voudrais également ajouter que ces deux textes portent notamment sur le renforcement du cadre pénal afin de lutter contre les réseaux organisés de facilitateurs.
sentence2phrase.train-newswire-324-2,crime organisé
sentence2phrase.train-newswire-325-1,Il faut rappeler que l’accord de pêche avec le Maroc est bien plus qu’un simple accord de pêche ; il le sait  si cet accord n'était pas conclu  compte tenu de son importance  ce fait pourrait cacher une détérioration des relations entre l'Union européenne et le Maroc.
sentence2phrase.train-newswire-325-2,Accords de pêche entre l'UE et le Maroc
sentence2phrase.train-newswire-326-1,Dans le cadre des pourparlers de paix entre Israël et l'Autorité nationale palestinienne  Israël a libéré mardi tôt dans la matinée 26 prisonniers palestiniens emprisonnés avant les accords d'Oslo de 1994 pour meurtre ou tentative de meurtre sur des Israéliens.
sentence2phrase.train-newswire-326-2,entreprise de ski
sentence2phrase.train-newswire-327-1,Le Tartan Day a été désigné comme jour férié par le Sénat américain  « National Tartan Day »  en 1998.
sentence2phrase.train-newswire-327-2,Fête nationale du tartan du Sénat américain  fondée en 1998
sentence2phrase.train-newswire-328-1,Dans le cas du premier cycle  Rehnquist a déclaré que l'utilisation de la race n'était pas « étroitement adaptée » pour répondre à l'intérêt affirmé de l'université pour la diversité.
sentence2phrase.train-newswire-328-2,craintes d'un nouveau ralentissement du marché.
sentence2phrase.train-newswire-329-1,Mais un juge de l'État a statué que les protections dites de « double incrimination » ne s'appliquaient pas dans cette affaire.
sentence2phrase.train-newswire-329-2,inapplicabilité des dispositions relatives à la double incrimination
sentence2phrase.train-newswire-330-1,Je pense que cela nous a rappelé  en Europe  le rôle important que nous avons en Asie  pas seulement en termes économiques et commerciaux  même s'il faut reconnaître que l'une des raisons de la reprise en Asie est que nous avons tenu notre promesse de maintenir nos marchés ouverts aux exportations asiatiques au cours des deux dernières années.
sentence2phrase.train-newswire-330-2,commerce de marché entre les continents
sentence2phrase.train-newswire-331-1,Les chefs de gouvernement ont également confirmé la détermination de l'Union à accompagner ce processus par une assistance technique et économique.
sentence2phrase.train-newswire-331-2,Accompagnement en économie
sentence2phrase.train-newswire-332-1,Juste de l'autre côté d'une rivière  Saint-Joseph abrite des restaurants branchés  des boutiques  des bureaux et un front de mer pittoresque.
sentence2phrase.train-newswire-332-2,les quatre pages de la Constitution
sentence2phrase.train-newswire-333-1,Il souhaite que la présidence trace la voie à suivre à Nice.
sentence2phrase.train-newswire-333-2,Personne importante contrôlant Nice
sentence2phrase.train-newswire-334-1,La question posée offre donc à la présidence en exercice l'occasion de clarifier plusieurs points.
sentence2phrase.train-newswire-334-2,la Maison Blanche
sentence2phrase.train-newswire-335-1,Nous ne cherchons pas de boucs émissaires  ni dans nos institutions  ni dans nos États membres.
sentence2phrase.train-newswire-335-2,délicieux fromage de chèvre
sentence2phrase.train-newswire-336-1,C'est pourquoi  à mon avis  les amendements déposés par M. Bernd Lange sont si importants.
sentence2phrase.train-newswire-336-2,l'importance de M. Bernd Lange
sentence2phrase.train-newswire-337-1,En Europe  l'indice français CAC-40 a augmenté de 0 6 pour cent  l'indice britannique FTSE 100 a reculé de 0 02 pour cent et l'indice allemand DAX a progressé de 0 8 pour cent.
sentence2phrase.train-newswire-337-2,hausse des cours des actions
sentence2phrase.train-newswire-338-1,Dans le même esprit  lors du vote de la résolution sur l'embargo dans le cadre de la Troisième Commission de l'Assemblée générale des Nations Unies  réunie le 9 novembre 2000  nous avons lancé un appel aux autorités cubaines pour qu'elles coopèrent pleinement avec les organisations internationales de défense des droits de l'homme.
sentence2phrase.train-newswire-338-2,une campagne pour la défense internationale des droits de l'homme
sentence2phrase.train-newswire-339-1,pourrait être interprété comme le signe que la Grande-Bretagne n’est pas intéressée à créer un monde meilleur.
sentence2phrase.train-newswire-339-2,Le désintérêt de la Grande-Bretagne pour un monde meilleur
sentence2phrase.train-newswire-340-1,À Bletchley Park  Turing avait travaillé à briser le code Enigma utilisé par les nazis pendant la Seconde Guerre mondiale.
sentence2phrase.train-newswire-340-2,Accident de voiture d'Ossie Ardiles aux îles Falkland
sentence2phrase.train-newswire-341-1,L'un des trésors nationaux de l'Écosse  l'épée de William Wallace  a quitté l'Écosse pour la première fois en 700 ans.
sentence2phrase.train-newswire-341-2,L'épée écossaise  un trésor national
sentence2phrase.train-newswire-342-1,Un an ou deux plus tard  259  soit 10 pour cent  des jeunes ont déclaré avoir commencé à fumer ou avoir pris seulement quelques bouffées.
sentence2phrase.train-newswire-342-2,consommation de tabac léger chez les jeunes
sentence2phrase.train-newswire-343-1,Faisant suite au commentaire que Danielle Auroi faisait tout à l'heure au sujet des pays du Sud  j'ajouterai qu'il existe des estimations d'experts qui donnent des chiffres intéressants  par exemple une fourchette entre 50 et 250 milliards de dollars qui pourraient être récupérés par une taxe de type Tobin  alors que  dans le même temps  le PNUD [Programme des Nations Unies pour le développement] représente 40 milliards de dollars par an  ce qui suffirait à garantir des conditions de vie minimales aux centaines de millions de personnes démunies dans les pays du tiers monde.
sentence2phrase.train-newswire-343-2,des recettes fiscales couvrant le coût de la vie dans le tiers monde
sentence2phrase.train-newswire-344-1,Parallèlement à ce changement de nom  la compagnie aérienne a repensé son site Web et modifié le nom de chacune de ses classes de service.
sentence2phrase.train-newswire-344-2,nouveau site internet  nouvelles classifications
sentence2phrase.train-newswire-345-1,Toutefois  nous ne devons pas nous concentrer uniquement sur le Kosovo.
sentence2phrase.train-newswire-345-2,se concentrer sur le Kosovo
sentence2phrase.train-newswire-346-1,Je peux simplement souligner que la France et l'Allemagne - et je ne parle plus ici en tant que président en exercice du Conseil - ont soulevé ces questions lors d'un sommet bilatéral à Vittel la semaine dernière  où il a été décidé de constituer un groupe de travail afin de trouver une solution au problème.
sentence2phrase.train-newswire-346-2,Coopération européenne
sentence2phrase.train-newswire-347-1,L'équipe australienne  connue sous le nom de Steelers  est classée deuxième au monde.
sentence2phrase.train-newswire-347-2,classement des équipes n°2 mondiales des Steelers
sentence2phrase.train-newswire-348-1,Nous disposons d'une organisation commune de marché dans le secteur de la viande porcine et nous ne devrions pas commettre l'erreur de remettre en question l'actuelle organisation commune de marché dans le secteur de la viande porcine  qui  pour l'essentiel  fonctionne.
sentence2phrase.train-newswire-348-2,le manque de bonne volonté
sentence2phrase.train-newswire-349-1,Compte tenu de l’importance de la pêche pour les régions ultrapériphériques  je ne peux qu’en être attristé.
sentence2phrase.train-newswire-349-2,les 3 petits poissons  une chanson à succès des années 50
sentence2phrase.train-newswire-350-1,La guerre de l’OTAN a trop détruit et laissé trop de souffrances dans son sillage.
sentence2phrase.train-newswire-350-2,pompes financières gigantesques
sentence2phrase.train-newswire-351-1,Des centaines de milliers d’Iraniens auraient suivi la couverture des négociations pendant la nuit iranienne.
sentence2phrase.train-newswire-351-2,couverture des négociations
sentence2phrase.train-newswire-352-1,Cette stratégie a déjà été présentée par Joan Colom i Naval  vice-président chargé des bâtiments.
sentence2phrase.train-newswire-352-2,possibilités accrues d’agir
sentence2phrase.train-newswire-353-1,Pour l'instant  Madame la Présidente  je voudrais arrêter de parler et attendre que quelqu'un du Conseil vienne ici.
sentence2phrase.train-newswire-353-2,poursuite de la conversation avec le président
sentence2phrase.train-newswire-354-1,Je m'inquiète de la possibilité d'une défaillance générale de nombreuses machines et de nombreuses règles qui remettraient alors en question les décisions de la Chambre.
sentence2phrase.train-newswire-354-2,succès sans précédent des initiatives gouvernementales
sentence2phrase.train-newswire-355-1,La semaine prochaine  sur mon invitation  aura lieu en France une réunion de la Conférence européenne  c'est-à-dire une rencontre avec les pays candidats.
sentence2phrase.train-newswire-355-2,réunion de la Conférence européenne
sentence2phrase.train-newswire-356-1,Cette question deviendra d’autant plus pertinente à mesure que se rapprochera l’élargissement de l’UE vers l’Est.
sentence2phrase.train-newswire-356-2,Zodiaque chinois
sentence2phrase.train-newswire-357-1,Comme le sait l'honorable député de votre Assemblée  le dépôt d'une plainte n'a en soi aucune incidence sur l'avancement du projet.
sentence2phrase.train-newswire-357-2,le projet du propriétaire principal n'est pas concerné par les plaintes
sentence2phrase.train-newswire-358-1,Par exemple  pour la Finlande  il est d’une importance vitale que la Russie soit incluse dans ces accords.
sentence2phrase.train-newswire-358-2,La présence cruciale de la Russie dans les accords finlandais
sentence2phrase.train-newswire-359-1,Ayons le courage politique de nos ambitions écologiques.
sentence2phrase.train-newswire-359-2,courage politique pour promouvoir la protection de l'environnement
sentence2phrase.train-newswire-360-1,Je dois donc exprimer mon scepticisme quant au résultat.
sentence2phrase.train-newswire-360-2,scepticisme personnel
sentence2phrase.train-newswire-361-1,Une autre proposition importante que nous avons faite  qui revêtira une importance particulière dans le contexte du bruit des avions  est la création d'un indicateur de bruit supplémentaire en plus de ceux énumérés par le rapporteur.
sentence2phrase.train-newswire-361-2,avions créant un bruit fort
sentence2phrase.train-newswire-362-1,C'est un document que mon équipe et moi-même trouvons plein d'idées et de propositions  qui va au cœur des problématiques et n'esquive aucun des domaines de préoccupation des peuples des communautés ultrapériphériques.
sentence2phrase.train-newswire-362-2,maladie coronarienne
sentence2phrase.train-newswire-363-1,Le nombre d'Américains d'ascendance écossaise ou écossaise-irlandaise  selon le recensement américain de 2000  est d'environ 9 2 millions  soit 3 2 % de la population américaine.
sentence2phrase.train-newswire-363-2,Américains d'origine écossaise
sentence2phrase.train-newswire-364-1,. (EL) Nous ne parviendrons pas à assurer la sécurité en mer ni à protéger la vie humaine en mer et l'environnement sans remédier à l'irresponsabilité des armateurs  introduire des contrôles stricts sur l'état des navires  imposer de lourdes sanctions aux compagnies maritimes qui enfreignent les règles de sécurité  améliorer les temps de travail des marins  les former correctement et garantir que les équipages des navires répondent à leurs exigences accrues.
sentence2phrase.train-newswire-364-2,du haut jusqu'au fond de la mer - une responsabilité pour améliorer la sécurité.
sentence2phrase.train-newswire-365-1,Le chef des forces de défense  David Hurley  a également revendiqué le comportement professionnel des officiers du conseil d'administration et de la marine lors de la gestion des bateaux de réfugiés arrivant.
sentence2phrase.train-newswire-365-2,des centaines de bénévoles
sentence2phrase.train-newswire-366-1,Ces deux journées ont été chargées pour les gourous de la sécurité chargés d'assurer la sécurité de leurs entreprises.
sentence2phrase.train-newswire-366-2,Les actions des professionnels de l'informatique en sécurité
sentence2phrase.train-newswire-367-1,Le président n’a en aucun cas ordonné au Corps des Marines de changer notre couverture uniforme.
sentence2phrase.train-newswire-367-2,Uniformes du Corps des Marines
sentence2phrase.train-newswire-368-1,BEA Systems Inc. BEAS.O a annoncé jeudi que ses bénéfices au deuxième trimestre avaient augmenté de 28 pour cent  les revenus ayant augmenté légèrement plus que ce que Wall Street prévoyait  dans un contexte de contraction globale du marché des logiciels d'entreprise.
sentence2phrase.train-newswire-368-2,la coalition sortante des sociaux-démocrates
sentence2phrase.train-newswire-369-1,J'aimerais également avoir des réponses à la question de savoir quelle influence cela aurait sur la volatilité des marchés des changes  notamment quel serait l'effet d'une taxe de 0 1 pour mille sur les spéculateurs qui s'attendent à une dévaluation de l'ordre de 20 à 50 %.
sentence2phrase.train-newswire-369-2,l'effet des taxes sur la volatilité du marché des changes
sentence2phrase.train-newswire-370-1,L'American Film Institute l'a récemment nommée la plus grande légende féminine du cinéma.
sentence2phrase.train-newswire-370-2,meilleure actrice féminine
sentence2phrase.train-newswire-371-1,Je voudrais remercier M. Liikanen pour sa réponse très positive et excellente à tous égards.
sentence2phrase.train-newswire-371-2,merci pour une gentille réponse
sentence2phrase.train-newswire-372-1,La compagnie aérienne nationale fidjienne Air Pacific a officiellement repris son nom d'origine : Fiji Airways.
sentence2phrase.train-newswire-372-2,le retour officiel du nom original d'Air Pacific
sentence2phrase.train-newswire-373-1,Nous devrions examiner cela très attentivement et poursuivre ensuite la mise en œuvre des deux volets de l'approche combinée  à savoir l'établissement de valeurs limites pour les différentes sources de bruit  d'une part  et de normes de qualité pour les sources de bruit  d'autre part.
sentence2phrase.train-newswire-373-2,combiner les valeurs limites avec les normes de qualité des différentes sources de bruit
sentence2phrase.train-newswire-374-1,Cela s'applique à la fois aux exigences plus strictes en matière de conception des pétroliers  à de meilleures règles en matière de contrôle par l'État du port et au renforcement des règles sur les sociétés de classification qui en résulteront également.
sentence2phrase.train-newswire-374-2,améliorer la réglementation pour aider l’environnement
sentence2phrase.train-newswire-375-1,Je suis un peu plus satisfait de l’attitude du Conseil aujourd’hui qu’en juillet car  comme à de nombreuses reprises dans des situations de crise  l’Union européenne semble toujours être la dernière autorité à arriver sur la scène internationale et à faire entendre sa voix.
sentence2phrase.train-newswire-375-2,plus heureux de voir l'UE faire entendre sa voix au niveau international dans une situation critique
sentence2phrase.train-newswire-376-1,Afin d'honorer l'accord politique conclu avec le Conseil et le rapporteur pour permettre l'adoption du règlement en première lecture  la Commission rejette tous les autres amendements qui ne faisaient pas partie du rapport Paciotti adopté par la commission des libertés et des droits des citoyens  de la justice et des affaires intérieures  à l'exception de l'amendement 69 qui est une correction de l'amendement 41.
sentence2phrase.train-newswire-376-2,rejet et déception
sentence2phrase.train-newswire-377-1,Un panel de la 9e Cour d'appel des États-Unis a confirmé l'interdiction des armes d'assaut en Californie dans un jugement de 2 contre 1 en décembre dernier.
sentence2phrase.train-newswire-377-2,maintenir l'interdiction californienne des armes d'assaut
sentence2phrase.train-newswire-378-1,Le rapport adopté par le cabinet turc le 21 septembre comme programme de réforme contient plusieurs amendements prévus à la loi  comme l'inclusion de mesures dans le Code civil visant à renforcer l'égalité effective entre les hommes et les femmes dans les domaines social et éducatif  les moyens de mieux combattre la violence domestique en formant des juges spécialisés dans les affaires familiales et  enfin  des mesures pour empêcher les personnes ayant commis des crimes d'honneur de purger des peines réduites.
sentence2phrase.train-newswire-378-2,la nécessité d'une réhabilitation des criminels
sentence2phrase.train-newswire-379-1,Je ne comprends pas comment la Commission peut donner cette estimation dès février et le Conseil en juillet.
sentence2phrase.train-newswire-379-2,estimations déraisonnables et conseil intempestif
sentence2phrase.train-newswire-380-1,La tour du spectacle s'élève sur huit étages et les artistes tentent de plonger dans une piscine de seulement 9 5 pieds de profondeur.
sentence2phrase.train-newswire-380-2,barboter dans une pataugeoire
sentence2phrase.train-newswire-381-1,Troisièmement  lorsque nous discutons de dossiers de ce type  je pense qu'il apparaît clairement que nous ne faisons pas le lien entre notre approvisionnement en pétrole  d'une part  et le fait que nous continuons à utiliser des combustibles fossiles  d'autre part.
sentence2phrase.train-newswire-381-2,le lien entre le pétrole et les combustibles fossiles
sentence2phrase.train-newswire-382-1,Les fans de l'artiste ont rejoint ses pairs de l'industrie musicale dans un élan sur les réseaux sociaux  rendant hommage au chanteur new-yorkais.
sentence2phrase.train-newswire-382-2,appréciation des fans
sentence2phrase.train-newswire-383-1,Madame la Présidente  l'élargissement de l'Union européenne se profile et le rapport de la Cour des comptes ne laisse aucun doute sur le fait qu'il y a encore beaucoup de travail à faire dans les pays candidats également.
sentence2phrase.train-newswire-383-2,isoloir
sentence2phrase.train-newswire-384-1,Malgré ce qui a été convenu  je me demande parfois s'il est possible d'atteindre cet objectif dans le cadre des contraintes budgétaires existantes sans porter atteinte au budget agricole nécessaire à un secteur rural durable dans les États membres actuels.
sentence2phrase.train-newswire-384-2,propriétaires et actionnaires
sentence2phrase.train-newswire-385-1,Bien entendu  il est nécessaire d'établir un budget avec soin. Nous soutenons cette idée et ne devons pas tenter de la contourner.
sentence2phrase.train-newswire-385-2,être consciencieux du budget
sentence2phrase.train-newswire-386-1,J'aborderai cette question avec mes services une fois que les ressources budgétaires pour l'année prochaine seront claires.
sentence2phrase.train-newswire-386-2,des ressources budgétaires encore floues
sentence2phrase.train-newswire-387-1,Le problème qui me préoccupe principalement est que les petites entreprises ne disposent pas toujours de garanties suffisantes et d’une expérience commerciale éprouvée à offrir aux investisseurs.
sentence2phrase.train-newswire-387-2,rapports de crédit
sentence2phrase.train-newswire-388-1,La police a déclaré que les informations ayant mené à l'alerte étaient probablement une farce et que  si tel était le cas  elle avait l'intention de retrouver et de poursuivre le responsable.
sentence2phrase.train-newswire-388-2,poursuites policières contre des farceurs
sentence2phrase.train-newswire-389-1,Le seul pilote interrogé a requis l’anonymat.
sentence2phrase.train-newswire-389-2,une casquette de pilote
sentence2phrase.train-newswire-390-1,Personne ne sait vraiment ce qui s'est passé là-bas  à part moi et le garde  et je peux vous assurer que ce qu'il a dit ne s'est pas produit  a déclaré Kaye.
sentence2phrase.train-newswire-390-2,revenu médian des ménages
sentence2phrase.train-newswire-391-1,Ces informations doivent être mises à la disposition des autorités européennes  étatiques et portuaires  ainsi que du public intéressé.
sentence2phrase.train-newswire-391-2,tant en qualité qu'en quantité
sentence2phrase.train-newswire-392-1,SCO a déclaré avoir résilié le contrat de Sequent en raison d'un transfert inapproprié du code source et des méthodes de développement de l'entreprise vers Linux.
sentence2phrase.train-newswire-392-2,revendications de code propriétaire dans le noyau Linux
sentence2phrase.train-newswire-393-1,Les Suédois n'ont pas beaucoup célébré leur fête nationale  comparé par exemple à la Suède. les Norvégiens.
sentence2phrase.train-newswire-393-2,faible fierté nationale suédoise
sentence2phrase.train-newswire-394-1,Monsieur le Président  je dois tout d'abord dire que je salue ce rapport.
sentence2phrase.train-newswire-394-2,attention au président
sentence2phrase.train-newswire-395-1,Pour les petits pétroliers  nous avons adopté une position de compromis entre la limite de 5 000 tonnes fixée par l'ÉÌÏ et la limite de 600 tonnes fixée par la Commission.
sentence2phrase.train-newswire-395-2,le développement démocratique de son pays
sentence2phrase.train-newswire-396-1,Un député a utilisé le terme « traçabilité ».
sentence2phrase.train-newswire-396-2,un nouveau terme utilisé au Parlement
sentence2phrase.train-newswire-397-1,Nous ne pensons pas  comme le Parlement le sait  qu'il est nécessaire d'y faire explicitement référence dans le règlement.
sentence2phrase.train-newswire-397-2,référencement inutile
sentence2phrase.train-newswire-398-1,Je comprends parfaitement pourquoi les gens veulent une organisation du marché pour l’élevage intensif et pourquoi ils veulent abandonner la politique agricole en faveur d’une production basée sur la terre.
sentence2phrase.train-newswire-398-2,petites et moyennes entreprises
sentence2phrase.train-newswire-399-1,La Commission et les États membres devraient voir les choses sous cet angle et utiliser les conclusions de ce rapport comme un outil pour améliorer leurs performances dans la gestion des finances de l'UE.
sentence2phrase.train-newswire-399-2,gérer ses finances personnelles
sentence2phrase.train-newswire-400-1,La somptueuse version de l'opéra de Puccini de Baz Luhrmann sera fermée le 29 juin après sept mois d'exploitation décevants et des pertes d'environ 6 millions de dollars.
sentence2phrase.train-newswire-400-2,l'opéra Puccini s'éteint après sept mois
sentence2phrase.train-newswire-401-1,Les organisations de protection de la nature sont également associées à la coopération au niveau local.
sentence2phrase.train-newswire-401-2,protection de la nature locale
sentence2phrase.train-newswire-402-1,Il était directeur général du BOCHK jusqu'à ce qu'il soit soudainement rappelé à Pékin le mois dernier.
sentence2phrase.train-newswire-402-2,un directeur général rappelé
sentence2phrase.train-newswire-403-1,Mme Kethley  qui a nié à plusieurs reprises toute infidélité  a raconté une histoire similaire.
sentence2phrase.train-newswire-403-2,témoignage devant le sénat
sentence2phrase.train-newswire-404-1,Si nous traitons cette région comme une région d’antagonisme politique  nous commettrons une grave erreur.
sentence2phrase.train-newswire-404-2,antagonisme politique dans une région
sentence2phrase.train-newswire-405-1,Le ministre de la Santé  Peter Coleman  a déclaré qu'environ 300 personnes avaient été tuées et 1 000 blessées lors des combats entre les rebelles dans la capitale.
sentence2phrase.train-newswire-405-2,destruction gratuite et mort causée par la rébellion
sentence2phrase.train-newswire-406-1,Je voudrais remercier le rapporteur pour son rapport.
sentence2phrase.train-newswire-406-2,le comité présidé par Mme Palacio
sentence2phrase.train-newswire-407-1,Les actions de Freddie Mac étaient en baisse de plus de 16 pour cent à 50 18 $ hier à midi.
sentence2phrase.train-newswire-407-2,Cours des actions Freddie Mac
sentence2phrase.train-newswire-408-1,Avec le transfert de 175 millions d'euros  nous avons estimé 25 millions d'euros de plus que prévu.
sentence2phrase.train-newswire-408-2,mauvaises estimations
sentence2phrase.train-newswire-409-1,Le directeur général du BOCHK  Liu Jinbao  a été brusquement transféré à Pékin le mois dernier.
sentence2phrase.train-newswire-409-2,un transfert brutal du PDG du BOCHK  Liu Jinbao
sentence2phrase.train-newswire-410-1,La Commission est également amenée à réaliser un travail considérable dans le cadre des négociations menées dans le cadre des organisations régionales de pêche.
sentence2phrase.train-newswire-410-2,la lutte contre la grande criminalité organisée
sentence2phrase.train-newswire-411-1,Madame la Présidente  j'ai déjà mentionné que j'ai déjà pris la mer dans le passé.
sentence2phrase.train-newswire-411-2,aventures de pirates présidentiels
sentence2phrase.train-newswire-412-1,Cela signifie donc que la Commission ne déploiera que les aides juridiques dont elle dispose au sens du règlement.
sentence2phrase.train-newswire-412-2,l'utilisation prévue par la Commission des avocats disponibles
sentence2phrase.train-newswire-413-1,Nous savons que la Commission attache une grande importance à l'ASEM et elle bénéficie de notre soutien sans réserve à cet égard.
sentence2phrase.train-newswire-413-2,soutien total à la réunion Asie-Europe
sentence2phrase.train-newswire-414-1,La nature transfrontalière du milieu marin  qui signifie que la pollution dans une zone peut avoir un impact sur une région plus vaste  rend nécessaire un cadre de coopération à l'échelle communautaire dans le domaine de la pollution marine accidentelle.
sentence2phrase.train-newswire-414-2,impact de la pollution marine
sentence2phrase.train-newswire-415-1,Ils ont été libérés le 25 octobre après qu'une des femmes ait signalé sa situation à une organisation à but non lucratif s'occupant des cas de mariage forcé.
sentence2phrase.train-newswire-415-2,La lutte des organisations à but non lucratif pour lutter contre les mariages forcés
sentence2phrase.train-newswire-416-1,Je représente certains producteurs et je suis donc très inquiet.
sentence2phrase.train-newswire-416-2,des agriculteurs inquiets
sentence2phrase.train-newswire-417-1,Le Conseil n'a pas reçu copie de cette lettre  mais la présidence a bien entendu répondu à M. Cem et tous les États membres ont été informés du contenu de la réponse donnée.
sentence2phrase.train-newswire-417-2,la réponse du président
sentence2phrase.train-newswire-418-1,À l'heure actuelle  mes efforts et ceux de mes bureaux visent à limiter les effets que peut avoir la distance entre les parties et le futur tribunal.
sentence2phrase.train-newswire-418-2,efforts visant à améliorer les relations entre les parties et le futur tribunal
sentence2phrase.train-newswire-419-1,Agé de seulement 66 ans  Brooks a été tué le lundi 11 août 2003 dans un accident de voiture dans son Minnesota natal.
sentence2phrase.train-newswire-419-2,routes dangereuses du Minnesota
sentence2phrase.train-newswire-420-1,L'Union européenne a eu raison de réagir positivement à l'arrivée au pouvoir du président Kostunica.
sentence2phrase.train-newswire-420-2,bon président
sentence2phrase.train-newswire-421-1,Je voudrais rappeler aux députés qu'en matière de sécurité aérienne  les montants des indemnisations versées en Europe et en Amérique du Nord ne sont pas égaux à ceux versés dans d'autres pays.
sentence2phrase.train-newswire-421-2,termes valorisant le statut tels que modernisation
sentence2phrase.train-newswire-422-1,Les propositions du rapporteur visant une harmonisation à l'échelle européenne ne peuvent être que positives.
sentence2phrase.train-newswire-422-2,propositions d'harmonisation
sentence2phrase.train-newswire-423-1,Monsieur le Président  en mars de cette année  nous avons adopté la directive sur les installations à câbles destinées au transport de personnes.
sentence2phrase.train-newswire-423-2,connectivité et câbles
sentence2phrase.train-newswire-424-1,Je crois que M. Duff était présent ce matin lorsque nous avons discuté du Conseil européen de Biarritz.
sentence2phrase.train-newswire-424-2,discuter du Conseil européen
sentence2phrase.train-newswire-425-1,La chaîne  sous une nouvelle direction depuis fin 1999  compte plus de 3 400 magasins et un chiffre d'affaires annuel de 15 8 milliards de dollars.
sentence2phrase.train-newswire-425-2,près de seize milliards de revenus annuels
sentence2phrase.train-newswire-426-1,Modifier la directive afin de rendre son application plus stricte et d'harmoniser la législation  notamment en ce qui concerne la sélection des navires à inspecter et l'étendue des différents types de sélection  est clairement une étape positive.
sentence2phrase.train-newswire-426-2,mouvements positifs
sentence2phrase.train-newswire-427-1,Il convient de noter que ce droit à la différence n'est rien d'autre qu'une démonstration du principe d'égalité  qui exige également un traitement différent pour tout ce qui est différent.
sentence2phrase.train-newswire-427-2,une recette nécessitant des parts égales de lait et d'eau
sentence2phrase.train-newswire-428-1,Monsieur le Président  je remercie la commissaire pour son engagement continu dans le domaine de la sécurité maritime.
sentence2phrase.train-newswire-428-2,demande d'adhésion
sentence2phrase.train-newswire-429-1,Je suis en effet reconnaissant du soutien que les démocrates-chrétiens et  en fait  une partie du groupe libéral  ont apporté à cet amendement spécifique visant à réduire le bruit des avions.
sentence2phrase.train-newswire-429-2,les libéraux contre le bruit des avions
sentence2phrase.train-newswire-430-1,Le pilote Ferrari Felipe Massa a remporté pour la troisième année consécutive depuis la pole le Grand Prix de Turquie Essence Ofisi 2008 de Formule 1 de la FIA sur le circuit de course d'Istanbul  à Istanbul  en Turquie.
sentence2phrase.train-newswire-430-2,L'accord sur le nucléaire iranien entre en vigueur
sentence2phrase.train-newswire-431-1,On s'est même parfois demandé dans quelle mesure la crise cyclique des marchés elle-même n'était pas provoquée par l'action spéculative de ces structures d'entreprises  qui prennent ainsi progressivement le contrôle du secteur pour leurs propres intérêts.
sentence2phrase.train-newswire-431-2,une brève question à la Commission sur l'article 4
sentence2phrase.train-newswire-432-1,Le Canada vient de décider de légaliser le mariage homosexuel et espère vivement que la Haute Cour du Massachusetts prendra une mesure similaire d'ici quelques semaines.
sentence2phrase.train-newswire-432-2,la grande majorité des transactions sur Eurex US
sentence2phrase.train-newswire-433-1,Par ailleurs  dans la communication adoptée le 4 octobre 2000 sur l'approvisionnement pétrolier de l'Union européenne  la Commission a indiqué qu'elle envisageait de présenter au Conseil européen de Göteborg un plan visant à économiser l'énergie et à promouvoir la diversification des sources d'énergie  ce qui devrait contribuer à accroître l'efficacité énergétique  notamment dans les bâtiments et les transports.
sentence2phrase.train-newswire-433-2,économie d'énergie
sentence2phrase.train-newswire-434-1,Au moins 61 personnes ont été tuées et des dizaines d'autres blessées hier à travers l'Afghanistan lors de la pire flambée de violence depuis plus d'un an.
sentence2phrase.train-newswire-434-2,quand une bombe a explosé à proximité
sentence2phrase.train-newswire-435-1,La question  Monsieur le Président  et je terminerai ici  est de savoir s'il existe une solution qui exercerait une pression plus grande que celle proposée par le président dans sa déclaration et si l'aide que nous allons apporter sera totalement différente de celle des États-Unis  c'est-à-dire non pas destinée à l'épandage des cultures  mais au remplacement des cultures et également à des fins sociales plutôt que militaires.
sentence2phrase.train-newswire-435-2,demande au Président d'aide pour le remplacement des cultures et pour résoudre les problèmes militaires et sociaux
sentence2phrase.train-newswire-436-1,Deuxièmement  je dirais que c'est le droit français qui aura le pouvoir de confisquer ou de geler les actifs d'une entreprise déterminée afin de réparer des dommages ou toute autre chose  et il pourra établir des responsabilités au-delà de celles prévues selon les critères objectifs prévus par la législation internationale en vigueur sur la pollution par les hydrocarbures.
sentence2phrase.train-newswire-436-2,un certain pessimisme
sentence2phrase.train-newswire-437-1,Tout d'abord  en ce qui concerne la procédure de présentation du rapport annuel au Parlement et à la commission du contrôle budgétaire  je suis heureux d'entendre les assurances des députés selon lesquelles la situation cette année est plus satisfaisante qu'auparavant.
sentence2phrase.train-newswire-437-2,par lettre ça a l'air mieux
sentence2phrase.train-newswire-438-1,Je suis désolé de devoir vous dire que je ne suis pas satisfait de votre réponse.
sentence2phrase.train-newswire-438-2,compliqué et difficile
sentence2phrase.train-newswire-439-1,BEA Systems Inc. BEAS.O a annoncé jeudi que ses bénéfices au deuxième trimestre avaient augmenté de 28 pour cent  les revenus ayant augmenté dans un contexte de contraction du marché global des logiciels d'entreprise.
sentence2phrase.train-newswire-439-2,déclarations de ses concurrents
sentence2phrase.train-newswire-440-1,Au contraire  nous devons œuvrer pour un Parlement qui milite pour l'ouverture  l'efficacité et un contrôle démocratique effectif des institutions européennes.
sentence2phrase.train-newswire-440-2,contrôle parlementaire des institutions européennes
sentence2phrase.train-newswire-441-1,Son dernier message était un lien vers une affiche de lui sur une porte fermée.
sentence2phrase.train-newswire-441-2,affiche de porte
sentence2phrase.train-newswire-442-1,Je sais que ce rapport et les travaux que le Parlement s'apprête à entreprendre dans le cadre de la procédure de décharge contribueront à une plus grande vigilance en matière de dépenses communautaires.
sentence2phrase.train-newswire-442-2,surveiller les prix du pétrole
sentence2phrase.train-newswire-443-1,Madame la Présidente  Monsieur le Commissaire  Mesdames et Messieurs  j'avais particulièrement hâte d'être parmi vous aujourd'hui à l'occasion du débat au Parlement européen sur le premier paquet maritime  car vous vous apprêtez à examiner trois textes importants qui constituent une étape essentielle dans un dossier que les événements récents ont malheureusement fait la une de l'actualité.
sentence2phrase.train-newswire-443-2,toutes les parties prenantes clés
sentence2phrase.train-newswire-444-1,Il risque 25 ans de prison supplémentaires pour des accusations fédérales lorsqu'il sera condamné le 7 juillet.
sentence2phrase.train-newswire-444-2,vingt-cinq ans de prison supplémentaires pour des accusations fédérales
sentence2phrase.train-newswire-445-1,Dos Reis devrait être condamné ce matin par la Cour supérieure de Danbury pour homicide involontaire coupable au premier degré et agression sexuelle au deuxième degré.
sentence2phrase.train-newswire-445-2,condamnations pour homicide involontaire au 1er degré et agression sexuelle au 2e degré
sentence2phrase.train-newswire-446-1,Ryanair avait déclaré aux pilotes que toute personne signant une « soi-disant pétition de sécurité » pourrait être licenciée.
sentence2phrase.train-newswire-446-2,nourriture d'avion
sentence2phrase.train-newswire-447-1,Nous pensons que dans de tels cas  le commerce ne devrait pas être grevé des obligations du fabricant en vertu de la législation sur la sécurité des produits.
sentence2phrase.train-newswire-447-2,lois sur la santé et la sécurité
sentence2phrase.train-newswire-448-1,Vendredi  la police a conseillé aux résidents de ne pas se rendre seuls dans les dépanneurs et d'être vigilants.
sentence2phrase.train-newswire-448-2,à la recherche du suspect
sentence2phrase.train-newswire-449-1,Hier  à Genève  l'Iran et les pays P5+1 – les cinq membres permanents du Conseil de sécurité de l'ONU ; États-Unis  Royaume-Uni  Chine  France et Russie ; plus l'Allemagne – ont conclu un accord de six mois sur le programme d'enrichissement nucléaire de l'Iran.
sentence2phrase.train-newswire-449-2,accord sur l'enrichissement nucléaire
sentence2phrase.train-newswire-450-1,Jusqu'à présent  depuis la création d'un groupe interministériel pour les régions ultrapériphériques sous la présidence de M. Delors  nous avons parcouru un chemin long et fructueux  et je dois exprimer la plus profonde gratitude des Européens des régions ultrapériphériques à ceux qui ont présidé ce groupe.
sentence2phrase.train-newswire-450-2,un long voyage porteur d'aventures mûres
sentence2phrase.train-newswire-451-1,C'est le Parlement qui a soutenu la proposition de la Commission de créer l'Agence européenne pour la reconstruction.
sentence2phrase.train-newswire-451-2,proposition soutenue
sentence2phrase.train-newswire-452-1,Je voudrais vous rappeler que les principales priorités du programme CARDS sont le renforcement des institutions en matière de démocratie et d'État de droit  de développement économique et de reconstruction ainsi que de coopération régionale.
sentence2phrase.train-newswire-452-2,améliorer le pays
sentence2phrase.train-newswire-453-1,Sa présence symbolique ici pourrait ouvrir des perspectives pour la politique globale que nous menons.
sentence2phrase.train-newswire-453-2,l'importance de la présence du commissaire
sentence2phrase.train-newswire-454-1,Une nouvelle application d'installation devrait être publiée dans les semaines à venir.
sentence2phrase.train-newswire-454-2,première de l'application
sentence2phrase.train-newswire-455-1,De nombreux pays touchés  comme la Colombie et l'Équateur  sont considérés comme essentiels aux efforts de l'administration visant à rétablir la stabilité dans l'hémisphère occidental.
sentence2phrase.train-newswire-455-2,stabilité politique régionale
sentence2phrase.train-newswire-456-1,C'est pourquoi je soutiens les amendements demandant des mesures spécifiques dans le domaine des nouvelles technologies.
sentence2phrase.train-newswire-456-2,technologie en évolution rapide
sentence2phrase.train-newswire-457-1,Il convient de rappeler que le principe de reconnaissance mutuelle des décisions pénales  conformément aux conclusions du Conseil européen de Tampere  doit permettre de renforcer la coopération entre les États membres tout en renforçant la protection des droits de l'homme.
sentence2phrase.train-newswire-457-2,protection des droits de l'homme
sentence2phrase.train-newswire-458-1,Je crois que les intentions dans leur ensemble sont extrêmement rassurantes  mais la réalité est qu'entre-temps  nos chantiers navals ferment.
sentence2phrase.train-newswire-458-2,la mort des chantiers navals  malgré les meilleures intentions
sentence2phrase.train-newswire-459-1,Je demande votre indulgence pour entendre la réponse s'il vous plaît.
sentence2phrase.train-newswire-459-2,parler de manière audible
sentence2phrase.train-newswire-460-1,Premièrement  concernant la fonction sociale et culturelle du contenu numérique  la Commission se félicite du fait que le Parlement mette l'accent sur la dimension sociale et culturelle du contenu numérique.
sentence2phrase.train-newswire-460-2,médias sociaux numériques
sentence2phrase.train-newswire-461-1,Le président Bush a signé une dérogation exemptant 22 pays parce qu'ils avaient signé mais pas encore ratifié des accords d'immunité.
sentence2phrase.train-newswire-461-2,Le président Bush signe des lois
sentence2phrase.train-newswire-462-1,Cela étant  le niveau de financement alloué au Kosovo n’est pas sans poser certains problèmes.
sentence2phrase.train-newswire-462-2,prêt d'argent
sentence2phrase.train-newswire-463-1,Sa prochaine pièce  « Will Success Spoil Rock Hunter ? » une satire d'Hollywood  a duré plus d'un an à Broadway.
sentence2phrase.train-newswire-463-2,le plus grand prêteur américain pour les étudiants
sentence2phrase.train-newswire-464-1,A cet égard  des efforts sont nécessaires pour résoudre les problèmes sociaux majeurs  par exemple le chômage.
sentence2phrase.train-newswire-464-2,évolutions technologiques rapides
sentence2phrase.train-newswire-465-1,C'est en principe l'idée qui sous-tend l'amendement 36  même si je pense que cette idée n'est pas encore pleinement développée.
sentence2phrase.train-newswire-465-2,le bénéfice du 36ème amendement d'un réexamen
sentence2phrase.train-newswire-466-1,Nous avons été chargés de poursuivre vigoureusement ces procédures en diffamation.
sentence2phrase.train-newswire-466-2,instructions du fabricant
sentence2phrase.train-newswire-467-1,Axelrod est décédé d'une insuffisance cardiaque alors qu'il dormait chez lui à Los Angeles  a déclaré sa fille  Nina Axelrod.
sentence2phrase.train-newswire-467-2,plus d'une heure
sentence2phrase.train-newswire-468-1,Si quelqu’un a besoin d’être convaincu  il suffit de regarder les preuves.
sentence2phrase.train-newswire-468-2,des graphiques convaincants
sentence2phrase.train-newswire-469-1,Si ce n’est pas cassé  ne le réparez pas  a déclaré le chef de la minorité sénatoriale Tom Daschle  D-S.D. "Je ne vois pas grand-chose de cassé."
sentence2phrase.train-newswire-469-2,Tom Daschle  chef de la minorité sénatoriale
sentence2phrase.train-newswire-470-1,Je suis particulièrement heureux que nous ayons pu garantir le financement des programmes Socrates  Jeunesse et Culture 2000 décidés à la fin de l'année dernière.
sentence2phrase.train-newswire-470-2,Financement disponible pour la programmation
sentence2phrase.train-newswire-471-1,Très polyvalent  Frost se montrerait confiant à la fois dans le journalisme politique sérieux ainsi que dans le divertissement léger et la comédie  animant l'émission de sketchs The Frost Report au milieu des années 60.
sentence2phrase.train-newswire-471-2,rédacteur en chef d'un journal dans les années 1960
sentence2phrase.train-newswire-472-1,Monsieur le Président  je me félicite vivement de ce programme de contenu électronique et je voudrais en évoquer deux aspects.
sentence2phrase.train-newswire-472-2,aborder les questions parlementaires
sentence2phrase.train-newswire-473-1,Il faut indiquer clairement aux navires sous-normes que nous ne les tolérerons pas dans les eaux européennes ou dans les ports européens.
sentence2phrase.train-newswire-473-2,aide humanitaire
sentence2phrase.train-newswire-474-1,Je ne pense pas qu'il s'en remettra complètement un jour.
sentence2phrase.train-newswire-474-2,rétablissement personnel
sentence2phrase.train-newswire-475-1,Notre déclaration des droits est la première de ce millénaire.
sentence2phrase.train-newswire-475-2,Mouvements de défense des droits
sentence2phrase.train-newswire-476-1,Monsieur le Président  depuis la destruction du pétrolier Erika  un ensemble de mesures a été élaboré  sous la pression politique  en vue d'améliorer la sécurité des navires en mer.
sentence2phrase.train-newswire-476-2,améliorer la sécurité des navires en mer
sentence2phrase.train-newswire-477-1,L'agence a pu rester ouverte pendant la fermeture du gouvernement car elle est financée par la Réserve fédérale.
sentence2phrase.train-newswire-477-2,questions gouvernementales
sentence2phrase.train-newswire-478-1,La grande organisation caritative britannique Comic Relief a investi de l'argent dans des sociétés d'armes  d'alcool et de tabac  selon une enquête de la BBC Panorama qui sera diffusée ce soir.
sentence2phrase.train-newswire-478-2,jouer comme attaquant dans l'équipe nationale allemande de football
sentence2phrase.train-newswire-479-1,D'autres changements dans les uniformes militaires américains devraient avoir lieu d'ici la fin de l'année.
sentence2phrase.train-newswire-479-2,Uniformes militaires américains
sentence2phrase.train-newswire-480-1,De plus  la création du SEM n'a apporté aucune solution au déséquilibre persistant entre huit ressources administratives volumineuses.
sentence2phrase.train-newswire-480-2,ouvrir le système aux pays tiers
sentence2phrase.train-newswire-481-1,L'ouverture de la tombe permettrait aux enquêteurs de reconstituer un profil biologique du premier roi du Portugal  décédé il y a 821 ans.
sentence2phrase.train-newswire-481-2,premier roi portugais à avoir un profil biologique
sentence2phrase.train-newswire-482-1,D'un côté  les plus gros producteurs  ou ceux intégrés aux industries de transformation en aval  se démarqueraient de cette mesure  préférant les systèmes dont ils disposent déjà : épargne individuelle ; prêts bancaires et fonds de redistribution.
sentence2phrase.train-newswire-482-2,le début de l'année prochaine
sentence2phrase.train-newswire-483-1,Sa famille est dévastée et demande le respect de l'intimité en ces temps difficiles.
sentence2phrase.train-newswire-483-2,réunion de famille
sentence2phrase.train-newswire-484-1,Le vote aura lieu demain à 23h30.
sentence2phrase.train-newswire-484-2,le vote de demain
sentence2phrase.train-newswire-485-1,Il appartient donc à l'OTAN de prendre les mesures qu'elle juge nécessaires pour prévenir de nouveaux accidents de ce type.
sentence2phrase.train-newswire-485-2,La réponse de l'OTAN aux accidents
sentence2phrase.train-newswire-486-1,Mais les actions ont fortement rebondi au cours des trois derniers mois et demi dans l'espoir d'un rebond économique plus tard cette année.
sentence2phrase.train-newswire-486-2,j'espère une meilleure situation financière
sentence2phrase.train-newswire-487-1,Je pense que vous constaterez une forte croissance de l'emploi au cours des deux prochaines années  a déclaré Mankiw.
sentence2phrase.train-newswire-487-2,augmentation constante du PIB et revitalisation du secteur manufacturier
sentence2phrase.train-newswire-488-1,Les problèmes les plus difficiles du nouveau budget concernent l'action extérieure.
sentence2phrase.train-newswire-488-2,budgétisation précise
sentence2phrase.train-newswire-489-1,La clause de sauvegarde est actuellement en cours d'élaboration et  si M. Clegg a besoin d'arguments de base pour discuter avec les producteurs de betterave sucrière  je les mettrai à sa disposition.
sentence2phrase.train-newswire-489-2,disputes entre M. Clegg et les producteurs de betteraves sucrières
sentence2phrase.train-newswire-490-1,Certains pensent qu’il est possible de créer un marché intérieur en Europe sans s’entendre sur des valeurs et des principes fondamentaux.
sentence2phrase.train-newswire-490-2,construire des marchés intérieurs sans terrain d’entente
sentence2phrase.train-newswire-491-1,C’est en effet ce qui s’est produit dans le cas de l’euro au cours de l’année  que cela nous plaise ou non.
sentence2phrase.train-newswire-491-2,des éventualités immuables pour l'euro
sentence2phrase.train-newswire-492-1,Il s’agit d’une proposition modérée  car la Scandinavie a déjà mis en place des normes plus strictes que celles proposées pour 2012.
sentence2phrase.train-newswire-492-2,des règles strictes dans les pays étrangers
sentence2phrase.train-newswire-493-1,Bombardier et Embraer livreront chacun 85 avions d'ici septembre 2006  a indiqué US Airways dans un communiqué.
sentence2phrase.train-newswire-493-2,la livraison de quatre-vingt-cinq avions de Bombardier et Embraer
sentence2phrase.train-newswire-494-1,Monsieur le Président  Mesdames et Messieurs  nous avons récemment conclu un accord avec la Cour des comptes selon lequel nous pourrions obtenir des informations préalables du rapport annuel de la Cour sur une base totalement confidentielle  et nous avons également convenu de faire preuve de discrétion à ce sujet.
sentence2phrase.train-newswire-494-2,secret juridique
sentence2phrase.train-newswire-495-1,Avril de cette année a été le deuxième mois le plus élevé avec 493 plaintes  devançant mai de l'année dernière avec 488 plaintes.
sentence2phrase.train-newswire-495-2,Plaintes de Pâques
sentence2phrase.train-newswire-496-1,Plus de 80 % des accidents sont associés à une erreur humaine  mais il existe des raisons à l’erreur humaine  qui sont de nature sociale.
sentence2phrase.train-newswire-496-2,accidents dus à une erreur humaine
sentence2phrase.train-newswire-497-1,Lorsque cela est pertinent  du point de vue de l'audit  nous mentionnons tout ce qui doit l'être.
sentence2phrase.train-newswire-497-2,l'audit englobant l'innommable
sentence2phrase.train-newswire-498-1,Face à la situation désastreuse et anarchique du transport maritime  l'Europe a relevé le défi et  11 mois seulement après la perte de l'Erika  pourra annoncer que jamais une procédure n'a été aussi rapidement élaborée.
sentence2phrase.train-newswire-498-2,Modernisation et amélioration du transport maritime en Europe
sentence2phrase.train-newswire-499-1,Je n'ai aucun doute que les propositions que la Commission présentera au Conseil seront caractérisées par ces qualités.
sentence2phrase.train-newswire-499-2,cloches de mariage
sentence2phrase.train-newswire-500-1,Je pense vraiment que ce que le rapporteur a fait ici est une réussite brillante; il montre exactement ce que vous pouvez faire en matière d'administration lorsque vous visez un objectif spécifique et l'objectif est clairement spécifié ici.
sentence2phrase.train-newswire-500-2,un niveau de flexibilité suffisant par rapport aux règles de base
paragraph2sentence.train-travel-1-1,Le petit St-Julien-le-Pauvre  joyau de l'architecture gothique primitive datant de 1165 à 1220  accueille des récitals de musique de chambre et religieuse. Avec son encens flottant et ses messes dites en grec ou en arabe (l'église appartient à la secte melchite de l'Église orthodoxe grecque)  St-Julien n'est pas dépaysé dans un quartier regorgeant de restaurants du Moyen-Orient. Juste en face de la rue St-Jacques se dresse la magnifique église gothique flamboyante de St-Séverin  datant du XIIIe au XVe siècle  dans laquelle Dante aurait prié et Saint-Saëns aurait demandé à être nommé organiste honoraire.
paragraph2sentence.train-travel-1-2,Les briques cuites sur place constituent le principal matériau de construction de la vallée.
paragraph2sentence.train-travel-2-1,À côté du château se trouve l'impressionnante Sé Velha (vieille cathédrale) gothique de Silves  construite par les croisés libérateurs  dont certains sont enterrés à l'intérieur  au XIIIe siècle. Les vestiges d'une mosquée maure sont cachés derrière l'autel. En face de la Sé se trouve l'Igreja da Misericórdia du XVIe siècle  avec une porte latérale classique de style manuélin.
paragraph2sentence.train-travel-2-2,Pendant les croisades  les croisés portugais rasaient souvent les mosquées et construisaient des églises par-dessus  comme c'est le cas de Sé Velha de Silves  qui abrite une mosquée maure cachée derrière son autel.
paragraph2sentence.train-travel-3-1,Manzanillo a d'abord suscité l'intérêt des visiteurs internationaux pour son excellente pêche. Un important tournoi de pêche annuel a suscité la construction de modestes hôtels et condos. Dans les années 1970  le développement  ainsi que le nouvel aéroport  des complexes hôteliers Club Maeva et Las Hadas  au design mauresque saisissant  ont commencé à attirer un flux constant de touristes. Puis le film Ten  avec Bo Derek et Dudley Moore et tourné à Las Hadas  a mis Manzanillo carrément sous les projecteurs.
paragraph2sentence.train-travel-3-2,À proximité  dans la rue Pío Rosado  le musée Emilio Bacardí possède de vastes collections artistiques  archéologiques et historiques plus récentes (y compris une petite collection grotesque de momies).
paragraph2sentence.train-travel-4-1,À côté d'un château d'eau emblématique se trouve un bon théâtre en plein air qui présente des concerts  des opéras et des ballets en été. A proximité se trouvent les ruines d'un couvent dominicain du XIIIe siècle fondé par le roi Béla IV. Ici  il a inscrit sa fille Margit  âgée de 11 ans  en accomplissement d'un vœu qu'il avait fait s'il survivait à l'invasion mongole. La princesse (et plus tard sainte) Margit est restée sur l'île pour le reste de sa vie ; il a ensuite été nommé en son honneur. Son lieu de sépulture est marqué par une plaque de marbre.
paragraph2sentence.train-travel-4-2,À la suite d'une invasion mongole  le roi Belá IV a tenu son vœu de faire rejoindre sa fille Margit dans un couvent s'il survivait  sur l'île de laquelle elle est restée pour le reste de sa vie  devenant finalement Sainte Margit et donnant son nom à l'île du couvent.
paragraph2sentence.train-travel-5-1,La plupart des plages protégées du large disposent de barques  de canoës ou de pédalos à louer à l'heure. Les marins expérimentés à la recherche d'un bateau plus navigable devraient s'adresser au port de plaisance local. En Algarve  des dériveurs et des cours de voile sont disponibles à Praia de Luz  Quinta do Lago et Portimão. Pour les plus grosses embarcations  essayez la marina de Vilamoura ou le Carvoeiro Club. Des croisières en bateau sont disponibles dans pratiquement toutes les localités de l'Algarve.
paragraph2sentence.train-travel-5-2,Les croisières en bateau offrent un moyen sans soucis de profiter des côtes de l'Algarve au Portugal  bien que des barques et des canoës soient disponibles pour les aventuriers qui souhaitent explorer le port de près.
paragraph2sentence.train-travel-6-1,Shaolin offre un régal supplémentaire aux plus aventureux. Il est situé au pied de la chaîne occidentale des montagnes Songshan  qui font partie du groupe de montagnes traditionnellement considéré comme la montagne centrale au centre de l'empire chinois. Une télécabine emmène désormais les visiteurs au sommet  où les sentiers de randonnée sont nombreux et où les vues sur le complexe de Shaolin et les vastes plaines désertiques du Henan sont impressionnantes. De l'autre côté de la chaîne  des murs de pierre à pic de 300 m de haut dominent les plaines  où une série de passerelles et de sentiers sculptés se promènent à travers d'anciens temples et pavillons dans le silence et le vide au-delà.
paragraph2sentence.train-travel-6-2,Les visiteurs peuvent monter en gondole jusqu'au sommet de la montagne avec ses longs sentiers de randonnée et ses vues inégalées sur le désert et le complexe de Shaolin.
paragraph2sentence.train-travel-7-1,Le lac Voulismeéni est relié à la mer par un canal artificiel. De l'autre côté du pont routier  à son embouchure  se trouve le principal office de tourisme  et au-delà se trouvent le port et le port. Les brises marines ici rendent souvent cette promenade plus fraîche qu'autour du lac. Depuis le port  vous pouvez faire des excursions en caïque (petits bateaux en bois colorés) vers les attractions à proximité  notamment l'île de Spinalónga.
paragraph2sentence.train-travel-7-2,Une courte promenade vers l'ouest le long du front de mer vous amène aux vestiges du monastère dominicain d'Áyios Pétros (Saint-Pierre)  en cours de rénovation  et au-delà se trouve le musée historique de Crète  installé dans un bâtiment remarquable - en partie un manoir vénitien et en partie un édifice de verre moderne.
paragraph2sentence.train-travel-8-1,Le musée de Nanjing (Nanjing Bowuguan)  fondé en 1933  est situé à l'intérieur de la porte Zhongshan  le principal portail oriental des remparts de la ville. Parmi les œuvres d'art et les objets datant de la préhistoire jusqu'à la fin de l'empire  le musée présente des poteries anciennes colorées  des figurines élégantes et un célèbre costume funéraire en jade vieux de 2 000 ans.
paragraph2sentence.train-travel-8-2,Des paravents  des chaises et des coffres en buis  en acajou ou en bambou aux motifs richement sculptés recréent l'atmosphère de la Chine ancienne.
paragraph2sentence.train-travel-9-1,Observez l'oiseau (et les dauphins). Il existe plusieurs parcs animaliers et ornithologiques dans les îles  le parc Loro de Tenerife  le parc Palmitos de Gran Canaria ou le parc tropical Guinate de Lanzarote sont tous décrits dans la section Où aller de ce guide. D'autres incluent le Parque Las Aguilas  Los Cristianos  Arona (Tenerife)  qui  comme son nom l'indique  propose un spectacle d'aigles  toutes sortes d'autres oiseaux et animaux  et le nouveau JungleRaid où les enfants de tous âges peuvent se frayer un chemin à travers toutes sortes d'obstacles.
paragraph2sentence.train-travel-9-2,Les enfants plus âgés seront sûrement fascinés par les crânes  squelettes et momies Guanches conservés au Musée Canario de Las Palmas et au Musée Arqueológico de Santa Cruz à Tenerife.
paragraph2sentence.train-travel-10-1,Il existe de nombreuses possibilités d'excursions dans les environs de Guardalavaca. À l’ouest se trouve la Bahía de Bariay  qui possède un monument revendiquant le débarquement de Colomb (un fait contesté principalement par Baracoa  plus à l’est). Au-delà de la baie se trouve Gibara (27 km au nord de Holguín)  une petite ville portuaire captivante mais endormie. Vous pouvez faire une excursion en bateau au milieu de la Bahía de Naranjo jusqu'à un simple aquarium  où vous pourrez nager avec les dauphins.
paragraph2sentence.train-travel-10-2,La collection de 750 000 volumes est étonnante  tout comme l'intérieur du bâtiment de 1849  qui est superbement meublé d'antiquités  de bustes de Benjamin Franklin  de Daniel Webster et d'autres  ainsi que de plusieurs peintures de John Singer Sargent et Gilbert Stuart.
paragraph2sentence.train-travel-11-1,L'étang du salon de thé marque un coin de la vieille ville chinoise (Nanshi)  autrefois considérée comme une zone dangereuse pour les visiteurs européens. On se perd peut-être encore dans ce dédale de ruelles aux allures de souk nord-africain  mais une grande partie a été rénovée avec goût pour devenir le centre commercial Yuyuan. Il y a encore des magasins de l'époque du bazar vendant des baguettes  des médicaments  des éventails en bambou  de la soie et de l'encens.
paragraph2sentence.train-travel-11-2,Le centre commercial Yuyuan  situé dans la vieille ville chinoise (Nanshi)  a été récemment rénové et il est beaucoup plus facile pour les touristes de s'y retrouver que s'ils essayaient de faire leurs achats dans le dédale des ruelles de la région.
paragraph2sentence.train-travel-12-1,L'apôtre Paul est arrivé en a.d. 59 avec son disciple Titus  qu'il laissa derrière lui pour convertir les insulaires au christianisme. Titus eut du mal à combattre les croyances païennes des Crétois et fut martyrisé pour ses efforts trop zélés. Mais le christianisme a finalement triomphé pour parvenir à l’orthodoxie forte d’aujourd’hui  et Titus est devenu le saint patron de la Crète.
paragraph2sentence.train-travel-12-2,Fièrement ornés du Lion de Saint-Marc  les ports et fortifications d'Iraklion (appelées Candie sous la domination vénitienne  comme l'était l'ensemble de la Crète)  de La Canée et de Réthymnon témoignent de l'ambitieux programme de construction publique des Vénitiens.
paragraph2sentence.train-travel-13-1,Les murs donnent directement sur l'Igreja de Santa Maria do Castelo (église Sainte-Marie du Château)  probablement construite sur le site de l'ancienne mosquée. Le portail gothique est la seule partie originale du bâtiment du XIIIe siècle à avoir survécu au tremblement de terre dévastateur de 1755. Dans le chœur se trouve le grand tombeau de Dom Paio Peres Correia  qui chassa les Maures de Tavira en 1242.
paragraph2sentence.train-travel-13-2,L'église de Santa Maria do Castelo  construite sur l'emplacement de la mosquée  contient deux éléments architecturaux importants : un portail gothique  qui est la seule partie originale du bâtiment à avoir survécu au tremblement de terre de 1755  et une oblitération contenant le tombeau de Dom Paio Peres Correia qui a libéré Tavira des Maures au XIIIe siècle.
paragraph2sentence.train-travel-14-1,Le statu quo politique sous le Parti uni des Bermudes s'est maintenu jusqu'en novembre 1998  lorsque le PLP (Parti travailliste progressiste) a remporté une victoire écrasante inattendue aux élections générales. Cela a non seulement surpris l’ancienne école  mais a également inauguré une nouvelle ère pleine d’opportunités de développement alors que l’île s’adapte à un monde en évolution rapide. Les défis comprennent les problèmes d'environnement et de logement ainsi que les problèmes de chômage  inconnus dans les Bermudes modernes jusqu'aux dernières années du 20e siècle. Des solutions positives à long terme garantiront que les Bermudes continueront de jouir de la richesse  de la sécurité et du confort qu’elles se sont créées.
paragraph2sentence.train-travel-14-2,Le parti travailliste progressiste des Bermudes a défendu de nombreuses causes progressistes  notamment les questions environnementales  le logement et le chômage  ce qui a contribué à préparer l'île à une prospérité continue.
paragraph2sentence.train-travel-15-1,Zihuatanejo a été revendiquée pour la couronne espagnole par Juan Alvarez Chico en 1522. La ville et le port ont connu peu d'activité pendant l'époque coloniale et dormaient tranquillement  abritant quelques galions perdus et des navires pirates qui s'arrêtaient pour des réparations ou du ravitaillement. La tradition locale raconte comment l'un de ces navires  au retour de son voyage en Chine  a perdu des centaines de rouleaux de soie. Le nom de La Ropa (« le vêtement ») a été donné à la plage où la soie s'est ensuite échouée.
paragraph2sentence.train-travel-15-2,L'Espagne a revendiqué Zihuatanejo au 16ème siècle  mais la ville était à peine visitée à l'époque coloniale  à l'exception de quelques galions capricieux et de bateaux pirates qui avaient besoin d'être réparés  dont l'un aurait perdu des centaines de rouleaux de soie qui se sont ensuite échoués  donnant le nom de La Ropa (« les vêtements ») à la plage voisine de la ville.
paragraph2sentence.train-travel-16-1,Le Museu Romàntic expose les meubles et accessoires d'un riche XVIIIe siècle  ainsi qu'une grande famille de poupées anciennes. Sur les collines et les ruelles se trouvent les villas de riches familles barcelonaises  tandis que les rues entre la plage et la gare sont conçues pour manger et s'amuser. À la fin du printemps  les rues sont tapissées de fleurs pour la procession de la Fête-Dieu. Sitges abrite l'une des plus grandes communautés gay d'Espagne et attire les voyageurs gays toute l'année  mais particulièrement pendant le carnaval. Les plages gays et nudistes se trouvent juste au-delà des plages de la ville.
paragraph2sentence.train-travel-16-2,Les bâtiments composés ont des murs décorés de photographies et de peintures d'abbés et de partisans ; une pièce présente une carte en relief du plan de bataille de l'incident de 1866.
paragraph2sentence.train-travel-17-1,Un autre endroit reposant est le River Viewing Pavilion (Wangjianglou)  dans un parc le long de la rive sud de la rivière Jin. Plus de 100 espèces de bambous poussent ici. Comme dans d'autres parcs traditionnels de Chengdu  on y trouve des pavillons et des tours  des rocailles  des étangs et des sentiers ombragés. L'observation de la rivière d'un type différent est recommandée sur le site du système d'irrigation de Dujiangyan  à 57 km (35 miles) au nord-ouest de Chengdu. Cet ambitieux projet d'irrigation et de contrôle des crues  construit au IIIe siècle avant J.-C.  est toujours utilisé. Les collines luxuriantes le long du rivage offrent un cadre poétique à une merveille d’ingénierie.
paragraph2sentence.train-travel-17-2,Le système d'irrigation de Dujiangyan a été construit au troisième siècle avant JC. pour contrôler les crues de la rivière Jin  ce qui a permis aux concepteurs ultérieurs de construire des merveilles telles que le pavillon d'observation de la rivière (Wangjianglou) dans un parc pittoresque au sud-est de Chengdu.
paragraph2sentence.train-travel-18-1,Bien que la première mention de la ville remonte à 1498  il n'y a ici vraiment rien de significatif historique. La ville elle-même  notamment la rue San Miguel  est tout simplement une profusion de magasins. Au bas de San Miguel  une série d'escaliers en colimaçon  bordés bien sûr de magasins  mènent à un littoral doré de 7 km. Il s'agit de six plages reliées par le magnifique Paseo Maritimo (promenade de la plage) et interrompues uniquement par le promontoire rocheux du Castillo de Santa Clara  qui sépare les quartiers Bajondillo (est) et Carihuela (ouest) de la ville.
paragraph2sentence.train-travel-18-2,Le parc national d'El Torcal de Antequera est un haut plateau calcaire érodé par l'eau de pluie et transformé en un paysage fantastique de pinacles et de tours cannelés.
paragraph2sentence.train-travel-19-1,La réputation de la Costa Blanca pour ses magnifiques plages et ses stations balnéaires animées vient de la partie nord de la côte. Prenez la N-332 depuis Alicante et traversez Campello jusqu'au port de pêche de Villajoyosa. Ce village pittoresque  situé à environ 30 km de la capitale provinciale  a un caractère plus authentiquement espagnol que Benidorm  son voisin cosmopolite.
paragraph2sentence.train-travel-19-2,En raison de sa classe ouvrière  le village de pêcheurs de Villajoyosa conserve davantage un caractère espagnol classique.
paragraph2sentence.train-travel-20-1,En tant que phénomène essentiellement du XIXe siècle  Shanghai a mûri trop tard pour contribuer à l’art ou à la culture classique chinoise. Si les monuments historiques sont ici relativement rares  cela ne veut pas dire que la ville manque de curiosités. À Shanghai  l’intérêt se porte sur les reliques du capitalisme décomplexé d’avant-guerre et sur les scènes de l’énergie et du charme contemporains de la ville.
paragraph2sentence.train-travel-20-2,Les spectacles chinois allient divertissement et édification dans un ensemble scintillant que peu d’imprésarios occidentaux pourraient se permettre de monter.
paragraph2sentence.train-travel-21-1,Perché au bord du Bairro Alto se trouve l'un des sites les plus évocateurs de Lisbonne  la coquille de l'Igreja do Carmo du XIVe siècle  qui était remplie de fidèles le jour de la Toussaint  en 1755  lorsque le terrible tremblement de terre a fait tomber le toit. L'église est délibérément préservée comme une ruine atmosphérique. À proximité  la somptueuse Igreja de São Roque du XVIe siècle abrite une somptueuse chapelle baroque de São João Baptista (Saint-Jean-Baptiste) et un petit musée d'art sacré.
paragraph2sentence.train-travel-21-2,Cependant  il n’est pas nécessaire de partir à la recherche de neige pour skier ; le centre de ski Glacier de Pankow possède le plus long parcours de ski couvert au monde.
paragraph2sentence.train-travel-22-1,Les amateurs d’écotourisme et d’aventure auront ici l’impression d’avoir atteint le nirvana. Avec un nombre croissant de touristes à la recherche de ces options  l'Association mexicaine des voyages d'aventure et de l'écotourisme (AMTAVE ; Tél. (5) 663-5381 ou www.amtave.com.mx) a été créée pour offrir des informations sur les guides les plus qualifiés et les prestataires de services authentiques dans chaque région du Mexique  et peut vous orienter vers des membres qualifiés dans la région.
paragraph2sentence.train-travel-22-2,L’une des principales attractions de la ville est le phénomène naturel des marées extraordinaires de la baie de Fundy  avec une variation de marée basse à marée haute de 8.
paragraph2sentence.train-travel-23-1,Voile : La voile le week-end et l'été est très populaire auprès des Athéniens  comme en témoignent les marinas bondées comme celles du Pirée. Des tournois ont lieu régulièrement tout au long de l'été et même les enfants organisent leurs propres compétitions de ligue. Plusieurs entreprises proposent des bateaux à louer – avec équipage ou « nus » si vous avez un brevet de capitaine. Contacter la Fédération hellénique de voile  Odos Xenofondos 15  Tél. 01-3235560 pour plus de détails.
paragraph2sentence.train-travel-23-2,Athènes abrite une communauté de voile très active  surtout en été  qui propose des tournois pour adultes et enfants.
paragraph2sentence.train-travel-24-1,À l'ouest de l'Acropole se trouve une autre petite chaîne de collines désormais coupées par des sentiers piétonniers et couvertes d'arbres offrant une ombre rafraîchissante dans la chaleur de l'été. Cette zone  accessible en traversant Odós Rovertou Gali et en passant derrière le restaurant Dionysus  offre des vues splendides sur l'Acropole (c'est le meilleur endroit pour une vue d'ensemble de l'après-midi)  et l'auditorium du spectacle son et lumière se trouve ici pour cette raison. Plusieurs sites archéologiques peuvent être vus et la zone est beaucoup moins fréquentée que l'Acropole elle-même. Vous verrez également l'église du XVIe siècle  Ayios Dimítrios Loumbardhi  nichée sous la canopée des bois.
paragraph2sentence.train-travel-24-2,Suite à cela  de nouveaux murs défensifs ont été construits  comprenant des éléments de l'ancien temple d'Athéna en ruine et de l'ancien Parthénon.
paragraph2sentence.train-travel-25-1,Comme alternative délicieuse à la voiture  vous pouvez voyager de Vancouver à Squamish à bord du train à vapeur Royal Hudson 2860  un vieux bateau-pompe ordinaire qui vous offre une vue rapprochée des montagnes et de la forêt. L'aller-retour dure 6 heures  dont une escale de 2 heures à Squamish permettant une promenade jusqu'aux chutes de Shannon. Vous avez également la possibilité d'effectuer une étape du voyage par la mer (30 minutes de plus). Montez à bord du train du matin à North Vancouver  au bas de Pember Street  et revenez de Squamish à bord du ferry MV Britannia – ou vice versa  en partant du quai Harbour Ferry de Vancouver  au bas de Denman Street.
paragraph2sentence.train-travel-25-2,Les options panoramiques courantes de Squamish à Vancouver sont le train à vapeur Royal Hudson 2860 qui offre une vue magnifique sur le célèbre paysage du nord-ouest du Pacifique  ainsi qu'un arrêt pour voir les chutes de Shannon ou un voyage par mer sur le ferry MV Britannia.
paragraph2sentence.train-travel-26-1,Au début du XIXe siècle  Napoléon réussit à entraîner le Portugal dans le feu des conflits européens. La France a envahi le pays en 1807 lorsque le Portugal a refusé de fermer ses ports à la navigation britannique. La famille royale s'enfuit au Brésil à bord d'un navire britannique et le général britannique Arthur Wellesley (plus tard duc de Wellington) résista aux invasions. La bataille finale eut lieu en 1810-1811  lorsque les Français  incapables de franchir les immenses fortifications de Torres Vedras  se retirèrent en Espagne.
paragraph2sentence.train-travel-26-2,Deux des équipes de football de première division les plus populaires de Budapest sont actuellement Kispest-Honvéd et Ferencváros.
paragraph2sentence.train-travel-27-1,Les sculptures sur bois sont réalisées à partir d’une variété d’arbres indigènes. Certains des meilleurs sont fabriqués à partir du lignum vitae  l’arbre national des Bahamas  et du tamarin sauvage. Les sculptures sont d'une variété déconcertante  bien que les motifs d'animaux et de poissons semblent prédominer. Vérifiez toujours soigneusement une pièce avant d’acheter car sa qualité varie. N'achetez pas de bois s'il semble vert ; cela signifie généralement que le bois n'a pas été laissé sécher et qu'il peut se fendre en séchant.
paragraph2sentence.train-travel-27-2,Le tamarin sauvage  l'arbre national des Bahamas  est populaire auprès des artisans locaux pour sculpter une variété de bibelots disponibles à l'achat.
paragraph2sentence.train-travel-28-1,Les Chinois sont arrivés à la suite de la grande rébellion des Taiping de 1851  en quête de sécurité et de prospérité dans ce qu’on leur disait être les « Montagnes dorées » de Californie. Ils ont été exploités à la fois par des entrepreneurs chinois  qui les utilisaient comme travailleurs sous contrat  et par une fiscalité discriminatoire de la part du législateur de l'État. Les plus maltraités  cependant  furent les Amérindiens  dont le nombre diminua rapidement non seulement à cause de la maladie et de la malnutrition  mais aussi à cause des massacres systématiques perpétrés dans les années 1850 par les milices californiennes.
paragraph2sentence.train-travel-28-2,Vous pouvez vous rendre à presque tous ces endroits en train ou en bus  et les voyages en avion sont assez bon marché.
paragraph2sentence.train-travel-29-1,Pêche : Vous n’avez pas besoin d’être un pêcheur professionnel pour profiter d’une journée de pêche relaxante. Presque tous les mâles de plus de cinq ans peuvent être trouvés assis sur la digue en attendant une bouchée et c'est incroyablement relaxant de laisser la canne faire tout le travail. Ou vous pouvez louer un petit bateau et vous diriger vers des eaux plus profondes. Contacter le Club des Pêcheurs Amateurs et des Sports Maritimes Quai Moutsopoulou  Tél. 01-4515731 pour plus de détails.
paragraph2sentence.train-travel-29-2,La pêche est un passe-temps populaire et relaxant apprécié par les habitants qui s'assoient sur la digue pour manger un morceau.
paragraph2sentence.train-travel-30-1,Sur le site du complexe gothique de l'Hôpital de la Santa Creu (Hôpital de la Sainte Croix)  il y a eu pendant mille ans un hôpital et un refuge pour les pèlerins. Gaudí est mort ici en 1926. Les structures actuelles ont été commencées en 1401. Recherchez la frise de carreaux du XVIe siècle sur la vie de saint Paul dans l'entrée de l'Institut d'Estudis Catalans. La cour de l’hôpital est reposante  avec des bancs près des orangers qui portent leurs fruits en été. Des expositions d'art et de livres sont organisées dans les différentes salles situées à côté du cloître.
paragraph2sentence.train-travel-30-2,Bien que vieille de plus d'un millénaire  la structure actuelle de l'hôpital a été commencée en 1401 et contient des éléments merveilleux comme une frise de la vie de saint Paul du 16ème siècle et une cour pittoresque avec des bancs accueillants et des fleurs d'oranger fraîches en été.
paragraph2sentence.train-travel-31-1,Les roues hydrauliques fonctionnent dans la région de Murcie depuis plus de mille ans. Vous pouvez en voir un à La Ñora  à 6 km du centre-ville de Murcie. La roue d'origine a été remplacée par une roue en acier  mais le système mauresque est par ailleurs inchangé. Quelques kilomètres plus loin  en direction de Grenade sur la N-340  le Museo de la Huerta (Musée de l'Agriculture) d'Alcantarilla jouxte une deuxième roue hydraulique  également en acier. Les expositions du musée présentent tous les aspects de la vie rurale de Murcie  y compris le mobilier traditionnel.
paragraph2sentence.train-travel-31-2,Les roues hydrauliques sont utilisées dans la région de Murcie depuis plus d'un millénaire et bien que les roues en bois d'origine aient été remplacées par des roues en acier (comme à La Ñora et au Musée de la Huerta)  le système de roues hydrauliques maures reste en grande partie le même.
paragraph2sentence.train-travel-32-1,Depuis la première guerre de l’opium (1839-1842)  les pays occidentaux poussaient la Chine à ouvrir ses portes au commerce extérieur. En 1860  pendant la Seconde Guerre de l’opium  les troupes britanniques et françaises occupèrent Pékin par la force et exigèrent les droits issus de traités. Les délégations étrangères  les entreprises et les missionnaires affluèrent dans la capitale et s'installèrent dans le quartier des légations  situé juste au sud-est de la Cité interdite.
paragraph2sentence.train-travel-32-2,Après des années de pression pour autoriser le commerce extérieur  les Français réussissent à acquérir des droits issus de traités auprès de Pékin après la Seconde Guerre de l'opium  libérant ainsi un afflux de délégués  de missionnaires et d'entreprises dans la ville.
paragraph2sentence.train-travel-33-1,C'est une île idéale pour chausser vos chaussures de marche et partir à la campagne. Vous serez bien récompensé  avec de petits villages isolés  des églises cachées et un mode de vie rural à explorer. Bien que les Crétois se demandent pourquoi on voudrait faire de la randonnée sans autre but que le plaisir  ils accueillent véritablement les voyageurs à pied. Les itinéraires peuvent aller de courtes promenades faciles et plates à des randonnées en montagne escarpées  bien qu'il ne soit pas conseillé de se diriger vers les hauts sommets sans guide.
paragraph2sentence.train-travel-33-2,Les randonnées en Crète regorgent de choses à voir parmi les villages cachés  les églises et les paysages idylliques - sans parler des interactions amicales avec les habitants que vous rencontrerez en chemin.
paragraph2sentence.train-travel-34-1,Les touristes peuvent choisir entre des navires à passagers chinois ordinaires ou des navires de croisière de luxe plus luxueux destinés aux visiteurs étrangers. Les bateaux fluviaux utilisés par les Chinois manquent de fioritures  de commodités et de guides. Les embarcations de luxe facturent beaucoup plus mais offrent une bonne gamme de services touristiques  notamment des repas décents. Souvent réservés en partie aux voyages à forfait  ces navires sont également ouverts aux voyageurs indépendants  et les cabines peuvent même être réservées à l'avance à l'étranger auprès de lignes telles que Victoria Cruises.
paragraph2sentence.train-travel-34-2,Une fois sur place  vous devriez pouvoir compter sur toutes les autres îles Canaries et  dans les bons jours  voir l'Afrique du Nord.
paragraph2sentence.train-travel-35-1,Ce paysage montagneux austère de forêt de pins s’éclaircissant progressivement pour laisser place à des canyons plus arides et escarpés au-dessus de la rivière au débit rapide est le pays pionnier qui a « créé » la Colombie-Britannique. En partant de Vancouver vers l'est sur la Transcanadienne et en suivant le fleuve Fraser vers le nord jusqu'à son affluent  la Thompson  vous revenez en arrière sur la grande route d'exploration tracée par d'intrépides commerçants de fourrures  des prairies jusqu'au Pacifique. C’est aussi la route suivie infailliblement par des millions de saumons du Pacifique entre l’océan et leurs frayères situées à l’intérieur des terres. Et  contre toute attente du terrain  c'est l'itinéraire choisi par les chemins de fer pour transporter les richesses du bois  des mines - et les premiers touristes - à travers le continent.
paragraph2sentence.train-travel-35-2,En partant de Vancouver vers l'est  à travers le paysage montagneux austère qui définit la Colombie-Britannique  vous retracerez non seulement les traces des premiers commerçants de fourrures en route vers le Pacifique  mais aussi celles du saumon du Pacifique lors de ses voyages migratoires et du chemin de fer lui-même.
paragraph2sentence.train-travel-36-1,Juste au coin d'une allée sinueuse peuplée de vendeurs  la Grande Mosquée (Qingzhensi) retrace son histoire jusqu'à notre ère. 742. Le complexe serein et spacieux se compose de jardins  de temples et de pavillons  en grande partie de style chinois. Les galeries latérales contiennent des meubles et des paravents magnifiquement sculptés. La Tour d’Introspection (Shengxin) à triple avant-toit est un minaret depuis lequel de nombreux membres de l’importante minorité musulmane de Xi’an  y compris les descendants des voyageurs de la Route de la Soie  sont appelés à la prière. La salle de prière en accueille plus de 1 000.
paragraph2sentence.train-travel-36-2,Xi'an abrite une importante communauté musulmane issue des échanges le long de la Route de la Soie  avec sa mosquée la plus célèbre  Qingzhensi  contenant de vastes terrains avec des temples et des jardins d'influence chinoise  parmi lesquels plus d'un millier de personnes dans sa salle de prière principale.
paragraph2sentence.train-travel-37-1,Chandeliers  casseroles et poêles  balances à l'ancienne  bols et plateaux se trouvent partout au Portugal. Les cataplanas constituent un délicieux souvenir décoratif ou fonctionnel. La tradition mauresque de fabrication d'ustensiles de cuisine en métal battu est maintenue dans la ville de Loulé  en Algarve.
paragraph2sentence.train-travel-37-2,Le Portugal est un trésor de souvenirs à la fois artisanaux et fonctionnels comme des arcs  des plateaux et des chandeliers  qui sont souvent fabriqués dans les anciennes traditions maures.
paragraph2sentence.train-travel-38-1,L’association de Sukarno avec le PKI l’a contraint à céder la plupart de ses pouvoirs. Seul son rôle honorable dans la lutte pour l’indépendance l’a sauvé du procès. En 1968  Suharto accède à la présidence.
paragraph2sentence.train-travel-38-2,Suharto a pris la présidence de Bali en 1968 après que Sukarno ait été contraint d'abdiquer en raison de ses liens avec le PKI.
paragraph2sentence.train-travel-39-1,La banlieue voisine de Saint-Marin appartenait autrefois au magnat des chemins de fer Henry E. Huntington (1850-1927)  et son beau manoir abrite aujourd'hui la bibliothèque Huntington (1151 Oxford Road). Sa collection de livres rares comprend l’un des premiers folios de Shakespeare  une Bible de Gutenberg et une première édition de l’autobiographie de Benjamin Franklin. L'attraction la plus séduisante est peut-être le jardin botanique de 50 hectares  avec ses magnifiques jardins de roses  du désert et japonais.
paragraph2sentence.train-travel-39-2,Saint-Marin contient deux attractions principales : la bibliothèque Huntington avec sa grande collection de livres et les jardins botaniques  qui s'étendent sur cent acres - une rareté dans la région de Los Angeles - et contiennent plusieurs jardins dédiés à des styles spécifiques.
paragraph2sentence.train-travel-40-1,Depuis le Temple d'Or  continuez à descendre la ruelle étroite et vous arriverez au complexe du temple dominé par une pagode à cinq niveaux  le temple Kumbheshwar  dédié à Shiva et datant de 1392. On dit que deux étangs dans l'enceinte du temple sont alimentés par les eaux du lac sacré Gosainkund  haut dans l'Himalaya. En été  des milliers de fidèles viennent se baigner dans ces étangs sous un lingam Shiva richement orné.
paragraph2sentence.train-travel-40-2,Pendant les mois d'été  les fidèles de Shiva viennent se baigner dans les étangs du temple de Kumbheshwar.
paragraph2sentence.train-travel-41-1,Le musée donne sur le lac de l'Est (Dong Hu)  considéré comme le plus grand lac de tous les parcs municipaux de Chine  avec 33 km² (près de 13 miles carrés) d'eau d'une clarté invitante. La navigation de plaisance  la natation et la pêche sont populaires ici. Bien sûr  aucun lac chinois ne serait complet sans ses îles artificielles  ses chaussées et ses pavillons  dont plusieurs servent de salons de thé ornés de fleurs de pêchers et de pruniers  d'orchidées ou d'osmanthus  selon la saison.
paragraph2sentence.train-travel-41-2,Les sites touristiques courants dans les lacs chinois comprennent des îles artificielles  des chaussées et des pavillons  qui peuvent également servir de salons de thé ornés de fleurs  selon la saison.
paragraph2sentence.train-travel-42-1,Au sud-ouest des Invalides se trouve l'Ecole Militaire  où se forment les officiers depuis le milieu du XVIIIe siècle. Leur ancien terrain d'armes  le vaste Champ de Mars  est aujourd'hui un parc verdoyant qui s'étend jusqu'à la Tour Eiffel. Des courses hippiques y ont eu lieu dans les années 1780  ainsi que cinq expositions universelles entre 1867 et 1937. Au XXe siècle  elle est devenue la devanture des résidences les plus luxueuses de la rive gauche. Il est également populaire auprès des expatriés américains  que l’on peut souvent voir jouer au touch football ou à des matchs de softball.
paragraph2sentence.train-travel-42-2,Le vaste parc du Champ de Mars s'étend jusqu'à la Tour Eiffel  assez grand pour accueillir cinq expositions universelles et même des courses de chevaux  et suffisamment invitant pour que les expatriés s'adonnent à des sports étrangers populaires comme le softball ou le football sur ses pelouses.
paragraph2sentence.train-travel-43-1,Près de la ville de Lisse se trouvent les célèbres jardins de Keukenhof  un jardin fleuri phare de 28 hectares (69 acres) qui ouvre ses portes au public. Vous trouverez des fleurs de crocus  de jacinthes et de narcisses ainsi que la tulipe  dans des couleurs que vous ne voyez normalement que dans votre imagination. Le paysage de Keukenhof est rehaussé de jolis moulins à vent  ajoutant à l'atmosphère hollandaise authentique. Il y a aussi un restaurant et une boutique de cadeaux où vous pouvez acheter des bulbes  des fleurs et d'autres souvenirs hollandais.
paragraph2sentence.train-travel-43-2,Elle possède également certaines des voies navigables les plus anciennes  autrefois si importantes pour la livraison des marchandises en provenance du monde colonial néerlandais.
paragraph2sentence.train-travel-44-1,Deux des principales attractions de Pékin  le Palais d’été et les collines de l’Ouest  sont situées au nord-ouest de l’expansion urbaine implacable de la capitale. Il s’agit de la magnifique campagne vallonnée du district de Haidian (qui abrite les meilleures universités et développeurs de technologies informatiques de Chine). Et plus près du centre-ville  le quartier ouest de Pékin abrite quatre temples majeurs  le musée d'art de Pékin et le zoo de Pékin.
paragraph2sentence.train-travel-44-2,Près de la porte nord de la Cité interdite se trouve le jardin impérial (Yu Hua Yuan)  rempli de petits pavillons  d'anciens cyprès et de colonies complexes  tous construits sous la dynastie Ming.
paragraph2sentence.train-travel-45-1,L'allemand Qingdao a connu un sort curieux pendant la Première Guerre mondiale. Le Japon  qui a rejoint les forces alliées  a envahi la ville  a emprisonné les survivants de la garnison allemande et a occupé Qingdao pendant toute la durée de la guerre. La Chine n’a pu retrouver sa souveraineté qu’en 1922. Après l’arrivée au pouvoir des communistes en 1949  le développement industriel s’est poursuivi. Cependant  même si la population dépasse désormais les 4 millions d'habitants (y compris les régions périphériques)  Qingdao conserve son allure tranquille.
paragraph2sentence.train-travel-45-2,Le Japon a envahi Qingdao pendant la Première Guerre mondiale pour la durée de la guerre  ne rendant la région à la Chine qu'en 1922.
paragraph2sentence.train-travel-46-1,À Lombok  les combats rituels ont depuis longtemps remplacé la guerre. Les Balinais et les Sasaks se lancent des paquets de riz cuit lors du festival perang ketupet d'octobre. De grandes foules se rassemblent régulièrement dans les villages de Lombok pour assister à des concours de peresehan au cours desquels des hommes armés de cannes en rotin et de boucliers en cuir s'affrontent jusqu'à ce que l'arbitre déclare l'un d'eux vainqueur.
paragraph2sentence.train-travel-46-2,Il y a des plages plus belles vers la pointe sud de l'île  mais vous aurez besoin d'un véhicule à quatre roues motrices pour vous y rendre.
paragraph2sentence.train-travel-47-1,Au sud d’Hollywood Boulevard se trouve la rue la plus célèbre de Los Angeles  Sunset Boulevard. La section entre Hollywood et Beverly Hills  connue simplement sous le nom de « The Strip »  continue d'être le terrain de jeu des riches  des célèbres  des jeunes et des branchés. Une promenade vers Sunset peut être dangereuse  car les panneaux publicitaires vantant les derniers films et disques peuvent rendre difficile de garder les yeux sur la route.
paragraph2sentence.train-travel-47-2,La rue la plus célèbre de Los Angeles  Sunset Blvd.  regorge d'activités et de gens  mais sachez que si vous conduisez  le boulevard est également rempli de panneaux d'affichage animés attrayants connus pour distraire les conducteurs touristiques !
paragraph2sentence.train-travel-48-1,L'unité et la force nationales furent renouvelées sous la dynastie Sui (581-618 ap. J.-C.)  bref prélude aux plus hautes réalisations de l'art chinois. Les Sui construisirent une nouvelle métropole majestueuse à Chang'an  près du site de l'ancienne capitale Han (aujourd'hui Xi'an  dans la province du Shaanxi). Ils ont également commencé les travaux sur le Grand Canal  qui devait relier les zones rizicoles de la vallée du Yangzi à Pékin  une réalisation technique comparable à la construction de la Grande Muraille.
paragraph2sentence.train-travel-48-2,La dynastie Sui a considérablement amélioré l'unité nationale  en construisant une nouvelle ville à Chang'an et en commençant les travaux sur le Grand Canal qui reliait Pékin aux rizières du Yangzi.
paragraph2sentence.train-travel-49-1,Diexodos est une entreprise qui organise des randonnées guidées à la journée ou plus longues. Ils peuvent vous fournir du matériel et une assurance supplémentaire si vous en avez besoin. Contactez-les au Tél./fax (0841) 28098.
paragraph2sentence.train-travel-49-2,La société Diexodos organise des randonnées guidées sur un ou plusieurs jours et peut même vous fournir votre matériel et votre assurance si vous en avez besoin.
paragraph2sentence.train-travel-50-1,À l’exception des citations sur les murs de la fondatrice du Nouveau Testament et de la Science Chrétienne  Mary Baker Eddy  il n’y a aucune décoration. Certains vitraux se trouvent dans l’ancienne église  qui contient également la chaise de la fondatrice Mary Baker Eddy. Elle ne s’est adressée à la congrégation que deux fois  souhaitant éviter toute idolâtrie personnelle. Une visite guidée est fortement recommandée (vous ne pouvez visiter l'église d'origine qu'en participant à une visite).
paragraph2sentence.train-travel-50-2,L'église n'est visitable que par visite guidée et est elle-même peu décorée de quelques versets du Nouveau Testament sur le mur et des vitraux de l'église plus ancienne.
paragraph2sentence.train-travel-51-1,Vers le nord-est de la Beira Alta se trouve le plateau aride du Planalto (« Haute Plaine »)  une région sauvage  froide et peu peuplée  mais suffisamment importante pour avoir été conquise par le Portugal et l'Espagne. L’isolement du plateau attire de nombreux Juifs fuyant l’Inquisition. La ville fortifiée de Trancoso (43 km au nord de Guarda) témoigne de cet héritage dans les sculptures en pierre au-dessus des portes des maisons juives. À des kilomètres à la ronde  vous pouvez voir les puissants murs du château et le fort donjon construits par Dom Dinis pour fortifier la frontière avec l'Espagne.
paragraph2sentence.train-travel-51-2,Les pulls en cachemire  de tous styles et de toutes couleurs  sont une aubaine inattendue.
paragraph2sentence.train-travel-52-1,De toutes les sources de Jinan  celle qui a le plus d’associations historiques est la Jet Spring (Baotuquan). C’est à partir de ce printemps  au XVIIe siècle  que l’empereur Kangxi de la dynastie Qing a bu une gorgée et l’a prononcé « la première source sous le ciel ». Il est aujourd'hui entouré d'un parc soigneusement aménagé. À quelques pas se trouve la source du tigre noir (Heihuquan)  dont l'eau douce rugit de la gueule de trois tigres sculptés dans une falaise de pierre noire.
paragraph2sentence.train-travel-52-2,Le parc contenant Baotuquan (Jet Spring) remonte au XVIIe siècle  lorsque l'empereur Kangxi de la dynastie Qing goûta l'eau de la source et la déclara comme la « première source sous le ciel ».
paragraph2sentence.train-travel-53-1,L'Abitation de Champlain de 1608 – deux maisons en bois et un entrepôt de fourrures entourés d'une palissade et d'un fossé – se dressait sur la Place Royale  aujourd'hui une place magnifiquement restaurée d'élégantes maisons des XVIIe et XVIIIe siècles. Au centre se trouve une réplique d'un buste de Louis XIV de 1686. Face à la Place Royale  l'église Notre-Dame-des-Victoires célèbre les victoires françaises sur les Britanniques avant 1759.
paragraph2sentence.train-travel-53-2,Les deux maisons et le magasin étaient l'habitation originale de Champlain sur laquelle se dresse aujourd'hui la place centrale restaurée avec des maisons des XVIIIe et XVIIe siècles  l'église Notre-Dame-des-Victoires et au centre un buste de Louis XIV.
paragraph2sentence.train-travel-54-1,Le Musée national des sciences et de la technologie (1867  boulevard Saint-Laurent) s'inscrit dans le style de la science par le plaisir et le jeu. Dans le plus grand musée du Canada  vous pourrez admirer des vues du ciel grâce à un immense télescope réfringent  des démonstrations d'équilibre et d'optique à faire soi-même et une bulle en plastique avec des poussins vivants éclos sous vos yeux. Mais malgré tout le fracas du nouveau genre  le musée n'a pas oublié le charme des voitures anciennes en parfait état et  surtout  des vieilles locomotives de train - des géants de la grande époque de la vapeur qui a véritablement « fait » le Canada.
paragraph2sentence.train-travel-54-2,Offrant un contrepoint culturel à un pâté de maisons au nord du Convention Center  le Roy Thomson Hall transparent de l'architecte de Vancouver Arthur Erickson brille la nuit pour mettre en valeur les foules de spectateurs intelligents assistant à l'Orchestre symphonique de Toronto.
paragraph2sentence.train-travel-55-1,Avec son ambition d'unir les États de Brandebourg et de Prusse  c'est le grand électeur Friedrich Wilhelm (1640-1688) qui prépara Berlin à devenir une capitale forte et la fortifia pour en faire une ville de garnison. Les premiers nouveaux arrivants étaient 50 riches familles juives expulsées de Vienne en 1671. Puis  14 ans plus tard  5 600 protestants huguenots arrivèrent après avoir été chassés de France par la révocation de l'édit de Nantes. À une époque où la France était considérée comme le maître culturel de l'Europe  ces marchands sophistiqués et artisans hautement qualifiés - parmi lesquels des bijoutiers  des tailleurs  des chefs et des restaurateurs - ont apporté un nouveau raffinement à la ville.
paragraph2sentence.train-travel-55-2,Friedrich Wilhelm a joué un rôle déterminant dans le développement de Berlin  dirigeant d'abord 50 familles juives aisées  puis des milliers de protestants huguenots fuyant la France  qui  ensemble  ont considérablement accru la classe supérieure de la ville avec des métiers plus raffinés tels que les arts culinaires  la couture et la fabrication de bijoux.
paragraph2sentence.train-travel-56-1,De derrière l'Ajuntament  empruntez la courte rue d'Hèrcules jusqu'à la Plaça de Sant Just pour un rapide coup d'œil à l'église de Sants Just i Pastor et à la petite place charmante et tranquille sur laquelle elle se trouve  évoquant une Barcelone d'antan. L'église est l'une des plus anciennes de la ville  bien que souvent rénovée. On dit que tout testament par lequel on jure devant l’autel de l’église est reconnu comme valide par les tribunaux de Barcelone  une pratique qui remonte au Xe siècle.
paragraph2sentence.train-travel-56-2,En retrait de la rue se trouve l'une des grandes attractions des Ramblas et une constante de la vie des Barcelonais : le Mercat de Sant Josep  également appelé La Boquería.
paragraph2sentence.train-travel-57-1,L'agréable place centrale de Tomar  Praça da Republica  est flanquée de l'élégante église manuéline de São João Baptista  avec un beffroi octogonal inhabituel et un portique complexe  ainsi que de l'hôtel de ville du XVIIe siècle. La statue au centre de la place raconte cependant la véritable histoire de la ville. Sous une colonie de pigeons omniprésente  elle représente Gualdim Pais  Grand Maître de la branche portugaise de l'Ordre croisé des Templiers  à qui la ville fut concédée en 1157.
paragraph2sentence.train-travel-57-2,Depuis Katmandou  remontez en voiture ou en bus la vallée de la rivière Trisuli (une aventure en soi) jusqu'à Dhunche  l'entrée du parc national du Langtang (l'entrée est payante  alors conservez le billet : il peut être demandé en cours de route).
paragraph2sentence.train-travel-58-1,L’histoire de la Pologne  déchirée par la guerre et divisée de manière presque incompréhensible  se déroule comme un roman épique : parfois triomphant  souvent triste et tragique. En un millénaire  la Pologne a évolué d’un royaume immense  imposant et économiquement puissant à une nation divisée qui a cessé d’exister sur les cartes du monde pendant plus de 120 ans  et enfin à un peuple et à un territoire au centre des plus grandes guerres et des plus horribles tragédies humaines du 20e siècle. Mais la Pologne a survécu  avec sa culture  sa langue et la majeure partie de son territoire intacts  et aujourd’hui les Polonais envisagent avec optimisme de prendre leur place à l’avant-garde de la nouvelle Europe centrale post-communiste.
paragraph2sentence.train-travel-58-2,L'économie émergente de la Pologne marque aujourd'hui les hauts et les bas de son histoire  notamment en étant rayée de la carte pendant plus d'un siècle  mais aussi en devenant à un moment donné l'un des royaumes européens les plus puissants.
paragraph2sentence.train-travel-59-1,Au sommet se trouve l'un des plus anciens stupas du monde  un immense monticule blanc surmonté d'un cube doré  sur les quatre côtés duquel se trouvent les étonnants yeux qui voient tout de Bouddha. Au-dessus s'élève une tour de 13 disques dorés décroissants symbolisant les 13 marches vers l'illumination  puis un parasol royal doré surmonté d'une couronne en forme de cloche. Des rangées de drapeaux de prière s’étendent depuis le sommet de la tour et autour de la base se trouvent des centaines de petits moulins à prières. Pendant que les pèlerins font le tour du stupa  des singes  des chiens et des pigeons grimpent et recherchent des restes d'offrandes de nourriture dans les petits autels situés dans les fondations.
paragraph2sentence.train-travel-59-2,Freak Street n'est plus la plaque tournante de Katmandou pour les routards ; Les voyageurs à petit budget d’aujourd’hui semblent prêts à dépenser un peu plus que leurs prédécesseurs hippies.
paragraph2sentence.train-travel-60-1,Cependant  alors que l'empire romain commençait à s'effondrer  les Huns et les Vandales envahirent le fleuve et  au début du Ve siècle  Aquincum tomba aux mains des tribus d'Attila. On pense que la ville située sur la rive ouest de la rivière doit son nom au frère d’Attila (ou peut-être à son beau-frère)  Buda  qui y fut banni. À la mort d'Attila en 453  les Huns furent renversés et les Avars devinrent la puissance dominante  occupant la région du milieu du VIe siècle au début du IXe siècle.
paragraph2sentence.train-travel-60-2,Les Huns et les Vandales ont gouverné le fleuve après les Romains  donnant même à une ville le nom du frère d'Attila  jusqu'à la montée des Avars après la mort d'Attila.
paragraph2sentence.train-travel-61-1,En 1897  pour tenter de freiner les pires excès du Big Easy  l'échevin Sidney Story a créé une ordonnance municipale interdisant la prostitution partout dans la ville  à l'exception d'une petite zone spécifique juste au-delà du quartier français  où elle pouvait être contenue et contrôlée. Ce quartier  connu sous le nom de Storyville  est devenu une légende en son temps  où le mélange de glamour  de dépravation et de couleur des bordels locaux attirait presque toutes les célébrités en visite  et où les buveurs de saloon  les joueurs et les débauchés attendant leur tour pouvaient taper du pied sur un style de musique en plein essor : le jazz. Louis Armstrong a commencé à jouer de son cornet courbé et nickelé lors des plongées de Storyville. Il improvisait du soir au lever du jour pour 15 centimes la nuit.
paragraph2sentence.train-travel-61-2,Située dans le quartier français de la Nouvelle-Orléans  Storyville a attiré presque toutes les célébrités en visite et a été l'un des berceaux du jazz  où Louis Armstrong a fait ses débuts et a développé son jeu de trompette à cor courbé.
paragraph2sentence.train-travel-62-1,Les montagnes que vous apercevez au loin à l'horizon de Benidorm sont parfumées d'herbes sauvages et de lavande  et en juillet et août  les haies sont luxuriantes de mûres que peu d'habitants prennent la peine de cueillir. Continuer vers le sud sur l'autoroute jusqu'à Villajoyosa  puis prendre la route qui mène à Sella. La campagne est sans distinction  jusqu'à ce que soudain vous contempliez les eaux vert émeraude du barrage d'Amadorio  lieu de prédilection des pêcheurs et des pique-niqueurs exigeants. Après 5 km supplémentaires  vous arrivez au village de Sella  éclipsé par un plateau extraordinaire.
paragraph2sentence.train-travel-62-2,En passant au loin en direction de Benidorm  des montagnes luxuriantes avec de nombreuses herbes et - en été - des mûres  votre route continue à travers la campagne jusqu'à Villajoyosa et Sella jusqu'à atteindre le barrage d'Amadorio  qui propose de fantastiques pique-niques et pêche avec une vue fabuleuse sur le plateau.
paragraph2sentence.train-travel-63-1,Après avoir exploré le fort  revenez à travers les pelouses herbeuses. (Au petit rond-point au bout de l'allée  vous trouverez des buvettes où vous pourrez prendre une boisson fraîche ou une collation avant de continuer.) Les jeunes Puertorriqueños se sont mis au skateboard et au roller sur la Plaza del Quartel Ballajá  à proximité. Ils se rassemblent chaque jour sur cette place pour rivaliser avec leurs pairs et montrer leurs compétences aux passants.
paragraph2sentence.train-travel-63-2,Après avoir visité le fort  continuez vers l'ouest le long du boulevard del Valle  qui devient la rue Norzagaray et vous serez ici tenté par de belles vues sur la mer ; vous pourrez même apercevoir un bateau de croisière entrer gracieusement dans le port.
paragraph2sentence.train-travel-64-1,Le Danube gris-vert traverse directement le cœur de la ville  séparant parfaitement les anciennes rues pavées de Buda des boulevards de Pest de la fin du XIXe siècle. Si vous aimez l'histoire  vous vous dirigerez probablement vers la rive Buda de la rivière  mais si vous êtes un passionné de shopping et que vous appréciez la vie nocturne animée  alors Pest vous conviendra certainement.
paragraph2sentence.train-travel-64-2,Budapest était à l'origine deux villes  Buda et Pest  qui conservent encore des caractéristiques distinctes dans leurs incarnations modernes  respectivement avec une touche historique ou un shopping plus animé.
paragraph2sentence.train-travel-65-1,Le trajet de 90 minutes de Toronto à Niagara Falls (130 km au sud de Toronto) contourne l'extrémité ouest du lac Ontario à travers le cœur industriel de la province : Mississauga  Hamilton et St. Catharines  connu sous le nom de Golden Horseshoe. Si vous voulez voir les chutes sans passer la nuit dans la foule des touristes (12 millions de visiteurs par an)  séjournez dans la ville plus calme de Niagara-on-the-Lake  à seulement une demi-heure de route.
paragraph2sentence.train-travel-65-2,Vous pourriez très facilement passer devant la façade sans charme de la bibliothèque du métro de Toronto (sur Yonge  à un pâté de maisons au nord de Bloor)  mais les zones subtilement interconnectées de l'intérieur saisissant de l'architecte Raymond Moriyama pourraient vous inciter à abandonner vos vacances et à vous lancer dans de solides études.
paragraph2sentence.train-travel-66-1,La vie dans les cafés de Dali est l'un de ses principaux plaisirs. Les cafés sont des endroits parfaits pour profiter des heures ensoleillées autour d'un café ou d'une bière ou pour rencontrer des Bai locaux ainsi que d'autres voyageurs. Le plus célèbre des dizaines de cafés est peut-être le Café d’échange culturel de M. China Son  dirigé par Oncle Li (Heliyi)  le premier Bai de l’histoire à partir à l’étranger. Son autobiographie  en vente dans son café  est un feuilleton épique.
paragraph2sentence.train-travel-66-2,Le système de distribution étant imprévisible  les vieux Chinois disent qu’il ne faut pas prendre de risques : si vous trouvez quelque chose qui vous plaît  achetez-le  car il n’est peut-être en vente nulle part ailleurs.
paragraph2sentence.train-travel-67-1,Le musée documente les réalisations de l’école européenne d’architecture et de design la plus progressiste du XXe siècle. Les architectes Walter Gropius  Mies Van der Rohe et Marcel Breuer  ainsi que les artistes Paul Klee  Vasili Kandinsky  Lyonel Feininger  Oskar Schlemmer et Laszlo Moholy-Nagy ont tenté d'intégrer les arts  l'artisanat et l'architecture dans la société industrielle de masse. Voici une sélection des objets qu'ils ont créés : chaises en tube d'acier  tasses et soucoupes  théières  bureaux  nouveaux tissages de tapis  pièces d'échecs et blocs de construction pour enfants  ainsi que quelques plans et croquis architecturaux pionniers.
paragraph2sentence.train-travel-67-2,Au musée  une exposition présente les points forts des artistes et architectes les plus progressistes du XXe siècle  présentant des exemples de leurs créations : des chaises en acier tubulaire  de nouveaux tissages de tapis  des jouets pour enfants et même quelques conceptions architecturales.
paragraph2sentence.train-travel-68-1,Il y a la scintillante côte atlantique  avec ses charmants petits ports de pêche. Ou des collines verdoyantes à travers l'intérieur jusqu'aux vergers et aux fermes laitières de la vallée de l'Annapolis. Ce côté ouest de la péninsule est riche de l’histoire poignante de l’Acadie française. L’île du nord de la province abrite l’un des parcs nationaux les plus appréciés du Canada  les Hautes Terres du Cap-Breton  où vous emprunterez la spectaculaire piste Cabot le long de la côte et à l’intérieur et à l’extérieur de la forêt.
paragraph2sentence.train-travel-68-2,La richesse de l'Arcadie française provient de ses nombreux sites touristiques : les côtes atlantiques scintillantes  les villes portuaires  les terres agricoles vallonnées et  le plus apprécié  les hautes terres du Cap-Breton  qui contiennent l'incontournable piste Cabot le long de la côte et à travers les forêts.
paragraph2sentence.train-travel-69-1,Traversez la Tonnellerie pour rejoindre le Chantier d'Avitaillement  où se trouve l'Office de Tourisme  puis traversez le parc et contournez la zone de cale sèche  qui sert encore à réparer les bateaux et bouées indispensables à la sécurité des navires. Sur la gauche se trouve la Bermuda Pottery  où vous trouverez des experts fabriquant et cuisant des céramiques avec une série de motifs insulaires.
paragraph2sentence.train-travel-69-2,Une fois arrivé  marchez jusqu'au bureau d'information touristique (en passant par la Tonnellerie du Victualing Yard)  puis jusqu'à la cale sèche pour voir les bateaux et les bouées en cours de réparation  bien que les voyageurs moins nautiques puissent être intéressés par le magasin voisin de Bermuda Pottery  qui propose de nombreux objets d'artisanat et de céramiques raffinés.
paragraph2sentence.train-travel-70-1,Retournez au centre-ville sur Point Grey Road et arrêtez-vous près de Jericho Beach pour visiter le magasin Old Hastings Mill (1575 Alma Road). Transporté ici sous clé  stock et tonneau depuis le centre-ville dans les années 1930  il s'agit du bâtiment le plus ancien de la ville : un bureau de poste  un magasin général et le seul vestige du Gastown d'origine à avoir échappé à l'incendie de 1886. Il a été restauré en tant que musée consacré à l'attirail du début du siècle. Le quartier de Kitsilano  qui se rapproche le plus de la bohème  est le quartier de Kitsilano qui est populaire auprès des étudiants  jeunes et moins jeunes.
paragraph2sentence.train-travel-70-2,Sa capacité est imprimée sur son côté : 227 gallons  2 quarts  1 pinte  3 branchies (quelque 868 litres).
paragraph2sentence.train-travel-71-1,On sait peu de choses sur les premiers habitants de l’âge de pierre de l’extrémité sud-ouest de l’Europe. Les anciens Grecs les appelaient les Cynetes (ou Cunetes). Quelles que soient leurs origines  leur culture a évolué sous la pression et l’influence de forces étrangères. Parmi les nombreuses armées d'invasion qui se sont installées ici et ont contribué à la culture portugaise naissante  il y avait les Phéniciens  qui se sont installés dans la région vers 1 000 avant JC  suivis par les Celtes  les Ibères  les Grecs et les Carthaginois.
paragraph2sentence.train-travel-71-2,L’unité nationale du Canada demeure un « travail en cours » dynamique.
paragraph2sentence.train-travel-72-1,La dernière ville de la rive nord  Keszthely (prononcer kest-hey)  appartenait autrefois entièrement à la riche famille Festetics  et son palais est l'un des monuments baroques les plus importants de Hongrie (ouvert toute l'année). Ici  parmi une sélection de ses 101 chambres  vous pourrez découvrir un peu de la vie aristocratique de la famille aux XVIIIe et XIXe siècles. Le point culminant est la bibliothèque Helikon  considérée comme la plus grande du pays  et elle vaut à elle seule le prix d'entrée au palais (qui est élevé selon les normes hongroises).
paragraph2sentence.train-travel-72-2,La bibliothèque Helikon  qui appartenait autrefois à la famille Festetics  est considérée par certains comme la meilleure de Hongrie et est facilement accessible lors de la visite du palais familial d'origine.
paragraph2sentence.train-travel-73-1,Un monument de la Libération (Szabadsag szobor)  visible de tous les quartiers de la ville  se dresse en contrebas de la citadelle. Il a été érigé par les Russes en l’honneur de leurs troupes tombées lors de la « libération » de Budapest des Allemands. Le monument est détesté par la plupart des habitants en tant que symbole de la domination soviétique  mais il est devenu un monument trop important pour être retiré.
paragraph2sentence.train-travel-73-2,Point de repère très visible partout dans la ville  le Monument de la Libération a été initialement installé par les Russes pour honorer leurs morts lors de la « libération » de Budapest de l'Allemagne  mais il est maintenant dédaigné par de nombreux habitants à cause de ce lien - bien que son statut de monument empêche en grande partie son retrait.
paragraph2sentence.train-travel-74-1,L'une des villes les plus pittoresques de la province est le charmant village d'Alte  à environ 30 km au nord d'Albufeira. Le point culminant architectural du village est la belle Igreja Matriz du XVIe siècle  accessible par un portail manuélin classique. Le reste d'Alte est l'Algarve des cartes postales : des maisons blanchies à la chaux le long de rues étroites  des fenêtres colorées  des cheminées en filigrane et des toits de tuiles rouges.
paragraph2sentence.train-travel-74-2,Le mur ouest a été restauré au début du XXe siècle après son effondrement en 1852.
paragraph2sentence.train-travel-75-1,Batur a été reconstruit dans sa position actuelle sur le bord du cratère après qu'une éruption de 1926 ait enterré l'ancien site en contrebas. Une longue rue est bordée de vilaines maisons et hangars en béton  rehaussés par Pura Ulun Danu  le nouveau temple en pierre volcanique noire commencé en 1927 et qui est toujours en cours d'agrandissement. Kintamani  jouxtant Batur  n'est égayée que par son marché  les lundis et jeudis matins.
paragraph2sentence.train-travel-75-2,Batur a été dévastée par l'éruption volcanique voisine en 1926  qui a complètement enseveli une partie de la ville  obligeant ses habitants à reconstruire sur les vestiges.
paragraph2sentence.train-travel-76-1,Mais tout n’était pas totalement perdu. En 1867  dans le cadre d'un compromis visant à freiner l'agitation en faveur de l'autonomie  l'empire austro-hongrois fut créé et la Hongrie obtint finalement son propre gouvernement  même si les ministères clés étaient partagés avec les Autrichiens. Cette « double monarchie » a vu le XIXe siècle sur une note positive  avec de splendides boulevards et de fiers bâtiments érigés pour créer le Pest que nous reconnaissons aujourd'hui. Le Pont des Chaînes est devenu le premier lien permanent sur le fleuve  le métro Pest et la voie ferrée Pest-Vienne ont été ouverts et  en 1873  les villes de Pest  Buda et Obuda ont fusionné pour devenir Budapest.
paragraph2sentence.train-travel-76-2,Le développement du splendide quartier historique de Pest à Budapest doit beaucoup au gouvernement de la double monarchie créé sous l'empire austro-hongrois.
paragraph2sentence.train-newswire-77-1,À la suite d'une décision rendue mardi par la Commission indépendante d'examen des plaintes contre la police (GIEC)  le Premier ministre britannique David Cameron et d'autres hauts responsables politiques britanniques ont critiqué les actions de trois forces de police en Angleterre pour avoir prétendument dissimulé le comportement des policiers impliqués dans l'enquête sur l'ancien ministre Andrew Mitchell.
paragraph2sentence.train-newswire-77-2,Les forces de police anglaises auraient dissimulé le comportement de policiers.
paragraph2sentence.train-newswire-78-1,Le manque de neige a retardé l'ouverture d'un certain nombre de stations de ski dans la région  avec seulement six ouvertes au 16 novembre. Copper Mountain a dû utiliser des machines à neige pour garder la neige sur ses pistes de ski. Le manque de neige de qualité a été un facteur dans la baisse d'environ 12 % du nombre de visiteurs dans les stations de ski du Colorado. Actuellement  la neige est damée à la machine et la majorité des remontées mécaniques et des pistes ne sont pas ouvertes.
paragraph2sentence.train-newswire-78-2,L'idée de sécession est née la semaine dernière lorsque les commissaires des comtés du nord-est du Colorado  Weld  Morgan  Logan  Sedgwick  Phillips  Washington  Yuma et Kit Carson  ont exprimé leur intérêt pour un retrait du Colorado en raison de divergences avec le gouvernement de l'État sur le contrôle des armes à feu et de la perception d'une surréglementation de l'agriculture et des industries pétrolières et gazières.
paragraph2sentence.train-newswire-79-1,Le radiodiffuseur et journaliste britannique Sir David Frost est décédé d'une crise cardiaque  à l'âge de 74 ans. Surtout connu pour une interview de l'ancien président Richard Nixon à la suite du scandale du Watergate  Frost est décédé samedi soir à bord du bateau de croisière Queen Elizabeth  où il devait prononcer un discours. "Sa famille est dévastée et demande le respect de l'intimité en ces temps difficiles"  indique un communiqué publié par la famille de Frost.
paragraph2sentence.train-newswire-79-2,Sir David Frost  présentateur de télévision britannique de 74 ans  est décédé d'une crise cardiaque avant de pouvoir prononcer son discours.
paragraph2sentence.train-newswire-80-1,Des combats ont éclaté entre les guérilleros palestiniens et les miliciens chiites musulmans Amal près des camps du sud du Liban alors que la Syrie se préparait à étendre sa présence militaire dans les colonies de Beyrouth. Des sources sécuritaires du port méridional de Sidon ont indiqué que des affrontements ont éclaté dans des villages du sud-est entre Amal et des guérilleros fidèles au dirigeant palestinien Yasser Arafat. La Syrie est intervenue hier pour mettre fin aux combats dans deux camps de réfugiés de Beyrouth  mais Amal a déclaré qu'elle ne lèverait son siège qu'après qu'Arafat ait retiré ses hommes des villages proches de Sidon.
paragraph2sentence.train-newswire-80-2,En outre  Multifoods cherche à empêcher Bregman Partners d'acquérir d'autres actions ou de voter sur les actions qu'elle serait propriétaire  indique la poursuite.
paragraph2sentence.train-newswire-81-1,On s'attendait à ce que les contrats à terme sur les porcs vivants s'ouvrent de manière stable  voire en hausse après la clôture généralement en hausse d'hier. Les traders anticipent une demande de report provoquée par des appels en direct plus fermes et une décote continue des contrats à terme par rapport aux espèces. Les exploitations porcines sont légères alors que les agriculteurs commencent les travaux de terrain au printemps dans certaines régions  ont-ils noté. Des rapports privés faisant état de produits de porc de consommation stables à fermes et d'une augmentation de la découpe hier ont ajouté à l'intérêt des abattoirs pour les porcs de consommation  ont-ils déclaré. Les retombées des fosses à bétail plus élevées sont également probables aujourd'hui  ont-ils ajouté.
paragraph2sentence.train-newswire-81-2,Les contrats à terme sur les porcs vivants devaient s'ouvrir de manière stable à la hausse  car ils anticipent une demande de report provoquée par des appels en direct plus fermes et la décote continue des contrats à terme par rapport aux espèces et éventuellement certaines retombées associées des contrats à terme sur les bovins.
paragraph2sentence.train-newswire-82-1,Isuzu Motor Ltd <ISUM.T> ne versera aucun dividende pour le premier semestre se terminant le 30 avril 1987  car la société devrait enregistrer une perte actuelle de 12 milliards de yens pour sa société mère au premier semestre en raison du ralentissement des exportations provoqué par l'appréciation du yen  a déclaré un porte-parole de la société. La société n'a versé aucun dividende depuis l'exercice terminé le 31 octobre 1983  date à laquelle elle a versé cinq yens. Son bénéfice courant s'élevait à 4 44 milliards de yens au premier semestre 1985/86.
paragraph2sentence.train-newswire-82-2,L'encours total des prêts hypothécaires des membres de New York s'élevait à 58 8 milliards de dlrs au 31 décembre contre 50 7 milliards à la fin de 1985.
paragraph2sentence.train-newswire-83-1,Les talibans pakistanais ont annoncé jeudi avoir choisi le mollah Fazlullah comme nouveau chef. Une attaque de drone américain la semaine dernière a tué leur précédent dirigeant  Hakimullah Mehsud. Fazlullah  qui s'attribue le mérite d'avoir ordonné l'attaque contre l'écolière Malala Yousafzai en 2012  est connu pour son rejet des pourparlers de paix.
paragraph2sentence.train-newswire-83-2,Après la mort de Hakimullah Mehsud. Fazlullah par les attaques de drones américains  les talibans pakistanais ont annoncé le mollah Fazlullah comme leur nouveau chef.
paragraph2sentence.train-newswire-84-1,National Computer Systems Inc a déclaré que son conseil d'administration avait autorisé la société à racheter jusqu'à 2 0 millions d'actions ordinaires sur le marché libre. La société compte actuellement environ 19 millions d’actions en circulation. Il a indiqué que les actions seront conservées pour être utilisées dans le cadre du plan d'achat d'actions des employés  des plans d'options d'achat d'actions et pour l'usage général de l'entreprise.
paragraph2sentence.train-newswire-84-2,National Computer Systems a autorisé le rachat de deux des dix-neuf millions d'actions en circulation pour les utiliser  entre autres  dans le cadre d'options d'achat d'actions et de plans d'achat d'actions pour les employés.
paragraph2sentence.train-newswire-85-1,Un homme et une femme ont été tués dans un accident de la route près de Connel  dans l'ouest de l'Écosse. Sept personnes  dont trois enfants  ont également été blessées dans la collision frontale sur la route A85 à Argyll vers 18 h 30 BST (17 h 30 UTC) hier.
paragraph2sentence.train-newswire-85-2,Il y a eu une collision frontale impliquant trois enfants.
paragraph2sentence.train-newswire-86-1,AAR Corp a déclaré que son unité AAR Technical Service Center avait signé un accord de maintenance majeur avec Continental Airlines pour fournir une large gamme de support pour les composants exploités sur la flotte croissante d'avions Continental B727  B737  DC9  MD80 et DC10. Il s'agit du plus important accord de service de réparation de composants conclu par Continental Airlines avec un atelier de réparation indépendant.
paragraph2sentence.train-newswire-86-2,AAR Corp a conclu un contrat de maintenance substantiel avec Continental Airlines concernant la réparation des composants.
paragraph2sentence.train-newswire-87-1,Plus tôt dans la journée  la Première ministre du Bangladesh  Cheikh Hasina  a présidé une réunion du cabinet qui a décidé d'accorder la reconnaissance officielle par le gouvernement aux personnes s'identifiant comme Hijras  c'est-à-dire aux personnes qui ne s'identifient ni comme hommes ni comme femmes.
paragraph2sentence.train-newswire-87-2,Une décision officielle du gouvernement du Bangladesh a été prise aujourd'hui par le cabinet et le Premier ministre Sheikh Hasina de reconnaître les Hijras  des personnes dont le genre ne s'identifie ni comme un homme ni comme une femme.
paragraph2sentence.train-newswire-88-1,Le petit  né d'une insémination artificielle réalisée en mars  est sous soins intensifs pendant sa première semaine de vie. C'était la septième tentative de mettre enceinte Yuan Yuan  neuf ans  sur une période de trois ans. Yuan Yuan et son compagnon  Tuan Tuan  ont été offerts par la Chine à Taiwan en décembre 2008  en signe de bonne volonté en raison des conflits historiques entre l'île de Taiwan et la Chine continentale. Les deux pandas n’ont pas réussi à s’accoupler grâce à une grossesse naturelle  d’où le recours à l’insémination artificielle. Yuan Yuan a montré des signes de grossesse début juin et vers la fin du mois  les soignants pensaient qu'elle allait bientôt accoucher. Les gardiens ont passé la nuit au zoo  surveillant constamment Yuan Yuan pendant sa naissance.
paragraph2sentence.train-newswire-88-2,Le régime alimentaire d'un panda se compose principalement de bambou.
paragraph2sentence.train-newswire-89-1,Major a déclaré qu'il n'y aurait pas d'union monétaire entre une Écosse nouvellement indépendante et un Royaume-Uni post-scission : « Une union monétaire  que le SNP [Parti national écossais] considère comme négociable  obligerait le Royaume-Uni à garantir les dettes écossaises. Cela ne peut pas se produire et n’arrivera pas si l’Écosse quitte l’Union. Il ne peut y avoir de maison de transition  ni de quasi-indépendance soutenue par les institutions britanniques.
paragraph2sentence.train-newswire-89-2,Plus tôt dans la journée  la Première ministre du Bangladesh  Cheikh Hasina  a présidé une réunion du cabinet qui a décidé d'accorder la reconnaissance officielle par le gouvernement aux personnes s'identifiant comme Hijras  c'est-à-dire aux personnes qui ne s'identifient ni comme hommes ni comme femmes.
paragraph2sentence.train-newswire-90-1,L'équipe australienne de course solaire Sunswift a présenté hier sa cinquième voiture  eVe  sur le campus de Kensington de l'Université de Nouvelle-Galles du Sud à Sydney. Ils partent ce week-end pour le World Solar Challenge 2013. Le personnel et les étudiants sont venus à la cérémonie d'adieu en début d'après-midi.
paragraph2sentence.train-newswire-90-2,Sunswift a présenté hier sa voiture pour le World Solar Challenge 2013 à l'Université de Nouvelle-Galles du Sud à Sydney.
paragraph2sentence.train-newswire-91-1,First National Supermarkets a déclaré que ses ventes annuelles s'élèvent à 1 58 milliard de dlrs  contre 1 39 milliard de dlrs il y a 18 mois  lorsque l'entreprise a été privatisée par sa direction. La société a annoncé qu'elle entamait un programme d'investissement sur quatre ans qui comprendra l'ouverture de 20 nouveaux magasins ainsi que l'agrandissement et la rénovation de certains magasins existants. Il a déclaré qu'il poursuivrait sa pratique consistant à fermer certains magasins plus petits et moins productifs  convertissant ces actifs en magasins plus grands dans ses principaux domaines de marché.
paragraph2sentence.train-newswire-91-2,L'un des principaux supermarchés du Royaume-Uni  Tesco  possède une variété de magasins différents  y compris des magasins express qui desservent une plus petite communauté ainsi que des magasins plus grands axés sur une vaste zone de marché.
paragraph2sentence.train-newswire-92-1,Le volume des émissions d'euro-obligations en mark a diminué entre le 16 et le 31 mars  passant de 1 37 milliard de marks au cours de la période du 1er au 15 mars à 900 millions de marks  a indiqué la Bundesbank. Les émissions comprenaient trois obligations  dont deux obligations à intérêt fixe pour un montant total de 700 millions de marks et une obligation à souscription d'actions pour un montant total de 200 millions de marks. En outre  une obligation en dollars australiens a été émise pour un montant total de 220 millions de dlrs  une partie des intérêts et du principal devant être payée en marks.
paragraph2sentence.train-newswire-92-2,Goodrich Co a déclaré qu'elle éliminerait progressivement la production de pneus d'avion  de produits pour missiles et marins et de produits en caoutchouc moulé à Akron  Ohio  d'ici la fin de 1987  licenciant environ 790 employés salariés  de production  de maintenance et de services de support.
paragraph2sentence.train-newswire-93-1,L'avion aurait eu un équipage de six personnes et 27 ou 28 passagers. Dix des passagers étaient des ressortissants du Mozambique  neuf d'Angola et cinq du Portugal. Un passager de chacun de la France  du Brésil et de la Chine était également à bord.
paragraph2sentence.train-newswire-93-2,New York One cite Hurley disant que la raison du boycott est la suivante : « Nous ne sommes pas stupides  nous lisons les journaux  nous lisons ce qui se passe là-bas  ils doivent arrêter ce qui s'est passé. »
paragraph2sentence.train-newswire-94-1,Enterra Corp a annoncé avoir finalisé la vente de ses filiales Hale Fire Pump co et Macomson Machine Co à une société formée par la société d'investissement de Los Angeles McBain  Rose Partners pour environ 27 millions de dlrs en espèces. Hale et Macomson fabriquent toutes deux des pompes à incendie et des équipements connexes.
paragraph2sentence.train-newswire-94-2,Enterra Corp a vendu ses filiales Hale Fire Pump co et Macomson Machine Co à une société formée par la société d'investissement de Los Angeles McBain  Rose Partners pour environ 27 millions de dlrs en espèces.
paragraph2sentence.train-newswire-95-1,Les développeurs de CyanogenMod  un système d'exploitation open source gratuit basé sur Android pour smartphones  ont annoncé hier leur incorporation à la suite d'une campagne de capital-risque réussie qui a rapporté au projet open source un pécule de 7 millions de dollars  et prévoient de déployer une application d'installation simple sur Google Play pour leur micrologiciel Android.
paragraph2sentence.train-newswire-95-2,Les développeurs de CyanogenMod prévoient de déployer une nouvelle application d'installation pour leur firmware Android.
paragraph2sentence.train-newswire-96-1,Ameritech Publishing  une unité d'Ameritech  la société de services téléphoniques basée dans le Midwest  a annoncé avoir nommé Barry Allen président à compter d'avril. Ameritech Publishing a déclaré qu'Allen succéderait à Leo Egan  qui deviendra président-directeur général jusqu'à sa retraite le 1er juin.
paragraph2sentence.train-newswire-96-2,Barry Allen est devenu président de la société Ameritech en avril.
paragraph2sentence.train-newswire-97-1,Nettles se promenait avec des amis transgenres tôt le 17 août lorsqu'ils ont rencontré un groupe d'hommes en face d'un bâtiment de la police locale. La police a déclaré qu'une bagarre a eu lieu après que les hommes ont découvert que le groupe était transgenre et qu'un homme du quartier  Paris Wilson  20 ans  a été arrêté sur les lieux.
paragraph2sentence.train-newswire-97-2,Paris Wilson a été arrêtée après une bagarre entre un groupe d'hommes et des transgenres.
paragraph2sentence.train-newswire-98-1,Le gouvernement koweïtien et le secteur privé étudieront les investissements dans des projets égyptiens d'une valeur de plus de quatre milliards de dirhams  a déclaré le directeur adjoint de l'Autorité publique égyptienne pour l'investissement  Mohye al-Deen Gharib. Le président de la Chambre de commerce et d'industrie du Koweït  Abdul-Aziz al-Saqr  a déclaré que les visiteurs avaient soumis 40 propositions d'étude. Il s'agit notamment de "projets économiques  industriels et immobiliers  en plus du domaine des investissements"  a-t-il déclaré  ajoutant qu'une société holding pourrait être créée pour superviser les investissements.
paragraph2sentence.train-newswire-98-2,Une société holding pourrait être créée pour superviser les investissements dans les 40 propositions soumises pour des projets égyptiens.
paragraph2sentence.train-newswire-99-1,Allied Supermarkets Inc a déclaré avoir déposé auprès de la Securities and Exchange Commission une déclaration d'enregistrement couvrant 240 millions de dlrs de titres de créance. La société prévoit d'offrir 140 millions de dollars de débentures subordonnées de premier rang à escompte et 100 millions de dollars de débentures subordonnées. Le produit sera utilisé pour financer l'acquisition par Allied de Vons Cos Inc. Allied a nommé Drexel Burnham Lambert Inc et Donaldson  Lufkin et Jenrette Securities Corp comme co-souscripteurs des deux offres.
paragraph2sentence.train-newswire-99-2,Allied Supermarkets Inc a déclaré avoir déposé une déclaration d'enregistrement auprès de la SEC couvrant 240 millions USD de titres de créance qui seront utilisés pour financer son acquisition de Vons Cos Inc.
paragraph2sentence.train-newswire-100-1,George Zimmerman  un homme de Floride accusé de la fusillade sur Trayvon Martin  dix-sept ans  a été reconnu non coupable de meurtre au deuxième degré samedi soir après 16 heures de délibération. L'affaire a attiré l'attention nationale aux États-Unis en raison des questions qu'elle soulève sur les lois d'auto-défense « tenez bon ».
paragraph2sentence.train-newswire-100-2,En 2011  Zimmerman a participé à un forum citoyen pour protester contre le passage à tabac d'un homme noir sans abri par le fils blanc d'un policier de Sanford.
paragraph2sentence.train-newswire-101-1,L'invention a reçu des éloges prudents de la part des services médicaux allemands ; le drone est encore en phase de développement et de test. Definetz et le constructeur de drones collaborateur Height Tech n'ont publié aucune information sur la sortie de l'application pour smartphone ni sur la date à laquelle le drone sera disponible à l'achat pour les services médicaux.
paragraph2sentence.train-newswire-101-2,les oisifs et les mangeurs de bretzels utilisent des smartphones.
paragraph2sentence.train-newswire-102-1,3Com Corp a déclaré qu'il prend en charge la série d'ordinateurs personnels System/2 d'International Business Machines Corp et qu'il fournira des logiciels et des interfaces d'exploitation réseau. Le logiciel et les interfaces permettront aux nouvelles machines d'être intégrées aux systèmes de groupe de travail 3System existants  a indiqué 3Com. 3Com a annoncé qu'il modifiait son logiciel réseau 3+ pour qu'il fonctionne sous DOS 3.3  garantissant ainsi la compatibilité avec la nouvelle architecture Token Ring actuelle de Personal Snd IBM et adaptant l'architecture Micro Channel.
paragraph2sentence.train-newswire-102-2,3Com Corp collaborera avec la série d'ordinateurs personnels System/2 d'International Business Machines Corp en fournissant des logiciels et des interfaces  et en la rendant ainsi compatible avec d'autres systèmes.
paragraph2sentence.train-newswire-103-1,La Défense civile avait initialement déclaré qu'il y avait eu deux morts et quatorze blessés  mais a ensuite révisé le bilan à un seul mort. L'hôpital North Shore traite actuellement jusqu'à douze blessés  dont un homme gravement blessé  tandis que d'autres se trouvent dans les hôpitaux de Waitakere et d'Auckland.
paragraph2sentence.train-newswire-103-2,Alors que la nouvelle du décès du légendaire footballeur portugais Eusébio est tombée aujourd'hui  le gouvernement du Portugal a déclaré trois jours de deuil national.
paragraph2sentence.train-newswire-104-1,L'Association nationale pour l'avancement des personnes de couleur (NAACP) a lancé une pétition appelant le gouvernement américain à porter plainte contre Zimmerman au niveau fédéral pour ses droits civiques. Le président de la NAACP  Benjamin Jealous  a déclaré : « Nous sommes indignés et navrés par le verdict d'aujourd'hui. [...] Nous porterons plainte pour droits civils auprès du ministère de la Justice  nous continuerons à lutter pour la suppression des lois Stand Your Ground dans chaque État  et nous n'aurons pas de repos jusqu'à ce que le profilage racial sous toutes ses formes soit interdit.
paragraph2sentence.train-newswire-104-2,La NAACP a conclu un accord de collaboration avec certaines écoles publiques de Floride  les forces de l'ordre et des partenaires communautaires pour mettre fin au pipeline école-prison.
paragraph2sentence.train-newswire-105-1,National Intergrup Inc a déclaré que sa filiale Permian Partners LP  récemment créée pour reprendre les activités de son unité Permian Corp  envisage de lancer une offre publique d'unités de partenariat privilégiées convertibles cumulatives. Permian achète  transporte et revend du pétrole brut. Les principaux souscripteurs sont <AXP> Shearson Lehman Brothers Inc d'American Express Co et <Donaldson  Lufin and Jenrette Securities Corp> seront les principaux souscripteurs.
paragraph2sentence.train-newswire-105-2,Permian Partners LP  une filiale de National Intergroup Inc  s'apprête à lancer une offre publique d'unités de partenariat privilégiées cumulatives.
paragraph2sentence.train-newswire-106-1,Genetics Institute Inc  qui avait précédemment fait état d'une perte nette accrue au premier trimestre  a déclaré qu'il s'attend à subir des pertes au cours de l'exercice 1987 "qui sont légèrement supérieures à celles déclarées au cours de l'exercice 1986". Elle a enregistré une perte de 4 504 000 dlrs pour l'exercice 1986 terminé le 30 novembre  contre une perte de 1 732 00 dlrs pour l'exercice 1985. La société a déclaré que les pertes résultent de sa décision stratégique d'investir des niveaux prudents de capitaux propres dans le développement de produits qu'elle peut fabriquer et commercialiser. Genetics a déclaré plus tôt que les pertes du premier trimestre clos le 28 février s'étaient élevées à 1 309 000 dlrs  contre 937 000 dlrs l'année dernière.
paragraph2sentence.train-newswire-106-2,Genetics Institute Inc. déclare des pertes attendues pour 1987 suite à des décisions d'investissement stratégiques suite à ses pertes de 1985 et 1986.
paragraph2sentence.train-newswire-107-1,Swedish Export Credit émet 75 millions d'euro-obligations néo-zélandaises dlr à échéance le 28 avril 1989  au paiement de 19 pour cent et au prix de 101-1/4 pour cent  a déclaré le principal gestionnaire du Credit Suisse First Boston. L'obligation est disponible en coupures de 1.000 et 5.000 dlrs et sera cotée au Luxembourg. Les frais comprennent 7/8 % de concession de vente et 3/8 % de gestion et de souscription.
paragraph2sentence.train-newswire-107-2,La Nouvelle-Zélande est l'un des seuls pays au monde où l'on peut découvrir tous les types de climat.
paragraph2sentence.train-newswire-108-1,Diamond-Star Motors Corp  la coentreprise détenue par Chrysler Corp <C> et Mitsubishi Motors  a nommé des fournisseurs de production supplémentaires pour le nouveau véhicule qui sera produit dans l'usine de la société en construction à Bloomington  dans l'Illinois. Elle a indiqué qu'Amtex Inc  de Sidney  dans l'Ohio  avait été sélectionnée pour fournir les tapis de sol du coffre et Bluewater Plastics Inc  de Marysville  dans le Michigan  les ensembles de conduits et les couvercles de colonnes.
paragraph2sentence.train-newswire-108-2,Diamond-Star Motors Corp  la collaboration de Chrysler Corp et Mitsubishi Motors  recevra des pièces spécifiques pour leur nouvelle voiture : tapis de sol de coffre  assemblages de conduits et couvercles de colonnes  d'Amtex Inc et Bluewater Plastics.
paragraph2sentence.train-newswire-109-1,Un Boeing 777 d'Asiana Airlines s'est écrasé aujourd'hui à son atterrissage à l'aéroport international de San Francisco vers 11h30  heure locale. Le vol n°214  en provenance de Séoul  transportant 291 passagers – dont un bébé et 16 membres d'équipage – s'est écrasé sur la piste 28L. Deux décès sont signalés et 10 passagers ont été transportés à l'hôpital général de San Francisco  grièvement blessés. Au total  les autorités signalent que 181 personnes ont été hospitalisées et qu'une personne est toujours portée disparue.
paragraph2sentence.train-newswire-109-2,San Francisco abrite le pont du Golden Gate.
paragraph2sentence.train-newswire-110-1,McGraw-Hill Inc a déclaré avoir vendu sa filiale McGraw-Hill Book Co South Africa Pty Ltd à un groupe de direction local pour un montant en espèces non divulgué et avoir interrompu la vente de tous les produits et services à l'Afrique du Sud. La société a déclaré que la cession faisait suite à une résolution de son conseil d'administration en février faisant état de troubles politiques et sociaux croissants en Afrique du Sud et du refus du gouvernement sud-africain d'abolir le système d'apartheid.
paragraph2sentence.train-newswire-110-2,Compte tenu des luttes continues de l'Afrique du Sud contre l'apartheid  McGraw-Hill Inc a déclaré qu'elle s'est entièrement désinvestie de sa filiale sud-africaine  la vendant à un groupe de gestion local.
paragraph2sentence.train-newswire-111-1,NEC Corp est en train d'établir un programme de papier commercial en euros de 150 millions de dlr avec une option sur la livre sterling  a déclaré Morgan Guaranty Ltd en tant qu'arrangeur. Le papier sera émis par NEC Industries Nederland BV sous la garantie de NEC Corp. Les revendeurs seront Morgan Guaranty  Chase Investment Bank Ltd  Shearson Lehman Brothers International et Swiss Bank Corp International Ltd. L'agent émetteur et payeur sera Chase Manhattan Bank NA  Londres.
paragraph2sentence.train-newswire-111-2,Chaque nuage a une lueur d’espoir.
paragraph2sentence.train-newswire-112-1,Ces dernières années  plusieurs blessures importantes ont eu lieu lors des mêlées qui ont souvent eu lieu lorsque les magasins ont ouvert leurs portes pour les événements du Black Friday. En 2011  une femme a lancé du gaz poivré sur 20 personnes qui attendaient d'acheter la toute dernière console Xbox.
paragraph2sentence.train-newswire-112-2,Le coroner du comté d'Eagle a signalé que l'avalanche s'était produite vers 11 h 30. heure locale (18 h 30 UTC) dans une zone connue sous le nom de East Vail Chutes  près de la station de ski de Vail.
paragraph2sentence.train-newswire-113-1,L'opérateur sucrier Kaines Ltd  basé à Londres  a confirmé avoir vendu deux cargaisons de sucre blanc à l'Inde sur un total estimé de quatre ou cinq cargaisons auxquelles d'autres courtiers ont participé. Le sucre  destiné aux expéditions d'avril/mai et d'avril/juin  a été vendu entre 214 et 218 dlrs la tonne cif  précise-t-on.
paragraph2sentence.train-newswire-113-2,Les opérateurs sucriers basés à Londres et d’autres courtiers ont vendu du sucre blanc en Inde.
paragraph2sentence.train-newswire-114-1,La Bourse de New York a déclaré que la négociation des parts de BenEquity Holdings  une société en commandite californienne  avait été suspendue avant l'ouverture et qu'une demande serait déposée auprès de la Securities and Exchange Commission pour radier l'émission de la cote. La Bourse a déclaré qu'elle envisageait normalement de suspendre et de retirer de sa liste les titres d'une société lorsque moins de 600 000 unités sont détenues par le public. À la suite d'une offre publique d'achat de <Renouf Corp International>  qui a expiré le 24 mars 1987  moins de 600 000 unités de BenEquity sont restées publiques.
paragraph2sentence.train-newswire-114-2,Les centres commerciaux new-yorkais sont à court de stocks.
paragraph2sentence.train-newswire-115-1,La Tanzanie aura besoin d'environ 1 2 milliard de dlrs d'investissements en devises fortes pour soutenir son plan quinquennal 1987-1992 qui débute en juillet  a déclaré le ministre d'Etat aux Finances  Damas Mbogoro. Il a déclaré hier lors d'un séminaire de planification économique dans la ville d'Arusha  dans le nord du pays  que le nouveau plan se concentrerait sur la réhabilitation des infrastructures existantes de la Tanzanie  avec un minimum d'investissement dans de nouveaux projets de développement. L'objectif est d'augmenter la production agricole de 5% par an et la production industrielle de 6 4%  a-t-il indiqué.
paragraph2sentence.train-newswire-115-2,En créant un plan visant à accroître la production agricole et industrielle d'un pays  vous améliorez les chances futures de ce pays de devenir économiquement indépendant et durable.
paragraph2sentence.train-newswire-116-1,Plus tôt cette semaine  la Banque mondiale a publié le Rapport sur le développement dans le monde 2012 sur l'égalité des sexes et le développement. Le rapport note un nombre relativement élevé de femmes participant à la politique finlandaise et attribue les progrès réalisés au Conseil pour l'égalité entre les hommes et les femmes en Finlande.
paragraph2sentence.train-newswire-116-2,Le Rapport sur le développement mondial 2012 sur l’égalité des sexes et le développement a été publié cette semaine par la Banque mondiale.
paragraph2sentence.train-newswire-117-1,Mardi  lors d'une visite officielle en Roumanie  le Premier ministre moldave Iurie Leancă a invité son homologue roumain Victor Ponta à assister à la fête de l'indépendance moldave  le 27 août. À cette occasion  les deux pays voisins vont commencer à construire un gazoduc transfrontalier entre les villes de Iași  en Roumanie  et d'Ungheni  en Moldavie.
paragraph2sentence.train-newswire-117-2,Le jour de l'indépendance moldave  le 27 août  commémore l'adoption de la Déclaration d'indépendance de l'Union soviétique en 1991.
paragraph2sentence.train-newswire-118-1,La province de Québec émet une euro-obligation de 30 milliards de yens  échéant le 7 mai 1997  au paiement de 5% et au prix de 102 1/2%  a déclaré le gestionnaire principal Bank of Tokyo International Ltd. L'obligation non remboursable est disponible en coupures d'un million de yens et sera cotée au Luxembourg. La concession de vente est de 1-1/4 PCT  tandis que la gestion et la souscription combinées paient 3/4 PCT. La date de paiement est le 7 mai.
paragraph2sentence.train-newswire-118-2,Les plantations de colza d'hiver étaient prévues à 627 000 ha contre une estimation précédente de 621 000 et 375 000 rpt 375 000 récoltés en 1985/86.
paragraph2sentence.train-newswire-119-1,Le prix d'émission de l'obligation in fine de 300 millions de florins à 6 25% d'échéance 1995 de la Banque européenne d'investissement  annoncée le 1er avril  a été fixé au pair  a déclaré le principal gestionnaire de la banque Amro. Les abonnements restent ouverts jusqu'à 13h00 GMT demain  le 9 avril. Le paiement est dû le 14 mai et la date du coupon est le 15 mai.
paragraph2sentence.train-newswire-119-2,Une obligation in fine est considérée comme plus risquée qu’une obligation amortissable.
paragraph2sentence.train-newswire-120-1,Hawaiian Airlines Inc a déclaré qu'elle continuerait à étendre ses services vers les îles du Pacifique cette année. La compagnie a annoncé qu'elle augmenterait ses services dans le Pacifique Sud à un service quotidien  contre quatre vols par semaine actuellement  et qu'à partir du 21 mai  elle desservirait deux fois par semaine le Pacifique occidental  à destination de Guam. Hawaiian Airlines a également déclaré avoir demandé au ministère des Transports une exemption d'urgence pour fournir un service vers Tahiti  avec des services de correspondance vers les Samoa américaines  la Nouvelle-Zélande et les îles Cooke.
paragraph2sentence.train-newswire-120-2,L’avion est un moyen de transport populaire choisi par les hommes d’affaires.
paragraph2sentence.train-newswire-121-1,Bethlehem Steel Corp a annoncé que son prix de base pour les plaques de carbone et les plaques à haute résistance et faiblement alliées sera augmenté de 25 dlrs pour atteindre 405 dlrs la tonne courte  à compter du 1er juillet. La société a déclaré que ses prix composites pour les tôles en alliage seront également augmentés de 25 dlrs par tonne à la même date  ajoutant qu'elle ne publie pas ses prix pour ce produit. Bethlehem Steel a déclaré que ses prix composites pour les tôles de laminoirs seraient augmentés de 15 dlrs la tonne.
paragraph2sentence.train-newswire-121-2,Bethlehem Steel Corp a annoncé des augmentations de prix pour ses tôles : 25 dollars par tonne courte pour les tôles en carbone  25 pour les tôles en alliage et 15 pour les tôles de laminage en bandes.
paragraph2sentence.train-newswire-122-1,<Novamin Inc> a déclaré avoir reçu une proposition d'offre de rachat de Breakwater Resources Ltd impliquant un échange d'une action de Breakwater contre deux actions ordinaires de Novamin. La proposition prévoyait également la conversion des bons de souscription de Novamin en circulation en actions ordinaires de Breakwater sur la même base  à condition que le prix d'exercice soit payé par les détenteurs de bons de souscription. Novamin  une société d'exploration minière  a déclaré que les administrateurs se réuniraient mardi prochain pour traiter de la proposition  qui  selon elle  était sujette à l'approbation des administrateurs de Breakwater.
paragraph2sentence.train-newswire-122-2,Partager donne une grande satisfaction.
paragraph2sentence.train-newswire-123-1,Moody's Investors Service Inc a annoncé qu'elle pourrait déclasser 950 millions de dlrs de la dette d'Irving Bank Corp et de la banque principale Irving Trust Co. L'agence de notation a déclaré qu'elle évaluerait la capacité d'Irving à améliorer considérablement ses résultats d'exploitation sur des marchés de plus en plus concurrentiels. L'examen portera également sur l'évolution du profil de risque d'Irving à la lumière de sa base de capital modeste. Moody's a cité l'exposition importante de la banque aux pays les moins développés. Sont sous examen la dette senior Aa-3 de la société mère  la dette subordonnée A-1 et les actions privilégiées Aa-3 ainsi que les dépôts à long terme Aa-1 et les lettres de crédit d'Irving Trust.
paragraph2sentence.train-newswire-123-2,Moody's Investors Services examine  note et évalue Irving Bank Corp et la banque principale Irving Trust Co. en mettant l'accent sur l'évolution du profil de risque d'Irving et sur son exposition aux pays moins développés.
paragraph2sentence.train-newswire-124-1,Deak International  une société de devises et de métaux précieux  a annoncé l'acquisition de Johnson Matthey Commodities de New York auprès de Minories Finance Limited  une unité de la Banque d'Angleterre. L'achat  évalué à 14 8 millions de dlrs  fait suite à la récente acquisition de la société londonienne Johnson Matthey Commodities Limited  a déclaré Deak. La société new-yorkaise sera connue sous le nom de Deak International Trading Ltd  a indiqué la société. Arkadi Kuhlmann  président et directeur général de Deak International  a déclaré que cet achat étendrait les opérations de Deak aux secteurs du commerce de métaux précieux et de métaux non ferreux.
paragraph2sentence.train-newswire-124-2,Deak International a étendu ses opérations aux domaines du commerce de gros des métaux précieux et des métaux non ferreux avec l'acquisition de Johnson Matthey Commodities Limited de New York et de Londres.
paragraph2sentence.train-newswire-125-1,Yuan Yuan  un panda géant de neuf ans  a donné naissance à un petit dans un zoo de Taipei  à Taiwan  samedi à 20h05  heure locale. La femelle est née  pesant 6 4 onces et mesurant 6 1 pouces. Le petit ne sera pas exposé au public avant trois à cinq mois.
paragraph2sentence.train-newswire-125-2,La majorité des enfants de neuf ans aiment jouer aux jeux vidéo.
paragraph2sentence.train-newswire-126-1,Sunshine Beach  Queensland — Maroochydore a refusé à Caboolture une chance aux postes de premier ministre consécutifs de la Sunshine Coast Rugby Union aujourd'hui  en les battant 24 points à 7 à Dolphin Oval  Sunshine Beach  Australie. Caboolture s'est qualifié pour ce match en battant Caloundra en demi-finale mineure ; Maroochydore a perdu la demi-finale majeure contre Noosa.
paragraph2sentence.train-newswire-126-2,Les dauphins ont un cerveau plus gros que celui des humains.
paragraph2sentence.train-newswire-127-1,Nelson Mandela a quitté l'hôpital pour regagner son domicile à Johannesburg  dans un état critique  ont annoncé dimanche des responsables sud-africains. Le leader anti-apartheid et ancien président sud-africain de 95 ans a passé près de trois mois à l'hôpital pour le traitement d'une infection pulmonaire récurrente et est retourné à sa résidence à Johannesburg où il poursuivra sa convalescence.
paragraph2sentence.train-newswire-127-2,L'ancien président sud-africain Nelson Mandela  95 ans  est rentré de l'hôpital pour se remettre d'une infection pulmonaire récurrente.
paragraph2sentence.train-newswire-128-1,Un certain nombre d'entreprises du CBD s'étaient plaintes du fait que des hommes utilisaient les devantures de magasins et les rues pour faire leurs besoins  malgré la possibilité d'amendes sur place de 200 AU$. 277 personnes ont été condamnées à une amende sur le territoire au cours de l'année écoulée  dont 228 pour avoir uriné en public dans le CBD.
paragraph2sentence.train-newswire-128-2,Le chef de l'équipe chargée d'enquêter sur les causes de la mort d'Arafat auprès de l'autorité palestinienne  Tawfiq Tirawi  a été interviewé mardi sur la télévision Palestine Today et a déclaré : "Je promets que la prochaine conférence de presse sera la dernière et qu'elle mettra en lumière tous ceux qui ont perpétré  participé ou conspiré dans cette affaire".
paragraph2sentence.train-newswire-129-1,Selon l'agence de presse arabe syrienne (SANA)  lors d'une bataille avec les rebelles hier  l'armée syrienne a saisi un stock de produits chimiques  de cartouches  d'armes et d'équipements situé dans un tunnel d'entrepôt à Jobar  une banlieue de Damas. Dans un message publié sur le réseau social Twitter  SANA affirme que certains soldats impliqués dans la bataille ont été exposés à une sorte d'agent chimique et  dans certains cas  « étouffés »  mais le nombre de personnes tuées  le cas échéant  n'a pas été signalé.
paragraph2sentence.train-newswire-129-2,Toutes sortes d’armes peuvent être utilisées pour commettre un meurtre.
paragraph2sentence.train-newswire-130-1,Mountain States Resources Corp a déclaré avoir acquis deux propriétés pour ajouter à ses avoirs miniers stratégiques. Les acquisitions comprennent un total de 5 100 acres de ressources en titane  zirconium et terres rares  a indiqué la société. Les deux propriétés  situées dans le sud de l'Utah  comprennent environ 1 430 acres de concessions minières non brevetées et un bail d'État  a-t-il indiqué. La société a également annoncé la création de Rare Tech Minerals Inc  une filiale en propriété exclusive.
paragraph2sentence.train-newswire-130-2,Deux propriétés bénéfiques dans l'Utah contenant des milliers d'acres de minéraux ont été acquises par Mountain States Resources Corp.
paragraph2sentence.train-newswire-131-1,Bank of New England Corp a déclaré avoir déposé auprès de la Securities and Exchange Commission une déclaration d'enregistrement couvrant une émission de 200 millions de dlr de billets à capital subordonné arrivant à échéance en 1999. Le produit sera principalement utilisé pour rembourser la dette à court terme  financer d'éventuelles acquisitions et financer des investissements ou des extensions de crédit à ses filiales  a indiqué la société. La Bank of New England a déclaré que Morgan Stanley  Keefe Bruyette  Goldman Sachs et Merrill Lynch souscriraient à l'émission.
paragraph2sentence.train-newswire-131-2,Morgan Stanley  parmi d'autres institutions financières  souscrira à l'émission déposée auprès de la SEC par la Bank of New England Corp.
paragraph2sentence.train-newswire-132-1,Hauser Chemical Research Inc a déclaré avoir été engagé par la division Allied Fibers d'Allied Signal Inc pour des conseils en recherche sur le développement ultérieur de l'adhérence améliorée des fibres de polyoléfine par photogreffage. Hauser a déclaré avoir déjà achevé avec succès la première phase de cet effort de recherche.
paragraph2sentence.train-newswire-132-2,Le secrétaire à l'Agriculture  Richard Lyng  a déclaré qu'il pensait que le projet de loi appelant à des réductions obligatoires des superficies cultivées avait peu de soutien au Congrès et a exprimé l'opposition de l'administration Reagan à ce projet.
paragraph2sentence.train-newswire-133-1,Au moins 42 personnes sont mortes  selon le ministère libanais de la Santé  et plus de 500 ont été blessées  suite à l'explosion de deux voitures piégées hier dans la ville libanaise à majorité sunnite de Tripoli. Les explosions se sont produites à l'extérieur des mosquées Taqwa et al-Salam alors que des centaines de fidèles étaient rassemblés pour la prière du vendredi midi. Il n'y aurait pour l'instant aucune revendication de responsabilité.
paragraph2sentence.train-newswire-133-2,Les fidèles fréquentent les mosquées qui sont de grands édifices religieux.
paragraph2sentence.train-newswire-134-1,Un groupe de partisans du projet de loi a organisé une célébration devant le Parlement hier pendant le débat et s'est poursuivi dans la soirée. Un petit nombre d'opposants au projet de loi sont venus protester. Les célébrations comprenaient des performances musicales du London Gay Big Band et du London Gay Men's Chorus  et Ben & Jerry's a offert des glaces et des gâteaux gratuits.
paragraph2sentence.train-newswire-134-2,Notre correspondant est basé en Écosse et un avocat lui a conseillé de ne pas identifier les personnes détenues avant leur comparution devant le tribunal  même si elles ont été arrêtées et inculpées.
paragraph2sentence.train-newswire-135-1,Le procureur général du Michigan a déclaré avoir conclu un accord avec Michigan Bell Telephone Co  une filiale d'American Information Technologies Corp  qui réduira les tarifs  ce qui entraînera une baisse des revenus de Michigan Bell de 79 6 millions de dollars. Le règlement reflète la réduction de l'impôt fédéral sur le revenu de Michigan Bell résultant de la législation sur la réforme fiscale et sera soumis pour approbation à la Commission de la fonction publique  a indiqué le bureau du procureur général. On s'attend à ce que les taux inférieurs entrent en vigueur le 1er juillet  lorsque le taux d'imposition de Michigan Bell tombera de 46 à 34 %.
paragraph2sentence.train-newswire-135-2,Après un accord avec le procureur général du Michigan  Michigan Bell Telephone Co. a annoncé une baisse de revenus de 79 6 millions USD  qui sera partiellement compensée par la prochaine baisse du taux d'imposition de la société de 46 % à 34 % le 1er juillet.
paragraph2sentence.train-newswire-136-1,La Chambre des représentants et le Sénat des États-Unis ont approuvé hier un projet de loi visant à mettre fin à la paralysie du gouvernement et à relever le plafond de la dette du gouvernement fédéral. Le président Barack Obama a signé le projet de loi.
paragraph2sentence.train-newswire-136-2,Le plafond de la dette du gouvernement fédéral a été relevé pour mettre fin à la paralysie du gouvernement.
paragraph2sentence.train-newswire-137-1,L'unité American National Bank de First Chicago Corp a annoncé avoir finalisé l'acquisition de quatre banques de la banlieue de Chicago avec des actifs combinés d'environ 231 millions de dlrs. Les banques sont la National Bank of North Evanston  la Elgin National Bank  la First National Bank of Schiller Park et la Merchants and Manufacturers State Bank à Melrose Park. American National possède désormais neuf banques.
paragraph2sentence.train-newswire-137-2,L'unité American National Bank de First Chicago Corp a acheté quatre banques de la banlieue de Chicago  totalisant neuf banques et des actifs combinés d'environ 231 millions de dollars.
paragraph2sentence.train-newswire-138-1,Cette décision confirme l'intention du transporteur de poursuivre Channel 4 en justice après que la chaîne britannique a projeté Secrets of the Cockpit  un documentaire sur la sécurité au sein de la compagnie aérienne  lundi soir. Faisant partie de la série Dispatches  l'émission a rendu compte d'un incident survenu l'année dernière en Espagne  au cours duquel trois avions de Ryanair ont déclaré une urgence en matière de carburant après avoir été détournés vers Valence. La politique en matière de carburant était au centre du documentaire.
paragraph2sentence.train-newswire-138-2,Si un avion s'écrase sur l'eau  les passagers reçoivent un gilet de sauvetage doté d'une lumière et d'un sifflet.
paragraph2sentence.train-newswire-139-1,La proposition du gouvernement vise à faire en sorte que la Charte royale puisse être amendée par le Parlement  avec une majorité des deux tiers des deux chambres  tandis que la proposition de la presse donne aux organismes professionnels de l'industrie leur mot à dire sur les modifications de la Charte. Dans les deux propositions  un service d'arbitrage serait fourni comme alternative au recours au tribunal  mais le gouvernement souhaite rendre le service d'arbitrage gratuit pour les demandeurs tandis que les journaux souhaitent qu'il soit « peu coûteux »  car ils pensent qu'un arbitrage gratuit pourrait conduire à une ruée dans les réclamations soumises à l'arbitrage. Les deux propositions permettraient au régulateur d'infliger une amende pouvant aller jusqu'à 1 million de livres sterling à l'industrie et d'exiger la publication bien visible des corrections et des excuses des reportages.
paragraph2sentence.train-newswire-139-2,La proposition du gouvernement diffère de celle de la presse dans la mesure où elle nécessite une majorité des deux tiers des deux chambres du Parlement pour modifier la Charte royale et que le service d'arbitrage serait gratuit pour les demandeurs  mais les deux propositions autorisent le régulateur à infliger une amende pouvant aller jusqu'à 1 million de livres sterling à l'industrie de la presse.
paragraph2sentence.train-newswire-140-1,Le romancier américain à succès Tom Clancy est décédé hier dans un hôpital de Baltimore  selon son éditeur. L'homme de soixante-six ans est surtout connu pour une série de romans sur l'espionnage  les affaires militaires et les intrigues géopolitiques  dont beaucoup ont été adaptés en films et en jeux vidéo.
paragraph2sentence.train-newswire-140-2,Le romancier militaire et géopolitique Tom Clancy  dont les œuvres ont été adaptées au cinéma et aux jeux vidéo  est décédé hier à l'hôpital à l'âge de 66 ans.
paragraph2sentence.train-newswire-141-1,La General Public Utilities Corp a déclaré que la puissance de production de sa Three Mile Island Unit One a été réduite à 81 % de la puissance du réacteur  soit 730 mégawatts d'électricité  en raison de gisements minéraux du côté secondaire ou non nucléaire de ses deux générateurs de vapeur. La société a déclaré que les dépôts n'affectent pas le fonctionnement sûr de l'usine mais interfèrent avec la production de vapeur. Il a déclaré que la puissance de l'unité était également limitée à la fin de 1985.
paragraph2sentence.train-newswire-141-2,La General Public Utilities Corp a réduit la production d'électricité de sa Three Mile Island Unit One en raison des gisements minéraux de ses deux générateurs de vapeur qui interfèrent avec la production de vapeur.
paragraph2sentence.train-newswire-142-1,Un jury a accordé vendredi dernier à Julie Miller du comté de Marion  Oregon  18 6 millions de dollars dans le cadre d'un procès fédéral contre Equifax. La poursuite affirmait qu'elle avait passé deux ans à essayer d'amener les services d'information d'Equifax à corriger des erreurs majeures dans son rapport de crédit  ce qui lui avait coûté la possibilité d'obtenir un nouveau crédit.
paragraph2sentence.train-newswire-142-2,Julie Miller  de l'Oregon  a gagné plusieurs millions dans un procès fédéral contre Equifax concernant des erreurs dans son rapport de crédit.
paragraph2sentence.train-newswire-143-1,Showboat Inc a déclaré que la commission de contrôle du casino du New Jersey a ordonné à son nouveau casino  hôtel et centre de bowling d'Altnatic City Showboat d'organiser aujourd'hui une journée de pari limitée  conformément aux règlements de la commission. Chaque nouveau casino doit organiser une journée de pari limitée avant son ouverture aux jeux réguliers. Showboat a déclaré qu'il prévoyait d'ouvrir ses portes aux jeux réguliers vendredi.
paragraph2sentence.train-newswire-143-2,Chaque nouveau casino du New Jersey doit effectuer un pari limité la veille de son ouverture.
paragraph2sentence.train-newswire-144-1,La compagnie aérienne irlandaise à bas prix Ryanair a licencié le pilote John Goss  qui travaille pour la compagnie aérienne depuis 25 ans  suite à des remarques qu'il a faites dans un documentaire sur la sécurité au sein de la compagnie aérienne. Ryanair a publié une déclaration confirmant qu'une procédure judiciaire avait été engagée contre Goss.
paragraph2sentence.train-newswire-144-2,Récemment  la concurrence entre les compagnies aériennes à bas prix pour les vols les moins chers s'est considérablement intensifiée.
paragraph2sentence.train-newswire-145-1,International Mobile Machines Corp a déclaré avoir déposé une offre publique d'un million d'actions privilégiées convertibles. La société a déclaré avoir déposé une déclaration d'enregistrement auprès de la Securities and Exchange Commission  et Drexel Burnham Inc et Butcher and Singer Inc co-géreront l'offre.
paragraph2sentence.train-newswire-145-2,International Mobile Machine Corp a déposé une offre publique d'un million d'actions auprès de la SEC.
paragraph2sentence.train-newswire-146-1,Le Ghana Cocoa Board a déclaré avoir acheté 214 tonnes de cacao au cours de la 24ème semaine  terminée le 19 mars  de la campagne principale 1986/87  contre 456 tonnes la semaine précédente et 372 tonnes au cours de la 24ème semaine terminée le 27 mars de la campagne 1985/86. Les achats cumulés jusqu'à présent cette saison s'élèvent à 217 449 tonnes  en avance sur les 204 256 tonnes achetées lors de la 24e semaine de la saison dernière.
paragraph2sentence.train-newswire-146-2,L'expansion  dont le coût de démarrage est estimé à 200 millions de dlrs  ajoutera 15 000 barils par jour à la capacité actuelle de 8 000 barils par jour.
paragraph2sentence.train-newswire-147-1,Il s’agit du premier accord que l’Iran conclut avec l’Agence internationale de l’énergie atomique (AIEA) depuis 2007. L’annonce intervient après des discussions entre l’Iran et les dirigeants mondiaux des États-Unis  de la France  de la Chine  de la Russie et de l’Allemagne à Genève  sur l’étendue de l’accès que l’AIEA devrait avoir aux sites nucléaires iraniens. Les négociations sont au point mort  mais devraient reprendre la semaine prochaine.
paragraph2sentence.train-newswire-147-2,Le premier accord avec l'Agence internationale de l'énergie atomique a été conclu concernant l'étendue de l'accès que l'AIEA devrait avoir aux sites nucléaires iraniens.
paragraph2sentence.train-newswire-148-1,Nixdorf Computer AG <NIXG.F> a déclaré que son conseil de surveillance avait nommé Sven Kado au nouveau poste de membre adjoint du conseil d'administration  portant ainsi le nombre de membres du conseil d'administration à sept. Kado  42 ans  sera responsable des finances et des achats. Jusqu'à présent  les finances relevaient de Klaus Luft  nommé président du conseil d'administration à la suite du décès du fondateur de l'entreprise Heinz Nixdorf en mars 1986. Kado  dont la nomination prend effet aujourd'hui  a rejoint Nixdorf en 1984 et était auparavant responsable du contrôle et des achats de l'entreprise.
paragraph2sentence.train-newswire-148-2,Les travaux préparatoires pour la construction d'une usine d'alumine de 450 millions de dlr près du village d'Aghia Efthymia dans la province grecque de Fokida commenceront à la fin du mois prochain et l'usine sera opérationnelle d'ici 1992  a déclaré le sous-secrétaire à l'industrie George Petsos.
paragraph2sentence.train-newswire-149-1,L'industrie énergétique yougoslave a lancé hier sa deuxième émission d'obligations nationales en trois mois  après une émission expérimentale en janvier  ont indiqué des sources officielles. Les entreprises associées d'énergie électrique de la République yougoslave de Serbie ont émis des obligations afin de lever huit milliards de dinars pour la construction de nouvelles centrales électriques. Les sources ont indiqué que les obligations arrivent à échéance dans huit mois avec un intérêt de 55%  mais aucun autre détail n'est disponible. Les obligations de janvier ont été sursouscrites car leur taux d'intérêt était deux points supérieur à celui des dépôts d'épargne et étaient les premières obligations pouvant être échangées ou converties avant leur échéance.
paragraph2sentence.train-newswire-149-2,L'afflux de dollars et de capitaux vers les stocks d'or et les titres locaux a stimulé la demande  ont indiqué les négociants.
paragraph2sentence.train-newswire-150-1,Le Matin  le tabloïd francophone lancé ici en février  a déclaré qu'il mettait fin à ses activités parce qu'il ne pouvait plus obtenir de financement. Le journal  lancé par des investisseurs privés  était le quatrième journal de langue française de Montréal et s'adressait à des lecteurs ayant des revenus et une éducation supérieurs à la moyenne. Son tirage quotidien était d'environ 20 000 exemplaires. Le Matin a été imprimé et distribué par le journal Montreal Gazette de (Southam Inc). Un porte-parole de la Gazette a déclaré que son journal était le plus grand créancier du Matin  mais il a refusé de révéler le montant de la dette. L'éditeur par intérim  Jean-Pierre Bordua  a déclaré que la banque du journal avait bloqué ses lignes de crédit après la démission de trois des principaux dirigeants du journal vendredi.
paragraph2sentence.train-newswire-150-2,L'un des journaux français de Montréal  Le Matin  distribué par le journal La Gazette  a été fermé faute de financement.
paragraph2sentence.train-newswire-151-1,Medar Inc a déclaré avoir acquis Automatic Inspection Devices Inc  une filiale d'Owens-Illinois Inc  Toledo  Ohio  par le biais d'un échange d'actions pour 80 % de la société. Automatique Conçoit et fabrique une gamme de systèmes de vision industrielle pour les industries de l'emballage  de la pharmacie  de l'électronique et des biens de consommation.
paragraph2sentence.train-newswire-151-2,Medar Inc a acquis une filiale d'Owens-Illinois Inc : Automatic Inspection Devices Inc.
paragraph2sentence.train-newswire-152-1,DSC Communications Corp a déclaré avoir modifié un contrat de fourniture à long terme existant avec MCI Communications Corp <MCIC> pour la livraison d'un nouveau commutateur tandem. Les livraisons du commutateur  le DEX 600E  devraient commencer au troisième trimestre de 1988 et se terminer à la fin de l'année 1989  a indiqué la société de systèmes de télécommunications. Le nouveau commutateur augmente la capacité de port des 600 commutateurs existants de DSC  a-t-il indiqué. En vertu de l'accord modifié  DSC fournira également des produits de transfert de points de signal à MCI.
paragraph2sentence.train-newswire-152-2,DSC Communications Corp a modifié un contrat avec MCI Communications Corp pour un nouveau commutateur tandem  dont les livraisons devraient commencer au troisième trimestre de 1988.
paragraph2sentence.train-newswire-153-1,Le Bangladesh devrait élaborer un plan de développement de 47 milliards de takas pour l'année fiscale 1987/88 commençant le 1er juillet  ont indiqué des responsables du ministère des Finances. Il s'agit d'une augmentation de six pour cent par rapport à l'année en cours. Ils ont indiqué que 86 5 % des fonds proviendraient de sources étrangères. Le Bangladesh demandera près de deux milliards de dlrs pour des projets de développement et des importations en 1987/88 lors d'une réunion des donateurs à Paris plus tard ce mois-ci  ont indiqué les responsables.
paragraph2sentence.train-newswire-153-2,La Bangladesh Bank  la banque centrale du Bangladesh  réglemente la monnaie  les opérations bancaires et les changes.
paragraph2sentence.train-newswire-154-1,<Rolls-Royce Ltd> a déclaré avoir signé un accord avec la société Boeing <BA.N> pour installer son moteur RB 211-524 D4D sur la famille d'avions B767. Le moteur  actuellement en cours de développement  sera prêt à être mis en service au début des années 1990  a indiqué la société dans un communiqué. Les Boeing 747 sont également équipés de ce moteur  et son utilisation sur les B767 pourrait également apporter des avantages opérationnels significatifs  a déclaré Rolls-Royce.
paragraph2sentence.train-newswire-154-2,des bénéfices significatifs sont dus au développement de nouvelles installations.
paragraph2sentence.train-newswire-155-1,Le gouvernement français a remporté  comme prévu  le vote de confiance parlementaire sollicité par le Premier ministre Jacques Chirac sur sa politique générale. Les votes du parti gaulliste RPR de Chirac et de son partenaire junior dans la coalition au pouvoir  l'UDF de centre-droit  ont donné au cabinet de Chirac une faible majorité à l'Assemblée nationale. Au total  294 députés sur les 577 membres de l'assemblée ont voté pour Chirac  contre 282 contre. Un membre était absent. Les socialistes  les communistes et le Front national d'extrême droite ont voté contre l'appel du Premier ministre.
paragraph2sentence.train-newswire-155-2,Cinquante-neuf pour cent des 325 détaillants interrogés dans le cadre de la dernière enquête sur le commerce de distribution s'attendaient à ce que leurs ventes soient plus élevées en mars qu'en mars 1986  et six pour cent seulement s'attendaient à une baisse des ventes.
paragraph2sentence.train-newswire-156-1,Suite à des déclarations incorrectes faites par des médias  dont Fox News et le New York Post plus tôt dans la semaine  selon lesquelles le Corps des Marines des États-Unis changeait ses chapeaux afin de les rendre plus neutres en matière de genre  le Corps a publié hier une déclaration réfutant cette affirmation  affirmant qu'il ne changeait que le chapeau habillé pour les femmes. Dans une déclaration publiée sur leur site Internet  ils ont déclaré que ce changement concernait uniquement « les femmes Marines  car le fabricant actuel faisait faillite ».
paragraph2sentence.train-newswire-156-2,Le Corps des Marines des États-Unis a corrigé les déclarations des médias concernant le nouveau style des chapeaux non sexistes  affirmant qu'ils ne changeaient que le chapeau habillé pour les femmes Marines.
paragraph2sentence.train-newswire-157-1,Hadson Corp a annoncé avoir signé un accord définitif pour acquérir 85 pour cent des actions ordinaires en circulation de Seaxe Energy Corp. La société a annoncé qu'elle achèterait la participation de 85 pour cent dans Seaxe aux actionnaires détenant des actions restreintes ou contrôlées pour moins de 200 000 actions ordinaires Hadson. La clôture est soumise à l'approbation des cessions de titres par le gouvernement français. Seaxe est impliqué dans l'exploration et le développement du pétrole et du gaz naturel dans le bassin parisien en France.
paragraph2sentence.train-newswire-157-2,Les courtiers professionnels parient continuellement sur le fait que le marché boursier pourrait exploser ou s’effondrer à tout moment.
paragraph2sentence.train-newswire-158-1,Le président de Boston Edison Co  Stephen Sweeney  a déclaré que deux des hauts dirigeants de la société prendraient une retraite anticipée et que la société recherchait un nouveau président et directeur financier. Sweeney  qui détient également les titres de président et chef de la direction  a déclaré que James Lydon  vice-président exécutif et chef de l'exploitation  et Joseph Tyrrell  vice-président exécutif et directeur financier  avaient demandé à prendre une retraite anticipée après une période de transition. Lydon et Tyrrell travaillent chacun dans l'entreprise depuis plus de 35 ans  a déclaré Sweeney.
paragraph2sentence.train-newswire-158-2,Des élections ont lieu pour désigner le nouveau président.
paragraph2sentence.train-newswire-159-1,Conrac Corp a déclaré que son conseil d'administration avait rejeté l'offre publique d'achat de MArk IV Industries Inc pour toutes les actions Conract à 25 dlrs chacune  et qu'aucun directeur général de Conract ne prévoyait d'apporter des actions. La société a déclaré que le conseiller financier <Goldman  Sachs and Co> avait déterminé que le prix était inadéquat. Il a déclaré que son conseil d'administration avait demandé à la direction d'explorer et de développer avec des conseillers financiers et juridiques des plans d'action alternatifs pour maximiser la valeur actionnariale.
paragraph2sentence.train-newswire-159-2,Le conseil d'administration de Conrac Corp a rejeté l'offre publique d'achat de MArk IV Industries INc parce que le prix a été jugé insuffisant.
paragraph2sentence.train-newswire-160-1,GMAC (Australia) Finance Ltd émet une euro-obligation australienne de 50 millions de dlr à échéance le 6 mai 1991  au paiement de 14 1/4 pour cent et au prix de 101 pour cent  a déclaré l'unique gestionnaire principal  Hambros Bank Ltd. L'émission est garantie par General Motors Acceptance Corp. L'obligation non remboursable est disponible en coupures de 1 000 dlrs australiens et sera cotée à Londres. La concession de vente est de 1-1/8 PCT tandis que la gestion et la souscription combinées paient 5/8 PCT. La date de paiement est le 6 mai.
paragraph2sentence.train-newswire-160-2,L'économie soviétique a connu une croissance de 4 2% en 1986  première année complète au pouvoir de Gorbatchev  soit le double du taux de croissance moyen des dix années précédentes.
paragraph2sentence.train-newswire-161-1,La plus récente offre de Bell Canada Entreprises (BCE) visant l'achat des services de télévision et de radio d'Astral Media pour 3 4 milliards de dollars canadiens a été approuvée jeudi par le Conseil de la radiodiffusion et des télécommunications canadiennes (CRTC)  l'organisme de réglementation canadien qui supervise la radiodiffusion et les télécommunications. Le CRTC a rejeté l'offre initiale de BCE pour Astral en octobre  invoquant des préoccupations concernant la concurrence sur le marché. Selon Jean-Pierre Blais  président du CRTC  la plus récente offre de BCE protège les intérêts des Canadiens puisque BCE devra investir dans la nouvelle programmation canadienne à hauteur de 246 9 millions de dollars en plus de vendre près d'une vingtaine de services d'Astral.
paragraph2sentence.train-newswire-161-2,Astral Media a introduit un nouveau logo en mai 2010 pour remodeler son image.
paragraph2sentence.train-newswire-162-1,Les travailleurs du port argentin ont entamé une manifestation illimitée contre les conditions de sécurité dans le port de Buenos Aires  arrêtant le travail une heure par équipe  a déclaré un porte-parole. Il a indiqué que trois travailleurs portuaires étaient morts dans des accidents au cours du mois dernier. Il a déclaré que la décision d'agir avait été prise après qu'un employé du port soit décédé hier après avoir été électrocuté.
paragraph2sentence.train-newswire-162-2,Une nouvelle choquante arrive sur les quais de Buenos Aires.
paragraph2sentence.train-newswire-163-1,Un homme et sa femme  âgés de 87 et 84 ans  sont décédés après avoir été heurtés par une voiture dans le North Ayrshire  en Écosse. Le couple  qui n'a pas encore été identifié publiquement  traversait Greenock Road dans la ville de Largs lorsqu'ils ont été heurtés par une Toyota rouge vers 9h15 BST (0815 UTC) hier.
paragraph2sentence.train-newswire-163-2,Un couple de personnes âgées est décédé mais n'a pas encore été identifié.
paragraph2sentence.train-newswire-164-1,Le Sénat a voté en faveur du maintien du veto du président Reagan sur un projet de loi de financement des autoroutes et des transports en commun de 88 milliards de dlr  mais le leader démocrate du Sénat  Robert Byrd  de Virginie occidentale  a appelé à un deuxième vote pour reconsidérer le résultat. Le premier vote s'est terminé avec 65 sénateurs votant pour le projet de loi et 35 votant pour maintenir le veto  soit deux de moins que la majorité des deux tiers nécessaire pour l'annuler. L'un de ceux qui ont voté pour maintenir le veto était le démocrate de Caroline du Nord  Terry Sanford.
paragraph2sentence.train-newswire-164-2,Un deuxième vote sénatorial est convoqué pour reconsidérer le maintien du veto de Reagan sur le financement des autoroutes et des transports en commun.
paragraph2sentence.train-newswire-165-1,David McLetchie  ancien chef des conservateurs écossais  est décédé aujourd'hui dans un hospice d'Édimbourg alors qu'il souffrait d'un cancer. Il avait 61 ans. En 1997  des élections générales n'ont produit aucun député conservateur écossais pour le parlement conjoint du Royaume-Uni à Londres. McLetchie a succédé aux conservateurs écossais l'année suivante et  en 1999  dix-huit conservateurs ont été élus au nouveau Parlement écossais décentralisé.
paragraph2sentence.train-newswire-165-2,Le cancer est conservateur en Écosse.
paragraph2sentence.train-newswire-166-1,La compagnie aérienne nationale finlandaise <Finnair> a déclaré aujourd'hui dans un communiqué qu'elle avait commandé deux avions de passagers McDonnell Douglas Corp <MD.N> MD-11 pour livraison en octobre 1990 et mai 1991 et qu'elle avait pris une option d'achat sur deux autres. Le patron de Finnair  Gunnar Korhonen  n'a pas souhaité discuter davantage du prix  se contentant de déclarer aux journalistes que les avions étaient "bon marché"  même si des sources du marché ont déclaré que la compagnie aérienne pouvait s'attendre à une baisse de prix en tant que client précédent. Korhonen a déclaré que Finnair n'avait pas opté pour l'avion européen A-340 en raison des incertitudes concernant la fabrication de ses moteurs  ce qui pourrait avoir retardé la production de l'avion.
paragraph2sentence.train-newswire-166-2,Il existe de nombreuses variétés d'avions  notamment les avions à hélices  les avions à réaction et les avions gros porteurs  qui sont généralement utilisés en fonction de la distance qu'ils doivent parcourir.
paragraph2sentence.train-newswire-167-1,La société holding d'État <Societa Finanziaria Telefonica Spa> (STET) a annoncé la création d'une nouvelle société de télécommunications  <Teleo Spa>  qui entend offrir parmi ses services des systèmes de courrier électronique. Teleo prévoit des investissements initiaux de 18 milliards de lires et estime que son chiffre d'affaires annuel pourrait atteindre 90 milliards de lires d'ici cinq ans  ont déclaré des responsables de STET lors d'une conférence de presse. STET détiendra une participation de 10 % dans la nouvelle entreprise  le reste du capital étant détenu par deux filiales de STET.
paragraph2sentence.train-newswire-167-2,La lire était la monnaie officielle de l'Italie jusqu'en 2002  date à laquelle elle a été remplacée par l'euro.
paragraph2sentence.train-newswire-168-1,Le Premier ministre élu d'Australie  Tony Abbott  a annoncé hier les nominations de ses nouveaux ministres. La liste montre l'ancienne chef adjointe du Parti libéral Julie Bishop  députée  comme nouvelle ministre des Affaires étrangères  tandis que le député Warren Truss  chef du Parti national d'Australie  a été positionné comme vice-Premier ministre.
paragraph2sentence.train-newswire-168-2,Le Premier ministre élu d'Australie a annoncé hier ses nouvelles nominations au poste de ministre des Affaires étrangères et de vice-Premier ministre.
paragraph2sentence.train-newswire-169-1,Le gouvernement britannique a rejeté un projet d'autorégulation de la presse proposé par un groupe d'éditeurs de journaux et a annoncé son intention de mettre en œuvre une charte royale soutenue par les trois principaux partis politiques. La secrétaire à la Culture  Maria Miller  a déclaré mardi à la Chambre des communes que la proposition de l'industrie de la presse ne mettait pas en œuvre des éléments fondamentaux des recommandations de l'enquête Leveson sur le comportement et les normes éthiques de la presse de l'année dernière.
paragraph2sentence.train-newswire-169-2,Un projet d'autorégulation de la presse a été rejeté par le gouvernement britannique parce que  comme l'a expliqué le secrétaire à la Culture  l'industrie de la presse n'a pas intégré les éléments fondamentaux des recommandations réglementaires de l'enquête Leveson.
paragraph2sentence.train-newswire-170-1,Rent-A-Center Inc lève 35 millions de dlrs via une offre de débentures subordonnées convertibles à échéance 2012 avec un coupon et un prix au pair de 5 3/4 %  a déclaré l'unique gérant Morgan Stanley and Co Inc. Les débentures sont convertibles en actions ordinaires de la société à 40 50 dlrs par action  ce qui représente une prime de 25 58 % par rapport au cours de l'action lorsque les conditions de la dette ont été fixées. Non remboursable pendant deux ans  l'émission est notée Ba-3 par Moody's Investors Service Inc et BB-minus par Standard and Poor's Corp.
paragraph2sentence.train-newswire-170-2,Rent-A-Center Inc lève 35 millions de dlrs via une offre de débentures subordonnées convertibles qui sont convertibles en actions ordinaires de la société à 40 50 dlrs par action.
paragraph2sentence.train-newswire-171-1,Les cartons saisis  qui avaient été chargés sur cinq palettes de fret  contenaient 120 sacs d'un kilogramme de cannabis  50 sacs d'un kilogramme de MDMA et cinq briques d'un kilogramme de cocaïne. Dans un communiqué de presse  la police des West Midlands a décrit ce qui s'est passé après que les agents ont trouvé la drogue alors qu'elle était déchargée dans le cadre de l'opération.
paragraph2sentence.train-newswire-171-2,Le cabinet de la nation insulaire de Nauru a approuvé jeudi dernier l'augmentation du coût d'une demande de visa médiatique de trois mois à entrée unique de 200 à 8 000 dollars australiens.
paragraph2sentence.train-newswire-172-1,La banque d'État Banca Commerciale Italiana (BCI) a annoncé qu'elle lançait une euro-obligation de 50 milliards de lires au nom de Merrill Lynch & Co. Exigible le 26 mai 1992  payant 10 pour cent et évaluée à 100 -1/2 pour cent. BCI a déclaré dans un communiqué qu'elle dirigeait un consortium international de souscription composé de 25 banques et institutions financières. La banque a déclaré que Merrill Lynch International and Co est co-gestionnaire principal. L'obligation non remboursable est disponible en coupures de deux millions de lires et sera cotée au Luxembourg  a indiqué la BCI.
paragraph2sentence.train-newswire-172-2,La Banca Commerciale Italiana (BCI)  aux côtés de Merrill Lynch & Co.  dirige un consortium international de souscription composé de 25 institutions financières.
paragraph2sentence.train-newswire-173-1,À l’échelle internationale  l’Australie se classe au quatrième rang parmi les pays étudiés pour le niveau d’alphabétisation des adultes. Au niveau de compétence le plus élevé  le niveau 5  l'Australie se classe au deuxième rang des pays interrogés avec un pourcentage de 1 3 %. Il est à égalité avec les Pays-Bas. Seule la Finlande est plus élevée  à 2 2 %. Les lecteurs de ce niveau synthétisent le texte  comparent et contrastent les idées et les points de vue  et traitent les informations provenant de plusieurs sources. L'Australie  avec 9 4 %  a l'un des pourcentages les plus faibles de sa population au niveau de compétence en lecture 1. Cela signifie que les adultes ont une compréhension de base de ce qu'ils lisent  peuvent remplir des formulaires et comprendre le sens des phrases. Dans l'ensemble  le score moyen de l'Australie en matière de compétence en lecture les place à égalité avec ceux de la Norvège et de la Suède.
paragraph2sentence.train-newswire-173-2,Dans l’ensemble  l’Australie se classe parmi les pays étudiés en termes de compétences en littératie des adultes  à égalité avec les Pays-Bas et derrière la Finlande au niveau de compétence le plus élevé et avec l’un des plus faibles pourcentages de sa population au niveau de compétence le plus bas.
paragraph2sentence.train-newswire-174-1,Stefan Millar  l'un des deux hommes emprisonnés à perpétuité le mois dernier pour le meurtre de Liam Aitchison  16 ans  dans les Hébrides extérieures en Écosse  va faire appel de sa condamnation. La soumission de l'avis d'intention de faire appel a été confirmée par la Cour d'appel d'Édimbourg. Les avocats de Millar doivent préparer les documents pour étayer son dossier d'appel au cours des deux prochains mois. Les deux condamnés avaient jusqu'à vendredi pour présenter un éventuel recours. On ne sait pas encore quand l'audience d'appel de Millar débutera.
paragraph2sentence.train-newswire-174-2,La High Court of Justiciary  la cour pénale suprême d'Écosse  est à la fois un tribunal de première instance et une cour d'appel.
paragraph2sentence.train-newswire-175-1,Les secours recherchent toujours les corps de trois enfants  présumés morts  après une éruption d'un volcan indonésien samedi. Situé sur l'île de Palu'e  le mont Rokatenda a projeté des roches et des cendres dans le ciel  provoquant des destructions locales. La lave s'est déversée sur la plage  tuant trois adultes et trois enfants dans leur sommeil. Les secours ont récupéré les corps des adultes mais les restes des enfants n’ont toujours pas été retrouvés.
paragraph2sentence.train-newswire-175-2,Les cendres indonésiennes peuvent très bien être utilisées pour nettoyer.
paragraph2sentence.train-newswire-176-1,Sharri Markson  rédactrice en chef du magazine australien Cleo  a confirmé mercredi qu'elle ne briguerait pas le poste de rédactrice en chef entre la fusion soudaine des titres Dolly et Cleo. La nouvelle est arrivée quelques jours seulement après que la société allemande Bauer Media a annoncé la fusion de deux de ses magazines australiens les plus populaires  avec une perte attendue de la moitié du personnel de production d'ici le début de l'année prochaine.
paragraph2sentence.train-newswire-176-2,Après que Bauer Media a annoncé la fusion des deux magazines australiens les plus populaires  avec une éventuelle perte de 50 % du personnel de production  la rédactrice en chef Sharri Markson a confirmé qu'elle ne se présenterait pas pour le poste de rédactrice en chef.
paragraph2sentence.train-newswire-177-1,BancTec Inc a déclaré avoir reçu une commande d'équipement de traitement d'images d'une valeur de six millions de dlrs  sa plus grosse commande jamais réalisée. BancTec a déclaré que la commande  qui devrait être expédiée au cours de l'exercice en cours  a été passée par une grande entreprise internationale  qu'elle n'a pas nommée.
paragraph2sentence.train-newswire-177-2,BancTec obtient  comme sa plus grosse commande jamais réalisée  une commande de six millions de dollars pour des équipements de traitement d'images.
paragraph2sentence.train-newswire-178-1,La Banque d'Angleterre a déclaré avoir fourni au marché une aide supplémentaire totalisant 166 millions de dollars au cours de l'après-midi. Dans la première tranche  elle a acheté 31 millions de bons du Trésor et trois millions de bons de banque à 9-7/8 %  tandis que dans la deuxième tranche  elle a acheté 69 millions de bons de banque à 9-13/16 %. En outre  elle a acheté 63 millions de dollars de billets de banque de la bande trois à 9 3/4 %. Cela porte aujourd'hui l'aide totale de la Banque à 219 millions de dollars  en dépit d'un manque de liquidités qu'elle a estimé à environ 300 millions de dollars.
paragraph2sentence.train-newswire-178-2,Un responsable de l'Association des importateurs a déclaré que « même si le ministère n'importe plus de sucre  nous n'en achèterions pas nécessairement davantage ».
paragraph2sentence.train-newswire-179-1,La Malaisie a décidé de reporter le développement d'un projet hydroélectrique de cinq milliards de dlr au Sarawak  dans l'est de la Malaisie  jusqu'à ce que l'économie s'améliore  a déclaré le vice-ministre de l'Énergie  des Télécommunications et de la Poste Zainal Abidin Zin. Il a déclaré aux journalistes que le manque de fonds avait contraint le gouvernement à suspendre le projet  qui impliquait la construction de plusieurs barrages et d'un câble sous-marin d'une capacité de 20 000 mégawatts. La Malaisie avait initialement prévu d'exporter l'électricité produite par le projet vers Singapour  Brunei et l'Indonésie d'ici 2000 si le projet pouvait démarrer avant 1996  a déclaré Zainal.
paragraph2sentence.train-newswire-179-2,Les importations d'énergie représentent environ trois fois l'énergie primaire de Singapour.
paragraph2sentence.train-newswire-180-1,Dimanche dernier  le gouverneur de l'Illinois  Pat Quinn  a promulgué un projet de loi connu sous le nom de « Loi Rocky » qui oblige les écoles secondaires de l'Illinois  par l'intermédiaire du district scolaire local  à souscrire une assurance contre les blessures catastrophiques jusqu'à 3 millions de dollars ou les frais médicaux pour une durée maximale de cinq ans  selon la première éventualité  et qui couvre les étudiants-athlètes. L'assurance doit couvrir les étudiants-athlètes pendant qu'ils participent à des compétitions.
paragraph2sentence.train-newswire-180-2,Une assurance contre les blessures doit désormais être souscrite si vous êtes un étudiant-athlète en compétition.
paragraph2sentence.train-newswire-181-1,Au moins cinq personnes sont mortes et seize ont été blessées dans le déraillement d'un train à Tabasco  au Mexique  hier  selon le directeur de la protection civile de Tabasco. Le train de marchandises est souvent utilisé par les migrants.
paragraph2sentence.train-newswire-181-2,Au Mexique  les mules sont transportées par trains de marchandises.
paragraph2sentence.train-newswire-182-1,La grève des marins brésiliens  qui a débuté le 27 février et s'est atténuée depuis des semaines  est désormais terminée  a déclaré un porte-parole des marins. Le porte-parole a déclaré que les marins avaient signé samedi un accord avec la société publique Lloyd Brasileiro pour une augmentation de salaire de 120 pour cent. La grève nationale s'est ralentie depuis la mi-mars  les marins ayant conclu des accords individuels avec les entreprises. Au plus fort de l'arrêt  les marins ont déclaré qu'environ 200 navires étaient en grève.
paragraph2sentence.train-newswire-182-2,La grève nationale des marins brésiliens s'est terminée par une augmentation de salaire de 120 % convenue avec l'entreprise publique Lloyd Brasileiro.
paragraph2sentence.train-newswire-183-1,Environ un an après la mort de Savile en octobre 2011  ITV a diffusé un documentaire dans lequel plusieurs femmes affirment avoir été agressées sexuellement par l'ancienne star de la télévision. Depuis lors  de nombreuses autres personnes ont fait des déclarations alléguant des abus de la part de Savile. En outre  un certain nombre d'autres célébrités et personnalités publiques ont été arrêtées en lien avec des allégations d'abus sexuels et de viol.
paragraph2sentence.train-newswire-183-2,La marine royale australienne a remorqué les demandeurs d'asile arrivant sur l'île de Rote  en Indonésie  après avoir revendiqué leur destination sur l'île Christmas  a rapporté la police nationale indonésienne lundi de la semaine dernière.
paragraph2sentence.train-newswire-184-1,First Interstate Bancorp offre 200 millions de dollars de titres de capital subordonnés à échéance 1999 avec un coupon et un prix au pair de 8 5/8 %  a déclaré le principal gestionnaire Goldman  Sachs and Co. C'est 140 points de base de plus que le rendement des titres du Trésor comparables. Non remboursable jusqu'à l'échéance  l'émission est notée A-1 par Moody's Investors Service Inc et A-plus par Standard and Poor's Corp. First Boston  Salomon Brothers et Shearson Lehman ont co-dirigé l'opération.
paragraph2sentence.train-newswire-184-2,Les coupons sont généralement offerts au public afin de bénéficier d'une réduction sur le produit de l'entreprise.
paragraph2sentence.train-newswire-185-1,Alors que la saison de la grippe aux États-Unis a commencé ce mois-ci  les sites Web des Centers for Disease Control and Prevention (CDC)  The Weather Channel et Google Flu Trends signalent aujourd'hui de faibles niveaux de grippe.
paragraph2sentence.train-newswire-185-2,Même si la saison de la grippe a commencé aux États-Unis  les rapports indiquent que le niveau de grippe est faible.
paragraph2sentence.train-newswire-186-1,En Australie  140 000 femmes sont impliquées dans la ligue de rugby en tant que joueuses  administratrices sportives  entraîneures  employées  membres de clubs ou bénévoles. Karen Hardy du Canberra Times estime que ce nombre pourrait facilement être quadruplé si les épouses  petites amies  mères et autres membres féminins de la famille qui soutiennent les joueurs masculins étaient inclus.
paragraph2sentence.train-newswire-186-2,En participant à l'épreuve  les skieurs ont eu l'occasion de se qualifier grâce à huit épreuves de Coupe du monde organisées avec seulement deux disciplines au programme  le slalom géant et le slalom.
paragraph2sentence.train-newswire-187-1,Hier  la Chambre des Lords du Royaume-Uni a adopté le projet de loi sur le mariage (couples de même sexe) en troisième lecture  dernière étape majeure dans la modification de la loi autorisant les mariages entre partenaires de même sexe en Angleterre et au Pays de Galles. Le projet de loi devrait devenir loi cette semaine et les cérémonies de mariage homosexuel devraient commencer en 2014.
paragraph2sentence.train-newswire-187-2,Sharon a été élu à la Knesset en 1973  puis a assumé un certain nombre de rôles ministériels au sein du gouvernement  notamment celui de conseiller à la sécurité d'Yitzhak Rabin  ainsi que celui de ministre de l'Agriculture  de la Défense  du Commerce et de l'Industrie  de la Construction et du Logement  et des Infrastructures nationales.
paragraph2sentence.train-newswire-188-1,Manufacturers Hanover Trust Co est devenue la troisième grande banque américaine à augmenter son taux préférentiel de 7 1/2 à 7 3/4 %  ce qui correspond à une mesure initiée hier par Citibank et Chase Manhattan. La banque  principale filiale de Manufacturers Hanover Corp  a déclaré que le nouveau taux était en vigueur aujourd'hui.
paragraph2sentence.train-newswire-188-2,Hanover Trust Co est devenue la troisième grande banque américaine (après Citibank et Chase Manhattan) à augmenter son taux préférentiel.
paragraph2sentence.train-newswire-189-1,La compagnie aérienne poursuit déjà la chaîne britannique Channel 4 pour la diffusion lundi soir de Secrets of the Cockpit  qui fait partie de la série Dispatches  dans laquelle Goss est apparu. L'émission discutait de la sécurité de la compagnie aérienne en mettant l'accent sur la politique en matière de carburant  en enquêtant sur les allégations selon lesquelles Ryanair utilise un strict minimum de carburant et intimide les pilotes qui font part de leurs inquiétudes.
paragraph2sentence.train-newswire-189-2,Channel 4 est connue pour ses documentaires d'avant-garde  basés sur des questions controversées.
paragraph2sentence.train-newswire-190-1,Le secrétaire d'État au Commerce et à l'Industrie a déclaré qu'il avait décidé de ne pas renvoyer le projet d'acquisition par Reed International Plc <REED.L> de <Technical Publishing Company Inc> à la Commission des monopoles et des fusions. Le projet d'acquisition par <Rosehaugh Plc> de <The General Funds Investment Trust Plc> a également été autorisé.
paragraph2sentence.train-newswire-190-2,S’ils choisissent de ne pas le faire  il a menacé de rédiger à nouveau un budget à huis clos en présence uniquement des démocrates  comme cela avait été le cas les deux années précédentes.
paragraph2sentence.train-newswire-191-1,VMS Strategic Land Trust a déclaré avoir versé un premier dividende trimestriel en espèces de 30 cts par action  payable le 15 mai aux actionnaires inscrits le 20 avril. La société a également déclaré qu'à compter d'aujourd'hui  elle sera négociée sur le système NASDAQ sous le symbole <VLANS>.
paragraph2sentence.train-newswire-191-2,VMS Strategic Land Trust (maintenant négocié sous VLANS au NASDAQ) a déclaré un premier dividende en espèces de 30 cents par action  payable le 15 mai.
paragraph2sentence.train-newswire-192-1,Centerre Bancorp a annoncé avoir finalisé l'acquisition de Benefit Plan Services Inc  de Maryland Heights  Missouri  spécialisée dans la conception et l'administration de régimes de retraite de petite et moyenne taille. Les termes n’ont pas été divulgués.
paragraph2sentence.train-newswire-192-2,Centerre Bancorp a acquis à titre privé Benefit Plan Services Inc  un coordinateur de régimes de retraite à Maryland Heights  Missouri.
paragraph2sentence.train-newswire-193-1,Woodward and Lothrop Inc a déclaré que le président David Mullen avait démissionné et serait remplacé par Tom Roach à compter du 20 avril 1987. Woodward and Lothrop  un détaillant privé  a déclaré que Mullen avait déclaré son désir de poursuivre d'autres intérêts commerciaux. Roach a rejoint J.W. Robinson Inc de Los Angeles en tant que président en mars 1986  démissionnant peu de temps après l'acquisition de la société mère Associated Dry Goods par May Co.
paragraph2sentence.train-newswire-193-2,David Mullen  président de Woodward and Lothrop Inc  a démissionné et devrait être remplacé par Tom Roach à partir du 20 avril 1987.
paragraph2sentence.train-newswire-194-1,La Bourse américaine a annoncé aujourd'hui avoir ouvert la négociation d'options de vente et d'achat sur les actions ordinaires de Harcourt Brace Jovanovice Inc. La bourse a déclaré que Harcourt Brace était une sélection de remplacement pour LTV Corp. L'Amex a déclaré que les mois d'expiration initiaux des options HBJ sont avril  mai  juillet et octobre.
paragraph2sentence.train-newswire-194-2,Les options HBJ expireront en avril  mai  juillet et octobre.
paragraph2sentence.train-newswire-195-1,Cincinnati Bell Inc a annoncé avoir lancé son offre publique d'achat de 15 75 dlr par action annoncée précédemment pour toutes les actions d'Auxton Computer Enterprises Inc. Dans une annonce dans un journal  la société a déclaré que les droits d'offre et de retrait expireraient le 5 mai à moins qu'ils ne soient prolongés. L'offre  qui a été approuvée par le conseil d'administration d'Auxton et qui doit être suivie d'une fusion au même prix  est conditionnée à l'obtention d'une majorité des actions avec droit de vote d'Auxton sur une base entièrement diluée.
paragraph2sentence.train-newswire-195-2,La source a déclaré qu'il est peu probable qu'Ongpin vienne aux États-Unis pour défendre sa cause et qu'elle s'attend à ce que le comité consultatif bancaire des Philippines  dirigé par Manufacturers Hanover Trust Co  négocie la réduction des spreads par télex.
paragraph2sentence.train-newswire-196-1,Household International Inc a déclaré qu'elle s'attend à ce que son bénéfice par action entièrement dilué pour le premier trimestre soit supérieur d'environ 35% à celui de la même période de l'année dernière. Il prévoit également que le bénéfice dilué pour l'ensemble de l'année 1987 sera supérieur d'environ 20 pour cent au record de 4 31 dlrs par action enregistré pour 1986. Le président Donald Clark  dans des remarques préparées pour les analystes de sécurité de New York  a cité l'augmentation des bénéfices de Household Financial Services et "l'excellent rendement des capitaux propres de Household Manufacturing  combinés à l'impact de notre programme de rachat d'actions  se traduira par un bénéfice par action plus élevé et un meilleur rendement des capitaux propres en 1987".
paragraph2sentence.train-newswire-196-2,Lors d'une réunion avec des analystes de sécurité à New York  le président de Household International Inc. Donald Clark a évoqué une augmentation des bénéfices de Household Financial Services avec un excellent rendement des actions qui  combiné au programme de rachat d'actions  améliorera le bénéfice par action et le rendement des capitaux propres.
paragraph2sentence.train-newswire-197-1,CPI Corp a déclaré qu'American Telephone and Telegraph avait autorisé sa division Business Telephone Systems à représenter sa gamme de produits informatiques sur les marchés professionnels de St. Louis et de Chicago. CPI a déclaré que les produits inclus dans l'accord sont des ordinateurs  des imprimantes  des modems téléphoniques et des télécopieurs.
paragraph2sentence.train-newswire-197-2,Les technologies de communication peuvent être utilisées par les entreprises à travers les mers pour communiquer entre elles.
paragraph2sentence.train-newswire-198-1,La Malaisie lance une émission d'obligations à 10 ans de 100 millions de francs suisses à 5-3/4% au prix de 100 2%  a déclaré le gestionnaire principal Swiss Bank Corp. La date de paiement devrait être le 22 avril. Le rachat anticipé n'est pas autorisé. Swiss Bank Corp a déclaré que c'était la première fois que la Malaisie faisait appel au marché des capitaux suisse depuis qu'elle avait émis une obligation ici en juillet 1985.
paragraph2sentence.train-newswire-198-2,Swiss Bank Corp a fusionné avec l'Union des Banques Suisses pour former UBS en 1998.
paragraph2sentence.train-newswire-199-1,Une précédente tentative de l’ONU pour mettre fin à la violence en Syrie a échoué. En mai 2012  un convoi de l'ONU a été touché par un engin explosif improvisé (IED) tandis qu'un groupe de défense des droits de l'homme a signalé une attaque militaire syrienne contre des civils lors d'un enterrement à proximité  dans la ville de Khan Sheikhoun  dans la province d'Idlib. Plus tard en août de la même année  une équipe de 300 personnes a quitté le pays après l'expiration de son mandat et n'a jamais été renouvelé. Le commandant de l'équipe d'observation de 2012  le général Babacar Gaye  a exprimé sa frustration à l'égard des forces armées syriennes et des rebelles qui n'ont pas permis à l'ONU d'accomplir sa mission.
paragraph2sentence.train-newswire-199-2,Un convoi de l'ONU a été touché par un engin explosif improvisé dans la province d'Idlib en mai 2012.
paragraph2sentence.train-newswire-200-1,Les radiations dans la centrale nucléaire japonaise de Fukushima  endommagée  ont atteint hier des niveaux mortels autour d'un réservoir qui fuyait. Aujourd'hui  l'Autorité nationale de régulation nucléaire (NRA) a déclaré que de l'eau contaminée pourrait être pompée dans la mer.
paragraph2sentence.train-newswire-200-2,Une fuite de radiations à la centrale nucléaire de Fukushima a atteint des niveaux mortels  les autorités mettant en garde contre l'eau contaminée atteignant la mer.
paragraph2sentence.train-newswire-201-1,Americanture Inc a déclaré avoir acheté American Adventure Inc <GOAQC> contre espèces  prise en charge du passif et émission d'actions ordinaires et privilégiées d'American Adventure Inc aux créanciers  actionnaires et membres. L'acquisition faisait suite à un plan de réorganisation du chapitre 11 d'American Adventure. La société a déclaré que la transaction concernait des actifs évalués à plus de 83 millions de dlrs.
paragraph2sentence.train-newswire-201-2,Americanture Inc a acheté American Adventure Inc dans le cadre de son plan de réorganisation du chapitre 11.
paragraph2sentence.train-newswire-202-1,McDonalds Corporation émet une euro-obligation de 75 millions de dollars canadiens à échéance le 14 mai 1992  au paiement de 8 1/2 pour cent et au prix de 101 5/8 pour cent  a déclaré le gestionnaire principal Morgan Guaranty Ltd. L'obligation non remboursable est disponible en coupures de 1 000 et 10 000 dlrs canadiens et sera cotée au Luxembourg. La concession de vente est de 1 1/4 % tandis que la gestion et la souscription combinées paient 5/8 %. La date de paiement est le 14 mai.
paragraph2sentence.train-newswire-202-2,McDonalds Corporation émet une nouvelle euro-obligation de 75 millions de dollars canadiens le 14 mai 1992.
paragraph2sentence.train-newswire-203-1,<Consolidated Norex Resources Ltd> a déclaré avoir accepté d'acquérir toutes les actions émises et en circulation de Triweb Resources Ltd  une société pétrolière et gazière privée possédant des propriétés foncières et une base de production en Alberta et en Saskatchewan. La société a déclaré que des détails spécifiques relatifs au prix d'achat et à d'autres conditions seraient publiés lors de la clôture de la transaction  prévue pour le 15 mai.
paragraph2sentence.train-newswire-203-2,Avant l’électricité  les sources de lumière étaient créées en brûlant de l’huile dans des lampes à huile.
paragraph2sentence.train-newswire-204-1,Surgidyne Inc a déclaré avoir déposé une déclaration d'enregistrement pour un projet d'offre publique initiale de ses actions ordinaires. La société propose d'offrir 1 125 000 actions ordinaires à environ 2 00 dlrs l'action. L'offre serait souscrite par Westonka Investments Inc. Surgidyne développe et commercialise des produits médicaux et chirurgicaux spécialisés.
paragraph2sentence.train-newswire-204-2,Surgidyne Inc  producteur d'équipements médicaux  envisage d'ouvrir une grande partie de ses actions au public.
paragraph2sentence.train-newswire-205-1,VMS Strategic Land Trust a déclaré un dividende initial de 30 cts par action  payable le 15 mai aux actionnaires inscrits le 20 avril. Le dividende représente un rendement annuel de 12% sur la base du prix d'offre initial de la société en décembre de 10 dlrs par action. Le rendement est garanti jusqu'au 31 décembre 1988  a indiqué la société. La fiducie investit dans des prêts hypothécaires de préconstruction à court terme et a un montant principal total d'investissements d'environ 105 7 millions de dlrs.
paragraph2sentence.train-newswire-205-2,VMS Strategic Land Trust a déclaré un dividende avec un rendement garanti jusqu'au 31 décembre 1988.
paragraph2sentence.train-newswire-206-1,Les négociants en céréales au comptant ont signalé un lent mouvement du maïs et du soja dans le Midwest  même les ventes de maïs issues de l'activité PIK-and-roll constatées en début de semaine se tarissent. Certains concessionnaires ont déclaré que l'USDA pourrait ajuster davantage le prix affiché dans le comté dans le Golfe pour prendre en compte les taux de fret élevés des barges afin de maintenir le flux des ventes de maïs  mais ont ajouté que le plan actuel aura probablement quelques semaines pour voir s'il fonctionnera comme espéré. Les valeurs de base du maïs et du soja ont continué de baisser sur les rivières Illinois et MidMississippi en raison des taux de fret élevés des barges. Les silos de Toledo et de Chicago terminaient de charger les premiers bateaux à maïs de la nouvelle saison d'expédition  soutenant les valeurs de base au comptant à ces points terminaux.
paragraph2sentence.train-newswire-206-2,Les taux de fret élevés des barges entravent le mouvement du maïs et du soja.
paragraph2sentence.train-newswire-207-1,Le secrétaire au Trésor  James Baker  a déclaré qu'il espérait que la légère augmentation des taux préférentiels de deux grandes banques centrales monétaires  hier  était un phénomène temporaire. "J'espère que c'était une hausse temporaire"  a-t-il déclaré à un sous-comité des crédits de la Chambre. Il a déclaré que la baisse des taux d'intérêt depuis l'entrée en fonction du président Reagan demeure « l'une des réalisations significatives  dans le domaine économique  de cette administration ».
paragraph2sentence.train-newswire-207-2,La baisse des taux d'intérêt est une réalisation importante et une récente augmentation des taux préférentiels de deux banques centrales monétaires n'est que temporaire  selon un secrétaire au Trésor.
paragraph2sentence.train-newswire-208-1,La politique d'immigration et le mariage homosexuel ont été parmi les questions abordées lors du premier débat qui a eu lieu hier entre le Premier ministre australien et chef du parti travailliste Kevin Rudd et le chef libéral Tony Abbott.
paragraph2sentence.train-newswire-208-2,L'homophobie et la Saint-Valentin sont redondantes.
paragraph2sentence.train-newswire-209-1,La Bourse de Philadelphie ouvrira bientôt des bureaux à Hong Kong et à Tokyo pour contribuer à accroître la participation de l'Extrême-Orient aux options sur devises étrangères avant le début des négociations en soirée dans quatre ou cinq mois  a déclaré à la presse le président de la Bourse  Nicholas Giordano. Les institutions japonaises sont déjà des acteurs majeurs dans les options sur devises négociées à Philadelphie  utilisant des filiales ou des agents pour négocier pendant la séance de jour en cours.
paragraph2sentence.train-newswire-209-2,Les assureurs pourraient faire face à plus de 30 millions de réclamations suite à la catastrophe du ferry de Zeebrugge  a déclaré un porte-parole de la Lloyds de Londres.
paragraph2sentence.train-newswire-210-1,NMR Centers Inc a déclaré avoir commencé à construire un centre d'imagerie médicale océanique multimodalité de cinq millions de dlr à Toms River  dans le New Jersey  et son achèvement est prévu pour novembre. Il a indiqué que le centre devrait générer plus de cinq millions de dollars de revenus annuels lorsqu'il sera pleinement opérationnel. NMR a déclaré qu'elle fournirait environ 3 500 000 dlr d'équipement et de fonds de roulement et qu'elle gérerait le centre  tandis que Center State Health Services Corp finance la construction du bâtiment de 1 600 000 dlr.
paragraph2sentence.train-newswire-210-2,Kodak a déclaré que la construction de l'usine coûterait plus de 200 millions de dollars et qu'elle emploierait environ 250 personnes qui seront transférées des opérations de fabrication existantes.
paragraph2sentence.train-newswire-211-1,Suite au retrait soudain de la Gambie la semaine dernière du Commonwealth des Nations  le pays a confirmé aujourd'hui son retrait des Jeux du Commonwealth organisés à Glasgow et prévus pour l'année prochaine. Cela laisse 70 pays et territoires en compétition aux Jeux.
paragraph2sentence.train-newswire-211-2,La Gambie se retire du Commonwealth des Nations et  par conséquent  des Jeux du Commonwealth  auxquels participeront 70 pays et territoires.
paragraph2sentence.train-newswire-212-1,Une fusée Atlas Centaur lançant un satellite de communications militaires est devenue incontrôlable une minute après le lancement et a été détruite  a déclaré un porte-parole de la NASA. L'Atlas Centaur a décollé dans des conditions pluvieuses et couvertes. En quelques secondes  les contrôleurs ont signalé qu'il était hors de contrôle et l'ordre de le faire exploser a été donné. La porte-parole de la NASA  Lisa Malone  a déclaré que la fusée pourrait avoir été frappée par la foudre. Cet échec est le premier pour la NASA depuis mai 1986  lorsqu'une fusée Delta était tombée en panne.
paragraph2sentence.train-newswire-212-2,Les avions de la NASA ont la capacité d’entrer dans l’espace et d’atteindre la Lune.
paragraph2sentence.train-newswire-213-1,MidCon Corp  une unité d'Occidental Petroleum Corp  a déclaré qu'à compter du 1er mai  Dan Grubb deviendra président et chef de l'exploitation de l'unité  succédant ainsi au titre de président d'O.C. Davis  qui restera président-directeur général. MidCon a déclaré que Robert Hodge  vice-président senior de Midcon pour la planification et l'administration  succédera à Grubb en tant que président de Midcon Services lorsqu'il assumera ses nouvelles fonctions. Midcon a également déclaré que Philip Gasparac  vice-président senior et directeur financier de Midcon  assumerait les responsabilités supplémentaires en matière de planification  de tarifs et de coentreprises.
paragraph2sentence.train-newswire-213-2,MidCon Corp présente Dan Grubb comme son nouveau président qui remplace O.C. Davis.
paragraph2sentence.train-newswire-214-1,Au moins quatre tentes de camping ont été installées à l'extérieur du magasin Best Buy dans la région de Dallas  au Texas  avant l'aube le matin de Thanksgiving. Il y a des années  il était considéré comme quelque chose de spécial pour les magasins de détail d'ouvrir à 6 heures du matin lors du soi-disant « Black Friday » qui suit le jour de Thanksgiving ; cette époque serait considérée comme « tardive » selon les normes modernes. De nombreux détaillants utilisent des barricades pour organiser ceux qui se rassemblent devant leurs vitrines.
paragraph2sentence.train-newswire-214-2,Les médias du Royaume-Uni se sont concentrés cette semaine sur Édimbourg après la disparition de Mikaeel Kular  trois ans.
paragraph2sentence.train-newswire-215-1,North Star Uranium Inc a déclaré avoir changé son nom pour West Coast Traders Inc pour refléter son activité  l'importation en gros d'huile d'olive. La société a annoncé son intention de commencer à distribuer à l'échelle nationale sa marque Italia Olive Oil  désormais vendue sur la côte ouest. North Star Uranium était restée inactive jusqu'à ce qu'elle acquière West Coast Traders en juin 1986.
paragraph2sentence.train-newswire-215-2,Il n’a pas précisé quels seraient les amendements.
paragraph2sentence.train-newswire-216-1,La division Hysol Aerospace and Industrial Products de Dexter Corp a annoncé avoir accepté de concéder sous licence ses adhésifs techniques à l'unité Toyoda Gosei de Toyota Motor Co. Les deux unités développeront conjointement une gamme d'adhésifs structurels et de techniques d'application pour l'automobile et certaines autres industries.
paragraph2sentence.train-newswire-216-2,Dexter Corp s'en tient à Toyota pour le développement.
paragraph2sentence.train-newswire-217-1,La Manufacturers Bank-Wilmington de Manufacturers National Corp a déclaré avoir augmenté le taux d'intérêt de sa carte MasterCard à taux variable sans frais  passant de 13 3 à 13 6 %. Le nouveau taux d'intérêt s'applique au deuxième trimestre. Le tarif de la carte est fixé trimestriellement.
paragraph2sentence.train-newswire-217-2,Le taux d'intérêt du deuxième trimestre a augmenté de 0 3 % sur la carte MasterCard à taux variable sans frais de la Manufacturers Bank-Wilmington de Manufacturers National Corp.
paragraph2sentence.train-newswire-218-1,L'Iran a accepté lundi d'autoriser l'accès accru des Nations Unies (ONU) aux installations nucléaires  selon une annonce du gouvernement à la télévision d'État. Les observateurs de l'ONU auront accès à un réacteur à eau lourde encore en construction  ainsi qu'au plus grand réacteur à uranium d'Iran. L'annonce du gouvernement indiquait également que l'Iran clarifierait ses projets de construction de nouvelles installations et technologies d'enrichissement de l'uranium.
paragraph2sentence.train-newswire-218-2,Les Nations Unies auront un accès accru aux installations nucléaires en Iran  y compris à certaines nouvelles technologies qui sont encore en cours de construction.
paragraph2sentence.train-newswire-219-1,Nettles était intéressé par une carrière dans la mode et travaillait comme stagiaire pour la société de mode locale Ay'Medici. "La mode est devenue une décision définitive pour ma vie après mon premier défilé avec mes vêtements dessinés à la main au lycée"  a-t-elle écrit sur LinkedIn  où elle se décrit comme "anti-violence". Elle a auparavant enseigné la mode à la Harlem Children's Zone  entreprenant des études au New York College of Technology et à la Bread and Roses Integrated Arts High School.
paragraph2sentence.train-newswire-219-2,Nettles a enseigné la mode à la Harlem Children's Zone après avoir étudié au New York College of Technology et à la Bread and Roses Integrated Arts High School.
paragraph2sentence.train-newswire-220-1,La Banque d'Angleterre a déclaré avoir fourni au marché monétaire une aide de 53 millions de dollars au cours de la séance du matin. Cela est à comparer avec l'estimation de la banque d'une pénurie dans le système d'environ 300 millions de dollars  qu'elle avait précédemment révisée à la hausse de 250 millions. La banque centrale a acheté directement des effets bancaires pour un montant de 46 millions de dollars dans la bande trois à 9-3/4 pour cent et de sept millions de dollars dans la bande quatre à 9-11/16 pour cent.
paragraph2sentence.train-newswire-220-2,Il a déclaré qu'environ 500 réclamations individuelles contre lui et certaines de ses unités restaient en cours en tant que réclamations contestées devant le tribunal des faillites.
paragraph2sentence.train-newswire-221-1,Les Fremantle Dockers ont battu les Sydney Swans 99 à 74 samedi dernier lors de leur finale préliminaire de la Ligue australienne de football au Patersons Stadium de Perth  en Australie occidentale. Fremantle affrontera les Hawthorn Hawks lors de leur première apparition en Grande Finale en 19 ans d'histoire.
paragraph2sentence.train-newswire-221-2,Les Fremantle Dockers ont battu les Sydney Swans lors de leur finale préliminaire de la Ligue australienne de football.
paragraph2sentence.train-newswire-222-1,Norstar Bancorp a annoncé qu'elle regroupait ses banques de Long Island et de New York en une seule institution appelée Norstar Bank. La banque fusionnée  dont le siège est à Long Island  disposera d'actifs de deux milliards de dlrs et de 80 succursales  a indiqué Norstar. Elle a ajouté que le regroupement apporterait d'importantes économies administratives et opérationnelles à ses clients. Norstar a déclaré que le regroupement faciliterait également la gestion de son réseau bancaire alors qu'il se prépare à fusionner avec Fleet Financial Group <FLT> par le biais d'une transaction boursière de 1 3 milliard de dlr.
paragraph2sentence.train-newswire-222-2,Norstar Bancorp regroupe ses succursales de Long Island et de New York en une seule institution.
paragraph2sentence.train-newswire-223-1,En Suède  un rapport sur un atterrissage d'urgence de Ryanair a conclu cette semaine qu'un employé de la compagnie aérienne avait effacé l'enregistreur vocal du cockpit et l'enregistreur de données de vol pour empêcher l'enquête d'y accéder. L'avion était revenu à un aéroport près de Stockholm peu après le décollage en raison de dysfonctionnements électriques. Ryanair a rejeté l'opinion de l'autorité suédoise d'enquête sur les accidents concernant les données manquantes  affirmant au journal Södermanlands Nyheter que les enregistrements avaient été réinitialisés par un technicien essayant de réparer l'avion après consultation du service technique de Ryanair  qui ne pensait pas que les enregistrements devaient être sauvegardés.
paragraph2sentence.train-newswire-223-2,L'enregistreur vocal du cockpit est utilisé pour conserver une trace de ce qui se dit dans le cockpit pendant un vol  en particulier lorsque quelque chose ne va pas dans les airs  qui peut ensuite être évalué et analysé au moyen de conversations enregistrées.
paragraph2sentence.train-newswire-224-1,Les deux équipes australiennes sont restées invaincues lors du tournoi. Les Gliders ont battu la Chine dans le match pour la médaille d'or 57-35. Les Rollers se sont ensuite rendus sur le terrain et ont battu la Corée 63-46. L'Iran et le Japon ont remporté les matchs pour la médaille de bronze chez les hommes et les femmes.
paragraph2sentence.train-newswire-224-2,Le maire local proche du centre de détention de Pontville  Tony Foster  a déclaré que le centre avait été ouvert il y a seulement trois ans et avait relancé l'économie locale.
paragraph2sentence.train-newswire-225-1,La Caisse Nationale des Télécommunications émet une euro-obligation de 20 milliards de yens  à échéance le 29 mai 1992  au taux de 4-3/8 pour cent et au prix de 101-1/2 pour cent  a déclaré le gestionnaire principal IBJ International Ltd. L'obligation non remboursable est disponible en coupures d'un million de yens et est garantie par la France. La concession de vente est de 1 1/4 % tandis que la gestion et la souscription combinées paient 5/8 %. La date de paiement est le 29 mai et l'émission sera cotée au Luxembourg.
paragraph2sentence.train-newswire-225-2,Il n'était pas certain que le tribunal prenne une décision sur cette demande aujourd'hui.
paragraph2sentence.train-newswire-226-1,Whittaker Corp a annoncé avoir finalisé la vente annoncée précédemment de sa filiale en propriété exclusive Whittaker General Medical Corp à R.A.B. Holdings Inc pour des conditions non divulguées. Whittaker General Medical réalise un chiffre d'affaires annuel d'environ 450 millions de dlrs.
paragraph2sentence.train-newswire-226-2,Whittaker Corp a vendu sa filiale en propriété exclusive Whittaker General Medical Corp à R.A.B. Holdings Inc pour des conditions non divulguées.
paragraph2sentence.train-newswire-227-1,Les rapports indiquent qu'entre 100 et 1 300 personnes ont été tuées lors de l'attaque chimique présumée de mercredi  mais aucun rapport ne fait état de blessés ou de morts dans les attentats à la bombe d'hier. La plupart des personnes tuées semblaient être des enfants. Certaines images et vidéos provenant du pays ne montrent pas de sang ni de corps démembrés  mais montrent  selon des témoins  ceux qui sont morts apparemment par étouffement ; certains avaient de la mousse à la bouche et d'autres avaient des convulsions. Une vidéo publiée sur YouTube montrerait une jeune fille qui a survécu à l'attaque présumée  criant "Je suis vivante  je suis vivante". À un moment donné  selon le Washington Post  la jeune fille tente même de convaincre le responsable de l'hôpital qu'elle est toujours en vie.
paragraph2sentence.train-newswire-227-2,Une vidéo YouTube montre apparemment une jeune fille essayant de convaincre les responsables de l'hôpital qu'elle est bel et bien en vie après l'attaque chimique présumée.
paragraph2sentence.train-newswire-228-1,Des responsables publics et d'autres experts ont fait des présentations plus tôt cette semaine sur les leçons tirées de l'explosion qui a frappé la petite ville de West  au Texas  en avril de cette année. L'événement  qui a été diffusé en direct dans divers endroits du Texas  a été parrainé par les services de santé du département d'État du Texas dans le cadre de ses offres de séminaires Grand Rounds. Trois responsables  chacun fortement impliqué dans la réponse à l'événement  ont fait des présentations individuelles.
paragraph2sentence.train-newswire-228-2,Après une explosion au Texas  des présentations ont été faites et diffusées sur les leçons apprises lors d'un événement sponsorisé.
paragraph2sentence.train-newswire-229-1,Environ quatre mille personnes se sont rassemblées samedi pour une manifestation antigouvernementale à Bakou  en Azerbaïdjan. La manifestation a eu lieu à la périphérie de la ville pour s'opposer aux allégations de fraude électorale lors de la dernière élection présidentielle qui a ramené le président Ilham Aliyev au pouvoir pour son troisième mandat consécutif. Les manifestants ont accusé le gouvernement d'intimidation des électeurs et de bourrage des bulletins de vote  et se sont rassemblés pour réclamer un nouveau scrutin.
paragraph2sentence.train-newswire-229-2,Une grande manifestation antigouvernementale a eu lieu samedi à Bakou  en Azerbaïdjan  suite à des allégations de fraude électorale lors de l'élection présidentielle qui a ramené le président Ilham Aliyev à ses fonctions pour un troisième mandat.
paragraph2sentence.train-newswire-230-1,Les prix à terme des bovins sur pied devraient poursuivre leur ascension vers les plus hauts de la nouvelle saison et les plus hauts niveaux depuis des années  alors que les fondamentaux continuent d'être orientés à la hausse  ont indiqué les négociants. Ils ont cité les appels en direct stables à plus élevés comme principal facteur d'achat. Les approvisionnements prêts à être commercialisés restent limités et l'intérêt des conditionneurs s'est amélioré  ont-ils noté. Un ton ferme en faveur de l'encaissement du bœuf en gros et un mouvement modéré du bœuf en boîte à des prix de découpe plus élevés ont également été cités comme facteurs de soutien. L'arrêt des livraisons par des mains fortes ajoutera probablement à la force au comptant en avril  ont-ils ajouté.
paragraph2sentence.train-newswire-230-2,Les prix à terme des bovins vivants devraient continuer à augmenter en raison de l'augmentation des appels vivants  du resserrement de l'offre de bovins et de l'intérêt croissant des abattoirs.
paragraph2sentence.train-newswire-231-1,Les touristes ont été évacués hier de la Tour Eiffel peu avant 16h00 (18h00 GMT) suite à un appel téléphonique menaçant. Les forces de sécurité ont couvert la zone après la réception de l'appel téléphonique et la Tour Eiffel a été rouverte environ une heure et demie plus tard après que les menaces aient été écartées.
paragraph2sentence.train-newswire-231-2,La Tour Eiffel a été temporairement fermée hier après un appel téléphonique menaçant  mais a rouvert ses portes aux touristes après que les forces de sécurité ont écarté les menaces une heure et demie plus tard.
paragraph2sentence.train-newswire-232-1,Swift Independent Packing Co a déclaré avoir accepté en principe de vendre son usine de porc de Huron  dans le Dakota du Sud  à Huron Dressed Beef  à des conditions non divulguées. La finalisation de la transaction proposée est soumise à la capacité de Huron d'embaucher une main-d'œuvre expérimentée à des tarifs compétitifs et de recevoir l'approbation du gouvernement pour l'achat et l'exploitation de l'usine  a déclaré Swift.
paragraph2sentence.train-newswire-232-2,Swift Independent Packing Co a provisoirement accepté de vendre son usine de porc de Huron  SD  à Huron Dressed Beef  sous réserve de la capacité de cette dernière à recruter des employés et de l'approbation du gouvernement.
paragraph2sentence.train-newswire-233-1,Les huit grandes banques de New York n'ont pas emprunté auprès de la Réserve fédérale au cours de la semaine terminée mercredi 25 mars  a déclaré un porte-parole de la Fed. Il s’agit de la seconde moitié d’une période de deux semaines de relevés bancaires qui s’est terminée mercredi. Les banques n'ont pas emprunté la première semaine de la période.
paragraph2sentence.train-newswire-233-2,La Réserve fédérale n'a pas prêté aux huit grandes banques de New York au cours de la semaine commençant le mercredi 21 mars.
paragraph2sentence.train-newswire-234-1,ASIX Systems  un développeur de systèmes de test pour les dispositifs ASIC  a déclaré avoir reçu 4 800 000 dlrs lors d'un deuxième cycle de financement par actions. La société a déclaré que les investisseurs comprennent les participants au premier tour Paragon Partners  Citicorp <CCI>  Vista Ventures  Rust Ventures et Orien Ventures  ainsi que les nouveaux investisseurs North Carolina Bank Venture Co LP  RepublicBankCorp <RPT> et ECI Ventures. Elle a déclaré avoir désormais levé une capitalisation totale de 8 600 000 dlrs.
paragraph2sentence.train-newswire-234-2,Epitope Inc a déclaré avoir développé un test Western Blot pour le SIDA et qu'elle commencerait immédiatement ses efforts de commercialisation à l'échelle mondiale.
paragraph2sentence.train-newswire-235-1,Le ministre des Mines et de l'Énergie  Subroto  a confirmé le soutien indonésien à une prolongation du sixième Accord international sur l'étain (ITA)  mais a déclaré qu'un nouvel accord n'était pas nécessaire. Invité par Reuters à clarifier sa déclaration de lundi dans laquelle il a déclaré que l'accord devrait être autorisé à expirer  Subroto a déclaré que l'Indonésie était prête à soutenir la prolongation de l'ATI. "Nous pouvons soutenir la prolongation du sixième accord"  a-t-il déclaré. "Mais nous pensons qu'un septième accord n'est pas nécessaire." La sixième ITA expirera à la fin du mois de juin  à moins qu'une majorité des deux tiers des membres ne vote en faveur d'une prolongation.
paragraph2sentence.train-newswire-235-2,Le secrétaire général de l'OPEP  Subroto  a averti que le monde était confronté quotidiennement à une pénurie de pétrole.
paragraph2sentence.train-newswire-236-1,L'inflation a été de 8 8 pour cent en Indonésie au cours de l'exercice 1986/87 jusqu'au 31 mars  contre 5 66 pour cent l'année précédente  a déclaré le ministre de l'Information Harmoko après une séance du cabinet pour discuter de la situation économique.
paragraph2sentence.train-newswire-236-2,Un courtier a déclaré que la Banque du Japon était probablement intervenue en Australie avant l'ouverture  mais n'a pas pu le confirmer.
paragraph2sentence.train-newswire-237-1,Chypre Minerals Co a annoncé avoir obtenu un contrat de cinq ans pour fournir 360 000 tonnes de charbon vapeur à Niagara Mohawk Power Co <NMK>. L'entreprise expédie actuellement 240 000 tonnes de charbon vapeur par an à Niagara Mohawk dans le cadre d'un contrat signé en 1985. Le charbon provient de la mine Emerald  dans le sud-ouest de la Pennsylvanie.
paragraph2sentence.train-newswire-237-2,Chypre Minerals Co a remporté un contrat de cinq ans pour fournir 360 000 tonnes de charbon vapeur de la mine Emerald  dans le sud-ouest de la Pennsylvanie  à Niagara Mohawk Power Co <NMK>.
paragraph2sentence.train-newswire-238-1,PDA Engineering a déclaré avoir temporairement reporté l'expédition de son logiciel PATRAN pour ordinateurs IBM  en raison d'un problème technique avec le programme. La société a déclaré que le report réduirait ses revenus et ses bénéfices du troisième trimestre. PDA a déclaré qu'elle prévoyait de reprendre ses livraisons au quatrième trimestre.
paragraph2sentence.train-newswire-238-2,Les problèmes techniques du PDA interrompent les livraisons de logiciels pour IBM.
paragraph2sentence.train-newswire-239-1,La rupture a eu lieu après sa défaite contre la Roumaine Simona Halep au troisième tour du Masters de Cincinnati la semaine dernière. «Je pense que nous avions tous les deux le sentiment que nous étions presque arrivés à la fin. Malheureusement  c'était la semaine dernière"  a-t-elle déclaré.
paragraph2sentence.train-newswire-239-2,le perdant admet sa défaite trop tard dans le match.
paragraph2sentence.train-newswire-240-1,Dans la capitale des Samoa américaines  Pago Pago  le tsunami a mesuré 1 57 mètre de hauteur. Le directeur du parc national des Samoa américaines  Mike Reynolds  a signalé quatre vagues atteignant six mètres de haut. Les personnes ayant vécu le séisme ont déclaré qu'il avait été long  allant de 90 secondes à trois minutes. « Les rues de la ville de Pago Pago étaient jonchées de véhicules renversés  de voitures et de débris. Certains bâtiments situés à peine au-dessus du niveau de la mer ont été complètement détruits par les vagues  et le courant dans certains endroits ne devrait pas être rétabli avant un mois »  rapportait Wikinews à l'époque.
paragraph2sentence.train-newswire-240-2,Lors d'un match de basket-ball en fauteuil roulant samedi soir au Colegio San Agustin de Madrid dans la ligue espagnole de haut niveau  La Liga de Honor  CD Fundosa ONCE a battu Servigest Burgos 80-20.
paragraph2sentence.train-newswire-241-1,Mardi  l'Organisation de coopération et de développement économiques (OCDE)  une organisation économique internationale de 34 membres fondée en 1961 et dont les origines remontent au Plan Marshall de la Seconde Guerre mondiale  a publié des résultats sur l'état des compétences des adultes dans 24 pays  pour la plupart européens. L'Australie avait des classements mitigés en matière d'alphabétisation et de calcul chez les adultes  se classant parmi les premiers pour l'alphabétisation et au milieu pour le calcul.
paragraph2sentence.train-newswire-241-2,Les adultes australiens se classent parmi les meilleurs en matière d'alphabétisation et au milieu pour les compétences en calcul  selon les résultats d'une recherche de l'Organisation de coopération et de développement économiques.
paragraph2sentence.train-newswire-242-1,Les Lignes aériennes Canadien International ont annoncé avoir accepté d'acheter six Boeing Co 767-300ER (à rayon d'action étendu)  ainsi que des options sur huit autres  pour 1 6 milliard de dollars canadiens  pièces de rechange et formation comprises. La livraison débutera en avril 1988 et se poursuivra jusqu'en avril 1989  a indiqué la société. La compagnie aérienne a annoncé qu'elle envisageait de financer le nouvel avion au moyen de contrats de location opérationnels. Canadian Airlines a récemment été créée par la fusion de Canadian Pacific Airlines et de Pacific Western Airlines.
paragraph2sentence.train-newswire-242-2,D'autres facteurs soutenant cette vision haussière étaient les attentes croissantes selon lesquelles le président de la Réserve fédérale  Paul Volcker  serait reconduit pour un troisième mandat de quatre ans en août  le plan de relance économique plus important que prévu du Japon la semaine dernière et des signaux graphiques techniques plus favorables  ont déclaré les analystes.
paragraph2sentence.train-newswire-243-1,Viacom International Inc a déclaré avoir fixé au 6 avril la date limite pour les actionnaires habilités à voter lors d'une assemblée extraordinaire qui se tiendra pour voter sur le projet de fusion d'Arsenal Acquiring Corp  une filiale en propriété exclusive d'<Arsenal Holdings Inc> dans Viacom. Il a précisé que la date de la réunion extraordinaire n'a pas encore été déterminée.
paragraph2sentence.train-newswire-243-2,Viacom International Inc a fixé une réunion pour Arsenal Acquiring Corp.
paragraph2sentence.train-newswire-244-1,Le rapport  rédigé par le Conseil national de recherches  décrit le laps de temps entre le tremblement de terre et l'émission initiale de l'alerte au tsunami comme étant « relativement long »  et indique que le délai standard pour qu'une telle alerte soit émise est d'environ deux minutes. L’étude a également révélé qu’un tiers des capteurs de tsunami ne fonctionnent pas à un moment donné.
paragraph2sentence.train-newswire-244-2,La ville de New York a été soumise à un avertissement de tempête hivernale tard hier soir  avec neuf pouces de neige prévus.
paragraph2sentence.train-newswire-245-1,Dennison Manufacturing Co a annoncé avoir signé une lettre d'intention pour vendre sa filiale Dunn Paper Co à James River Corp <JR> pour un montant en espèces non divulgué  ce qui entraînera une charge sur les bénéfices du premier trimestre. La société a déclaré que la perte sur la vente pourrait être en partie réduite par des paiements conditionnels au cours des cinq prochaines années et qu'elle serait plus que compensée au premier trimestre par le gain résultant de la vente précédemment annoncée de ses actions Hygeia Sciences Inc. Dunn a réalisé l'année dernière un chiffre d'affaires d'environ 65 millions de dollars. À Richmond  en Virginie  James River a déclaré que la fermeture est attendue d'ici la fin avril  sous réserve de l'approbation des deux conseils d'administration et de la conclusion de conventions collectives satisfaisantes.
paragraph2sentence.train-newswire-245-2,Si une entreprise est en déclin ou fait faillite  une autre entreprise la rachète et en fait une nouvelle succursale de sa propre entreprise.
paragraph2sentence.train-newswire-246-1,Le groupe pop Fleetwood Mac a annulé sa prochaine tournée en Australie et en Nouvelle-Zélande suite au diagnostic de cancer de son bassiste John McVie. La tournée devait commencer le 10 novembre au Sydney Entertainment Centre et se poursuivre à travers la Hunter Valley  Geelong  Melbourne  Adélaïde  Brisbane et Perth au cours des deux semaines suivantes.
paragraph2sentence.train-newswire-246-2,Fleetwood Mac a annulé sa prochaine tournée en Australie et en Nouvelle-Zélande en raison du diagnostic de cancer de son bassiste John McVie.
paragraph2sentence.train-newswire-247-1,À l'approche d'Halloween  de nombreuses attractions hantées partout au Texas se préparent pour la grande saison des « hantises ». Les directeurs et le personnel de ces attractions doivent investir beaucoup de temps dans la préparation de leurs bâtiments ; ces efforts s’intensifient considérablement en septembre. Wikinews a rencontré certains propriétaires de ces attractions pour en savoir plus sur le dur travail nécessaire pour préparer la soirée d'ouverture.
paragraph2sentence.train-newswire-247-2,Les directeurs et le personnel des attractions hantées de tout le Texas se préparent pour Halloween et préparent la saison des « hantises ».
paragraph2sentence.train-newswire-248-1,Tirunesh Dibaba a remporté son premier titre de champion du monde en six ans  en terminant première du 10 000 mètres aux Championnats du monde de l'IAAF à Moscou  en Russie  hier soir. Dibaba a terminé avec un temps de 30 minutes et 43 37 secondes  lui offrant la troisième victoire aux Championnats du monde de sa carrière.
paragraph2sentence.train-newswire-248-2,La constitution reconnaît l'islam comme religion de la Tunisie mais comprend également des dispositions garantissant la liberté de conscience et l'égalité entre les hommes et les femmes.
paragraph2sentence.train-newswire-249-1,First of America Bank Corp a annoncé avoir finalisé son affiliation avec la Lewiston State Bank de Lewiston  Michigan. La banque Lewiston  qui a été rebaptisée First of America Bank-Lewiston  possède des actifs de 54 9 millions de dlrs. First of America possède des actifs de plus de 7 9 milliards de dlrs.
paragraph2sentence.train-newswire-249-2,Avec un actif total de 54 9 millions de dlrs  First of America Bank Corp est affiliée à la Lewiston State Bank  désormais appelée First of America Bank-Lewiston.
paragraph2sentence.train-newswire-250-1,L'ancien Premier ministre britannique Tony Blair a déclaré que l'intervention de l'armée était nécessaire pour éviter le « chaos »  et a déclaré que les manifestations qui ont conduit à la chute de Morsi étaient dues à un mécontentement quant à l'efficacité du gouvernement : « Quand les gouvernements ne tiennent pas leurs promesses  les gens protestent. Ils ne veulent pas attendre des élections. Blair a également blâmé « l'idéologie et l'intolérance des Frères musulmans » : « Les gens avaient le sentiment que les Frères musulmans imposaient progressivement leurs propres doctrines dans la vie quotidienne ». Blair a conseillé aux gouvernements occidentaux de « s'engager avec le nouveau pouvoir de facto et d'aider le nouveau gouvernement à apporter les changements nécessaires  notamment en matière économique  afin qu'il puisse répondre aux attentes du peuple ». De cette manière  nous pouvons également contribuer à tracer un chemin de retour vers les urnes conçues par et pour les Égyptiens.
paragraph2sentence.train-newswire-250-2,Certaines organisations islamistes établissent des liens plus étroits avec les gouvernements européens  mais nombre d’entre elles se joignent à des militants non musulmans pour s’opposer à certaines politiques gouvernementales.
paragraph2sentence.train-newswire-251-1,L'Inde aurait acheté aujourd'hui deux cargaisons de sucre blanc pour une expédition en avril/mai lors de son appel d'offres à un prix proche de 227 dlrs la tonne et le fret et pourrait être à la recherche d'une troisième cargaison  ont indiqué les négociants. Un opérateur britannique aurait vendu l'une des cargaisons  tandis qu'une entreprise autrichienne aurait participé à la deuxième vente de marchandises  ont-ils indiqué.
paragraph2sentence.train-newswire-251-2,le sucre blanc est constitué de calories vides.
paragraph2sentence.train-newswire-252-1,Environ 115 pèlerins ont été tués dimanche dans une bousculade dans la région indienne du Madhya Pradesh. Quelque 50 000 pèlerins tentaient de visiter le temple de Ratangarh dans le cadre d'une fête hindoue annuelle. Des sources indiquent que des rumeurs se sont répandues dans la foule selon lesquelles le pont sur le fleuve Sind pourrait s'effondrer  ce qui a provoqué une panique généralisée.
paragraph2sentence.train-newswire-252-2,Des pèlerins ont été tués lors d'une bousculade alors qu'ils visitaient un temple.
paragraph2sentence.train-cqa-253-1,Existe-t-il un site Web sur lequel les demandeurs d'emploi peuvent discuter avec d'autres postulant dans les mêmes entreprises  etc.  du processus de candidature et d'embauche ? J'ai essayé les forums sur Indeed.com et je ne les trouve pas vraiment utiles. merci!
paragraph2sentence.train-cqa-253-2,Comment postuler avec succès à un emploi ?
paragraph2sentence.train-cqa-254-1,J'aimerais entrer en contact avec quelqu'un de mon âge au Pays de Galles (pour apprendre un peu de Cymraeg et avoir un ami là-bas avant de voyager) mais j'ai découvert que le site Web que j'essayais d'utiliser vous oblige à payer pour pouvoir contacter d'autres membres. J'ai 17 ans. Où dois-je aller ?
paragraph2sentence.train-cqa-254-2,Les parents de ma copine peuvent-ils savoir sur l'ordinateur à quelle heure elle me parle ?
paragraph2sentence.train-cqa-255-1,De temps en temps  je perds la possibilité de cliquer avec le bouton droit dans Firefox. Habituellement  le redémarrage de FF ou de mon ordinateur résout le problème  mais maintenant cela ne fonctionne pas. Ce n'est certainement pas un problème avec mon ordinateur lui-même  car le clic droit fonctionne correctement dans tous mes programmes et dans Google Chrome. Que dois-je faire?
paragraph2sentence.train-cqa-255-2,Quel est le meilleur navigateur pour les jeux en dehors de Firefox Opera et Chrome ?
paragraph2sentence.train-cqa-256-1,J'ai 2 e-mails  mon vrai e-mail et mon spam. Un courrier indésirable est un courrier électronique que vous envoyez à des sites Web  à des personnes ou à des groupes auxquels vous devez donner votre courrier électronique  mais qui ne vous intéresse pas ou dont vous savez avec certitude que vous serez « spammé ». Des avis  des commentaires  des préoccupations ?
paragraph2sentence.train-cqa-256-2,Est-il bon ou mauvais d'avoir deux adresses e-mail : une pour les e-mails réguliers et une pour l'utiliser lorsque vous pensez recevoir du spam ?
paragraph2sentence.train-cqa-257-1,En cherchant sur fanfiction.net  j'ai vu plusieurs histoires écrites par un membre appelé « JusSonic » qui parodie des films avec des personnages de dessins animés. Je pense personnellement que ces soi-disant histoires de fanmakes que j'ai vues devraient être supprimées et fanfiction.net crée une règle pour que ce genre d'histoires n'apparaissent pas sur leurs sites. Est-ce que quelqu'un est d'accord ou pas d'accord avec moi sur la question de savoir si fanfiction.net devrait interdire les histoires de films fanmakes de son site ?
paragraph2sentence.train-cqa-257-2,Qu’est-ce qui constitue une fanfiction ?
paragraph2sentence.train-cqa-258-1,J'utilise Internet Explorer et sur n'importe quel site que je visite  la barre en haut et en bas de mon écran (je pense qu'on les appelle barres d'état) ne sont visibles que si je pose ma souris dessus. Je veux qu'il soit visible tout le temps. Comment puis-je changer cela ?
paragraph2sentence.train-cqa-258-2,Comment rendre ma barre d’état visible à tout moment ?
paragraph2sentence.train-cqa-259-1,J'ai un HP Pavilion dv6000 exécutant Windows Vista Premium avec HP Wireless Assistant. J'ai cassé mon interrupteur sans fil et je ne peux pas me permettre de le réparer pour le moment. Y a-t-il un autre moyen de l'allumer ?
paragraph2sentence.train-cqa-259-2,Je suis très en colère contre Amazon  quelqu'un peut-il m'aider !!! ?
paragraph2sentence.train-cqa-260-1,Je cherchais ces figurines vraiment rares sur eBay. Je ne les ai pas trouvés là-bas ni sur Amazon. J'ai donc cherché sur Google  et ce type à Chicago a vendu une grande partie de ce produit pour un total de 70 $. C'est un très bon prix pour ces chiffres particuliers  mais la seule façon que je connaisse de payer est avec Paypal (car j'habite en Floride et il est tout en haut en Illinois). Lorsque vous envoyez un paiement sur Paypal  cela vous donne le choix entre un paiement professionnel ou personnel. Si vous sélectionnez une entreprise  il vous demande s'il s'agit d'une facture ou d'un article que vous achetez. Si je dis qu’il s’agit d’un article que j’achète  sera-t-il couvert ?
paragraph2sentence.train-cqa-260-2,Si j'achète un objet sur eBay et que je paie avec PayPal  dois-je indiquer qu'il s'agit d'une facture professionnelle et l'objet sera-t-il couvert ?
paragraph2sentence.train-cqa-261-1,Je participe à un concours sur Twitter pour gagner un nouveau vélo. Tout ce que j'ai à faire est de hacher une certaine phrase à plusieurs reprises. C'est une entrée illimitée. J'ai essayé à plusieurs reprises de tweeter la phrase pour gagner  mais cela ne me l'a pas permis. Alors  à quelle fréquence puis-je répéter la phrase ?
paragraph2sentence.train-cqa-261-2,Quelle est la limite de fréquence pour mes tweets et est-ce que cela change si j'utilise le même tweet ou hashtag ?
paragraph2sentence.train-cqa-262-1,J'offre le vieil ordinateur familial à un ami. Je voulais savoir si  après avoir supprimé l'historique des options ou propriétés Internet  quelqu'un peut-il voir ce que notre famille a recherché ?
paragraph2sentence.train-cqa-262-2,Je veux garder nos histoires familiales complètement privées.
paragraph2sentence.train-cqa-263-1,Quelqu'un connaît-il de bons sites Web sur la sécurité sur Internet  à part thinkuknow ? une aide serait grandement appréciée. s'il vous plaît aidez-moi  merci xx câlinsChloé
paragraph2sentence.train-cqa-263-2,À part pensez que vous savez  quels autres bons sites Web parlent de sécurité sur Internet ?
paragraph2sentence.train-cqa-264-1,J'ai le nom de domaine « be1.cc ». Que dois-je faire ou être pour le site Web ?
paragraph2sentence.train-cqa-264-2,Quels noms sont bons pour les sites Web ?
paragraph2sentence.train-cqa-265-1,où puis-je trouver de bonnes vidéos de chatouilles f/f  h/f ? chatouillement des pieds principalement. mais rien de tout ça  et à part YouTube et Dailymotion  j'ai des comptes pour les deux.
paragraph2sentence.train-cqa-265-2,Existe-t-il d'autres sites de vidéos que YouTube et Dailymotion ?
paragraph2sentence.train-cqa-266-1,Nous aimons tous les deux jouer à mw2 sur la Xbox360  mais elle a toujours un très mauvais décalage et donc lorsque nous participons à des opérations spéciales  nous perdons TOUJOURS la connexion  c'est tellement irritant. Des suggestions sur ce qu'elle peut faire pour améliorer sa connexion ? Merci si vous répondez :)
paragraph2sentence.train-cqa-266-2,Quelqu’un a-t-il déjà bénéficié de ces offres gratuites en ligne ?
paragraph2sentence.train-cqa-267-1,Si vous envoyez à quelqu'un une @réponse sur Twitter sous forme de message  décidez que vous ne voulez pas qu'il la reçoive après tout - vous la supprimez donc de vos tweets. L'obtiendront-ils toujours ?
paragraph2sentence.train-cqa-267-2,Quel est le meilleur site de trucs gratuits Lockerz  Swagbucks ou Points2shop ?
paragraph2sentence.train-cqa-268-1,La règle 34 d'Internet dit que si vous pouvez l'imaginer  il y a du porno. Mais que sont les règles 1 à 33 ? Ou est-ce que quelqu'un a juste choisi un numéro au hasard ?
paragraph2sentence.train-cqa-268-2,Règle 1 : Ne parlez pas des règles 2 à 33.
paragraph2sentence.train-cqa-269-1,J'ai récemment rejoint Lockerz et j'ai suffisamment de points pour une partie à 360°. Tout est en rupture de stock. comment puis-je acheter des trucs ? j'ai aussi entendu quelque chose à propos de la rédemption. Qu'est ce que c'est??/
paragraph2sentence.train-cqa-269-2,Pouvez-vous toujours obtenir des prix de Lockerz ?
paragraph2sentence.train-cqa-270-1,Existe-t-il un module complémentaire pour Firefox qui gère vos autres modules complémentaires ? J'ai cherché sur Google pendant près d'une heure  mais je n'ai rien trouvé. De plus  j'ai essayé de trouver la page de Mozilla qui répertorie tous les modules complémentaires pour Firefox par catégories et autres  pour voir si je pouvais la trouver là-bas  mais je n'ai pas pu la trouver non plus.
paragraph2sentence.train-cqa-270-2,J'ai beaucoup de plug-ins comme Adblock  mais je perds toujours la trace de ce qu'ils font.
paragraph2sentence.train-cqa-271-1,J'ai actuellement MSN et Yahoo. Je recherche un fournisseur offrant plus d'options de mise en page et de formatage pour les e-mails de type newsletter. Quelqu'un connaît-il un bon fournisseur ? Merci! =]
paragraph2sentence.train-cqa-271-2,Existe-t-il un moyen plus rapide de supprimer un onglet/une fenêtre dans IE ?
paragraph2sentence.train-cqa-272-1,Lorsque je clique sur mon IE  il est indiqué que la page ne peut pas être affichée mais que Firefox fonctionne parfaitement. Il n'est pas non plus bloqué par un pare-feu. y a-t-il un moyen de résoudre ce problème ?
paragraph2sentence.train-cqa-272-2,Existe-t-il un programme qui me permettra de mettre à jour mon MySpace  Facebook et Twitter ?
paragraph2sentence.train-cqa-273-1,j'ai donc acheté un article il y a quelques semaines sur eBay et je n'ai toujours pas été informé que mon article a été expédié.. que dois-je faire ?
paragraph2sentence.train-cqa-273-2,Que dois-je faire lorsque mon achat eBay n'a toujours pas été expédié après deux semaines ?
paragraph2sentence.train-cqa-274-1,Je ne comprends pas pourquoi lorsque j'essaie Internet Explorer  Firefox et Opera  aucun d'entre eux n'affiche de page Web et ne reçoit le message d'erreur standard lorsqu'il n'y a pas de connexion  même si j'ai établi une connexion sans fil  mais lorsque j'ouvre Real Player  cela fonctionne bien.  J'ai également essayé Ubuntu et Firefox et je peux également accéder à Internet de cette façon.  Comment puis-je accéder à Internet via d’autres navigateurs sous Windows ?
paragraph2sentence.train-cqa-274-2,Pourquoi puis-je accéder à Internet uniquement sous Windows via Real Player alors que cela fonctionne correctement sur Ubuntu avec Firefox ?
paragraph2sentence.train-cqa-275-1,Quels sont les sites Web sur lesquels je peux écouter de la musique gratuitement ? Je ne souhaite pas avoir à télécharger quoi que ce soit sur mon ordinateur pour que cela fonctionne  et je souhaite également ne pas avoir à créer de compte. Ne mentionnez pas non plus youtube.com  car la qualité sonore est nulle.
paragraph2sentence.train-cqa-275-2,Où puis-je diffuser de la musique gratuitement sur Internet ?
paragraph2sentence.train-cqa-276-1,J'ai vraiment besoin d'aller sur un certain site Web  mais il indique que le lien est rompu. Comment puis-je résoudre ce problème ? Il y a quelques jours à peine  je pouvais accéder à ce site  mais maintenant je ne peux plus. J'ai aussi essayé de le visualiser avec mon téléphone et ça fonctionnait ! Cependant  sur mon téléphone  je ne parviens pas à visualiser certaines choses dont j'ai besoin. Quelque chose ne va pas avec mon ordinateur parce que le site Web fonctionne sur mon téléphone ?
paragraph2sentence.train-cqa-276-2,Pourquoi puis-je afficher des parties d'un site Web à partir de mon téléphone  mais lorsque j'essaie avec un navigateur  le lien est rompu ?
paragraph2sentence.train-cqa-277-1,Je me demandais ça depuis un moment. Existent-ils encore quelque part ? Lorsque vous les supprimez  où vont-ils ? Ils ne sont pas stockés sur votre ordinateur ; ils doivent aller quelque part en ligne  n'est-ce pas ? Merci ;)
paragraph2sentence.train-cqa-277-2,Où vont-ils après la suppression ?
paragraph2sentence.train-cqa-278-1,J'ai créé quelques thèmes psp et je sais que les gens peuvent les télécharger sur psp-themes.net mais serons-nous crédités pour cela ?  Par exemple  qui l'a créé et tout ça ?  Je ne veux pas que quelqu'un d'autre revendique mon travail.  Oh  et si vous savez ailleurs où je peux télécharger mes thèmes PSP et en être crédité  faites-le-moi savoir. Merci.
paragraph2sentence.train-cqa-278-2,J'espère créer davantage de ces thèmes  mais je veux m'assurer que personne ne se fasse connaître pour mon travail.
paragraph2sentence.train-cqa-279-1,Il montre juste une petite boîte grise avec des formes à l'intérieur. Dois-je télécharger un nouveau lecteur Flash ou quelque chose comme ça ?
paragraph2sentence.train-cqa-279-2,Une boîte grise avec des formes à l'intérieur signifie-t-elle que je dois télécharger un nouveau lecteur Flash ?
paragraph2sentence.train-cqa-280-1,J'aide un ami à ouvrir un cybercafé. Je me demandais si les live cd seraient la meilleure solution. Si les ordinateurs sont configurés avec des Live CD  ils n'auraient pas encore besoin d'un disque dur. Les pages Web doivent encore être mises en cache ?.
paragraph2sentence.train-cqa-280-2,Quelles sont les bonnes pratiques pour configurer des ordinateurs de cybercafés ?
paragraph2sentence.train-cqa-281-1,J'essaie de télécharger un fichier vidéo sur photobucket  mais chaque fois que j'essaie  il n'est téléchargé qu'à 60 %  puis s'arrête. J'ai essayé à plusieurs reprises  avec à chaque fois le même résultat. Est-ce que quelqu'un sait quel est le problème ?
paragraph2sentence.train-cqa-281-2,J'ai une connexion Internet à Al Shamil d'une vitesse de 512 kbps mais j'ai vérifié auprès de la société d'approvisionnement en réseau etisalat ?
paragraph2sentence.train-cqa-282-1,C’est à peu près ce que demande la question. J'ai un compte Tumblr  mais j'entends souvent des gens dire qu'ils ont un « Tumblr Crush ». Je n'ai aucune idée de ce que c'est  quelqu'un peut-il m'expliquer ce que c'est et comment je peux le découvrir ou quoi ? Merci :)
paragraph2sentence.train-cqa-282-2,Qu’est-ce qu’un coup de cœur Tumblr ?
paragraph2sentence.train-cqa-283-1,L'historique de mon navigateur Internet indique les sites visités sur lesquels je ne suis pas au courant. s'ils le sont  y a-t-il une réponse définitive à 100 % selon laquelle ce site particulier a été visité ?
paragraph2sentence.train-cqa-283-2,Où puis-je regarder des émissions de télévision/des films en ligne gratuitement  de bonne qualité et sans sondage ?
paragraph2sentence.train-cqa-284-1,Je suis une fille de 14 ans qui va bloguer sur sa vie au lycée et bien  tout. Problème? Je ne sais pas comment le nommer. Alors  jetez un œil à ces noms et n'hésitez pas à en suggérer également :
paragraph2sentence.train-cqa-284-2,Comment dois-je appeler mon blog ?
paragraph2sentence.train-cqa-285-1,Il existe quelques sites auxquels mes amis peuvent accéder sur Internet et qui prennent beaucoup de temps à se charger  mais qui finissent par le faire. Mais mon accès Internet abandonne ces sites avant qu'ils n'aient eu la possibilité de se charger et me donne le message « La connexion a expiré ». Existe-t-il un moyen de faire en sorte qu'il continue à se charger aussi longtemps que nécessaire  ou du moins plus longtemps que prévu ? Je préfère Mozilla mais si vous ne connaissez qu'Internet Explorer  c'est bien aussi.
paragraph2sentence.train-cqa-285-2,Existe-t-il un moyen d'augmenter le temps maximum que mon navigateur passera à essayer de charger un site Web afin qu'il continue à terminer les sites à chargement lent ?
paragraph2sentence.train-cqa-286-1,Je vais habituellement sur ce site Web createblog.com pour obtenir toutes mes mises en page DIV. je suis récemment allé sur le site et aucune des mises en page n'apparaît. y a-t-il un problème avec mon ordinateur ou le site ? Je pensais que si le site était foiré  je pourrais trouver un autre site Web de mise en page div  mais pour être honnête  ils sont tous de la merde. Quelqu'un peut-il me diriger vers un site Web de mises en page div ou me dire si c'est juste mon ordinateur qui ne charge pas les mises en page du site ?
paragraph2sentence.train-cqa-286-2,Y a-t-il un problème avec createblog.com ou est-ce moi ?
paragraph2sentence.train-cqa-287-1,Je pense mettre mon ordinateur portable en vente sur Craigslist parce que je pense que je peux y gagner plus d'argent qu'ebay  mais Craigslist semble tellement sommaire. Comment ça marche exactement ? Y a-t-il une vente aux enchères ? Est-ce que les gens m'envoient des offres par e-mail et j'accepte l'offre que je veux  puis-je simplement décider de ne pas la vendre une fois que je l'ai répertoriée ?
paragraph2sentence.train-cqa-287-2,Craigslist est-il sommaire ?
paragraph2sentence.train-cqa-288-1,Whenever I post a question on any forum or question & answer site about my WIRED internet  I always get answers referring to WIRELESS internet. Pourquoi? Is WIRELESS internet used by absolutely everybody or something?
paragraph2sentence.train-cqa-288-2,Y a-t-il un avantage à l’Internet filaire par rapport à l’Internet sans fil ?
paragraph2sentence.train-cqa-289-1,J'utilise un PC mais je n'ai pas de connexion Internet. Je veux juste connaître certains sites proposant des téléchargements gratuits que je peux utiliser... Par exemple  où puis-je télécharger un roman entier gratuitement et puis-je étudier à la maison plus tard ?
paragraph2sentence.train-cqa-289-2,Où puis-je télécharger un livre pour pouvoir le lire sur mon PC lorsque je suis hors ligne ?
paragraph2sentence.train-cqa-290-1,Je me souviens d'une fois où j'étais sur Flickr et j'ai essayé de faire un clic droit et d'enregistrer une image et cela a enregistré ce fichier vide intitulé « Spaceball ». Je me demandais s'il existe un moyen (ou un moyen différent d'obtenir le même effet) de faire cela sur un site autre que Flickr et si oui  comment ? Merci :)
paragraph2sentence.train-cqa-290-2,Existe-t-il un moyen de passer des appels VoIP (Voice over Internet Protocol) gratuitement ?
paragraph2sentence.train-cqa-291-1,Mon ordinateur de bureau ne peut pas se connecter via Internet à partir du cordon Ethernet mural. Ce cordon est bon car je l'ai utilisé pour connecter mon ordinateur portable pour aller en ligne et Internet fonctionne. Je pense que mon ordinateur est peut-être infecté par un virus qui m'empêche d'accéder à Internet. C'est un vallon. Est-ce que quelqu'un sait comment le réparer et lui faire lire la connexion réseau et se connecter ?
paragraph2sentence.train-cqa-291-2,Un virus peut-il m'empêcher de me connecter ?
paragraph2sentence.train-cqa-292-1,Est-ce que quelqu'un connaît des moyens de maximiser LÉGALEMENT les swagbucks sur Swagbucks.com ? Je ne suis pas sur Facebook  Twitter ou quoi que ce soit du genre  et je n'ai personne à qui me référer  mais j'envisage de créer un blog  est-ce que cela m'aiderait ?
paragraph2sentence.train-cqa-292-2,Existe-t-il des moyens légaux de maximiser mes swagbucks sur swagbucks.com  comme créer un blog ?
paragraph2sentence.train-cqa-293-1,Je regardais les informations et je les ai entendus dire quelque chose à propos d'un site comme celui-ci  Twitter ou Tag. Cela commence par un S comme Sky... Je ne me souviens plus  est-ce que quelqu'un connaît le nom ??
paragraph2sentence.train-cqa-293-2,Qu'est-ce que Peerguardian et si je l'utilise  mon fournisseur d'accès Internet peut-il toujours voir ce que je télécharge ?
paragraph2sentence.train-cqa-294-1,J'étais sur ce site Web et mon bras était sur le clavier et il a appuyé sur certains boutons  alors maintenant  lorsque je vais sur ce site Web  l'écran est petit. Comment puis-je résoudre ce problème ?
paragraph2sentence.train-cqa-294-2,Comment modifier la taille de la police du navigateur ?
paragraph2sentence.train-cqa-295-1,Un jour après avoir vendu l'article (des chaussures en cuir)  nous avons eu une inondation dans notre sous-sol et les chaussures sont pratiquement en ruine. L'acheteur n'a pas payé comme il m'avait dit qu'il allait payer samedi  nous sommes seulement vendredi. Quoi qu'il en soit  j'ai envoyé un mail à l'acheteur pour lui en parler. Maintenant  quelle est la prochaine étape ?
paragraph2sentence.train-cqa-295-2,Si un article est endommagé avant de l’envoyer à l’acheteur  que doit faire le vendeur ?
paragraph2sentence.train-cqa-296-1,Je viens de me déconnecter pendant cinq minutes et maintenant  il dit qu'il n'est pas connecté mais que les autres sites le sont  et avant de me déconnecter  tous mes amis étaient hors ligne. ce qui se passe ????
paragraph2sentence.train-cqa-296-2,Est-il normal qu'avant ma déconnexion  tous mes amis se soient déconnectés ?
paragraph2sentence.train-cqa-297-1,Si je m'inscris pour l'essai gratuit d'Amazon Prime d'un mois  je bénéficie d'une expédition en 2 jours pour mes articles éligibles. L'expédition en 2 jours signifie-t-elle qu'ils expédient l'article dans les 2 jours ou cela signifie-t-il qu'il arrive dans les 2 jours ?
paragraph2sentence.train-cqa-297-2,chaque fois que j'essaie d'aller sur un certain site  j'obtiens ce message  que puis-je faire à ce sujet ?
paragraph2sentence.train-cqa-298-1,J'aime l'image que Bing.com a comme arrière-plan. Je voudrais le mettre en arrière-plan de mon ordinateur. Mais je n'arrive pas à comprendre comment faire. Quelqu'un sait comment ?
paragraph2sentence.train-cqa-298-2,Existe-t-il de bons sites Web sur lesquels je peux jouer à des jeux à l'école via des proxys ?
paragraph2sentence.train-cqa-299-1,Existe-t-il un site Web sur lequel vous pouvez choisir un emploi  voir combien d'argent vous gagnez et acheter une maison pour voir combien vous auriez besoin de gagner pour vivre votre vie ? Je suis tellement paranoïaque à l'idée de trouver un emploi et de payer mes factures. je veux juste que quelque chose me dise que ça ira.
paragraph2sentence.train-cqa-299-2,Existe-t-il des sites Web qui vous aident à déterminer quel emploi vous convient le mieux ?
paragraph2sentence.train-cqa-300-1,J'ai utilisé les torrents uniquement pour télécharger des jeux. Mais maintenant  j'ai découvert que les torrents ne fonctionnent plus et mon ami m'a dit que notre FAI bloque l'utilisation des torrents. Existe-t-il un moyen de résoudre ce problème sans que mon FAI le sache ?
paragraph2sentence.train-cqa-300-2,Où puis-je télécharger des torrents adaptés aux jeux ?
paragraph2sentence.train-cqa-301-1,Quelques-uns de mes amis ont publié des liens « bit.ly » sur Facebook. Mes amis sauront-ils quand j'ai cliqué sur le lien ? Je sais que bit.ly suit le nombre de clics  mais mes amis sauront-ils QUI clique sur les liens ?
paragraph2sentence.train-cqa-301-2,Quelles informations bit.ly fournit-il sur qui clique sur le lien ?
paragraph2sentence.train-cqa-302-1,D'accord  pour une raison quelconque  mon Internet Explorer ne fonctionne pas. Lorsque j'essaie de l'ouvrir  j'obtiens le message habituel "Internet Explorer ne peut pas afficher la page Web". Firefox fonctionne très bien mais sans Internet Explorer  certains de mes programmes fonctionnent mal. J'ai essayé de réinstaller IE mais toujours le même problème. =( des suggestions ?
paragraph2sentence.train-cqa-302-2,Pourquoi Internet Explorer ne fonctionnerait-il pas alors que Firefox fonctionne  même après avoir essayé de le réinstaller ?
paragraph2sentence.train-cqa-303-1,Je pense que je vais vendre mes anciens jeux PS2 sur Ebay. Selon vous  qu'est-ce que je peux en tirer le plus (j'en ai environ 10 à vendre) et est-ce que je perds des bénéfices dans l'expédition ?
paragraph2sentence.train-cqa-303-2,Si je vends mes anciens jeux Playstation 2 sur eBay  combien dois-je les demander ?
paragraph2sentence.train-cqa-304-1,Quel est le navigateur Internet le plus rapide/le meilleur/le plus cool/amusant ? J'utilise Firefox et c'est rapide mais y en a-t-il un plus rapide ?
paragraph2sentence.train-cqa-304-2,Firefox est-il le meilleur navigateur ?
paragraph2sentence.train-cqa-305-1,Je suis une personne qui a toujours utilisé Amazon et uniquement Amazon  mais apparemment  je ne trouve actuellement que ce que je veux sur eBay. Je n'ai ni compte courant ni carte de crédit  je ne peux donc pas vérifier. Mais je fais des sondages en ligne qui me paient via Paypal. Puis-je acheter quelque chose via eBay sans Paypal vérifié ? Et puis-je être payé via Paypal si ce n'est pas vérifié  car je n'ai pas encore encaissé.
paragraph2sentence.train-cqa-305-2,Puis-je effectuer un achat sur eBay sans compte PayPal vérifié ?
paragraph2sentence.train-cqa-306-1,Pourquoi ne puis-je pas regarder des vidéos sur NDTV.com ? Je parviens à bien naviguer sur le site  sans aucun problème mais la vidéo ne démarre pas.
paragraph2sentence.train-cqa-306-2,Pourquoi ma vidéo ne joue-t-elle pas sur NDTV.com.
paragraph2sentence.train-cqa-307-1,Lorsque je demande un site Web ou que j'essaie d'accéder à un site favori  cela bloque ma page Internet et indique que la fenêtre ne répond pas  et en bas de la page  elle s'affiche sur la barre d'outils (spydomain.com). Ai-je un virus ? J'ai redémarré et arrêté en vain. Chaque fois que j'essaie d'accéder à Internet  ma page est bloquée. Pouvez-vous m'aider?
paragraph2sentence.train-cqa-307-2,Suis-je infecté par un virus car lorsque j'essaie de me connecter en ligne  le site Web ne répond pas et je vois que mon ordinateur essaie de se connecter à « spydomain.com » (et le redémarrage n'aide pas).
paragraph2sentence.train-cqa-308-1,Je suis nouveau dans le domaine du podcasting et je souhaite créer un flux que je peux utiliser pour publier un podcast sur iTunes. Mes vidéos sont sur YouTube. J'ai utilisé FeedBurner et j'ai essayé de publier mon flux sur iTunes  mais il m'a indiqué que le flux ne contenait aucun épisode. J'ai actuellement quatre épisodes sur YouTube. Pouvez-vous me dire si quelque chose ne va pas ou si je dois utiliser un autre site ??? S'il vous plaît  aidez autant que possible !
paragraph2sentence.train-cqa-308-2,Comment connecter mes podcasts FeedBurner et mes vidéos YouTube à mon flux sur iTunes ?
paragraph2sentence.train-cqa-309-1,ok  donc chaque fois que je vais sur Internet pour faire des recherches  jouer à des jeux  etc.  cela cesse toujours de fonctionner. Il y a ce truc qui apparaît et qui dit qu'Internet Explorer ne fonctionne pas. Microsoft recherche une solution. Internet redémarre. je veux dire  comme quoi  bon sang ??  ça devient vraiment ennuyeux. s'il vous plaît  aidez-moi. Y a-t-il un moyen de résoudre ce problème sans rien télécharger ? merci
paragraph2sentence.train-cqa-309-2,Pourquoi mon ordinateur affiche-t-il une fenêtre contextuelle indiquant qu'Internet ne fonctionne pas chaque fois que je l'utilise et comment puis-je l'arrêter ?
paragraph2sentence.train-cqa-310-1,Je pars en voyage à l'étranger et j'aimerais tenir un blog  mais je n'aurai réellement accès à mon BlackBerry que pour mettre à jour le blog que j'aimerais conserver. Quel site fonctionnerait bien sur un blackberry  de préférence même pour ajouter des photos ?
paragraph2sentence.train-cqa-310-2,Quel site Web prend en charge la rédaction d'un blog avec des images directement à partir d'un téléphone BlackBerry ?
paragraph2sentence.train-cqa-311-1,Je veux savoir si JavaScript est activé. Comment puis-je le vérifier ? (<- sur Mozilla Firefox)
paragraph2sentence.train-cqa-311-2,Comment puis-je savoir si JavaScript est activé ?
paragraph2sentence.train-cqa-312-1,ok  donc j'ai regardé du porno sur mon iPod pendant longtemps et un jour j'ai essayé de regarder une vidéo et cette étrange page pleine de chiffres et de symboles est apparue. cela arrive sur tous les sites. mes parents contrôlent les heures de connexion Wi-Fi et autres  donc je me demande s'ils l'ont bloqué ? ou est-ce que j'ai un virus ? besoin d'une mise à jour ? s'il te plaît  je voudrais que tu saches quelque chose  dis-moi ci-dessous
paragraph2sentence.train-cqa-312-2,À quoi servent exactement les filtres parentaux et comment affectent-ils l’affichage des sites Web ?
paragraph2sentence.train-cqa-313-1,Je sais comment supprimer l'historique par la suite  mais comment puis-je empêcher l'affichage de l'historique en premier lieu ? J'ai Internet Explorer 8 et chaque fois que j'ouvre un nouvel onglet  la page affiche toujours l'historique sous le couvert de : "Afficher les onglets que vous avez fermés depuis le démarrage d'Internet Explorer". Sans même essayer  n’importe qui peut voir exactement ce que je regarde. Comment puis-je empêcher l'affichage d'une liste ou des sites Web précédemment visités ? Les informations sont assez détaillées ; par exemple  il n'affiche pas seulement réponses.yahoo.com ; il montre plutôt le titre exact de la question que je regardais. Bah  ça m'énerve énormément. Merci.
paragraph2sentence.train-cqa-313-2,Comment puis-je empêcher IE 8 d'afficher les sites Web spécifiques que j'ai visités pour la dernière fois lorsque j'ouvre un nouvel onglet ?
paragraph2sentence.train-cqa-314-1,Je souhaite ouvrir un compte Paypal pour pouvoir utiliser eBay  mais je ne sais pas quel type de compte obtenir. Je veux acheter des choses  mais aussi vendre certaines choses dont je n’ai plus besoin ou dont je n’utilise plus. Alors quelqu'un peut-il me dire de quel type ? Je sais que ce n'est pas du business  mais lequel des deux autres ?
paragraph2sentence.train-cqa-314-2,problème de connexion à eBay  quelqu'un peut-il me donner des conseils ?
paragraph2sentence.train-cqa-315-1,J'ai accidentellement enchéri sur quelque chose et je serai probablement le gagnant. Existe-t-il des moyens de se retirer des enchères sur l'article ? Que se passerait-il si je ne payais pas ? Je ne sais pas quoi faire...
paragraph2sentence.train-cqa-315-2,Quelles sont les meilleures sonneries pop gratuites disponibles sur Myxer et fonctionnant avec Verizon ?
paragraph2sentence.train-cqa-316-1,Je suis sur un Mac exécutant Snow Leopard (10.6) et j'ai parfois des problèmes mineurs avec Safari  je cherche donc à télécharger un navigateur secondaire. J'ai déjà utilisé Firefox et je pensais que c'était bien  mais je n'ai jamais utilisé Chrome. Quelqu'un ayant de l'expérience sur l'un de ces navigateurs sur un Mac peut-il me dire les hauts et les bas ?
paragraph2sentence.train-cqa-316-2,Chrome fonctionne-t-il mieux que Safari sur Mac ?
paragraph2sentence.train-cqa-317-1,J'ai Safari  Google Chrome  Opera  Camino  Firefox et flock sur mon Mac. Existe-t-il d'autres navigateurs Web VRAIMENT rapides ?
paragraph2sentence.train-cqa-317-2,Quels navigateurs sont pris en charge sur un Mac ?
paragraph2sentence.train-cqa-318-1,Disons que je reçois un cadeau en argent sur Paypal et que je le garde sur mon compte Paypal. La prochaine fois que j'achèterai quelque chose sur eBay et que je paierai via Paypal  l'argent offert sera-t-il utilisé ou l'argent proviendra-t-il de ma carte de débit comme c'est le cas normalement ?
paragraph2sentence.train-cqa-318-2,Existe-t-il un site Web en anglais avec une biographie du Dr Gerhard Stalling ?
paragraph2sentence.train-cqa-319-1,J'aimerais connaître de bons sites pour télécharger des fichiers tels que des vidéos ou de la musique. Des recommandations ?
paragraph2sentence.train-cqa-319-2,Quels sites sont les meilleurs pour télécharger des trucs ?
paragraph2sentence.train-cqa-320-1,1. Un vendeur sur eBay peut-il accepter un paiement par carte de crédit  ou tous les paiements sur Ebay doivent-ils désormais passer par PayPal ? J'essaie de savoir si vous pouvez utiliser une carte de crédit pour effectuer un paiement sans avoir de compte PayPal. Je réalise que lorsque vous payez un vendeur  vous envoyez le paiement à l'adresse PayPal du vendeur.
paragraph2sentence.train-cqa-320-2,Puis-je acheter des objets sur eBay avec une carte de crédit ou ai-je besoin d'un compte PayPal ?
paragraph2sentence.train-cqa-321-1,Je l'utilise pour obtenir un code intégré afin de pouvoir publier des podcasts sur mon blog. Cependant  je ne veux pas que tout le monde puisse les entendre  et archive.org les rend publics. Existe-t-il une alternative à l'archivage ou ailleurs  je peux obtenir un code d'intégration pour mon podcast ? (Ou puis-je rendre mon compte archive.org privé ?) Merci !
paragraph2sentence.train-cqa-321-2,Où puis-je diffuser des webcasts ou des podcasts privés  ou ai-je besoin d'une sorte de code pour les faire fonctionner ?
paragraph2sentence.train-cqa-322-1,ok  je suis avec Bell pour mon Internet  et depuis hier soir  mon Internet est HORRID. personne ne télécharge quoi que ce soit chez moi  et en ce moment  Internet est utilisé pour ma Xbox (mais même pas pour jouer en ligne) par mon frère sur MSN et moi  sur Yahoo Answers. cela ne devrait pas rendre mon Internet aussi lent ! une idée de ce qui se passe ? Peut-être quelque chose du côté de Bell ? si c'est le cas  que font-ils ? Parce que ça m'arrive environ 3 fois par mois. C'est tellement grave que je devrais attendre 30 minutes juste pour charger une vidéo YouTube de 3 1/2 minutes
paragraph2sentence.train-cqa-322-2,Mon Internet est-il si lent à cause de mon fournisseur (Bell) ou est-ce quelque chose que je fais  comme connecter ma Xbox ?
paragraph2sentence.train-cqa-323-1,J'utilise Windows Vista sur mon ordinateur portable Compaq. La dernière fois que j'ai installé l'antivirus Norton  j'ai échoué. Passé ce délai  je ne peux plus accéder à Internet  mais je peux appeler avec Skype. Quel est le problème ? Veuillez résoudre mon problème.
paragraph2sentence.train-cqa-323-2,J'ai essayé d'utiliser ClamAV mais cela n'a pas fonctionné.
paragraph2sentence.train-cqa-324-1,L'application Crack et Cracker pour iPhone ne fonctionne pas. existe-t-il une alternative pour PC ?
paragraph2sentence.train-cqa-324-2,Quelles sont les bonnes solutions de jailbreak pour mon iPhone ?
paragraph2sentence.train-cqa-325-1,Certaines personnes sur ce site Web voient leur question publiée sur le site de quelqu'un d'autre  avec leur nom d'utilisateur à côté. Est-ce que cela m'arrivera si je crée un compte ? Car pour l’instant  sans faire de compte personne ne sait que c’est moi qui pose la question.
paragraph2sentence.train-cqa-325-2,L’anonymat des questions permet aux gens d’être libres dans leurs explications et d’éviter de craindre le jugement de leurs pairs ou les représailles.
paragraph2sentence.train-cqa-326-1,Mon téléphone portable n'est pas livré avec une radio et je me demandais si je pouvais le télécharger d'une manière ou d'une autre... est-ce possible ?
paragraph2sentence.train-cqa-326-2,Comment fonctionnent les radios sur les téléphones portables ?
paragraph2sentence.train-cqa-327-1,J'ai été membre de quelques forums de sites Web et chacun semble être repris par un groupe de femmes garces qui se comportent comme des brutes à l'école et ont besoin que d'autres idiots les rejoignent pour faire partie du gang car elles sont trop stupides ou effrayées pour parler pour elles-mêmes. Le premier était un forum de discussion sur la coiffure et le maquillage et le dernier est une page de fans sur Facebook pour Craig Busch  l'homme lion. Ce n'est pas seulement moi. Je vois d'autres personnes être victimes d'intimidation et lorsque je dénonce cela  je me fais simplement attaquer par les membres du gang et je suis moi-même victime d'intimidation. Pourquoi des groupes de femmes soi-disant adultes sont-ils ainsi ?
paragraph2sentence.train-cqa-327-2,Pourquoi un groupe de femmes adultes devient-il comme des intimidateurs lorsqu'elles interagissent sur des forums en ligne ?
paragraph2sentence.train-cqa-328-1,Je viens de commander un jeu vidéo sur eBay via Prizerebel. Combien de temps faudra-t-il pour le traitement/livraison ? Vont-ils me contacter par téléphone ? Et si quelqu’un l’achète avant de le traiter ? Merci pour votre aide.
paragraph2sentence.train-cqa-328-2,Comment se déroule le processus d'achat via prizerebel sur Ebay ?
paragraph2sentence.train-cqa-329-1,Je lis des critiques sur les sites d'enquête et j'entends toujours des gens se plaindre des « enquêtes OTX ». De quoi parlent-ils et comment savoir si une enquête à laquelle vous participez est une OTX ?
paragraph2sentence.train-cqa-329-2,Les répondants à l'enquête proviennent d'un groupe équilibré de sociétés payantes et OTX.
paragraph2sentence.train-cqa-330-1,Je n'ai pas de compte Formspring  donc il ne propose pas l'option « Anonyme » lorsque je souhaite poser une question. Sera-t-il toujours anonyme si je pose une question  même si je la pose en étant connecté à mon compte Facebook ?
paragraph2sentence.train-cqa-330-2,Si je n'ai pas de compte Formspring  serai-je anonyme si je pose une question lorsque je suis également connecté à Facebook ?
paragraph2sentence.train-cqa-331-1,La limite de Megavideo est censée être de 72 minutes  mais parfois après environ 10 minutes  la vidéo s'arrête et elle m'indique que j'ai atteint la limite de 72 minutes.  Est-ce que cela arrive à quelqu'un d'autre ? Et y a-t-il un moyen d'éviter la limite ?
paragraph2sentence.train-cqa-331-2,Puis-je utiliser un cordon téléphonique ordinaire pour connecter mon modem DSL ?
paragraph2sentence.train-cqa-332-1,Je recherche un endroit avec un chat vocal sur le Web où je peux réunir un groupe d'environ 20 personnes maximum qui peuvent toutes parler au micro sans avoir à demander à tout le monde de d/l un client. Des suggestions ? Ne suggérez pas Vent/Teamspeak  etc.  je sais que c'est une meilleure idée mais pas une option.
paragraph2sentence.train-cqa-332-2,J'ai besoin d'une solution de conférence vocale basée sur le Web pour un groupe d'une vingtaine de personnes.
paragraph2sentence.train-cqa-333-1,Je suis actuellement en train de créer une histoire pour un petit truc d'anime/manga (je suppose qu'ici en Amérique  on appellerait ça un « dessin animé »). je voulais l'envoyer à deviantart car je pourrais alors également envoyer les photos de couverture correspondantes du chapitre. Mais il semblerait que je sois un noob chez Deviantart. comment puis-je soumettre des histoires ? (j'ai besoin de très bons détails car je n'ai presque aucune idée de quoi faire ici.)
paragraph2sentence.train-cqa-333-2,De plus  existe-t-il de bons endroits pour obtenir des commentaires sur l'écriture/l'histoire ?
paragraph2sentence.train-cqa-334-1,J'ai ce virus svchost.exe  j'ai réussi à l'empêcher d'utiliser tout le processeur mais il continue de mettre des chevaux de Troie dans mon dossier C:\WINDOWS\Temp. AVG continue d'apparaître toutes les 5 minutes avec un nouveau et je ne sais pas comment l'arrêter ! J'ai exécuté Malaware  Spybot S&D  AVG et ESET qui ne trouvent que les virus dans le dossier temporaire et non la source. Quelqu'un peut-il m'aider ?x
paragraph2sentence.train-cqa-334-2,Comment puis-je me débarrasser du virus svchost.exe lorsqu'aucun des logiciels antivirus ne semble fonctionner (AVG  Malaware  etc.) ?
paragraph2sentence.train-cqa-335-1,Hier  une femme est venue chez moi pour me prévenir que ma maison est sur Craigslist ! Elle a dit que c'était probablement un Nigérian et une sorte d'arnaque. Il y a des photos de ma maison (intérieur/extérieur). Il contient toutes les informations  le nombre de chambres  de salles de bains  l'année de construction  etc. Je n'y ai certainement pas mis ma maison  et il est écrit « À louer » et le prix. Que dois-je faire?!?!
paragraph2sentence.train-cqa-335-2,Comment savoir combien facturer les frais d’expédition lors de la vente sur Ebay ?
paragraph2sentence.train-cqa-336-1,Je vais toujours sur postsecret [dot ]blogspot [dot] com mais je n'ai aucune idée de comment accéder à la page suivante... Je ne vois rien sur lequel je pourrais cliquer... Quelqu'un peut-il me dire comment accéder à la page suivante ? Je ne comprends vraiment pas...
paragraph2sentence.train-cqa-336-2,Le blog de PostSecret a-t-il une deuxième page ?
paragraph2sentence.train-cqa-337-1,Par exemple  j'ai un piano très vieux et TRÈS lourd que j'envisage d'essayer de vendre sur eBay. Mais ce que je me demande  c'est si quelque chose d'aussi gros  puis-je simplement l'expédier avec USPS ? Comment puis-je expédier de gros objets ?
paragraph2sentence.train-cqa-337-2,Quelle est la chose la plus importante que le service postal américain expédiera ?
paragraph2sentence.train-cqa-338-1,Une de mes autres écoles avait un site Web sur lequel je peux télécharger des fichiers. N'importe quel fichier. Comme un document Microsoft Word  un diaporama Powerpoint  une image JPEG de Microsoft Paint ... peu importe. Mais maintenant  je n'ai plus accès à mon compte là-bas. Alors... existe-t-il un autre site Web sur lequel je peux télécharger des éléments  les ouvrir à partir d'un autre ordinateur et les télécharger à partir de là ???
paragraph2sentence.train-cqa-338-2,Existe-t-il un site Web sur lequel je peux stocker mes fichiers  puis les télécharger sur un autre ordinateur ?
paragraph2sentence.train-cqa-339-1,Je me demande simplement ce que les gens qui écrivent des chaînes de lettres qui vous menacent en retirent ?  Comme ceux qui disent « envoyez ceci à 10 personnes ou quelque chose de grave arrivera ».  Est-ce simplement de la pure immaturité ou en retirent-ils quelque chose ?
paragraph2sentence.train-cqa-339-2,Si vous aviez une carte-cadeau Amazon de 35 $  à quoi la dépenseriez-vous ?
paragraph2sentence.train-cqa-340-1,J'ai juste envie de rencontrer des gens en ligne  c'était sur Yahoo! Messenger mais cela s'est mal passé  alors quelque chose que vous recommanderiez ? La bourse de IM me manque en quelque sorte. Merci beaucoup.
paragraph2sentence.train-cqa-340-2,Où puis-je discuter avec de nouvelles personnes en ligne ?
paragraph2sentence.train-cqa-341-1,chaque fois que j'essaie de chercher quelqu'un  ça dit : une erreur s'est produite lors du traitement de la demande : la recherche est actuellement indisponible. aide ? comment puis-je le rendre disponible ? haha :) merci <3
paragraph2sentence.train-cqa-341-2,Comment rechercher quelqu’un en ligne ?
paragraph2sentence.train-cqa-342-1,Je souhaite acheter du crédit Skype. Je suis au Canada. Puis-je aussi appeler l’Afrique/le Nigéria ?
paragraph2sentence.train-cqa-342-2,Pouvons-nous faire une vidéoconférence avec plusieurs personnes en même temps en utilisant Skype ?
paragraph2sentence.train-cqa-343-1,Récemment  mes tweets ont été supprimés et n'apparaissent plus. Hier j'en étais à 224 tweets  aujourd'hui j'en suis à 204 tweets. Pourquoi cela se produit-il ? O.o
paragraph2sentence.train-cqa-343-2,Qu’est-ce qui fait baisser le volume des tweets ?
paragraph2sentence.train-cqa-344-1,À des moments évidemment chargés sur le net.  J'utilise Firefox via Orange.  Quelqu'un d'autre a eu un problème s'il vous plaît ?
paragraph2sentence.train-cqa-344-2,Ma connexion Internet ralentit énormément.
paragraph2sentence.train-cqa-345-1,salut  j'ai quelques petites choses que je souhaite vendre en ligne. je voulais utiliser Paypal mais je suppose que je perds de l'argent lorsque je vends quelque chose (ou quelque chose comme ça)  donc je ne veux pas perdre ce petit profit. Je suis étudiant en ce moment et j'aimerais cet argent pour pouvoir l'investir dans un ordinateur portable lorsque j'irai à l'université (il me reste encore 1 an et demi). existe-t-il un site Web sur lequel je peux vendre des choses afin d'obtenir tout l'argent que je demande ? et c'est plutôt un truc de vendeur-client ?
paragraph2sentence.train-cqa-345-2,Quel pourcentage PayPal gagne-t-il sur chaque achat ?
paragraph2sentence.train-cqa-346-1,Bonjour  j'habite dans une zone très rurale et je souhaite me procurer une carte Internet sans fil que je peux simplement connecter à mon ordinateur sans me soucier de la réception. Comment ça marche ? Puis-je les obtenir moi-même ou dois-je également acheter un téléphone  etc. ? J'ai regardé Sprint et AT&T et il semble qu'ils souhaitent également que vous l'obteniez avec un téléphone. Est-ce juste un gadget pour essayer de vendre des téléphones ? De toute façon  j’aurai besoin d’une autre compagnie de téléphone  alors dois-je les réunir ? Quelle entreprise proposez-vous ?
paragraph2sentence.train-cqa-346-2,Ai-je besoin d’un téléphone pour obtenir une carte Internet sans fil ?
paragraph2sentence.train-cqa-347-1,Ok  sur la boutique Poptropica  j'ai acheté la Maison Hantée gratuite. Je l'ai visité  mais maintenant je veux en sortir ! Comment faire ??
paragraph2sentence.train-cqa-347-2,Comment sortir de la maison hantée sur Poptropica ?
paragraph2sentence.train-cqa-348-1,Selon vous  quel a été l'impact sur les fournisseurs d'accès Internet britanniques depuis la sortie du streaming multimédia en ligne  pas tellement YouTube mais plus le lecteur BBCi  ils autorisent le streaming de contenu HD et il est extrêmement populaire... cela a sûrement mis beaucoup de pression sur les serveurs des fournisseurs.  Ont-ils dû dépenser une fortune pour mettre à niveau ?
paragraph2sentence.train-cqa-348-2,La vidéo HD représente plus de 50 % de la bande passante consommée en Grande-Bretagne un soir de semaine moyen.
paragraph2sentence.train-cqa-349-1,Dans mon histoire  mon tueur utilise son ordinateur mais je ne sais pas si je devrais le faire. D'après ce que j'ai compris (films mdr)  ils ne peuvent pas vraiment retracer votre ordinateur si vous l'utilisez dans un café sans fil ou un Starbucks  n'est-ce pas ? Si non  veuillez préciser
paragraph2sentence.train-cqa-349-2,Les établissements McDonalds et Starbucks offrent désormais le Wi-Fi gratuit à leurs clients et de nombreuses autres entreprises emboîtent le pas.
paragraph2sentence.train-cqa-350-1,Depuis que mon université a modifié la connexion Internet  probablement pour la rendre plus rapide  j'ai des problèmes avec les webcams et les vidéos en général chargées sur les sites Web. J'ai essayé de vider le cache  d'activer les cookies et de vérifier le pare-feu. J'ai aussi les versions à jour d'Adobe Flash et Java mais rien ne semble fonctionner. quelqu'un a des conseils ou des suggestions ? Merci
paragraph2sentence.train-cqa-350-2,J'ai essayé la plupart des correctifs standard (comme vider le cache)  mais quelqu'un a-t-il des suggestions sur la façon d'améliorer les performances lorsque vous regardez des vidéos et des webcams en ligne ?
paragraph2sentence.train-cqa-351-1,J'ai dix ans et j'ai un appareil photo vraiment professionnel. Il peut prendre des photos de mise au point  il peut éditer des photos  donc cela signifie que c'est totalement génial. J'aimerais vraiment des sites Web de partage d'images sur lesquels je peux partager des photos d'aspect professionnel. J'ai besoin d'un site Web qui autorise les enfants de dix ans. Pouvez-vous m'aider?
paragraph2sentence.train-cqa-351-2,Quels sites Web permettent aux mineurs de partager les photos qu’ils ont prises ?
paragraph2sentence.train-cqa-352-1,Je me demandais simplement comment envoyer des messages aux gens. Je n'ai pas de Twitter moi-même  mais quand vous regardez le Twitter de quelqu'un et qu'un tweet a le nom de quelqu'un d'autre au début  est-ce que cela vient de cette personne ou de la personne sur Twitter sur laquelle vous êtes ?
paragraph2sentence.train-cqa-352-2,Si je souhaite envoyer des réponses  ai-je également besoin d’un compte Twitter ?
paragraph2sentence.train-cqa-353-1,J'ai 2 de mes propres connexions  mais en cherchant mon routeur  j'ai vu des tonnes de routeurs d'autres personnes. Est-il illégal de se connecter au routeur non protégé de quelqu'un ? J'ai entendu dire que c'était légal s'ils ne sont pas protégés. Quelqu'un peut-il également modifier les paramètres de mon routeur s'il s'en éloigne. Je pense à le sécuriser  je déteste juste le truc du mot de passe.
paragraph2sentence.train-cqa-353-2,Quelle est la meilleure façon de sécuriser votre propre routeur ?
paragraph2sentence.train-cqa-354-1,eh bien  c'est comme si j'utilisais eBay pour la première fois. et je veux acheter cette affiche. donc si j'appuie sur « acheter maintenant »  cela signifie-t-il que c'est le mien et qu'il me sera expédié ? ou d'autres personnes peuvent-elles encore enchérir dessus ? Je ne veux pas dépenser plus d’argent que je ne devrais. ou je dois de l'argent à quelqu'un que je ne connais pas.
paragraph2sentence.train-cqa-354-2,Si j'utilise le bouton « Acheter maintenant » sur eBay  ai-je acheté l'objet ou d'autres personnes pourront-elles toujours enchérir dessus ?
paragraph2sentence.train-cqa-355-1,J'ai besoin de créer environ 10 à 20 comptes de messagerie pour un projet sur lequel je travaille  mais je ne veux pas m'asseoir et passer par le processus fastidieux consistant à trouver un nom d'utilisateur et un mot de passe valides  à remplir le captcha  etc. Existe-t-il un moyen de le faire rapidement et facilement  ou au moins un service d'hébergement de messagerie qui ne prend pas 10 minutes pour créer un compte ?
paragraph2sentence.train-cqa-355-2,J'ai vendu mon 1er article sur eBay et j'ai reçu d'excellents retours  dois-je remercier la personne ?
paragraph2sentence.train-cqa-356-1,Je viens de mettre à jour la dernière version de Firefox. Désormais  chaque fois que j'ouvre un nouvel onglet  je reçois une boîte intitulée « Alerte » qui dit « Firefox ne sait pas comment ouvrir cette adresse  car le protocole (mhtb) n'est associé à aucun programme ». Comment puis-je l'empêcher de m'en alerter ? C'est ennuyeux !
paragraph2sentence.train-cqa-356-2,Quelle est la différence entre http et mhtb ?
paragraph2sentence.train-cqa-357-1,Je souhaite brancher un ordinateur dans une autre pièce (afin de pouvoir avoir accès à Internet dans 2 pièces différentes). Dois-je contacter la compagnie de téléphone et payer des frais supplémentaires ou y a-t-il un moyen de l'avoir dans les deux pièces sans avoir une autre boîte ? Je n'en ai aucune idée... toute aide serait appréciée. Merci!
paragraph2sentence.train-cqa-357-2,Est-ce que connecter un deuxième ordinateur à internet (dans une autre pièce) nécessite de contacter l'opérateur téléphonique et/ou de payer plus cher  ou est-ce que je n'ai pas besoin d'un deuxième boîtier de connexion ?
paragraph2sentence.train-metaphoric-358-1,Les Grenouilles  affligées de n'avoir aucun souverain établi  envoyèrent des ambassadeurs à Jupiter pour implorer un roi.  Percevant leur simplicité  il jeta une énorme bûche dans le lac.  Les grenouilles furent terrifiées par le clapotis provoqué par sa chute et se cachèrent dans les profondeurs de l'étang.  Mais dès qu’ils se rendirent compte que l’énorme bûche était immobile  ils nageèrent de nouveau jusqu’à la surface de l’eau  chassèrent leurs craintes  grimpèrent et commencèrent à s’accroupir dessus avec mépris.  Après quelque temps  ils commencèrent à se croire maltraités par la nomination d'un souverain aussi inerte  et envoyèrent une seconde députation à Jupiter pour prier qu'il établisse à leur tête un autre souverain.  Il leur donna ensuite une Anguille pour les gouverner.  Quand les Grenouilles découvrirent sa bonne humeur facile  elles envoyèrent une troisième fois à Jupiter pour le prier de leur choisir encore un autre Roi.  Jupiter  mécontent de toutes leurs plaintes  envoya un héron  qui s'en prenait aux grenouilles jour après jour jusqu'à ce qu'il n'en reste plus aucune pour coasser sur le lac.
paragraph2sentence.train-metaphoric-358-2,Faites attention à ce que vous demandez.
paragraph2sentence.train-metaphoric-359-1,Une fourmi se rendit au bord d'une rivière pour étancher sa soif  et  emportée par le courant du ruisseau  elle fut sur le point de se noyer.  Une colombe assise sur un arbre au-dessus de l'eau cueillit une feuille et la laissa tomber dans le ruisseau près d'elle.  La fourmi grimpa dessus et flotta en toute sécurité jusqu'à la rive.  Peu de temps après  un oiseleur vint se placer sous l'arbre et déposa ses brindilles de tilleul pour la colombe qui était assise dans les branches.  La Fourmi  apercevant son dessein  le piqua au pied.  Dans la douleur  l'oiseleur jeta les brindilles et le bruit fit s'envoler la colombe.
paragraph2sentence.train-metaphoric-359-2,Faites preuve de gentillesse  car elle peut vous revenir en cas de besoin.
paragraph2sentence.train-metaphoric-360-1,Un Serpent au cours de ses pérégrinations entra dans l'atelier d'un armurier.  Alors qu'il glissait sur le sol  il sentit sa peau piquée par un dossier posé là.  En colère  il se retourna vers lui et essaya d'y enfoncer ses crocs ; mais il ne put faire aucun mal au fer lourd et dut bientôt céder à sa colère.
paragraph2sentence.train-metaphoric-360-2,Les limes en fer sont suffisamment dures pour être utilisées dans la plupart des travaux de métal.
paragraph2sentence.train-metaphoric-361-1,Un geai s'aventurant dans une cour où se promenaient les paons  y trouva un certain nombre de plumes tombées des paons pendant leur mue.  Il les attacha tous à sa queue et se pavana vers les paons.  Lorsqu'il s'approcha d'eux  ils découvrirent bientôt le tricheur  et s'avançant vers lui  le becquetèrent et lui arrachèrent les plumes qu'il avait empruntées.  Le Geai ne pouvait donc pas faire mieux que de retourner vers les autres Jays  qui avaient observé son comportement de loin ; mais ils furent également ennuyés contre lui et lui dirent : « Ce ne sont pas seulement les belles plumes qui font les beaux oiseaux. »
paragraph2sentence.train-metaphoric-361-2,Les paons perdent les plumes de leur queue lors de la mue.
paragraph2sentence.train-metaphoric-362-1,Un jeune berger  qui surveillait un troupeau de moutons près d'un village  faisait sortir les villageois à trois ou quatre reprises en criant : « Loup ! Loup!'  et quand ses voisins venaient l'aider  il se moquait d'eux pour leurs douleurs.  Le loup  cependant  est enfin arrivé.  Le berger  maintenant vraiment alarmé  cria dans une agonie de terreur : « Je vous prie  venez m'aider ; le loup tue le mouton » ; mais personne ne prêta attention à ses cris ni ne lui prêta assistance.  Le loup  n'ayant aucune raison de craindre  lacérait ou détruisait à loisir tout le troupeau.
paragraph2sentence.train-metaphoric-362-2,Les premiers bergers utilisaient des appels vocaux pour alerter les personnes à proximité de la présence de prédateurs.
paragraph2sentence.train-metaphoric-363-1,Un lion et un ours s'emparèrent d'un chevreau au même moment et se battirent farouchement pour sa possession.  Lorsqu'ils s'étaient terriblement lacérés et qu'ils étaient évanouis par le long combat  ils se couchèrent épuisés de fatigue.  Un Renard  qui les avait contournés plusieurs fois de loin  les vit tous deux étendus par terre  avec le Kid étendu au milieu  intact.  Il courut entre eux et  s'emparant du Kid  il s'enfuit aussi vite qu'il le put.  Le Lion et l'Ours l'aperçurent  mais ne pouvant se relever  dirent : « Malheur à nous  car nous n'aurions dû nous battre et nous fatiguer que pour servir le tour d'un renard. »
paragraph2sentence.train-metaphoric-363-2,Les lions et les ours se disputent les mêmes sources de nourriture.
paragraph2sentence.train-metaphoric-364-1,Un ours tombe sur une bûche où un essaim d'abeilles avait niché pour faire leur miel. Alors qu'il fouinait  une seule petite abeille s'est envolée du rondin pour protéger l'essaim. Sachant que l'ours mangerait tout le miel  la petite abeille le piqua violemment au nez et retourna dans la bûche. Cela a mis l’ours dans une colère noire. Il frappa la bûche avec ses grosses griffes  déterminé à détruire le nid d'abeilles à l'intérieur. Cela n'a fait qu'alerter les abeilles et  en un clin d'œil  l'essaim d'abeilles tout entier s'est envolé de la bûche et a commencé à piquer l'ours de la tête aux talons. L'ours s'est sauvé en courant et en plongeant dans l'étang le plus proche.
paragraph2sentence.train-metaphoric-364-2,Le loup obéit  et pendant qu'il jouait de la flûte et que le Kid dansait  des chiens entendant le son accoururent et commencèrent à poursuivre le loup.
paragraph2sentence.train-metaphoric-365-1,Un enfant était perché au sommet d'une maison et  baissant les yeux  il vit un loup passer sous lui.  Immédiatement  il commença à injurier et à attaquer son ennemi.  « Meurtrier et voleur  s'écria-t-il  que faites-vous ici près des maisons des honnêtes gens ?  Comment oses-tu apparaître là où tes actes ignobles sont connus ?  "Maudis-toi  mon jeune ami"  dit le loup.
paragraph2sentence.train-metaphoric-365-2,Un homme peut sourire mais être un méchant.
paragraph2sentence.train-metaphoric-366-1,Un garçon mit la main dans un pichet plein de noisettes.  Il en saisit autant qu'il pouvait en tenir  mais lorsqu'il essaya de retirer sa main  il en fut empêché par le col du lanceur.  Ne voulant pas perdre ses avelines  et pourtant incapable de retirer sa main  il fondit en larmes et déplora amèrement sa déception.  Un passant lui dit : « Contente-toi de la moitié de la quantité et tu retireras facilement ta main. »
paragraph2sentence.train-metaphoric-366-2,La cupidité peut vous faire tout perdre  mais avec modération  vous pouvez obtenir au moins quelque chose.
paragraph2sentence.train-metaphoric-367-1,Un garçon a été piqué par une ortie.  Il a couru chez lui et l'a dit à sa mère en disant : « Même si cela me fait très mal  je ne l'ai touché que doucement. »  «C'est justement pour ça que ça t'a piqué»  dit sa mère.  "La prochaine fois que vous toucherez une ortie  saisissez-la hardiment  et elle sera douce comme de la soie pour votre main et ne vous fera pas le moins de mal."
paragraph2sentence.train-metaphoric-367-2,Soyez audacieux face au danger  sinon il vous vaincra.
paragraph2sentence.train-metaphoric-368-1,Patty la laitière allait au marché en portant son lait dans un seau sur la tête.  Au fur et à mesure  elle commença à calculer ce qu'elle ferait avec l'argent qu'elle obtiendrait pour le lait.  « J'achèterai des volailles au fermier Brown  dit-elle  et elles pondront chaque matin des œufs que je vendrai à la femme du curé.  Avec l'argent que je reçois de la vente de ces œufs  je m'achèterai une nouvelle robe de dimity et un chapeau chip ; et quand je vais au marché  tous les jeunes gens ne viendront-ils pas me parler !  Polly Shaw sera jalouse à ce point ; mais je m'en fiche.  Je vais juste la regarder et tourner la tête comme ça.  Tout en parlant  elle rejeta la tête en arrière  le seau tomba et tout le lait fut renversé.  Elle a donc dû rentrer chez elle et raconter à sa mère ce qui s'était passé. « Ah ! mon enfant  dit la mère  ne compte pas tes poules avant qu'elles n'éclosent.
paragraph2sentence.train-metaphoric-368-2,Le fermier Brown a six poules à vendre ce matin.
paragraph2sentence.train-metaphoric-369-1,UNE GRANDE VILLE était assiégée  et ses habitants étaient réunis pour réfléchir aux meilleurs moyens de la protéger de l'ennemi.  Un maçon a sincèrement recommandé les briques comme offrant le meilleur matériau pour une résistance efficace.  Un charpentier  avec le même enthousiasme  proposa le bois comme méthode de défense préférable.  Sur quoi un Currier se leva et dit : « Messieurs  je suis tout à fait en désaccord avec vous : il n'y a pas de matériau de résistance égal à une couverture de peaux ; et rien d'aussi bon que le cuir.
paragraph2sentence.train-metaphoric-369-2,Rien n'échappe au regard du maître.
paragraph2sentence.train-metaphoric-370-1,Un jour  alors qu'un lion dormait  une petite souris se mit à courir autour de lui ; cela réveilla bientôt le Lion  qui posa sur lui son énorme patte et ouvrit ses grandes mâchoires pour l'avaler.  « Pardon  ô roi  s'écria la petite souris ; pardonne-moi cette fois  je ne l'oublierai jamais : qui sait si je ne pourrai peut-être te rendre service un de ces jours ?  Le Lion fut tellement chatouillé à l'idée que la Souris puisse l'aider  qu'il leva la patte et le laissa partir.  Quelque temps après  le Lion fut pris dans un piège  et les chasseurs qui voulaient le porter vivant au roi  l'attachèrent à un arbre pendant qu'ils cherchaient un chariot pour le transporter.  À ce moment-là  la petite souris passait par là  et voyant le triste sort dans lequel se trouvait le lion  elle s'approcha de lui et rongea bientôt les cordes qui liaient le roi des bêtes.  « N'avais-je pas raison ? dit la petite souris.
paragraph2sentence.train-metaphoric-370-2,La gentillesse peut être récompensée de manière inattendue.
paragraph2sentence.train-metaphoric-371-1,Un renard traversant une rivière rapide à la nage fut emporté par la force du courant dans un ravin très profond  où il resta longtemps très meurtri  malade et incapable de bouger.  Un essaim de mouches suceuses de sang affamées s’est posé sur lui.  Un hérisson  passant par là  vit son angoisse et lui demanda s'il devait chasser les mouches qui le tourmentaient.  «En aucun cas»  répondit le Renard; « Je vous en prie  ne les agressez pas.  « Comment ça se passe ? »  dit le hérisson ; 'tu ne veux pas t'en débarrasser ?'  - Non  répondit le Renard  car ces mouches que vous voyez sont pleines de sang et me piquent peu  et si vous me débarrassez de celles qui sont déjà rassasiées  d'autres plus affamées viendront à leur place et boiront tout le sang qui me reste.
paragraph2sentence.train-metaphoric-371-2,Il est parfois préférable de subir un léger inconfort plutôt que de lutter contre lui et de se laisser envahir par un inconfort encore plus grand.
paragraph2sentence.train-metaphoric-372-1,Un aveugle avait l'habitude de distinguer différents animaux en les touchant avec ses mains.  On lui apporta le petit d'un loup  en lui demandant de le sentir et de dire ce que c'était.  Il le sentit et  dans le doute  dit : « Je ne sais pas très bien si c'est le petit d'un renard ou le petit d'un loup  mais cela  je le sais très bien.  Il ne serait pas prudent de l'admettre à la bergerie.
paragraph2sentence.train-metaphoric-372-2,Face à l’inconnu  il vaut mieux prévenir que guérir.
paragraph2sentence.train-metaphoric-373-1,Un loup avait beaucoup de mal à atteindre les moutons à cause de la vigilance du berger et de ses chiens.  Mais un jour  il trouva la peau d'un mouton écorché et jeté  alors il l'enfila sur sa propre peau et se promena parmi les moutons. L'agneau qui appartenait au mouton  dont le loup portait la peau  commença à suivre le loup vêtu du vêtement du mouton ; ainsi  écartant un peu l'agneau  il en fit bientôt un repas  et pendant quelque temps il réussit à tromper les brebis et à savourer des repas copieux.
paragraph2sentence.train-metaphoric-373-2,Si vous permettez aux hommes de vous utiliser à vos propres fins  ils vous utiliseront pour les leurs.
paragraph2sentence.train-metaphoric-374-1,Une fourmi courant agilement au soleil à la recherche de nourriture rencontra une chrysalide qui était très proche de son heure de changement. La Chrysalide bougea sa queue  et attira ainsi l'attention de la Fourmi  qui vit alors pour la première fois qu'elle était vivante. « Pauvre et pitoyable animal ! s'écria la fourmi avec dédain. « Quel triste sort est le vôtre ! Tandis que je peux courir ici et là  à mon gré  et  si je le souhaite  gravir le plus haut arbre  vous restez emprisonné ici dans votre coquille  avec seulement le pouvoir de remuer une ou deux articulations de votre queue écailleuse. La Chrysalide entendit tout cela  mais ne chercha pas à répondre. Quelques jours après  lorsque la fourmi repassa par là  il ne restait plus que la coquille. Se demandant ce qu'était devenu son contenu  il se sentit soudain ombragé et attisé par les magnifiques ailes d'un magnifique papillon. « Voici en moi  dit le Papillon  votre ami tant plaint ! Vantez-vous maintenant de vos pouvoirs pour courir et grimper aussi longtemps que vous parvenez à me faire écouter. En disant cela  le papillon s'éleva dans les airs et  emporté par la brise d'été  fut bientôt perdu à jamais aux yeux de la fourmi.
paragraph2sentence.train-metaphoric-374-2,La pitié est parfois déplacée à cause de l'ignorance.
paragraph2sentence.train-metaphoric-375-1,Un âne appartenant à un marchand d'herbes qui lui donnait trop peu de nourriture et trop de travail demanda à Jupiter d'être libéré de son service actuel et de lui donner un autre maître.  Jupiter  après l'avoir prévenu qu'il se repentirait de sa demande  le fit vendre à un carreleur.  Peu de temps après  constatant qu'il avait des charges plus lourdes à transporter et un travail plus dur dans la briqueterie  il demanda un autre changement de maître.  Jupiter  lui disant que ce serait la dernière fois qu'il pourrait accéder à sa demande  ordonna qu'il soit vendu à un tanneur.  L'Ane se rendit compte qu'il était tombé entre de pires mains et  remarquant l'occupation de son maître  dit en gémissant : « Il eût été préférable pour moi d'être affamé par l'un  ou d'avoir été surmené par l'autre de mes anciens maîtres  que d'avoir été acheté par mon propriétaire actuel  qui  même après ma mort  me tannera et me rendra utile.
paragraph2sentence.train-metaphoric-375-2,Faites attention à ce que vous demandez.
paragraph2sentence.train-metaphoric-376-1,Un roi  dont le fils unique aimait les exercices martiaux  fit un rêve dans lequel on l'avertissait que son fils serait tué par un lion.  Craignant que son rêve ne se réalise  il construisit pour son fils un agréable palais et décora ses murs pour son amusement avec toutes sortes d'animaux grandeur nature  parmi lesquels se trouvait l'image d'un lion.  Quand le jeune prince vit cela  sa douleur d'être ainsi enfermé éclata de nouveau  et  debout près du lion  il dit : « Ô toi le plus détestable des animaux ! à cause d'un rêve mensonger de mon père  qu'il a vu dans son sommeil  je suis enfermée à cause de vous dans ce palais comme si j'avais été une fille : que vais-je vous faire maintenant ?  En disant ces mots  il étendit ses mains vers un arbre épineux  dans l'intention de couper un bâton de ses branches pour pouvoir battre le lion.  Mais l'un des piquants de l'arbre lui transperça le doigt et provoqua une grande douleur et une inflammation  de sorte que le jeune prince tomba dans un évanouissement.  Une violente fièvre s'installa soudainement  dont il mourut peu de jours plus tard.
paragraph2sentence.train-metaphoric-376-2,Les rêves peuvent inciter les gens à agir de façon étrange.
paragraph2sentence.train-metaphoric-377-1,Un homme avait deux filles  l'une mariée à un jardinier et l'autre à un carreleur.  Au bout d'un moment  il se rendit chez la fille qui avait épousé le jardinier et lui demanda comment elle allait et comment tout se passait avec elle.  Elle dit : « Tout prospère chez moi et je n'ai qu'un seul souhait : qu'il y ait une forte pluie pour que les plantes soient bien arrosées. »  Peu de temps après  il se rendit chez la fille qui avait épousé le carreleur et lui demanda également comment elle se portait ; elle a répondu : « Je ne manque de rien et je n'ai qu'un seul souhait : que le temps sec continue et que le soleil brille chaud et brillant  afin que les briques puissent sécher.  Il lui dit : « Si ta sœur souhaite de la pluie et toi un temps sec  avec lequel des deux dois-je joindre mes vœux ?
paragraph2sentence.train-metaphoric-377-2,Une personne est partagée entre le soutien à deux causes d’égale importance.
paragraph2sentence.train-metaphoric-378-1,Un homme et un satyre buvaient autrefois ensemble en signe d'un lien d'alliance qui se formait entre eux.  Un jour d'hiver très froid  pendant qu'ils parlaient  l'Homme a mis ses doigts sur sa bouche et a soufflé dessus.  Lorsque le satyre lui demanda la raison de cela  il lui répondit qu'il le faisait pour se réchauffer les mains parce qu'elles étaient si froides.  Plus tard dans la journée  ils se mirent à table et la nourriture préparée était assez brûlante.  L'Homme souleva un peu un des plats vers sa bouche et souffla dedans.  Lorsque le satyre demanda de nouveau la raison  il répondit qu'il avait fait cela pour refroidir la viande  qui était trop chaude.  « Je ne peux plus te considérer comme un ami  dit le satyre  un type qui souffle dans le même souffle le chaud et le froid.
paragraph2sentence.train-metaphoric-378-2,Les plats chauds ont besoin de temps pour refroidir.
paragraph2sentence.train-metaphoric-379-1,L'Hirondelle et le Corbeau se disputèrent à propos de leur plumage.  Le Corbeau mit fin à la dispute en disant : « Vos plumes sont toutes très bien au printemps  mais les miennes me protègent contre l'hiver. »
paragraph2sentence.train-metaphoric-379-2,Les petits amis peuvent s’avérer de grands amis.
paragraph2sentence.train-metaphoric-380-1,Un aigle arrêta son vol et supplia un Lion de conclure une alliance avec lui à leur avantage mutuel.  Le Lion répondit : "Je n'ai aucune objection  mais vous devez m'excuser de vous demander de trouver une caution pour votre bonne foi  car comment puis-je faire confiance à quelqu'un en tant qu'ami capable de rompre son marché quand bon lui semble ?"
paragraph2sentence.train-metaphoric-380-2,Les aigles sont capables de voler où bon leur semble  n'étant limités que par leur endurance.
paragraph2sentence.train-metaphoric-381-1,Un chevreau  revenant sans protection du pâturage  fut poursuivi par un loup.  Voyant qu'il ne pouvait pas s'échapper  il se retourna et dit : « Je sais  ami Loup  que je dois être ta proie  mais avant de mourir  je te demanderais une faveur : tu me joueras un air sur lequel je pourrai danser.  Le loup obéit  et pendant qu'il jouait de la flûte et que le Kid dansait  des chiens entendant le son accoururent et commencèrent à poursuivre le loup.  Se tournant vers le Kid  il dit : « C'est exactement ce que je mérite ; car moi  qui ne suis qu'un boucher  je n'aurais pas dû me faire joueur de cornemuse pour vous plaire.
paragraph2sentence.train-metaphoric-381-2,Les chiens peuvent être utilisés pour chasser un loup loin du bétail.
paragraph2sentence.train-metaphoric-382-1,Un lourd chariot était traîné le long d'un chemin de campagne par un attelage de bœufs.  Les arbres à essieux gémissaient et craquaient terriblement ; sur quoi les Bœufs  se retournant  s'adressèrent ainsi aux roues : « Salut ! pourquoi fais-tu autant de bruit ? Nous supportons tout le travail  et c'est nous  et non vous  qui devrions crier.
paragraph2sentence.train-metaphoric-382-2,Les bœufs étaient les bêtes de somme préférées pour déplacer de lourdes charges au Moyen Âge.
paragraph2sentence.train-metaphoric-383-1,Un prince fit dresser des singes pour danser.  Étant naturellement de grands imitateurs des actions des hommes  ils se montrèrent des élèves très compétents et  vêtus de leurs riches vêtements et masques  ils dansèrent aussi bien que n'importe lequel des courtisans.  Le spectacle était souvent répété avec de grands applaudissements  jusqu'à ce qu'un jour un courtisan  enclin au mal  sortit de sa poche une poignée de noix et les jeta sur la scène.  Les singes  à la vue des noix  oublièrent leur danse et devinrent (comme ils l'étaient en effet) des singes au lieu d'acteurs.  Retirant leurs masques et déchirant leurs robes  ils se battaient pour les noix.  Le spectacle dansant s'est ainsi terminé au milieu des rires et des moqueries du public.
paragraph2sentence.train-metaphoric-383-2,Une personne peut prétendre être quelque chose qu’elle n’est pas  mais elle finira par montrer son vrai visage lorsque ses anciennes habitudes s’avéreront trop tentantes.
paragraph2sentence.train-metaphoric-384-1,Par une chaude journée d'été  un renard se promenait dans un verger jusqu'à ce qu'il arrive à une grappe de raisin en train de mûrir sur une vigne qui avait été dressée sur une haute branche.  « Juste ce qu'il faut pour étancher ma soif »  dit-il.  Reculant de quelques pas  il courut et sauta  et manqua de peu le peloton.  Se retournant encore avec un Un  Deux  Trois  il bondit  mais sans plus de succès.  Il essaya encore et encore de s'attaquer à ce morceau alléchant  mais il dut finalement y renoncer et s'en alla le nez en l'air en disant : « Je suis sûr qu'ils sont aigres.
paragraph2sentence.train-metaphoric-384-2,Nous nous convainquons que ce que nous ne pouvons pas obtenir est mauvais et nous nous sentons donc bien de ne pas l'avoir.
paragraph2sentence.train-metaphoric-385-1,Une mouette ayant précipité un poisson trop gros  a brisé son profond sac d'œsophage et s'est couchée sur le rivage pour mourir.  Un cerf-volant l'a vu et s'est exclamé : « Vous méritez amplement votre sort ; car un oiseau du ciel n'a pas à chercher sa nourriture dans la mer.
paragraph2sentence.train-metaphoric-385-2,À l’exception des rapaces  la plupart des oiseaux ne sont pas équipés pour pêcher directement dans l’eau.
paragraph2sentence.train-metaphoric-386-1,Un renard pris au piège s'est échappé  mais a ainsi perdu sa queue.  Par la suite  sentant que sa vie était un fardeau à cause de la honte et du ridicule auxquels il était exposé  il complota pour convaincre tous les autres renards qu'être sans queue était beaucoup plus attirant  compensant ainsi sa propre privation.  Il rassembla un bon nombre de renards et leur conseilla publiquement de se couper la queue  disant que non seulement ils seraient beaucoup plus beaux sans eux  mais qu'ils se débarrasseraient du poids de la brosse  ce qui était un très grand inconvénient.  L'un d'eux l'interrompant lui dit : « Si tu n'avais pas toi-même perdu ta queue  mon ami  tu ne nous conseillerais pas ainsi.
paragraph2sentence.train-metaphoric-386-2,Il n’est pas toujours sage d’encourager les autres à se comporter ou à ressembler à vous.
paragraph2sentence.train-metaphoric-387-1,Un jour  un chat s'empare d'un coq pour son repas du soir. Elle cherchait cependant une bonne excuse pour tuer l’oiseau.   "Je dois débarrasser le monde de toi"  dit-elle au coq. "Tu fais constamment des bruits horribles tout au long de la nuit  interférant avec le sommeil dont les hommes ont tant besoin. Le monde sera meilleur sans toi.  « Non  dit le coq  je chante pour le bien des hommes. Je les réveille chaque matin au moment de commencer à travailler pour la journée  afin qu'ils puissent gagner leur vie.    'Ridicule!' dit le chat  et elle le mangea.
paragraph2sentence.train-metaphoric-387-2,Les bienfaits accordés aux mal intentionnés augmentent leurs moyens de vous nuire.
paragraph2sentence.train-metaphoric-388-1,Un lion rôdait dans un champ où habitaient quatre bœufs.  Plusieurs fois  il essaya de les attaquer ; mais chaque fois qu'il s'approchait  ils tournaient la queue l'un vers l'autre  de sorte que  quelle que soit la manière dont il s'approchait d'eux  il rencontrait les cornes de l'un d'eux.  Mais à la fin  ils se disputèrent entre eux  et chacun partit paître seul dans un coin séparé du champ.  Alors le Lion les attaqua un à un et mit bientôt fin à tous les quatre.
paragraph2sentence.train-metaphoric-388-2,Un groupe offre une protection que les individus ne peuvent pas assurer seuls.
paragraph2sentence.train-metaphoric-389-1,Un aigle fondit sur un serpent et le saisit dans ses serres avec l'intention de l'emporter et de le dévorer. Mais le Serpent était trop rapide pour lui et s'enroula autour de lui en un instant ; et puis s’ensuivit une lutte à mort entre les deux. Un compatriote  témoin de la rencontre  vint au secours de l'aigle et réussit à le délivrer du Serpent et à lui permettre de s'échapper. Pour se venger  le Serpent cracha un peu de son venin dans la corne à boire de l'homme. Échauffé par ses efforts  l'homme était sur le point d'étancher sa soif avec une gorgée de corne  lorsque l'Aigle la lui arracha des mains et en répandit le contenu sur le sol.
paragraph2sentence.train-metaphoric-389-2,Lorsque vous manipulez des serpents  faites attention à leurs interactions avec votre nourriture et vos boissons.
paragraph2sentence.train-metaphoric-390-1,Une Rose et une Amarante fleurissaient côte à côte dans un jardin  et l'Amarante dit à sa voisine : « Comme je t'envie ta beauté et ton doux parfum ! Pas étonnant que vous soyez un favori universel. Mais la Rose répondit avec une nuance de tristesse dans la voix : « Ah  ma chère amie  je ne fleuris que pour un temps : mes pétales se fanent et tombent bientôt  puis je meurs. Mais vos fleurs ne se fanent jamais  même si elles sont coupées ; car ils sont éternels.
paragraph2sentence.train-metaphoric-390-2,Les rosiers doivent être taillés régulièrement pour favoriser l'apparition de nouveaux bourgeons.
paragraph2sentence.train-metaphoric-391-1,Un jour  un renard tomba dans un puits profond et ne trouva aucun moyen de s'échapper.  Une chèvre  assoiffée  vint au même puits et  voyant le renard  lui demanda si l'eau était bonne.  Cachant son triste sort sous une apparence joyeuse  le Renard se laissa aller à un somptueux éloge de l'eau  disant qu'elle était excellente au-delà de toute mesure  et l'encourageant à descendre.  La Chèvre  soucieuse uniquement de sa soif  sauta à terre sans réfléchir  mais au moment où il buvait  le Renard l'informa des difficultés dans lesquelles ils se trouvaient tous les deux et lui suggéra un plan pour leur évasion commune.  « Si  dit-il  vous placez vos pieds de devant sur le mur et penchez la tête  je courrai sur votre dos et je m'échapperai  et je vous aiderai ensuite.  La Chèvre acquiesça volontiers et le Renard sauta sur son dos.  S'appuyant sur les cornes de la chèvre  il atteignit en toute sécurité l'embouchure du puits et s'enfuit aussi vite qu'il le pouvait.  Lorsque la Chèvre lui reprocha d'avoir rompu sa promesse  il se retourna et s'écria : « Espèce de vieil homme insensé ! Si vous aviez autant de cervelle dans la tête que de poils dans la barbe  vous ne seriez jamais descendu avant d'avoir inspecté la montée  ni exposé à des dangers auxquels vous n'aviez aucun moyen d'échapper.
paragraph2sentence.train-metaphoric-391-2,Réfléchissez avant d’agir  sinon vous vous retrouverez dans une situation dangereuse.
paragraph2sentence.train-metaphoric-392-1,Un jour d'hiver  un Woodman rentrait chez lui après son travail lorsqu'il aperçut quelque chose de noir posé sur la neige.  Lorsqu'il s'approcha  il vit que c'était un Serpent apparemment mort.  Mais il le prit et le mit dans son sein pour le réchauffer pendant qu'il se dépêchait de rentrer chez lui.  Dès qu'il fut à l'intérieur  il posa le Serpent sur l'âtre  devant le feu.  Les enfants l’ont regardé et l’ont vu lentement reprendre vie.  Alors l'un d'eux se baissa pour le caresser  mais le Serpent releva la tête  sortit ses crocs et s'apprêtait à piquer l'enfant à mort.  Alors le Bûcheron saisit sa hache et d'un seul coup coupa le Serpent en deux.  « Ah  dit-il  aucune gratitude de la part des méchants.
paragraph2sentence.train-metaphoric-392-2,Lorsqu'il s'approcha d'eux  ils découvrirent bientôt le tricheur  et s'avançant vers lui  le becquetèrent et lui arrachèrent les plumes qu'il avait empruntées.
paragraph2sentence.train-metaphoric-393-1,Un corbeau mourant de soif aperçut une cruche et  espérant trouver de l'eau  s'y envola avec délice.  Lorsqu'il l'atteignit  il découvrit avec tristesse qu'il contenait si peu d'eau qu'il ne pouvait pas y accéder.  Il a essayé tout ce qu'il pouvait pour atteindre l'eau  mais tous ses efforts ont été vains.  Finalement  il ramassa autant de pierres qu'il pouvait en porter et les laissa tomber une à une avec son bec dans la cruche  jusqu'à ce qu'il amène l'eau à sa portée et lui sauva ainsi la vie.
paragraph2sentence.train-metaphoric-393-2,La nécessité est la mère de l'invention.
paragraph2sentence.train-metaphoric-394-1,Une renarde qui emmenait ses bébés se promener un matin doux  tomba sur une lionne  avec son petit dans les bras. « Pourquoi de tels airs  dame hautaine  sur un petit solitaire ? ricana la Renarde. "Regardez ici ma portée saine et nombreuse et imaginez  si vous le pouvez  ce que devrait ressentir une mère fière." La Lionne lui lança un regard rauque et  levant le nez  s'éloigna en disant calmement : « Oui  regarde cette belle collection. Quels sont-ils? Des renards ! Je n'en ai qu'un  mais rappelez-vous que celui-là est un Lion.
paragraph2sentence.train-metaphoric-394-2,Les dieux aident ceux qui s'aident eux-mêmes.
paragraph2sentence.train-metaphoric-395-1,Un Lion demanda en mariage la fille d'un bûcheron.  Le Père  peu disposé à accorder sa demande  et pourtant craignant de la refuser  trouva cet expédient pour se débarrasser de ses importunités.  Il exprima sa volonté d'accepter le Lion comme prétendant de sa fille à une condition : qu'il lui permette de lui arracher les dents et de lui couper les griffes  car sa fille avait terriblement peur des deux.  Le Lion accepta joyeusement la proposition.  Mais lorsque le Lion édenté et sans griffes revint pour réitérer sa demande  le Bûcheron  n'ayant plus peur  s'attaqua à lui avec sa massue et le chassa dans la forêt.
paragraph2sentence.train-metaphoric-395-2,Les lions dépendent de leurs dents et de leurs griffes pour leur férocité.
paragraph2sentence.train-metaphoric-396-1,Deux grenouilles vivaient ensemble dans un marais. Mais un été chaud  le marais s'est asséché et ils l'ont quitté pour chercher un autre endroit où vivre : les grenouilles aiment les endroits humides si elles peuvent les trouver. Peu à peu  ils arrivèrent à un puits profond  et l'un d'eux regarda dedans et dit à l'autre : « Cela a l'air d'être un endroit agréable et frais. Allons-y et installons-nous ici. Mais l'autre  qui avait la tête plus sage sur les épaules  répondit : « Pas si vite  mon ami. En supposant que ce puits soit asséché comme le marais  comment en sortirions-nous ?
paragraph2sentence.train-metaphoric-396-2,Lorsque vous envisagez vos options  réfléchissez toujours à ce qu’il faut faire si les événements tournent mal.
paragraph2sentence.train-metaphoric-397-1,Un paon déployant sa magnifique queue se moquait d'une grue qui passait par là  ridiculisant la teinte cendrée de son plumage et disant : « Je suis vêtu  comme un roi  d'or et de pourpre et de toutes les couleurs de l'arc-en-ciel ; alors que tu n'as pas la moindre couleur sur tes ailes. « C'est vrai »  répondit la Grue ; "Mais moi  je m'élève vers les hauteurs du ciel et j'élève ma voix vers les étoiles  tandis que toi  tu marches en bas  comme un coq  parmi les oiseaux du fumier."
paragraph2sentence.train-metaphoric-397-2,De nombreux oiseaux présentent des traits évolutifs conçus pour attirer des partenaires sexuels  tels que les caractéristiques de la queue du paon.
paragraph2sentence.train-metaphoric-398-1,Un homme qui avait été mordu par un chien partait à la recherche de quelqu'un qui pourrait le guérir.  Un ami  le rencontrant et apprenant ce qu'il voulait  lui dit : « Si tu veux être guéri  prends un morceau de pain et trempe-le dans le sang de ta blessure  et va le donner au chien qui t'a mordu.  L'homme qui avait été mordu s'est moqué de ce conseil et a dit : « Pourquoi ? Si je le faisais  ce serait comme si je devais supplier tous les chiens de la ville de me mordre.
paragraph2sentence.train-metaphoric-398-2,Un chien a attaqué un homme  mais ce n'est pas mortel.
paragraph2sentence.train-metaphoric-399-1,Un chat tomba amoureux d'un beau jeune homme et supplia Vénus de la transformer en femme.  Vénus a accédé à sa demande et l'a transformée en une belle demoiselle  de sorte que le jeune homme l'a vue et aimée  et l'a emmenée chez elle comme épouse.  Alors que tous deux étaient allongés dans leur chambre  Vénus souhaitant découvrir si le Chat dans son changement de forme avait également modifié ses habitudes de vie  laissa tomber une souris au milieu de la pièce.  Le chat  oubliant complètement son état actuel  se leva du canapé et poursuivit la souris  souhaitant la manger.  Vénus fut très déçue et lui fit de nouveau retrouver sa forme antérieure.
paragraph2sentence.train-metaphoric-399-2,Vous pouvez changer l’apparence d’une personne  mais sa personnalité restera la même.
paragraph2sentence.train-metaphoric-400-1,Certains garçons  jouant près d'un étang  aperçurent un certain nombre de grenouilles dans l'eau et commencèrent à leur jeter des pierres.  Ils en tuèrent plusieurs  lorsqu'une des grenouilles  sortant la tête hors de l'eau  s'écria : « Arrêtez  mes enfants : ce qui est pour vous un sport  c'est la mort pour nous.
paragraph2sentence.train-metaphoric-400-2,Le plaisir des uns est la cause de la souffrance des autres.
paragraph2sentence.train-metaphoric-401-1,Les lièvres étaient tellement persécutés par les autres bêtes qu’ils ne savaient plus où aller.  Dès qu’ils voyaient un seul animal s’approcher d’eux  ils s’enfuyaient.  Un jour  ils virent une troupe de chevaux sauvages se précipiter et  paniqués  tous les lièvres se précipitèrent vers un lac voisin  déterminés à se noyer plutôt que de vivre dans un état de peur aussi continu.  Mais au moment où ils approchaient du bord du lac  une troupe de grenouilles  effrayées à leur tour par l'approche des lièvres  s'enfuit et se jeta à l'eau.  « En vérité  dit l'un des Lièvres  les choses ne sont pas si mauvaises qu'elles le paraissent : il y a toujours quelqu'un dans une situation pire que vous.
paragraph2sentence.train-metaphoric-401-2,Les grenouilles ont peur des lapins.
paragraph2sentence.train-metaphoric-402-1,UN CERF MALADE se couchait dans un coin tranquille de son pâturage.  Ses compagnons venaient en grand nombre s'enquérir de sa santé  et chacun se servait d'une part des vivres qui avaient été mises à son usage ; de sorte qu'il mourut  non de sa maladie  mais du manque de moyens de subsistance.
paragraph2sentence.train-metaphoric-402-2,La vengeance blessera le vengeur.
paragraph2sentence.train-reviews-403-1,Achat incroyable sur Splenda ! Les économies par rapport au magasin étaient incroyables. Je l'utilise depuis que je suis diabétique  mais le goût est excellent et je peux toujours obtenir ce goût de sucre sans arrière-goût amer. Les paquets permettent de les emporter avec moi. Merci Amazone !
paragraph2sentence.train-reviews-403-2,Ce splenda est moins cher que ce que vous pouvez acheter en magasin et idéal pour les diabétiques comme moi qui l'utilisent fréquemment à la place du sucre.
paragraph2sentence.train-reviews-404-1,La version rôtie foncée est délicieuse et j'ai également reçu des commentaires d'amis.  Plein de saveur  délicieux le matin sans moitié-moitié (et c'est beaucoup dire) !  Pour ceux qui ont dit que c'était faible  j'ai une suggestion : il faut ajouter plus de café.  Dans ma cafetière Cuisinart (le modèle qui a un indicateur « étape » sur le côté droit)  j'utilise 3 1/2 cuillères pour 10 tasses. Super Saver est également un excellent moyen d’obtenir du café.
paragraph2sentence.train-reviews-404-2,Le mélange de torréfaction légère est presque aussi bon  mais nécessite plus de saveur.
paragraph2sentence.train-reviews-405-1,J'entends parler des gommes à vin depuis un moment maintenant et j'ai lu les critiques à ce sujet - et les critiques ont tout à fait raison de dire que ce sont les bonbons gommeux les plus savoureux et les plus délicieux que j'ai jamais mangé !  Ma famille a ouvert l'un des sacs et a commencé à délirer  alors j'ai dû y goûter. INCROYABLE!!  Et Amazon a LE MEILLEUR PRIX que j'ai pu trouver  DE LOIN.  Moins de 20 $ pour 6 6 livres de ce bonbon est une bonne affaire. Encore une fois  le ROCK anglais !
paragraph2sentence.train-reviews-405-2,Les gummies au vin sont une excellente collation pour les amateurs de vin qui veulent en goûter mais ne peuvent pas boire pour une raison quelconque.
paragraph2sentence.train-reviews-406-1,Ce sont mes céréales préférées. Quand nous en avons à la maison  j'en mange tous les jours  parfois deux fois par jour  donc ça ne dure pas longtemps. Je suis un grand fan de céréales collantes  et ce que j'entends par là  ce sont des céréales qui ne sont pas détrempées mais pas croustillantes non plus. Cette céréale se transforme assez rapidement en bouillie d'avoine (je déteste les flocons d'avoine  curieusement)  donc si vous l'aimez moins que détrempée  vous devez être rapide ou y aller doucement avec le lait. Mais c’est fantastique. Ce n'est pas trop sucré et ça n'a pas le goût du carton. Honnêtement  c'est juste et c'est beaucoup plus sain que beaucoup d'autres céréales (même si ce n'est pas la plus saine). Un bol de ceci en regardant LOTR est une combinaison parfaitement réconfortante pour une raison quelconque. ( :
paragraph2sentence.train-reviews-406-2,Mon frère et moi plaisantions en disant que les noix de raisin étaient faites de bois ou de carton.
paragraph2sentence.train-reviews-407-1,Après avoir lu Wheatbelly (d'Amazon)  j'ai enfin compris la nécessité de consommer très peu de glucides et d'éviter les céréales. Mais que faire face au besoin de grignoter et de tremper de temps en temps ? Ceux-ci font parfaitement l’affaire : épicés  croquants  sains et sans gluten. J'aimerais juste qu'ils soient disponibles sur abonnement et économisez maintenant que je sais qu'ils sont géniaux.
paragraph2sentence.train-reviews-407-2,Les collations riches en glucides perturbent mon taux d’insuline  me laissant épuisé toute la journée.
paragraph2sentence.train-reviews-408-1,Excellentes nouilles  mais un peu épicées. Si vous aimez les épices  mettez le sachet de saveurs entier dans un bol  mais si j'aime le mien un peu moins épicé  mettez seulement la moitié ou les 3/4 du sachet et le résultat est savoureux.
paragraph2sentence.train-reviews-408-2,Les nouilles ont bon goût mais les épices peuvent être trop fortes  alors pensez à utiliser la moitié ou les 3/4 d'un paquet pour un bon goût.
paragraph2sentence.train-reviews-409-1,Il ne s’agit pas de la sauce d’assaisonnement Swiss Maggi originale. Il est très proche et a bon goût  mais sachez que même si la marque reste suisse  ce produit particulier est fabriqué et mis en bouteille au Mexique.
paragraph2sentence.train-reviews-409-2,Contrairement à la sauce d'assaisonnement originale Swiss Maggi  ce produit est fabriqué au Mexique.
paragraph2sentence.train-reviews-410-1,J'aime toutes sortes de macaronis au fromage.  Ma version maison utilise de la crème  du fromage Beecher et du crabe dormeur.  Mais d'un autre côté  j'aime aussi les surgelés Stouffer's et Trader Joe's  et j'aime même les trucs dans la boîte bleue.  J'ai lu beaucoup de critiques élogieuses sur Annie  alors j'ai acheté une boîte au magasin aujourd'hui.  Je ne sais pas quel genre de macaroni au fromage les gens qui aimaient ce genre de choses ont mangé dans le passé  mais j'ai trouvé celui d'Annie aqueux et fade.  Je pense que cela pourrait être passable s'il y avait deux fois plus de fromage en poudre  mais ce truc n'avait aucune saveur.  J'ai mangé quelques bouchées et j'ai jeté le reste.  Heureusement  je n'ai acheté qu'une seule boîte  mais c'était une perte totale d'argent.  Même Easy Mac est meilleur.
paragraph2sentence.train-reviews-410-2,Le macaroni au fromage d'Annie est un gaspillage d'argent - aqueux et fade  malgré ses critiques élogieuses.
paragraph2sentence.train-reviews-411-1,C’est ma première aventure dans la pâte de curry jaune  et j’adore ça.  Même s'il n'est pas aussi piquant que certains autres currys  le niveau d'épices et de saveur ne déçoit pas.  J'ai suivi la recette sur le côté du récipient.  Il utilise l’échelle de mesure européenne qui  au début  était un peu intimidante.  J'ai remarqué sous nutrition  qu'il indiquait 2 cuillères à café soit 10 GRAMMES.  Cela signifie que 50 grammes correspondent à 10 cuillères à café.  Aucune loi n’interdit d’en consommer davantage.  J'ai l'intention d'aller sur le net pour plus de recettes  et j'ai aussi quelques-unes de mes propres idées  HÉ  FAITES-LE JUSQU'À CE QUE VOUS LE FAITES.  Les profils aromatiques de ce curry jaune vous permettent de faire un voyage tous frais payés  VOYAGE À TRAVERS VOTRE PROPRE IMAGINATION.
paragraph2sentence.train-reviews-411-2,La couleur des pâtes de curry peut varier en fonction des ingrédients et bien que toutes contiennent le même ingrédient principal (curry)  les saveurs peuvent varier considérablement – ​​ainsi que la chaleur !
paragraph2sentence.train-reviews-412-1,Ces grains sont très jolis.  Il a fallu environ un mois avant qu’ils ne décollent réellement et ne doublent de taille.  Utilisez les deux premiers lots pour vos crêpes ou vos pâtisseries.  J'adore mon kéfir avec un peu de sirop d'érable.
paragraph2sentence.train-reviews-412-2,Ces grains de kéfir sont jolis et doublent de volume après le premier mois.
paragraph2sentence.train-reviews-413-1,J'en ai mangé un bol aujourd'hui pour le petit-déjeuner. J'ai mis deux œufs au plat dessus et j'ai ajouté un peu de sauce piquante que j'ai préparée hier. Les nouilles ont une fermeté décente et le bouillon était savoureux. Les légumes n'étaient pas aussi abondants que je le souhaiterais normalement  mais je ne pouvais pas me plaindre ; un bon petit déjeuner. 3 125 étoiles sur 5 0 est ce que je lui ai donné sur ramenrater.com.
paragraph2sentence.train-reviews-413-2,Les nouilles sont un excellent ajout à un petit-déjeuner matinal équilibré  aussi étrange que cela puisse paraître.
paragraph2sentence.train-reviews-414-1,Les homards du Maine sont arrivés à l'heure et étaient beaux et gros. Ils ont été partagés par quatre d'entre nous et nous avons tous été ravis du goût et de la fraîcheur. Ils étaient excellents et achèteront à nouveau auprès de cette entreprise. Bientôt  j'espère. Merci.
paragraph2sentence.train-reviews-414-2,Ils sont arrivés dans un réservoir à température contrôlée  alors ne vous inquiétez pas si vous les commandez en hiver.
paragraph2sentence.train-reviews-415-1,J'utilise un percolateur et c'est un très bon café !  Notre nounou est d'accord.  Elle me le prépare chaque matin (je n'arrive pas à rendre mon café parfait à chaque fois  mais elle le peut). Il est meilleur avec du lait concentré sucré.  Je vous suggère fortement de l'essayer avec du lait concentré sucré !
paragraph2sentence.train-reviews-415-2,La nounou prépare un café parfait avec cela tous les matins.
paragraph2sentence.train-reviews-416-1,J’adorais le lait au chocolat aux œillets quand j’étais petite.  Nous ne pouvons plus l'acheter à l'épicerie du coin.  J'ai été ravi lorsque j'ai pu l'acheter sur Amazon.  Il est arrivé rapidement et a un goût merveilleux  tout comme je m'en souviens il y a des années.
paragraph2sentence.train-reviews-416-2,Le lait au chocolat Carnation est mon préféré depuis mon enfance  j'étais donc ravi de découvrir que je pouvais l'acheter sur Amazon alors que je ne le trouvais plus en magasin.
paragraph2sentence.train-reviews-417-1,C'est un excellent rapport qualité/prix !  Une fois que vous aurez mangé du thon emballé dans de l’huile d’olive  vous n’en mangerez plus jamais une autre sorte !  La petite canette convient parfaitement à une personne.  Le thon est délicieux seul ou dans une salade de thon.
paragraph2sentence.train-reviews-417-2,Bien que j'alterne de temps en temps entre les sélections de croquettes Blue Buffalo  mes chats ne se lassent jamais de Blue Buffalo  et je ne voudrais pas me passer des bons résultats que j'en ai constatés.
paragraph2sentence.train-reviews-418-1,Lorsque j’ai essayé ce thé pour la première fois il y a plus d’un an  j’en suis immédiatement tombé amoureux. Ce thé a un goût léger mais riche ; le riz torréfié s'y prête bien et donne presque à ce thé une qualité beurrée. La qualité des feuilles de thé elles-mêmes est excellente  avec une belle couleur vert foncé. Le thé vaut son prix  mais il a un bonus supplémentaire : si vous l'achetez en ligne ici  vous obtenez deux boîtes au lieu d'une  parfaites pour offrir ou partager. Ce thé est un thé que je servirais à quelqu’un qui prétend détester les thés verts  juste pour mettre en valeur la variété que peuvent avoir les thés verts.
paragraph2sentence.train-reviews-418-2,En achetant ce thé sur Amazon  vous obtenez une offre de deux pour un.
paragraph2sentence.train-reviews-419-1,Je n'ai jamais essayé le sel de mer celtique auparavant  mais j'ai beaucoup lu sur le fait qu'il était meilleur que le sel ordinaire pour vous.  Je l'ai acheté et j'en suis très content sauf que je crois que j'aurais préféré acheter du beau terrain.  Cela fonctionne très bien pour cuisiner  mais vous avez besoin d'un moulin à utiliser à table.  Le goût est celui du sel.  Je ne vois aucune différence de goût avec le sel de table iodé.  Cela a définitivement l’air différent.  C'est une couleur gris humide.  Très content.  Je me convertis à cela pendant que je vide les moulins à sel.  Je ne peux pas encore vous dire comment il réagit aux broyeurs.
paragraph2sentence.train-reviews-419-2,Le sel de mer celtique a le même goût que le sel de mer ordinaire  mais il se présente sous la forme de gros granulés suffisamment gros pour que je doive utiliser un moulin pour ajouter le sel aux aliments.
paragraph2sentence.train-reviews-420-1,J'adore le pop-corn. Nous mangeons du pop-corn environ 4 soirs par semaine. J'ai commencé à chercher du pop-corn en épi comme je l'avais cette année et c'était charmant  puis je suis tombé sur India Tree. C’est ce qui se rapproche le plus du pop-corn séché en épi et je l’adore. C'est un goût tellement frais et naturel. Je l'utilise depuis plusieurs mois et j'en ai manqué l'autre jour et j'ai dû utiliser une marque de magasin populaire. Bien que les grains soient plus gros  le goût était rassis et transformé... sans oublier que le pop-corn India Tree est en fait moins cher que la marque du magasin. Je passe ma commande pour plus d'India Tree en ce moment !
paragraph2sentence.train-reviews-420-2,Le maïs sucré n'est pas idéal pour le pop-corn car ses grains ne sont pas aussi gros.
paragraph2sentence.train-reviews-421-1,J'ai commandé ces friandises car elles ressemblaient au Waggin Train Chick'n Biscuit. Eh bien  ils ne leur ressemblent en rien. Mes chiens adorent les produits de Waggin Train  mais ne les mangeraient pas. L'odeur chimique était envahissante. Je ne sais pas de quoi ils sont faits  mais ils sont allés à la poubelle. J'espère que je ne serai pas condamné à une amende pour avoir déversé des déchets toxiques.
paragraph2sentence.train-reviews-421-2,Bien qu'elles ressemblent aux Waggin Train Chick'n Biscuits  ces friandises pour chiens ne leur ressemblent en rien et sentent si toxiques que je les ai simplement jetées.
paragraph2sentence.train-reviews-422-1,Je n'aime pas frapper un produit. Cependant  j'utilise la stevia depuis plusieurs années maintenant. mon préféré est l'extrait de stevia pur Kal de 3 5 oz  il n'y a pas de charges.. malheureusement  j'ai 1 lb de cette marque NOW et j'ai tout de suite remarqué qu'elle n'est pas aussi puissante que la marque Kal.... cette poudre n'est pas aussi dense que KAL.. il est vrai que vous devrez doubler ou peut-être tripler la quantité que vous utiliseriez normalement dans votre boisson/je n'ai pas cuisiné avec ça... elle ne se dissout pas aussi rapidement que KAL et n'a pas cette agréable douceur à laquelle je suis habitué. ... je vais le finir et ce sera tout. peut-être que le produit doit être compacté... je ne suis pas sûr cependant...
paragraph2sentence.train-reviews-422-2,Cet édulcorant à la stévia est beaucoup plus sain que ce que vous trouverez dans le sucralose de Splenda.
paragraph2sentence.train-reviews-423-1,Lorsque j'ai pris ce produit  ma peau s'est beaucoup éclaircie mais j'ai vite commencé à avoir des problèmes digestifs.  Je dois probablement jouer avec la quantité d'eau dans laquelle le diluer. Cela dit  cela fonctionne pour de nombreuses personnes comme boisson santé  assurez-vous simplement de surveiller le dosage si vous avez l'estomac sensible.
paragraph2sentence.train-reviews-423-2,Cette boisson santé peut éclaircir votre peau.
paragraph2sentence.train-reviews-424-1,Wow Sun Maid - vous ne décevrez JAMAIS !!! J'ai fait cuire ces muffins  en ajoutant même de l'ananas  comme suggéré sur le côté de la boîte - les muffins (tous les 12) sont sortis du four sous forme de délicieux morceaux semi-humides de perfection  jusqu'aux raisins secs légèrement croustillants mais toujours juteux sur le dessus de chaque muffin. Ils se sont bien conservés - je les ai finalement mis (recouverts de papier d'aluminium) au réfrigérateur  et maintenant je prends le reste pour travailler avec moi. il suffit d'un œuf par mélange  et d'un peu d'huile ou de beurre et de liquide (dans mon cas  j'ai utilisé du jus d'ananas comme liquide) - le mélange prend très peu de temps (j'ai utilisé une grosse fourchette de service pour mélanger la pâte) et ils entrent et sortent du four en un rien de temps. Le prix est correct et le résultat est délicieux !!!
paragraph2sentence.train-reviews-424-2,Le remplacer par du jus d'ananas (au lieu de l'eau) peut ajouter un bon piquant à ce mélange à muffins.
paragraph2sentence.train-reviews-425-1,J'ai commandé l'extrait pour faire de la glace à la rose  car on en trouve rarement.  La glace s'est avérée vraiment excellente avec cet arôme.  J'ai utilisé 1 1/4 cuillères à café pour aromatiser environ 3 tasses de crème glacée.  C'était une saveur très légère et parfaite.  Vous pouvez certainement en utiliser davantage pour un goût plus fort.  Le vendeur a également été très rapide avec l’expédition.
paragraph2sentence.train-reviews-425-2,Les glaces à la rose sont difficiles à trouver.
paragraph2sentence.train-reviews-426-1,J'ai trouvé que l'assaisonnement Corn Boil de Wiley était un excellent mélange pour assaisonner le maïs frais. Je ne rêverais pas de préparer des épis de maïs sans l’utiliser. Le mélange rehausse le goût de l’épi de maïs.
paragraph2sentence.train-reviews-426-2,Le maïs en épi nécessite un bon assaisonnement  comme celui de Wiley.
paragraph2sentence.train-reviews-427-1,Mon petit Jack Russell adore ces biscuits parfaitement dimensionnés. Contrairement à d'autres  ils ne se séparent pas. Elle les aime. Je les aime. Pas de démangeaisons ni de problèmes de ventre.
paragraph2sentence.train-reviews-427-2,Ces biscuits sont parfaits pour mon chien qui les apprécie mais sans les dégâts ni les problèmes d'estomac que connaissent les autres biscuits.
paragraph2sentence.train-reviews-428-1,Je cherchais cette gomme depuis longtemps.  Pour une raison quelconque  je n'ai pas pu trouver Rain-blo dans mes magasins locaux. Ils ne proposent que Dubble Bubble  ce que je n'aime pas car la saveur ne dure pas longtemps. La gomme a été livrée rapidement et avait un goût frais.  Le paquet contient 48 paquets (4 gommes par paquet).  Juste au cas où vous vous poseriez la question  les boules de gomme sont de taille moyenne – pas les options jumbo ou plus petites. Vous finissez par payer environ 0 27 par colis  ce qui n'est pas une mauvaise affaire. Ça vaut vraiment le coup.
paragraph2sentence.train-reviews-428-2,Cette gomme Rain-blo est une bonne affaire  surtout si vos magasins locaux ne la proposent pas.
paragraph2sentence.train-reviews-429-1,J'utilise l'huile de noix de coco comme substitut aux huiles de cuisson et aux produits pour la peau et les cheveux depuis des années. C'est une marque exceptionnelle : elle est biologique  pressée à froid et conçue pour être conservée en toute sécurité. Il existe de nombreuses informations utiles sur le Web sur la manière dont l’huile de coco sauve notre santé. Sautez dans le wagon du groupe. Il n'est pas trop tard.
paragraph2sentence.train-reviews-429-2,L'huile de coco est un excellent substitut sain à l'huile de cuisson et cette marque est fantastique  pressée à froid  biologique et conçue pour la longévité.
paragraph2sentence.train-reviews-430-1,Je l'ai acheté pour ma femme  une grande buveuse de thé.  Elle a indiqué que c'était correct mais pas aussi bon que la version K-Cup emballée comme Timothy's Camomile.  Je n'aurai plus celui-ci
paragraph2sentence.train-reviews-430-2,Ce thé à la camomille est inférieur à la version K-Cup  selon ma femme.
paragraph2sentence.train-reviews-431-1,J'utilise cette farine pour réaliser les recettes du livre de Bruce Fife que je viens d'acheter Cooking with Coconut Flour.  Les biscuits et les pains ont une excellente texture  j'adore le poulet frit et le pain de viande italien.  Je suis très content d'avoir acheté la farine ET le livre car la farine de noix de coco est difficile à expérimenter car elle absorbe l'humidité comme une éponge. Il s'avère que vous devez ajouter plus de matière grasse  pas d'eau ou de lait  si vous voulez que la pâte soit plus moelleuse.
paragraph2sentence.train-reviews-431-2,La farine de noix de coco peut être difficile à cuisiner car elle absorbe plus d'eau que la farine de blé la plus couramment utilisée.
paragraph2sentence.train-reviews-432-1,C'est du pop-corn !  Il est arrivé assez rapidement et a été apprécié par tous ceux à qui il a été distribué.  Probablement une autre commande dans un futur proche.
paragraph2sentence.train-reviews-432-2,Tous ceux qui ont mangé ce pop-corn l'ont apprécié  nous pourrions donc commander à nouveau.
paragraph2sentence.train-reviews-433-1,Nous avons organisé un vide-grenier et vendu des cornets de neige avec des sirops de cornets de neige Hawaiian Shaved Ice ! Ce fut un énorme succès ! J'ai particulièrement aimé le choix de 10 saveurs... J'en commanderai certainement plus car nous organiserons encore plusieurs vide-greniers avant la fin de la saison !
paragraph2sentence.train-reviews-433-2,Je n'ai pas eu de nouvelles éruptions cutanées depuis que je l'utilise.
paragraph2sentence.train-reviews-434-1,Les noix du Brésil que j'ai commandées sont arrivées rapidement  très rapidement. J'ai été surpris que les 5 petits sacs que j'ai commandés soient si petits  mais c'est logique. Les noix du Brésil sont grosses  donc 8 onces. les sacs vont être plus petits que ce que j'avais imaginé. Pourtant  les noix du Brésil sont belles  une bonne source de protéines  et je les apprécie. Nous sommes enneigés  donc c'est bien d'avoir quelque chose de facile à manger et qui ne nécessite pas de cuisson. Excellente nourriture en cas d'urgence. Je les recommande à tous ceux qui aiment les noix du Brésil. Mmmmm. Je me suis donné faim. J'en veux plus.
paragraph2sentence.train-reviews-434-2,Les noix du Brésil sont une excellente source de protéines et constituent une excellente collation riche en protéines lorsque vous n'avez pas envie de cuisiner.
paragraph2sentence.train-reviews-435-1,Je suis accro aux Yogi Teas et j'ai juré de tous les essayer.  Ce thé Indian Spice est délicieux. J'ai découvert que la plupart des thés Yogi ne sont pas aussi forts que je le souhaiterais  donc le sachet de thé reste jusqu'à ce que j'aie bu tout le thé. Ce n'est pas le cas de ce thé  ce thé a un goût de cannelle TRÈS fort  que je trouve agréable. En vérité  j'ai peut-être laissé le sachet trop longtemps aujourd'hui  car le goût de cannelle brûle un peu. Les instructions sur la boîte indiquent d'ajouter du lait (ou un substitut de lait) et un édulcorant au thé. Ils le pensent vraiment. J'ai essayé de le boire nature  mais je n'y suis pas parvenu  il n'avait tout simplement pas bon goût. Cependant  j’ai ajouté une crème à café aromatisée populaire  et cela a fonctionné à merveille.  C'est une toute nouvelle boisson maintenant  qui ne ressemble plus à du thé  mais à un régal. Apprécier.
paragraph2sentence.train-reviews-435-2,La plupart des thés Yogi sont un peu faibles et je dois laisser le sachet de thé dans la tasse jusqu'à ce que je l'ai fini pour obtenir la bonne saveur.
paragraph2sentence.train-reviews-436-1,En tant que produit entièrement naturel  c'est une bonne céréale.  Je ne mange pas de produits sucrés donc ce produit me convient.  C'est une chose difficile et cela prend du temps à manger.  Il est également très dense et n'absorbe pas trop de lait.  Essayez un petit bol et prenez votre temps pour le manger.
paragraph2sentence.train-reviews-436-2,Ces céréales sont non sucrées  dures et n'absorbent pas le lait  mais ça me va.
paragraph2sentence.train-reviews-437-1,C'est mon eau de coco préférée  et je pense que je les ai presque toutes essayées à ce stade (la fraîche est toujours la meilleure  mais c'est cher et difficile à trouver). J'ai découvert Taste Nirvana pour la première fois en Californie  dans des bouteilles en verre plus petites  et je l'ai adoré  mais je ne l'ai pas trouvé après mon retour à MD. Ensuite  je les ai trouvés sur Facebook puis sur Amazon  et depuis je suis abonné à 2 dossiers par mois (et j'arrive à 3 dossiers). Le verre peut avoir meilleur goût ou non  mais il s'agit d'un récipient plus grand et beaucoup moins cher. Maintenant  les magasins près de chez moi proposent cette marque  mais c'est toujours moins cher sur Amazon  et les canettes simples et sans pulpe ne sont toujours pas disponibles près de chez moi.
paragraph2sentence.train-reviews-437-2,Le Gatorade et les autres boissons énergisantes ou sportives sont une bonne source d'électrolytes après des entraînements intenses  ce qui peut réduire l'apport de votre corps et entraîner des crampes inconfortables.
paragraph2sentence.train-reviews-438-1,Un moyen parfait et pas cher de s'initier aux orchidées. Livré avec une fiche d'information expliquant les soins appropriés à la plante. Le mien a été expédié très rapidement. Faites juste attention lorsque vous commandez pendant les mois d'hiver si vous vivez dans un climat froid : ma facteur a laissé le colis dehors  près de la porte. Heureusement  j'ai un voisin sympathique qui l'a apporté avant qu'il ne gèle.
paragraph2sentence.train-reviews-438-2,Les orchidées vendues par correspondance sont un excellent moyen de se lancer dans leur culture  mais faites attention au gel des plantes si vous les achetez en hiver.
paragraph2sentence.train-reviews-439-1,J'utilise ce shampooing avec le revitalisant correspondant depuis un certain temps maintenant et l'utilisation des deux ensemble fait vraiment une différence avec mon cuir chevelu sec et qui démange. Le shampooing est fin mais super riche et je remarque vraiment l'hydratation supplémentaire de mon cuir chevelu. Le shampooing donne l'impression qu'il contient également un revitalisant. Je lave habituellement mes cheveux deux fois avec le shampooing  puis j'utilise le revitalisant super épais et riche et je le laisse agir sur mes cheveux pendant environ une minute  puis je rince. Mes cheveux sont très sains  lisses et riches en hydratation. Le shampoing et le revitalisant ont tous deux un parfum agréable. J'ai essayé une variété de shampooings et revitalisants Clear Scalp  mais cet ensemble est l'un de mes préférés.
paragraph2sentence.train-reviews-439-2,Ce shampooing Clear Scalp (et le revitalisant assorti) aident vraiment à hydrater mon cuir chevelu et à éliminer les démangeaisons  me laissant des cheveux odorants.
paragraph2sentence.train-reviews-440-1,Le café mélangé italien de Timothy est le numéro 1 dans mon livre. Il a la meilleure saveur et un goût doux parmi la plupart des cafés que nous avons essayés. Nous buvons habituellement du café Coffee People's - Donut Shop que nous avons en bateau automatique. Cependant  j'aime l'acheter lorsqu'il est en promotion !
paragraph2sentence.train-reviews-440-2,Le service était conforme aux promesses du vendeur.
paragraph2sentence.train-reviews-441-1,J'ai commandé ce chewing-gum pour mon mari qui adore tout ce qui est aigre. Il n'a certainement pas été déçu ! Je l'aime même moi-même ! Il a une acidité parfaite au début  mais au fur et à mesure que vous le mâchez  il se transforme lentement en cette saveur principalement sucrée avec un arrière-goût légèrement aigre. On n'en a jamais assez ! =) Je commanderai probablement à nouveau une fois notre boîte épuisée.
paragraph2sentence.train-reviews-441-2,Mon mari ne se lasse pas de ce chewing-gum.
paragraph2sentence.train-reviews-442-1,C’est un excellent sel au goût prononcé (et à l’odeur forte). Les truffes ont généralement une odeur très terreuse et funky  tout comme ce sel. La saveur est merveilleuse ! Idéal avec les viandes  les légumes grillés et les pâtes. Un peu suffit ! Un bon ajout à une collection de sel.
paragraph2sentence.train-reviews-442-2,Je n'aime pas ce type de collation  mais celles-ci étaient bonnes.
paragraph2sentence.train-reviews-443-1,Lorsque vous surveillez vos glucides et que vous avez besoin de protéines  c'est la soupe qu'il vous faut. Le goût et la texture sont exceptionnels. Merveilleux de pouvoir recevoir cette soupe livrée à ma porte par Amazon.
paragraph2sentence.train-reviews-443-2,Il n’est donc probablement pas surprenant que je trouve Mallomars légèrement déficient par rapport au puissant Pinwheel.
paragraph2sentence.train-reviews-444-1,J'aime la nourriture épicée  mais pas seulement pour la chaleur. Moi aussi j'aime le bon goût !! Lorsque vous ajoutez de l’ail au mélange de quoi que ce soit  cela me plaît. Pour cette raison  j’apprécie vraiment cette sauce.
paragraph2sentence.train-reviews-444-2,Cette sauce est idéale pour ajouter un peu de piquant.
paragraph2sentence.train-reviews-445-1,Je suis une grand-mère qui suit constamment un régime et j'ai une petite-fille en bas âge qui déteste littéralement manger. Ce produit nous aide tous les deux ! C'est une collation très saine  sans sucre ajouté et sans gras. Je mange les légumes un morceau à la fois. Ils sont croustillants et fondent littéralement dans la bouche. Je suis étonné de voir à quel point ils sont bons. Ma petite-fille les aime aussi. C'est une mangeuse difficile et elle mange aussi un morceau à la fois. Maintenant  je sais qu’elle se nourrit au lieu de manger de la malbouffe. Oui  ils sont chers  mais vous n’allez pas rester assis à les manger à la cuillerée comme vous le feriez pour des légumes cuits ordinaires. Je ne les ai mangés jusqu'à présent qu'en collation  mais je cherche des moyens de les inclure dans mes salades. Ces collations conviennent également à mon petit-fils qui apprend tout juste à manger régulièrement. Ils sont assez petits et se dissolvent dans la bouche et je n'aurai pas peur qu'il s'étouffe (je le nourris toujours sous surveillance !). Ces collations valent la peine d'être essayées.
paragraph2sentence.train-reviews-445-2,Ces légumes sont parfaits pour les mangeurs difficiles et fondent simplement dans la bouche pour que vous puissiez les déguster une bouchée à la fois.
paragraph2sentence.train-reviews-446-1,Les nouilles miracles sont une excellente option pour les personnes qui suivent un régime pauvre en glucides mais qui apprécient ou ont envie de nouilles de temps en temps. Oui  ils sentent la sortie du colis.  Rincer abondamment.  Ils n’ont pas d’odeur ni de goût bizarre une fois préparés. La texture ressemble plus à une nouille de riz/nouilles cellophane qu'à des pâtes de blé. Je préfère les pâtes aux cheveux d'ange au riz  qui me rappelle le couscous ou l'orzo israélien.
paragraph2sentence.train-reviews-446-2,Bien qu'elles sentent un peu lors de la première ouverture  les Miracle Noodles sont d'une grande aide pour ceux qui ont besoin de nouilles de riz mais qui suivent un régime pauvre en glucides.
paragraph2sentence.train-reviews-447-1,J'ai essayé trois saveurs de Tastykake après avoir entendu dire à quel point elles étaient bonnes. J'adore le caramel au beurre  il n'a pas beaucoup de saveur de caramel au beurre. Les gâteaux sont frais  mais un peu fades  pas beaucoup de saveur.
paragraph2sentence.train-reviews-447-2,Ce gâteau n’a pas vraiment le goût du caramel au beurre  ou quoi que ce soit du tout  en fait.
paragraph2sentence.train-reviews-448-1,Je bois de l'Ovaltine depuis plus de 25 ans et son goût ne vieillit jamais.  Ils ont dit qu'ils y avaient apporté quelques modifications  mais c'est toujours aussi bon !  Je l'aime parce qu'il est également très nourrissant et bon pour vous  et ces boîtes en font une véritable économie d'argent.  Tout ce dont j'ai besoin maintenant  c'est de ma « bague décodeur » !
paragraph2sentence.train-reviews-448-2,Je bois de l'Ovaltine depuis plus d'un quart de siècle et même avec les changements  son goût est toujours assez bon pour acheter ces gros bidons économiques.
paragraph2sentence.train-reviews-449-1,Et je trouvais que les dattes hachées étaient bonnes  ces crumbles de dattes sont super !! Ils sont très pratiques pour à peu près tout : salades  muffins  céréales cuites  barres de biscuits ou tout simplement pour grignoter ! Ils ont pris un bon produit et sont allés plus loin pour en faire un excellent produit ! Aimer! Et l’acheter en pack de 4  c’est encore mieux !
paragraph2sentence.train-reviews-449-2,Ces crumbles de dattes sont encore meilleurs que les dattes hachées et constituent un excellent ajout à de nombreux types d'aliments (céréales  salades  etc.).
paragraph2sentence.train-reviews-450-1,Ce thé aux épices et à la citrouille constitue un excellent pichet de thé glacé  avec un peu de Truvia ou de Splenda pour le sucrer.  Le seul inconvénient est que je n'ai pas pu le trouver après l'automne dans ma région  mais maintenant que j'ai découvert qu'Amazon l'a  je l'ai souscrit  donc je serai sûr d'en avoir plein !  Oh  et si vous n'utilisez une saveur donnée qu'occasionnellement  Bigelow est la voie à suivre  puisque chaque sachet de thé est emballé individuellement dans du papier d'aluminium pour le garder frais.
paragraph2sentence.train-reviews-450-2,Ce qui  d’une manière étrange et détournée  fait de la nourriture réconfortante  je suppose.
paragraph2sentence.train-reviews-451-1,Il y a plus de dix ans  les cafés de la marque Lion étaient acceptables (personnellement  je n'ai jamais pensé qu'ils étaient aussi bons que certaines personnes ; mais peu importe  ils étaient au moins acceptables).  Dernièrement  cette marque a chuté au point de devenir imbuvable.  Je vous conseillerais de ne pas gaspiller votre argent ; et conseille à la société Lion's Brand de reconsidérer ses pratiques marketing auprès d'une clientèle autrefois fidèle.
paragraph2sentence.train-reviews-451-2,Le café a un goût complètement brûlé  donc pour le boire  vous avez complètement dilué le goût.
paragraph2sentence.train-reviews-452-1,J'utilise toutes les vanilles Nielsen-Massey au fil des ans et de loin  c'est la MEILLEURE vanille de Tahiti que vous puissiez obtenir à ce prix.  Il en existe d'autres qui peuvent aller jusqu'à 95 00 $ pour le même montant général  mais ils sont d'une variété rare  ce qui les rend beaucoup plus chers pour le boulanger moyen.  Je fais de la pâtisserie depuis l'âge de 15 ans (47 ans maintenant) et j'ai utilisé de nombreuses formes différentes d'extraits de vanille au fil des ans.  Mon cœur et mes goûts vont à Nielsen-Massey.
paragraph2sentence.train-reviews-452-2,Des études récentes ont montré que les consommateurs préfèrent le goût de la vanille artificielle au goût d'origine naturelle  ce qui est dû au fait que la variété artificielle est fabriquée à partir de vanilline pure  la même substance qui donne sa saveur aux gousses de vanille.
paragraph2sentence.train-reviews-453-1,C'est mon thé vert préféré.  J'ai essayé de nombreuses sortes différentes lorsque je réduisais ma consommation de café et celui-ci était le meilleur.  C'est le mélange parfait d'arôme de thé vert et de jasmin  pas trop fleuri.  Il a aussi une odeur merveilleuse.  J'ai aimé boire et sentir ce thé autant que j'avais apprécié mon premier café du matin.  De plus  le matériau du sachet de thé facilite la conservation et la réinfusion pour une deuxième portion.
paragraph2sentence.train-reviews-453-2,Après être passé du café au thé  ce thé vert a été tellement mon choix que je l'attends avec impatience le matin  tout autant que cette première tasse de café.
paragraph2sentence.train-reviews-454-1,C'est un excellent substitut au sucre.  Il est sucré et vous pouvez l'utiliser dans les aliments chauds et froids et pour la pâtisserie.  L'ingrédient principal  le xylitol  est bon pour vos dents.  Si vous avez des chiens  vous devez cependant faire preuve de prudence car cela est dangereux pour eux.
paragraph2sentence.train-reviews-454-2,Nous  les aînés  devons donner l'exemple. Merci Amazon et tous les magasins  livraison rapide et emballage facile à ouvrir.
paragraph2sentence.train-reviews-455-1,J'ai acheté ce pop-corn pour mon pop-corn Roosevelt acheté chez Tommy's. Les paquets sont si faciles à utiliser car il n'y a pas de mesure. C'est de loin le meilleur pop-corn que j'ai utilisé jusqu'à présent  aussi bon que le pop-corn de cinéma  mes enfants l'adorent ainsi que ma femme. C'est un régal merveilleux pour les soirées cinéma.
paragraph2sentence.train-reviews-455-2,Mon pop-corn Roosevelt fait du pop-corn de qualité cinéma.
paragraph2sentence.train-reviews-456-1,J'ai aimé toutes les saveurs du thé Harney & Sons que j'ai essayées. La menthe poivrée ne fait pas exception. Il a une saveur très forte/riche qui fait défaut à certaines des marques de thé à la menthe poivrée que j'ai rencontrées.
paragraph2sentence.train-reviews-456-2,Blech  blech  blech.
paragraph2sentence.train-reviews-457-1,Le sirop de maïs à haute teneur en fructose coûte quelques centimes de moins par gallon que le vrai sucre  c'est donc l'édulcorant qu'ils utilisent ici. La bonne nouvelle est qu'ils proposent Simply Heinz  qui est fait avec du vrai sucre. Le goût est nettement meilleur et même si le lobby du maïs veut vous faire croire le contraire  je parie que le vrai sucre est plus sain.  Pour un condiment qui dure des mois  rendez-vous service et dépensez quelques centimes supplémentaires pour obtenir les bonnes choses.
paragraph2sentence.train-reviews-457-2,Simply Heinz contient du vrai sucre au lieu de sirops de maïs à haute teneur en fructose  l'investissement en vaut donc la peine puisque le ketchup se conserve pendant des mois et que le vrai sucre a meilleur goût.
paragraph2sentence.train-reviews-458-1,C'était la première fois que j'essayais les barres chocolatées Snickers Peanut Butter Squared.  Ils étaient délicieux.  J'avais assez attendu pour les commander une fois la chaleur de l'été passée afin qu'ils ne fondent pas.  Le produit a été emballé et bien emballé. Tout est arrivé rapidement et j'ai utilisé la livraison gratuite donc bravo au vendeur.  J'utiliserais à nouveau ce vendeur.  Ils étaient super.
paragraph2sentence.train-reviews-458-2,Les barres chocolatées M&M's  cependant  étaient dégoûtantes et contenaient un étrange mélange de nougat et de morceaux de bonbons.
paragraph2sentence.train-reviews-459-1,Les haricots que j'ai reçus étaient tout simplement magnifiques. Je suis très content de cette commande et j'en commanderai certainement d'autres à l'avenir.
paragraph2sentence.train-reviews-459-2,Ces haricots étaient bons.
paragraph2sentence.train-reviews-460-1,Vous ne pensez peut-être pas  en lisant les ingrédients  que cette céréale contient du gluten  mais c'est le cas.  Bien que les céréales aient un goût délicieux et un contenu nutritionnel décent  si vous êtes sensible au gluten  restez à l'écart.  Je l'ai essayé deux fois et les deux fois  j'ai passé des heures doublées d'agonie.  Je soupçonne que la source de gluten est liée à la façon dont l'avoine est transformée.  J'aimerais que les producteurs de produits alimentaires réalisent que la maladie cœliaque n'est pas une blague et qu'ils soient très prudents en ce qui concerne l'étiquetage des produits.  Écoutez-vous  Nature's Path ?
paragraph2sentence.train-reviews-460-2,Si vous aimez les beignets glacés au chocolat  ceci pourrait être pour vous.
paragraph2sentence.train-reviews-461-1,Je suis obsédée par ces barres granola !  Ils sont géniaux !  C'est ridicule combien j'en mange.
paragraph2sentence.train-reviews-461-2,Pour moi  ils ont en fait le goût d'un très bon mélange de brownie - comme si quelqu'un prenait un mélange de brownie non cuit et le transformait en cookie.
paragraph2sentence.train-reviews-462-1,Excellent assaisonnement - plein de saveur sans produits chimiques.  Nous avons reçu le produit dans les meilleurs délais et l'apprécions sur notre nourriture.
paragraph2sentence.train-reviews-462-2,L'assaisonnement a été livré rapidement et a bon goût dans les aliments car il est très savoureux mais sans ce goût chimique.
paragraph2sentence.train-reviews-463-1,Je n'étais pas sûr d'aimer la menthe verte lorsque j'ai commandé ceci - MAIS  je suis heureux de dire que j'en suis devenu très friand. J’apprécie vraiment mon remontant de l’après-midi au travail.  Ce thé vert rafraîchissant a remplacé ma pause café du soir avec environ un tiers de la caféine.  Exactement.
paragraph2sentence.train-reviews-463-2,Ce thé vert est un substitut rafraîchissant au café  avec un tiers de caféine.
paragraph2sentence.train-reviews-464-1,J'étais un peu sceptique.  Ma femme aime les Mojito en été et je suis plutôt doué pour les préparer.  Cependant  ils peuvent être un peu lourds côté sucre/sucré. Ce mélange était plutôt bon et facile à réaliser (il n'y avait pas de mauvais arrière-goût non plus).  Mettez-le dans un grand verre avec de la glace.  Si vous êtes fan de limonade CL ou d'autres boissons instantanées  c'est une substitution décente ou si vous voulez simplement ou avez les versions sans alcool.  J'achèterais ce produit et je l'utiliserais.
paragraph2sentence.train-reviews-464-2,Ce mélange de mojito sec est un bon substitut au vrai si vous êtes occupé et n'est pas trop sucré comme les mojitos peuvent l'être lorsque vous les préparez vous-même.
paragraph2sentence.train-reviews-465-1,Lorsque j’ai découvert ce produit pour la première fois et comment mon chiot Toy Fox Terrier y a réagi  j’ai été ravi.  C'était si difficile de la faire ralentir et de mâcher de manière productive pendant que j'étais occupé.  Cependant  j'ai remarqué que ses selles étaient souvent un peu molles après avoir mangé cette pâte de chiot.  J'ai commencé à farcir son Kong avec des croquettes pour m'assurer qu'il y avait de la substance et pas seulement des trucs gluants  dans l'espoir de ne pas avoir à le lui retirer totalement.  Cela a semblé fonctionner pendant un petit moment  puis tout à coup  des flaques de selles sont à nouveau apparues.  Même lorsque j'ai congelé les choses  cela n'a pas aidé.  Je ne lui en ai donné qu'un par semaine  cela n'a pas aidé.  Il se peut que les races miniatures aient du mal avec cela et que les chiens plus chaleureux iront bien.  Mais soyez prudent. Une autre remarque : j'ai remarqué que le contenu textural des canettes varie.  Je ne sais pas comment ni pourquoi.  Attention aux dates de péremption !
paragraph2sentence.train-reviews-465-2,Les dates de péremption indiquées sur les boîtes de nourriture pour chiens varient considérablement au sein d’un même emballage  alors assurez-vous de lire les étiquettes.
paragraph2sentence.train-reviews-466-1,Le caramel n'est pas trop mauvais  il n'a pas vraiment le goût du caramel  mais plutôt d'un toffee super sucré. Il a également la consistance d’un pudding.
paragraph2sentence.train-reviews-466-2,Assurez-vous de vous brosser les dents après avoir mangé  car cela collera à tout.
paragraph2sentence.train-reviews-467-1,Un ami m'a fait essayer cette trempette.  Je n’étais pas trop enthousiaste à l’idée des oignons et du raifort  mais il s’avère que cette trempette crée une forte dépendance.  C'est extrêmement savoureux et donne un meilleur goût à tout.  Je suis cependant un peu surpris du prix ici ; Robert Rothschild a un site Internet et le prix est considérablement inférieur.  C'est ma trempette préférée.
paragraph2sentence.train-reviews-467-2,A un peu le goût de la barbe à papa  pas très sucrée ni premium (comme décrit).
paragraph2sentence.train-reviews-468-1,Ce produit est incroyable et très différent de la pâte de tomate « amère » en conserve normale. C'est cher mais ça vaut le coup pour certaines utilisations. Je l'utilise exclusivement à la place de la sauce à pizza pour les pizzas que je prépare à la maison. C'est merveilleux. Devrait être sur votre « bucket list ».
paragraph2sentence.train-reviews-468-2,Contrairement au goût amer que vous obtiendrez de la pâte en conserve  cette pâte de tomates est incroyablement savoureuse et idéale pour faire des pizzas.
paragraph2sentence.train-reviews-469-1,Nous nous trouvions chez Whole Foods et une charmante femme offrait des échantillons gratuits de gelée Violas Hot Jalepeno. Oh mon Dieu  c'est fantastique ! Il y a un certain punch  mais il ne fait pas trop chaud du tout. PERFECTION. C'est juste assez sucré pour équilibrer le piquant. C'est léger et délicieux. Et le meilleur de tout  c'est qu'il ne contient pas tous les conservateurs artificiels  le sirop de maïs à haute teneur en fructose et les additifs dont la plupart des gelées sont contaminées.  J'ADORE CE PRODUIT !!!!
paragraph2sentence.train-reviews-469-2,La gelée ordinaire ne fera pas l’affaire pour préparer des sandwichs extraordinaires.
paragraph2sentence.train-reviews-470-1,Ces cookies sont bons  mais très friables.  Même si j'aime le goût  je n'en rachèterai pas car ils s'effritent beaucoup trop et font un gros gâchis à chaque bouchée.
paragraph2sentence.train-reviews-470-2,Je nettoyais après ces cookies pendant au moins une heure.
paragraph2sentence.train-reviews-471-1,Ces nouveaux biscuits sablés de Walkers sont tellement délicieux.  J'avais l'habitude d'acheter leurs doigts sablés habituels dans le magasin et je les adorais  mais ceux-ci ont un goût un peu plus riche et ont une merveilleuse saveur de beurre.  Ceux d'origine sont un peu plus durs.  Ceux-ci sont un peu plus tendres.  Je les recommande vivement.
paragraph2sentence.train-reviews-471-2,Les nouveaux biscuits sablés Walkers sont plus tendres que la version originale mais ont une meilleure saveur plus beurrée.
paragraph2sentence.train-reviews-472-1,Cette nourriture s'avère être la meilleure nourriture sèche pour mon chat âgé en surpoids. J'essayais des aliments sans céréales depuis un moment et il a juste pris beaucoup de poids et est devenu constipé. Le mélanger avec cet aliment aide à réduire ces problèmes. Mes chats s'en servent bien et semblent en apprécier le goût aussi. La petite taille des croquettes rondes est pratique pour les boules de friandises et les mangeoires automatiques. Je leur donne de la nourriture humide deux fois par jour  puis je laisse des portions du mélange de nourriture sèche pendant que je suis au travail ou que je dors afin qu'ils aient quelque chose à grignoter. Je ne recommanderais pas de nourrir exclusivement de la nourriture sèche  mais si vous en donnez  celle-ci semble être un bon choix à essayer.
paragraph2sentence.train-reviews-472-2,Cette nourriture fonctionne parfaitement avec la plupart des distributeurs automatiques de nourriture pour chats  ce qui est idéal pour les personnes qui travaillent ou celles dont les ménages sont occupés.
paragraph2sentence.train-reviews-473-1,J'aime presque tous les thés que j'ai essayés (en sachet et en vrac)  mais ce thé oolong était horrible. En fait  cela avait un goût de terre et j'ai dû le vider. Ce sachet de thé particulier était livré dans une boîte appelée Collection Thés de Chine et du Japon avec une variété d'autres thés. Je n’ai essayé aucun des autres et je ne sais pas si je le ferai.
paragraph2sentence.train-reviews-473-2,Ils réussissent à chaque fois  pour de vrai.
paragraph2sentence.train-reviews-474-1,Mon chat n'est pas difficile et mange presque tout. Cependant  il n’aime vraiment pas le goût de cette nourriture. J'aurais aimé qu'il le fasse  car j'ai dépensé beaucoup pour cela  mais il semble qu'il préfère avoir faim plutôt que de le manger.
paragraph2sentence.train-reviews-474-2,Mon chat n'aime pas cette nourriture pour chat même s'il mange presque tout le reste.
paragraph2sentence.train-reviews-475-1,Je les achète dans une épicerie locale pour le double du prix indiqué ici. C'est une vraie affaire. Le goût vaut le prix supplémentaire  car ce sont les boissons énergisantes les plus savoureuses que j'ai jamais eues. Le goût est exactement comme une bombe Jager - c'est-à-dire Jagermeister et Red Bull. Exactement.
paragraph2sentence.train-reviews-475-2,Cette boisson énergisante coûte la moitié du prix que vous payez en magasin et a un goût délicieux  exactement comme une Jägerbomb.
paragraph2sentence.train-reviews-476-1,En commandant le Barilla Mezze Penne avec sauce tomate et basilic  j'ai pensé que ce serait un déjeuner rapide à emporter au travail.  Après avoir reçu ce déjeuner dans une boîte  je l'ai emmené au travail et à l'heure du déjeuner  je l'ai mis au micro-ondes et les gens voulaient savoir quel était ce délicieux arôme... La boîte à lunch venait d'Amazon et est définitivement un excellent déjeuner... Elle est légère et délicieuse et cuit en une minute au micro-ondes.  (Barilla Mezze Penne avec sauce tomate et basilic)
paragraph2sentence.train-reviews-476-2,La jolie boîte réutilisable est remplie de dosettes simples  non emballées individuellement  alors utilisez-les rapidement une fois ouverte.
paragraph2sentence.train-reviews-477-1,Je cherchais une confiture de pommes et Harvest Song semblait faire l'affaire. Ils ont une campagne de marketing imprimée merveilleusement idyllique  alors j'ai pensé tenter ma chance. Il s'avère que le couvercle en aluminium du pot n'a pas de doublure protectrice. Mon premier 1/8 de cuillère à café était rempli de métal ! L'acide contenu dans la confiture avait corrodé l'intérieur du couvercle  produisant des rayures qui donnaient l'impression que quelqu'un l'avait gratté avec les dents d'une fourchette. J'appelle Amazon pour savoir s'ils rembourseront les aliments défectueux. Vraiment  les gens... courez pour sauver votre vie. MISE À JOUR : Je me suis senti un peu malade à cause de ce produit mais il a disparu en 12 heures environ. Quand je me suis senti mieux  j'ai appelé Amazon (via le lien Contactez-nous en bas de la page) et j'ai reçu un remboursement complet. Merci pour l'excellent service client Amazon.
paragraph2sentence.train-reviews-477-2,Cette confiture est si acide qu'elle a rongé le couvercle en métal  rendant le dessus de la confiture rempli de métal.
paragraph2sentence.train-reviews-478-1,Biscuits très moelleux et délicieux. Je les ai achetés pour ma fille intolérante au gluten et j'ai fini par les aimer moi-même !  Ils ont d'autres saveurs qui sont également très bonnes. Le préféré de ma fille est le cookie aux pépites de chocolat. Je pense qu'ils sont tous bons. Nous avons également eu la saveur pomme.
paragraph2sentence.train-reviews-478-2,Pour les personnes atteintes du SCI  le gluten peut provoquer de graves crampes abdominales et  dans les cas extrêmes  conduire à une hospitalisation pour déshydratation.
paragraph2sentence.train-reviews-479-1,C'est un très bon café à un excellent prix. J'aime un rôti foncé et j'ai commandé ceci sans me rendre compte que le rôti viennois est plutôt un rôti léger. Si je leur avais commandé un rôti plus foncé  j'aurais peut-être pu leur donner 5 étoiles. En tout cas  je suis presque sûr que je commanderai à nouveau leur café - peut-être le Sumatra la prochaine fois.
paragraph2sentence.train-reviews-479-2,La liste des ingrédients est courte : café  sucre  bicarbonate de potassium et citrate de potassium.
paragraph2sentence.train-reviews-480-1,La bonne nouvelle  ce sont très savoureux et assez copieux pour 210 calories. La mauvaise nouvelle ? Pour leur valeur nutritionnelle  elles sont légèrement meilleures pour la santé que la barre chocolatée moyenne.  Une collation savoureuse  mais ne pensez pas que c'est un aliment santé.
paragraph2sentence.train-reviews-480-2,Ils n’en mangeraient pas du tout.
paragraph2sentence.train-reviews-481-1,Je viens de manger ça pour la première fois chez PF Chang à Sacramento hier.  J'ai été complètement étonné de voir à quel point il est bon et je suis un critique sévère  ayant été un amoureux de longue date d'Earl Grey.  Il s'accorde très bien avec la nourriture car son goût est léger et rafraîchissant ; d'ailleurs  c'est aussi délicieux.  C'est parfait pour l'été  un froid glacial parfait avec beaucoup de glace.  Et c'est du vrai thé  pas une poudre.  Ça sent tellement bon que j'aurais presque envie de le porter ! Pouvez-vous le dire ?  J'ADORE ce thé !
paragraph2sentence.train-reviews-481-2,Ce thé Earl Grey est du vrai thé (pas de poudre) et meilleur que tout le reste car son goût est délicieux  léger et tellement rafraîchissant.
paragraph2sentence.train-reviews-482-1,C'est une sauce fumée  crémeuse et très légèrement épicée.  Si c'est ce que vous recherchez  vous l'apprécierez probablement beaucoup  mais pour moi  cela a rendu un peu difficile de savoir quoi en faire.  Généralement  lorsque je prépare des tacos  etc.  j'utilise simplement de la salsa  de la crème sure et parfois de la sauce piquante  donc j'ai un peu de mal à comprendre où cela s'intègre exactement.  C’est bon  mais cela semble presque inutile.  Une utilisation qui semble plutôt bien fonctionner consiste à l’ajouter à une salade de tacos.  C'est une sorte d'ajout intéressant pour garder les saveurs un peu plus intéressantes et je pourrais en garder pour ça.  Cela pourrait également ajouter un peu de variété aux sandwichs si l'on a envie de quelque chose d'un peu différent de la norme ; peut-être sur un Panini de style sud-ouest ou similaire.  Je pourrais aussi l'essayer pour tremper des nuggets ou des ailes de poulet  etc. Dans l'ensemble  cela semble être un assez bon produit  mais ce n'est pas quelque chose que je serais susceptible d'utiliser quotidiennement ou même quelques fois par semaine  donc je peux en prendre une bouteille de temps en temps  mais je n'en achèterai probablement pas un paquet de 6.  Je lui donnerais peut-être 4 étoiles en termes de goût  mais il perd quelques points en termes de polyvalence puisque ce n'est pas vraiment de la sauce piquante  de la sauce taco  de la salsa  de la tartinade à sandwich ou de la vinaigrette  c'est un peu autre chose que j'ai du mal à classer.
paragraph2sentence.train-reviews-482-2,Il y a une bonne quantité de raisins secs  mais les amandes sont plutôt rares.
paragraph2sentence.train-reviews-483-1,Je bois du Whey Up depuis 2007 et je l'ADORE !  Il n’existe aucune autre boisson énergisante protéinée sur le marché qui ait aussi bon goût ou soit aussi efficace.  Je bois au moins un Whey UP par jour et je peux certainement sentir mon niveau d'énergie augmenter lorsque je le bois avant une séance d'entraînement.  C'est également une excellente source de substitut de repas avec 20 g de protéines et encore une fois  c'est EXCELLENT !  J'emballe même des bouteilles de WHEYUP lorsque je voyage et j'ai pris de grandes mesures pour obtenir plus de WHEY UP si j'en manque.  Les personnes qui s’entraînent devraient boire du WHEYUP pour bénéficier du regain d’énergie protéique qu’elles obtiennent avant d’aller à la salle de sport.  J'ai également fait remarquer aux personnes qui suivent un régime qu'elles devraient boire du WHEYUP comme substitut de repas (une fois par jour)  puis continuer à remplir la bouteille d'eau pour le reste de la journée.  J'adore le fait qu'AMAZON vend désormais WHEY UP et que tout le monde devrait l'essayer !
paragraph2sentence.train-reviews-483-2,Un avantage appréciable d'avoir un shaker protéiné est de pouvoir le remplir d'eau après et de continuer à boire tout au long de la journée pour rester hydraté.
paragraph2sentence.train-reviews-484-1,Les brownies n'étaient pas riches  pas de morceaux de chocolat... seulement quelques pépites sur le dessus... beaucoup plus petits que sur la photo... pas moelleux... doux et pâteux comme ceux bon marché que vous obtenez à l'épicerie... étaient dans la boîte en 4 piles de quatre et le brownie du bas de chaque pile était brisé à moitié et le reste était tous collés ensemble... la boîte dans laquelle ils sont arrivés était belle et valait bien plus que le contenu... J'ai payé 32 $ + 11 $ d'expédition pour 16 petits brownies crumbles qui ne valaient qu'environ 5 $ s'ils n'étaient pas collés ensemble... Drew était réticent à rembourser et ne répondait à mes e-mails qu'avec des réponses Blackberry d'une phrase  alors j'ai abandonné
paragraph2sentence.train-reviews-484-2,Pour moi  la clé pour acheter ceci (ou presque n’importe quel article) sur Amazon est de faire d’abord une recherche.
paragraph2sentence.train-reviews-485-1,Cette boisson a une merveilleuse saveur d’agrumes orange.  Il est robuste mais pas trop fort.  Une excellente alternative naturelle au soda.  Mon fils de 13 ans l'aime aussi.  Je n'hésiterais pas à acheter.
paragraph2sentence.train-reviews-485-2,Si vous souffrez de brûlures d'estomac  de reflux acide  c'est le moyen idéal pour continuer à profiter du café.
paragraph2sentence.train-reviews-486-1,J'ai commandé ce produit sur Amazon après avoir découvert qu'il était recommandé par mon vétérinaire.  Mes chiens l'apprécient énormément et j'en ai commandé à plusieurs reprises.  Aucun effet secondaire indésirable  bien que mes chiens les mâchent rapidement  cela ne dure donc pas aussi longtemps que je m'y attendais.
paragraph2sentence.train-reviews-486-2,Ces jouets pour chiens ont été recommandés par mon vétérinaire et mes chiens les adorent  même si les jouets ne durent pas aussi longtemps que je le souhaiterais.
paragraph2sentence.train-reviews-487-1,C'est le meilleur cacao noir que j'ai jamais mangé !  Il fait des mokas et du chocolat chaud incroyables et j'y utilise presque pas de sucre (je l'aime un peu amer) et cela rend un moka meilleur que Starbucks  Ryan Bros  Butch Bros  Peets - n'importe qui.  Cela me fait du bien de savoir qu'il y a beaucoup moins de sucre  mais je m'interroge sur la teneur en matières grasses car elle semble un peu élevée.  Ce truc est le bon truc.  Si je pouvais lui donner 10 étoiles  je le ferais !
paragraph2sentence.train-reviews-487-2,Ce cacao noir est fantastique et idéal pour préparer de meilleurs mokas et chocolats chauds que ceux que vous obtiendrez dans n'importe quel café commercial.
paragraph2sentence.train-reviews-488-1,Ces barres de chocolat sont à cheval entre la délicatesse légère et moelleuse et les bienfaits riches du chocolat. Je ne saurais trop les recommander car je suis complètement accro.
paragraph2sentence.train-reviews-488-2,Ces barres de chocolat ne restent pas dans votre estomac comme les autres  donc je ne peux pas m'arrêter de les manger !
paragraph2sentence.train-reviews-489-1,J'ai acheté ce vin il y a quelque temps  les instructions sont excellentes. Le seul problème que j'ai eu  c'était d'ouvrir les sachets de concentré ! Très difficile  à part ça lors de la mise en bouteille le vin est super ! Nous attendons environ 2 mois pour vraiment laisser la saveur s'installer. Tout le monde au travail voulait du vin  pensant qu'il faudra bientôt l'acheter à nouveau pour un nouveau lot !
paragraph2sentence.train-reviews-489-2,J'ai acheté ce concentré de vin (qui était un peu difficile à ouvrir) et je suis resté assis sur le vin pendant deux mois en attendant de le boire  malgré la demande de mes collègues de l'essayer.
paragraph2sentence.train-reviews-490-1,****J'apprécie beaucoup la bergamote  mais ce thé était bien trop parfumé pour moi ; c'était quand même différent et agréable à essayer. La saveur de la bergamote est forte  pas subtile et un peu écrasante --- c'est tout ce que vous pouvez goûter. Les ingrédients de ce thé sont des thés noirs de première qualité avec de l'huile pure de bergamote --- c'est tout. Le fabricant écrit : L'huile de bergamote provient de l'écorce d'un agrume qui pousse très bien dans la région de Calabre en Italie. L'huile de bergamote pure de qualité supérieure est chère  mais aucun mélange ou arôme artificiel ne peut égaler l'arôme éthéré et la saveur finement nuancée de la vraie chose. Certains fanatiques d'Earl Grey sont devenus particulièrement friands de l'huile de bergamote calabraise de première qualité que nous utilisons et en ont demandé plus  ..Plus ... PLUS ! Ainsi est né Stash Double Bergamot Earl Grey. Dans notre thé Earl Grey Double Bergamote  la base de thé noir sert toujours de base solide à ce mélange  mais l'huile de bergamote prend son envol et atteint de nouveaux sommets sans précédent. La saveur est assez prononcée mais pas du tout savonneuse ou amère comme ce serait le cas avec des huiles de qualité inférieure. Le goût est-il trop fort ? Pour un buveur conservateur  peut-être oui  mais les types plus aventureux semblent vraiment l'apprécier. Je ne dois pas être assez aventureux. Je suis cependant d'accord avec le fabricant  et ce thé pourrait être fait pour vous si vous êtes un grand fan de bergamote et que vous en voulez beaucoup  et je suis également d'accord qu'il a un goût pur  pas du tout savonneux ou amer.****
paragraph2sentence.train-reviews-490-2,La bergamote n’a pas du tout un goût trop savonneux.
paragraph2sentence.train-reviews-491-1,C'est le meilleur Ghee que j'ai essayé  mais c'est peut-être parce que c'est le seul Ghee que j'ai essayé !  Il a un goût plus gras que beurré et n’ajoute pas beaucoup de saveur aux aliments  ce qui pourrait être un plus ou un moins selon ce que vous cuisinez.  J'essaie d'éviter la caséine et ce produit m'a été très utile pour respecter cet évitement !
paragraph2sentence.train-reviews-491-2,Bien que je n'aie essayé que ce Ghee  il semble faire l'affaire mais il est un peu plus gras que le beurre.
paragraph2sentence.train-reviews-492-1,Je suis accro à ce cappuccino - c'est un excellent moyen de me remonter le moral l'après-midi sans me donner une poussée de caféine. Le paquet de 3 boîtes était à un prix très intéressant et ils n'ont pas mis longtemps à arriver ici.
paragraph2sentence.train-reviews-492-2,Ce cappuccino est un excellent énergisant pour l’après-midi.
paragraph2sentence.train-reviews-493-1,C'est un petit café instantané savoureux. Vous pouvez sentir la menthe légère et rafraîchissante dès que vous commencez à la remuer. La saveur du chocolat est délicieuse et la menthe est très vivifiante. J'avais l'impression de vivre un peu d'aromathérapie ! C'est presque une sorte de parfum et de saveur légèrement mentholés de menthe poivrée fraîche et propre. Bien que le chocolat chaud ordinaire soit confortable et chaud  il contient un peu plus de caféine du café et avec la menthe poivrée énergisante qui y est ajoutée  il constitue un très bon remontant l'après-midi. Et comparé à prendre un café dans les grands cafés (même si j'apprécie ce café aussi)  c'est très économique. Je dois aimer une gourmandise abordable ! Merci  Maxwell House ! Miam ! :)
paragraph2sentence.train-reviews-493-2,Le chocolat chaud avec de la crème fouettée et peut-être un soupçon de menthe poivrée fait vraiment l'affaire lors d'une froide journée d'hiver.
paragraph2sentence.train-reviews-494-1,J'ai utilisé cette farine pour faire des nouilles aux œufs maison  et elles étaient vraiment dégueulasses ! Ils sentaient les légumes et avaient un goût encore pire. J'ai déjà préparé des nouilles sans gluten avec un mélange de farine de riz blanc  et elles se sont avérées excellentes. Je recommande les farines tout usage de marque Whole Foods 365 ou de marque Gluten Free Pantry (farine de riz blanc 1er ingrédient) pour la cuisine et la pâtisserie. Ces mélanges ressemblent davantage à de la farine blanche  et vous ne pouvez généralement même pas dire que les produits sont sans gluten.
paragraph2sentence.train-reviews-494-2,Cette farine sans gluten est terrible et donne à toutes vos recettes une odeur de légumes et un goût encore pire.
paragraph2sentence.train-reviews-495-1,J'ai reçu du miel cru vraiment délicieux et cela me fait plaisir. La texture est vraiment agréable et lisse en plus. J'ai fini par trouver le produit moins cher dans l'épicerie locale  mais c'était ma propre erreur. C'est un très bon produit à tous points de vue.
paragraph2sentence.train-reviews-495-2,Ce miel brut est un peu plus cher à acheter en ligne  mais il est trop délicieux et trop onctueux pour le laisser passer.
paragraph2sentence.train-reviews-496-1,Je suis presque sûr que c'est la même sauce qu'ils utilisent chez Taco Bell sur Baja Gordita et Chalupa.  Il est assez doux  vous pouvez donc l'utiliser généreusement !  La texture est un peu plus épaisse que celle des autres sauces Taco Bell  elle fonctionne donc mieux comme tartinade à sandwich  car elle ne coule pas aussi facilement que les autres variétés.  Je l’aime aussi comme garniture pour hamburger  mais c’est aussi une bonne trempette au poulet.  Si vous préparez une salade de tacos  c'est la vinaigrette de choix !
paragraph2sentence.train-reviews-496-2,La consistance de cette sauce taco est un peu plus épaisse que celle de Taco Bell.
paragraph2sentence.train-reviews-497-1,Oui!!! J'ai enfin trouvé une nourriture de qualité que mes 3 chats adorent ! J'en ai essayé plusieurs autres (Halo  Paul Newman  Taste of the Wild  Core et autres) et c'est le premier dont je peux dire qu'ils sont vraiment fous. De plus  le prix n'est pas aussi élevé que certains aliments de haute qualité. S'ils continuent à l'aimer autant et à bien s'entendre avec cela  je continuerai certainement à acheter cette marque. J'aurais fait 5 étoiles mais c'est cher pour les gens normaux et un peu gênant de toujours acheter dans une animalerie ou en ligne  mais je l'aime bien. eh bien.
paragraph2sentence.train-reviews-497-2,Granny Smith est la meilleure saveur à mon avis.
paragraph2sentence.train-reviews-498-1,Nous faisons confiance à Beneful et de nos jours  avec tant d'histoires effrayantes sur des chiens tombant malades à cause de friandises ou de nourriture pour chiens fabriquées en Chine  il est très important de faire confiance. Mon chien a toujours un appétit pour Beneful. Elle en mange depuis des années et le dévore toujours. J'adore ce sac de 15 5 lb. Nous le gardons simplement dans le garage et le récupérons à l'heure du dîner. Un joint hermétique le garde frais.
paragraph2sentence.train-reviews-498-2,Mieux encore  grâce au bon mélange de fibres  je n'ai besoin de laisser mon chien sortir que deux fois par jour sans aucun accident dû à des maux de ventre.
paragraph2sentence.train-reviews-499-1,Je commande du thé Sassafras de Pappy depuis des années. J'adore ça. Je le bois un peu plus fort que la plupart des gens. Cela me rappelle de superbes souvenirs d'enfance. Je suis contente de pouvoir enfin commander en ligne. Je commanderai souvent.
paragraph2sentence.train-reviews-499-2,Les thés sassafras de Pappy sont délicieux et même après des années à les boire  ils me ramènent encore à mon enfance.
paragraph2sentence.train-reviews-500-1,J'ai acheté une machine Mr. Coffee Frappe et j'utilise le café mélangé. C'est une frappe de première classe  quoique un peu chère.
paragraph2sentence.train-reviews-500-2,Bien qu'un peu cher  cette machine à frappe Mr. Coffee fait une excellente frappe avec du café mélangé.
