concept,prompt
sentence2phrase.trial-trial-s2p-1-1,在一场比赛的两个半场之间的间歇后，球队交换比赛场地的两端，以减少因风或球场坡度而可能获得的任何优势。
sentence2phrase.trial-trial-s2p-1-2,足球协会半场休息
sentence2phrase.trial-trial-s2p-2-1,奥巴马总统推动采取军事行动惩罚叙利亚涉嫌使用化学武器，这扫清了其在美国国会的第一个障碍。
sentence2phrase.trial-trial-s2p-2-2,5k 的平均步行时间
sentence2phrase.trial-trial-s2p-3-1,由于表面永久损坏，硬盘无法使用。
sentence2phrase.trial-trial-s2p-3-2,硬盘上有坏扇区
sentence2phrase.trial-trial-s2p-4-1,连接到一根大松紧绳时从高大的结构上跳下。
sentence2phrase.trial-trial-s2p-4-2,蹦极
sentence2phrase.trial-trial-s2p-5-1,竞赛自行车车架由极其坚固且轻质的纤维增强聚合物制成，其中含有碳纤维。
sentence2phrase.trial-trial-s2p-5-2,碳纤维自行车车架
sentence2phrase.trial-trial-s2p-6-1,莫斯科地铁系统的第一个计划可以追溯到俄罗斯帝国时期，但因第一次世界大战、十月革命和俄罗斯内战而推迟。
sentence2phrase.trial-trial-s2p-6-2,冷战时期
sentence2phrase.trial-trial-s2p-7-1,历史上，在共产党为夺取国家政权而奋斗的国家中，与非共产党和战时团体结成战时联盟是被制定的。
sentence2phrase.trial-trial-s2p-7-2,苏联共产党
sentence2phrase.trial-trial-s2p-8-1,弗拉基米尔·伊里奇·列宁自 1917 年起担任俄罗斯苏维埃联邦社会主义共和国领导人，自 1922 年起兼任苏联总理，直至去世。
sentence2phrase.trial-trial-s2p-8-2,苏联共产党
sentence2phrase.trial-trial-s2p-9-1,水力发电是通过利用落下或流动的水的重力来产生电力。
sentence2phrase.trial-trial-s2p-9-2,水力发电
sentence2phrase.trial-trial-s2p-10-1,美国宇航局的研究人员相信，他们已经发现了重要的线索，这些线索似乎表明原始外星人可能生活在月球上。
sentence2phrase.trial-trial-s2p-10-2,外太空存在生命的证据
sentence2phrase.trial-trial-s2p-11-1,美国宇航局卡西尼号任务的这组图像显示了土星卫星土卫二发出的喷雾量的差异。
sentence2phrase.trial-trial-s2p-11-2,更换笔记本电脑键盘的说明
sentence2phrase.trial-trial-s2p-12-1,尽管埃及政局动荡，美国仍继续向埃及交付四架 F-16 战斗机的计划。
sentence2phrase.trial-trial-s2p-12-2,将F-16战斗机留在约旦
sentence2phrase.trial-trial-s2p-13-1,他生活了十几年，与社会没有任何接触。
sentence2phrase.trial-trial-s2p-13-2,隔离生活
sentence2phrase.trial-trial-s2p-14-1,魅力摄影也涉及时尚的视觉效果，但有所不同。
sentence2phrase.trial-trial-s2p-14-2,旧式人像摄影
sentence2phrase.trial-trial-s2p-15-1,打结绒头地毯可能起源于公元前 2 世纪的西亚，可能是里海地区或亚美尼亚高地，尽管有证据表明早在 7 世纪就有人剪羊毛和织毛山羊和绵羊。
sentence2phrase.trial-trial-s2p-15-2,打结地毯的起源
sentence2phrase.trial-trial-s2p-16-1,快来亲身体验：世界上最好的游乐园和滑雪场。
sentence2phrase.trial-trial-s2p-16-2,单板滑雪假期
sentence2phrase.trial-trial-s2p-17-1,土星的内部可能由铁、镍和岩石组成的核心组成，周围是一层金属氢深层、一层液态氢和液态氦中间层以及一层气态外层。
sentence2phrase.trial-trial-s2p-17-2,温水水族箱植物
sentence2phrase.trial-trial-s2p-18-1,旅游业是意大利增长最快、利润最高的工业部门之一，预计收入达 1361 亿欧元。
sentence2phrase.trial-trial-s2p-18-2,意大利的世界遗产
sentence2phrase.trial-trial-s2p-19-1,15年前，一只被选为阿拉斯加小镇市长的猫在一次狗袭击中受了重伤。
sentence2phrase.trial-trial-s2p-19-2,袭击镇长的猫
sentence2phrase.trial-trial-s2p-20-1,也许是一群鬼魂的集会，但它比任何政治团体都更能代表法国的价值观和合法性。
sentence2phrase.trial-trial-s2p-20-2,重要的法国价值观和合法性
sentence2phrase.trial-trial-s2p-21-1,顺便说一句，我在本周的美食博客文章《早餐寿司》中使用了 @altonbrown 的寿司米饭食谱。
sentence2phrase.trial-trial-s2p-21-2,在床上吃东西
sentence2phrase.trial-trial-s2p-22-1,丹麦气候温和，冬季温和，一月和二月平均气温为 0.0 °C (32.0 °F)，夏季凉爽，八月平均气温为 15.7 °C (60.3 °F)。
sentence2phrase.trial-trial-s2p-22-2,沸点
sentence2phrase.trial-trial-s2p-23-1,他曾多次尝试离家出走，最终在十四岁时成功，在一艘渔船上当了一名船舱服务员和厨师，但他很快就回家了。
sentence2phrase.trial-trial-s2p-23-2,船上的工作
sentence2phrase.trial-trial-s2p-24-1,我是一位多次创业的人，在过去的四分之一世纪里在硅谷的中心生活和工作。
sentence2phrase.trial-trial-s2p-24-2,二尖瓣脱垂
sentence2phrase.trial-trial-s2p-25-1,如果你超级温柔地玩弄我的头发，我可能会爱上你。
sentence2phrase.trial-trial-s2p-25-2,捻弄头发的感觉
sentence2phrase.trial-trial-s2p-26-1,1770年，英国船长詹姆斯·库克中尉在库内尔半岛的博特尼湾登陆。
sentence2phrase.trial-trial-s2p-26-2,假登月
sentence2phrase.trial-trial-s2p-27-1,据推测，这个想法是为了让竞争对手不断猜测，同时也是为了让忠实用户在新产品发布时感到惊喜和高兴。
sentence2phrase.trial-trial-s2p-27-2,店内产品促销
sentence2phrase.trial-trial-s2p-28-1,贝丘遍布世界各地的沿海地区。
sentence2phrase.trial-trial-s2p-28-2,几乎普遍存在的海岸贝丘
sentence2phrase.trial-trial-s2p-29-1,从这张照片中可以看到两兄弟似乎互相支持。
sentence2phrase.trial-trial-s2p-29-2,兄弟之爱的写照
sentence2phrase.trial-trial-s2p-30-1,这部时长一小时的剧集讲述了一位乐观的高中老师试图改造学校的欢乐合唱团，并激励一群乌合之众表演者参加最盛大的比赛：全国大赛的故事。
sentence2phrase.trial-trial-s2p-30-2,全国大赛的梦想
sentence2phrase.trial-trial-s2p-31-1,还有其他几种天体导航方法也可以使用六分仪观测来提供位置查找，例如“中午视线”和更古老的“月球距离”方法。
sentence2phrase.trial-trial-s2p-31-2,六分仪观测天体导航
sentence2phrase.trial-trial-s2p-32-1,有一种方法可以让特斯拉 Model S 在全国范围内充电，速度比给油箱加满油还要快。
sentence2phrase.trial-trial-s2p-32-2,神秘机器
sentence2phrase.trial-trial-s2p-33-1,当你在泳池里撒尿时，没有使用任何化学物质来改变颜色：。
sentence2phrase.trial-trial-s2p-33-2,变色染料
sentence2phrase.trial-trial-s2p-34-1,他们在一所小学附近的垃圾箱旁的一个木箱里发现了它们。
sentence2phrase.trial-trial-s2p-34-2,学校垃圾堆旁的板条箱
sentence2phrase.trial-trial-s2p-35-1,我们在丝绸之路的黑市上购买毒品。
sentence2phrase.trial-trial-s2p-35-2,非法物品
sentence2phrase.trial-trial-s2p-36-1,当我要求 Meiklejohn 尝试追踪福布斯的交易时，我首先向她提供了与我们在流行的比特币钱包服务 Coinbase 上的账户相关的比特币地址——理论上，任何向 Coinbase 发送传票的调查执法机构都可以获取该信息。
sentence2phrase.trial-trial-s2p-36-2,追踪货币交易
paragraph2sentence.trial-trial-p2s-1-1,加雷斯·贝尔（Gareth Bale）以创纪录的8530万英镑（1亿欧元）从托特纳姆热刺转会至皇马，之后他被赠送给皇马球迷。这位威尔士前锋穿着深色西装在伯纳乌球场的 20 000 多名球迷面前走上舞台，受到热烈欢迎。这位24岁的球员用西班牙语告诉球迷：“来到马德里是我的梦想。谢谢你们的欢迎。
paragraph2sentence.trial-trial-p2s-1-2,官员称，日本一个小镇决定报废一艘被困渔船，这艘渔船已成为 2011 年毁灭性海啸的象征。
paragraph2sentence.trial-trial-p2s-2-1,虽然大型雪崩主要由流动的雪和空气组成，但它能够将冰、岩石、树木和其他物质夹带到斜坡上，这与泥石流、岩石滑坡和冰瀑布上的冰塔崩塌不同。雪崩并不是罕见或随机事件，并且是任何积雪堆积的山脉所特有的现象。雪崩在冬季或春季最常见，但冰川运动可能在一年中的任何时间引起冰雪崩。在山区，雪崩是对生命和财产造成的最严重的客观自然灾害之一，其破坏力源于其高速携带大量积雪的潜力。
paragraph2sentence.trial-trial-p2s-2-2,由于冰川质量受到长期气候变化的影响，冰川质量变化被认为是海平面变化的主要来源。
paragraph2sentence.trial-trial-p2s-3-1,与大多数动物不同，鲸鱼是有意识的呼吸者。所有哺乳动物都会睡觉，但鲸鱼不能长时间失去知觉，因为它们可能会被淹死。虽然对野生鲸目动物睡眠的了解有限，但据记录，圈养的齿鲸目动物每次只用一侧大脑睡觉，表面上是为了在休息期间游泳、有意识地呼吸、躲避捕食者和社交接触。人们认为鲸鱼的大脑一次只有一个半球睡觉，因此它们休息但从未完全睡着
paragraph2sentence.trial-trial-p2s-3-2,作为有意识的呼吸者，鲸鱼不可能长时间处于无意识状态。
paragraph2sentence.trial-trial-p2s-4-1,F1 赛车是世界上速度最快的多转弯赛道赛车，因为它通过产生大量空气动力下压力而实现了极高的转弯速度。一级方程式赛车的比赛速度最高可达 350 公里/小时（220 英里/小时），发动机的性能限制为最高 18 000 转/分钟 (RPM)。这些汽车在弯道中的横向加速度能够超过 5 g。汽车的性能非常依赖于电子设备（尽管自 2008 年以来牵引力控制和其他驾驶辅助装置已被禁止）以及空气动力学、悬架和轮胎。在这项运动的历史中，这个公式已经发生了根本性的演变和变化。
paragraph2sentence.trial-trial-p2s-4-2,一级方程式赛车是最高级别的单座赛车比赛。
paragraph2sentence.trial-trial-p2s-5-1,奥运会冠军尤塞恩·博尔特 (Usain Bolt) 重夺 100 米世界冠军头衔，并在莫斯科以 9.77 秒的赛季最好成绩夺得第四枚世锦赛个人金牌。在大雨中，这位26岁的牙买加人弥补了两年前在大邱的起步失误，进一步巩固了他作为历史上最伟大短跑运动员的地位。这位六届奥运会冠军在最后阶段超越了贾斯汀·加特林，迫使美国选手以 9.85 的成绩获得银牌。博尔特的同胞内斯塔·卡特（9.95）获得铜牌，英国选手詹姆斯·达萨鲁（James Dasaolu）排名第八（10.21）。
paragraph2sentence.trial-trial-p2s-5-2,德国选手罗伯特·浩亭 (Robert Harting) 击败伊朗选手埃桑·哈达迪 (Ehsan Hadadi)，在世界桂冠上再添奥运铁饼冠军头衔。
paragraph2sentence.trial-trial-p2s-6-1,在全球范围内，水力发电厂生产的电力约占全球的 24%，为超过 10 亿人提供电力。根据国家可再生能源实验室的数据，全球水力发电厂的总发电量为 675 000 兆瓦，相当于 36 亿桶石油。美国有超过2000座水力发电厂在运营，使水力发电成为该国最大的可再生能源。
paragraph2sentence.trial-trial-p2s-6-2,水力发电厂是最常用的可再生能源形式。
paragraph2sentence.trial-trial-p2s-7-1,使用可逆涡轮机，该工厂可以将水抽回上部水库。这是在非高峰时间完成的。本质上，第二个储液器重新填充上部储液器。通过将水抽回到上水库，该工厂在用电高峰期有更多的水来发电。
paragraph2sentence.trial-trial-p2s-7-2,非用电高峰时，通过可逆水轮机将第二水库的水抽回上水库，以便在用电高峰时使用。
paragraph2sentence.trial-trial-p2s-8-1,由于攀登难度极大，死亡率在八千人中排名第二，乔戈里峰被称为“野蛮山”。每四个登顶者中，就有一个人在尝试中死去。从中国一侧到达乔戈里峰比较危险；因此，它主要是从巴基斯坦一侧攀登的。与登顶死亡率最高的安纳普尔纳山不同，乔戈里峰从未在冬季被攀登过。
paragraph2sentence.trial-trial-p2s-8-2,K2 在最高死亡率中排名第二，每 4 名登山者就有 1 人死亡。
paragraph2sentence.trial-trial-p2s-9-1,奥巴马知道他的军事行动得到了法国总统弗朗索瓦·奥朗德的支持。但是，由于上周英国议会的投票，他只得到了英国首相戴维·卡梅伦的外交支持，而非军事支持。土耳其长期以来一直主张干预叙利亚，而沙特阿拉伯是积极支持叙利亚叛乱分子的海湾联盟的一部分。
paragraph2sentence.trial-trial-p2s-9-2,奥巴马的军事行动得到了法国总统、土耳其和沙特阿拉伯的支持。
paragraph2sentence.trial-trial-p2s-10-1,“降落伞”一词来自法语前缀 paracete，最初源自希腊语，意思是“防止坠落”，chute 是法语单词，意思是“坠落”，它最初是作为一个混合词创造的，字面意思是“防止坠落的东西”。
paragraph2sentence.trial-trial-p2s-10-2,降落伞是一个法语单词，字面意思是“防止坠落的东西”。
paragraph2sentence.trial-trial-p2s-11-1,大多数年份中最明显的流星雨是英仙座流星雨，每年 8 月 12 日达到峰值，每分钟流星数量超过一颗。 NASA 有一个有用的工具来计算从您的观测位置每小时可以看到多少颗流星。每年11月17日左右，狮子座流星雨达到顶峰。大约每 33 年，狮子座流星雨就会产生一场流星风暴，峰值速度为每小时数千颗流星。狮子座风暴诞生了流星雨一词，当时人们在 1833 年 11 月的风暴期间首次意识到流星是从狮子座伽马星附近辐射出来的。
paragraph2sentence.trial-trial-p2s-11-2,自公司成立以来，法拉利一直涉足赛车运动，通过其法拉利车队体育部门参加一系列类别的比赛，包括一级方程式赛车和跑车比赛，并向其他车队和一个系列赛提供汽车和发动机。
paragraph2sentence.trial-trial-p2s-12-1,高利率鼓励人们储蓄，低利率鼓励人们消费。许多银行将为新账户提供优惠利率，以鼓励人们开始在该机构储蓄。储蓄利率要么固定在一个固定水平，以便每年支付一定百分比的利息。另一方面，它可能会跟踪基本利率，这意味着收到的利息与国家的经济命运更紧密地联系在一起。
paragraph2sentence.trial-trial-p2s-12-2,几乎所有国家的基准利率通常都是由中央银行设定的。
paragraph2sentence.trial-trial-p2s-13-1,1996 年，一群科学家宣布，他们在南极洲发现的一颗火星陨石上发现了微化石的有力证据，表明大约 36 亿年前这颗红色星球上可能已经存在生命。经过多年的激烈争论，火星陨石是否含有生命的问题仍然悬而未决。如果这是真的，它也将为支持“有源论”理论提供极好的证据。有生论的字面意思是“到处都有种子”，它是指生命来自外太空和行星交换生命——这里的“生命”指的是细菌，它们可以处于休眠状态并承受恶劣的环境。生命可能存在于另一颗行星上，甚至可能是距离火星那么近的一颗，然后到达地球而不是起源于这里。
paragraph2sentence.trial-trial-p2s-13-2,在南极洲发现的火星陨石上发现的微化石不仅为大约 36 亿年前这颗红色星球上可能存在生命提供了极好的证据，而且还为“有源论”理论提供了极好的证据。
paragraph2sentence.trial-trial-p2s-14-1,一系列残酷的杀戮几乎同样引起了全世界的震惊和好奇，一年后，法国小镇安纳西似乎，至少在表面上，又恢复了往常的宁静、迷人的节奏。老城区的咖啡馆很繁忙，湖边的小路上挤满了步行者和骑自行车的人，他们欣赏着法国最美丽的风景，享受着夏末的阳光。
paragraph2sentence.trial-trial-p2s-14-2,第一个网络浏览器名为 WorldWideWeb，后来更名为 Nexus，由 Tim Berners-Lee 爵士于 1990 年发明。
paragraph2sentence.trial-trial-p2s-15-1,去年在意大利附近搁浅的歌诗达协和号游轮船长的审判已经开始，并被推迟到下周。 52 岁的弗朗西斯科·谢蒂诺船长面临多项过失杀人和弃船指控。 2012 年 1 月，这艘船在托斯卡纳吉利奥岛附近触礁并侧翻，造成 32 人死亡。由于全国范围内的律师罢工，周二的听证会被推迟。斯凯蒂诺船长被指控驾驶这艘豪华游轮速​​度过快、距离海岸太近，并且在 4 229 名乘客和船员全部起飞之前就离开了船。
paragraph2sentence.trial-trial-p2s-15-2,喜马拉雅山路线因吸引大量徒步旅行者而闻名。
paragraph2sentence.trial-trial-p2s-16-1,中世纪初期通常被称为“黑暗时代”，因为希腊和罗马的伟大文明已经衰落。中世纪西欧的生活非常艰苦。很少有人会读或写，没有人期望情况会有所改善。中世纪大多数人唯一的希望就是对基督教的坚定信仰，希望天堂的生活比人间的生活更好。
paragraph2sentence.trial-trial-p2s-16-2,中世纪历史的特点是希腊罗马文明的衰落和西欧人民生活的艰苦。
paragraph2sentence.trial-trial-p2s-17-1,在工作中结识的情侣并不是什么特别罕见的事情。 CareerBuilder.com 最近的一项调查显示，与同事约会过的十分之三的员工表示，他们的办公室恋情最终走向了婚姻。
paragraph2sentence.trial-trial-p2s-17-2,与同事结婚并不罕见，因为与同事约会的工人中有 30% 最终与他们结婚。
paragraph2sentence.trial-trial-p2s-18-1,商业繁荣了几十年，但到了21世纪初却陷入困境。此后不久，其出版频率减少为每月一次，并最终于2006年5月刊后停刊。
paragraph2sentence.trial-trial-p2s-18-2,在 20 世纪取得商业成功后，该出版物开始表现不佳，最终于 2006 年关闭。
paragraph2sentence.trial-trial-p2s-19-1,芝加哥体育场于 1929 年 3 月 28 日竣工，耗资 950 万美元，是当时世界上最大的室内体育场。底特律的奥林匹亚体育场建于两年前，是芝加哥体育场的模型，可容纳超过 15 000 人。这也是第一个配备空调系统的体育场（尽管以现代标准来看，该系统相当简陋，而且令人难忘的是，在赛季末的比赛中，体育场内充满了雾气）。
paragraph2sentence.trial-trial-p2s-19-2,底特律的整修并没有阻止这座城市的崩溃，也没有阻止它的运动队把目光投向其他地方。
paragraph2sentence.trial-trial-p2s-20-1,从成立到 90 年代中期，FSF 的资金主要用于雇用软件开发人员为 GNU 项目编写自由软件。自 20 世纪 90 年代中期以来，FSF 的员工和志愿者主要致力于解决自由软件运动和自由软件社区的法律和结构问题。
paragraph2sentence.trial-trial-p2s-20-2,Lessig 的 FSF 案例研究被引用作为新软件许可证首选 GPL v3 的理由。
paragraph2sentence.trial-trial-p2s-21-1,1986 年，戈尔巴乔夫发起了新的改革政策（字面意思是“重组”）以及随之而来的激进改革。 1986 年 2 月至 3 月召开的第 27 次党代表大会上，对这些政策进行了勾勒，但并未完全阐明。新的“重建”政策的出台，是为了通过建立可靠、有效的机制来加速经济和社会进步，从而克服经济停滞。
paragraph2sentence.trial-trial-p2s-21-2,随着苏联经济的停滞，戈尔巴乔夫于 1986 年引入了改革，以创建更多加速进步的机制。
paragraph2sentence.trial-trial-p2s-22-1,周三，我花了很短的时间使用 Galaxy Gear，虽然硬件性能的任何方面似乎都没有根本性的缺陷或损坏，但没有什么感觉特别快、反应灵敏或直观。这款手表似乎没有什么独特的功能。它只是模仿智能手机的功能，效果较小。
paragraph2sentence.trial-trial-p2s-22-2,与智能手机相比，新款三星 Galaxy Gear“智能手表”没有提供任何新功能，考虑到用户界面的粗糙，它看起来并不令人印象深刻。
paragraph2sentence.trial-trial-p2s-23-1,2007 年，思科首席执行官约翰·钱伯斯 (John Chambers) 描述了废除独立 Linksys 品牌的长期计划：“随着时间的推移，这一切都将变成思科品牌。”我们保留 Linksys 品牌的原因是它在美国的知名度甚至比 Cisco 还要高，这也是为了消费者。当你走向全球时，这几乎没有什么优势。
paragraph2sentence.trial-trial-p2s-23-2,这是最后生产的 Linksys 路由器之一。
paragraph2sentence.trial-trial-p2s-24-1,杰克逊 1982 年的专辑《Thriller》是有史以来最畅销的专辑。他的其他唱片，包括《Off the Wall》（1979年）、《Bad》（1987年）、《Dangerous》（1991年）和《HIStory》（1995年），也跻身全球最畅销唱片之列。杰克逊是少数两次入选摇滚名人堂的艺术家之一。
paragraph2sentence.trial-trial-p2s-24-2,迈克尔·杰克逊是有史以来最伟大的艺术家之一，甚至两次入选名人堂。
paragraph2sentence.trial-trial-p2s-25-1,《Madden》在 EA 的年度发行​​库中扮演着重要角色。据 NPD 集团称，去年该游戏在美国的销量超过 500 万份，仅次于动视暴雪 (ATVI) 的《使命召唤：黑色行动 II》。迄今为止，Electronic Arts 已售出超过 1 亿份《Madden》游戏，创造了超过 40 亿美元的收入。
paragraph2sentence.trial-trial-p2s-25-2,《Madden》是艺电最重要的视频游戏之一，创造了近 40 亿美元的收入，销售了数百万份游戏。
paragraph2sentence.trial-trial-p2s-26-1,《人体模型二：移动》是一部 1991 年的浪漫喜剧电影，也是 1987 年电影《人体模型》的部分续集。影片由克里斯蒂·斯旺森 (Kristy Swanson) 饰演一个人体模型，一千年前被邪恶巫师用魔法项链冰冻起来。在项链被取下之前，她会一直保持冰冻状态，如果她收到真爱的吻，她就可以永久解冻。
paragraph2sentence.trial-trial-p2s-26-2,《人体模型二号》是九十年代初的续集，讲述了一个女孩被邪恶女巫冻在冰里的故事，但一千年后以人体模型的形式复活，找到了她的真爱并消除了她的诅咒。
paragraph2sentence.trial-trial-p2s-27-1,尽管麦克劳林没有这项运动的背景，但他在管理球队方面发挥了非常积极的作用。在他担任老板的大部分时间里，他担任自己的总经理。他还对推广美国冰球运动员非常感兴趣，这在当时的职业冰球界很少见。其中包括 Doc Romnes、Taffy Abel、Alex Levinsky、Mike Karakas 和 Cully Dahlstrom 在内的几位球员成为了俱乐部的主力球员，在 McLaughlin 的带领下，黑鹰队成为第一支拥有全美国出生阵容的 NHL 球队。
paragraph2sentence.trial-trial-p2s-27-2,在演示商业模式时，演讲者明显出汗，导致团队对项目的信心有些混乱。
paragraph2sentence.trial-trial-p2s-28-1,我对侵权行为的热爱反映了我对法学院第一年鲜为人知的事实的信念。这真的很有趣。 One L 年解决了法律中最深刻的问题——公民之间的义务、政府的作用、法院在解决冲突中的地位。如果你对这些问题不感兴趣，你可能一开始就不应该进入法学院。
paragraph2sentence.trial-trial-p2s-28-2,如果你在课间饿了的话，法学院的自助餐厅非常好。
paragraph2sentence.trial-trial-p2s-29-1,与巴巴多斯相关的其他名称或昵称包括“Bim”和“Bimshire”。起源尚不确定，但存在几种理论。巴巴多斯国家文化基金会表示，“Bim”是奴隶常用的一个词，它源自短语“bi mu”或伊博语短语（“bem”、“Ndi bem”、“Nwanyi ibem”或“Nwoke ibem”），意思是“我的人民”或“我的地方”
paragraph2sentence.trial-trial-p2s-29-2,巴巴多斯有许多昵称，例如“Bim”和“Bimshire”，这些昵称源自岛上奴隶使用的语言，指的是自己的地方或人民。
paragraph2sentence.trial-trial-p2s-30-1,像石林一样的精神民俗是一个不断发展的过程，通过与其他文化、宗教和民俗的接触而不断综合。石林民间工艺的引人注目之处在于其实践和实践者的生活中对圣经人物的使用。  事实上，大多数不祥之物的实践者将这种民俗与他们的基督教信仰融为一体。基督教圣人的圣像经常出现在石林神龛或祭坛上。
paragraph2sentence.trial-trial-p2s-30-2,海地降低疟疾风险的努力只取得了部分成功，部分原因是 UNCR 工作人员本身传播的疟疾。
paragraph2sentence.trial-trial-p2s-31-1,这本书已成为常年畅销书，许多学生在为法学院第一年做准备时都会阅读它。据《华尔街日报》 2007 年的报道，One L 每年继续销售 30 000 册，其中许多是针对一年级法学院学生和法学院申请者。
paragraph2sentence.trial-trial-p2s-31-2,刚刚拿到法学院第一年的书，但我最期待的是 One L，这应该很有趣。
paragraph2sentence.trial-trial-p2s-32-1,哈佛法学院现任院长为玛莎·米诺 (Martha Minow)，于 2009 年 7 月 1 日就任。哈佛法学院有教职员工 246 人。其中许多人都是杰出的法律学者；哈佛法学院的教员在社会科学研究网络上下载的论文比任何其他法学院都多，这一事实只能部分由学校的规模来解释。
paragraph2sentence.trial-trial-p2s-32-2,社会科学研究网络 (SSRN) 的互联网容量一直面临压力，直到 2008 年在哈佛法学院的捐赠下进行升级，该网络的学生从 SSRN 下载的论文比任何其他学校都多。
paragraph2sentence.trial-trial-p2s-33-1,人权哲学试图审视人权概念的根本基础，并批判性地审视其内容和合理性。人们提出了几种理论方法来解释人权如何以及为何成为社会期望的一部分。
paragraph2sentence.trial-trial-p2s-33-2,我的哲学论文是关于尼加拉瓜最近根据人民的要求改善国家人权的尝试。
paragraph2sentence.trial-trial-p2s-34-1,真正开启葡萄牙在非洲海岸第一阶段发现的船只是轻快帆船，它是在现有渔船的基础上发展起来的。它们敏捷且易于航行，吨位为 50 至 160 吨，有 1 至 3 根桅杆，带有允许变幅的三角帆。卡拉维尔帆船受益于更大的迎风航行能力。货物和船员的容量有限是其主要缺点，但这并没有阻碍其成功。
paragraph2sentence.trial-trial-p2s-34-2,卡拉维尔帆船提供了比当时其他船只更优越的货物储存和适航性，这使得葡萄牙人等船员能够进一步探索非洲。
sentence2phrase.test-scientific-1-1,在固体力学中，剪切流以单位长度的力的量纲给出。
sentence2phrase.test-scientific-1-2,复数域上的巴拿赫代数
sentence2phrase.test-scientific-2-1,此外，初始随机控制器可能会表现出潜在的有害行为，例如反复撞墙，这可能会损坏机器人。
sentence2phrase.test-scientific-2-2,机器人机械故障
sentence2phrase.test-scientific-3-1,绿岩带被解释为形成于古代海洋扩张中心和岛弧地体。
sentence2phrase.test-scientific-3-2,通过绿岩带形成古代海洋扩张和岛弧
sentence2phrase.test-scientific-4-1,如果振动 A 在此 SDOF 系统上产生比振动 B 最高的相对位移（即最高应力），则认为振动 A 比振动 B 更严重。
sentence2phrase.test-scientific-4-2,实验医学的煽动者
sentence2phrase.test-scientific-5-1,夹盘直接安装在车床的转塔或棒材支架上。
sentence2phrase.test-scientific-5-2,木工简介
sentence2phrase.test-scientific-6-1,宿主可以利用免疫系统对抗感染。
sentence2phrase.test-scientific-6-2,免疫系统的功能
sentence2phrase.test-scientific-7-1,有时，没有反馈的纯前馈控制被称为“弹道”，因为一旦发送控制信号，就无法进一步调整；任何纠正性调整都必须通过新的控制信号进行。
sentence2phrase.test-scientific-7-2,射弹的发射、飞行、行为和效果
sentence2phrase.test-scientific-8-1,AdaBoost 是自适应的，因为后续构建的分类器会进行调整，以支持先前分类器错误分类的实例。
sentence2phrase.test-scientific-8-2,自适应增强 (Adaptive Boosting) 缩写为 AdaBoost
sentence2phrase.test-scientific-9-1,营养师建议摄入富含这些饮食元素的特定食物。
sentence2phrase.test-scientific-9-2,营养师建议食用某些富含膳食元素的食物
sentence2phrase.test-scientific-10-1,大多数脂肪酸都是非必需的，这意味着身体可以根据需要产生它们，通常是从其他脂肪酸中产生，并且总是通过消耗能量来产生。
sentence2phrase.test-scientific-10-2,根据需要产生非必需脂肪酸
sentence2phrase.test-scientific-11-1,在反应动力学中，有时会在同一化学品的不同同位素异构体之间观察到速率效应。
sentence2phrase.test-scientific-11-2,在同一化学品的不同同位素异构体之间的反应动力学中观察到的速率效应
sentence2phrase.test-scientific-12-1,神经元组中的振荡活动通常源自神经元之间的反馈连接，从而导致其放电模式同步。
sentence2phrase.test-scientific-12-2,称为伽马波的神经结合模式
sentence2phrase.test-scientific-13-1,当前的光学数据存储介质，例如CD和DVD，将数据存储为盘内表面上的一系列反射标记。
sentence2phrase.test-scientific-13-2,每年一次的医生检查
sentence2phrase.test-scientific-14-1,更简单地说，纯电子等离子体通过磁控管的不稳定性在微波炉中产生微波。
sentence2phrase.test-scientific-14-2,商用微波炉中微波辐射的产生
sentence2phrase.test-scientific-15-1,农业存在很大的风险和不确定性。
sentence2phrase.test-scientific-15-2,大雨和洪水毁坏农作物
sentence2phrase.test-scientific-16-1,大多数烯烃是前手性的，这意味着它们的氢氰化作用会产生手性腈。
sentence2phrase.test-scientific-16-2,烯烃分子的化学性质
sentence2phrase.test-scientific-17-1,光合作用反应可分为两个半反应（氧化和还原），这两个反应对于生产燃料都是必不可少的。
sentence2phrase.test-scientific-17-2,植物进行光合作用的过程
sentence2phrase.test-scientific-18-1,暗物质无法用望远镜直接看到；显然，它既不发射也不吸收任何显着水平的光或其他电磁辐射。
sentence2phrase.test-scientific-18-2,太空中一种看不见的物质，称为暗物质
sentence2phrase.test-scientific-19-1,过度激活之后可能会发生顶体反应，其中细胞头部的帽状结构释放其所含的酶。
sentence2phrase.test-scientific-19-2,板片与周围软流圈之间的平均密度差
sentence2phrase.test-scientific-20-1,与 20 世纪 70 年代的音乐节一样，Deeply Vale 希望将各种风格的音乐汇集在一起​​，创造新的风格和流派，甚至可能打破一些风格和流派。
sentence2phrase.test-scientific-20-2,20世纪70年代的音乐
sentence2phrase.test-scientific-21-1,在已使用的数百种刻面排列中，最著名的可能是圆形明亮式切工，用于钻石和许多有色宝石。
sentence2phrase.test-scientific-21-2,最著名的钻石和宝石切工之一
sentence2phrase.test-scientific-22-1,阴离子和阳离子之间的有效质量或摩擦系数的差异会导致纵波中不同的位移幅度。
sentence2phrase.test-scientific-22-2,来自阴离子和阳离子之间的摩擦系数的纵波位移幅度
sentence2phrase.test-scientific-23-1,两个科学家团队分别利用纳米级设计的“超材料”制造了两件“隐形斗篷”。
sentence2phrase.test-scientific-23-2,日心系统的完全预测数学模型
sentence2phrase.test-scientific-24-1,优生学成为许多学院和大学的一门学科，并获得了许多来源的资助。
sentence2phrase.test-scientific-24-2,优生学作为一门学科的批准和资助
sentence2phrase.test-scientific-25-1,太阳轨道飞行器从水星近日点内的偏心轨道观察太阳。
sentence2phrase.test-scientific-25-2,水星阴暗面的第一张图像
sentence2phrase.test-scientific-26-1,电磁频谱从现代无线电通信所用的低频以下延伸到短波长（高频）端的伽马辐射，从而覆盖了从数千公里到原子大小的一小部分的波长。
sentence2phrase.test-scientific-26-2,对古埃及年表的拟议修订
sentence2phrase.test-scientific-27-1,如果一种药物已经被确定用于某个靶标，那么该靶标根据定义就是可成药的。
sentence2phrase.test-scientific-27-2,目标与药物结合的敏感性
sentence2phrase.test-scientific-28-1,虽然批评者质疑其可行性，但支持者认为，工业、生物学和人类科学研究中的应用已经证明了最初概念的有效性。
sentence2phrase.test-scientific-28-2,方法的有效性来自于其应用
sentence2phrase.test-scientific-29-1,中微子不像电子、质子和其他带电粒子那样带电。
sentence2phrase.test-scientific-29-2,中微子缺乏电荷，这与电子和质子不同
sentence2phrase.test-scientific-30-1,由于异性电荷通过简单的电磁力相互吸引，因此绕原子核运行的带负电的电子和原子核中带正电的质子相互吸引。
sentence2phrase.test-scientific-30-2,正质子和负电子的吸引力
sentence2phrase.test-scientific-31-1,它允许乳制品（例如奶酪）保留更多的原始味道，但食品监管机构不认为加热食品经过巴氏灭菌。
sentence2phrase.test-scientific-31-2,食品的加热
sentence2phrase.test-scientific-32-1,用现代用语来说，科层制是指管理任何大型机构的行政系统。
sentence2phrase.test-scientific-32-2,大型组织中处理行政事务的官僚程序
sentence2phrase.test-scientific-33-1,事件报告的目的是记录事件发生的确切细节，同时让目击事件的人对这些细节记忆犹新。
sentence2phrase.test-scientific-33-2,适当的动力学和相互作用项
sentence2phrase.test-scientific-34-1,过去几十年的动物模型已经证明，脊椎动物大脑中的性别二态性和行为是由性腺类固醇雄激素的影响来解释的。
sentence2phrase.test-scientific-34-2,从身体尺寸的差异很容易看出
sentence2phrase.test-scientific-35-1,与灭菌不同，巴氏灭菌并不是为了杀死食品中的所有微生物。
sentence2phrase.test-scientific-35-2,与灭菌不同，巴氏灭菌可杀死大多数但不是全部微生物
sentence2phrase.test-scientific-36-1,AOP 依赖于原位产生高活性羟基自由基 (·OH)。
sentence2phrase.test-scientific-36-2,AOP 对 OH 生产的依赖
sentence2phrase.test-scientific-37-1,PageRank 是一种概率分布，用于表示随机单击链接的人到达任何特定页面的可能性。
sentence2phrase.test-scientific-37-2,网站的 url 地址
sentence2phrase.test-scientific-38-1,在物理学中，应变扫描是各种技术的总称，旨在通过晶体材料对 X 射线和中子衍射的影响来测量晶体材料中的应变。
sentence2phrase.test-scientific-38-2,同行评审的每月科学期刊
sentence2phrase.test-scientific-39-1,在《Genreflecting》第一版撰写时，向图书馆馆藏添加流行阅读材料并向读者推荐这些书目是有争议的做法。
sentence2phrase.test-scientific-39-2,阅读推荐
sentence2phrase.test-scientific-40-1,在进行医疗实践或参与医疗实践的过程中，医生可能会了解到他们希望与医学或研究界分享的信息。
sentence2phrase.test-scientific-40-2,医学界信息传播的来源
sentence2phrase.test-scientific-41-1,深度学习算法基于分布式表示，这是 20 世纪 80 年代联结主义引入的概念。
sentence2phrase.test-scientific-41-2,网络输入特征的稀疏向量编码
sentence2phrase.test-scientific-42-1,连通性是数学科学和社会科学许多领域的基本衡量标准。
sentence2phrase.test-scientific-42-2,数学和社会科学的连通性
sentence2phrase.test-scientific-43-1,液态金属由熔点极低的含镓合金组成。
sentence2phrase.test-scientific-43-2,金属熔点低
sentence2phrase.test-scientific-44-1,对于处于平衡状态的化学系统，化学物质的逸度在每个介质/相/室中将是相同的。
sentence2phrase.test-scientific-44-2,语言是一个民族精神的表达
sentence2phrase.test-scientific-45-1,盒模型中的粒子提供了量子力学中极少数可以通过分析解决而无需近似的问题之一。
sentence2phrase.test-scientific-45-2,大学教授的人文课程
sentence2phrase.test-scientific-46-1,激光器用于常见的消费设备，例如 DVD 播放器、激光打印机和条形码扫描仪。
sentence2phrase.test-scientific-46-2,一组特定的观察结果
sentence2phrase.test-scientific-47-1,配体效率是配体每个原子与其结合配偶体（例如受体或酶）的结合能的测量。
sentence2phrase.test-scientific-47-2,测量每个原子的结合能以计算配体效率
sentence2phrase.test-scientific-48-1,在一些模型生物中，例如酵母和果蝇，有证据表明减少氧化损伤可以延长寿命。
sentence2phrase.test-scientific-48-2,常用物体的基本工程参数
sentence2phrase.test-scientific-49-1,在力学中，动力学是通过引入质量概念从运动学推导出来的。
sentence2phrase.test-scientific-49-2,可证伪的预测
sentence2phrase.test-scientific-50-1,代谢途径需要严格调节，以便以适当的量产生适当的化合物。
sentence2phrase.test-scientific-50-2,对代谢途径产生的化合物的严格要求
sentence2phrase.test-scientific-51-1,在通带中，椭圆有理函数在零和单位之间变化。
sentence2phrase.test-scientific-51-2,椭圆曲线密码学的数学
sentence2phrase.test-scientific-52-1,测量系统的精度，也称为再现性或重复性，是指在不变条件下重复测量显示相同结果的程度。
sentence2phrase.test-scientific-52-2,重复测量一个现象以计算真实值
sentence2phrase.test-scientific-53-1,光纤对于长距离通信尤其有利，因为与电缆相比，光在光纤中传播时衰减很小。
sentence2phrase.test-scientific-53-2,超越现有物理定律的限制
sentence2phrase.test-scientific-54-1,营养素消耗不平衡会导致营养不良。
sentence2phrase.test-scientific-54-2,营养失衡导致的营养不良
sentence2phrase.test-scientific-55-1,在美国，正交高度通常用于工程工作，尽管动态高度可以用于大规模水文目的。
sentence2phrase.test-scientific-55-2,美国工程中用于水文目的的正高和动态高度
sentence2phrase.test-scientific-56-1,人们提出了许多理论来解释过渡区线轮廓的红移，但问题仍未解决，因为连贯的理论应该考虑所有的物理观测。
sentence2phrase.test-scientific-56-2,过渡区内未解决的问题
sentence2phrase.test-scientific-57-1,光解酶是一种系统发育上古老的酶，在从细菌到真菌到植物和动物的许多物种中都存在并发挥作用。
sentence2phrase.test-scientific-57-2,光解存在于功能物种中，从最原始的到复杂的
sentence2phrase.test-scientific-58-1,一个物种或一个种群的基因库是通过检查该物种或种群中每个活着成员的遗传物质来发现的完整的独特等位基因集。
sentence2phrase.test-scientific-58-2,由所有物种成员的基因库组成的独特等位基因组
sentence2phrase.test-scientific-59-1,在一些国家，“外籍人士”一词也有用于税务目的的法律背景。
sentence2phrase.test-scientific-59-2,不同国家外籍人士含义的差异
sentence2phrase.test-scientific-60-1,最早的恐龙几乎可以肯定是掠食者，并且与它们最近的非恐龙亲戚有一些掠食性特征。
sentence2phrase.test-scientific-60-2,侏罗纪时期的早期水生掠食者
sentence2phrase.test-scientific-61-1,PPR 并不是 Google 用于对搜索引擎结果进行排序的唯一算法，但它是该公司使用的第一个算法，而且是最著名的算法。
sentence2phrase.test-scientific-61-2,使用算法分析按质量对项目进行排名
sentence2phrase.test-scientific-62-1,对于包装食品，各种气体的使用均得到监管机构的批准。
sentence2phrase.test-scientific-62-2,监管机构批准用于包装食品的气体
sentence2phrase.test-scientific-63-1,2012 年，IBM 宣布已实现 90 纳米尺度的光学元件，可以使用标准技术制造并集成到传统芯片中。
sentence2phrase.test-scientific-63-2,对医学其他话题（例如疫苗接种）的怀疑
sentence2phrase.test-scientific-64-1,知识工程应用于人工智能等许多计算机科学领域，包括数据库、数据挖掘、专家系统、决策支持系统和地理信息系统。
sentence2phrase.test-scientific-64-2,计算机科学领域
sentence2phrase.test-scientific-65-1,特有中心可能与生物多样性热点重叠，这些热点是生物地理区域，其特征是植物特有程度高且栖息地丧失严重。
sentence2phrase.test-scientific-65-2,所有人类特征，特别是心理特征
sentence2phrase.test-scientific-66-1,在另一项研究中，多伦多大学的科学家推测，蜂王综合症可能是女性发现为女性经理工作压力更大的原因；男性工人的压力水平没有差异。
sentence2phrase.test-scientific-66-2,女性员工在为女上司工作时感受到的性别压力
sentence2phrase.test-scientific-67-1,管理会计的一个简单定义是向管理者提供财务和非财务决策信息。
sentence2phrase.test-scientific-67-2,管理会计：管理者的决策
sentence2phrase.test-scientific-68-1,在凝聚态物理中，赝能隙描述了材料的费米面具有部分能隙的状态，例如费米面仅在某些点上有带隙的能带结构状态。
sentence2phrase.test-scientific-68-2,材料费米表面中的赝能隙
sentence2phrase.test-scientific-69-1,硝酸铝不是一种容易制造的化合物。
sentence2phrase.test-scientific-69-2,硝酸铝的困难
sentence2phrase.test-scientific-70-1,Boys 于 1950 年首次提出在电子结构理论中使用高斯轨道（而不是更物理的斯莱特型轨道）。
sentence2phrase.test-scientific-70-2,Boys 1950 年在电子结构理论中提出高斯轨道
sentence2phrase.test-scientific-71-1,CLC Bio 开发了广泛引用的桌面和后端服务器软件，用于分析生物数据。
sentence2phrase.test-scientific-71-2,用于分析生物数据的计算模型
sentence2phrase.test-scientific-72-1,精子库可以实现更大的控制，特别是在怀孕的机会和时间方面，因为它们会检查和筛选潜在的捐赠者，并为以前不孕的夫妇或单身女性提供生育婴儿的机会。
sentence2phrase.test-scientific-72-2,分裂成构造板块
sentence2phrase.test-scientific-73-1,它们在人工计算系统中的使用可以追溯到 20 世纪 50 年代，当时它们被用来解决优化问题。
sentence2phrase.test-scientific-73-2,20世纪50年代用计算机解决数学问题
sentence2phrase.test-scientific-74-1,飞行的冰块伪影是由于模拟系统中粒子速度的反复重新调整而产生的。
sentence2phrase.test-scientific-74-2,粒子速度的变化
sentence2phrase.test-cqa-75-1,如何将 Excel 附件分别通过电子邮件发送到多个电子邮件 ID（如邮件合并中）？
sentence2phrase.test-cqa-75-2,文件大小较小，约为几 kb
sentence2phrase.test-cqa-76-1,可以更改 Skype 帐户的电子邮件吗？
sentence2phrase.test-cqa-76-2,互联网上的一段文字
sentence2phrase.test-cqa-77-1,我可以用 10GB 使用限额观看 4od bbc iplayer 等吗？
sentence2phrase.test-cqa-77-2,BBC 在线电视流媒体
sentence2phrase.test-cqa-78-1,有没有一个音乐网站，我可以按月付费并无限下载音乐？
sentence2phrase.test-cqa-78-2,提供无限音乐下载的网站
sentence2phrase.test-cqa-79-1,我可以提供我的 3 个电子邮件地址中的任何一个来通过 PayPal 付款吗？
sentence2phrase.test-cqa-79-2,我的互联网历史
sentence2phrase.test-cqa-80-1,请帮忙，我如何使用互联网在手机或固定电话上拨打电话。但它应该是免费的？
sentence2phrase.test-cqa-80-2,通过互联网免费拨打电话
sentence2phrase.test-cqa-81-1,从经验来看，亚马逊免费超级送货使用哪种送货服务？
sentence2phrase.test-cqa-81-2,大多数包裹 7 天免费送货
sentence2phrase.test-cqa-82-1,除了 yahoo 和 google 搜索引擎之外，还有其他好的搜索引擎吗？
sentence2phrase.test-cqa-82-2,除了雅虎和谷歌之外，还存在优秀的搜索引擎
sentence2phrase.test-cqa-83-1,为什么我无法访问 Verizon 无线网站？
sentence2phrase.test-cqa-83-2,移动设备上的 Verizon 无线
sentence2phrase.test-cqa-84-1,如何与手机连接网络？
sentence2phrase.test-cqa-84-2,通过智能手机访问互联网
sentence2phrase.test-cqa-85-1,为什么我不断收到“Internet Explorer 无法显示网页？”的消息？
sentence2phrase.test-cqa-85-2,无法在IE中显示网页
sentence2phrase.test-cqa-86-1,在哪些地方您可以完全免费地创建 Wiki？
sentence2phrase.test-cqa-86-2,新类型的维基
sentence2phrase.test-cqa-87-1,如何在 chatroulette.com 上为我的网络摄像头设置图像/gif？
sentence2phrase.test-cqa-87-2,我的新电脑附带的新网络浏览器 Internet Explorer 8
sentence2phrase.test-cqa-88-1,有谁知道哪里可以下载听起来像放松的音频文件？
sentence2phrase.test-cqa-88-2,寻找特定的音频文件
sentence2phrase.test-cqa-89-1,如何修复 Internet Explorer 底部的错误，通常显示“完成”，显示“页面错误”？
sentence2phrase.test-cqa-89-2,显示在窗口底部的浏览器错误
sentence2phrase.test-cqa-90-1,由于我们有 wifi 盒子，我们的网络账单上会收取额外费用吗？
sentence2phrase.test-cqa-90-2,拥有一个wifi路由器的成本
sentence2phrase.test-cqa-91-1,我需要找到一位现在住在美国的朋友，但我没有他的地址或联系电话？
sentence2phrase.test-cqa-91-2,失散多年的朋友联系方式
sentence2phrase.test-cqa-92-1,我不小心禁用了互联网连接，不知道如何恢复！？
sentence2phrase.test-cqa-92-2,破碎的图片电话
sentence2phrase.test-cqa-93-1,我可以在互联网上发布别人的照片吗？
sentence2phrase.test-cqa-93-2,知道我的在线身份
sentence2phrase.test-cqa-94-1,是否有一个 Firefox 插件可以暂时禁用选定的网站以阻止我拖延？
sentence2phrase.test-cqa-94-2,Firefox 添加阻止网站的功能
sentence2phrase.test-cqa-95-1,如果您的网站空间无限，您会托管什么？
sentence2phrase.test-cqa-95-2,具有无限存储空间的网站的理想内容
sentence2phrase.test-cqa-96-1,我不小心永远删除了一封电子邮件，但我需要它回来。我该怎么办？
sentence2phrase.test-cqa-96-2,检索永久删除的电子邮件
sentence2phrase.test-cqa-97-1,梅里德尔的 Merifoods 中的 draik 鸡蛋多久出现一次？
sentence2phrase.test-cqa-97-2,Merifoods 中 draik 鸡蛋的频率
sentence2phrase.test-cqa-98-1,是否有一个网站的功能类似于 Blogger，但它不是博客而是网站？
sentence2phrase.test-cqa-98-2,聊天轮盘赌的乐趣
sentence2phrase.test-cqa-99-1,在线安全存储图片的最佳位置是什么？
sentence2phrase.test-cqa-99-2,专业摄影
sentence2phrase.test-cqa-100-1,如何摆脱“快速浏览器搜索”栏？
sentence2phrase.test-cqa-100-2,自定义我的浏览器
sentence2phrase.test-cqa-101-1,移动网络对无线宽带连接有影响吗？
sentence2phrase.test-cqa-101-2,wifi 和我的移动网络之间的交互
sentence2phrase.test-cqa-102-1,有没有办法在 eBay 上免费送货？
sentence2phrase.test-cqa-102-2,易趣免费送货
sentence2phrase.test-cqa-103-1,我的邻居告诉我去这个网站，但当我这样做时，它说找不到页面？
sentence2phrase.test-cqa-103-2,我邻居对互联网的建议
sentence2phrase.test-cqa-104-1,paypal 在 eBay 上如何运作（以前从未使用过）？
sentence2phrase.test-cqa-104-2,paypal 和 eBay 之间的连接
sentence2phrase.test-cqa-105-1,我经常使用 Firefox 网络浏览器，有时该浏览器变得非常慢，我可以做什么来解决它？
sentence2phrase.test-cqa-105-2,当 Firefox 变慢时提高其速度
sentence2phrase.test-cqa-106-1,我可以做些什么来改进和推广我的博客？
sentence2phrase.test-cqa-106-2,添加图像和视频或只是更好的内容
sentence2phrase.test-cqa-107-1,对于一个好的 VPN 程序，我有哪些选择？
sentence2phrase.test-cqa-107-2,健康保险计划下的福利
sentence2phrase.test-cqa-108-1,哪个免费在线翻译器翻译得更好：英语到西班牙语、德语、葡萄牙语、法语、中文和意大利语？
sentence2phrase.test-cqa-108-2,最好的浪漫语言和中文在线翻译器
sentence2phrase.test-cqa-109-1,互联网公司可以看到我访问过哪些网站吗？
sentence2phrase.test-cqa-109-2,互联网提供商了解我的行为
sentence2phrase.test-cqa-110-1,我有 Internet Explorer 和 Firefox，是否可以在每个浏览器上都有一个主页？
sentence2phrase.test-cqa-110-2,多个浏览器主页
sentence2phrase.test-cqa-111-1,未经我同意，专家交易所如何拿走这笔金额？
sentence2phrase.test-cqa-111-2,未经同意而采取
sentence2phrase.test-cqa-112-1,我可以在年鉴中使用真相盒/诚实盒吗？
sentence2phrase.test-cqa-112-2,我的年鉴真相/诚实盒
sentence2phrase.test-cqa-113-1,Craigslist 网站在我的网络浏览器中根本无法运行！？
sentence2phrase.test-cqa-113-2,网络浏览器问题
sentence2phrase.test-cqa-114-1,一个特定网站无法在我的笔记本电脑中加载（并且仅在我的笔记本电脑中）？
sentence2phrase.test-cqa-114-2,笔记本电脑的问题
sentence2phrase.test-cqa-115-1,允许人们上传 2 小时长视频的最佳网站是什么？
sentence2phrase.test-cqa-115-2,我的互联网网络
sentence2phrase.test-cqa-116-1,为什么这么多人继续写博客，尽管没有人评论/关心/阅读他们的博客？
sentence2phrase.test-cqa-116-2,从我的手机向某人的手机发送 AIM 消息
sentence2phrase.test-cqa-117-1,为什么女孩在聊天轮盘赌中总是立即下一个女孩？
sentence2phrase.test-cqa-117-2,跳过在聊天轮盘上与其他女孩聊天的女孩
sentence2phrase.test-cqa-118-1,当我在 ABC iview 上观看时，是否可以录制或下载某些内容？
sentence2phrase.test-cqa-118-2,突发新闻报道
sentence2phrase.test-cqa-119-1,Firefox 有哪些好的（不知道叫什么）父锁？
sentence2phrase.test-cqa-119-2,哪里可以找到锁匠
sentence2phrase.test-cqa-120-1,有没有像聊天轮盘这样的网站，您不需要一个需要密码的帐户？
sentence2phrase.test-cqa-120-2,类似于聊天轮盘的网站
sentence2phrase.test-cqa-121-1,有没有办法在线观看第82届奥斯卡颁奖典礼？
sentence2phrase.test-cqa-121-2,互联网服务提供商
sentence2phrase.test-cqa-122-1,如何将互联网上的照片发送到您的 iPhone？
sentence2phrase.test-cqa-122-2,电脑到手机的照片共享
sentence2phrase.test-cqa-123-1,为什么 Paypal 每次付款都会额外扣除 4 美元？
sentence2phrase.test-cqa-123-2,电子剪主页
sentence2phrase.test-cqa-124-1,如果人们没有购买某件商品，是否可以将其从愿望清单中添加为已购买的商品？
sentence2phrase.test-cqa-124-2,亚马逊愿望清单
sentence2phrase.test-cqa-125-1,如果我的计算机继续以临时用户身份登录并且注销时不会保存任何内容，我该如何解决此问题？
sentence2phrase.test-cqa-125-2,Windows 上的临时用户帐户
sentence2phrase.test-cqa-126-1,哪里可以手动下载 Norton 360 的病毒定义更新？
sentence2phrase.test-cqa-126-2,诺顿防病毒软件更新下载
sentence2phrase.test-cqa-127-1,我不明白快乐水族箱里的鱼缸是怎么清理的？
sentence2phrase.test-cqa-127-2,大白鲨
sentence2phrase.test-cqa-128-1,电子邮件底部的简介...例如以下内容...意味着什么？
sentence2phrase.test-cqa-128-2,我的电子邮件中重复的文字
sentence2phrase.test-cqa-129-1,有人可以给我举个例子，说明我必须如何在lockerz网站上填写地址和地址2吗？
sentence2phrase.test-cqa-129-2,价值 35 美元的亚马逊礼品卡
sentence2phrase.test-cqa-130-1,在 eBay 上进行狙击之前我应该​​等待多少秒？
sentence2phrase.test-cqa-130-2,eBay 拍卖计时器
sentence2phrase.test-cqa-131-1,如何阻止不在 AIM 好友列表中的用户？
sentence2phrase.test-cqa-131-2,家庭互联网连接
sentence2phrase.test-cqa-132-1,在 Windows Media Center 上观看电视等内容是否需要付费？
sentence2phrase.test-cqa-132-2,碱性三重奏同名专辑
sentence2phrase.test-cqa-133-1,你真的从Lockerz那里得到过任何东西吗？
sentence2phrase.test-cqa-133-2,Lockerz 实际兑现了他们的奖品
sentence2phrase.test-cqa-134-1,RapidShare 高级用户每天可以下载多少内容？
sentence2phrase.test-cqa-134-2,为我的孩子提供最好的免费电子邮件服务
sentence2phrase.test-cqa-135-1,为什么我总是需要刷新网页才能更新页面？
sentence2phrase.test-cqa-135-2,更新网页
sentence2phrase.test-cqa-136-1,有没有办法知道今天有多少人在谷歌上搜索我的名字？
sentence2phrase.test-cqa-136-2,谷歌搜索我的名字
sentence2phrase.test-cqa-137-1,我在哪里可以获得更多社交网站帐户？
sentence2phrase.test-cqa-137-2,更多社交网络帐户
sentence2phrase.test-cqa-138-1,我需要什么才能建立并运行网站？
sentence2phrase.test-cqa-138-2,网站建设要求
sentence2phrase.test-cqa-139-1,有人知道 cleanmypc.com 值得使用还是垃圾？
sentence2phrase.test-cqa-139-2,cleanmypc.com 的优势
sentence2phrase.test-cqa-140-1,Sun 无线宽带在我们地区信号良好吗？
sentence2phrase.test-cqa-140-2,您的贝宝帐户
sentence2phrase.test-cqa-141-1,什么是一个可以用来定位某人并提供准确信息的好网站？
sentence2phrase.test-cqa-141-2,具有在线 GPS 定位功能的网站
sentence2phrase.test-cqa-142-1,我如何从他的电子邮件地址找到他的博客？
sentence2phrase.test-cqa-142-2,使用我的电子邮件注册博客
sentence2phrase.test-cqa-143-1,哪些照片共享网站即使是免费会员也没有横幅或弹出广告？
sentence2phrase.test-cqa-143-2,免费照片共享网站，没有广告或弹出窗口
sentence2phrase.test-cqa-144-1,eBay 卖家取消有缺陷商品的交易，我该怎么办？
sentence2phrase.test-cqa-144-2,由于商品损坏而取消 eBay 交易
sentence2phrase.test-cqa-145-1,在 Ebay 上以 160 美元的价格出售黑莓手机的人值得信任吗？
sentence2phrase.test-cqa-145-2,eBay 上 160 美元的黑莓手机的真实性
sentence2phrase.test-cqa-146-1,为什么我的 CPU 使用率 98% 是在开放的互联网浏览器 (firefox) 上？
sentence2phrase.test-cqa-146-2,在 PC 与 PC 之间拨打电话
sentence2phrase.test-cqa-147-1,什么程序是一个快速免费的视频编辑器，可以将长视频剪切成适合 YouTube 的大小（9 分钟）？
sentence2phrase.test-cqa-147-2,好莱坞电影导演
sentence2phrase.test-cqa-148-1,我可以对我的互联网做些什么，以便美国网站不知道我在美国境外，以便我可以观看他们的节目？
sentence2phrase.test-cqa-148-2,观看来自不同国家的网络直播节目
sentence2phrase.test-cqa-149-1,以色列经常断网吗？ （即：一两天没有互联网）？
sentence2phrase.test-cqa-149-2,以色列的电信
sentence2phrase.test-cqa-150-1,您在 Limewire 上的活动是否会显示在您的互联网历史记录中？
sentence2phrase.test-cqa-150-2,Limewire 中的音乐盗版证据
sentence2phrase.test-cqa-151-1,如何将 CNN Money RSS 添加到 Internet Explorer 8？
sentence2phrase.test-cqa-151-2,IE 8 上的 RSS 提要
sentence2phrase.test-cqa-152-1,如何让 Chrome 浏览器在关闭窗口时保持我登录网站的状态？
sentence2phrase.test-cqa-152-2,跟踪信息
sentence2phrase.test-cqa-153-1,在哪里可以下载《阿凡达》电影的额外功能？
sentence2phrase.test-cqa-153-2,下载阿凡达的奖励功能
sentence2phrase.test-cqa-154-1,有没有可以匿名提问的网站？
sentence2phrase.test-cqa-154-2,秘密提问
sentence2phrase.test-cqa-155-1,我的互联网服务提供商可以跟踪我访问过的所有网站吗？
sentence2phrase.test-cqa-155-2,超过 30MB 的视频文件
sentence2phrase.test-cqa-156-1,人们通常在 eBay 上代理出价多少钱？
sentence2phrase.test-cqa-156-2,人们通常使用的 eBay 代理出价数量
sentence2phrase.test-cqa-157-1,在哪里可以找到仲夏夜之梦中莱桑德熟睡或熟睡的照片？
sentence2phrase.test-cqa-157-2,莎士比亚作品集
sentence2phrase.test-cqa-158-1,如何将我的书签和历史记录从 Chrome 导入到 Firefox？
sentence2phrase.test-cqa-158-2,自定义我的互联网浏览器
sentence2phrase.test-cqa-159-1,那么如何才能让我的博客获得更多点击量呢？
sentence2phrase.test-cqa-159-2,博客受欢迎程度
sentence2phrase.test-cqa-160-1,如何删除 Firefox 中最近的所有书签？
sentence2phrase.test-cqa-160-2,将我的互联网历史记录设为私有
sentence2phrase.test-cqa-161-1,我在哪里可以找到免费论坛，或者如何创建一个可以发布/托管多幅 18+ 艺术作品的博客？
sentence2phrase.test-cqa-161-2,18岁以上艺术论坛
sentence2phrase.test-idiomatic-162-1,从所有可用的统计数据中，这位政治家只挑选了那些支持他的想法的数据。
sentence2phrase.test-idiomatic-162-2,只是一场遗憾的一夜情
sentence2phrase.test-idiomatic-163-1,我喜欢我工作中的同事，但每周 60 小时的工作时间让我很不爽。
sentence2phrase.test-idiomatic-163-2,每周 60 小时的工作时间毫无吸引力
sentence2phrase.test-idiomatic-164-1,琼斯在今天的演讲中为史密斯代打。
sentence2phrase.test-idiomatic-164-2,直到他像风筝一样高
sentence2phrase.test-idiomatic-165-1,我们的妹妹私奔的那天，她就死于我们的母亲之手。
sentence2phrase.test-idiomatic-165-2,与老板挑刺
sentence2phrase.test-idiomatic-166-1,首先，“少吃”某种特定食物的鲜明信息已经深入人心。
sentence2phrase.test-idiomatic-166-2,最强，一磅一磅
sentence2phrase.test-idiomatic-167-1,如果您从未练习过求职面试，那么您在第一次面试时可能会遇到一些张口结舌的时刻。
sentence2phrase.test-idiomatic-167-2,第一次工作面试
sentence2phrase.test-idiomatic-168-1,向大家发送有关明天检查的提醒。
sentence2phrase.test-idiomatic-168-2,检查前通知
sentence2phrase.test-idiomatic-169-1,我想了解公司的日常运作情况。
sentence2phrase.test-idiomatic-169-2,对公司的办公文化表现出兴趣
sentence2phrase.test-idiomatic-170-1,每年，邻居们都会尝试用节日彩灯互相模仿。
sentence2phrase.test-idiomatic-170-2,对威胁进行虚张声势
sentence2phrase.test-idiomatic-171-1,他们为非专业人士教授淡化的微积分课程。
sentence2phrase.test-idiomatic-171-2,学习英语作为第二语言
sentence2phrase.test-idiomatic-172-1,一个人必须处理日常琐事。
sentence2phrase.test-idiomatic-172-2,烦人的家务活
sentence2phrase.test-idiomatic-173-1,我可以为明天的会议及时进行快速而简单的市场分析。
sentence2phrase.test-idiomatic-173-2,办公室工作
sentence2phrase.test-idiomatic-174-1,克林顿和多尔给辩论带来了不同的需求。对于多尔来说，这是要么做，要么死。他必须严厉打击克林顿，但又不能显得严厉，这对他来说是一整年的难题。
sentence2phrase.test-idiomatic-174-2,政治辩论
sentence2phrase.test-idiomatic-175-1,他们连续看了两部电影。
sentence2phrase.test-idiomatic-175-2,连续两部电影
sentence2phrase.test-idiomatic-176-1,我将快速制作一份一次性样品作为样品，以便我们可以品尝食谱。
sentence2phrase.test-idiomatic-176-2,样品品尝食谱
sentence2phrase.test-idiomatic-177-1,他脚踏实地的态度转化为简单而有效的策略。
sentence2phrase.test-idiomatic-177-2,聪明、友善的家伙
sentence2phrase.test-idiomatic-178-1,我们应该将“make up”归类为习语还是短语动词？
sentence2phrase.test-idiomatic-178-2,对跳伞犹豫不决
sentence2phrase.test-idiomatic-179-1,旁观者被好战的帮派成员不分青红皂白地枪杀。
sentence2phrase.test-idiomatic-179-2,帮派成员枪杀他们看到的任何人
sentence2phrase.test-idiomatic-180-1,五家向房地产投资者提供快速致富计划的公司已被关闭。
sentence2phrase.test-idiomatic-180-2,在医院呆一段时间
sentence2phrase.test-idiomatic-181-1,评论家称这位流行歌星的新专辑非常下流。
sentence2phrase.test-idiomatic-181-2,通常的嫌疑人
sentence2phrase.test-idiomatic-182-1,露丝和格里格连续打出全垒打。
sentence2phrase.test-idiomatic-182-2,本垒打击球手
sentence2phrase.test-idiomatic-183-1,她突然离开婚礼仪式是一个很好的问候。
sentence2phrase.test-idiomatic-183-2,根据某人突然离开婚礼来了解某人是谁
sentence2phrase.test-idiomatic-184-1,人们来到这里是为了逃避日常生活。
sentence2phrase.test-idiomatic-184-2,一个愉快的假期
sentence2phrase.test-idiomatic-185-1,他是一个不折不扣的白痴。
sentence2phrase.test-idiomatic-185-2,愚蠢而烦人的习惯
sentence2phrase.test-idiomatic-186-1,小区里什么也没有，只是一排又一排千篇一律的房子。
sentence2phrase.test-idiomatic-186-2,到处都是同样的房子风格
sentence2phrase.test-idiomatic-187-1,当你在他附近工作时要小心；他对那把电锯很满意。
sentence2phrase.test-idiomatic-187-2,危险的工作场所事故
sentence2phrase.test-idiomatic-188-1,事实上，漂亮女孩戴牙套对我来说并不是一个令人厌烦的事情。
sentence2phrase.test-idiomatic-188-2,一个戴着牙套的漂亮女孩
sentence2phrase.test-idiomatic-189-1,我认为试图阻止他们是没有希望的，因为他们一心要高人一等。
sentence2phrase.test-idiomatic-189-2,不断地试图打败我
sentence2phrase.test-idiomatic-190-1,说他因为扭伤手腕而无法在请愿书上签名，这只是一种逃避。
sentence2phrase.test-idiomatic-190-2,由于手腕扭伤而没有签署请愿书的糟糕借口
sentence2phrase.test-idiomatic-191-1,这个一眨眼就错过的小镇位于两条主要高速公路之间。
sentence2phrase.test-idiomatic-191-2,如何保守秘密
sentence2phrase.test-idiomatic-192-1,他非常喜欢开枪，当我在大厅里从他身边擦身而过时，他就转身打了我。
sentence2phrase.test-idiomatic-192-2,受到学​​校恶霸的虐待
sentence2phrase.test-idiomatic-193-1,汽车抛锚了，但我们设法快速而肮脏地完成任务，并在十五分钟内回到路上。
sentence2phrase.test-idiomatic-193-2,对破损的汽车进行简单的修复后再次驾驶
sentence2phrase.test-idiomatic-194-1,这台冰箱很普通，但运转良好。
sentence2phrase.test-idiomatic-194-2,使用冷藏保存食物
sentence2phrase.test-idiomatic-195-1,我今天感觉有点色差。
sentence2phrase.test-idiomatic-195-2,直觉觉得她在撒谎
sentence2phrase.test-idiomatic-196-1,我想她会原谅一个意外的失误，所以不用太担心说错话。
sentence2phrase.test-idiomatic-196-2,对演讲者的错误宽容
sentence2phrase.test-idiomatic-197-1,我们可以为您制造专门的零件，但现成的产品可能成本更低。
sentence2phrase.test-idiomatic-197-2,定制产品
sentence2phrase.test-idiomatic-198-1,哀悼者离开葬礼时心情沉重，沉默不语。
sentence2phrase.test-idiomatic-198-2,葬礼
sentence2phrase.test-idiomatic-199-1,通过律师资格考试后，她将成为一名正式的律师。
sentence2phrase.test-idiomatic-199-2,律师和法律理论
sentence2phrase.test-idiomatic-200-1,这家伙对于在股市致富有一些不成熟的想法。
sentence2phrase.test-idiomatic-200-2,在银行开设支票账户
sentence2phrase.test-idiomatic-201-1,在驾驶员教育中，以前教学生驾驶三上树的汽车，但现在汽车都配备了自动变速箱。
sentence2phrase.test-idiomatic-201-2,自自动变速箱以来驾驶课程的变化
sentence2phrase.test-idiomatic-202-1,那首歌很糟糕。
sentence2phrase.test-idiomatic-202-2,一首可怕的歌
sentence2phrase.test-idiomatic-203-1,战士看到敌人的盔甲上有一个裂缝，并相应地瞄准了她的长矛。
sentence2phrase.test-idiomatic-203-2,通过找出商业竞争对手的弱点来击败他们
sentence2phrase.test-idiomatic-204-1,这是一个糟糕的系统，因为如果你想做某事，你必须首先在一个长而无序的列表中找到该功能。
sentence2phrase.test-idiomatic-204-2,用于查找函数的设计糟糕且冗长的系统
sentence2phrase.test-idiomatic-205-1,在布道中，牧师并没有试图粉饰教会的罪恶。
sentence2phrase.test-idiomatic-205-2,那音乐让我发疯
sentence2phrase.test-idiomatic-206-1,在他的最后一个建议被同事嘲笑后，他很高兴提出另一个建议。
sentence2phrase.test-idiomatic-206-2,消极的同伴压力
sentence2phrase.test-idiomatic-207-1,该剧院喜欢表演新晋歌手和喜剧演员。
sentence2phrase.test-idiomatic-207-2,剧院表演者的重大突破
sentence2phrase.test-idiomatic-208-1,快速致富的电子邮件诈骗正在增加。
sentence2phrase.test-idiomatic-208-2,穿着你的新牛仔裤昂首阔步
sentence2phrase.test-idiomatic-209-1,忘记那个两个害羞的家伙吧。给自己找一个真正的律师。
sentence2phrase.test-idiomatic-209-2,不专业的法庭礼仪
sentence2phrase.test-idiomatic-210-1,在 50 名表示愿意参加的人中，只有 3 人没有出席。
sentence2phrase.test-idiomatic-210-2,几乎全员出席
sentence2phrase.test-idiomatic-211-1,我们要感谢一小群勇敢的举报者，我们完全了解这些违规行为。
sentence2phrase.test-idiomatic-211-2,英雄举报人揭露的事实
sentence2phrase.test-idiomatic-212-1,他的文章是互联网上一篇文章的逐字复制。
sentence2phrase.test-idiomatic-212-2,学生使用互联网做作业
sentence2phrase.test-idiomatic-213-1,如果某个新来的约翰尼认为他可以做得更好，她可能会生气。
sentence2phrase.test-idiomatic-213-2,对一个年轻新贵的野心的冒犯
sentence2phrase.test-idiomatic-214-1,他在试镜当天失踪只是一种逃避。
sentence2phrase.test-idiomatic-214-2,消失而不是试镜的借口
sentence2phrase.test-idiomatic-215-1,今天早些时候，由于高速公路上十二辆车连环相撞，交通拥堵了数英里。
sentence2phrase.test-idiomatic-215-2,多车连环相撞导致高速公路交通拥堵
sentence2phrase.test-idiomatic-216-1,我认为千篇一律的解决方案并不适用于所有情况。
sentence2phrase.test-idiomatic-216-2,现成的修复
sentence2phrase.test-idiomatic-217-1,我们在体育场的停留时间只有 30 分钟，所以我将带您短暂参观一下。
sentence2phrase.test-idiomatic-217-2,只看到亮点
sentence2phrase.test-idiomatic-218-1,系统的铅笔颈不会告诉我什么不能做。
sentence2phrase.test-idiomatic-218-2,无视军官的命令
sentence2phrase.test-idiomatic-219-1,我姐姐的眼睛里充满了星尘，当她在电影中取得重大突破时，她会花几个小时懒洋洋地规划自己未来的生活。
sentence2phrase.test-idiomatic-219-2,关于好莱坞成功的不切实际的白日梦
sentence2phrase.test-idiomatic-220-1,看完所有的广告后，节目本身相当令人失望。
sentence2phrase.test-idiomatic-220-2,令人失望的表演
sentence2phrase.test-idiomatic-221-1,当有困难的工作要做时，他总是逃避。
sentence2phrase.test-idiomatic-221-2,当困难出现时就逃避
sentence2phrase.test-idiomatic-222-1,这位著名演员在短片中眨眼就错过的表演鲜为人知。
sentence2phrase.test-idiomatic-222-2,只是冰山一角
sentence2phrase.test-idiomatic-223-1,我们没有多少钱，但至少可以支付一些零钱。
sentence2phrase.test-idiomatic-223-2,先付小额账单
sentence2phrase.test-idiomatic-224-1,儿童不宜挖鼻孔。
sentence2phrase.test-idiomatic-224-2,寒冷气候带来的节奏变化
sentence2phrase.test-slang-225-1,这音乐真的很震撼。
sentence2phrase.test-slang-225-2,全是低音，没有歌词
sentence2phrase.test-slang-226-1,一头猪在地上挖松露。
sentence2phrase.test-slang-226-2,昂贵的松露巧克力
sentence2phrase.test-slang-227-1,让白棋多出三个皇后就会破坏国际象棋。
sentence2phrase.test-slang-227-2,国际象棋规则
sentence2phrase.test-slang-228-1,那个裁判是右油尺。
sentence2phrase.test-slang-228-2,学习国际象棋规则
sentence2phrase.test-slang-229-1,我们什么时候去吃点东西？
sentence2phrase.test-slang-229-2,向全体与会者所作的报告
sentence2phrase.test-slang-230-1,我的记号笔颜料快用完了。
sentence2phrase.test-slang-230-2,他的顾问中有几位促成者
sentence2phrase.test-slang-231-1,美式英语的胡闹。
sentence2phrase.test-slang-231-2,国际之谜
sentence2phrase.test-slang-232-1,那是一辆光滑的自行车：它具有各种功能！
sentence2phrase.test-slang-232-2,具有所有功能的光滑自行车
sentence2phrase.test-slang-233-1,你为什么和那个书呆子一起出去玩？
sentence2phrase.test-slang-233-2,青少年对书呆子的嘲笑
sentence2phrase.test-slang-234-1,泰拉说要摆个姿势，摆出凶猛的样子。
sentence2phrase.test-slang-234-2,泰拉·班克斯，超模
sentence2phrase.test-slang-235-1,她的最新小说非常火爆，但仍然名列榜首。
sentence2phrase.test-slang-235-2,印刷机热气腾腾
sentence2phrase.test-slang-236-1,几年前，他卖掉了自己的公司，现在已经满载而归了。
sentence2phrase.test-slang-236-2,出售他的生意带来的巨额财富
sentence2phrase.test-slang-237-1,我的男朋友真是一个很棒的帕斯！
sentence2phrase.test-slang-237-2,当众亲热
sentence2phrase.test-slang-238-1,车子挡住了他的路，他心里气愤不已，足足过了半个小时，他才平静下来。
sentence2phrase.test-slang-238-2,路怒症
sentence2phrase.test-slang-239-1,视频租赁处没有我想要的电影，但我设法下载了它。
sentence2phrase.test-slang-239-2,在商店找不到电影后通过 torrent 下载电影
sentence2phrase.test-slang-240-1,为什么你有一个小嘴巴的男孩。
sentence2phrase.test-slang-240-2,一致裁决
sentence2phrase.test-slang-241-1,你让我心烦意乱！
sentence2phrase.test-slang-241-2,每天晚上下班后
sentence2phrase.test-slang-242-1,伙计，你打扰了我的嗡嗡声。
sentence2phrase.test-slang-242-2,周末在购物中心后面
sentence2phrase.test-slang-243-1,这辆车可以瞬间转弯。
sentence2phrase.test-slang-243-2,转弯半径
sentence2phrase.test-slang-244-1,水管工必须把下水道里的臭虫全部清除掉。
sentence2phrase.test-slang-244-2,水管工正在清理我肮脏的下水道
sentence2phrase.test-slang-245-1,日语特征可能包括对动漫或武术的痴迷，或者不恰当或不正确地随意使用日语单词。
sentence2phrase.test-slang-245-2,瓦帕尼斯这个词的冒犯
sentence2phrase.test-slang-246-1,我的公寓太贫民窟了，老鼠和蟑螂向市政府投诉了！
sentence2phrase.test-slang-246-2,屋顶漏水，墙壁发霉
sentence2phrase.test-slang-247-1,我有一个篮球琼斯！
sentence2phrase.test-slang-247-2,没有球类运动
sentence2phrase.test-slang-248-1,当他拒绝一场足球比赛以便他们可以购买床单时，他知道自己受到了鞭打。
sentence2phrase.test-slang-248-2,由于受到女友的控制而拒绝社交活动
sentence2phrase.test-slang-249-1,你已经为那场比赛计时了吗？
sentence2phrase.test-slang-249-2,永无休止的大富翁游戏
sentence2phrase.test-slang-250-1,我们给嫌疑人的房子安装了电线。
sentence2phrase.test-slang-250-2,刑事犯罪记录
sentence2phrase.test-slang-251-1,他声音太大了，我叫他把它塞住。
sentence2phrase.test-slang-251-2,让吵闹的人安静下来
sentence2phrase.test-slang-252-1,她很可爱，但她所有的朋友都被抓了。
sentence2phrase.test-slang-252-2,没有吸引力的朋友的存在
sentence2phrase.test-slang-253-1,他的讲话毫无胆量。
sentence2phrase.test-slang-253-2,演讲缺乏热情
sentence2phrase.test-slang-254-1,散文的布局是书面的、专业的、精心制作的。
sentence2phrase.test-slang-254-2,精心设计的散文组织
sentence2phrase.test-slang-255-1,我认为约翰身上有一点糖分。
sentence2phrase.test-slang-255-2,老西一间房学校
sentence2phrase.test-slang-256-1,艾拉在去慢跑之前从冰箱里拿了一瓶水。
sentence2phrase.test-slang-256-2,他退休时的礼物
sentence2phrase.test-slang-257-1,作为一个好孩子，我可以得到一盒糖果吗？
sentence2phrase.test-slang-257-2,留言板
sentence2phrase.test-slang-258-1,我不知道我是否可以相信一个荣耀者，他们对匿名的需求对我来说太粗略了。
sentence2phrase.test-slang-258-2,对匿名性行为感到不舒服
sentence2phrase.test-slang-259-1,风掀起了她的裙子，我在楼下瞥见了她。
sentence2phrase.test-slang-259-2,由于一阵适当的阵风而转瞬即逝的、偷窥的一瞥
sentence2phrase.test-slang-260-1,很难相信她会在周六晚上没有约会。
sentence2phrase.test-slang-260-2,胡闹
sentence2phrase.test-slang-261-1,昨晚我们把车堵住了！
sentence2phrase.test-slang-261-2,轮胎橡胶烧焦
sentence2phrase.test-slang-262-1,嘿伙计，当你想被接的时候就来恶作剧吧。
sentence2phrase.test-slang-262-2,举重
sentence2phrase.test-slang-263-1,如果你想尝试带我去彼得曼账户，那就继续做梦吧。
sentence2phrase.test-slang-263-2,破坏我的帐户活动
sentence2phrase.test-slang-264-1,他是个矮子，只是一个小家伙，但他把如此多的态度融入到这个小包裹中，以至于没有人会对此做任何事情。
sentence2phrase.test-slang-264-2,小包装中的大东西
sentence2phrase.test-slang-265-1,这是一个认真的看门人。
sentence2phrase.test-slang-265-2,一个大保镖
sentence2phrase.test-slang-266-1,我们错过了获得良性企业赞助的机会。
sentence2phrase.test-slang-266-2,毁掉的机会
sentence2phrase.test-slang-267-1,他在一家夜总会被灌醉，不得不接受面部手术。
sentence2phrase.test-slang-267-2,用瓶子砸脸
sentence2phrase.test-slang-268-1,他从甲板上抽到了九。
sentence2phrase.test-slang-268-2,从牌堆中抽牌
sentence2phrase.test-slang-269-1,我总是煮我的碎片，以防他们试图抓住一块然后把它扔回去。
sentence2phrase.test-slang-269-2,定时投掷手榴弹以避免报复
sentence2phrase.test-slang-270-1,那个敲诈我的家伙是个正确的投手。
sentence2phrase.test-slang-270-2,可疑的二手车推销员
sentence2phrase.test-slang-271-1,我了解核物理。
sentence2phrase.test-slang-271-2,缺乏核物理知识
sentence2phrase.test-slang-272-1,昨晚他完全被凯利化了。
sentence2phrase.test-slang-272-2,昨晚喝醉了
sentence2phrase.test-slang-273-1,他从关节里拿出了一个巨大的鲍嘉，最后把它传递了出去。
sentence2phrase.test-slang-273-2,伦敦小偷和流浪汉的密码
sentence2phrase.test-slang-274-1,我需要一对新的恩怨。
sentence2phrase.test-slang-274-2,及膝靴
sentence2phrase.test-slang-275-1,电视重播常常是蹩脚的。
sentence2phrase.test-slang-275-2,无聊的电视重播
sentence2phrase.test-slang-276-1,别再说鞋匠了。
sentence2phrase.test-slang-276-2,胡言乱语
sentence2phrase.test-slang-277-1,我们可以听到那对夫妇在楼上敲门的声音。
sentence2phrase.test-slang-277-2,那边那只鸟
sentence2phrase.test-slang-278-1,我不敢相信他喝了三瓶啤酒。
sentence2phrase.test-slang-278-2,难以置信地喝下三杯啤酒
sentence2phrase.test-slang-279-1,我可能看起来很糟糕，但你看起来很糟糕。
sentence2phrase.test-slang-279-2,被暴徒的金钱所润滑
sentence2phrase.test-slang-280-1,伙计，在查德的聚会上我完全被大麻迷住了。
sentence2phrase.test-slang-280-2,聚会上抽烟太多，肚子饿了
sentence2phrase.test-slang-281-1,粗略的修复工作看起来并不可行。
sentence2phrase.test-slang-281-2,温室维修工作
sentence2phrase.test-slang-282-1,她读得很好。
sentence2phrase.test-slang-282-2,速读
sentence2phrase.test-slang-283-1,当他喝太多的时候，他就变成了一个口香糖。
sentence2phrase.test-slang-283-2,因饮酒而愚蠢
sentence2phrase.test-slang-284-1,嘿，如果你们有零食的话，橱柜里有很多糖果。
sentence2phrase.test-slang-284-2,我家有大量糖果
sentence2phrase.test-slang-285-1,那首歌是我的歌的一部分！
sentence2phrase.test-slang-285-2,音乐采样
sentence2phrase.test-slang-286-1,我有零食了
sentence2phrase.test-slang-286-2,一碗麦片
sentence2phrase.test-slang-287-1,我不想买任何闪光刷，所以请走开！
sentence2phrase.test-slang-287-2,头发刷或画布刷
sentence2phrase.test-slang-288-1,一些白皮狗咬坏了我的自行车。
sentence2phrase.test-slang-288-2,遗弃者偷了我的自行车
sentence2phrase.test-slang-289-1,当人们在餐馆里抽烟时，我真的很恼火。
sentence2phrase.test-slang-289-2,在公共场所吸二手烟的违法行为
sentence2phrase.test-slang-290-1,如果他继续做这样的事情，他最终肯定会落得下场。
sentence2phrase.test-slang-290-2,因从事非法活动而被捕
sentence2phrase.test-slang-291-1,这条领带有点不雅，你不觉得吗？
sentence2phrase.test-slang-291-2,丑陋的领带
sentence2phrase.test-slang-292-1,老板因为我迟到而训斥了我。
sentence2phrase.test-slang-292-2,您可以在其中拉皮条您的博客的网站
sentence2phrase.test-slang-293-1,你买到演唱会的票了吗？
sentence2phrase.test-slang-293-2,演唱会门票售罄
sentence2phrase.test-slang-294-1,我厌倦了他的恶搞和人身攻击，所以我狠狠地打了他一顿。
sentence2phrase.test-slang-294-2,听到不断的言语攻击后进行反击
sentence2phrase.test-slang-295-1,就像我说的，这是一个相当菜鸟的问题，但如果有人能指出我解决这个问题的方法，我将不胜感激。
sentence2phrase.test-slang-295-2,门口或公园长椅
sentence2phrase.test-slang-296-1,我对她无能为力。
sentence2phrase.test-slang-296-2,恋爱中无望的浪漫主义者
sentence2phrase.test-slang-297-1,您可以使用某些漏洞来控制游戏的大部分内容。
sentence2phrase.test-slang-297-2,禁止在线游戏中的作弊者
sentence2phrase.test-slang-298-1,这里有很多人。
sentence2phrase.test-slang-298-2,挤满了人
sentence2phrase.test-slang-299-1,我们在灌木丛中呼啸而过。
sentence2phrase.test-slang-299-2,闲逛
sentence2phrase.test-travel-300-1,他在斯法基亚发动叛乱，但从未获得支持。
sentence2phrase.test-travel-300-2,斯法基亚的一场不受支持的叛乱
sentence2phrase.test-travel-301-1,顶帆游艇游轮 (Top Sail Yacht Cruises) 举办小型聚会，从英国殖民海滩码头前往玫瑰岛等地。
sentence2phrase.test-travel-301-2,乘游艇前往玫瑰岛
sentence2phrase.test-travel-302-1,大多数前往太阳海岸的游客不会计划比在海滩上慵懒地消磨时光更精力充沛的白天活动，而是把精力留给夜生活。
sentence2phrase.test-travel-302-2,沿着 22 号公路快速收费公路行驶一小时
sentence2phrase.test-travel-303-1,一条陡峭的之字形道路蜿蜒通向湖边：Bemos 和摩托车骑师随时准备将任何人无需交通工具带到 Kedisan，这是一个湖边村庄，在那里您会发现一些简朴的寄宿家庭。
sentence2phrase.test-travel-303-2,Bemos 载着游客沿着陡峭蜿蜒的道路行驶
sentence2phrase.test-travel-304-1,14 号房间有 21 幅，15 号房间有 9 幅，描绘了神秘的米诺斯人工作和娱乐的场景，以及他们的主要影响——公牛、其他动物和海洋环境。
sentence2phrase.test-travel-304-2,其色彩缤纷的内饰
sentence2phrase.test-travel-305-1,由于几乎没有干燥的土地可供建设，一小群定居者为什么选择这个毫无希望的地方很难理解。
sentence2phrase.test-travel-305-2,一个很难建立城市的地方
sentence2phrase.test-travel-306-1,尽管这里的河床几乎永远干涸，但幸运的是该镇的地下水位很高。
sentence2phrase.test-travel-306-2,地下水位高且持续贫瘠的河床
sentence2phrase.test-travel-307-1,另一个热闹的地方是新华广场，半个城镇的人似乎都在上班前锻炼和玩耍，每天晚上都会回来品尝数十个小吃摊上的烤羊肉串和其他穆斯林美食。
sentence2phrase.test-travel-307-2,穆斯林美食，如烤肉串
sentence2phrase.test-travel-308-1,尽管宗教改革和路德主义对波兰产生了影响，但该国基本上避免了欧洲其他地方肆虐的毁灭性宗教战争。
sentence2phrase.test-travel-308-2,波兰在宗教改革及后来的运动中避免了宗教冲突
sentence2phrase.test-travel-309-1,Boadas (c/ dels Taller  1) 是一家鸡尾酒吧，看起来就像 20 世纪 40 年代哈瓦那的电影场景。
sentence2phrase.test-travel-309-2,具有 40 年代古巴风格的鸡尾酒吧
sentence2phrase.test-travel-310-1,自从军事独裁之后的1975年希腊恢复民主以来，人们似乎更加热爱自己的国家。
sentence2phrase.test-travel-310-2,20世纪70年代希腊民主的恢复
sentence2phrase.test-travel-311-1,从这里可以看到美妙的景色（如果天气允许的话——但大多数时候情况不允许），包括 Roque de los Muchachos 和巨大的 Roque Idafe，据说是岛上第一批关切当地人的神圣祭坛。
sentence2phrase.test-travel-311-2,岛上第一个关切祭坛
sentence2phrase.test-travel-312-1,它整齐地分为五个关键区域。
sentence2phrase.test-travel-312-2,每个区域都有不同的动植物群
sentence2phrase.test-travel-313-1,这座城市拥有世界上一些最迷人、最迷人的考古遗迹，但 21 世纪的游客会发现这座现代城市正在努力不辜负过去。
sentence2phrase.test-travel-313-2,难以辜负一座城市的重要历史地位
sentence2phrase.test-travel-314-1,目前，仅对四个季节的客人或持有介绍信的其他高尔夫俱乐部的会员开放。
sentence2phrase.test-travel-314-2,美丽的第七洞果岭，有着同样致命的沙坑
sentence2phrase.test-travel-315-1,最后，1908 年，卡洛斯国王和他的长子路易斯·菲利佩 (Luís Filipe) 在乘坐敞篷马车穿过里斯本的商业广场（参见第 31 页）时被暗杀。
sentence2phrase.test-travel-315-2,1908年里斯本刺杀事件
sentence2phrase.test-travel-316-1,每个村庄在一年中的某个时间都会举办一次，所以肯定有机会参加。
sentence2phrase.test-travel-316-2,乡村节日
sentence2phrase.test-travel-317-1,坎昆的这一地区拥有最平静的海水，适合游泳和浮潜，就在近海的女人岛的庇护下。
sentence2phrase.test-travel-317-2,附近的珊瑚礁里有色彩缤纷的热带鱼
sentence2phrase.test-travel-318-1,这里也是各种动物的家园，包括大猩猩、黑猩猩、老虎、美洲虎、短吻鳄、海狮、海豚和许多其他生物，这些动物都在精心设计的创意空间中展出。
sentence2phrase.test-travel-318-2,拥有各种有趣的野生动物的动物园
sentence2phrase.test-travel-319-1,该建筑是这位温哥华建筑师最优秀作品的特点，它是水平构想的，只有七层高，但仍然是高耸于其上方的摩天大楼中的主要焦点。
sentence2phrase.test-travel-319-2,即使在温哥华周围的摩天大楼面前，这座七层建筑仍居高临下
sentence2phrase.test-travel-320-1,一流的海滩、可游泳的泻湖、安全的浮潜、动物、骑马、海龟、地下河、玛雅舞蹈——您还需要什么？
sentence2phrase.test-travel-320-2,集市遗址的东侧
sentence2phrase.test-travel-321-1,前往港口和大型海滨广场。
sentence2phrase.test-travel-321-2,比托雷莫利诺斯更少的建筑和狂热
sentence2phrase.test-travel-322-1,内敛的古老外墙隐藏着风景如画的庭院，还有大约六个广场，每个广场都拥有一座摇摇欲坠但仍在运作的古老教堂。
sentence2phrase.test-travel-322-2,整个城市六个广场上的古老教堂
sentence2phrase.test-travel-323-1,所有这些都非常具有挑战性，球道狭窄，果岭高，第二杆盲目，陡峭的岬角上有逆风。
sentence2phrase.test-travel-323-2,占地 12 300 英亩（4 998 公顷）的公园
sentence2phrase.test-travel-324-1,在中华民族文化园（四环路北产路），中国55个少数民族的代表盛装居住在模范村里并进行文化表演。
sentence2phrase.test-travel-324-2,身着传统服装的中国五十五个少数民族大使
sentence2phrase.test-travel-325-1,这里的酒店为您或慷慨的邻居可能捕获的任何鱼提供烹饪设施。
sentence2phrase.test-travel-325-2,深海捕鱼
sentence2phrase.test-travel-326-1,圣何塞广场的东侧有两座重要的建筑。
sentence2phrase.test-travel-326-2,平面图（彩色）
sentence2phrase.test-travel-327-1,1904年英国人建造的三义新教教堂也很活跃。
sentence2phrase.test-travel-327-2,活跃的新教教会
sentence2phrase.test-travel-328-1,建筑物中的任何地方都没有直线——渐变的曲线只是创造了垂直和水平的错觉。
sentence2phrase.test-travel-328-2,通过隐藏的拉杆保持结构稳定性
sentence2phrase.test-travel-329-1,它也是岛上最年轻的堡垒，建于 18 世纪，旨在填补城市东部防御的漏洞。
sentence2phrase.test-travel-329-2,岛屿防御部队
sentence2phrase.test-travel-330-1,1945 年日本投降后，国民党收复了这座饱受摧残的城市。
sentence2phrase.test-travel-330-2,没有海洋生物
sentence2phrase.test-travel-331-1,喂鲨鱼和海龟非常有趣，而且由于洞又圆又小，孩子们可以非常接近这些动作。
sentence2phrase.test-travel-331-2,孩子们在水族馆的观赏区
sentence2phrase.test-travel-332-1,老城区的每个区——哥特区、里贝拉区、兰布拉斯大道——以及扩展区都可以步行游览。
sentence2phrase.test-travel-332-2,老城区步行游览
sentence2phrase.test-travel-333-1,英文手册非常有用，提供了有关地质和地貌、动植物的一般信息、露营的有用提示以及徒步旅行可能性的非常有用的彩色图。
sentence2phrase.test-travel-333-2,绵延数英里深入荒野的远足小径
sentence2phrase.test-travel-334-1,其 18% 的酒精含量可能会悄悄接近您。
sentence2phrase.test-travel-334-2,令人惊讶的36个证明
sentence2phrase.test-travel-335-1,它成立于 1692 年，以胡安·庞塞·德莱昂 (Juan Ponce de León) 的一位亲戚的名字命名，而不是这位著名探险家本人。
sentence2phrase.test-travel-335-2,这座城市建于 1692 年
sentence2phrase.test-travel-336-1,只需寻找巨大的游轮，它们使周围的建筑物相形见绌。
sentence2phrase.test-travel-336-2,大型游轮
sentence2phrase.test-travel-337-1,小型机动火车载着游客前往蒸馏和装瓶厂。
sentence2phrase.test-travel-337-2,参观酿酒厂和装瓶设施
sentence2phrase.test-travel-338-1,他们在北京以北修建了一段长 630 公里（390 英里）的新长城，作为针对北方入侵者的大规模缓冲区和预警系统。
sentence2phrase.test-travel-338-2,13世纪蒙古人的入侵
sentence2phrase.test-travel-339-1,17世纪，以利玛窦为首的耶稣会士对中国宗教产生了深远的影响（北京人中很少有皈依他们的人），而对科学、数学、天文学、艺术、医学以及其他以前从未在中国注入西方思想的知识产生了深远的影响。
sentence2phrase.test-travel-339-2,最南端的高尔夫球场
sentence2phrase.test-travel-340-1,皇家图片画廊 (Pildergalerie) 旨在收藏腓特烈大帝 (Frederick the Great) 收藏的卡拉瓦乔 (Caravaggio) 和鲁本斯 (Rubens) 等大师的大量画作。
sentence2phrase.test-travel-340-2,德国军队洗劫珍贵文物
sentence2phrase.test-travel-341-1,这一事件被称为 El Grito de Lares（拉雷斯的哭泣）。
sentence2phrase.test-travel-341-2,第一次重大叛乱
sentence2phrase.test-travel-342-1,探索内陆地区（尤其是国家公园和省立公园）的最佳方式之一是租用装备舒适的移动房屋或露营车。
sentence2phrase.test-travel-342-2,一百英里内最近的加油站
sentence2phrase.test-travel-343-1,您还可以看到工匠在陶轮上工作，生产皮革制品（例如装饰的马鞍和马笼头）和家具。
sentence2phrase.test-travel-343-2,隔壁的礼品店有售陶罐
sentence2phrase.test-travel-344-1,在双峰 (Twin Peaks) 下车（到达那里的道路从市场街南端附近开始），欣赏城市和海湾的绝佳全景，然后停车，穿上一双舒适的步行鞋，乘坐城市一流的公共交通系统（参见第 120 页）。
sentence2phrase.test-travel-344-2,从双峰欣赏城市和海湾的壮丽全景
sentence2phrase.test-travel-345-1,这条街的尽头矗立着一扇没有玻璃的教堂大窗户。
sentence2phrase.test-travel-345-2,哥特式设计的相似之处
sentence2phrase.test-travel-346-1,沿着马查多多斯桑托斯街 (Rua Machado dos Santos) 坐落着英俊的 Igreja de Nossa Senhora da Conceição 教堂，坐落在一座小山丘和倾斜的台阶上。
sentence2phrase.test-travel-346-2,Igreja de Nossa Senhora da Conceição 教堂
sentence2phrase.test-travel-347-1,许多游客，尤其是那些只有几个小时空闲时间的游客，只会去拿骚的商店——买便宜货可能会让人筋疲力尽。
sentence2phrase.test-travel-347-2,融合匈牙利民间艺术风格
sentence2phrase.test-travel-348-1,英国花园（Altonaer Straße 旁边）由英国捐款资助，由什罗普郡园艺协会规划，是贝尔维尤宫场地的一部分。
sentence2phrase.test-travel-348-2,贝尔维尤宫 (Schloß Bellevue) 内的英国资助花园
sentence2phrase.test-newswire-349-1,国王可能会从最值得的芬兰欧洲议会议员中选出，任期固定！
sentence2phrase.test-newswire-349-2,从欧洲议会议员中选举芬兰国王
sentence2phrase.test-newswire-350-1,我们这些在欧洲怀疑论国家中代表欧洲价值观的人现在得到了有利于欧盟的进一步论据，即更有效地保护隐私，这对现代社会的公民很重要。
sentence2phrase.test-newswire-350-2,城市环境
sentence2phrase.test-newswire-351-1,书面结论的延迟发布（四天后仍未正式发布）很好地说明了在混乱状态下清楚地制定决定的难度。
sentence2phrase.test-newswire-351-2,对投票的一些解释
sentence2phrase.test-newswire-352-1,从法律与内部市场委员会的角度来看，我想指出的是，实际上，我们只能平等对待。
sentence2phrase.test-newswire-352-2,拟议修正案的差异
sentence2phrase.test-newswire-353-1,县消防员斯科蒂·史密瑟中尉被闪电击中。
sentence2phrase.test-newswire-353-2,静电放电
sentence2phrase.test-newswire-354-1,我们发现，当收到投诉时，他们会通过扫描仪将其发送到海外。
sentence2phrase.test-newswire-354-2,离岸呼叫中心
sentence2phrase.test-newswire-355-1,存储、网络和无线产品将在展会上流行。
sentence2phrase.test-newswire-355-2,科技产品展示
sentence2phrase.test-newswire-356-1,该联盟在声明中表示，微软在会议上提出了几种选择。
sentence2phrase.test-newswire-356-2,苹果公司的日益成功
sentence2phrase.test-newswire-357-1,中央情报局周一表示，语音和声音分析人员得出的结论是，萨达姆很可能就是录音带上的说话者。
sentence2phrase.test-newswire-357-2,伊拉克总统萨达姆的录音带
sentence2phrase.test-newswire-358-1,必须强调的是，语言少数群体并没有被互联网带来的全球化所淹没，而是发现它开辟了新的文化和经济视野。
sentence2phrase.test-newswire-358-2,项目批准和付款速度急剧下降
sentence2phrase.test-newswire-359-1,由于该条约即将到期，这并不是很严重，但如果 ECSC 后的法律框架保留延长此类做法的可能性，那就令人担忧了。
sentence2phrase.test-newswire-359-2,两项拟议修正案
sentence2phrase.test-newswire-360-1,尽管修改现行船舶检查指令的提案和瓦茨报告远未达到实际要求，但它们是朝着正确方向迈出的一步，希腊共产党欧洲议会议员因此对该报告投了赞成票。
sentence2phrase.test-newswire-360-2,希腊议会投票
sentence2phrase.test-newswire-361-1,第 4 号修正案和第 18 号修正案中与“K”点相关的部分不可接受。
sentence2phrase.test-newswire-361-2,不可接受的修改
sentence2phrase.test-newswire-362-1,他的计划每年将花费超过 2000 亿美元，格普哈特将通过废除布什的减税政策来支付这笔费用。
sentence2phrase.test-newswire-362-2,年度计划通过税收支付2000亿美元
sentence2phrase.test-newswire-363-1,国家铁路公司 Societe Nationale des Chemins de Fer 估计，法国境内三分之一的高速列车将运行。
sentence2phrase.test-newswire-363-2,法国高速列车三分之一的运营能力
sentence2phrase.test-newswire-364-1,它的主要任务是提供科学建议，因为有关食品安全的讨论也必须是纯粹的。
sentence2phrase.test-newswire-364-2,反对立法机关的毫无根据的论据
sentence2phrase.test-newswire-365-1,但和解协议还推迟了向投资者支付的任何款项，可能会推迟数年，直到针对经纪公司的证券诉讼得到解决。
sentence2phrase.test-newswire-365-2,幼儿和学龄前儿童互动学习书籍专利
sentence2phrase.test-newswire-366-1,成为第四名从来都不是一件有趣的事情，尤其是如果你以前曾经是第一名的话，”威廉姆斯说。
sentence2phrase.test-newswire-366-2,电视同事
sentence2phrase.test-newswire-367-1,ELF 声称对一系列针对商业实体的纵火袭击负责，成员称这些袭击威胁或破坏了环境。
sentence2phrase.test-newswire-367-2,汽车在纵火袭击中被烧毁
sentence2phrase.test-newswire-368-1,因此，人们可能会感到遗憾的是，委员会的提案没有考虑按照美国海岸警卫队的模式建立一个欧洲监视机构的想法。
sentence2phrase.test-newswire-368-2,美国海岸警卫队作为监视计划的典范
sentence2phrase.test-newswire-369-1,（下午6点55分暂停开会，晚上9点恢复开会）。
sentence2phrase.test-newswire-369-2,静坐与恢复
sentence2phrase.test-newswire-370-1,主席先生，在没有其他结果的情况下，尼斯的讨价还价至少已经清楚地表明了欧盟主要参与者的意图。
sentence2phrase.test-newswire-370-2,为他们提供成长的空间
sentence2phrase.test-newswire-371-1,据说这与尊重国家认同相冲突（《欧盟条约》第 6 条第（3）款）。
sentence2phrase.test-newswire-371-2,安全与正义
sentence2phrase.test-newswire-372-1,英国摇滚乐队滚石乐队的一首新歌《Sweet Neo Con》引发了歌词争议，其中对布什政府提出了严厉批评。
sentence2phrase.test-newswire-372-2,努力实现产品本地化
sentence2phrase.test-newswire-373-1,新的金融协议没有任何用处，而且我看到对欧盟政客的不信任正在增长。
sentence2phrase.test-newswire-373-2,一个惊人的决定
sentence2phrase.test-newswire-374-1,科学家报告称，自半个世纪前以来，世界海洋中的大型掠食性鱼类数量减少了 90%，这一可怕的评估立即引起了商业渔民的怀疑。
sentence2phrase.test-newswire-374-2,渔民对鱼类统计科学报告的怀疑
sentence2phrase.test-newswire-375-1,这是我一生中为数不多的几次感觉到我们真正被当作美国人对待的时刻之一。
sentence2phrase.test-newswire-375-2,人们对待美国人的方式
sentence2phrase.test-newswire-376-1,主题：金融交易税 近几个月来，随着法国和欧洲的 ATTAC 委员会（金融交易税和公民援助协会）的兴起，以及法国国民议会和参议院提出的修正案，要求对金融投机征税的呼声越来越高。
sentence2phrase.test-newswire-376-2,欧洲国家对投机性金融交易征税的提案
sentence2phrase.test-newswire-377-1,布什在一份声明中表示，周二耶路撒冷发生自杀式爆炸袭击事件，造成 20 人死亡，他命令美国财政部采取行动。
sentence2phrase.test-newswire-377-2,多元文化区最近发生的袭击事件
sentence2phrase.test-newswire-378-1,周四早些时候，佩克在洛杉矶的家中平静地去世，与他结婚 48 年的妻子维罗妮克 (Veronique) 陪伴在侧。
sentence2phrase.test-newswire-378-2,安详地死在妻子身边
sentence2phrase.test-newswire-379-1,所以我们必须要思考如何解决这个问题。
sentence2phrase.test-newswire-379-2,担心问题
sentence2phrase.test-newswire-380-1,在最近发生的让空军学院难堪的事件中，七名空军学院学员因与两名高中女生喝酒而面临处罚。
sentence2phrase.test-newswire-380-2,早些时候关于学员狂欢的报道
sentence2phrase.test-newswire-381-1,无论将采取何种技术措施，只要与北海港口过度开发相关的交通指数增长在海峡和北大西洋地区不平衡，这种缺乏安全性的主要原因之一就仍然存在。
sentence2phrase.test-newswire-381-2,英吉利海峡和北大西洋地区之间的平衡
sentence2phrase.test-newswire-382-1,Thomson First Call 的预测范围为每股 16 美分至 27 美分。
sentence2phrase.test-newswire-382-2,用户界面和用户界面元素
sentence2phrase.test-newswire-383-1,该委员会正在调查航天飞机计划资金短缺是否危及安全。
sentence2phrase.test-newswire-383-2,资金不足导致航天飞机安全受损
sentence2phrase.test-newswire-384-1,这是一个令人惊叹的发现，并为该物种的恢复带来了新的希望。
sentence2phrase.test-newswire-384-2,学术时尚
sentence2phrase.test-newswire-385-1,专员先生，我可以理解，尽管有十个会员国反对这项义务，但您并不希望改变您的决定。
sentence2phrase.test-newswire-385-2,10个成员国反对专员的立场
sentence2phrase.test-newswire-386-1,没有数据表明维修站的情况存在安全隐患。
sentence2phrase.test-newswire-386-2,在线数据存储
sentence2phrase.test-newswire-387-1,他说，我全心全意、全心全意、全力以赴地热爱天主教会。
sentence2phrase.test-newswire-387-2,合法的在线音乐
sentence2phrase.test-newswire-388-1,奥斯本讲话还表示，政府打算继续进行福利制度改革，要求失业两年以上的人参加工作安置才能获得福利。
sentence2phrase.test-newswire-388-2,失业救济金
sentence2phrase.test-newswire-389-1,将规则转化为共同体法律的现有机制需要改进，以提高法律确定性并克服目前的迟缓现象。
sentence2phrase.test-newswire-389-2,需要改进将规则转化为共同体法律的法律程序，以提高速度和决策确定性
sentence2phrase.test-newswire-390-1,Sauquillo Pérez del Arco 女士代表发展与合作委员会提交的关于欧洲联盟与发展中国家关系的有效性以及委员会改革对这些关系的影响的报告（A5-0337/2000）[2000/2051(INI)]。
sentence2phrase.test-newswire-390-2,欧盟、发展中国家和委员会之间的关系
sentence2phrase.test-newswire-391-1,Legato 股东所持有的每股 Legato 股票将获得 0.9 股 EMC 股票。
sentence2phrase.test-newswire-391-2,Legato 股东的股价
sentence2phrase.test-newswire-392-1,今年 9 月份针对 Sallie Mae 的投诉总数比去年同期减少了 2 起。
sentence2phrase.test-newswire-392-2,对萨莉·梅的投诉减少
sentence2phrase.test-newswire-393-1,我认为这将是又一种说法，即彼此相爱并愿意共同生活的人应该能够在婚姻关系中享受福祉和冲突。
sentence2phrase.test-newswire-393-2,新婚夫妇度蜜月
sentence2phrase.test-newswire-394-1,周日在《自然》杂志上发表的研究中，两组研究人员独立鉴定出了导致疟疾传播给蚊子的蛋白质。
sentence2phrase.test-newswire-394-2,第一项研究显示疟疾传播给蚊子的蛋白质，发表在《自然》杂志上
sentence2phrase.test-newswire-395-1,米尔斯昨天承认，“我们在这次考试中犯了一些错误，我们需要找出并纠正这些错误。”
sentence2phrase.test-newswire-395-2,在 Longhorn 中构建智能、互联、富媒体的应用程序
sentence2phrase.test-newswire-396-1,欧盟内部缺乏共同标准，导致机场之间存在明显的不公平竞争以及不同成员国公民之间缺乏平等的情况。
sentence2phrase.test-newswire-396-2,欧盟成员国之间缺乏共同标准
sentence2phrase.test-newswire-397-1,该新设备将在连接夏威夷与美国大陆、亚洲和南太平洋的 14 条航线上提供服务。
sentence2phrase.test-newswire-397-2,往返夏威夷的转机航班
sentence2phrase.test-newswire-398-1,我们衷心感谢所有支持 Wee W 以及将受到此公告影响的人。
sentence2phrase.test-newswire-398-2,导致网站关闭的财务原因
sentence2phrase.test-newswire-399-1,布莱尔先生和杰克·斯特劳驳斥了肖特女士关于伊拉克重建的论点。
sentence2phrase.test-newswire-399-2,肖特女士对布莱尔先生和斯特劳先生关于伊拉克重建工作的评论进行了断然拒绝
sentence2phrase.test-newswire-400-1,我可以向您保证，如果船东考虑在这些登记册上注册船舶，他应该在我们的建议之后三思而后行。
sentence2phrase.test-newswire-400-2,向船东提供
sentence2phrase.test-newswire-401-1,审计院院长先生，我对您宣布准备编写一份特别报告、对此进行特别审计表示热烈欢迎。
sentence2phrase.test-newswire-401-2,IRS 审计和逃税
sentence2phrase.test-newswire-402-1,如果安理会采取灵活立场，我们可以在二读时达成协议以结束预算。
sentence2phrase.test-newswire-402-2,预算协议需要灵活性
sentence2phrase.test-newswire-403-1,欧洲议会和理事会关于与跨欧洲网络有关的一系列行动的提案，该网络用于收集、制作和传播共同体内部以及共同体与非成员国之间的货物贸易统计数据（Edicom）[COM(2000) 458 - C50401/2000 - 2000/0201(COD)]（经济和货币事务委员会）。
sentence2phrase.test-newswire-403-2,欧洲议会和理事会关于经济统计和拟议行动的决定的提案
sentence2phrase.test-newswire-404-1,这是值得欢迎的，我要最诚挚地感谢你，卡尔森先生，以及审计院成员及其官员，感谢他们在报告中支持委员会的改革。
sentence2phrase.test-newswire-404-2,顽固的政府官员
sentence2phrase.test-newswire-405-1,但预计她将成为即将到来的部长改组的受害者。
sentence2phrase.test-newswire-405-2,部长改组的受害者
sentence2phrase.test-newswire-406-1,近几个月来，法国多个地区都发现了这种疾病。
sentence2phrase.test-newswire-406-2,欧洲疾病入侵法国
sentence2phrase.test-newswire-407-1,疑似叛乱分子还炸毁了哥伦比亚东北部的一条石油管道。
sentence2phrase.test-newswire-407-2,毁灭性的漏油事件
sentence2phrase.test-newswire-408-1,我和其他成员提出的问题与哥伦比亚的局势非常具体相关。
sentence2phrase.test-newswire-408-2,与哥伦比亚局势有关的具体问题
sentence2phrase.test-newswire-409-1,当六名团队成员抬着 eVe 走过大学城的楼梯时，司机和乘客下了车。
sentence2phrase.test-newswire-409-2,城市环境中的交通问题
sentence2phrase.test-newswire-410-1,这名30岁的女性“与外界没有任何联系”。
sentence2phrase.test-newswire-410-2,30岁女隐士
sentence2phrase.test-newswire-411-1,在日记的其他地方，杜鲁门表现出了更为熟悉的一面，色彩缤纷，直言不讳地表达了他对白宫生活的蔑视。
sentence2phrase.test-newswire-411-2,总统历史
sentence2phrase.test-newswire-412-1,该委员会必须制定该计划的细节，但平均每年支付 840 美元的住宅客户每年将节省约 30 美元。
sentence2phrase.test-newswire-412-2,该委员会为居民省钱的计划
sentence2phrase.test-newswire-413-1,这引出了我对我们现在面临的问题的第三句话。
sentence2phrase.test-newswire-413-2,脏钱
sentence2phrase.test-newswire-414-1,我只想感谢报告员的建设性贡献以及他愿意采纳其他委员会的建议。
sentence2phrase.test-newswire-414-2,参议员之间缺乏合作
sentence2phrase.test-newswire-415-1,在后来的一份声明中，他表示他的球队似乎有些不足。
sentence2phrase.test-newswire-415-2,只差一点点就没有达到预期的目标
sentence2phrase.test-newswire-416-1,赛事精彩集锦将于 9 月 28 日至 29 日在澳大利亚 Foxtel Sports 播出。
sentence2phrase.test-newswire-416-2,九月 Foxtel Sports 锦标赛亮点
sentence2phrase.test-newswire-417-1,第 18 号修正案引入了与海员休息时间相关的港口国控制，但现有的 99/95 号指令已完全涵盖了有关海员工作时间的规定的执行。
sentence2phrase.test-newswire-417-2,过度劳累的海员的权利
sentence2phrase.test-newswire-418-1,这个适合家庭游玩的自然漫步区沿着山脊蜿蜒而行，当地人可以享受森林的乐趣，分享一杯比利茶，并了解当地森林的生态和历史。
sentence2phrase.test-newswire-418-2,祖尔拥护行政民主合法性的吸引力
sentence2phrase.test-newswire-419-1,发生的错误数量太多，无法提供此类保证。
sentence2phrase.test-newswire-419-2,政府作出的承诺
sentence2phrase.test-newswire-420-1,七名空军学院学员因涉嫌与两名高中女生饮酒而面临处罚。
sentence2phrase.test-newswire-420-2,与学员见面
sentence2phrase.test-newswire-421-1,加利福尼亚州众议员埃伦·陶舍尔提出的一项修正案，要求成立一个特别委员会来调查伊拉克情报失误，但因程序原因遭到拒绝。
sentence2phrase.test-newswire-421-2,在与警察的冲突中
sentence2phrase.test-newswire-422-1,现在我想问一下，在法国担任轮值主席国的代表在座的时候，这次屠宰牛的费用是由欧盟预算支付还是由你们国家预算支付，以及您认为由欧盟预算支付是否确实合适。
sentence2phrase.test-newswire-422-2,国家动物屠宰预算
sentence2phrase.test-newswire-423-1,委员会认为，对参与该基金的农民进行某种纪律约束是公平的，因为他们会得到一定的收入保障作为回报，而其他不参与该基金的农民则没有这种保障。
sentence2phrase.test-newswire-423-2,对冲农民经济不景气的情况
sentence2phrase.test-newswire-424-1,为了防止这种临时情况变成永久性情况，去年7月13日，欧盟委员会在一封信中提醒有关成员国，它们有义务为共同体商标指定法院。
sentence2phrase.test-newswire-424-2,关于同一主题的问题都在一起
sentence2phrase.test-newswire-425-1,我们希望推动民主化进程，希望在外交政策的传统政治领域之间取得平衡。
sentence2phrase.test-newswire-425-2,将人们聚集在一起并平衡他们的利益
sentence2phrase.test-newswire-426-1,对于此类商店来说，这一新要求并不意味着任何实质性的额外责任。
sentence2phrase.test-newswire-426-2,既不适当也不一致
sentence2phrase.test-newswire-427-1,一旦成员国提供了可比较的信息，委员会将考虑共同体限值和其他措施的问题，以减少受噪音影响的人数，并向理事会和议会报告。
sentence2phrase.test-newswire-427-2,噪音导致人们不开心
sentence2phrase.test-newswire-428-1,他说：“这是第一次以一种简单且经济实惠的方式向所有人提供 BBC 内容宝库。”
sentence2phrase.test-newswire-428-2,CNN 晚间广播
sentence2phrase.test-newswire-429-1,布莱尔表示，有关政府操纵有关伊拉克武器计划的证据的指控没有“一丝一毫的事实”。
sentence2phrase.test-newswire-429-2,布莱尔否认政府参与
sentence2phrase.test-newswire-430-1,大学教育对男孩比女孩更重要。
sentence2phrase.test-newswire-430-2,大学教育的重要性
sentence2phrase.test-newswire-431-1,法庭记录显示，乔安妮·哈珀 (Joanie Harper) 和兄弟于 2001 年 9 月获得婚姻无效，哈珀获得了马克斯 (Marques) 和林德赛 (Lyndsey) 的单独监护权。
sentence2phrase.test-newswire-431-2,孩子的法庭监护协议
sentence2phrase.test-newswire-432-1,1995年，通过了一项保护欧盟经济利益的公约。
sentence2phrase.test-newswire-432-2,欧洲的洗钱活动
sentence2phrase.test-newswire-433-1,该机构无法在录音带上注明具体日期，但声音称他是在 6 月 14 日发表讲话。
sentence2phrase.test-newswire-433-2,录音时间的不确定性
sentence2phrase.test-newswire-434-1,该航空公司可以选择再购买 380 架飞机，由两家制造商平分。
sentence2phrase.test-newswire-434-2,为一家航空公司再购买 380 架飞机，由制造商分配
sentence2phrase.test-newswire-435-1,正如杜塞尔多夫、慕尼黑和德国其他地方的法院专门审理专利法，伦敦也有一个专门法院一样，负责审理和判决有关共同体专利案件的共同体法院也必须非常专业。
sentence2phrase.test-newswire-435-2,德国和伦敦对共同体专利的专门司法要求
sentence2phrase.test-newswire-436-1,如果做出这一声明，委员会将接受该监管范围仅限于第一支柱活动。
sentence2phrase.test-newswire-436-2,关于新闻和言论自由的规定
sentence2phrase.test-newswire-437-1,因此，欧盟内容产业公共补贴背后的目标也必须是实现高水平的教育和文化的多样性。
sentence2phrase.test-newswire-437-2,更好的欧盟教育
sentence2phrase.test-newswire-438-1,所有有关机构都愿意讨论这一问题，从而形成了堪称典范的合作，我热切希望这将使我们能够在一读时达成共识。
sentence2phrase.test-newswire-438-2,可持续发展计划
sentence2phrase.test-newswire-439-1,根据夏洛特温斯顿酒店的历史和成功，我相信除了劳氏赛车场 (Lowe's Motor Speedway) 之外，没有其他地方可以做到这一点。
sentence2phrase.test-newswire-439-2,温斯顿竞赛的长期成功
sentence2phrase.test-newswire-440-1,警方的进一步调查揭示了房子的位置，并在慈善机构进行的敏感谈判的帮助下，三名妇女全部获救。
sentence2phrase.test-newswire-440-2,被慈善机构和警察救出的三名妇女
sentence2phrase.test-newswire-441-1,据欧洲第一广播电台报道，法国四个最大城镇——巴黎、里昂、里尔和马赛——的地铁、公共汽车和当地铁路服务受到严重干扰。
sentence2phrase.test-newswire-441-2,法国四大城市公共交通严重中断
sentence2phrase.test-newswire-442-1,因此，轮值主席对这一点没有给出答复。
sentence2phrase.test-newswire-442-2,总统尚未回复
sentence2phrase.test-newswire-443-1,十六天后，当航天飞机重返大气层时产生的过热空气冲进受损的机翼时，“机组人员不可能生存，”该委员会表示。
sentence2phrase.test-newswire-443-2,飞机在农村紧急迫降
sentence2phrase.test-newswire-444-1,整个活动的气氛都很愉快，大家还提出了一些幽默的问题，例如“你们能为我的烤面包机发布一个 CM 版本吗？”我不确定它是什么型号，但它是白色的，我是在 Savers 买的。”
sentence2phrase.test-newswire-444-2,烤面包机规格笑话
sentence2phrase.test-newswire-445-1,惠勒在一份声明中表示，无论谁成为赛车顶级系列赛的赞助商，纳斯卡都需要一场全明星赛事。
sentence2phrase.test-newswire-445-2,需要举办一场备受瞩目的 NASCAR 赛事
sentence2phrase.test-newswire-446-1,这位六十六岁的作家以一系列以间谍、军事和地缘政治阴谋为主题的小说而闻名，其中许多小说已被改编成电影和电子游戏。
sentence2phrase.test-newswire-446-2,以间谍和军事题材小说而闻名的小说家，这些小说被改编成电影
sentence2phrase.test-newswire-447-1,我很高兴看到报告员在第21号修正案中提到了状况评估计划，我们同意所建议方法的主旨，但需要对措辞进行一些微调，使其更加清晰。
sentence2phrase.test-newswire-447-2,修改第21号修正案中的提述，使其更加明确
sentence2phrase.test-newswire-448-1,《江南Style》获得超过 610 万个赞，被吉尼斯世界纪录认定为有史以来最受欢迎的 YouTube 视频。
sentence2phrase.test-newswire-448-2,经验丰富的竞选者的出色表现
sentence2phrase.test-newswire-449-1,加拿大研究人员下令宰杀了 2000 多头牛，并进行了广泛调查，但未能找到任何其他受感染动物的证据。
sentence2phrase.test-newswire-449-2,医学伦理学学者
sentence2phrase.test-newswire-450-1,联合国，8 月 26 日 根据今天发布的一份新的机密报告，国际检查人员在伊朗一处设施中发现了高浓缩铀的痕迹。
sentence2phrase.test-newswire-450-2,TSA 官员在机场
sentence2phrase.test-newswire-451-1,拉姆斯菲尔德正在等待指挥官关于伊拉克部队需求的建议。
sentence2phrase.test-newswire-451-2,有效的部队
sentence2phrase.test-newswire-452-1,这确实是一项非同寻常的倡议，尤其是一读时，而且注定不会成功，因为在目前情况下，它不可能获得多数票赞成。
sentence2phrase.test-newswire-452-2,由于缺乏政治支持，政府项目没有希望
sentence2phrase.test-newswire-453-1,我们对第 17、18、27、30 和 31 号修正案也持保留意见，因为不相信它们与 WTO 兼容。
sentence2phrase.test-newswire-453-2,莱茵河以北
sentence2phrase.test-newswire-454-1,固定资产数额设定得太低了 2.4 亿欧元。
sentence2phrase.test-newswire-454-2,管理资产负债表
sentence2phrase.test-newswire-455-1,在美国，残奥会运动员需要具备哪些条件才能获得与奥运会运动员类似的赞助？
sentence2phrase.test-newswire-455-2,残奥会运动员和奥运会运动员的赞助之间的平等
sentence2phrase.test-newswire-456-1,通过分析葡萄牙创始人的骨头和头发和指甲等其他遗骸，研究人员将能够确定他的身材、遗传特征、饮食以及他可能患有的任何疾病。
sentence2phrase.test-newswire-456-2,葡萄牙创始人的遗骸揭示了他的身体和遗传特征
sentence2phrase.test-newswire-457-1,主席先生，在往年的辩论中，我代表文化、青年、教育、媒体和体育委员会发言，今天下午我们在该委员会听取了伊瓦里女士的发言。
sentence2phrase.test-newswire-457-2,代表第三方与总统交谈
sentence2phrase.test-newswire-458-1,由于问题 6、7、8、9、10、11、12 和 13 涉及同一主题，因此将放在一起考虑。
sentence2phrase.test-newswire-458-2,同时做第6-13题
sentence2phrase.test-newswire-459-1,我们需要做的是通过培育和鼓励多语言内容来纠正这种情况，因为这对于欧洲内容行业的成功绝对至关重要。
sentence2phrase.test-newswire-459-2,为了欧洲内容产业的成功，必须培育多语言内容
sentence2phrase.test-newswire-460-1,在这方面，共同决议的主旨过于片面。
sentence2phrase.test-newswire-460-2,农产品生产过剩
sentence2phrase.test-newswire-461-1,作为关心大多数人的欧洲议会议员，在没有得到广泛公众认可的情况下，我怎么能支持英国纳税人的 115 亿英镑资金的支出——这是我们目前的年度捐款？
sentence2phrase.test-newswire-461-2,纳税人的钱得到公众的认可
sentence2phrase.test-newswire-462-1,还有许多其他问题领域需要进行一些务实的评估才能切实可行。
sentence2phrase.test-newswire-462-2,动物营养立法
sentence2phrase.test-newswire-463-1,关于这三项关于海上安全的新提案，我只能向三位报告员表示祝贺，他们在很短的时间内表明了我们议会采取新措施加强海上安全、控制和施工标准的决心，并且不再容忍类似事件再次发生。
sentence2phrase.test-newswire-463-2,促进和改善海上安全的新提案
sentence2phrase.test-newswire-464-1,该公司在一月份宣布将不得不重述 2002 年、2001 年甚至 2000 年的收益。
sentence2phrase.test-newswire-464-2,公司2000、2001、2002年度财务回顾
sentence2phrase.test-newswire-465-1,国际钟表公司（IWC）将于2006年12月13日至12月20日期间举办在线拍卖会。
sentence2phrase.test-newswire-465-2,澳大利亚移民部长斯科特·莫里森
sentence2phrase.test-newswire-466-1,专员发言了 18 分钟，期间她引用了数十个项目，并详细阐述了委员会的立场。
sentence2phrase.test-newswire-466-2,委员会的立场细目
sentence2phrase.test-newswire-467-1,为了成功完成这一欧洲电子内容计划的雄心勃勃的开发，需要简化设想的程序并确保其安全。
sentence2phrase.test-newswire-467-2,大胆的欧洲网站开发
sentence2phrase.test-newswire-468-1,因此，两国政府的任何行动都受到这一国际法的限制。
sentence2phrase.test-newswire-468-2,法律的国际限制
sentence2phrase.test-newswire-469-1,他说，很明显，自由世界、那些热爱自由与和平的人必须严厉对待哈马斯和凶手。
sentence2phrase.test-newswire-469-2,为哈马斯及其盟友打死打伤的人伸张正义
sentence2phrase.test-newswire-470-1,根据昨天未提供的数据，关闭的前四天每天的投诉总数分别为 37 起、16 起、13 起和 3 起。
sentence2phrase.test-newswire-470-2,停工期间每日投诉统计
sentence2phrase.test-newswire-471-1,我现在看到我自己的国家将修改有关个人数据的法律，从而剥夺民选代表对委员会决策的任何影响力。
sentence2phrase.test-newswire-471-2,打击有组织犯罪
sentence2phrase.test-newswire-472-1,六个月前，国际货币基金组织和阿根廷达成了最低限度 68 亿美元的债务展期协议，该协议将于 8 月到期。
sentence2phrase.test-newswire-472-2,会计费用
sentence2phrase.test-newswire-473-1,这是一个重要的部分，因为它与船级社相关。
sentence2phrase.test-newswire-473-2,船级社
sentence2phrase.test-newswire-474-1,多德尔被送往波士顿医疗中心，没有生命危险。
sentence2phrase.test-newswire-474-2,危险但非致命的伤口
sentence2phrase.test-newswire-475-1,增值税资源占36%，传统自有资源占15%。
sentence2phrase.test-newswire-475-2,可变总计
sentence2phrase.test-newswire-476-1,Puretunes 还失去了与流行的 Grokster 文件交换软件公司的分销协议。
sentence2phrase.test-newswire-476-2,软件公司之间的竞争
sentence2phrase.test-newswire-477-1,美国将继续坚定地履行对以色列的承诺。
sentence2phrase.test-newswire-477-2,美国和以色列的坚定承诺
sentence2phrase.test-newswire-478-1,下午早些时候，教职员工和学生都参加了欢送活动。
sentence2phrase.test-newswire-478-2,课堂聚会
sentence2phrase.test-newswire-479-1,家族和现有股东没有心也没有意愿尝试填补安的空缺。
sentence2phrase.test-newswire-479-2,安的空鞋和未满足的鞋子
sentence2phrase.test-newswire-480-1,我投了反对票，以抗议欧盟仍未能对此事进行应有的干预。
sentence2phrase.test-newswire-480-2,欧盟管理不力
sentence2phrase.test-newswire-481-1,在经济多元化复苏方面，我们在一些关键领域取得了进展。
sentence2phrase.test-newswire-481-2,在锁和钥匙下
sentence2phrase.test-newswire-482-1,苏德雷女士，您的报告非常正确地强调了采取长期行动的必要性。
sentence2phrase.test-newswire-482-2,关于数据收集道德的报告
sentence2phrase.test-newswire-483-1,周日，一块 44 亿年前的小岩石在美国威斯康星州仅展出了一天。
sentence2phrase.test-newswire-483-2,开源贡献
sentence2phrase.test-newswire-484-1,与法院确定的关键优先事项密切相关的改革的另一个要素是，在与明确界定和可衡量的预定优先事项和目标相一致的资源分配框架内，更加注重结果和绩效衡量。
sentence2phrase.test-newswire-484-2,来自选民的强烈反对
sentence2phrase.test-newswire-485-1,通过在今年和未来几年处理预算的方式中保留这一战略方针，欧洲议会将在预算过程中充分发挥其作用。
sentence2phrase.test-newswire-485-2,欧盟内部的预算
sentence2phrase.test-newswire-486-1,众议院议长汤姆·克拉迪克的发言人鲍勃·里克特对这一裁决没有发表评论。
sentence2phrase.test-newswire-486-2,政治家的发言人
sentence2phrase.test-newswire-487-1,因此，我们必须支持所有旨在促进中小企业发展的措施。
sentence2phrase.test-newswire-487-2,小企业措施
sentence2phrase.test-newswire-488-1,他还指出，Tenet 已向委员会提供了 19 卷有关战前情报的文件，这些文件已提供给众议院议员。
sentence2phrase.test-newswire-488-2,起立鼓掌
sentence2phrase.test-newswire-489-1,然而，年度报告中描述的现实更加发人深省。
sentence2phrase.test-newswire-489-2,石油期货的前景令人兴奋
sentence2phrase.test-newswire-490-1,1999 年 12 月发生的埃里卡号失事事件将海上安全问题提上了共同体的政治议程，正是在欧洲议会的压力下，欧盟委员会才提出了我们今天投票表决的文本，距事故发生近一年了。
sentence2phrase.test-newswire-490-2,事故和恩里卡号失事一年后，欧盟委员会就改善海上安全问题提出建议
sentence2phrase.test-newswire-491-1,周三，众议院民主党人再次推动对伊拉克武器计划情报的处理进行更深入的调查。
sentence2phrase.test-newswire-491-2,约1 000名示威者
sentence2phrase.test-newswire-492-1,这是一种蔑视最基本人权的全球化形式。
sentence2phrase.test-newswire-492-2,建立欧洲自由区
sentence2phrase.test-newswire-493-1,该大学要求学生“就地避难”，并警告校外的学生远离大学。
sentence2phrase.test-newswire-493-2,官方指示保持安全，不要靠近校园
sentence2phrase.test-newswire-494-1,美国奥委会作为国家残奥委会对于美国残奥运动的发展是阻碍还是帮助？
sentence2phrase.test-newswire-494-2,残奥委会受到美国奥委会领导的影响，从而影响美国残奥运动
sentence2phrase.test-newswire-495-1,出演《拉曼查人》翻拍版的布莱恩·斯托克斯·米切尔、《Amour》中的马尔科姆·盖兹和《Movin Out》中的约翰·塞利亚都属于这一类别。
sentence2phrase.test-newswire-495-2,包括 Brian Stokes Mitchell 和 John Selya 作为竞争者的类别
sentence2phrase.test-newswire-496-1,很少有投诉来自于联邦学生贷款有问题的人。
sentence2phrase.test-newswire-496-2,很少有学生抱怨
sentence2phrase.test-newswire-497-1,开幕式后立即举行的第一场比赛在美国队和澳大利亚队之间进行。
sentence2phrase.test-newswire-497-2,美国队和澳大利亚队的揭幕战
sentence2phrase.test-newswire-498-1,主席先生，今天我们在三份报告的基础上讨论海上安全问题，我谨向报告员表示热烈祝贺。
sentence2phrase.test-newswire-498-2,与总统讨论海上安全
sentence2phrase.test-newswire-499-1,如果安理会代理轮值主席也能纠正自己国家的问题，那将是他的功劳。
sentence2phrase.test-newswire-499-2,政府改进
sentence2phrase.test-newswire-500-1,金斯维尔警察局长萨姆·格拉纳托说，他说他们陷入困境。
sentence2phrase.test-newswire-500-2,警察局长注意到的遇难报告
paragraph2sentence.test-cqa-1-1,我想知道的是，我是否可以订购另一个 Verizon FiOS 调制解调器？我的父母已经在我家里设置了互联网，但我房间的连接速度非常慢，而且速度有点慢。我可以在房间里安装另一个调制解调器吗？或者我每个月都要付钱吗？我的意思是，出于某种原因，我认为这会在他们的账单上增加，但我不确定。我的意思是，如果是的话，我就会适应缓慢的情况！哈哈
paragraph2sentence.test-cqa-1-2,我听说 Verizon 拥有全国最快的速度，其量子互联网重新定义了高速互联网。这是真的吗？
paragraph2sentence.test-cqa-2-1,大家好，我刚刚在blogger上写了一个博客。现在，我的观众不多，我想知道如何做到这一点。根据我迄今为止写的几篇文章，我的博客需要吸引那些喜欢思考任何事情的人。人们有时只是在工作期间坐下来思考这个世界。我想知道如何才能将这些人带到我的博客？有人可以帮忙吗？
paragraph2sentence.test-cqa-2-2,我的博客怎样才能更受欢迎？
paragraph2sentence.test-cqa-3-1,在某个网站上，我的朋友正在使用我的电脑。并在网站上输入密码，然后在询问时单击“永远不要记住此网站上的密码”。但我真的希望我的密码被记住。有办法扭转这种情况吗？
paragraph2sentence.test-cqa-3-2,如果我将网站设置为永远不会记住我的密码，我可以反转此设置以便记住我的密码吗？
paragraph2sentence.test-cqa-4-1,好吧，我对写博客很感兴趣，尽管我迫切需要一个可以写（博客）的主题。我想过处理我的个人生活，并使用代号。并且有我所写的人物的简介。 （几乎就像角色扮演的个人资料和描述。当然没有图片，因为它是匿名的）但是，但我仍然需要写一些东西？！我可以专注于高中戏剧。以及对人的观察……但说实话，我不知道谁会有兴趣阅读它。哈哈。有什么想法吗？
paragraph2sentence.test-cqa-4-2,你怎么知道你的 Twitter 帐户是否被封锁？
paragraph2sentence.test-cqa-5-1,我为客户维护的合法教堂网站的捐款页面已添加到 IE 的网络钓鱼过滤器中。我怎样才能将其删除？谢谢。
paragraph2sentence.test-cqa-5-2,如果没有帐户，如何删除 imageshack 上的图像？
paragraph2sentence.test-cqa-6-1,我并不是想发财什么的。我只是想知道是否有一种实际的、稍微简单的方法可以以相对较低的努力在网上至少赚到一些钱。请不要进行传销诈骗或转介服务或任何此类废话。哦，还有那些需要预先付费然后却对你没有任何帮助的计划。那么有没有一种实际的方法可以至少获得一些钱呢？
paragraph2sentence.test-cqa-6-2,众所周知，在线诈骗非常危险，甚至会导致身份被盗、信用卡欺诈和严重的计算机病毒。
paragraph2sentence.test-cqa-7-1,当我没有帐户时，我在 imageshack 上上传了一些图像，因此无法删除它们。我现在想删除它们，当您拥有帐户时就可以执行此操作。有什么办法可以将我在没有帐户时上传的图片归为我的吗？
paragraph2sentence.test-cqa-7-2,当我没有帐户时，如何从 imagehack 中删除照片？
paragraph2sentence.test-cqa-8-1,不久前，我看到这个 Facebook 广告，标题上写着这样的话：“每个失去的赛季都是免费的”。然后描述说“用你不想要的旧电影换新电影”，当时我不需要这样做，但现在我喜欢这个网站的想法，但在 Facebook 上找不到广告了！有人知道该网站是什么吗？
paragraph2sentence.test-cqa-8-2,我正在尝试找到一个我在 Facebook 广告上看到的电影网站，当时我不需要它，但现在我需要了，有人可以帮助我吗？
paragraph2sentence.test-cqa-9-1,我刚刚创建了一个博客，我希望能够将其变成我自己的。如何执行诸如向页面添加音乐或为博客本身上传新背景之类的操作？请并谢谢。
paragraph2sentence.test-cqa-9-2,任何人都可以使用为初学者和高级博客作者创建的众多网站之一来创建自己的博客。
paragraph2sentence.test-cqa-10-1,如何在推文上标记某人？就像我见过的人一样，他们说@BLAHBLAH 太棒了。我想知道你是怎么做到的？可能是个愚蠢的问题，但我刚刚有了 Twitter。
paragraph2sentence.test-cqa-10-2,我是推特新手，想知道如何像使用 @BLAHBLAH 那样标记某人。
paragraph2sentence.test-cqa-11-1,我购买了 Windows 密码恢复工具软件，但我不再需要它了。我已经给他们发了 4 封电子邮件表示我想要退款，但他们一直说“请告诉我们更多有关您的问题的信息，这样我们就可以为您提供进一步的帮助。”我一直告诉他们我想要退款，但他们一直说同样的话。它在网站上说有 30 天退款保证。除了继续给他们发电子邮件之外，我还能做什么吗？谢谢.......
paragraph2sentence.test-cqa-11-2,我购买了软件并决定想要退款，但当我联系该公司时他们没有回复 - 我该怎么办？
paragraph2sentence.test-cqa-12-1,我刚刚安装了 Firefox 3.5，但无法使用很棒的 Mario 主题。我意识到 3.5 和 3.6 没有太大区别。那么我怎样才能回去呢？
paragraph2sentence.test-cqa-12-2,有时世界似乎一团糟。
paragraph2sentence.test-cqa-13-1,最近，我的无线互联网连接随机断开，然后在几秒钟到一分钟后重新连接。它是一个 2 线路由器，我的笔记本电脑和 PS3 上都可以连接互联网。我已经使用无线互联网几年了，直到最近才出现这个问题。有人知道我能做什么来解决这个问题吗？
paragraph2sentence.test-cqa-13-2,我只将笔记本电脑和 PS3 连接到旧的 2wire 路由器，但最近无线连接不断掉线几秒钟，那么我该如何修复它呢？
paragraph2sentence.test-cqa-14-1,所以我的电脑上发生了这种奇怪的事情。最近，它一直说我登录了 Facebook。我知道我姐姐很早以前就使用过这台电脑登录过她的帐户，但已经很久没有使用过。我注意到 Facebook 不断出现在历史记录中。谁能解释一下吗？
paragraph2sentence.test-cqa-14-2,2004 年，马克·扎克伯格在哈佛大学的宿舍里推出了 Facebook。
paragraph2sentence.test-cqa-15-1,你好，我知道这是一个奇怪的不可能的问题？但是..我想用我的笔记本电脑在家里免费上网，我该怎么做？
paragraph2sentence.test-cqa-15-2,我想要免费上网。
paragraph2sentence.test-cqa-16-1,MyEasyGPT.com 是什么？它如何奖励你？
paragraph2sentence.test-cqa-16-2,MyEasyGPT.com 是什么及其奖励是什么？
paragraph2sentence.test-cqa-17-1,我朋友的 AIM 屏幕名称是他的姓氏，名字末尾有 3 个数字。我不小心把他删了，又吵架了，所以我不想问他。而且我的朋友都没有他的网名。有没有一个搜索引擎可以找到他的网名？
paragraph2sentence.test-cqa-17-2,把我编的这个故事归入同人小说的最佳类别是什么？
paragraph2sentence.test-cqa-18-1,我正在寻找英国的免费血统网站或收养网站......无需注册......请问有人可以帮助我吗？
paragraph2sentence.test-cqa-18-2,有人可以帮我在英国找到免费的血统网站或收养网站吗？
paragraph2sentence.test-cqa-19-1,留言板、电子邮件等。我的意思是我们删除垃圾邮件是因为我们讨厌它们，对吗？这对我们没有好处，也不能让垃圾邮件发送者受益，因为我们不会爱上他们并删除它们。那么重点是什么？为什么垃圾邮件会存在？在我看来，这对双方来说都是浪费时间。
paragraph2sentence.test-cqa-19-2,有一些垃圾邮件过滤技术可以搜索标头或邮件本身的模式，那么为什么我们需要这个呢？
paragraph2sentence.test-cqa-20-1,我需要有一个网站。有免费的网站吗？如果是这样，他们期望得到什么回报，或者通过提供免费网站他们能得到什么？
paragraph2sentence.test-cqa-20-2,我正在寻找一个免费网站，但我想知道免费提供这些网站的地方有什么问题。
paragraph2sentence.test-cqa-21-1,我使用 Firefox，但 Internet Explorer 仍然打开我的 Hotmail 和其他一些程序。我怎样才能只使用 Firefox？
paragraph2sentence.test-cqa-21-2,如何从我的计算机中删除 Internet Explorer？
paragraph2sentence.test-cqa-22-1,我尝试将土耳其语版本的书籍与原版书籍结合起来，但不知道如何结合。有什么想法吗？
paragraph2sentence.test-cqa-22-2,如何合并一本书的两个版本？
paragraph2sentence.test-cqa-23-1,我的 Windows 中真的需要 Internet Explorer 吗？我经常使用 Firefox（更安全）。直接卸载IE浏览器就可以了吗？
paragraph2sentence.test-cqa-23-2,当使用更安全、更好的网络浏览器（例如 Firefox）时，是否可以卸载其他浏览器（例如 Internet Explorer）？
paragraph2sentence.test-cqa-24-1,我正在查看网站的统计数据。如果有区别的话，页面展示次数和实际点击次数之间有什么区别？
paragraph2sentence.test-cqa-24-2,一架模型飞机撞上一个家伙并把他摔得脸朝下的 GIF？
paragraph2sentence.test-cqa-25-1,好的，我刚刚在 eBay 上卖了一件商品。在物品描述中，我明确指出我只能运送到英国，但现在赢得拍卖的人来自葡萄牙，并要求我支付全部付款。拍卖中排名第二的人来自英国，只出价低了 50 便士。那么我该怎么办，我可以告诉中标者他不能拥有它，并向第二个人提供第二次机会吗？
paragraph2sentence.test-cqa-25-2,当我在工作时，如何在手机上查看家里的网络摄像头？
paragraph2sentence.test-cqa-26-1,我丢失了 Twitter 帐户的密码，我真的很想查看我在那里发布的内容。可悲的是，除了我和我的几个朋友之外，没有人跟着我。现在我想找到我的 Twitter 页面，但没有真正的 Twitter 用户搜索。我能做些什么？
paragraph2sentence.test-cqa-26-2,为什么我用卡巴斯基无法删除电脑中的病毒？
paragraph2sentence.test-cqa-27-1,我在使用 chatango 时注意到可以使用笑脸页面上未列出的某些笑脸。到目前为止，我已经看到*汉堡*和*便便* <---（是的，那个很奇怪。）我想知道是否还有？只是好奇。
paragraph2sentence.test-cqa-27-2,chatango 可以使用哪些表情符号？
paragraph2sentence.test-cqa-28-1,有人告诉我有一个网站可以执行上述操作。你有一份想要完成的工作，你访问这个网站，人们会出价去做，然后你可以选择最低的价格。有人知道这个网站吗？谢谢。
paragraph2sentence.test-cqa-28-2,有没有一个网站可以让我提供工作，人们可以回复估价以便选择？
paragraph2sentence.test-cqa-29-1,我的 Internet Explorer 页面下方的状态栏显示“已完成，但有错误”，并且带有黄色标志。我该如何解决这个问题，因为有时我无法单击“后退”按钮并且它有响应，那么我该怎么办？
paragraph2sentence.test-cqa-29-2,如何修复我的互联网页面上显示的“已完成但有错误”状态？
paragraph2sentence.test-cqa-30-1,我的物品还剩几个小时，我有大约 8 个观看者，但还没有人出价。我只是担心他们都会狙击拍卖，然后狙击出价最高的人获胜，而且仍然会以较低的价格成交。我知道这违反政策，但我应该为了发动战争而竞标吗？
paragraph2sentence.test-cqa-30-2,康卡斯特会因为我使用 BitTorrent 客户端而限制我吗？
paragraph2sentence.test-cqa-31-1,我订阅了 Freshome.com 时事通讯，我发现它很有趣。我认为电子邮件通讯比记住每隔一天访问该网站更容易。您有什么有趣且有价值的好时事通讯吗？ （仅供参考：我不觉得假日酒店的时事通讯有趣）
paragraph2sentence.test-cqa-31-2,桌上的时事通讯包含杰米·奥利弗设计的冬季食谱。
paragraph2sentence.test-cqa-32-1,我有一个网站，其中内容中有很多困难的单词。是否可以添加一个功能，让人们将鼠标悬停在单词上/双击它时阅读单词的含义？如果是，怎么办？
paragraph2sentence.test-cqa-32-2,有没有一个网站可以下载 2009/10 最新的韩国电影？
paragraph2sentence.test-cqa-33-1,我有一张 35 美元的礼品卡，但我无法决定用它来做什么。你会得到什么？
paragraph2sentence.test-cqa-33-2,选择使用 35 美元礼品卡购买什么是一个艰难的决定。
paragraph2sentence.test-cqa-34-1,我目前正在使用一台启用了 WiFi 适配器的计算机，但他不知道该适配器是否具有互联网连接。我害怕登录我们家信号强度最好的网络（我知道密码），因为当我在计算机上时，我应该使用他可以通过*他的*计算机启用或禁用互联网。这是否使他能够查看连接上的计算机，包括外国计算机？他正在使用 Windows Vista 家长控制（或 Windows Vista 附带的功能）
paragraph2sentence.test-cqa-34-2,我不确定通过 WiFi 连接使用 Windows Vista 家长控制是否会削弱或加强我的在线隐私和安全。
paragraph2sentence.test-cqa-35-1,我对一个名为“聊天轮盘”的网站非常怀疑，在那里你可以与人视频。我很傻，决定尝试一下。好吧，我和一个变态的老男人配对，他在镜头前自慰！我参加过所有这些互联网安全课程和其他内容，但我真的被这个吓到了。他能从我的脸部照片中找到我并追捕我吗？我很紧张。我知道我不应该去那个网站...
paragraph2sentence.test-cqa-35-2,我很后悔进入可疑网站 Chatroulette，因为与成熟男人自慰的糟糕经历，并且进一步担心被参与者追踪。
paragraph2sentence.test-cqa-36-1,我正在寻找一个可以看到“我的妻子和孩子”的网站。我尝试过 Hulu、Fox 和其他一些。哪里有安全的网站可以观看这个节目？
paragraph2sentence.test-cqa-36-2,在英格兰，电视许可证是该国所有观看电视的公民缴纳的费用。
paragraph2sentence.test-cqa-37-1,我以前使用 Internet Explorer，讨厌它。太慢了，问题太多。我目前使用 Firefox，但它也开始走下坡路。我正在考虑尝试 Google Chrome，但不知道它与其他浏览器相比如何？除了这三个之外，你还有更喜欢的吗？
paragraph2sentence.test-cqa-37-2,我想成为铁器时代的中世纪探险家。
paragraph2sentence.test-cqa-38-1,我的工作电脑上有 IE 6.0，运行良好。但是当我关闭窗口时，它会冻结，我每次都必须强制它关闭？有人可以帮我解决这个问题吗？谢谢。
paragraph2sentence.test-cqa-38-2,Internet Explorer 由 Microsoft 开发，是全球使用最广泛的网络浏览器之一。
paragraph2sentence.test-cqa-39-1,我只是想知道 Lockerz PTZ 何时可以兑换。我想知道何时获得足够的 PTZ 来购买 iTouch，以及如何获得它。我听说有一种东西可以兑换一天的 PTZ。但那会是什么时候呢？告诉我如何查看赎回日是什么时候，以及这个月什么时候发生。谢谢。
paragraph2sentence.test-cqa-39-2,积分计划用于通过奖励忠诚于品牌的客户来培养忠诚的客户。
paragraph2sentence.test-cqa-40-1,有一个名为 There.com 的很酷的小网站，可让您与世界各地的人们互动，为您的头像设计服装和类似的有趣东西（类似于《模拟人生》，但在网站上）。我已经有一段时间没上there.com了，但今天想再试一次，不幸的是，当我访问该网站时，它说“已关闭”。 There.com 会重新开放吗？还是永久关闭？
paragraph2sentence.test-cqa-40-2,头像网站 There.com 似乎已永久关闭。
paragraph2sentence.test-cqa-41-1,嘿，我住在美国，但我沉迷于加纳的 Hiplife 音乐。 :) 我真的很想观看 2010 年 4 月 10 日举行的加纳音乐颁奖典礼，看看我最喜欢的表演者是否赢得了他们所提名的五个奖项（希望是全部）。有什么办法可以观看加纳电视，这样我也可以看到节目吗？？？谢谢。
paragraph2sentence.test-cqa-41-2,在 eBay 上修改列表需要付费吗？
paragraph2sentence.test-cqa-42-1,我使用的是 Firefox 2.0.0.2（Windows 98SE 操作系统的最新版本）和 Yahoo!头像不显示在屏幕上。是我的设置有问题，还是有什么问题？ IE 6.5 显示头像但速度慢得要命。
paragraph2sentence.test-cqa-42-2,Firefox 网络浏览器是一个值得信赖的品牌，而 Internet Explorer 则不太受用户信任。
paragraph2sentence.test-cqa-43-1,最近在 IE 中发生了很多事情（我得到的都是好的 ole red X），所以我尝试了 Firefox，看看 IE 是否是问题所在，但它在 Firefox 中不是做了同样的事情，我已经完成了微软在他们的网站上提到的所有内容，也尝试了这个人所说的（http://forums.majorgeeks.com/showthread.php?t=30885），我检查了图片的 jpg 格式和什么也没有，只是一个红色的 x，后面跟着一些文字，上面写着“IPB 图片”
paragraph2sentence.test-cqa-43-2,我无法摆脱 IE 中出现在图片应有位置的大红色 X。
paragraph2sentence.test-cqa-44-1,我最近刚刚创建了一个 tumblr，到目前为止我已经有 6 个关注者了。唯一的问题是，我只能看到其中的 5 个追随者，我看不到第六个人。这是为什么呢？
paragraph2sentence.test-cqa-44-2,为什么我很难通过电话服务“高速互联网”打开网站？
paragraph2sentence.test-cqa-45-1,有人从 Lockerz 拿到了 iPod touch 8 GB 吗？我正在为它存钱，我想知道它是哪一代。另外，它有内置wifi吗？有人订购了但没有收到吗？
paragraph2sentence.test-cqa-45-2,Wifi 允许计算机、智能手机和其他设备连接以无线方式连接到互联网。
paragraph2sentence.test-cqa-46-1,每当我启动计算机时，在我打开网络浏览器之前，AOL 就会在我的网络浏览器中弹出。我尝试过重置主页，但没有成功。我也尝试过退出，还是不行。五分钟后它也会让我重新登录。也许是病毒？我不知道。我可以关闭笔记本电脑的屏幕，保持网络浏览器打开，当我重新打开笔记本电脑时，它会打开一个 AOL 的新选项卡。关于如何解决这个问题有任何线索吗？这真的开始变得烦人了。 ：/感谢您的宝贵时间。
paragraph2sentence.test-cqa-46-2,即使我以为我已将其从系统中删除，AOL 弹出窗口仍让我抓狂。
paragraph2sentence.test-cqa-47-1,从澳大利亚打电话到意大利真的很糟糕！图片很糟糕，事情来得很晚，不得不重复自己......我怎样才能让事情变得更好，这样我才能有一个合适的车队？？？
paragraph2sentence.test-cqa-47-2,从意大利致电澳大利亚时如何改善连接？
paragraph2sentence.test-cqa-48-1,关于导致崩溃的原因有什么想法吗？无论我在哪个网站（Youtube、Hulu 等），我的计算机总是在几分钟后冻结，然后我必须重新启动它。
paragraph2sentence.test-cqa-48-2,我必须经常重新启动计算机。
paragraph2sentence.test-cqa-49-1,我被允许访问我邻居的互联网连接，但不安全……它位于一个偏僻的地方，所以没有其他人能够上网，但我想知道我的邻居是否可以看到我在做什么，我的电子邮件，我正在访问的网站以及类似的东西？
paragraph2sentence.test-cqa-49-2,有没有一个网站可以让您匿名发表想法或经历？
paragraph2sentence.test-cqa-50-1,我的意思是世界上还有其他贫穷国家可以做到这一点。那么为什么尼日利亚几乎落后于所有这些，政府参与其中吗？
paragraph2sentence.test-cqa-50-2,尼日利亚政府是否要为其落后于许多较贫穷国家的低地位负责，还是有其他解释？
paragraph2sentence.test-cqa-51-1,我刚刚将 Internet Explorer 8 下载到我的笔记本电脑上，但现在我想将其删除，以便我可以下载 Google Chrome（我听说它更好）...有人可以帮助我吗？
paragraph2sentence.test-cqa-51-2,如何删除 Internet Explorer？
paragraph2sentence.test-cqa-52-1,好的，我有一个 tumblr 帐户。我现在想将我的 tumblr 设为私有，因为我不想让人们看到它。我该怎么做？我知道我可以在我现在使用的 tumblr 下创建一个新博客，但我不想要那样。我希望人们需要输入密码才能查看我的 tumblr。我该怎么做？
paragraph2sentence.test-cqa-52-2,如何将我的 tumblr 设为私密？
paragraph2sentence.test-cqa-53-1,我想知道在我的网站上添加一个集成了语音聊天和可能的视频聊天的聊天室的步骤。我需要什么软件？我需要一个主机吗？ ETC....
paragraph2sentence.test-cqa-53-2,如何通过视频聊天与亲戚交谈？
paragraph2sentence.test-cqa-54-1,所以我想从亚马逊购买一些 zippo 打火机液体，但我不知道 via ground 是什么。是ups还是usps？
paragraph2sentence.test-cqa-54-2,我想在 eBay 上出售我的 DVD。您能帮忙吗？
paragraph2sentence.test-cqa-55-1,我的男朋友正在做医疗账单工作，他通过 Aim Express 与我交谈。他的雇主可以追踪我们的谈话吗？
paragraph2sentence.test-cqa-55-2,一般来说，医学院的课程至少需要5年才能完成。
paragraph2sentence.test-cqa-56-1,我和我的兄弟都有自己的 Lockerz 帐户。如果我们得到很多云台并获得奖品，我们可以将其发送到同一个房子吗？基本上，每个家庭是否可以拥有多个账户？
paragraph2sentence.test-cqa-56-2,我和我的兄弟住在同一所房子里。
paragraph2sentence.test-cqa-57-1,我想开始写一个博客，但我很困惑我应该写什么领域。那么在定制性和易用性方面哪个更好呢？如果您能说出优点和缺点，那将会有很大帮助...
paragraph2sentence.test-cqa-57-2,有哪些好的博客网站可供使用？
paragraph2sentence.test-cqa-58-1,我在浏览器中输入我想要的网站，当结果出现时，我点击链接，就会出现另一个网站。然后我必须单击后退按钮并再次单击链接，然后它就会带我去我最初想去的地方。现在这种情况经常发生。为什么？
paragraph2sentence.test-cqa-58-2,棕色小狐狸跳过了燃烧的木头。
paragraph2sentence.test-cqa-59-1,我有字母 L、i、B、E 和 S。有人知道这个词吗？
paragraph2sentence.test-cqa-59-2,我需要帮助解决一个世界难题。
paragraph2sentence.test-cqa-60-1,这家伙对我卖的手机确实很感兴趣，问题是他以前没有购买过任何东西的记录。我听说有骗子，他们买东西并向你付款，但当你将产品发送给他们时，他们又以某种方式取出钱。是这样吗？
paragraph2sentence.test-cqa-60-2,我想在互联网上销售手机，但我不确定如何包装它，有人可以推荐最安全的方法吗？
paragraph2sentence.test-cqa-61-1,好的，所以我需要你的认真建议。意思是，我需要你为我思考一下。我喜欢一个喜剧演员，我不会说是谁，但你很可能从未听说过他。他在网上非常成功，像大多数优秀的喜剧演员一样，他有一个推特。这很搞笑。唯一的问题是，他从不向任何人“发推文”，只是写一些有趣的东西。如果我继续在推特上对他发有趣的事情，你认为他最终会注意到我吗？还是认为我是跟踪狂？我只是觉得他是最酷的，我想让他和我见面。他不是汤姆·克鲁斯，但他参与了一些重大事情。我也知道他单身。其他问题——他住在洛杉矶，我住在纽约，但这并不是什么大问题......
paragraph2sentence.test-cqa-61-2,我真的很想见见我最喜欢的喜剧演员，因为我认为他是最酷的，而且我知道他单身，但他住在加利福尼亚州，我住在纽约。
paragraph2sentence.test-cqa-62-1,我对另一个高级超级上传帐户没有任何用处，我在那里有一个终身帐户。另外，我想尝试在rapidshare上上传文件以获得一些积分，但后来我发现rapidshare是邪恶的，要求你在尝试获得积分之前购买一个帐户...那么让我们看看hotfile、netload、depositfiles或其他主机必须提供什么？谢谢
paragraph2sentence.test-cqa-62-2,hotfile、netload、depositfiles 和其他主机必须提供什么？
paragraph2sentence.test-cqa-63-1,嘿，我如何查看学校的网络安全摄像头？在我的学校，我可以在学校计算机上查看所有网络安全摄像头。我如何在家做这个？我知道我学校的IP地址...
paragraph2sentence.test-cqa-63-2,我在哪里可以下载 Dj Earworm mash up 2009 将其归咎于流行音乐？
paragraph2sentence.test-cqa-64-1,被 Gmail 禁止后，雅虎似乎神奇地知道了这一点，并阻止我在雅虎答案上发帖，因为我的 IP 出现“异常网络活动”。 Google 是否会将有关我的使用情况的信息传递给雅虎？
paragraph2sentence.test-cqa-64-2,一个电子邮件帐户可以向另一个电子邮件帐户发送信息以阻止我进入吗？
paragraph2sentence.test-cqa-65-1,我需要找出谁住在某个特定地址，例如姓名、电话号码等...是否有在线搜索可以帮助解决此问题？
paragraph2sentence.test-cqa-65-2,我需要找到一个特定的地址。
paragraph2sentence.test-cqa-66-1,基本上，我租的房子有 DirecTV 有线电视和 AT&T 互联网服务提供商。但是，我想在我的房间里连接时代华纳有线互联网。这有可能吗？感谢您的帮助！
paragraph2sentence.test-cqa-66-2,我在 eBay 上查看红色 Xbox 360 控制器，上面写着“状况：按原样”，这是什么意思？
paragraph2sentence.test-cqa-67-1,你好，我想成为一名黑客，但我不知道如何成为一名黑客。互联网上有指南吗？或者有人可以帮助我成为其中一员吗？请帮助我:)我真的需要帮助:O
paragraph2sentence.test-cqa-67-2,为什么我的朋友与 mw2 的连接这么差？
paragraph2sentence.test-cqa-68-1,好吧，我刚刚重新启动了整个计算机，清除了所有内容。好吧，不知何故，我感染了这种病毒，当我搜索任何内容并单击链接时，它会将我带到错误的诈骗链接，而且我的互联网弹出窗口拦截器也被打开，有关诈骗的弹出窗口也会出现。即使我有互联网，我的谷歌浏览器也不会加载。我运行了赛门铁克防病毒软件，但它无法识别该病毒。恶意软件字节、间谍软件医生或 avira 也不能。有人可以帮忙吗？
paragraph2sentence.test-cqa-68-2,我无法清除计算机上的病毒，因此我正在寻求帮助或建议！
paragraph2sentence.test-cqa-69-1,只是为了好玩，我正在考虑创建一个假约会资料并上传一些非常性感的男模特的照片，只是为了看看我从女性那里得到什么样的反应。我不会回应或引导他们或做任何事情。我没那么残忍。这会很有趣还是越界，或者两者兼而有之，或者两者都不是？
paragraph2sentence.test-cqa-69-2,第一次约会往往是在公共场所进行一对一的会面，以便参与者可以更好地了解彼此并看看他们是否兼容。
paragraph2sentence.test-cqa-70-1,您认为他们会开始向我们收取使用互联网的费用吗？我的意思是当我们切换到不同页面时向我们收费。他们会因为域名用完而向我们收费吗？
paragraph2sentence.test-cqa-70-2,互联网的成本会变得过高吗？
paragraph2sentence.test-cqa-71-1,如果我正在讨论“如何帮助人们”、世界问题等 - 您希望在博客中看到哪些主题？另外，你能看一下它是否可以吗？ externalyourbubble.wordpress.com 我只是不知道该谈论什么，也不知道我是否走在正确的道路上:(
paragraph2sentence.test-cqa-71-2,我可以 ping 通网站，但浏览器无法显示网页？
paragraph2sentence.test-metaphoric-72-1,两个人一起旅行，路上突然遇到一只熊。其中一人迅速爬上一棵树，藏在树枝里。另一个，看到他一定会受到攻击，就倒在了地上，当熊走上来，用鼻子摸他，闻到他浑身的味道时，他屏住了呼吸，尽可能地装出死亡的样子。熊很快就离开了他，因为据说他不会碰尸体。当他完全走开后，另一位旅行者从树上下来，开玩笑地询问他的朋友熊在他耳边低声说了些什么。 “他给了我这个建议，”他的同伴回答道。 “永远不要和一个在危险临近时抛弃你的朋友一起旅行。”
paragraph2sentence.test-metaphoric-72-2,切勿与在危险临近时抛弃您的朋友一起旅行。
paragraph2sentence.test-metaphoric-73-1,一只一只眼睛失明的母鹿习惯于尽可能靠近悬崖边缘吃草，希望能确保自己更加安全。她把健全的眼睛转向陆地，这样她就可以得到猎人或猎犬接近的最早消息，而她受伤的眼睛则转向大海，从那里她没有想到危险。一些航行经过的船夫看到了她，并成功瞄准，将她打成了致命伤。她咽下最后一口气，叹息道：“我真是个可怜的生物！”对陆地采取如此预防措施，毕竟我发现这个海岸，我是为了安全而来到的，所以危险得多。
paragraph2sentence.test-metaphoric-73-2,海上狩猎是沿海地区令人惊讶的动物的常用技术。
paragraph2sentence.test-metaphoric-74-1,一只鹰在一棵高大的橡树顶上筑巢；一只猫找到了一个方便的洞，就搬进了树干的中间。一头野母猪带着她的孩子在它脚下的一个洼地里避难。猫狡猾地决定摧毁这个偶然形成的殖民地。为了实现她的设计，她爬上了鹰巢，说道：“毁灭正在为你做准备，不幸的是，也为我做准备。”你每天都看到野母猪在挖土，它希望连根拔起橡树，这样她就可以在橡树倒下时抓住我们的家人，作为她孩子的食物。把老鹰吓得魂不附体后，她就爬到母猪的洞穴里，说道：“你的孩子们有很大的危险，快去吧！”因为一旦你带着你的小猪出去寻找食物，老鹰就会准备扑向你的一只小猪。将这些恐惧灌输给母猪后，她假装躲进树洞里。夜幕降临时，她默默地出去，为自己和小猫们寻找食物，但她假装害怕，一整天都在监视着。与此同时，老鹰对母猪充满了恐惧，一动不动地坐在树枝上，而母猪也被老鹰吓坏了，不敢从她的洞穴里出去。因此，他们和他们的家人都死于饥饿，并为猫和她的小猫们提供了充足的食物。
paragraph2sentence.test-metaphoric-74-2,向那些可能阻碍你的人灌输恐惧可能会给你带来好处。
paragraph2sentence.test-metaphoric-75-1,有一天，一个乡下人去他的鹅窝里发现了一颗鹅蛋，全是黄色的，闪闪发光。当他拿起它时，它像铅一样重，他打算把它扔掉，因为他认为有人对他开了个玩笑。但他转念一想，把它带回家，很快他高兴地发现，这是一个纯金的鸡蛋。每天早上都会发生同样的事情，他很快就靠卖鸡蛋致富了。当他变得富有时，他变得贪婪；当他变得富有时，他变得贪婪。他想立即得到鹅所能提供的所有黄金，于是他杀死了鹅并打开了它，但什么也没找到。
paragraph2sentence.test-metaphoric-75-2,一只神奇的鹅下的是纯金的蛋。
paragraph2sentence.test-metaphoric-76-1,一只狗嘴里叼着一大块肉，正走回家。回家的路上，他走过一条河。他向河里望去，发现另一只狗嘴里叼着一块漂亮的肉。 “我也想要那块肉，”狗想，他猛地冲狗抢他的肉，导致他把晚餐掉进河里。
paragraph2sentence.test-metaphoric-76-2,那些假装自己不是的人，迟早会发现自己陷入深渊。
paragraph2sentence.test-metaphoric-77-1,一只鹰在空中翱翔，突然听到箭矢的嗖嗖声，它感觉自己中箭而死。它缓缓地飘落在地上，生命之血从其中涌出。它低头看着被刺穿的箭，发现箭杆上长满了它自己的一根羽毛。 '唉！'它临死时喊道：“我们经常给我们的敌人提供毁灭我们自己的手段。”
paragraph2sentence.test-metaphoric-77-2,敌人通常能够利用我们提供给他们的东西或透露我们自己的信息。
paragraph2sentence.test-metaphoric-78-1,一个马夫常常花一整天的时间给他的马梳理和擦洗，但同时偷走他的燕麦并把它们卖掉以谋取私利。 '唉！'马说：“如果你真希望我身体健康，就应该少给我梳理毛发，多给我喂食。”
paragraph2sentence.test-metaphoric-78-2,马需要食物才能保持最佳状态。
paragraph2sentence.test-metaphoric-79-1,一对夫妇拥有一只非常特别的鹅。鹅每天都会下一个金蛋，这让夫妇俩变得非常富有。 “想一想，”该男子的妻子说，“如果我们能拥有鹅体内的所有金蛋，我们就能更快地变得富有。” “你说得对，”她丈夫说，“我们不用每天都等鹅下蛋。”于是，这对夫妇杀了这只鹅，把她剖开，却发现她和其他鹅一样。她体内根本没有金蛋，他们也不再有金蛋。
paragraph2sentence.test-metaphoric-79-2,质量优于数量。
paragraph2sentence.test-metaphoric-80-1,一头骡子，由于缺乏工作和太多的谷物而嬉戏，以一种非常奢侈的方式奔跑，并对自己说：“我的父亲无疑是一位高尚的赛车手，而我在速度和精神上都是他自己的孩子。”第二天，他长途跋涉，疲惫不堪，沮丧地说道：“我一定是走错了，一定是我走错了。”毕竟，我父亲可能只是个混蛋。
paragraph2sentence.test-metaphoric-80-2,由于马匹价格昂贵，中世纪时赛驴盛行。
paragraph2sentence.test-metaphoric-81-1,一个守财奴卖掉了他所有的一切，买了一块金子，把它埋在旧墙边地上的一个洞里，每天都去看。他的一名工人观察到他经常到访该地点，并决定观察他的一举一动。他很快就发现了隐藏宝藏的秘密，并向下挖掘，找到了那块金子，并将其偷走了。守财奴下次来时，发现洞空了，便开始撕扯自己的头发，大声哀号。一位邻居见他悲痛欲绝，得知原因后说道：“请不要如此悲伤；但是去拿一块石头，把它放在洞里，想象金子仍然躺在那里。它将为您提供完全相同的服务；因为当金子在那里的时候，你却没有它，因为你没有丝毫利用它。
paragraph2sentence.test-metaphoric-81-2,工人用这些金子买了一座新房子。
paragraph2sentence.test-metaphoric-82-1,一头小母牛看到一头牛被套在犁上辛勤劳作，便用对被迫劳动的不幸命运的反思来折磨它。不久之后，在丰收节上，主人将牛从轭上松开，但用绳子捆住小母牛，将其带到祭坛处宰杀，以示纪念。牛看到了这一切，微笑着对小母牛说：“为此，你可以过着无所事事的生活，因为你很快就要被牺牲了。”
paragraph2sentence.test-metaphoric-82-2,无所事事的人可能有一个未知的目的。
paragraph2sentence.test-metaphoric-83-1,一位农民在他新播种的耕地上撒网，捕获了许多鹤来叼取他的种子。他用它们在网中困住了一只腿骨折的鹳鸟，并恳求农夫饶他一命。 “请救救我吧，主人，”他说道，“让我重获自由一次吧。”我断肢应该引起你的怜悯。再说，我不是鹤，我是鹳鸟，是一只品格优良的鸟；看看我如何爱我的父亲和母亲，如何奴役我的父亲和母亲。你也看看我的羽毛——它们一点也不像鹤的羽毛。农夫大笑起来，说道：“也许正如你所说，我只知道这一点：我把你和这些强盗、鹤一起带走了，你必须和他们一起死。”
paragraph2sentence.test-metaphoric-83-2,人们会根据他们所结交的朋友来评判他们。
paragraph2sentence.test-metaphoric-84-1,一只猎犬在山坡上引来了一只野兔，追了她一段距离，一会儿用牙齿咬她，仿佛要夺走她的生命，一会儿又巴结她，好像在和另一只狗玩耍。兔子对他说：“希望你对我真诚，表现出你的本来面目。”如果你是朋友，为什么咬我那么狠？既然是敌人，为何要巴结我？
paragraph2sentence.test-metaphoric-84-2,表现得既友好又咄咄逼人，令人困惑。
paragraph2sentence.test-metaphoric-85-1,一个不太勇敢的猎人正在寻找狮子的踪迹。他问一个在森林里砍伐橡树的人是否看到过他的脚印，或者知道他的巢穴在哪里。 “我会，”那人说，“立刻让你看看狮子本人。”猎人脸色变得非常苍白，吓得牙齿打颤，回答道：“不用了，谢谢。”我没问这个；我只是在寻找他的踪迹，而不是狮子本人。
paragraph2sentence.test-metaphoric-85-2,狮子会让人感到恐惧，甚至对猎人来说也是如此。
paragraph2sentence.test-metaphoric-86-1,一只鹿被猎犬追赶，逃进牛栏避难，把自己埋在干草捆里，除了角尖以外什么也看不见。不久之后，猎人过来询问是否有人看到鹿。马厩男孩吃完晚饭正在休息，他们环顾四周，但什么也看不见，猎人就走了。不久，大师进来了，环顾四周，发现发生了一些不寻常的事情。他指着干草捆说：“从干草中伸出的那两个奇怪的东西是什么？”当马厩男孩过来查看时，他们发现了鹿，并很快杀死了它。他由此知道，没有什么能逃过主人的眼睛。
paragraph2sentence.test-metaphoric-86-2,鹿角使动物很难在城市环境中伪装自己。
paragraph2sentence.test-metaphoric-87-1,一个头发花白的男人有两个妻子。一位妻子比男子年轻得多，另一位妻子则比男子年长得多。年长的妻子因嫁给比自己年轻得多的男人而感到尴尬。晚上，只要他和她在一起，她就把他不白的头发全部拔掉。这位年轻女子同样为嫁给一个比自己年长这么多的男人而感到尴尬。晚上，只要他和她在一起，她就把花白的头发全部拔掉。在两个妻子之间，这个男人很快就只剩下一根头发都没有了。
paragraph2sentence.test-metaphoric-87-2,外表是具有欺骗性的。
paragraph2sentence.test-metaphoric-88-1,据说，猴子每次出生都会生两个孩子。母亲抚摸并以最大的爱和关怀抚养它，但憎恨和忽视另一个。有一次，被爱抚和爱护的幼崽被母亲过分的爱所窒息，而被轻视的幼崽尽管受到忽视，却仍被抚养和抚养。
paragraph2sentence.test-metaphoric-88-2,被忽视的猴宝宝经常因暴露在自然环境中而死亡。
paragraph2sentence.test-metaphoric-89-1,一个人想买一头驴，去市场买了一头驴，他与主人商量，让他带回家试用，看看它长什么样。当他回到家时，他把它和其他驴子一起放进马厩里。新来者环视了一圈，立即走到马厩里最懒、最贪吃的野兽旁边选了一个位置。主人见状，连忙给他套上缰绳，将他牵走，又交给了主人。后者对他这么快就回来感到非常惊讶，说道：“为什么，你的意思是说你已经测试过他了？” “我不想再让他接受任何测试，”另一个回答道。 “从他为自己选择的同伴中，我就能看出他是什么样的野兽。”
paragraph2sentence.test-metaphoric-89-2,你对朋友的选择很大程度上揭示了你是谁。
paragraph2sentence.test-metaphoric-90-1,一位水手在长途航行时，带着一只猴子在船上取乐。当他驶离希腊海岸时，一场猛烈的暴风雨袭来，船失事了，他、他的猴子和所有船员都被迫游泳逃生。一只海豚看到猴子在与海浪搏斗，以为他是一个人（据说他总是和他交朋友），于是来到他身下，把他背在背上安全地送上岸。当海豚带着他的担子到达离雅典不远的地方时，他问猴子他是不是雅典人。后者回答说他是，而且他是该城最贵族家庭之一的后裔。海豚随后询问他是否知道比雷埃夫斯港（雅典著名的港口）。猴子以为是一个男人，就回答说他很了解他，而且是一个亲密的朋友。海豚对这些谎言感到愤怒，将猴子浸入水中淹死了。
paragraph2sentence.test-metaphoric-90-2,猴子不能长距离游泳，也不能避开开阔的水域。
paragraph2sentence.test-metaphoric-91-1,有一次，鹿在池子里喝水，欣赏着他在那里塑造的高贵形象。 “啊，”他说，“你在哪里能看到这样高贵的角，还有这样的鹿角！我希望我的双腿更配得上如此高贵的王冠；可惜它们太瘦弱了。”就在这时，一名猎人走近，向他射出一支箭，呼啸而过。鹿跳了起来，很快，在他灵活的腿的帮助下，猎人几乎看不见了。但他并没有注意到自己要去哪里，而是从一些树下经过，树上的树枝低垂着，他的鹿角被卡在里面，这样猎人就有时间上来。 '唉！唉！'鹿喊道：“我们常常鄙视对我们最有用的东西。”
paragraph2sentence.test-metaphoric-91-2,鹿有灵活的腿，可以让鹿快速逃离危险情况。
paragraph2sentence.test-metaphoric-92-1,驴子和狐狸为了互相保护而结成伙伴关系，一起去森林里打猎。他们没走多远，就遇到了一头狮子。狐狸看到危险迫在眉睫，便走近狮子，并承诺如果狮子保证不伤害狐狸，他就会设法捕获驴子。然后，在向驴保证他不会受伤后，狐狸将他带到一个深坑并安排他掉进去。狮子见驴子被绑住了，立即抓住狐狸，趁机攻击驴子。
paragraph2sentence.test-metaphoric-92-2,出卖朋友最终可能会反咬你一口。
paragraph2sentence.test-metaphoric-93-1,一个野妇发现了一个空罐子，里面装满了不久前的上等陈酒，里面还保留着以前的香气。她贪婪地把它放在鼻子前好几次，前后拉动说：“啊，真好吃！”当酒在装有它的容器中留下如此甜美的香水时，它本身该是多么美好啊！
paragraph2sentence.test-metaphoric-93-2,经过适当的清洁，酒瓶可以回收并用于陈酿新酒。
paragraph2sentence.test-metaphoric-94-1,一只非常饥饿的公鸡正在泥土中抓挠和挖掘寻找食物。他又抓又挖，终于找到了一颗美丽的宝石。他对宝石的闪闪发光感到惊讶。 “这是一件非常精致和美丽的东西，”他想，“但我宁愿吃一颗美味的玉米粒。”
paragraph2sentence.test-metaphoric-94-2,你可以分享伟人的劳动，但你不会分享战利品。
paragraph2sentence.test-metaphoric-95-1,一个人牵着驴子走在路上，驴子挣脱了束缚，跑到了高高的悬崖边。那人以最快的速度跑向驴子，抓住驴子的尾巴，阻止驴子掉下悬崖。但驴子很固执。那人越想阻止他，驴子就越往相反的方向拉。 “哦，好吧，”那人说，“如果你一意孤行，我就无法阻止你。”
paragraph2sentence.test-metaphoric-95-2,善行的记忆将永存。
paragraph2sentence.test-metaphoric-96-1,一只苍蝇咬了一个秃头男子的光头，秃头男子想毁掉它，却给了自己一巴掌。苍蝇逃跑了，嘲讽地说：“你这个小虫子的刺，想以死报仇，看看你对自己做了什么雪上加霜的事吗？”光头男子回答说：“我很容易与自己和解，因为我知道我无意伤害。”而你这个不怀好意、令人鄙视、喜欢吸人血的虫子，就算受到更重的惩罚，我也恨不得杀了你。”
paragraph2sentence.test-metaphoric-96-2,人们会不遗余力——甚至伤害自己——来报复所感受到的不公正。
paragraph2sentence.test-metaphoric-97-1,老鼠们因猫的持续危险而感到沮丧，他们开会商讨解决他们疲惫的挑战的方法。他们讨论了一个又一个计划，但同样都被拒绝了。最后，一只很小的老鼠用后腿站了起来，提议在猫的脖子上挂一个铃铛。 “多好的主意啊！”他们哭了。 “很好的建议！” “哦，是的，这很好地警告猫的存在，及时逃跑！”他们以极大的热情和掌声接受了这个提议，直到一只安静的老老鼠站起来说话。 “这确实是一个非常好的建议，毫无疑问会解决我们的问题，”他说，“现在，我们谁会把铃铛挂在猫的脖子上？”
paragraph2sentence.test-metaphoric-97-2,诚实是最好的政策。
paragraph2sentence.test-review-98-1,请注意代码日期。收到后立即检查。我意识到为时已晚，我将无法在过期日期之前使用它们。我应该立即把他们送回去。
paragraph2sentence.test-review-98-2,使用前请务必检查所发货产品的有效期。
paragraph2sentence.test-review-99-1,我没想到这款铜月巴拿马花束咖啡会因为价格低廉而那么棒，但价格低却让我大吃一惊。这是一款 Excellet 全豆咖啡，烘焙效果非常好，口感醇厚。到处都是好咖啡，肯定会推荐给其他咖啡爱好者。感谢亚马逊以超低的价格提供了另一款优质产品。
paragraph2sentence.test-review-99-2,尽管亚马逊网站提供的价格低廉，但 Copper Moon Bouquete Coffee 是一种全豆咖啡，提供真正高水平的醇厚烘焙味道，一定会满足咖啡爱好者的需求。
paragraph2sentence.test-review-100-1,如果您有怀旧商店（或其他可能有怀旧糖果的商店），请去那里。 18 美元，你买不到很多糖果。是的，其中一些真的很棒而且美味，但它似乎只是从最近生产的糖果中重新包装的。盒子也有点小，里面装了皱纹纸五彩纸屑以达到效果（我猜？），但它占用了盒子里的很大空间。总而言之：我希望有足够的糖果来证明支付 18 美元是合理的，但实际上没有。
paragraph2sentence.test-review-100-2,怀旧糖果的价格相对于你实际得到的数量来说太高了。
paragraph2sentence.test-review-101-1,比奶粉更好的是市场上最好的豆制品。它味道鲜美，营养丰富，并且易于在其他食谱中使用。我什至无法在当地买到，当地一家商店过去常有库存。
paragraph2sentence.test-review-101-2,豆制品——比奶粉更好，味道鲜美，营养丰富，用途广泛。
paragraph2sentence.test-review-102-1,这个产品不是噱头。我犹豫是否要花更多的钱购买我的 Keurig 咖啡机。我喜欢 Keurig 背后的想法，我对某些 k-cups 没有意见，但我真的希望能够自由地主要使用 Peets 或星巴克混合咖啡。my K cap 的效果比为 Keurig 制作的 my K cup 好得多。my k cup 过滤器很糟糕，它产生的一杯水状咖啡根本不是真正的咖啡，更像是茶。对于在 Keurig 中使用您最喜欢的咖啡，我的 k cap 是一个更好的解决方案。强烈推荐。
paragraph2sentence.test-review-102-2,我的 k 帽是 Keurig K 杯的绝佳替代品，因为您可以使用您最喜欢的咖啡。
paragraph2sentence.test-review-103-1,我已经吃这种燕麦片好几年了，但仍然很喜欢它！以一些健康的碳水化合物、充足的纤维和饱满的肚子开始新的一天真是太棒了。这款燕麦片只需 1.5 分钟即可煮熟，因此又快又简单。这是营养成分表：克45卡路里160总脂肪2克胆固醇0克钠260毫克总碳水化合物34克纤维10克蛋白质4克总的来说，这真的很棒。我加了一些葡萄干来增加品种，瞧，这是一顿完美的早餐。
paragraph2sentence.test-review-103-2,这燕麦片加点葡萄干真是太棒了。
paragraph2sentence.test-review-104-1,我已经为我的猫种下了第一批小麦草。发芽快，出芽率高。我的猫喜欢他的小薪水碗。价格很难被击败 - 我在互联网上找到的最优惠的价格。我打算为自己订购一些其他种子来发芽。
paragraph2sentence.test-review-104-2,小麦草的发芽率很快，我的猫很喜欢。
paragraph2sentence.test-review-105-1,喜欢这个爆米花，淡淡的黄油味，不太咸。绝对不是人工品尝——因为里面没有任何人工成分！这就是我们吃它的原因。爆米花具有良好的纤维，是一种不含白面粉或糖的健康零食。
paragraph2sentence.test-review-105-2,这爆米花不太油腻！
paragraph2sentence.test-review-106-1,我购买这款产品是为了寻找一种真正适合微波炉爆米花的黄油配料。这是我购买的第三个品牌的油，我想我会继续寻找。得到的是一种浓稠的奶油乳液，带有淡淡的黄油味。我在原始品尝中发现了明显的奶油味。它在静置时会稍微分离，因此，即使标签上没有这么说，使用前请摇匀。正如预期的那样，将这种油添加到新鲜爆米花中会产生油状、半奶油状和轻微黄油状的成品。添加普通爆米花就完成了非常可爱的爆米花的过程。该产品与电影院风格的爆米花不属于同一类别，但很容易满足寻求替代风味的人。油的奶油质地使成品爆米花具有丝滑的口感。
paragraph2sentence.test-review-106-2,在我寻找一种真正黄油味的微波炉爆米花配料的过程中，我发现使用的油、盐以及食用前摇匀的情况是获得芳香丝滑黄油味的重要因素。
paragraph2sentence.test-review-107-1,有史以来最好的能量饮料。非常适合在一天中提供持久的能量。比红牛便宜，而且更有效（而且味道更好）。喝酒并快乐:)
paragraph2sentence.test-review-107-2,这是一种能提供持久能量的能量饮料——在各方面都比红牛更好！
paragraph2sentence.test-review-108-1,我真的很喜欢这汤，所以我把它放在自动订单补充上。我每三个月就会收到一盒！又香又辣，味道很棒。我喜欢把几块剩下的鸡肉或猪肉扔到碗里，很好吃。移开拉面，街区里来了一个新来的孩子，他很大！...如果你不喜欢辣椒，就不要买这个，它真的很咬一口！
paragraph2sentence.test-review-108-2,辣椒汤在东亚销量创下新高。
paragraph2sentence.test-review-109-1,这咖啡一点味道都不好。我什至无法描述我真正品尝的是什么，但它的味道不像咖啡或香草咖啡。我的同事对这款咖啡的唯一评价是，冲泡时闻起来像煎饼和糖浆。我再也不会买这个了。
paragraph2sentence.test-review-109-2,它让我的头发不再那么卷曲，而且闻起来很香！
paragraph2sentence.test-review-110-1,如果您喜欢糖果中浓郁的甜味，那么这些就值得购买。它们的内部具有水果咀嚼物的稠度，并涂有一层厚厚的黑巧克力，但不会太甜。也很充实。我见过这家公司的其他产品，但这种糖果似乎是季节性产品，在商店里不太容易找到；很高兴能够在线购买。
paragraph2sentence.test-review-110-2,一种可以在网上购买的糖果，馅料丰富，不太甜，里面有水果咀嚼物。
paragraph2sentence.test-review-111-1,我们刚刚发现了这些，没有它们就无法生存，作为汽车、钱包和背包中的紧急零食——蛋白质可以让你在饥饿时填饱肚子，并让你保持饱腹感，而不是其他不值得卡路里的零食。 200 卡路里、9 克蛋白质、27 克碳水化合物和 6 克脂肪 - 碳水化合物很高，但值得。超高蛋白质，而且非常轻。我在当地一家商店发现它们更便宜（6 美元 6 块），但它们很快就卖光了，所以我不得不从亚马逊订购。其他 Oskri 能量棒很美味，但蛋白质含量低，所以我们只买那些标有蛋白质棒的。很高兴终于找到了一款大家都喜欢的蛋白棒，质地轻盈——我们尝试过的其他蛋白棒都是化学味道或恶心的味道。
paragraph2sentence.test-review-111-2,我们喜欢 Oskri 蛋白质棒，因为它们是完美的随身零食！
paragraph2sentence.test-review-112-1,印度厨房是我们吃过的最接近自制咖喱的餐厅。我们喜欢它。酱汁很棒而且上菜速度很快，所以一周吃几次咖喱是可以的。我们经常从头开始做咖喱，但这很耗时，现在我们可以随时吃到美味的咖喱。我们还尝试了 Rogan Josh 和 Korma。添加一些洋葱和葡萄干，或一点蜂蜜。这些成分几乎不含防腐剂或不含防腐剂。最好的！！
paragraph2sentence.test-review-112-2,我查了一下有效期，距现在还有两年。
paragraph2sentence.test-review-113-1,很棒的茶。喜欢这个包装。赠送了很多圣诞礼物。也可以用来在德克萨斯州这里制作冰茶，那里大部分时间都很热。感谢您提供出色的产品。
paragraph2sentence.test-review-113-2,我送了很多包茶作为圣诞礼物。
paragraph2sentence.test-review-114-1,我一直在寻找一种我喜欢的天然无糖汽水，但由于品种繁多，我一直回到营养甜无糖汽水。我最近发现了 Zevia 苏打水（因为腹部脂肪治疗书/饮食计划）。我对这些苏打水非常满意，尤其是 Dr. Zevia，它与营养甜味苏打水非常相似，但没有那种非常不健康的甜味剂。我尝试了几种 Zevia 苏打水口味，我喜欢可乐、柠檬酸橙和橙子；奶油苏打水和黑樱桃的味道真的非常好。 Mountain Zevia 的味道与它的营养甜味剂完全不同（我认为它的味道很像 Airborne 感冒药）。
paragraph2sentence.test-review-114-2,Nutrasweet 苏打水味道像感冒药。
paragraph2sentence.test-review-115-1,我只能说我爱吃卡夫通心粉和奶酪！我从小就吃过，现在还和孩子们一起吃！易于准备，味道鲜美，几乎可以搭配任何餐点！
paragraph2sentence.test-review-115-2,一切都很糟糕。
paragraph2sentence.test-review-116-1,总的来说，这是一种很好的调味料，不仅可以用于肉类，还可以用于炸薯条、土豆泥、蒸蔬菜……凡是你能想到的。有人向我介绍了这种摩擦，并认为还可以..还有更好的..
paragraph2sentence.test-review-116-2,尽管有一些更好的香料，但这种香料对肉类和蔬菜都很好。
paragraph2sentence.test-review-117-1,这种茶不仅有助于消化，而且对我 10 岁女儿的喉咙痛也有奇效。她正在经历中度疼痛，在尝试了布洛芬和含片后，我给她泡了这种茶。我加了蜂蜜，茶立刻就有效果。她声称它使她的喉咙变得麻木。在感冒期间，她每天晚上都继续喝它。我很高兴找到这个产品！很棒的茶！
paragraph2sentence.test-review-117-2,之前没时间补充。
paragraph2sentence.test-review-118-1,我想这是我最喜欢的麦片。水果和酸奶的碎片足够脆，也足够甜！这款 Special K 绝对不会出错！
paragraph2sentence.test-review-118-2,保健麦片已非常受现代节食者的欢迎。
paragraph2sentence.test-review-119-1,这盒绿茶每包装有 4 个茶包。因此，除非您打算一次冲泡一整壶，否则不要买这个！商品描述中没有任何地方说明以这种方式包装，并且这是不可退货的商品！
paragraph2sentence.test-review-119-2,我很生气，茶包装上从未提到它是用来冲泡大壶的，而且亚马逊也不让我退货。
paragraph2sentence.test-review-120-1,这些是我在邮件中收到的最糟糕的花。花大部分都死了，球茎脱落。广告上声称有10个梗，但我只收到了5个梗。花也迟到了。
paragraph2sentence.test-review-120-2,摇滚乐队滚石乐队的米克·贾格尔和基思·理查兹创作了一首名为“死花”的歌曲。
paragraph2sentence.test-review-121-1,清淡可口，这种碳酸果汁的最大特点可能是它不添加任何糖。苹果汁本身就够甜了。它还添加了一些维生素，但最终，我被微酸的味道和每 8.4 盎司罐装 90 卡路里的热量所吸引。非常合理。因此，请继续为您的孩子（和您自己）购买这款产品。它胜过苏打水、清凉饮料和许多所谓的果汁饮料，这些果汁饮料主要是糖和水，实际果汁含量为 10% 左右。
paragraph2sentence.test-review-121-2,每 8.4 盎司罐装果汁仅含有 90 卡路里热量。
paragraph2sentence.test-review-122-1,下面是对普通白砂糖双胞胎的评论，我同时买了棕色的，做完蛋糕后我尝了红糖，味道也一样。我一直在遵循阿特金斯计划，并一直在尝试各种无热量甜味剂，试图找到我最喜欢的。我用这个做了一个蛋糕，太糟糕了，我在整个蛋糕的食谱中用了 1 杯，我以前用 Splenda 做过。我尝试了 Sugar twin，因为它便宜很多。整个蛋糕是不可食用的，它有一种非常甜的化学物质味道。即使添加了糖霜之后，它也很糟糕，让我的胃打结。我推荐 splenda 或 ez sweetz。干杯!
paragraph2sentence.test-review-122-2,最近，膳食糖替代品的实际健康益处受到质疑，甚至被指责有损健康。
paragraph2sentence.test-review-123-1,蓝色龙舌兰甜味剂是我用过的最好的甜味剂。现在已经使用它一年多了，并帮助我减轻了所需的体重。与使用普通糖作为甜味剂相比，我只需要使用 3 茶匙蓝色龙舌兰，而我必须使用至少 5-6 茶匙糖才能获得相同的味道。蓝色龙舌兰不会像真正的糖那样导致血糖升高。我将其用于其他食物，例如煎饼、华夫饼、冰淇淋配料以及几乎任何人们通常使用糖做的东西的甜味。使用蓝色龙舌兰不会出错。
paragraph2sentence.test-review-123-2,蓝色龙舌兰甜味剂有助于减肥，您可以使用比普通糖更少的糖，而且对健康也有好处，因为您可以在许多食物和饮料中使用它作为糖替代品。
paragraph2sentence.test-review-124-1,这些非常适合中型罐装蜗牛。我可以把它们放在这些壳里烤，所以这是一种令人印象深刻的享受。请注意，大多数这种尺寸（适合这些壳）的蜗牛罐头将包含 20 只左右的蜗牛。我收到的其中一个贝壳相当脆，我很担心它的食用，担心有些贝壳会脱落到食物中。
paragraph2sentence.test-review-124-2,我真的很喜欢芒果的，所以我尝试了黑莓/石榴的，但不太喜欢。
paragraph2sentence.test-review-125-1,我在加利福尼亚州的圣让酒庄品尝了腌料，买了一瓶（比亚马逊贵了 1 美元），并打算按照腌料标签上的鸡肉沙拉食谱制作。最后，我请我的朋友吉恩（一位出色的厨师）为我做鸡肉沙拉。她将食谱加倍，并严格按照瓶子上的说明进行操作。我们都认为结果非常棒。我会再次购买它，即使它价格昂贵。鸡肉沙拉棒极了。绝对值得为公司服务。我喜欢这种酱汁的独特风味。
paragraph2sentence.test-review-125-2,我从加利福尼亚州的一家酿酒厂买了相当昂贵的腌料，但我和我的朋友喜欢我们根据瓶子侧面的食谱制作的鸡肉沙拉！
paragraph2sentence.test-review-126-1,我喜欢咸水太妃糖，并且认为我认识糖果的品牌名称。它装在 3 个精美的 1 磅盒子中，柔软入口即化 - 无需咀嚼。对于太妃糖而言，颜色鲜艳且不寻常。但就口味而言，这不是传统的太妃糖。在我看来，它们几乎都有点奇怪，难以定义，而且有点可怕。我可以忍受蓝色、巧克力和薄荷的味道，但其他的有点不自然，有些带有奇怪的石油/化学余味。它们也比我想象的要甜得多。所以我不会重新订购这个品牌。我喜欢亚马逊上销售的 Energy Club 品牌的味道和价格，所以我可能会回到那个。
paragraph2sentence.test-review-126-2,甜食咸水太妃糖是一种柔软、颜色鲜艳的太妃糖，主要含有不寻常、不自然、过甜的调味料，因此不如能量俱乐部品牌那么令人胃口大开。
paragraph2sentence.test-review-127-1,这些有机荞麦碎粒很容易烘烤和烹饪。我喜欢将它们与卷心菜、胡萝卜和洋葱搭配在一起。他们还制作美味的沙拉，而且价格非常便宜。
paragraph2sentence.test-review-127-2,这些价格便宜的有机荞麦碎粒很容易准备，可以与蔬菜和沙拉完美搭配。
paragraph2sentence.test-review-128-1,我为我的孙子买了这个，他患有自闭症并且采用无麸质饮食。这是他会吃并且真正喜欢的少数谷物之一。自闭症儿童对质地有问题，而这种麦片似乎适合他的质地。
paragraph2sentence.test-review-128-2,如果一个人患有自闭症并且对食物质地有问题或采用无麸质饮食，那么这种麦片不仅令人满意，而且味道鲜美。
paragraph2sentence.test-review-129-1,今年母亲节我收到了克虏伯咖啡机，从那以后我每天都使用它。它可以煮出一杯优质的咖啡；这是我用过这些单份咖啡机喝过的最好的咖啡。咖啡比其中一些附带的“牛奶”咖啡包要好得多。我不会再买这些了。我对此唯一的抱怨是梅西百货是我唯一能找到这个的商店;否则，我必须在网上订购咖啡。 （梅西百货已经开始打折咖啡了，所以恐怕这种情况不会持续太久。）
paragraph2sentence.test-review-129-2,咖啡是一种含咖啡因的饮料，在意大利文化中很受欢迎。
paragraph2sentence.test-review-130-1,这是我为自己的健康所做的最好的事情。我只用这种有机美味、略带椰子味的油：煎炸，“黄油”，作为我的脸和皮肤的成分。太棒了！我什至可以每天吃花生酱三明治——在发芽面包上涂上椰子油——而不是增加体重，而是增加脂肪！雅虎！只需在谷歌上搜索“椰子油的好处”，然后购买优质品牌即可。谢谢努蒂瓦！
paragraph2sentence.test-review-130-2,我对椰子油很着迷。
paragraph2sentence.test-review-131-1,我已经尝试过所有 Gracious Gourmet 产品，但没有找到一款不是很棒的！这些传播的最好部分是您可以通过多种不同的方式使用它们。我用它们做饭，将它们用作饼干和三明治上的涂抹酱，并将它们与酸奶油混合制成蘸酱。如此简单又如此美味！
paragraph2sentence.test-review-131-2,Gracious Gourmet 涂抹酱易于使用且美味。
paragraph2sentence.test-review-132-1,我对这款酱汁的评价与 357 银版和 Da Bomb 零地一样辣。据说它比布莱尔最热的（非上午）酱汁“Ultra Death”还要热。我有一瓶 Ultra Death，我很喜欢它，但它仍然没有这个那么热。这些 Zack Wylde 酱料具有与您所期望的所有 Blair 产品相同的卓越品质和味道。我简直不敢相信它是多么不受欢迎！尝试一下，你不会失望的！
paragraph2sentence.test-review-132-2,数千年来，人类一直使用辛辣香料和辣椒来给食物调味。
paragraph2sentence.test-review-133-1,现在在商店里几乎不可能找到这种调味品了！它非常美味，搭配生菜、罗马奶酪、杏仁和芝麻制成的沙拉非常美味——我所在地区一家受欢迎的餐厅曾使用过这种食谱，但现在已经关门了。尝试一下。
paragraph2sentence.test-review-133-2,这种美味的调味品是用真正的原料制成的，但在商店里几乎找不到！
paragraph2sentence.test-review-134-1,起初我有点怀疑，因为我的孩子喜欢花生酱，但对它非常挑剔。 Skippy Natural轻松通过了测试。他们喜欢它！将继续自动发货，因为它将在下次发货之前消失。干得好，Skippy，感谢亚马逊让您轻松购买
paragraph2sentence.test-review-134-2,花生酱是不饱和脂肪的重要来源。
paragraph2sentence.test-review-135-1,这个产品完全是浪费钱，我已经把它们放在蜘蛛活动频繁的几个区域了，但没有抓到一只蜘蛛。我讨厌一个产品承诺了这么多，但它是假的。抱歉，我没有保存盒子，我会寄回这家公司。
paragraph2sentence.test-review-135-2,小小的蜘蛛爬上了我的墙壁。
paragraph2sentence.test-review-136-1,我们喜欢这款卡布奇诺的味道！它是奶油状的，味道很好。有时，我们也会混合一点全脂牛奶，非常好！
paragraph2sentence.test-review-136-2,在卡布奇诺里加全脂牛奶也很好喝！
paragraph2sentence.test-review-137-1,这些节日糕点是世界上绝无仅有的！我们不必多说，只是为了填补空白！这就是我不想写评论的原因。
paragraph2sentence.test-review-137-2,Panetonnes 太好了，不值得评论。
paragraph2sentence.test-review-138-1,这些小蜂蜜棒是天堂的小碎片。我的朋友们嘲笑我，因为你收到了这么多，但我送出了一些包裹，他们不再笑了。它们太美味了，真是一个完美的主意！
paragraph2sentence.test-review-138-2,好吧 - 我本来以为红罐是我习惯的法国市场风味，而白罐是……
paragraph2sentence.test-review-139-1,我最喜欢的 K 罩杯类型之一。非常适合早上或作为餐后咖啡。有淡淡的巧克力味，但这种咖啡并不像大多数风味咖啡通常那样苦。
paragraph2sentence.test-review-139-2,K杯咖啡，早上好，晚上好，添加了微妙的巧克力味，消除了任何苦味。
paragraph2sentence.test-review-140-1,这是我喝过的最美味的蛋白质饮料。我对大多数蛋白质饮料的味道特别敏感，并且无法处理它们，因为它们太浓了。这一款非常棒，没有其他产品的后味。我试过热的和冷的，它们都很棒。
paragraph2sentence.test-review-140-2,由于对液体产品的密度敏感，我通常对蛋白质饮料持谨慎态度。
paragraph2sentence.test-review-141-1,这是孩子们跑步时可以携带的方便零食。它由所有浓缩果汁制成，不添加任何糖（玉米糖浆等）。我 14 个月的孩子和 3 岁的孩子都很喜欢它们。它们确实会留下粘糊糊的脸和手，但很容易清洁。
paragraph2sentence.test-review-141-2,这是一款适合儿童的方便健康的水果零食。
paragraph2sentence.test-review-142-1,每次喝第一口这款咖啡都会让您微笑。它是所有速溶咖啡和大多数现煮咖啡中最受欢迎的。口感顺滑、浓郁，没有任何后味，咖啡因含量恰到好处。它提供了一种让创造力和体力流动的提升。当我一盒六瓶酒到达的那一刻，我感觉自己像个圣诞节早晨的孩子。我不会轻率地花钱，这也不例外。这种咖啡的质量以及每杯低廉的成本非常出色，因此它使这次购买成为不会出错的讨价还价类别。六瓶葡萄酒中的四瓶将成为今年夏天拜访朋友和亲戚时的礼物，就像一瓶精美的葡萄酒，但在未来几周内提供更多品味时刻。
paragraph2sentence.test-review-142-2,咖啡对某些昆虫（例如蛞蝓）有毒，但对蜜蜂有不同的影响。事实上，人们相信蜜蜂会从植物花中的咖啡因中获得“嗡嗡声”。
paragraph2sentence.test-review-143-1,就像蟹罐头一样，这种龙虾可能是龙虾，但罐头的味道和质地都很糟糕。它与新鲜产品完全不同。不要为此浪费钱。最好买新鲜的或冷冻的。
paragraph2sentence.test-review-143-2,如果是改装过的曼哈顿，那就更好了。
paragraph2sentence.test-review-144-1,这尝起来又旧又干——我发现它尝起来不新鲜，就像旧的速溶咖啡一样。我很失望，因为我买了这台机器是为了让我儿子上大学，并希望咖啡味道好。我仍然希望其他制造商开始为这台机器生产胶囊。但是，目前，这可能是可用的最强烈的味道，只是不是很美味。
paragraph2sentence.test-review-144-2,我对这个胶囊很失望，因为它味道不太好。
paragraph2sentence.test-review-145-1,我尝试每天喝几杯绿茶，而且我喜欢口味稍微多样化的。茉莉花的味道微妙而清淡。我以前可以在商店里找到它，但现在我找不到任何本地商店有卖它。这确实是好茶，批量购买比单独购买袋装更便宜。
paragraph2sentence.test-review-145-2,我现在批量购买我最喜欢的绿茉莉花茶，因为大多数商店不再出售它，但这样我省钱了！
paragraph2sentence.test-review-146-1,花生爱好者有福了！这是一种有嚼劲、坚果味、美味的食物。它比那些格兰诺拉麦片/能量/蛋白质棒更大，并且在花生酱/酸奶基础上装有花生，甜但不太甜。这种美味的零食是蛋白质和脂肪的良好来源。它的热量为 220 卡路里，不适合节食者，但味道鲜美且令人满意。强烈推荐。
paragraph2sentence.test-review-146-2,这是一个阻尼器。
paragraph2sentence.test-review-147-1,我在印度南部长大，经常喝椰子水。来自巴西的品牌味道更像天然椰子水。不是这个。这更像是嫩椰子肉混合到椰子水中。
paragraph2sentence.test-review-147-2,这种特殊的巴西椰子水饮料不仅味道像大自然，而且具有椰子果肉的柔嫩口感。
paragraph2sentence.test-review-148-1,这茶太棒了！其中一种成分（我猜是滑榆）完全覆盖了受刺激的喉咙，而且在嘴里尝起来很甜。第一种成分是甘草，但它的味道不像甘草——各种味道的混合很美味。
paragraph2sentence.test-review-148-2,当我感冒时，我会喝热茶。
paragraph2sentence.test-review-149-1,我开始给我超重的猫喂健康罐头食品，并停止所有其他食物，包括干粮。不再呕吐，不再疯狂地掉毛，不再整天乞讨食物并在半夜把我吵醒。她瘦了一点（不多），但她看起来很棒，而且我已经好几个月没有踩过一堆呕吐物了。喜欢这个食物！
paragraph2sentence.test-review-149-2,将我的猫的食物改为健康罐头有助于减轻她的体重、呕吐、脱毛和持续的饥饿感。
paragraph2sentence.test-review-150-1,当我拿到麦片时，我很兴奋，因为我得到的价格比杂货店的价格便宜得多。但麦片尝起来有点不新鲜。不确定是不是只有这一盒。我会再拿一个盒子来确认一下。
paragraph2sentence.test-review-150-2,这些根本不会让他们咳嗽。
paragraph2sentence.test-review-151-1,我一直很喜欢苦杏酒，但在我的地方买不到。它的美妙之处在于它不需要冷藏（它可以储存在 35 到 80 华氏度之间），所以你可以批量购买。它有点贵，但对我来说值得。
paragraph2sentence.test-review-151-2,任何在 40 华氏度以上温度超过 2 小时的易腐烂食品都应丢弃。
paragraph2sentence.test-review-152-1,多么美味的咖啡啊，浓而不苦，味道浓郁但不浓烈，你可以选择你的烘焙偏好（我选择了深色）。包装也很可爱，适合我们这些关心的人！直接发货，2天就收到包裹了。尝试一下，你会喜欢的！
paragraph2sentence.test-review-152-2,这并不是一种可怕的气味，只是你必须习惯的气味。
paragraph2sentence.test-review-153-1,我喜欢这款咖啡，但是这个价格是怎么回事？我当地的沃尔玛以 3.00 美元的价格出售，有时打折时售价为 2.50 美元，而这里的价格是每件 4.15 美元？这是为什么？为什么有人会从这里购买它？
paragraph2sentence.test-review-153-2,好咖啡的售价为 4.15 美元，而沃尔玛的售价为 3.00 美元，售价为 2.50 美元。
paragraph2sentence.test-review-154-1,这味道太棒了！唯一的事情是我希望它们有更多的松树和/或薄荷/薄荷醇的味道。它有一个美妙的柔软中心，几乎没有余味，不像我尝试过的任何其他止咳药水。它们都有余味，让我有点口干舌燥。
paragraph2sentence.test-review-154-2,这些止咳药没有前后味道。
paragraph2sentence.test-review-155-1,大约一年前，我开始购买亨利和丽莎的金枪鱼，非常棒。这是装在罐头里的实心金枪鱼腰肉，没有鱼腥味——这是无与伦比的。不幸的是，每次发货的质量都在逐渐下降。起初，边缘周围有一些质量较差的金枪鱼填充物，现在看来罐头更常见地只含有质量较差的肉。这里的一些好评是大约一年前的，根据我的经验，该产品从那时起就发生了变化。它仍然比我尝试过的大多数其他品牌更好，而且它是我唯一可以吃的金枪鱼，而不必用大量调味品隐藏气味和味道。金枪鱼的额外成本被我节省的调味品部分抵消了。我给它四颗星，因为罐头不含 BPA，对海豚安全，而且它仍然是相对较好的金枪鱼。
paragraph2sentence.test-review-155-2,金枪鱼是世界上食用最广泛的鱼类之一，通常作为牛排或罐头食用。
paragraph2sentence.test-review-156-1,您的狗会喜欢这些烟熏培根味的零食！柔软但耐嚼，这些零食在我们家很受欢迎！我们强烈推荐给您的狗！
paragraph2sentence.test-review-156-2,可能会在今年晚些时候重新订购。
paragraph2sentence.test-review-157-1,几年前，当我姐姐送给我一罐作为礼物时，我第一次接触到这种松露盐。使用罐子后（我喜欢把它撒在我自制的披萨上！）我在当地的一家美食店买了另外几个不同品牌的罐子，但都没有 FungusAmongUs 好。我从网上美食店购买了第三个品牌......仍然没有那么美味。我很高兴终于在亚马逊上以非常合理的价格找到了 FungusAmongUs（与我为其他人支付的价格相比）。几天后罐子就到了。我做了披萨并打开了罐子……哦，太高兴了！很多松露规格和我几年前记得的同样美味的味道。谢谢亚马逊，谢谢 FungusAmongus！
paragraph2sentence.test-review-157-2,自制披萨是订购披萨的绝佳替代品，因为它可以为您节省不少钱！
paragraph2sentence.test-review-158-1,这是一种非常有味道的茶。石榴的香味扑鼻而来。它不像普通绿茶那样朴实。它是果味的。我不觉得我错过了传统茶包所提供的任何东西。我用整片茶叶、茶包和 K 杯泡绿茶。 K-cup 让一切变得更加愉快，因为它速度快且无需清理。我认为每一杯茶的味道都是新鲜的，因为这不像打开一个盒子然后把它放在一边等着我用掉剩下的东西。我一定会再次购买这款茶 K 杯。
paragraph2sentence.test-review-158-2,我会做很多次，并尝试盒子上提到的葡萄干和肉桂添加物。
paragraph2sentence.test-review-159-1,根据评论，以及事实上我不喜欢我尝试过的许多蒂莫西咖啡（但我一直在尝试这里的价格！），我根本没想到会喜欢这个。但我喜欢贝利爱尔兰奶油，所以我点了一杯这种口味的（来自另一个网站）。多么可爱的惊喜啊！味道确实像加了一杯贝利酒，而且下面的咖啡也很好喝，至少不妨碍贝利酒的味道！我将从这里订购 2 盒装！
paragraph2sentence.test-review-159-2,鸡尾酒是一种或多种酒精的组合，与软饮料/和/或其他成分混合，创造出一种独特的、令人兴奋的风味饮料。
paragraph2sentence.test-review-160-1,Pacific Chai 椰子拿铁太棒了。我每天早上都会喝一杯，里面有椰子油。而且通过亚马逊购买比在商店便宜得多。我住的地方距离任何杂货店大约一小时路程，所以很高兴能够将其运送到我家门口。
paragraph2sentence.test-review-160-2,亚马逊以更低的价格将我最喜欢的太平洋椰子拿铁拿铁送到我家门口！
paragraph2sentence.test-review-161-1,这些零食深受狗狗的喜爱，尺寸合适，而且拿在手中不会有异味或感觉太恶心。不太确定对它们还能说些什么，除了如果有机对你很重要，那么这些似乎是狗零食的少数选择之一。我会再次购买它们。
paragraph2sentence.test-review-161-2,有机狗零食具有良好的质地和触感。
paragraph2sentence.test-review-162-1,有点怀疑，我买了一些调味盐作为礼物，并给自己买了这个。事实证明，烟熏味增加了很好的风味，尤其是在豌豆汤或烧烤酱的配方中。值得一试！
paragraph2sentence.test-review-162-2,我给自己买了调味盐，我认为值得一试！
paragraph2sentence.test-review-163-1,我喜欢所有突然沙拉产品的便利性和味道。然而，这个Chipotle Ranch是我最喜欢的。它有恰到好处的活力，但又不会太过分。它是奶油味的，味道鲜美。我的家人没花很长时间就吃完了一包 12 个！我强烈推荐它！
paragraph2sentence.test-review-163-2,Chipotle Ranch 突然沙拉奶油和辛辣的沙拉酱是推荐的家庭最爱。
paragraph2sentence.test-review-164-1,这些饼干非常柔软而且非常美味。这些香料让我想起我的奶奶和她烤的饼干！嗯。
paragraph2sentence.test-review-164-2,不幸的是，我当地的小卖部还没有携带这些。
paragraph2sentence.test-review-165-1,我和我丈夫都非常喜欢这种茶的味道！我们经常收到台湾亲戚送的乌龙茶作为礼物，但我们有一段时间没去台湾了，所以就用完了。我点了这茶希望能填补我们下次旅行之前的空白。它的品质很好，只有大而完整的叶子。它具有细腻的味道和可爱的香气。和台湾的高山乌龙茶一样好。我会向所有喜欢乌龙茶或有兴趣尝试它的人推荐这款茶。
paragraph2sentence.test-review-165-2,我和我丈夫用完了我们最喜欢的茶。
paragraph2sentence.test-review-166-1,今天刚刚喝了第一杯这种茶。我在茶中加入牛奶和糖，虽然它是好茶，但有轻微的苦味。不，我没有把它放在地上太久。我希望我可以一次买一罐而不是三罐。不确定我能否喝完所有的茶。不过，根据茶叶附带的书面信息，我确实对种植园开明的主人表示赞赏。我只是想更多地享受茶的味道。
paragraph2sentence.test-review-166-2,咖啡开始滴落，我的厨房开始闻起来很香，这让我对一杯美味的咖啡抱有很高的期望。
paragraph2sentence.test-review-167-1,我喜欢伊甸园巧克力豆浆加热热巧克力。不需要冷藏，不太甜（也没有精制糖），恰到好处的巧克力奶油质感。我喜欢单独的包装，这样我就可以偶尔喝到热巧克力，而无需用完整个容器。检查您正在使用的可可混合物上的标签，您会想要快速转变！第一次它的味道与传统的热巧克力不同——尽管并不令人不快，但我又尝试了一次，现在这是我的热巧克力！
paragraph2sentence.test-review-167-2,Eden 巧克力味豆奶采用独立包装，是美味奶油热巧克力的更健康的替代版本，无需冷藏。
paragraph2sentence.test-review-168-1,味道持续了 3 秒（外面的草莓味口香糖与酸橙液体中心混合），非常令人愉快。之后，一切都是下坡路。自从小时候咀嚼果条口香糖以来，我从来不记得口香糖这么快就失去了味道。你可能会得到 5-10 分钟的味道，之后就像咀嚼橡胶一样。包装是另一个烦恼，它是一个铝箔泡罩包装，带有一个装有九块口香糖的纸板套。如果你认为整个东西都可以放在类似曼妥思的包装中，那就太浪费了。我买了 3 件装，这是个错误。如果必须的话，请选择单包。这足以让你失去兴趣。
paragraph2sentence.test-review-168-2,水果条口香糖很快就会失去味道，而且包装也很浪费。
paragraph2sentence.test-review-169-1,我吃不够这种果冻，我把它用在鸡肉、猪肉上，凡是你能想到的......我经常做鸡肉三明治，这种果冻非常适合鸡肉三明治......很棒的产品
paragraph2sentence.test-review-169-2,除了美味之外，这种果冻还为鸡肉和猪肉增添了完美的口感。
paragraph2sentence.test-review-170-1,优质的辣椒，健康的食材，对于那些试图在饮食中做出明智选择的人来说是一个绝佳的选择。只需阅读标签即可！
paragraph2sentence.test-review-170-2,过去五年来，食品标签法规受到了严格审查。
paragraph2sentence.test-review-171-1,我从来都不喜欢果酱或蜜饯。我想我应该尝试一下这个，因为我确实喜欢姜。这真好吃！姜的味道不会太浓（就像其他一些姜酱混合物一样），大黄的味道也不会太浓或太酸；太完美了！我一定会再买这个。我喜欢把它放在吐司上当早餐，配上一杯咖啡，或者作为下午茶配上一杯茶。
paragraph2sentence.test-review-171-2,吃早餐通常与降低体重和提高学习成绩有关。
paragraph2sentence.test-review-172-1,液体有化学物质的气味，蛤蜊的味道是一样的。我怀疑这些是否可以安全食用。要么是蛤蜊本身，要么是它们所装的水，都来自受污染的水源。由于亚马逊不承担退款责任，我将它们扔进城市垃圾中。
paragraph2sentence.test-review-172-2,我主要是素食主义者（我尽量避免吃肉），而且我喜欢咸味和辛辣的食物。
paragraph2sentence.test-review-173-1,味道很好，没有普通爪哇的味道。我怀念嗡嗡声，但不怀念酸度。对于突然必须暂时或长期停止喝咖啡的人来说，这会起作用。我在卡布奇诺机中使用它。价格优惠，运输快捷。
paragraph2sentence.test-review-173-2,我怀念普通java的嗡嗡声，但不怀念酸度。
paragraph2sentence.test-review-174-1,这种能量饮料非常难找。我打电话给汉森找到了它。它一次少量制成，成分优质，天然。这是我和我丈夫喝的唯一能量饮料。它很贵但是值得。
paragraph2sentence.test-review-174-2,能量饮料含有水、糖和咖啡因，但高剂量的咖啡因会导致健康问题。
paragraph2sentence.test-review-175-1,我的未婚夫喜欢幸运饼干，所以我认为这将是一个很好的创意方式来提出这个问题。好吧，当我上周五终于做到这一点时，她很喜欢这个主意（尽管不知怎的，她从一开始就让我明白了哈哈）。无论如何，我对这些饼干的质量并不是特别兴奋。接缝没有完全闭合。我可以通过饼干的背面看到“威尔”这个词。另外，对于那些正在寻找正宗饼干的人来说，这是一个巨大的警告……包装纸就是这样，一个普通的塑料包装纸。我期待一些中文字体或某种设计让它更可信一些。最后但并非最不重要的一点是价格。对于您获得的质量，我更倾向于尝试打开 cookie 并将消息放入我体内的技巧（在线教程）。至少这样我就可以准确地输入我想要的内容。对于你所得到的东西来说，它们的价格太高了。只有在绝望时才购买。
paragraph2sentence.test-review-175-2,幸运饼干是用塑料包装纸而不是正宗的中国包装纸，这令人失望。
paragraph2sentence.test-review-176-1,我今天刚收到邮件，并尝试了我的第一个杯子。令我惊讶的是，味道非常好，我几乎不需要任何甜味剂就可以喝它。这里面含有留兰香和康普茶，我不知道它们对整个茶有什么主要影响，但我完全意识到它可以提供的额外好处。事实上，我比天赐绿茶更喜欢这种方式。这味道更正宗，而且是有机的，这对我来说很重要。我肯定会向我认识的喝绿茶的人推荐这个。到目前为止，这个效果很好。感谢亚马逊提供此服务。
paragraph2sentence.test-review-176-2,第一次尝试亚马逊的留兰香和康普茶绿茶，比其他品牌更健康、更美味、有机、更好。
paragraph2sentence.test-review-177-1,猫薄荷对所有猫的影响并不相同。我的一位母亲和她的两个女儿似乎都不受这种影响。该产品气味浓烈，所以我认为它对其他猫也很有效。我会把它送给别人，希望其他猫会喜欢它。
paragraph2sentence.test-review-177-2,我的猫、一位母亲和她的两个女儿似乎对猫薄荷免疫。
paragraph2sentence.test-review-178-1,巧克力片给这款美味的脆饼带来了很大的变化。强烈推荐这种饼干，但这些饼干有点脆弱，在邮寄到最终目的地时不太好，所以预计有些饼干到达时会破裂，但味道仍然很好。
paragraph2sentence.test-review-178-2,我不久前改喝无咖啡因咖啡，并正在寻找一个很棒的样品包。
paragraph2sentence.test-review-179-1,我用了很多金块。在我发现这些小块的好处之前，我用的比 Boullion 更好，主要是鸡肉味，很棒，但我不太喜欢某些成分，即使我使用有机版本。 Gourmet Organic 的素食肉块绝对美味，我使用它们感觉很好。
paragraph2sentence.test-review-179-2,我喜欢使用 Gourmet Organic 的蔬菜肉块，因为它们很美味，而且我对成分感觉更好！
paragraph2sentence.test-review-180-1,我真的很喜欢榛子咖啡。如果您正在寻找浓咖啡，这不是您想要的。有一个更大胆的版本，可能更适合您。但这确实是好咖啡。这是我每天喝的东西。非常好的东西。
paragraph2sentence.test-review-180-2,我丈夫可以吃他的 Costco 松饼，而我则有自己的松饼。
paragraph2sentence.test-review-181-1,该产品尝起来像粉笔，没有丝毫酸味。我打电话给收到我付款的经销商，他们说我必须与糖果制造商联系。就我而言，产品很糟糕，服务至少可以说很糟糕
paragraph2sentence.test-review-181-2,酸糖一点也不酸，而且味道很糟糕！
paragraph2sentence.test-review-182-1,如果您喜欢角豆树并且喜欢烘焙，那么这是一个很棒的产品。您可以在任何需要糖蜜的食谱中替代它，它会添加浓郁的角豆风味。它不像普通糖蜜那么甜，所以你可能需要相应地调整食谱（有些人建议用蜂蜜代替 1/4 的糖蜜）。我的运输没有任何问题，所有罐子都完好无损地到达，没有泄漏。
paragraph2sentence.test-review-182-2,该产品可用于在任何需要它的食谱中替代角豆。它的味道很丰富，但不太甜。
paragraph2sentence.test-review-183-1,这个麦片棒极了！最后，我不用开车到处跑就能买到它，希望它在我以前见过的地方有货。这很艰难。更好的是——亚马逊上的价格更便宜！而且是 Prime 发货！谢谢亚马逊！
paragraph2sentence.test-review-183-2,Amazon Prime 有许多运输优惠，包括免费两日送货。
paragraph2sentence.test-review-184-1,总体而言，这是一个很好的混合，但考虑到种子的大小不同，发芽率有点混合。味道很好，可能更喜欢不混合的种子，这是我下次买种子时会尝试的。将它们与豆芽屋一起使用，效果很好。
paragraph2sentence.test-review-184-2,给种子浇水时，使用发芽软管是最有效的，但发芽率会根据每个种子的大小而有所不同。
paragraph2sentence.test-review-185-1,我们喜欢这种西南辣椒调味料。我们用它来制作莎莎酱。我很高兴能够从这里得到它。
paragraph2sentence.test-review-185-2,我们是 Ah-Choo 的主要弟子，并且已经在我们的幼儿身上使用它几个月了。
paragraph2sentence.test-review-186-1,我读过的关于这种意大利面的每条评论都令人赞叹，所以我们想尝试一下。我已经无麸质近两年了，到目前为止，我们已经尝试过 Trader Joe’s、Tinkyada、Schar、Bionaturae 和 Le Veneziane 意大利面。我们认为 Jovial 很快就会成为我们的最爱。相反，我们发现它有些令人失望。味道很好，但质地与我们尝试过的其他糙米意大利面令人失望。我们也小心地遵循了盒子上的时间建议。我还有几个盒子，所以如果我再次制作 Jovial 并取得更好的效果，我会更新这篇评论。与此同时，我们最喜欢的面食仍然是Le Veneziane。
paragraph2sentence.test-review-186-2,面食和披萨是意大利的两种主要主食。
paragraph2sentence.test-review-187-1,这些拉拉酒吧绝对美味！棒棒糖的绝佳健康替代品。饼干面团的味道很像真正的饼干面团，不含有害的糖和人造香料。布朗尼的味道也很棒。
paragraph2sentence.test-review-187-2,Lara bar 的诞生是为了生产一种“非常健康、味道鲜美的产品”。
paragraph2sentence.test-review-188-1,很棒的薄荷糖，与浓郁的黑巧克力搭配不太浓。不幸的是，这里的价格被高估了 400%。没错——超市里只要 1.39 美元。这让我相信他们的其他产品在这里也定价过高。没有销售。
paragraph2sentence.test-review-188-2,薄荷糖很好，但我相信这里很多产品都定价过高。
paragraph2sentence.test-review-189-1,一个多星期前，我在邮件中收到了大约一茶匙开菲尔谷物。从那时起，它们已经增加到超过一汤匙。我以前买过几种开菲尔培养物，但没有一个生长得这么快。这些谷物也是一种很好的强效开菲尔！这也可以用来制作非常美味的奶酪。一定要严格按照卖家的说明进行操作，因为这些小东西的威力非常大！它的味道比商店里买的开菲尔要浓得多。如果你不习惯这个味道，可以尝试将其与果汁混合。如果你最后谷物太多，又不能送掉，你可以吃多余的。它们和蜂蜜很搭。 （如果您不习惯吃开菲尔谷物，您应该从少量开始。）如果您有任何问题，卖家非常友善并且非常乐于助人。可能是我在亚马逊上遇到过的最好的人。
paragraph2sentence.test-review-189-2,开菲尔谷物是一种一旦购买就可以在家里繁殖的文化。
paragraph2sentence.test-review-190-1,对于那些喜欢女童子军薄薄荷饼干但又因无法随时购买而感到沮丧的人来说，薄荷奥利奥可以为您在买不到薄薄荷饼干时提供令人满意的替代品。当我第一次尝试这个时，我第一个想到的就是薄薄荷糖，因为巧克力、面粉和薄荷的味道令人惊叹。如果您喜欢薄薄荷糖或只是薄荷味的东西，请尝试一下薄荷奥利奥，您不会失望的！薄荷馅儿非常适合舔掉饼干！嗯！
paragraph2sentence.test-review-190-2,薄荷奥利奥是女童子军薄薄荷饼干的令人满意的替代品，而一年中的任何时候都买不到。
paragraph2sentence.test-review-191-1,我自 1970 年以来一直在吃 Loma linda 产品，我都很喜欢它们。这些是我吃过的最好的热狗。亚马逊的价格也低于基督复临安息日商店。
paragraph2sentence.test-review-191-2,亚马逊以最低的价格提供我最喜欢的热狗。
paragraph2sentence.test-review-192-1,这是我尝过的最好的商店买的莎莎酱。我喜欢它不像你在商店里找到的大多数莎莎酱那么厚实。我确实发现亚马逊上的价格太高了。如果您是 Costco 会员，请在当地商店购买。
paragraph2sentence.test-review-192-2,其他口味我儿子不肯吃。
paragraph2sentence.test-review-193-1,我使用所有的动态健康浓缩果汁。这是无需糖即可获得益处的好方法。我们用来给酸奶等食物调味，制作我们自己的调味水，流行的脂肪冲洗程序使用酸果蔓汁，但有时我会添加另一种口味来稍微改变一下，所有调味浓缩果汁都很好，我都买了。
paragraph2sentence.test-review-193-2,我购买并使用所有调味动态健康浓缩果汁来给食物甚至水调味。
paragraph2sentence.test-review-194-1,我一直很喜欢巧克力，非常奶香的巧克力。然后我被诊断出对牛奶过敏，我认为我必须完全放弃巧克力，因为即使可可含量非常低，我也永远不能吃黑巧克力，比如含糖黑巧克力。我有足够的勇气尝试了 90% 作为我的第一块黑巧克力，虽然一开始它太苦了，但我只吃了三块就被迷住了。我喜欢这个按扣，同时也让方块在我嘴里融化。我开始每天吃半块，持续了几周，直到我放慢了自己的速度，不得不切换到 85%，但它仍然很棒。我也用它来烤饼干，效果非常好。我通常从亚马逊产品页面上列出的任何卖家那里订购，但想对亚马逊的直接发货发表评论。我在加利福尼亚州南部 90 度的天气下订购了这些巧克力棒，担心它们到达时会融化（无法抗拒，我需要巧克力修复），但亚马逊在发货时附有两个由聚苯乙烯泡沫塑料包围的冰袋，无需额外付费。包装到达时显然已经融化了，但巧克力非常好。谢谢亚马逊:)。
paragraph2sentence.test-review-194-2,如果您发现自己很难找到巧克力，并且不得不在炎热的天气下运送巧克力，请记住在邮寄时使用冰袋。
paragraph2sentence.test-review-195-1,我开始购买 Go Raw 产品。我不是素食主义者，但我不吃大多数商业加工食品，因为它们不再是天然的。然而，Go Raw 生产的是我认为经过适当加工的食品，对此我非常感激。我不喜欢我买的这两种薯片，但我喜欢并将继续购买它们的种子。我在旅行时使用 Go Raw 产品，因为我不会在餐馆吃饭，也不会吃大多数杂货店出售的东西。
paragraph2sentence.test-review-195-2,我在旅行时吃 GoRaw 产品。
paragraph2sentence.test-review-196-1,我从亚马逊买了鸭肉酱，因为我平时最喜欢的鸭肉酱不再在Chefshop.com上销售了。我期待着一份非常好的熟肉酱。风味十足的熟肉酱。我得到的是一个雷勒特，甚至缺乏鸭子和香草/香料的味道。不过质感还是不错的。尝起来更像是猪肉酱。我不会推荐胭脂佩里戈尔鸭熟肉酱。
paragraph2sentence.test-review-196-2,《丑小鸭》是一则寓言，其中的寓意教导读者不要以外表来评判他人。
paragraph2sentence.test-review-197-1,这些碎粒发芽效果非常好，我已经能够用发芽碎粒磨碎的面粉制作出美味的荞麦华夫饼。盖子密封性很好，所以应该不会有任何新鲜度问题。碎粒的质量非常好——我没有发现任何不合格的碎粒。每当我真正吃完五磅的时候，我肯定会再次购买这个产品！
paragraph2sentence.test-review-197-2,当我第一次打开袋子时，我就被浓郁的香气所吸引，有点让人想起鼠尾草。
paragraph2sentence.test-travel-198-1,内陆地区，紧邻主干道的是迷人的波彻斯小村庄，这里有一些经典的白色阿尔加威房屋和金丝装饰的烟囱。门廊因其手绘陶器而闻名整个乌加尔港，尽管您在村庄本身找不到太多。最著名的商店位于 EN 125 路线沿线。
paragraph2sentence.test-travel-198-2,中世纪护城河：在挖掘新的入口大厅时，一座 12 世纪堡垒的地基和吊桥支架被暴露出来。
paragraph2sentence.test-travel-199-1,轮滑已经成为柏林的一种生活方式；以至于从春季到八月，每月的第二个周三被指定为“刀锋之夜”。米特区的街道禁止车辆通行，但对直排轮滑者免费开放。冬天，乐趣转移到室内——“刀锋之夜”在特雷普托的竞技场音乐厅举行。
paragraph2sentence.test-travel-199-2,滑板是一项流行多年的极限运动，最近已成为某些群体的时尚宣言。
paragraph2sentence.test-travel-200-1,中国人热情地认为外国人无法忍受超过十分钟的中国传统戏曲。事实上，你可能会发现声音刺耳，举止令人抓狂（许多角色似乎大部分时间都在摆弄他们的袖子，袖子可能会卷到地板上）。因此，如果您的导游或主持人将您赶出剧院，进入傍晚的交通中，您不必介意。
paragraph2sentence.test-travel-200-2,在寒冷的天气里通常穿长袖。
paragraph2sentence.test-travel-201-1,钓鱼。在内华达山脉钓鳟鱼是您可以在国家公园享受的众多户外活动之一。获得钓鱼许可证，沿着约塞米蒂国家公园的图奥勒米河 (Tuolumne River) 进行露营探险，或者尝试一下默塞德湖 (Merced Lake)，这是从约塞米蒂国家公园 (Yosemite Valley) 出发的三天游。在红杉，Bearpaw Meadow 也提供不错的钓鱼之旅。
paragraph2sentence.test-travel-201-2,内华达山脉的国家公园里有许多户外活动等待着冒险家。
paragraph2sentence.test-travel-202-1,这个位置有许多有利的自然属性。该岛长 27 公里（17 英里），宽不到 1 公里，形状像数字 7，与尤卡坦半岛仅相隔 10 m（33 英尺）水深。它的东部海岸线是一长条细白沙滩（沿海岸线有七个命名的海滩），被加勒比海半透明的蔚蓝海水冲刷着。岛屿和大陆之间是尼楚普特湖 (Laguna Nichupté)，这是一个巨大的海水泻湖，周围环绕着红树林沼泽，是多种野生动物的天堂。
paragraph2sentence.test-travel-202-2,该岛风景优美的地理优势在于它距离大陆如此之近（仅相隔 10m 深的水），一侧拥有梦幻般的白色沙滩，另一侧拥有野生动物遍地的红树林沼泽。
paragraph2sentence.test-travel-203-1,有着500年历史的前门，是原城墙九门之一，至今仍矗立在天安门广场南端（箭楼旁）。 1958年至1959年北京现代化过程中，城墙被拆除，其他大部分城门都倒塌了。这座高耸的建筑内设有老北京摄影展，可以登上这座建筑欣赏首都的景色。宫廷每年一度的天坛巡游都曾经过这里。
paragraph2sentence.test-travel-203-2,北京城墙的正门是仅存的城墙之一，现在接待展览和游客，登上有 500 年历史的前门，俯瞰天安门广场和首都的景色。
paragraph2sentence.test-travel-204-1,在 Pejeng 地区以北，道路爬升 10 公里（6 英里）到达 Tampaksiring，那里的工艺品商店竞相吸引旅游巴士在前往巴杜尔的途中停下来（请参阅第 59 页）。在长长的村庄街道中间，寻找一个指示牌，指向右侧通往 11⁄2 公里（1 英里）外的卡威山 (Gunung Kawi) 的路标。一段长长的台阶通向山谷，两旁摆满了出售鲜艳纱笼、雕刻椰子壳和冷饮的摊位。饮料摊贩可以耐心等待——炎热、口渴、疲倦的游客辛苦地回来，这是一个被占领的市场。
paragraph2sentence.test-travel-204-2,坦帕克西林 (Tampaksiring) 和卡维山 (Gunung Kawi) 是街头小贩的热门地区，他们出售纱笼、雕刻的椰子壳和冷饮来吸引路过的游客。
paragraph2sentence.test-travel-205-1,巴亚尔塔最初的酒店是沿着宽阔、柔软的沙滩建造的，从机场一直延伸到市中心。酒店区沿线拥有众多优质酒店，该地区也是休闲水上运动的好去处，并且方便前往巴亚尔塔的许多宝藏。这里也是 Terminal Marítima（海运码头）所在的城镇区域，是游轮以及众多游览船的停靠点。
paragraph2sentence.test-travel-205-2,巴亚尔塔（Vallarta）从机场横跨市中心，拥有许多一流的酒店，是休闲水上运动和游轮停靠的热门地点。
paragraph2sentence.test-travel-206-1,随着改革之风从莫斯科吹来，卡达尔于 1988 年下台，1989 年反对党的组建合法化。匈牙利是第一个拉开铁幕的国家，拆除了奥地利边境的铁丝网，允许东德人逃往西方。 1990年，该国举行43年来首次自由选举，再次被称为共和国； 1991年成为欧洲共同体准成员。 1997年，匈牙利获得北约成员资格。
paragraph2sentence.test-travel-206-2,1954年，北约成员国拒绝了苏联加入该联盟的提议。
paragraph2sentence.test-travel-207-1,最终，这条路在圣尼古拉奥斯 (Ágios Nikólaos) 与海岸交汇，这里可能是克里特岛东部最美丽的小镇。虽然 Ágios Nikólaos——众所周知的 Ag。尼克 - 遭受了 20 世纪 70 年代突然出现的丑陋建筑的影响，并且拥有一群年轻而喧闹的人群，它努力保持其特色，并提供比马利亚/赫索尼索斯地带更希腊的氛围。
paragraph2sentence.test-travel-207-2,古老的克里特岛是米诺斯人的故乡，由几个相互竞争的城邦组成。
paragraph2sentence.test-travel-208-1,2000多年前，灵运河建成时，桂林就有人定居，有效地连接了长江和珠江。桂林与人类最雄心勃勃的工程项目之一的联系非常重要，但除此之外，这座城市的消息却很少。桂林作为省会已有数百年之久，而在近代，由于有大量的洞穴可供藏身，桂林成为抗日战争的中心。如今，这座从战争废墟中重建的城市正在蓬勃发展，这在很大程度上要归功于其壮观的风景。
paragraph2sentence.test-travel-208-2,长运河通常被称为神奇运河，将长江和珠江连接在一起，是有史以来修建的第一条运河。
paragraph2sentence.test-travel-209-1,1846年，在一场令人厌恶的宫廷阴谋中，一场悬而未决的谋杀案、女王的干涉以及对被引诱到宫廷的一百多名宫廷高级人物的屠杀，这些事件的煽动者成为了王位背后的权力。他是一个野心勃勃、不择手段的 29 岁年轻人，名叫荣格·巴哈杜尔·拉纳 (Jung Bahadur Ra​​na)。不久，他就流放了国王，用年轻的王储取代了他，并安排自己和他的家人成为世袭首相。
paragraph2sentence.test-travel-209-2,1846 年，荣格·巴哈杜尔·拉纳 (Jung Bahadur Ra​​na) 策划了一场屠杀约 100 名宫廷高级人物的事件，成为王位背后的掌权者。
paragraph2sentence.test-travel-210-1,沿着运河夜间巡游并享用晚餐是欣赏阿姆斯特丹不同景色的美妙而浪漫的方式。许多桥梁和历史建筑在夜间亮起灯光，城市更加宁静。 Lovers 公司（参见第 116 页）拥有小型和大型船只，并提供葡萄酒和奶酪游轮或全套晚餐游轮。如果想要更加私人的游轮（并且您可以安排自己的行程），您可以在较小的水道中租用水上出租车。
paragraph2sentence.test-travel-210-2,几个世纪以来，贡多拉是威尼斯运河上最常见的交通工具。
paragraph2sentence.test-travel-211-1,对于喜欢浏览的人来说，阿姆斯特丹是一座金矿。值得庆幸的是，这座城市还没有被国际连锁店占领，市中心的狭窄街道、运河环和约旦区是无数小型独立精品店的所在地——在这里，您可以漫步几个小时，寻找个性化的礼物。距离“国际”购物中心最近的街道 Kalverstraat 是年轻时装店和百货商店的所在地。
paragraph2sentence.test-travel-211-2,阿姆斯特丹是一个为国外亲友购买礼物的绝佳城市。
paragraph2sentence.test-travel-212-1,沿着 Calle Oficios 继续向西，您将到达经过精心修复的旧金山广场，这里有高档商店、餐厅和宏伟的 18 世纪圣弗朗西斯科阿西斯教堂和修道院。修道院内设有一座藏有西班牙珍宝的博物馆，您可以登上钟楼欣赏哈瓦那旧城的壮丽景色。这里经常举办音乐会。在附近，您会发现几座无可挑剔的殖民时代房屋，其外墙色彩鲜艳。
paragraph2sentence.test-travel-212-2,旧金山广场附近的殖民时代房屋是您游览中值得一去的地方。
paragraph2sentence.test-travel-213-1,广东省深圳市（Shumchun）。经验丰富的旅行者只记得岑春只是港广铁路线上一个不起眼的边境小镇。然而，它现在是与香港和澳门资本家合资工业企业的经济特区的中心。拥有海滩和温泉，其旅游潜力也在迅速开发。从香港出发的一日游让深圳得以一睹中国生活，但其位于经济缓冲区的位置使其非典型。
paragraph2sentence.test-travel-213-2,广东省的一个小镇森春虽然以前并不出名，但如今已成为经济特区的中心，旅游潜力迅速发展。
paragraph2sentence.test-travel-214-1,波罗斯距离希腊大陆不到 152 m（500 英尺），位于阿尔戈利德半岛东北海岸附近，乘坐水翼船 55 分钟即可到达比雷埃夫斯。小帆船挤满了狭窄的海峡，夏季这里是帆船爱好者的天堂。波罗斯镇是岛上唯一的定居点，是一座小山上蜿蜒狭窄街道的迷宫。海滨是所有活动的中心，水边遍布小酒馆和咖啡馆。波罗斯的其他地区覆盖着青翠的松树林，海岸线上点缀着小岩石海湾，非常适合游泳和浮潜。
paragraph2sentence.test-travel-214-2,位于英国西南部的康沃尔郡海岸线每年都会以其宏伟的海滩和海滨景点（包括帆船、冲浪和露营）吸引众多度假者。
paragraph2sentence.test-travel-215-1,您可以自己步行、租用自行车或租用该地区的一辆带篷三轮车游览胡同。但大多数游客更喜欢导游。北京胡同旅行社（电话：6615-9097）通过酒店服务台预订旅游，拥有一支由英语导游带领的红篷三轮车车队。它的胡同之旅结合了后湖区的许多景点，并有机会走进四合院并与现代居民交谈。
paragraph2sentence.test-travel-215-2,导游通常对景点的历史、文化、布局等有专门的深入了解，负责通知和引导一群游客游览感兴趣的景点。
paragraph2sentence.test-travel-216-1,曼努埃尔麾下最重要的一次探险是瓦斯科·达·伽马 1497 年夏天从里斯本出发的传奇海上航行，这一点在葡萄牙民族诗人路易斯·德·卡蒙斯（Luís de Camões，1524-1580 年）的史诗《卢西亚德斯》（The Lusiads，1572 年）中得以永垂不朽。绕过现在的好望角，达伽马找到了哥伦布 1492 年一直在寻找的东西（尽管方向错误）：通往东方利润丰厚的香料的海路。葡萄牙人由此结束了威尼斯对东方贸易的垄断，并开始吸引欧洲各地的商人来到里斯本。
paragraph2sentence.test-travel-216-2,《卢西亚德斯》是葡萄牙诗人路易斯·德·卡蒙斯于 1572 年创作的史诗。
paragraph2sentence.test-travel-217-1,回到大陆，塔维拉东部主干道（EN-125，仍然是！）的一个岔路将少数游客引向卡塞拉维尔哈（Cacela Velha），这是一个完美迷人的白色小村庄，俯瞰着大海。这里有一座 18 世纪的教堂、一个电话亭、一片墓地、一口古井，以及几座精心照料、装饰着鲜花的蓝白色房屋。
paragraph2sentence.test-travel-217-2,启蒙运动见证了 18 世纪哲学和科学的兴起和培育，特别是在法国和美国革命期间。
paragraph2sentence.test-travel-218-1,哈瓦那旧城最古老的街区和温馨的街道以西是一片拥有宽阔林荫大道和宏伟宫殿的地区。最美丽的大道是普拉多大道（正式名称为马蒂大道），从中央公园一直延伸到大海。宏伟但破旧的建筑，有着褪色的火烈鸟粉色和石灰绿色的外墙和华丽的柱子，两侧是高高的月桂树长廊、煤气灯和大理石长凳。在 19 世纪，这里是这座城市最时尚的散步场所。现在，它成为哈瓦那人（哈瓦那公民的称呼）的迷你公园，从恋人和玩自制滑板的孩子到游街示众的妓女。
paragraph2sentence.test-travel-218-2,普拉多是哈瓦那旧城一条美丽的大道，是哈瓦那市民的迷你公园。
paragraph2sentence.test-travel-219-1,沿着长长的大陆军大道从星辰大道往下走，在优雅、绿树成荫的纳伊郊区，一座座塔楼隐约可见。过了河，您就来到了一座迷你曼哈顿，自 1969 年以来，这座城市一直在蓬勃发展，现已成为一座独立的城市。在这个过程中，它以某种方式成功地获得了灵魂，尽管它的一些被风吹过的空间规模非人道。
paragraph2sentence.test-travel-219-2,从星辰号出发，沿着格兰德军队大道过河，您会发现自己身处微型曼哈顿，它从风吹草动的平原发展成为一座有灵魂的繁荣城市。
paragraph2sentence.test-travel-220-1,从岩石顶部开始，这里是这座城市的主要地标酒店，芳堤娜城堡酒店 (Château Frontenac) 自 1892 年以来一直耸立在小镇上空，就像一座不再需要的防护堡垒。由于其引人注目的地理位置和哥特式文艺复兴建筑的童话般的塔楼，芳特纳克酒店是加拿大太平洋铁路公司和加拿大国家铁路公司在全国各地建造的众多豪华酒店中最迷人、最夸张的酒店之一，作为其商业力量的象征。它以路易·德·弗隆特纳克伯爵 (Count Louis de Frontenac) 的名字命名，这位 17 世纪的法国总督是一位无赖的总督，他鼓励向当地人出售白兰地，从而激怒了神职人员。看看里面的灰泥雕刻、挂毯和漂亮的木镶板。
paragraph2sentence.test-travel-220-2,芳堤娜城堡酒店 (Chateau Frontenac) 是加拿大太平洋铁路公司和加拿大国家铁路公司建造的最迷人、最童话般的酒店之一。
paragraph2sentence.test-travel-221-1,1941年4月，希腊被纳粹德国入侵；到六月，德国人控制了整个国家，意大利军队驻扎在雅典。人们遭受了巨大的苦难，但这座城市的古迹却没有受到严重破坏。不幸的是，战争期间形成的希腊抵抗运动在政治上存在严重分歧，游击队在相互斗争中所花费的精力几乎与对抗德国人所花费的精力一样多。 1944 年 10 月，盟军开进雅典和希腊大部分地区，几乎没有遇到撤退的德国人的抵抗。
paragraph2sentence.test-travel-221-2,二战期间的希腊抵抗运动饱受派别分裂的困扰。
paragraph2sentence.test-travel-222-1,大部分经过修复的哈瓦那旧城都集中在这些街道东端的几个街区。 1920 年代风格的 Hotel Ambos Mundos 酒店位于 Mercaderes 和 Obispo 的拐角处，最近经过翻修。 20 世纪 30 年代，海明威曾在 511 房间断断续续地住过几年。房间里藏有海明威在古巴多年的原创文物，包括他用来写大部分《丧钟为谁而鸣》的打字机（不住在酒店的人可以花 2 美元参观该房间）。
paragraph2sentence.test-travel-222-2,欧尼斯特·海明威 (Earnest Hemingway) 时断时续地住在 1920 年代的 Ambos Mundos 酒店，那里目前陈列着他的打字机。
paragraph2sentence.test-travel-223-1,Negara 位于更西 23 公里（14 英里）处，以水牛赛跑而闻名。传统上，赛季在九月和十月举行，锦标赛仍然在那时举行，但现在为游客举办的比赛全年在内加拉郊外佩伦卡克的赛道上举行。旅行社提供从库塔、沙努尔和其他度假村出发的短途旅行。
paragraph2sentence.test-travel-223-2,从露台上可以欣赏到北京市中心、故宫和天安门广场的美景。
paragraph2sentence.test-travel-224-1,奥比多斯的中世纪高墙几乎完美得令人难以置信，它完全包围了这座小镇的瑰宝。同样令人难以置信的是，这个内陆城镇曾经是港口和沿海堡垒，直到这里的入海口淤塞，安静的奥比多斯泻湖与外界隔绝，海岸线距离近 10 公里（6 英里）。
paragraph2sentence.test-travel-224-2,沿海湾还可以看到东西向的景色。
paragraph2sentence.test-travel-225-1,佩加蒙南翼的伊斯兰博物馆展示了 8 世纪姆沙塔宫（位于现在的约旦）的宏伟外观。它饰有复杂的切割或穿孔的动物和植物图案。事实上，一位德国艺术史学家在世纪之交说服土耳其苏丹不要将其用作通往麦加的铁路的建筑材料，从而挽救了这一早期伊斯兰装饰的杰作。他做出了相当大的扑救！在其他珍贵展品中，您会发现一些精美的印度大亨微缩模型。
paragraph2sentence.test-travel-225-2,皇帝的寝宫位于沁水阁内。
paragraph2sentence.test-travel-226-1,继续向南前往阿加特，这是北部小镇中最具吸引力的一个。阿加特的港口拉斯尼韦斯港 (Puerto de las Nieves) 是一处宁静的避风港，周围是令人畏惧的岩石悬崖，这些悬崖构成了这片荒凉的海岸线。从这里开始，海岸公路在稀疏的、被风吹过的绿色植物中急剧上升，向海的落差可能非常陡峭。另一条路线是向内陆行驶 7 公里（4 英里），到达洛斯贝拉扎莱斯 (Los Berrazales) 的绝佳观景台。
paragraph2sentence.test-travel-226-2,其中一条路线途经阿加特（Agaete），这是一个迷人的小港口小镇，在令人畏惧的岩石悬崖上提供了一个宁静的避风港。
paragraph2sentence.test-travel-227-1,在美国独立战争期间，新奥尔良加入了革命者一边。这不仅是对洋基队的热情；也是对洋基队的热情。 1779 年，西班牙向英国宣战。23 岁的新奥尔良总督唐·贝尔纳多·德加尔韦斯 (Don Bernardo de Gálvez) 抓住机会帮助殖民者对抗乔治三世，并率领突袭部队，使英国在密西西比河沿岸的前哨基地处于守势。
paragraph2sentence.test-travel-227-2,密西西比河是流经美国的最大河流之一。
paragraph2sentence.test-travel-228-1,波士顿港群岛州立公园的七个岛屿上没有太多可做或可看的东西，但在这里度过一个下午可以轻松漫步、野餐和观鸟——这是远离城市喧嚣的好去处。从五月到十月中旬，波士顿港游轮公司（电话：723-7800）运营从长码头到集团核心乔治岛的渡轮。沃伦堡 (Fort Warren) 是一座 19 世纪的星形堡垒，内战期间关押着南部邦联囚犯，占据了岛屿的大部分地区。这是一个气氛诡异的地方，有古老的炮台、瞭望台和寒冷的小巷。
paragraph2sentence.test-travel-228-2,冬季运动历来在阿姆斯特丹人和北荷兰人的生活中发挥着重要作用。
paragraph2sentence.test-travel-229-1,充满葡萄牙风情的孟山都村位于布朗库堡东北部约 50 公里（31 英里）处，坐落在巨石之间的引人注目的岩石露头上。街道太窄，汽车无法通行，但步行不远便可到达顶部的城堡，欣赏令人印象深刻的石雕和美景，值得付出努力。还可以看到一座美丽但没有屋顶的 13 世纪罗马式教堂。一家新的旅馆刚刚在这里开业。
paragraph2sentence.test-travel-229-2,被称为老城区的历史遗址是典型的城市街区，由于其悠久的历史而得以保存下来。
paragraph2sentence.test-travel-230-1,西班牙人赢得了完美派对爱好者的声誉，虽然巴塞罗那可能不像马德里那样热衷于深夜，但它仍然是一个当太阳落山时真正摇摆不定的地方。这里几乎拥有各种夜生活娱乐场所，从炫酷的歌舞表演到现场爵士乐、摇滚、弗拉门戈、世界节拍到歌剧，还有欣欣向荣的酒吧和迪斯科舞厅。到了晚上，兰布拉大街和格拉西亚大道等一些街道就会变成缓慢流动的漫步河流。主要教堂和纪念碑都被照亮，这座城市呈现出新的、优雅的面貌。
paragraph2sentence.test-travel-230-2,巴塞罗那的夜生活丰富多彩，从爵士乐和摇滚乐到弗拉门戈和歌剧，街道上都被城市的地标照亮。
paragraph2sentence.test-travel-231-1,扎克罗斯的一个独特之处是皇家公寓后面东翼的水景。蓄水池大厅有一个仍然充满水的圆形蓄水池，里面现在栖息着一群海龟。附近有一个仪式泉室，有台阶通向一个小方形水池。然后，您可以沿着从城市通往古老港口的铺砌道路的痕迹，该港口现已消失在海浪之下。
paragraph2sentence.test-travel-231-2,“喷泉”一词源自古拉丁语“fons”，意思是“源头”或“泉水”。
paragraph2sentence.test-travel-232-1,埃斯泰尔戈姆是多瑙河湾第三个城镇，位于上游 20 公里（12 英里）处，通过水翼船与布达佩斯相连，并可乘船或巴士前往圣安德烈和维谢格拉德。如果您有两个小时的空闲时间，可以乘船前往，因为这条河最美丽的河段位于维谢格拉德和埃斯泰尔戈姆之间。
paragraph2sentence.test-travel-232-2,乘船穿越维谢格拉德和埃斯泰尔戈姆之间风景优美的路段大约需要 2 小时。
paragraph2sentence.test-travel-233-1,修道院教堂的隔壁坐落在古老的修道院内，是蒂豪尼历史博物馆（11 月至 2 月关闭）。该博物馆以当地民间物品和艺术品为特色，其中有三间小房间，匈牙利最后一位国王卡罗利四世在 1921 年曾在此居住了五天，而地下室则有一个大气的宝石馆，里面藏有罗马遗迹。教堂前有一座典型的另类瓦尔加伊姆雷 (Imre Varga) 雕像，雕像包裹着铝制斗篷，以纪念安德拉斯国王。
paragraph2sentence.test-travel-233-2,蒂豪尼历史博物馆的地下室的宝石馆内藏有一些有趣的罗马遗迹。
paragraph2sentence.test-travel-234-1,然后，驾车绕过罗克利夫公园 (Rockcliffe Park) 的完美花园和精美豪宅。公园的车道可带您前往罗克利夫观景台 (Rockcliffe Lookout)，欣赏渥太华河和加蒂诺河口的壮丽景色。在圣洛朗大道北端的加拿大皇家骑警军营中，您可以看到一些马匹正在为流行的加拿大皇家骑警音乐骑行表演或训练，这是骑警还是骑警的唯一一次活动。
paragraph2sentence.test-travel-234-2,罗克利夫公园拥有许多美丽的花园和令人惊叹的豪宅。
paragraph2sentence.test-travel-235-1,从滨海公园 (Parc de l’Esplanade) 出发，沿着 Côte de la Citadelle 山路行驶，穿过一条隧道，在导游的带领下游览早已不复存在的强大恐惧堡垒。法国人于1750年建造了星形城堡以抵抗英国人。英国人于 1820 年扩建了它，以保卫魁北克市免受美国人的侵害，但他们的大炮从未在愤怒中开过一枪。该驻军由英国人驻守仅 20 年就被移交给加拿大军队。如今，这里是加拿大精锐皇家第 22 军团的所在地。
paragraph2sentence.test-travel-235-2,如今，城堡山丘是加拿大精锐皇家第 22 军团的驻地，但它是法国人于 1750 年为抵抗英国人而建造的。
paragraph2sentence.test-travel-236-1,安东尼·塔皮埃斯基金会 (Fundació Antoni Tàpies) 位于格拉西亚大道 (Passeig de Gràcia) 和加泰罗尼亚大道 (Rambla de Catalunya) 之间的阿拉戈街 (carrer d’Aragó) 上，这是一座博物馆，致力于展示西班牙最重要的在世艺术家、加泰罗尼亚抽象唯物主义者的作品。除了塔皮埃斯的作品之外，基金会还举办有趣的轮流国际展览，但参观的至少一半原因是参观建于 1880 年的华丽多梅内克·蒙塔内尔 (Domènech i Montaner) 建筑，该建筑内设有博物馆（现代主义的第一个例子），以及塔皮埃斯在屋顶上异想天开、缠结的金属丝雕塑（称为“云与椅子”）。
paragraph2sentence.test-travel-236-2,安东尼·塔皮埃斯基金会 (Fundacio Antoni Tapies) 坐落在美丽的 1880 年多梅内克·蒙塔内尔 (Domenech i Montaner) 建筑内，是西班牙的一座博物馆，专门展示塔皮埃斯的作品，同时还轮流举办国际展览。
paragraph2sentence.test-travel-237-1,如果您想带回可食用的纪念品，请确保您了解您所在国家/地区管理某些类型食品进口的法规。最适合旅行的糕点和蛋糕包括 Lebkuchen（姜饼）、Spekulatius（五香圣诞饼干）和杏仁蛋白软糖。 KaDeWe 的 Feinschmeckeretage 提供 500 种不同的面包、1 500 种不同类型的奶酪以及稀有的东方美食、异国情调的茶、手工巧克力和白鲸鱼子酱。柏林没有当地的葡萄酒，但有很多葡萄酒商店可以满足所有莱茵河、摩泽尔和巴登符腾堡最好年份葡萄酒的鉴赏家的需求。
paragraph2sentence.test-travel-237-2,最值得骄傲的是一座 15 世纪先知以利亚的圣像。
paragraph2sentence.test-travel-238-1,在典型的北美风格中，多伦多的少数民族社区随着变得更加富裕或随着新建筑的推出而不断迁移。新市政厅后面的高楼大厦和停车场迫使唐人街向西迁移。这是加拿大最大的唐人街，甚至是整个北美最大的唐人街。社区沿Dundas Street和Spadina Avenue开设了餐馆、五金店和草药店。看看围绕着一个小中式花园的宝塔屋顶的中国宫商店。
paragraph2sentence.test-travel-238-2,多伦多唐人街是加拿大最大的唐人街，现在是一个完善的社区，拥有宝塔屋顶的商店、中式花园、餐馆、五金店和草药店，之前由于新市政厅后面的新建筑而被迫向西迁移。
paragraph2sentence.test-travel-239-1,Vale do Lobo是一个迷宫般的别墅社区，拥有美丽的海滩和各类高尔夫、网球度假酒店。 Quinta do Lago 位于海岸几英里处，拥有阿尔加维最好的高尔夫球场之一，沿着 Ria Formosa 自然保护区精心设计。穿过一座横跨湿地和鸟类保护区的长而怀旧的木桥即可到达海滩。
paragraph2sentence.test-travel-239-2,2011年国际旅游收入攀升至1万亿美元。
paragraph2sentence.test-travel-240-1,在多尼大道 (Doheny Drive)，好莱坞的西部边缘与劳雷尔峡谷 (Laurel Canyon) 和比佛利山 (Beverly Hills) 的斜坡融为一体，点缀着电影大亨的豪华豪宅。虽然这些房屋戒备森严，看不见，但当您开车穿过精心修剪的豪华大道时，您可以感受到华丽的氛围。该建筑令人惊叹地融合了西班牙、哥特式、包豪斯和文艺复兴风格，在阳光下呈现出柔和的色调。不要为街头小贩放慢速度，出售显示富人和名人住宅的“官方”地图，除非你在安全门外感到兴奋。
paragraph2sentence.test-travel-240-2,目前，金字塔不对游客开放，因为探索内室的工作仍在继续，但可以从金字塔前的庭院研究整个立面。
paragraph2sentence.test-travel-241-1,选帝侯的儿子进一步强化了这一点，他于 1701 年在柯尼斯堡（现加里宁格勒）加冕为普鲁士（非普鲁士）弗里德里希国王。在妻子索菲·夏洛特的推动下，国王在柏林建立了艺术和科学学院。巴洛克大师 Andreas Schlüter（见第 48 页）受委托重新设计皇宫，该皇宫于 1951 年被拆除，为东德共和国宫让路。索菲·夏洛特 (Sophie Charlotte) 的住所，宏伟的夏洛滕堡宫 (Schloß Charlottenburg)，作为那个时代优雅的典范而幸存下来。
paragraph2sentence.test-travel-241-2,1701 年，选帝侯的儿子在加里宁格勒（夏洛滕堡宫居民）的妻子的推动下，在柏林建立了艺术和科学学院，加冕为普鲁士国王，并委托安德烈亚斯·施吕特 (Andreas Schlüter) 设计王宫，但后来被拆除，为共和国宫让路。
paragraph2sentence.test-travel-242-1,从迈阿密沿着里肯巴克堤道 (Rickenbacker Causeway) 前往比斯坎湾 (Key Biscayne)，即可到达迈阿密的明星景点之一——占地 60 英亩（148 公顷）的水族馆。您会看到数十种来自海洋深处的奇异生物。观看它们在巨大的水族馆中被喂食，然后与外面的人群一起观看其中一场表演。其中最壮观的是一头重 9 500 磅（4 318 公斤）的虎鲸，它优雅地跃出水面 20 英尺（6 m）多，然后在雷鸣般的耀眼浪花中再次落回。
paragraph2sentence.test-travel-242-2,这家旅馆现在位于 14 世纪的 Convento de Flôr da Rosa 内，非常非凡。
paragraph2sentence.test-travel-243-1,基督教国王阿方索十一世建造了科尔多瓦的克里斯蒂亚诺国王城堡，俯瞰清真寺西南方向的河流。城墙上可以欣赏到老城区和河流的美景，中流的小岛各有一座摩尔人磨坊的废墟，还有北部地平线低处的科尔多瓦山脉的山脊。天主教君主接待了哥伦布，并计划入侵居住在这里的格拉纳达。
paragraph2sentence.test-travel-243-2,大多数明星都被迫跪下并留下手印，但弗雷德·阿斯泰尔（Fred Astaire）留下脚印、约翰·韦恩（John Wayne）留下拳头印、牛仔汤姆·米克斯（Tom Mix）留下马蹄印是很自然的。
paragraph2sentence.test-travel-244-1,战争使希腊满目疮痍，各派争吵不断，试图获取政治优势。随着美国在杜鲁门主义下提供第一批经济援助，共产党和保皇党的游击队稳步走向军事对抗。两年残酷的内战于 1949 年底随着共产党的失败而结束，但政治不稳定依然存在。
paragraph2sentence.test-travel-244-2,共产党和保皇党为在希腊获得政治优势而斗争，而美国则提供经济援助，即使在战争结束后，政治不稳定仍然持续存在。
paragraph2sentence.test-travel-245-1,尽管在大约五个世纪的罗马和平时期，雅典总体上受到了良好的对待，但雅​​典也曾一度遭受过严重的打击。公元前 86 年，罗马将军苏拉洗劫了这座城市，以报复其与本都国王、罗马的死敌米特里达梯的不明智联盟。许多雅典的宝藏被运往意大利。
paragraph2sentence.test-travel-245-2,公元前 86 年，罗马将军苏拉洗劫了雅典，雅典遭受了严重的损失，许多财宝被洗劫一空。
paragraph2sentence.test-travel-246-1,从法哈多向南行驶，您可以选择使用 53 号公路（一条新的收费公路）或继续沿 3 号公路行驶。两条公路均经过乌马考镇，然后向南海岸行驶。乌马考河 (Humacao) 以南左转即可前往帕尔马斯德尔马 (Palmas del Mar)，这是东南海岸线上一个不断发展的度假区。该度假村是一个围绕美丽的海滩而建的住宅度假村社区，提供多种活动，包括骑马、钓鱼、高尔夫（两个球场）和赌场。
paragraph2sentence.test-travel-246-2,53 号公路和 3 号公路从法哈多向南延伸，经过乌马考 (Humacao) 向南海岸行驶，到达帕尔马斯德尔马 (Palmas del Mar) 的东南住宅度假村社区，那里的海滩边举办各种活动。
paragraph2sentence.test-travel-247-1,从省会成都出发，沿新高速公路行驶三个小时，穿过人口稠密的四川省，终点站是乐山镇，这里是参观河边大佛和中国佛教四大圣山之一峨眉山的基地。一位13世纪的诗人写道，中国最美的风景在四川，而事实上，其中一些最好的风景都集中在乐山。在这里，三河交汇，沿城墙流淌，远处的峨眉山在雾气中耸立。
paragraph2sentence.test-travel-247-2,烟草（质量比布埃尔塔阿巴霍的稍差）生长在这里错落有致的田野中，并在用蓬松的茅草建造的波西奥斯干涸。
paragraph2sentence.test-newswire-248-1,周日，澳大利亚新南威尔士州小镇邓戈格的当地居民在得到当地森林被认为值得“持久保护”的保证后，举行了一次庆祝自然漫步的活动。此前，新南威尔士州政府提出的一项砍伐超过100万公顷受保护国家公园森林的提案引起了自然保护主义者的警惕。
paragraph2sentence.test-newswire-248-2,自然保护主义者欣慰地发现，澳大利亚新南威尔士州邓戈当地的森林不会被砍伐，而是受到保护。
paragraph2sentence.test-newswire-249-1,国际锡理事会欧洲共同体 (EC) 发言人表示，除英国外，他们已表示准备支持延长《国际锡协议》。他昨天在欧共体成员国代表会议上表示，英国承诺今天向其合作伙伴传达自己的决定。它昨天表示尚未准备好表明立场，但没有说明原因。他补充说，其他九个欧共体国家也支持延期。西班牙和葡萄牙不是国际锡理事会的成员，它们对欧盟委员会的共同支持立场没有提出异议。
paragraph2sentence.test-newswire-249-2,国际锡理事会代表康沃尔郡和马来西亚的初级锡生产商行事。
paragraph2sentence.test-newswire-250-1,位于德克萨斯州韦尔斯小镇的韦尔斯教堂最近几天一直是重要媒体活动的中心。维基新闻采访了德克萨斯州泰勒的一位牧师，他最近与威尔斯教会的成员会面。
paragraph2sentence.test-newswire-250-2,德克萨斯州韦尔斯教堂最近出现在媒体上。
paragraph2sentence.test-newswire-251-1,肯特玩具公司表示，它与 Lorimar-Telepictures Corp 签署了一项协议，制作名为 Lottery 的电视游戏节目。根据协议条款，肯特表示将获得部分生产线产量、一定比例的净利润以及一定比例的首轮银团费用。
paragraph2sentence.test-newswire-251-2,主持新闻发布会的威尔逊明确表示，牙买加本身不会受到税收的打击，因为它不出口石油和脂肪。
paragraph2sentence.test-newswire-252-1,Rhone Poulenc Pharma Inc (Rhone Poulenc Pharma Inc) 表示，计划在未来五年内斥资 2900 万德国卢比用于加拿大的研发。该公司表示，这项投资取决于联邦政府法案的通过，该法案提议为药品专利持有者提供更大的保护。该公司表示将斥资 790 万德国卢比升级其蒙特利尔业务。它表示，新专利法将为制药公司提供合理的保护，防止仿制药新化合物的仿制。
paragraph2sentence.test-newswire-252-2,基于针对仿制药竞争对手的新专利法保护，Rhone Poulenc Pharma Inc 宣布计划斥资 2900 万美元用于加拿大的研发，并斥资 790 万美元升级其蒙特利尔业务。
paragraph2sentence.test-newswire-253-1,LME 白银上午收盘，三个月大宗合约交易价创五个月新高，每金衡盎司 420 便士，而昨天下午收盘价为 415/418 便士。交易员表示，市场继续大幅上涨，是因为对金条走势的同情，但自大约七年前市场遭受大规模投机操纵的痛苦时期以来，投资者普遍不愿参与伦敦金属交易所白银交易。
paragraph2sentence.test-newswire-253-2,尽管投资者不愿进行 LME 白银交易，但 LME 早盘收于每金衡 420 便士的五个月新高，而昨天的价格为 415-418 便士。
paragraph2sentence.test-newswire-254-1,美国新墨西哥州阿尔伯克基市新墨西哥大学西南生物博物馆的分类学研究员兼博士生海蒂·霍普金斯 (Heidi Hopkins) 进行了一项为期四年的研究，对蟑螂 Arenivaga 属进行了修订，在此前认为该属包含 9 个物种的情况下，发现了 39 个新物种。 ZooKeys 杂志周三发表了她的发现。
paragraph2sentence.test-newswire-254-2,经过四年对 Arenivaga 属的分析，研究人员海蒂·霍普金斯 (Heidi Hopkins) 在原本被认为只有 9 种的蟑螂属中发现了 39 种新蟑螂物种。
paragraph2sentence.test-newswire-255-1,截至周一，纽约市地区超过 200 家酒吧和餐馆已承诺抵制俄罗斯伏特加，以回应该国政府通过的反同性恋相关法律。此次抵制活动是在周一发生的另一起事件之后发生的，作为联合餐厅和酒馆业主协会主席保罗·赫尔利抗议的一部分，伏特加瓶被倒在城市的街道上。
paragraph2sentence.test-newswire-255-2,同性恋者将伏特加瓶倒在街上。
paragraph2sentence.test-newswire-256-1,公司发言人表示，管理层和工会之间连续三天的会谈旨在结束嘉吉英国有限公司位于锡福斯的油籽加工厂长达三个月的罢工，该会谈昨天结束，但没有解决问题，尽管取得了一些进展。他说，新的会谈已定于下周二举行。
paragraph2sentence.test-newswire-256-2,在三天的谈判结束后，工人与英国嘉吉有限公司之间的谈判重新安排在下周二，不过该公司表示已经取得了一些进展。
paragraph2sentence.test-newswire-257-1,Kinglake 和 Kinglake West 已有 24 人死亡，数百所房屋被烧毁。仅金莱克就有超过 1 500 人无家可归，小镇大部分已被夷为平地。许多人陷入了可怕的境地，要么留下来为自己的房子而战，要么在大火到来之前逃离。
paragraph2sentence.test-newswire-257-2,德国总理默克尔昨天在世界经济论坛（WEF）第 42 届会议上致开幕词，此次会议面临着与 12 个月前截然不同的地缘政治格局。
paragraph2sentence.test-newswire-258-1,利金斯与罗斯·豪伊教授合作进行了一项产前皮质类固醇的对照试验。两人的研究表明，早产儿呼吸窘迫综合征的发生率显着降低。该研究发表于 1972 年。利金斯的研究是第一个为早产儿提供生命机会的治疗方法。
paragraph2sentence.test-newswire-258-2,今天早些时候，泰国总理英拉·西那瓦正式解散该国议会并呼吁举行新的选举。
paragraph2sentence.test-newswire-259-1,加州微设备公司表示，它已与格鲁曼公司旗下的 Tachonics 公司签署了一项协议，开发和生产砷化镓半导体芯片。根据协议，加州微设备公司将设计芯片，Tachonics 将制造芯片。该公司表示，最初开发的产品将是具有 500 至 2 500 个门复杂度和抗辐射能力的门阵列。
paragraph2sentence.test-newswire-259-2,辐射的复杂性会产生硬性影响。
paragraph2sentence.test-newswire-260-1,Courier Corp 表示，预计第二财季将出现小幅亏损，而去年同期的利润为 828 000 德国卢比。该公司将亏损归因于竞争压力导致毛利率下降。此外，该公司表示，旨在降低成本和提高生产率的管理计划正在产生大量费用。该公司表示，其默里印刷公司(Murray Printing Co) 部门已实施延长工作时间、减薪和裁员的计划，每年将节省超过 150 万第纳尔。
paragraph2sentence.test-newswire-260-2,Murray Printing Co 已进行了削减，每年将节省超过 150 万美元。
paragraph2sentence.test-newswire-261-1,德国非盈利组织 Definetz 周五宣布开发出“Defikopter”：一种由智能手机应用程序启动的医疗无人机，旨在能够比救护车更快地将除颤器运送到偏远地区的心脏病患者身上。
paragraph2sentence.test-newswire-261-2,智能手机应用程序可以控制交通。
paragraph2sentence.test-newswire-262-1,美国证券交易所表示，Americus Trust for Merck Shares 的单位以及该单位中同等数量的优质和评分成分今天开始按“发行时”进行交易。该信托是由 Americus Shareowner Service Corp 发起的单位投资信托，并发行单位以换取向信托提供的 Merck and Co <MRK> 股票。交易所表示，这些单位的开盘价为 165 比 166，而以股票代码 <MKPWI> 交易的主要成分开盘价为 100 比 119-1/2。此外，分数部分以 48 分的 1 000 分开盘。
paragraph2sentence.test-newswire-262-2,美国证券交易所也称为AMEX，总部位于纽约州纽约市。
paragraph2sentence.test-newswire-263-1,Escagen Corp 表示，正在通过以保德信-巴赫集团 (Prudential-Bache Group Inc) 为首的承销商，以每股 9 德国卢比的价格首次发行 200 万股普通股。该公司正在收购国际植物研究所的资产和业务，并将应用植物生物技术开发食品和种植材料。
paragraph2sentence.test-newswire-263-2,植物可以成为天然食品的优质原料。
paragraph2sentence.test-newswire-264-1,据新华社平壤报道，朝鲜表示欢迎韩国和美国外交官之间进行新的接触，并且不会对其施加任何限制。朝鲜外交部发表声明称，希望外交接触有助于“促进本着善意和宽广胸怀的真诚对话”。美国3月9日解除了对其外交官在中立领土与朝鲜外交官交谈的禁令。
paragraph2sentence.test-newswire-264-2,美国解除与朝鲜的外交接触禁令后，朝鲜发表声明欢迎此举，并表示不会限制自己的接触，以促进对话和善意。
paragraph2sentence.test-newswire-265-1,澳大利亚新南威尔士州蓝山地区的一场大火预计已造成居民死亡，并摧毁了一百多所房屋。州长巴里·奥法雷尔 (Barry O'Farrell) 表示，此次火灾是新南威尔士州十多年来最严重的火灾之一。周四晚上，紧急服务部门试图评估破坏程度，并确定斯普林伍德地区多达 30 所房屋被毁。奥法雷尔先生表示，如果火灾中没有人员丧生，那将是一个奇迹。然而，乡村消防局局长肖恩·菲茨蒙斯 (Shane Fitzimmons) 表示，可能需要一些时间来评估损失的真实程度，并担心情况可能会更糟。
paragraph2sentence.test-newswire-265-2,新南威尔士州十多年来最大的火灾造成了巨大的破坏。
paragraph2sentence.test-newswire-266-1,克莱斯勒公司 <C> 和三菱汽车旗下的合资公司 Diamond-Star Motors Corp 表示，该公司目前在建的工厂已为即将生产的全新汽车提供了更多产品供应商。据称，伊利诺伊州芝加哥高地的 Globe Industries Inc 被选中供应车顶消音器垫和仪表板垫，而密歇根州 River Rouge 的 Fabricon Products 则被选中供应发动机罩绝缘体。
paragraph2sentence.test-newswire-266-2,惠普公司表示，它推出了 HP LaserJet Series II 打印机，这是其激光打印机系列的下一代产品。
paragraph2sentence.test-newswire-267-1,美国联邦通信委员会在一次会议上投票决定放宽有线电视公司必须向所有客户免费提供信号选择器开关的要求。所谓的 A/B 开关连接到电视机上，允许观众从有线电视节目转向有线电视公司必须提供的无线广播电台。在该规则受到批评后，联邦通信委员会对其进行了修改，以便有线电视公司只有在客户提出要求时才必须提供交换机，并且可以收取费用。
paragraph2sentence.test-newswire-267-2,最近有线电视公司和电视消费者之间存在冲突。
paragraph2sentence.test-newswire-268-1,总部位于卢森堡的欧洲投资银行发行了 3 亿丹麦克朗的子弹型欧洲债券，首席经理 Den Danske Bank af 1871 A/S 的一位官员告诉路透社。该七年期债券支付 11%，按面值 101 发行，支付日期为 5 月 20 日。面额为 20 000 克朗，债券在卢森堡注册，总费用为 1 7/8%。
paragraph2sentence.test-newswire-268-2,随着美元今天跌至145日元以下的历史新低，日本出口商和美元投资持有者更加咬紧牙关，财务大臣宫泽喜一表示，有人认为日本违背了承诺。
paragraph2sentence.test-newswire-269-1,阿纳达科石油公司表示，它向美国证券交易委员会提交了一份登记声明，内容涉及2012年到期的1亿德国卢布发行的可转换次级债券。阿纳达科表示，所得款项将用于偿还部分未偿债务。该公司指定 Kidder  Peabody and Co Inc 作为此次发行的承销商。
paragraph2sentence.test-newswire-269-2,阿纳达科石油公司存在资金问题。
paragraph2sentence.test-newswire-270-1,与美国联邦政府的某些部门不同，消费者金融保护局（CFPB）在联邦政府关闭期间一直开放，记录了消费者针对抵押贷款公司、信用卡公司、学生贷款提供商、银行、汇款提供商、提供信用报告的公司以及其他提供消费贷款的公司提交的投诉数量创历史新低。
paragraph2sentence.test-newswire-270-2,自联邦政府关闭以来，消费者金融保护局（CFPB）记录的有关提供消费贷款的公司的投诉数量创历史新低。
paragraph2sentence.test-newswire-271-1,Bow Valley Industries Ltd 表示，同意以 1300 万加拿大第纳尔的价格将其全资挪威子公司出售给挪威斯塔万格的 Elf Aquitaine Norge A/S。该子公司 Bow Valley Exploration Norge A/S 的主要资产是挪威近海 Heimdal 天然气和凝析油田 8% 的权益。 Bow Valley 表示，此次出售预计将于四月中旬结束。
paragraph2sentence.test-newswire-271-2,Bow Valley Industries 将其挪威子公司出售给挪威斯塔万格的 Elf Aquitaine A\S。
paragraph2sentence.test-newswire-272-1,伊利诺伊州众议院昨天以 61 票对 54 票通过了一项允许同性婚姻的法律。州长帕特·奎因预计将签署该法案，同性伴侣仪式预计将于明年 6 月开始。该法案的发起人、州众议员格雷格·哈里斯(Greg Harris)表示，“这项法案的主题是爱、家庭、承诺”。
paragraph2sentence.test-newswire-272-2,伊利诺伊州众议院批准了一项同性婚姻法，预计将于明年 6 月开始实施。
paragraph2sentence.test-newswire-273-1,东京银行国际有限公司牵头经办人表示，东京银行将发行 1 亿德国卢布的可转换欧元债券，将于 2002 年 3 月 31 日到期，支付 2% 的指定息票，按票面价格定价。票息将于4月8日确定，转换价格和汇率将于4月9日确定。销售优惠为1-1/2%，管理和承销各支付1/2%。发行面额为 5 000 德莱拉，可在 1987 年 5 月 20 日至 2002 年 3 月 20 日期间兑换。付款日期为 4 月 30 日，第一期息票期较短。
paragraph2sentence.test-newswire-273-2,里根在实施限制措施时表示，一旦有证据表明日本遵守该协议，这些限制措施就会取消。
paragraph2sentence.test-newswire-274-1,英国出生的宇航员迈克尔·福尔 (Michael Foale) 在过去 26 年致力于太空探索后，从 NASA 退休。福尔被认为是人类航天领域最有经验的英国出生宇航员，据说他已经在轨道上度过了 375 天，访问了国际空间站、和平号平台，并完成了哈勃太空望远镜的工作。
paragraph2sentence.test-newswire-274-2,对于水手来说，《幽灵和缪尔夫人》可能是一部有趣的电影。
paragraph2sentence.test-newswire-275-1,周二，世界自然基金会 (WWF) 宣布在越南中部拍摄到一只活着的中南羚，或称“亚洲独角兽”。这张照片是去年九月由越南政府和世界自然基金会设置的相机陷阱拍摄的。
paragraph2sentence.test-newswire-275-2,世界自然基金会宣布拍摄到一只活生生的“亚洲独角兽”。
paragraph2sentence.test-newswire-276-1,摩托罗拉公司的微型计算机部门表示，它已经降低了其28种基于VMEbus架构的计算机板产品的价格。该公司表示，它正在降低向消费者提供的价格，因为组件价格下降、产量增加和制造效率提高，每块板节省了 700 dlrs。
paragraph2sentence.test-newswire-276-2,摩托罗拉因制造效率下降而降价。
paragraph2sentence.test-newswire-277-1,内政部已宣布爆炸为恐怖主义行为。十月，印度圣战者组织成员声称访问摩诃菩提寺策划恐怖袭击。这导致四名参与印度圣战者组织的嫌疑人被捕，据信他们参与了 2012 年浦那爆炸案。四名嫌疑人点名了该恐怖组织的其他成员，并声称他们计划袭击摩诃菩提寺。德里警方声称已向比哈尔邦警方通报了可能发生恐怖袭击的情况。印度人民党（BJP）和印度国大党之间的袭击事件导致政治冲突加剧。印度人民党指责印度国大党旗下的联合进步联盟无视印度圣战者组织袭击寺庙的威胁。
paragraph2sentence.test-newswire-277-2,烟花只是受控爆炸。
paragraph2sentence.test-newswire-278-1,周四，印度阿拉哈巴德高等法院就印度公共利益组织考底利耶协会提起的公共利益诉讼（PIL）发布了一项关键判决，指控北方邦在保护历史名城瓦拉纳西遗产方面的疏忽。这场争论使得公众舆论日益两极分化。
paragraph2sentence.test-newswire-278-2,印度阿拉哈巴德高等法院针对考底利耶协会提起的诉讼发布了一项关键判决，指控北方邦在保护历史名城瓦拉纳西的遗产方面疏忽大意。
paragraph2sentence.test-newswire-279-1,穆迪投资者服务公司表示，由于其母公司 Citizens Fidelity Corp 已并入 PNC Financial Corp，因此将 Citizens Fidelity Bank and Trust Co 的长期存款义务从 Aa-3 上调至 Aa-2。穆迪表示，此次合并应通过获得 PNC 产品线的使用权，增强该银行的盈利潜力。穆迪表示，这也将为公民富达带来更大的财务灵活性。该银行的短期存款 Prime-1 评级没有受到影响。
paragraph2sentence.test-newswire-279-2,标准普尔指出，用于担保债务的资产包括汽车贷款、信用卡、电脑租赁和公司贷款。
paragraph2sentence.test-newswire-280-1,牵头经办人法国商业信贷银行 (CCF) 和人民中央银行 (CCBP) 表示，巴蒂门、公共交通和活动附件金融集团 (GOBTP) 计划发行两支总规模为 7 亿法郎的浮动利率国内债券。由 CCF 牵头的第一批 5 亿法郎 12 年期债券将以 99% 的利率发行，利息基于年化货币市场利率 (TAM)，并于每年 4 月 21 日支付，并于明年支付第一笔息票。第二只 2 亿法郎 12 年期债券由 CCBP 牵头，将以 99% 的利率发行，利息也基于 TAM，息票支付日期相同。原则上，这两种债券均可于 1999 年 4 月 21 日按面值赎回。
paragraph2sentence.test-newswire-280-2,GOBTP计划发行两种浮动利率国内债券，将于1999年4月21日按面值赎回。
paragraph2sentence.test-newswire-281-1,<联合储蓄贷款协会>表示，由 Robinson-Humphrey Co Inc 和 Interstate Securities Corp 牵头的承销商正在以每股 8.75 德国卢比的价格首次公开发行 537 609 股普通股。承销商已被授予购买最多 254 285 股股票的选择权，以弥补配售。 United Savings以互助形式转换发行了总计1 780 000股股份。
paragraph2sentence.test-newswire-281-2,当一个人从一家公司购买股票时，他们就有权获得信息并参与该业务。
paragraph2sentence.test-newswire-282-1,Manny  Moe and Jack Inc 表示，其董事会宣布进行一拆三的股票分割，并将季度股息从 5-1/2 克拉提高到分割前的 6 克拉。该公司表示，两者均将于 7 月 27 日支付给记录在案的 July One 持有者，此次分拆须在 5 月 18 日的年度会议上获得股东批准，将授权普通股从 4000 万股增加到 5 亿股。
paragraph2sentence.test-newswire-282-2,Moe and Jack 公司与三个臭皮匠没有直接联系。
paragraph2sentence.test-newswire-283-1,巴基斯坦官员在收到巴基斯坦空军总部可能遭受恐怖袭击的信息后，将首都伊斯兰堡置于红色警戒状态。官员们接到通知后不久就迅速采取了行动，空军和海军直升机出现在伊斯兰堡上空。
paragraph2sentence.test-newswire-283-2,可能发生的恐怖袭击使人们处于红色戒备状态。
paragraph2sentence.test-newswire-284-1,周日，彼得·卡帕尔迪被任命为 BBC 神秘博士中的第十二位博士。该消息是英国广播公司 (BBC) 现场直播的一部分宣布的。在马特·史密斯最终被选中之前，执行制片人史蒂文·莫法特曾考虑过卡帕尔迪担任第十一位医生。
paragraph2sentence.test-newswire-284-2,BBC 的《神秘博士》现已有 12 名医生。
paragraph2sentence.test-newswire-285-1,1986 年 特殊费用后净亏损 1.98 亿法郎 vs 利润 2.5 亿法郎 关闭 Viviez 电解厂的特殊拨备 1.87 亿法郎 vs 特殊收益 2200 万法郎 销售和服务 165.1 亿法郎 vs 202.0 亿 拟议普通股净股息 零 vs 110 法郎 公司全称：Vieille Montagne SA <VMNB.BR>。
paragraph2sentence.test-newswire-285-2,玛格丽特女王开放了从中央电解厂到丹麦五个测试室的氢气供应。
paragraph2sentence.test-newswire-286-1,一位总统消息人士称，巴西总统何塞·萨尔尼将于下个月改组部分内阁，但将保留财政部长。消息人士称，自计划部长若昂·萨亚德八天前辞职以来，内阁改组预计将在未来两到三周内进行。这位不愿透露姓名的消息人士表示，“原则上，此次改组不会影响财政部长迪尔森·富纳罗(Dilson Funaro)”。
paragraph2sentence.test-newswire-286-2,萨尔尼总统对巴西内阁的改组中不包括财政部长。
paragraph2sentence.test-newswire-287-1,许多人被困在受损的建筑物或瓦砾下，但随着驾车者和行人撤离中央商务区，紧急服务因交通堵塞而受到阻碍。尽管一间受损病房已关闭，但主要医院仍在运营，并设立了三个分诊中心来提供医疗援助。数百名参加该市医学会议的代表被困在该市，其中大多数来自澳大利亚；其中一些正在协助照顾伤者。
paragraph2sentence.test-newswire-287-2,苏丹达尔富尔雷扎伊加特部落发言人穆罕默德·伊萨·阿利乌表示，在与苏丹南方军队发生冲突后，该市至少有 55 人死亡。
paragraph2sentence.test-newswire-288-1,玻利维亚总统埃沃·莫拉莱斯周四宣布，他将对美国总统巴拉克·奥巴马提出危害人类罪的法律指控。委内瑞拉总统尼古拉斯·马杜罗的飞机据称被拒绝进入波多黎各上空的美国领空后，莫拉莱斯总统宣布他正在准备提起诉讼。
paragraph2sentence.test-newswire-288-2,玻利维亚总统宣布，他将对巴拉克·奥巴马提出危害人类罪的法律指控。
paragraph2sentence.test-newswire-289-1,Entre Computer Centers Inc 表示将停止其欧洲和澳大利亚业务。该公司今天报告称，截至 2 月 28 日的第二季度亏损为 2 733 000 德国第纳尔，此前为关闭海外单位计提了 6 705 000 德国第纳尔的税前拨备和 2 511 000 德国第纳尔的税收抵免。一年前，它的收入为 911 000 德国卢比。该公司表示，第二季度海外业务损失了 40 万德国拉姆，似乎不足以支撑未来的增长。
paragraph2sentence.test-newswire-289-2,Entre Computer Centers Inc 在报告巨额亏损并分析这些合作伙伴关系未来前景不佳后，将停止与欧洲和澳大利亚的业务。
paragraph2sentence.test-newswire-290-1,格鲁曼公司表示，它获得了麦道公司 (MD) 价值 2800 万德国卢克的合同，为美国空军的新型 C-17 运输机开发飞行控制面。格鲁曼公司表示，它将设计、开发和制造运输机的副翼、方向舵和升降舵。该公司表示，合同生产阶段的潜在价值约为3亿第纳尔。
paragraph2sentence.test-newswire-290-2,格鲁曼公司获得了麦道公司 (MD) 的一份合同，为美国空军新型 C-17 运输机开发飞行控制面、设计和制造副翼、方向舵和升降舵。
paragraph2sentence.test-newswire-291-1,雷诺兹公司表示，将应对《先进语音技术》对其提起的涉嫌盗用商业机密的诉讼。该公司重申否认这些指控，称该诉讼没有任何依据。该公司表示将于 4 月 7 日之前向底特律联邦法院提交对诉讼的回应。
paragraph2sentence.test-newswire-291-2,Advanced Voice Technologies 曾试图起诉 The Reynolds and Reynolds Co 盗用商业机密，但该指控被否认，并将于 4 月 7 日之前得到答复。
paragraph2sentence.test-newswire-292-1,Citadel Holding Corp 表示已解决与 Great Western Financial Corp. 的诉讼。该公司表示，根据条款，Great Western 已同意五年内不收购或寻求收购 Citadel 的任何投票证券或提议与 Citadel 合并，并且 Citadel 已向 Great Western 支付 600 万德国卢比。 Citadel 表示，它正在继续对所罗门公司 (Salomon Inc) 提出索赔，该公司代表 Citadel 参与与 Great Western 的有争议的拟议合并，该合并是诉讼的主题。
paragraph2sentence.test-newswire-292-2,该机构的贷款模式也显示出明显的转变，从水泥厂等基础设施相关行业转向资本密集型项目。
paragraph2sentence.test-newswire-293-1,澳大利亚首都地区此前于 2006 年通过了一项规定民事结合的法案，但澳大利亚总督根据时任总理约翰·霍华德的建议否决了该法案。 2007年霍华德下台后，该法案再次获得通过，但在总理陆克文的威胁下，类似婚姻的条款被从该法案中删除。陆克文现在支持同性婚姻。
paragraph2sentence.test-newswire-293-2,尽管许多官员预计流感季节将在一月份达到高峰，但该州许多地区的流感季节似乎来得更早。
paragraph2sentence.test-newswire-294-1,TCW Convertible Securities Fund Inc 表示，其董事会宣布派发每股 3 美分的初始季度股息，将于 4 月 30 日向 4 月 17 日登记在册的股东派发。TCW 表示，预计定期支付季度股息。该公司于 3 月 5 日进行了首次公开募股。
paragraph2sentence.test-newswire-294-2,敞篷车通常包括一个“软顶”车顶，可以折叠并存放在车辆的行李箱区域。
paragraph2sentence.test-newswire-295-1,这次中断发生在中国的敏感时刻，前政府官员薄熙来的审判刚刚结束。据《华尔街日报》报道，此次袭击发生之际，有传言称中国政府将打击社交媒体评论员。
paragraph2sentence.test-newswire-295-2,中国的长城每年都有许多游客参观。
paragraph2sentence.test-newswire-296-1,工会发言人表示，在联邦控股的巴西银行发出警告称其可能解雇未重返工作岗位的员工后，为期八天的国家银行罢工开始崩溃。巴西银行在巴西利亚、里约热内卢和库里蒂巴等几个主要城市的员工已决定重返工作岗位。他补充说，该国大约一半的银行员工可能会继续工作。
paragraph2sentence.test-newswire-296-2,巴西银行工作人员正在退出罢工，因为工会发言人宣称这可能会使他们的工作面临风险。
paragraph2sentence.test-newswire-297-1,陶氏化学公司、Guy F. Atkinson Co 和 Woodward-Clyde Consultants 表示，他们成立了一家合资企业来对抗地下水污染。该合资企业名为 AWD Technologies Inc，将为地下水恢复提供现场分析、规划、工程和施工服务。
paragraph2sentence.test-newswire-297-2,欧洲公司对海湾石油运输面临的威胁产生了新的担忧。
paragraph2sentence.test-newswire-298-1,Phoenix Re Corp 表示，首次公开发行 2 500 000 股普通股的价格为 13 DLR，由美国运通公司 (American Express Co) 旗下 <AXP> Shearson Lehman Brothers Inc 子公司和 Advest Group Inc <ADV> 牵头的承销商进行。菲尼克斯再保险公司由菲尼克斯互助人寿保险公司组建。
paragraph2sentence.test-newswire-298-2,承保与代笔无关。
paragraph2sentence.test-newswire-299-1,Peripheral Systems Inc表示，原则上同意收购<Nucell Inc>的已发行股票。该协议要求以一股 Peripheral 股票换取一股 Nucell 股票，但须经两家公司董事会批准。 Peripheral 表示，公司更多地参与 Nucell 核电池技术的开发，使得此次合并变得切实可行。
paragraph2sentence.test-newswire-299-2,Peripheral Systems Inc.技术参与Nucell核电池开发的结果是原则上达成了最终合并的协议。
paragraph2sentence.test-newswire-300-1,督察加里·戴维代表新西兰警方发表声明，称尸体被发现“非常悲伤”。他还说：“现阶段要知道孩子是如何到达那里的，或者事实上，要知道孩子在下水道里呆了多久还为时过早。”
paragraph2sentence.test-newswire-300-2,作为美国主导的以色列和巴勒斯坦和平谈判的先决条件，以色列于7月承诺释放奥斯陆协议之前被监禁的104名囚犯。
paragraph2sentence.test-newswire-301-1,日本央行行长住田聪表示，目前外汇市场的不稳定不会持续太久，因为市场对美元的快速下跌持谨慎态度。他告诉记者，主要货币国家决心根据 2 月 22 日在巴黎达成的货币稳定协议，在必要时继续采取一致干预措施，以避免投机性美元抛售。 Sumita 还表示，他并不认为最近的美元下跌是自由落体式的下跌。
paragraph2sentence.test-newswire-301-2,菲利普斯说，我们目前不确定是否需要进行任何其他监管改革。
paragraph2sentence.test-newswire-302-1,国际谷物贸易商 Dreyfus 的西班牙子公司 Sesostris 发言人表示，该公司于 4 月 14 日至 30 日从地中海港口向希腊出售了 18 000 吨大麦。他没有透露价格细节。大麦的湿度为 14%。
paragraph2sentence.test-newswire-302-2,国际谷物贸易商 Dreyfus 通过其西班牙子公司 Sesostris，在 4 月份的两周内向希腊出售了 18000 吨大麦。
paragraph2sentence.test-newswire-303-1,东南银行公司表示，它向美国证券交易委员会提交了一份登记声明，内容涉及1999年到期的5000万德国卢克发行的可转换次级资本票据。该银行表示，这些票据旨在作为联邦储备委员会监管目的的主要资本。它将适用于在纽约证券交易所上市票据。该公司任命 Lazard Freres and Co 为此次交易的牵头经办人。
paragraph2sentence.test-newswire-303-2,Lazard Freres and Co 将成为此次交易的牵头经办人。
paragraph2sentence.test-newswire-304-1,First Financial Management Corp表示，它收购了North Ridge Bank旗下子公司Confidata Corp，支付了50万德莱克现金，并对North Ridge持有的50万德莱克Confidata票据提供担保。为社区银行和其他金融机构提供数据处理服务的第一金融表示，此次收购将扩大其客户群。
paragraph2sentence.test-newswire-304-2,Confidata Corp 的首次财务管理扩展改善了客户服务。
paragraph2sentence.test-newswire-305-1,全国建筑协会表示，将通过在国内英镑市场按收益率配售的方式发行 3000 万股 2021 年到期的指数挂钩贷款存量。本次发行的实际收益率、价格和首次付息金额将于今天格林威治标准时间1400点确定。实际回报率将是 0.60% 加上 2020 年到期的 2-1/2% 指数挂钩国债的总实际回报率之和。本次发行将在接受时支付 25% 的标准债券，并于 1987 年 7 月 1 日支付余额。
paragraph2sentence.test-newswire-305-2,但西方媒体将领导层分为改革派和保守派是错误的。
paragraph2sentence.test-newswire-306-1,惠普公司表示，其两种型号的 HP Vectra PC（一款国际商业机器公司 PC/AT 兼容个人电脑）的价格降低了 15%。该公司表示，此举反映了材料成本的降低、生产流程的简化以及制造成本的降低。惠普表示，已将 Vectra PC Model 50 的价格从 4 695 德拉姆下调至 3 995 德拉姆，并将 Model 60 的价格从 5 495 德拉姆下调至 4 795 德拉姆。此外，该公司表示，其将特定应用中使用的预配置 HP Vectra 系统的价格降低了 29%。
paragraph2sentence.test-newswire-306-2,较低的材料成本、简化的生产流程和降低的制造成本使惠普能够将某些计算机、系统和应用程序的价格从 15% 降低到 29%。
paragraph2sentence.test-newswire-307-1,周日，亨德里克赛车运动 (Hendrick Motorsports) 车手杰夫·戈登 (Jeff Gordon) 在弗吉尼亚州马丁斯维尔 (Martinsville) 的马丁斯维尔赛道 (Martinsville Speedway) 赢得了 NASCAR Sprint Cup Series 2013 Goody's Headache Relief 500 比赛冠军。戈登以第九名开始比赛，最终赢得了 2013 年的第一场比赛，结束了 32 场比赛的不胜纪录。这场比赛共进行了 500 多圈，共有 21 名车手和 15 名不同的领先者参加，共 111 圈，共出现了赛季最高的 17 个警告旗。
paragraph2sentence.test-newswire-307-2,在弗吉尼亚州马丁斯维尔，车手杰夫·戈登 (Jeff Gordon) 赢得了 NASCAR Sprint Cup Series 2013 Goody's Headache Relief Motor 比赛的冠军。
paragraph2sentence.test-newswire-308-1,德国周刊《明镜周刊》昨天指责美国国家安全局（NSA）对纽约联合国总部进行间谍活动。该杂志声称可以获得国家安全局的官方文件，这些文件由前国家安全局和中央情报局计算机专家、现任逃亡者爱德华·斯诺登提供。
paragraph2sentence.test-newswire-308-2,柯林斯从 17 岁开始吸烟，但在 2008 年被诊断出患有咽喉癌时就停止了吸烟。
paragraph2sentence.test-newswire-309-1,最后通牒是由于昨天穆尔西就职一周年以及今天在亚历山大、开罗、塞得港和苏伊士等埃及城市举行的数十万人抗议，要求穆尔西辞职。有人估计投票人数为数万人，有的为数十万人，军方消息人士估计人数接近 1400 万人。在开罗，抗议者聚集在解放广场和总统府外。埃及卫生部发言人叶海亚·穆萨 (Yehya Moussa) 表示，抗议活动中至少有 16 人死亡、780 人受伤。
paragraph2sentence.test-newswire-309-2,每个电视频道对参加抗议活动的人的责任各不相同。
paragraph2sentence.test-newswire-310-1,燃烧工程公司表示，其 C-E 环境系统和服务公司部门同意与标准石油公司 <SRD> 旗下部门 Keeler/Dorr-Oliver 合作开发销毁危险废物的系统。根据合作安排，Keeler/Dorr-Oliver 将提供流化床技术、设备和服务。中亿环境将提供环境咨询和现场调查、工程和施工服务以及运营、维护和培训服务。
paragraph2sentence.test-newswire-310-2,燃烧工程公司与标准石油公司合作开发销毁危险废物的系统，两家公司都提供关键资源和服务。
paragraph2sentence.test-newswire-311-1,一位总统消息人士称，巴西总统何塞·萨尔尼将于下个月改组部分内阁，但将保留财政部长。消息人士称，自规划部长若昂·萨亚德八天前辞职以来，预计内阁改组将在两到三周内进行。这位不愿透露姓名的消息人士表示，“原则上，此次改组不会影响财政部长迪尔森·富纳罗(Dilson Funaro)”。昨天这里流传的传言称富纳罗即将离开内阁，但他和萨尼都否认了这一点。
paragraph2sentence.test-newswire-311-2,政治丑闻一直是英国的一个问题，特别是议会成员声称不必要的采购费用。
paragraph2sentence.test-newswire-312-1,哥斯达黎加央行发言人表示，哥斯达黎加央行行长兼首席债务谈判代表爱德华多·利萨诺已提出辞职，并将于下个月离开政府。发言人曼努埃尔·梅伦德斯表示，利萨诺昨天晚些时候在董事会会议上宣布了离开银行的决定。梅伦德斯说：“利萨诺一直是一名教育家，他打算全身心投入哥斯达黎加大学的教学工作。”
paragraph2sentence.test-newswire-312-2,爱德华多·利萨诺一直是一位教育家。
paragraph2sentence.test-newswire-313-1,在总统阿西夫·阿里·扎尔达里的敦促下，巴基斯坦总理纳瓦兹·谢里夫周日暂停了所有州的处决。政府声明称，为了充分尊重总统的意愿，希望所有死刑判决都可以暂缓执行，直到进行讨论。
paragraph2sentence.test-newswire-313-2,当今世界某些国家仍然存在体罚，包括死刑。
paragraph2sentence.test-newswire-314-1,印度菩提伽耶摩诃菩提寺昨天发生“恐怖袭击”，据报道至少发生四次爆炸。附近还发生了四起爆炸，其中一起发生在八十英尺高的佛像附近，三起发生在德噶寺。另外还发现了三枚炸弹，并且全部都已扩散。早期报道称寺庙几乎没有受到任何损坏。两名佛教僧侣受伤。警方评论说，周日寺庙里很安静，否则可能会有更多人受伤。闭路电视记录了两名男子在寺庙放置炸弹的画面，一名嫌疑人已被逮捕。
paragraph2sentence.test-newswire-314-2,卡纳克神庙是古埃及的宗教场所。
paragraph2sentence.test-newswire-315-1,首席经办人瑞士银行表示，东京银行将发行 1 亿瑞士法郎的可转换票据，将于 1992 年 9 月 30 日到期，支付比例为 1-1/4%。条款将于4月9日确定，并于4月30日付款。转换期为1987年5月20日至1992年9月20日。
paragraph2sentence.test-newswire-315-2,总成交量为 238 287 手，而 1986 年 3 月为 235 665 手，1987 年 2 月为 233 403 手。
paragraph2sentence.test-newswire-316-1,欧盟委员会确认已授予 59 000 吨当前系列白糖的出口许可证，最高出口退税为每 100 公斤 45.678 欧洲货币单位 (ECU)。其中，西德贸易商收到了 34 750 吨，英国收到了 13 000 吨，丹麦收到了 7 250 吨，法国收到了 4 000 吨。
paragraph2sentence.test-newswire-316-2,白糖是结晶蔗糖，有多种品种。
paragraph2sentence.test-newswire-317-1,德士古公司表示，该公司已从德克萨斯州上诉法院获得临时限制令，禁止 Pennzoil Co <PZL> 采取行动执行针对德士古公司的数十亿美元的 DLR 判决。得克萨斯州的一个陪审团去年发现，德士古公司干涉了 Pennzoil 去年收购盖蒂石油公司 (Getty Oil Co) 的企图，并判给 Pennzoil 超过 100 亿德国第纳尔的损害赔偿金。德士古表示，临时限制令是积极的第一步。一位发言人表示，德克萨斯州上诉法院将于 4 月 13 日开始就德士古要求免除全额保证金和留置权要求的辩论，该要求与判决金额相同。
paragraph2sentence.test-newswire-317-2,著名的油画包括达芬奇的《蒙娜丽莎》和梵高的《星夜》。
paragraph2sentence.test-newswire-318-1,总统发言人特奥多罗·贝尼尼奥 (Teodoro Benigno) 表示，被绑架的日本商人若尾路伸之 (Nobuyuki Wakaoji) 在被囚禁四个月后已获释。贝尼尼奥告诉记者，这位 53 岁的三井物产高管昨天被释放，目前被关押在一家秘密医院。他没有透露有关此次发布的更多细节，几分钟前三井物产发言人在东京证实了这一消息。
paragraph2sentence.test-newswire-318-2,霍姆斯补充说，税率提高了盈利，但该集团的份额有所增加，成为销量市场的领导者。
paragraph2sentence.test-newswire-319-1,蓝山的学校昨晚被疏散，许多居民在该地区周围的紧急疏散中心寻求庇护。大约 600 名学生被送往斯普林伍德体育俱乐部避难。
paragraph2sentence.test-newswire-319-2,多家航空公司已经暂停了飞往叙利亚的商业航班，其中包括一年前暂停的阿提哈德航空公司。
paragraph2sentence.test-newswire-320-1,据新西兰内政部称，新西兰昨天将同性婚姻合法化，结婚申请激增。新西兰现已成为亚太地区第一个同性婚姻合法化的国家，也是全球第十四个实现同性婚姻合法化的国家。
paragraph2sentence.test-newswire-320-2,同性婚姻在现代社会中逐渐被广泛接受，特别是在新西兰等同性婚姻合法化的国家。
paragraph2sentence.test-newswire-321-1,新西兰婚姻法修正案遭到了天主教会和英国圣公会的一些反对。英国圣公会领导人坚称，在明年举行年度主教会议之前，牧师们拒绝举行同性婚姻仪式。然而，主持首届同性仪式的马特·蒂特尔牧师表示，“所有的爱都是神圣的。”
paragraph2sentence.test-newswire-321-2,有些宗教因其对圣经的解释而反对同性恋。
paragraph2sentence.test-newswire-322-1,今天，埃及军方向穆罕默德·穆尔西发出最后通牒，要求他在周三之前的 48 小时内满足数十万人抗议其总统任期的要求，宣布提前选举、辞职并允许临时政府接管，否则将强制进行政治过渡。
paragraph2sentence.test-newswire-322-2,为期 2 天的镇静剂挑战并不是解决问题的办法。
paragraph2sentence.test-newswire-323-1,阿波罗计算机公司表示，它与<Palladian Software Inc>签订了一项联合营销协议，以分销人工智能软件包。 Apollo 表示将在 Apollo 工作站上销售 Palladian Management Advisor（以前称为 Financial Advisor）。阿波罗表示，该协议标志着通用业务专家系统首次可用于专业工作站。
paragraph2sentence.test-newswire-323-2,阿波罗是最重要的希腊神之一。
paragraph2sentence.test-newswire-324-1,主承销商东京国际银行表示，魁北克省将发行 300 亿日元欧元债券，将于 1997 年 5 月 7 日到期，支付 5% 的利率，定价为 102-1/2%。该不可赎回债券的面额为 100 万日元，将在卢森堡上市。销售优惠为 1-1/4%，而管理和承销合计支付 3/4%。付款日期是5月7日。
paragraph2sentence.test-newswire-324-2,东京国际银行是三菱日联金融集团的商业银行部门。
paragraph2sentence.test-newswire-325-1,Peoples Ban Corp表示，预计第一季度盈利将超过600万第纳尔，其中包括与国税局解决争端以及出售华盛顿州温哥华四家银行办事处带来的160万第纳尔收益。该公司表示，预计今年剩余时间的“正常”收益为每季度450万至500万第纳尔。 Peoples 在去年第一季度赚取了 105 000 德国盾，而 1986 年全年则损失了 1 768 000 德国盾。
paragraph2sentence.test-newswire-325-2,报告称，那些前来的人试图削减开支，主要是减少购物。
paragraph2sentence.test-newswire-326-1,美联储发言人表示，美联储正在为客户账户购买 10 亿德莱拉的国库券，并于今天交付。购买时，联邦基金的交易价格为 6-3/16%，而购买时间是美联储正常为其客户处理业务的几个小时前。经济学家表示，几乎可以肯定，此次购买与近期央行干预外汇的收益投资有关。据估计，仅日本央行在 3 月份就购买了约 60 亿德国卢克，以支撑美元。
paragraph2sentence.test-newswire-326-2,日本央行三月份从美联储购买了约 60 亿美元。
paragraph2sentence.test-newswire-327-1,瑞士航空 (SWSZ.Z) 表示，已确认麦道公司 (MD) 的新型 MD-11 长途喷气式飞机的六份订单，并已接受另外 12 架飞机的选择。该订单涉及拒绝欧洲空客财团正在制造的 A-340 飞机，旨在取代该航空公司 20 世纪 90 年代初的 DC-10 机队。瑞士航空去年 12 月表示，它正在“首要”考虑 MD-11，并已预留 6 个交付地点，等待最终订单。
paragraph2sentence.test-newswire-327-2,在拒绝了空中客车公司的飞机后，瑞士航空表示计划从麦道公司购买六架新的 MD-11 飞机，以替代购买更多飞机的选择。
paragraph2sentence.test-newswire-328-1,俄罗斯内政部昨天证实，警方将在2014年索契冬季奥运会期间执行禁止“宣传非传统性关系”的法律。
paragraph2sentence.test-newswire-328-2,周围充满了铁一般的寂静。
paragraph2sentence.test-newswire-329-1,Prime Computer Inc 表示明天将推出两款新的高端超级小型计算机。该公司表示，这些机器将显着扩展其 50 系列产品线的性能。它没有提供更多细节。
paragraph2sentence.test-newswire-329-2,Prime Computer Inc 开发了创新计算机，将提高 50 系列产品线的性能。
paragraph2sentence.test-newswire-330-1,首席经理瑞士信贷表示，Saitama Bank Ltd 将发行 1 亿瑞士法郎的可转换票据，将于 1992 年 9 月 30 日到期，支付比例为 1-1/4%。条款将于4月15日确定，5月6日付款。转换期为1987年5月20日至1992年9月18日。
paragraph2sentence.test-newswire-330-2,瑞士法郎不仅是瑞士的货币，也是列支敦士登的货币。
paragraph2sentence.test-newswire-331-1,日本福岛核电站所有者东京电力公司首次公布了该设施自 2011 年 3 月 11 日遭受 9 级地震损坏以来已排放的放射性废物的数据。东京电力公司在 2013 年 8 月 5 日公布数据时表示，自灾难发生以来，大约有 20 万亿至 40 万亿贝克勒尔的核能泄漏。
paragraph2sentence.test-newswire-331-2,设施排放的放射性废物引发地震，甚至在灾难发生后仍有更多放射性废物泄漏。
paragraph2sentence.test-newswire-332-1,Anchor Savings Bank 表示，预计将于 4 月 7 日开始在纳斯达克系统上按发行时间进行交易，股票代码为 <ABKR>。安佳近期公开发行认购17 595 000股，获得超额认购，较原计划增加2 295 000股。
paragraph2sentence.test-newswire-332-2,Anchor Savings Bank 向公众发行了 17 595 000 股股票，该数字必须增加以适应超额认购。
paragraph2sentence.test-newswire-333-1,橡树工业公司表示，同意以未公开金额的现金购买纽约电子技术公司的股票。奥克说，电子技术公司生产石英晶体元件。该公司表示，此次收购是其持续战略的一部分，该战略旨在通过降低成本计划和收购兼容公司来重组其核心业务。
paragraph2sentence.test-newswire-333-2,Oak Industries Inc 收购了纽约石英晶体元件制造商 Electronic Technologies Inc，作为其持续重组战略的一部分。
paragraph2sentence.test-newswire-334-1,Energy Development Partners Ltd表示，经May Energy单位持有人昨天批准，已完成对May Energy Partners Ltd 1 817 697个存托单位的收购。 Energy Development表示，May Energy的普通合伙人May Petroleum Inc <MAYP>将向持有100个或以上May Energy Partners单位的持有人每100个May Energy Partners单位分配约35个Energy Development单位，并向其他人分配现金。能源开发公司表示，该交易将其未偿还单位增加到1260万单位，并增加了截至1986年底的总探明储量27%。 Angeles Corp <ANG> 是 Energy Development 的普通合伙人。
paragraph2sentence.test-newswire-334-2,Energy Development Partners Ltd 已收购 May Energy Partners Ltd，表示他们将控制 Energy Development 单位的分配，并在某些情况下向特定单位持有人发放现金。
paragraph2sentence.test-newswire-335-1,周六，在马德里圣奥古斯丁学院举行的西班牙顶级轮椅篮球联赛中，CD Fundosa ONCE 以 86-36 决定性地击败了赫塔菲 BSR。 ONCE与2012年夏季残奥会澳大利亚国脚比尔·莱瑟姆和英国国脚特里·拜沃特一起，以场均79分的多场连胜将对手的平均分控制在31.5分。
paragraph2sentence.test-newswire-335-2,在西班牙轮椅篮球联赛中，CD Fundosa ONCE以86-36决胜赫塔菲BSR，延续多场连胜。
paragraph2sentence.test-newswire-336-1,据报道，叙利亚前国防部长阿里·哈比卜将军已叛逃到土耳其。叙利亚政府否认这些报道；美国国务卿约翰·克里今天下午在众议院外交事务委员会关于军事干预叙利亚的听证会上证实了这一叛逃。
paragraph2sentence.test-newswire-336-2,美国国务卿表示，尽管叙利亚政府予以否认，阿里·哈比卜将军还是放弃了国防部长职务。
paragraph2sentence.test-newswire-337-1,Vista组织有限公司表示，其董事会已成立总裁办公室。该公司表示，该办公室包括主要负责行政和公司政策的马克·S·热尔曼(Mark S. Germain)、负责电影业务的赫伯·贾菲(Herb Jaffe)和负责电视业务的加布里埃尔·卡茨卡(Gabriel Katzka)。
paragraph2sentence.test-newswire-337-2,总统印章的设计经过了很长一段时间。
paragraph2sentence.test-newswire-338-1,巴林是第一个为其商业银行引入每周五天工作制的海湾阿拉伯国家，结束了传统的六天工作制。巴林货币局 (BMA) 表示，该规定仅适用于由约 20 家商业银行组成的国内部门，对岛上约 70 家离岸银行不具有强制性。 BMA 银行服务总监 Sulman Bin Khalifa Al Khalifa 表示，商业银行现在将于周日至周四营业，并补充说，21 个离岸银行单位也已申请并获得了每周工作五天的许可。
paragraph2sentence.test-newswire-338-2,他说，我们需要时间让这些行动和早期的贬值发挥作用。
paragraph2sentence.test-newswire-339-1,Fair Lanes Inc 表示，其股东批准了之前宣布的与北太平洋公司 (Northern Pacific Corp) 旗下子公司 Maricorp Inc 的合并。根据合并条款，Fair Lanes 表示，其每股普通股将转换为获得 Fair Lines 旗下 <BTR Realty Inc> 1.3043 股的权利。
paragraph2sentence.test-newswire-339-2,Fairlanes Inc. 股东批准合并
paragraph2sentence.test-newswire-340-1,昨天下午，马卢奇多队在昆士兰州博卡里纳阳光海岸体育场以 15 比 10 击败努萨队，赢得 2013 年阳光海岸橄榄球联盟英超联赛冠军。努萨在预备队和 19 岁以下总决赛中分别以 36-11 和 22-5 战胜马莱尼。
paragraph2sentence.test-newswire-340-2,马卢奇郡 (Maroochydore) 击败努萨 (Noosa) 赢得 2013 年阳光海岸橄榄球联盟冠军，努萨赢得了预备队级别和 19 岁以下总决赛的冠军。
paragraph2sentence.test-newswire-341-1,澳大利亚的数据显示，成人识字技能并没有对社会不平等产生强烈影响，识字能力也不是社会流动性的障碍。这与美国等其他一些国家形成鲜明对比，在美国，识字技能与社会流动性相关。此外，它表明成年人的社会经济背景与技能熟练程度的关系并不密切。
paragraph2sentence.test-newswire-341-2,周五，美国总统巴拉克·奥巴马发布行政命令，要求所有美国国旗降半旗以纪念曼德拉，直到今天日落，南卡罗来纳州皮肯斯县治安官里克·克拉克拒绝降半旗纪念纳尔逊·曼德拉。
paragraph2sentence.test-newswire-342-1,由达拉斯投资者 Harold Simmons 领导的一个集团告诉美国证券交易委员会，该集团已将其在 McDermott International Inc. 的股份减少了 1%，至 5% 以下。该集团在3月10日的一份文件中表示，宣布收购该公司5.4%的股票，并可能考虑寻求对该公司的控制权。
paragraph2sentence.test-newswire-342-2,一家小公司集团一直在财务方面陷入困境。
paragraph2sentence.test-newswire-343-1,经济合作与发展组织 (OECD) 是一个成立于 1961 年、拥有 34 个成员国的国际经济组织，其起源可追溯到二战时期的马歇尔计划。昨天，该组织公布了 24 个国家（其中大部分是欧洲国家）成人技能状况的结果。与其他接受调查的国家相比，日本在识字和算术方面都是表现最好的接受调查国家之一。
paragraph2sentence.test-newswire-343-2,经济合作与发展组织（OECD，成立于 1961 年，现有 34 个成员国）对 24 个国家的成人技能状况进行了调查，结果表明日本是识字和算术方面表现最好的国家之一。
paragraph2sentence.test-newswire-344-1,由于伊朗政府和巴基斯坦政府之间的谈判仍未解决，伊朗-巴基斯坦天然气管道项目面临取消的风险。伊朗石油部长 Bijan Namdar Zangenah 对其未来表示怀疑。
paragraph2sentence.test-newswire-344-2,由于伊朗和巴基斯坦之间的冲突，伊朗石油部长Bijan Namdar Zangenah对实现伊朗-巴基斯坦天然气管道项目持怀疑态度。
paragraph2sentence.test-newswire-345-1,芝加哥期货交易所 (CBT) 4 月份主要市场指数 (MMI) 股指期货将于周四到期，而不是周五，因为受难日假期为 1515 CDT。芝加哥期权交易所表示，标准普尔 100 和 500 股指的 4 月份期权、货币期权以及约三分之一的上市个股期权将在 4 月 18 日星期六正常时间到期，不过这些合约的最后交易日将是星期四。
paragraph2sentence.test-newswire-345-2,由于耶稣受难日，芝加哥期货交易所的 MMI 股指期货将于周四到期，而标准普尔 100 和 500 指数的期权将在通常的周六时间到期。
paragraph2sentence.test-newswire-346-1,参议院多数党领袖罗伯特·伯德表示，今天推翻里根总统否决一项主要高速公路法案的投票结果非常接近。这位民主党领导人告诉记者，他无法告诉他们参议院是否会推翻或维持否决权。众议院昨天投票否决了这一决定。伯德说，如果否决权得以维持，那将不是因为猪肉，而是因为政治。他声称白宫正在向共和党人施加压力，要求他们投票支持里根。
paragraph2sentence.test-newswire-346-2,参议员罗伯特·伯德宣布，推翻里根总统否决一项主要高速公路法案的投票结果已经接近。
paragraph2sentence.test-newswire-347-1,卢森堡大公国首相让-克洛德·容克呼吁提前举行选举，此前联合政府成员卢森堡社会主义工人党周三在卢森堡众议院支持一项涉及大公国情报部门的丑闻后提出的不信任动议。
paragraph2sentence.test-newswire-347-2,卢森堡社会主义工人党虽然主要是社会民主党，但具有强烈的工人阶级身份。
paragraph2sentence.test-newswire-348-1,一位发言人在回答询问时表示，德国央行明天将在每两周一次的例行理事会会议后举行新闻发布会。德国央行副行长赫尔穆特·施莱辛格将主持会议，因为行长卡尔·奥托·珀尔有私人活动。下次会议定于 4 月 16 日举行。
paragraph2sentence.test-newswire-348-2,由于行长缺席，德国央行明天的会议将由副行长主持，在会议结束后将不会举行新闻发布会。
paragraph2sentence.test-newswire-349-1,联合碳化物公司旗下的联合碳化物海外金融公司表示，计划于 5 月 1 日赎回所有 1989 年 5 月 1 日到期的未偿还 14-3/4% 票据。这些票据将以面值回购。该部门表示，利息将于 5 月 1 日停止累积。
paragraph2sentence.test-newswire-349-2,Union Carbide Overseas Finance Corp N.V 表示，计划按面值赎回所有未偿还的 14-3/4% 票据。
paragraph2sentence.test-newswire-350-1,昨晚早些时候，针对中国互联网的大规模攻击导致爬行速度减慢。中国 .cn 域名是最近多次针对中国的拒绝服务攻击的目标。据管理 .cn 域名的中国互联网络信息中心称，此次攻击是同类攻击中规模最大的一次。
paragraph2sentence.test-newswire-350-2,过去 5 年来，互联网的使用量有所增加。
paragraph2sentence.test-newswire-351-1,交易商称，伦敦金属交易所锌整个上午都很平静，在盘前出现一些清淡的交易抛售后，成交量很少。三个月期交割的官方环盘交易报价为每吨 454.50/455 英镑，较昨天下午收盘价下跌约 2 英镑。盘前以美元为基础的贸易抛售将三个月内的美元价格推低至 730 德国卢比，但没有吸引后续抛售，价格在上午剩余时间保持在该水平。
paragraph2sentence.test-newswire-351-2,尽管盘前交易清淡，三个月期锌价格跌至 730 美元，但上午 LME 锌几乎没有受到买卖关注。
paragraph2sentence.test-newswire-352-1,澳大利亚小麦委员会 (AWB) 总经理罗恩·佩斯 (Ron Paice) 表示，在续签年度供应协议后，澳大利亚小麦委员会 (AWB) 预计今年将向日本食品厅出售约 90 万吨小麦。他在一份声明中表示，根据协议，AWB 将提供小麦并通过食品局的定期招标进行销售。他指出，过去三年委员会已向日本出售了超过三百万吨。
paragraph2sentence.test-newswire-352-2,日本食品厅预计今年将从澳大利亚小麦委员会购买约 90 万吨小麦，这与过去三年约 300 万吨的采购量一致。
paragraph2sentence.test-newswire-353-1,维基新闻本周对美国消费者金融保护局 (CFPB) 对美国学生贷款投诉的审查显示，Sallie Mae 在所有贷款机构的投诉中名列前茅。自 2012 年 3 月 CFPB 首次开始收集学生贷款数据以来，共收到 4 851 起投诉，其中 2 262 起（占所有投诉的 46.6%）与贷方有关。 2010/2011 年美联储数据显示 Sallie Mae 是美国最大的学生贷款机构，占据 25% 的市场份额
paragraph2sentence.test-newswire-353-2,Sallie Mae是全美最大的学生贷款机构，占据25%的市场份额，根据维基新闻的评论，美国消费者金融保护局(CFPB)也是最受投诉的贷款机构。
paragraph2sentence.test-newswire-354-1,当局正在调查这些火灾，其中约 20% 的火灾被称为纵火或人为失误引发，导致大部分烧焦的土地成为犯罪现场的灰烬。据维多利亚州一名消防官员称，在消防队员控制住火势后，纵火犯重新点燃了一些火势。另一些则被认为是通过点燃轮胎而引发的。
paragraph2sentence.test-newswire-354-2,美国第一夫人米歇尔·奥巴马和国务卿希拉里·克林顿昨天颁发了 2012 年国际妇女勇气奖，以纪念国际妇女节 101 周年。
paragraph2sentence.test-newswire-355-1,印度海军表示，俄罗斯制造的“基洛”级潜艇“辛杜拉克沙克”号昨天发生两次爆炸，导致多达 18 名水手被困。海军官员警告被困水手的家属“做好最坏的打算”。
paragraph2sentence.test-newswire-355-2,巨大的噪音扰乱了平静的水面。
paragraph2sentence.test-newswire-356-1,日本财务省表示，计划于 4 月 17 日在东京与法国举行正式金融会谈，这是继去年 5 月举行第一次会议后的第二次此类会议。议程尚未确定。日本方面将由负责国际事务的财政部副部长 Toyoo Gyohten 率领，而法国代表团将包括财政部长丹尼尔·勒贝格 (Daniel Lebegue)。
paragraph2sentence.test-newswire-356-2,财政部长负责确保公共债务的发行和管理。
paragraph2sentence.test-newswire-357-1,加拿大的钻探活动大幅放缓。 Hughes Tool Co 报告称，截至今天的一周，活跃的旋挖钻机数量减少了 19 台。报告称，本周共有 66 台钻机在作业，而一年前为 71 台。
paragraph2sentence.test-newswire-357-2,根据休斯工具公司最近的一份报告，加拿大的钻探活动在过去一年大幅放缓。
paragraph2sentence.test-newswire-358-1,英国央行表示，下午时段向货币市场进一步提供了 2.84 亿美元的短期援助。这使得该银行迄今为止的总援助额达到 5.08 亿美元，而相比之下，该行此前对系统中 9 亿美元短缺的修正估计是从 8.5 亿美元上调的。央行直接购买了银行票据，其中第一级的 1 亿标准债券的利率为 9-7/8%，第二级的 5600 万标准债券的利率为 9-13/16%，第三级的 1.12 亿标准债券的利率为 9-3/4%，第四级的利率为 9-11/16% 的 1600 万标准债券。
paragraph2sentence.test-newswire-358-2,一天之内，英格兰银行向货币市场提供了 5.08 亿美元的短期援助。
paragraph2sentence.test-newswire-359-1,Quantum Diagnostics Ltd 表示，其开发的使用电磁辐射的新型成像技术已获得专利。该公司表示，它看到了机场安检设备、医疗诊断成像系统和质量控制设备的应用。
paragraph2sentence.test-newswire-359-2,电磁辐射技术已获得一项新专利。
paragraph2sentence.test-newswire-360-1,独家牵头经办人 Hambros Bank Ltd 表示，GMAC (Australia) Finance Ltd 将发行 5000 万澳元的澳大利亚 DLR 欧元债券，将于 1991 年 5 月 6 日到期，利率为 14-1/4%，定价为 101%。此次发行由通用汽车承兑公司 (General Motors Acceptance Corp) 提供担保。该债券不可赎回，面额为 1 000 澳大利亚第纳尔，并将在伦敦上市。销售优惠为 1-1/8%，而管理和承销合计支付 5/8%。付款日期是5月6日。
paragraph2sentence.test-newswire-360-2,唐纳森、勒夫金和詹雷特共同管理了这笔交易。
paragraph2sentence.test-newswire-361-1,英国石油公司 (British Petroleum Co PLC) 表示，已启动之前宣布的 74 亿德拉姆要约，以每股 70 德拉姆的价格收购其尚未拥有的标准石油公司 45% 的权益。该公司在报纸广告中表示，此次要约不以收到任何最低股份数量为条件，相关的撤回权将于 4 月 28 日到期，除非延期。英国石油公司表示，它正在要求标准石油公司在传播要约时使用其股东名单，但标准石油公司董事会尚未对此表明立场。
paragraph2sentence.test-newswire-361-2,劳伦斯认为 SEC 的干预可能是有意义的，但也承认这也可能没有效果。
paragraph2sentence.test-newswire-362-1,澳大利亚首都地区（ACT）昨天将同性婚姻合法化，这是澳大利亚司法管辖区首次这样做。澳大利亚首都地区立法议会以 8 比 7 的票数通过了合法化法案，七名澳大利亚工党成员以及澳大利亚首都地区立法议会绿党议员 (MLA) 的谢恩·拉滕伯里 (Shane Rattenbury) 也加入了这一行列。该法案遭到六名澳大利亚自由党成员的反对。议会十七名议员中有两名缺席，一名是自由党议员，一名是工党议员。
paragraph2sentence.test-newswire-362-2,同性婚姻在澳大利亚合法化，但遭到一些党员的反对。
paragraph2sentence.test-newswire-363-1,昨天，露丝·巴德·金斯伯格成为第一位主持同性婚姻的美国最高法院法官。仪式在哥伦比亚特区约翰·肯尼迪表演艺术中心的中庭举行。该中心总裁迈克尔·M·凯泽 (Michael M. Kaiser) 在约 200 名宾客的见证下与经济学家约翰·罗伯茨 (John Roberts) 结婚。
paragraph2sentence.test-newswire-363-2,迈克尔·M·凯泽 (Michael M. Kaiser) 和约翰·罗伯茨 (John Roberts) 由露丝·巴德·金斯伯格 (Ruth Bader Ginsburg) 结婚，这是美国最高法院第一位主持同性婚姻的人。
paragraph2sentence.test-newswire-364-1,美林资本市场表示，丹麦 Provinsbanken A/S 的欧洲商业票据计划已从最初的 1 亿德国卢比增加到 2.5 亿德国卢比。该计划允许丹麦银行发行期限最长为 365 天的欧元存款证。美林证券将继续担任该计划的经销商，希尔森雷曼兄弟国际公司和 S.G. Warburg and Co Ltd 则担任联合经销商。
paragraph2sentence.test-newswire-364-2,美林证券与 Shearson Lehman Brothers International 和 S.G. Warburg and Co Ltd 合作，作为 Provinsbanken A/S 欧洲商业票据计划的联合交易商，该计划允许丹麦银行发行期限最长为 365 天的欧元存款证。
paragraph2sentence.test-newswire-365-1,巴西地理与统计研究所（IBGE）在一份声明中表示，2 月份巴西消费者价格上涨 13.9%，而 1 月份的涨幅为创纪录的 16.8%。自一年前推出反通胀克鲁扎多计划以来，2月份消费者价格涨幅达到62.5%。
paragraph2sentence.test-newswire-365-2,尽管启动了旨在抑制通货膨胀的克鲁扎多计划，但巴西的物价仍继续稳步上涨。
paragraph2sentence.test-newswire-366-1,西班牙 16 至 65 岁成年人的计算能力在所有接受调查的国家中排名最后。该国的平均得分与意大利相当。当仅包括 16 至 24 岁的青少年时，西班牙的整体相对表现上升了两位，击败了意大利和美国。这个年龄段的表现与爱尔兰、意大利、英格兰和北爱尔兰相当。西班牙的个人计算能力和读写能力表现高度相关，为 0.887。
paragraph2sentence.test-newswire-366-2,西班牙和意大利在成人算术能力调查中排名最低，与识字能力水平密切相关，尽管西班牙的年轻人似乎具有较高的表现水平，与英格兰和爱尔兰相似。
paragraph2sentence.test-newswire-367-1,Baldwin Piano and Organ Co 表示，已申请二次发行 630 000 股普通股，其中 490 000 股由通用电气公司 (GE) 出售，140 000 股由其他股东出售。主承销商是 William Blair and Co 和 McDonald and Co Investments <MDD>。
paragraph2sentence.test-newswire-367-2,两家仪器公司已申请普通股，其中一些将由其他股东出售。
paragraph2sentence.test-newswire-368-1,9 月 2 日，警方联系了他，他表示没有妻子的踪迹。第二天，他去当地警察局报告说，他发现妻子的眼镜和结婚戒指连夜通过他的信箱寄出。不过，经审讯，他承认了杀人事件。警方随后搜查了他的家并发现了尸体。
paragraph2sentence.test-newswire-368-2,自2011年南苏丹脱离苏丹独立以来，种族冲突已造成数百人死亡。
paragraph2sentence.test-newswire-369-1,无国界医生组织（MSF）宣布从利比亚部分撤军。该医疗慈善机构宣布，他们将不再在利比亚拘留中心工作，因为他们面临着治疗酷刑受害者的问题，以使他们能够康复，免受进一步的酷刑。无国界医生组织总干事克里斯托弗·斯托克斯说：“我们的作用是为战争伤亡者和生病的被拘留者提供医疗护理，而不是在酷刑期间重复治疗同一名患者”。
paragraph2sentence.test-newswire-369-2,第一封被泄露的电子邮件被称为“预告片”，于 11 月 20 日从叙利亚驻德黑兰大使馆发送至英国驻白俄罗斯大使馆。
paragraph2sentence.test-newswire-370-1,过去几天，国际航空公司已计划在该地区调整飞机航线，以应对美国在叙利亚可能出现的军事升级。计划实施的航空公司包括总部位于阿布扎比的阿提哈德航空、总部位于巴林的海湾航空、总部位于科威特的半岛航空公司、总部位于迪拜的阿联酋航空和总部位于英国的英国航空。
paragraph2sentence.test-newswire-370-2,国际航空公司正在制定规定，以应对美国对叙利亚日益加强的军事干预。
paragraph2sentence.test-newswire-371-1,曼苏尔计划在十五天内组建一个小组，对现已暂停的宪法进行审查并提出修改建议。这些修正案将在四个月内举行全民公投。随后可能会在 2014 年初举行议会选举，新议会组成后将举行总统选举。
paragraph2sentence.test-newswire-371-2,妇女参政论者是一群为妇女投票权而奋斗的妇女。
paragraph2sentence.test-newswire-372-1,正如预期的那样，法国政府赢得了总理雅克·希拉克寻求的议会对其总体政策的信任投票。希拉克领导的戴高乐主义政党 RPR 及其在执政联盟中的初级伙伴、中右翼 UDF 的投票使希拉克内阁在国民议会中获得微弱多数。在577名议员的议会中，共有294名议员投票支持希拉克，282名议员投反对票。一名成员缺席。社会党、共产党和极右翼国民阵线投票反对总理的呼吁。
paragraph2sentence.test-newswire-372-2,法国国旗由红、白、蓝三种颜色组成。
paragraph2sentence.test-scientific-373-1,对于狂热的冰船运动员和赛车手来说，安全始终是第一位的，包括考虑其他竞争对手。航行和通行权规则是书面和强制执行的，并且每个航行者都应该了解和遵守。平行、交叉和接近时达到的速度通常非常高。
paragraph2sentence.test-scientific-373-2,尽管这项运动很危险，但冰船参赛者在制定参赛者必须如何互动的规则时将安全放在第一位。
paragraph2sentence.test-scientific-374-1,富含铁的超咸水偶尔从冰瀑布的小裂缝中涌出。盐水源是一个大小未知的冰下水池，距离血瀑布的微小出口几公里，上面覆盖着约 400 米厚的冰。
paragraph2sentence.test-scientific-374-2,超咸水的来源是覆盖着厚厚冰层的冰下水池。
paragraph2sentence.test-scientific-375-1,力是一个物体对另一个物体的作用。力要么是推力，要么是拉力。力倾向于使物体朝其作用方向移动。力的作用由其大小、作用方向和作用点来表征。因此，力是一个矢量，因为它的效果取决于作用的方向和大小。
paragraph2sentence.test-scientific-375-2,地震波是一种机械扰动，其在地球中传播的速度由传播介质的声阻抗决定。
paragraph2sentence.test-scientific-376-1,1912 年 12 月 6 日，德国考古学家 Ludwig Borchardt 领导的德国东方公司 (Deutsche Orient-Gesellschaft – DOG) 在阿玛纳发现了奈费尔蒂蒂半身像。它是在雕塑家图特摩斯的工作室里发现的，还有其他未完成的奈芙蒂蒂半身像。
paragraph2sentence.test-scientific-376-2,古代雕塑家图特摩斯创作了许多奈费尔蒂蒂半身像，其中一些从未完成。
paragraph2sentence.test-scientific-377-1,理论上，压力容器几乎可以是任何形状，但通常采用由球体、圆柱体和圆锥体截面组成的形状。常见的设计是带有称为头的端盖的气缸。头部形状通常是半球形或碟形（准球形）。从历史上看，更复杂的形状更难以分析安全操作，并且通常更难以构建。
paragraph2sentence.test-scientific-377-2,压力容器通常是球形或圆柱形，具有半球形或碟形封头。
paragraph2sentence.test-scientific-378-1,流感疫苗通常是用鸡胚制成的，因此最终的疫苗确实含有鸡蛋蛋白。鸡蛋过敏的人可能会对疫苗中的鸡蛋蛋白产生反应（如果对明胶或新霉素过敏，则可能对明胶或新霉素产生反应）。如果一个人无法接种疫苗，则为其所有其他家庭成员接种疫苗可以帮助他们预防流感。
paragraph2sentence.test-scientific-378-2,对于鸡蛋过敏的人，建议为其所有其他家庭成员接种疫苗以避免流感。
paragraph2sentence.test-scientific-379-1,这些船舶在半加压/半冷藏状态下运输气体，但由于进一步发展，半加压/全冷藏气体运输船通过在货物装卸方面提供高度灵活性而成为船东的选择。这些运输船配有圆柱形、球形或双瓣形状的储罐，能够在冷藏和加压储存设施中装载或卸载气体货物。
paragraph2sentence.test-scientific-379-2,该公司成立于 18 世纪中叶，主要创始股东为 Stephen Ralli 和 Michael Rodocanachi，他们的家族均来自海外华人。
paragraph2sentence.test-scientific-380-1,广义相对论的一些预测与经典物理学的预测有很大不同，特别是在时间的流逝、空间的几何形状、自由落体运动和光的传播方面。这种差异的例子包括引力时间膨胀、引力透镜、光的引力红移和引力时间延迟。迄今为止，广义相对论的预测已在所有观察和实验中得到证实。虽然广义相对论不是唯一的引力相对论理论，但它是与实验数据一致的最简单的理论。
paragraph2sentence.test-scientific-380-2,广义相对论是物理学界的一场革命，特别是在时间流逝和空间几何等领域，迄今为止与所有实验数据都是一致的。
paragraph2sentence.test-scientific-381-1,DNA 银行是个人遗传物质的安全、长期存储。 DNA 最常从血液中提取，但也可以从面颊细胞、唾液或其他组织中提取。 DNA可以在人一生中的任何时间储存，但对于老年人和绝症患者来说尤为紧迫。一旦一个人被埋葬或火化，就很难或不可能获得 DNA 样本。
paragraph2sentence.test-scientific-381-2,DNA 银行旨在存储遗传物质，可以在任何年龄进行。
paragraph2sentence.test-scientific-382-1,因为马鞍椅比普通办公椅高，所以桌子也必须更高。为此，有一些桌子可以通过电子或机械方式进行调整以适合用户。马鞍椅也可以与普通办公桌一起使用，但必须使用高度加长件将办公桌抬起。马鞍椅的座位要么是实心的，要么是分开的。分开的座椅可以减轻生殖器的压力并降低生殖器区域的温度。人们认为，分开的座位比固定的座位更健康，尤其是对于男性而言。
paragraph2sentence.test-scientific-382-2,坐在马鞍椅上与坐在传统椅子上不同。
paragraph2sentence.test-scientific-383-1,在许多底部进料器中，通常需要一种处理基材的机构。对于海参等某些生物体来说，沙子通常会穿过身体。在鱼中，沙子会通过鳃缝从嘴里抽出来。
paragraph2sentence.test-scientific-383-2,底部给料机通常有一些处理沙子的方法。
paragraph2sentence.test-scientific-384-1,这是铸造和模具成型的特殊形式。如果化学反应正确，生物体（或生物体碎片）可以充当菱铁矿等矿物质沉淀的核，从而在其周围形成结核。如果这种情况在有机组织显着腐烂之前迅速发生，则可以保留非常精细的三维形态细节。来自美国伊利诺伊州石炭纪 Mazon Creek 化石床的结核是此类矿化的最有记录的例子之一。
paragraph2sentence.test-scientific-384-2,来自石炭纪 Mazon Creek 化石层的结核是记录最详尽的例子之一，因为由于该地区理想的化学成分，这些生物体在腐烂后不久就引起了沉淀和随后的结核。
paragraph2sentence.test-scientific-385-1,科学研究发现，抑郁症患者的许多大脑区域显示出活动改变，这鼓励了各种试图确定疾病生化起源的理论的倡导者，而不是强调心理或情境原因的理论。抑郁症的生物学原因的理论涉及遗传学和昼夜节律，但最突出和研究最广泛的是单胺假说。
paragraph2sentence.test-scientific-385-2,多项研究表明，患有抑郁症的人的大脑表现出神经活动的改变，这使得研究人员推测抑郁症的多种生物学原因，例如遗传、昼夜节律和单胺。
paragraph2sentence.test-scientific-386-1,当非常大的恒星在其生命周期结束时崩溃时，预计会形成恒星质量的黑洞。黑洞形成后，它可以通过吸收周围环境的质量来继续增长。通过吸收其他恒星并与其他黑洞合并，可能会形成数百万太阳质量的超大质量黑洞。人们普遍认为大多数星系的中心都存在超大质量黑洞。
paragraph2sentence.test-scientific-386-2,黑洞被认为位于星系中心并不断生长，是在大质量恒星死亡时形成的。
paragraph2sentence.test-scientific-387-1,激光相机系统 (LCS) 是短距离、高精度自动同步三角测量扫描仪。该相机使用激光来测量自身与目标上的点之间的距离，并能够创建其扫描区域的三维表示。
paragraph2sentence.test-scientific-387-2,LCS 是一种短程自动同步三角测量扫描仪，能够生成扫描区域的 3D 模型。
paragraph2sentence.test-scientific-388-1,铁假说被认为是全球工程的一种手段，因为少量的赤铁矿（微米大小的铁颗粒）可能对大气产生相当大的影响。 “给我半罐铁，我就给你下一个冰河时代，”马丁曾经开玩笑地说。现实可能要温和得多：2002年的测试表明，添加到水中的每个铁原子都会下沉10 000到100 000个碳原子，这意味着只需30 000吨铁就可以封存10亿吨二氧化碳。从这个数字来看，仅 2011 年，这约占人类排放二氧化碳的 10%。
paragraph2sentence.test-scientific-388-2,尽管微米级的铁颗粒会对大气产生巨大影响，但与人类产生的二氧化碳相比，其污染程度可以忽略不计。
paragraph2sentence.test-scientific-389-1,一克土壤中通常有 4000 万个细菌细胞，一毫升淡水中通常有 100 万个细菌细胞。地球上大约有5×10^30个细菌，形成的生物量超过了所有动植物的生物量。细菌对于营养物质的回收至关重要，营养循环中的许多步骤都取决于这些生物体，例如固定大气中的氮和腐败。
paragraph2sentence.test-scientific-389-2,细菌在营养物质的循环过程中发挥着关键作用，我们的星球上存在大量细菌，一毫升淡水可含有多达一百万个细菌细胞。
paragraph2sentence.test-scientific-390-1,心理词典与词典的不同之处在于，它不仅仅是单词的一般集合；而是单词的集合。相反，它涉及每个说话者如何激活、存储、处理和检索这些单词。一个人的心理词汇会随着新单词的学习而变化和增长，并且不断发展，但有几位理论家对这种现象是如何发生的有争论。关于心理词典的一些理论包括谱理论、双编码理论、乔姆斯基的先天理论以及语义网络理论。
paragraph2sentence.test-scientific-390-2,近年来，双语儿童心理词汇的研究有所增加。
paragraph2sentence.test-scientific-391-1,膳食纤维是一种碳水化合物（或多糖），在人类和某些动物中不能完全吸收。像所有碳水化合物一样，当它被代谢时，每克可以产生四卡路里（千卡）的能量。但在大多数情况下，由于其吸收和消化率有限，它所占的比例要小一些。
paragraph2sentence.test-scientific-391-2,膳食纤维通常产生少于四卡路里的热量。
paragraph2sentence.test-scientific-392-1,虽然“半径”通常是完美球体的特征，但本文中使用的术语更广泛地表示从地球的某个“中心”到表面或模拟地球的理想化表面上的点的距离。它还可以表示这些距离的某种平均值，或者是曲率与地球椭球模型在给定点的曲率相匹配的球体半径的某种平均值。
paragraph2sentence.test-scientific-392-2,在本文中，地球半径是指从中心到地球或具有相同曲率的球体表面的平均距离。
paragraph2sentence.test-scientific-393-1,在无性繁殖中，一个个体可以在不与该物种的另一个个体参与的情况下繁殖。细菌细胞分裂成两个子细胞是无性繁殖的一个例子。然而，无性繁殖并不限于单细胞生物。大多数植物具有无性繁殖的能力，而蚂蚁种 Mycocepurus smithii 被认为完全通过无性繁殖。
paragraph2sentence.test-scientific-393-2,从有性繁殖转向无性繁殖的另一个限制是减数分裂的伴随损失以及作为减数分裂功能之一的DNA损伤的保护性重组修复。
paragraph2sentence.test-scientific-394-1,遗产树通常是一棵具有独特价值的大树，被认为是不可替代的。遗产树木指定的主要标准是年龄、稀有性和大小，以及美学、植物、生态和历史价值。制定遗产树条例是为了限制这些树木的移除；这些法令针对的是特定的树木，而不是林地。新加坡的遗产树木受到 2001 年 8 月 17 日通过的遗产树木计划的法律保护。橡树被描述为英国的遗产树木。
paragraph2sentence.test-scientific-394-2,与林地保护法不同，遗产树木条例旨在限制特定树木的移除或破坏。
paragraph2sentence.test-scientific-395-1,需要人工授精以实现怀孕的女性可以从其男性伴侣处获取精子样本，或者如果女性伴侣产生的活动精子太少，或者如果他携带遗传性疾病，或者如果该女性没有男性伴侣，则可以使用精子捐赠的精子。精子通常是通过手淫或使用电刺激器获得的，尽管可以使用一种特殊的避孕套（称为收集避孕套）在性交过程中收集精液。
paragraph2sentence.test-scientific-395-2,如果女性有精子过敏或男性有生殖困难（例如精子数量低或精子活力差），人工授精可以帮助受孕。
paragraph2sentence.test-scientific-396-1,单胺假说的许多变体都涉及神经递质血清素，由血清素转运蛋白调节，有助于调节情绪和行为，如焦虑、愤怒、食欲、性、睡眠、情绪等。抑郁症患者的血清素转运蛋白基因长度可能存在差异。拥有两个长等位基因的人患抑郁症的可能性较小，而拥有一个短等位基因和一个长等位基因或两个短等位基因的人更容易患抑郁症。
paragraph2sentence.test-scientific-396-2,血清素应答器有助于调节情绪和行为（例如焦虑、饥饿、睡眠），而负责血清素的基因长度异常已被证明与抑郁症有关。
paragraph2sentence.test-scientific-397-1,齐普夫定律指出，给定一些自然语言话语的语料库，任何单词的频率与其在频率表中的排名成反比。因此，最频繁出现的单词的出现频率大约是第二频繁出现的单词的两倍，是第三频繁出现的单词的三倍，等等。例如，在美国英语文本的布朗语料库中，单词“the”是出现频率最高的单词，它本身就占所有单词出现次数的近 7%（略多于 100 万个单词中的 69 971 个）。
paragraph2sentence.test-scientific-397-2,“the”一词是英语中出现频率最高的单词，占美国英语文本布朗语料库中所有单词出现次数的近 7%。
paragraph2sentence.test-scientific-398-1,从弗雷明汉心脏研究开始，人们就正确地假设心脏健康会受到生活方式、环境因素以及遗传的影响。弗雷明汉心脏研究是危险因素一词的起源。在弗雷明汉心脏研究之前，医生几乎没有预防意识。 20世纪50年代，人们认为动脉阻塞和动脉狭窄（动脉粥样硬化、动脉硬化）是衰老的正常现象，并且随着人们年龄的增长而普遍发生。高血压（hypertension）和血清胆固醇升高（高胆固醇血症）在 20 世纪 50 年代也被视为衰老的正常后果，并且没有开始治疗。这些年来，这些以及其他危险因素（例如同型半胱氨酸）逐渐被发现。
paragraph2sentence.test-scientific-398-2,地球特洛伊木马的轨道可能使它们到达月球所需的能量成本低于月球，尽管它们的距离要远数百倍。
paragraph2sentence.test-scientific-399-1,尽管蓝光光盘规范已经最终确定，但工程师们仍在继续致力于推进该技术。到 2005 年，四层 (128 GB) 光盘已在具有改进光学器件和标准未更改光学器件的驱动器上进行了演示。日立表示，这种光盘可用于存储7小时的32 Mbit/s视频（HDTV）或3小时30分钟的64 Mbit/s视频（Cinema 4K）。 2006 年 8 月，TDK 宣布他们已经创建了一种可工作的实验性蓝光光盘，能够使用六个 33 GB 数据层在单面保存 200 GB 数据。
paragraph2sentence.test-scientific-399-2,尽管蓝光的规格已经最终确定，但它仍然是一个活跃的研究领域，日立和 TDK 等公司近年来已经实现了显着更高容量的光盘。
paragraph2sentence.test-scientific-400-1,另一种关于幼儿在语言习得过程中推导新学到的单词含义的理论源于约翰·洛克的“联想建议理论”。与“意向提议理论”相比，联想提议理论是指通过将新事物与环境刺激进行比较来演绎意义。 Yu & Ballard (2007) 进行的一项研究引入了跨情境学习，这是一种基于洛克理论的方法。跨情境学习理论是一种机制，在这种机制中，孩子在不同的环境中通过多次接触来学习单词的含义，试图在每次接触的基础上消除单词真实含义的不确定性。
paragraph2sentence.test-scientific-400-2,Yu & Ballard (2007) 进行的一项研究引入了跨情境学习，其理论基础是儿童通过在不同环境中多次接触来学习单词含义，以便在每次接触的基础上消除单词真实含义的不确定性。
paragraph2sentence.test-scientific-401-1,社交缺陷将自闭症和相关的自闭症谱系障碍（ASD；参见分类）与其他发育障碍区分开来。自闭症患者存在社交障碍，并且常常缺乏许多人认为理所当然的对他人的直觉。著名的自闭症患者坦普尔·格兰丁（Temple Grandin）形容她无法理解神经正常人或神经发育正常的人的社交沟通，这让她感觉“就像火星上的人类学家”。
paragraph2sentence.test-scientific-401-2,自闭症的特点是社交障碍，即无法理解神经典型的社交沟通。
paragraph2sentence.test-scientific-402-1,金属导体的电阻率随着温度的降低而逐渐减小，同时其电导率变得无限大。因此，超导体中的电流在大小上没有任何变化。在铜或银等普通导体中，这种下降受到杂质和其他缺陷的限制。即使接近绝对零，正常导体的真实样本也会显示出一定的电阻。
paragraph2sentence.test-scientific-402-2,磁场是由移动的电荷和基本粒子的固有磁矩产生的，这些磁矩与基本量子特性（即自旋）相关。
paragraph2sentence.test-scientific-403-1,在生物多样性研究中，棋盘分数或 C 分数是一种统计量，它确定两个或多个物种在生物群落集合中分布的随机性。该统计数据由斯通和罗伯茨于 1990 年首次发布，它扩展了戴蒙德早期的工作，该工作将“棋盘分布”的概念定义为物种竞争的指标。
paragraph2sentence.test-scientific-403-2,棋盘分数首次由 Stone 和 Roberts 于 1990 年发表，它扩展了早期生物多样性研究中的统计数据，以反映两个或多个物种在一组生物群落中分布的随机性。
paragraph2sentence.test-scientific-404-1,海底航道及其侧翼堤坝通常称为航道堤坝系统（Flood 和 Damuth，1987）。它们是重要的地貌特征，可能跨越海底数千公里。通常，它们合并并重叠形成河道堤坝复合体，这是许多主要海底扇的组成部分。 (Kane  2010) 这使得它们成为负责将粗粒沉积物输送到深水中的几个地质过程之一，也是碳从大陆架转移到大陆边缘更深部分的主要通道。 （Bull 等人，2009 年；Frey-Martinez 等人，2005 年；Gee 等人，2006 年；Masson 等人，2006 年；Shipp 等人，2004 年）。
paragraph2sentence.test-scientific-404-2,海底航道是将沉积物输送到深海的原因之一。
paragraph2sentence.test-scientific-405-1,创造能够自主操作的机器的概念可以追溯到古典时代，但对机器人功能和潜在用途的研究直到 20 世纪才大幅增长。纵观历史，机器人技术经常被视为模仿人类行为，并经常以类似的方式管理任务。
paragraph2sentence.test-scientific-405-2,第一个电子扫描格式（405 行）是第一个“高清”电视系统，因为它所取代的机械系统的数量要少得多。
paragraph2sentence.test-scientific-406-1,对失重的适应不仅涉及感觉运动耦合功能，还涉及一些自主神经系统功能。睡眠障碍和直立不耐受在太空飞行期间和之后也很常见。失重环境中不存在静水压力。结果，体液向上半身重新分配导致腿部体积减少，这可能会影响肌肉粘度和顺应性。
paragraph2sentence.test-scientific-406-2,航天飞行通常从火箭发射开始，火箭发射提供克服重力的初始推力并将航天器从地球表面推进。
paragraph2sentence.test-scientific-407-1,大多数鸟类寄生虫在巢中产下自己的卵时，都会将宿主卵移走。根据物种的不同，这可能发生在同一次访问寄主巢穴时，也可能发生在寄生之前或之后的单独访问中。这既可以防止宿主物种意识到它们的巢穴已被寄生，又可以减少寄生雏鸟孵化后对它们的竞争。
paragraph2sentence.test-scientific-407-2,为了防止宿主物种检测到寄生虫卵，禽类寄生虫会用自己的卵取代原来的卵，并始终保持相同的数量。
paragraph2sentence.test-scientific-408-1,热通量或热通量是通过给定表面的热能传递率。 SI 导出的热耗率单位是焦耳每秒或瓦特。热通量是单位面积的热耗率。在 SI 单位中，热通量以 W/m2 为单位进行测量。热耗率是标量，而热通量是矢量。为了定义空间中某一点的热通量，需要考虑表面尺寸变得无穷小的极限情况。
paragraph2sentence.test-scientific-408-2,热通量是标量热耗率的矢量模拟，而热耗率为每秒焦耳，热通量是每单位面积的热耗率，以 W/m2 为单位。
paragraph2sentence.test-scientific-409-1,铁氧化物和氧化物氢氧化物在自然界中广泛存在，在许多地质和生物过程中发挥着重要作用，并被人类广泛利用，例如作为铁矿石、颜料、催化剂、铝热剂（见图）、血红蛋白。普通锈是氧化铁（III）的一种形式。氧化铁作为廉价、耐用的颜料广泛应用于油漆、涂料和彩色混凝土中。常见的颜色位于黄色/橙色/红色/棕色/黑色范围的“土色”一端。
paragraph2sentence.test-scientific-409-2,氧化铁在自然界的生物过程中发挥着重要作用，事实上，普通的铁锈就是氧化铁的一种。
paragraph2sentence.test-scientific-410-1,动物群演替原理，也称为动物群演替法则，基于这样的观察：沉积岩地层含有化石动植物群，并且这些化石以特定的、可靠的顺序在垂直方向上相互继承，可以在较宽的水平距离上识别。例如，尼安德特人的骨头化石永远不会与巨龙化石在同一地层​​中被发现，因为尼安德特人和巨龙生活在不同的地质时期，相隔数百万年。这使得可以通过其中发现的化石来识别地层并确定其年代。
paragraph2sentence.test-scientific-410-2,由于化石在地质地层中以特定的垂直顺序出现，动物群演替原理表明，可靠的垂直顺序可用于可靠地确定化石的年代，例如，斑龙和尼安德特人的骨骼化石永远不会在同一地层​​中发现，因为两者生活在不同的地质时期。
paragraph2sentence.test-scientific-411-1,从历史上看，根据来自社会孤立、震耳欲聋的研究和交叉寄养实验的证据，物种根据其产生新颖发声或模仿其他物种的能力被分为发声学习者或发声非学习者二元类别。然而，声乐学习者在物种之间表现出很大的可塑性或差异，从而产生了一系列的能力。鸣禽和鲸鱼的发声具有类似于人类的句法组织，但仅限于有限状态语法（FSG），它们可以生成结构复杂性有限的序列串。
paragraph2sentence.test-scientific-411-2,尽管物种通常根据发声和模仿能力分为发声学习者或非学习者，但发声学习表现出一系列能力，某些物种（例如鸣禽）使用有限的句法结构来产生具有一定结构复杂性的发声序列。
paragraph2sentence.test-scientific-412-1,随着比率高温计的广泛使用，人们发现许多材料（其中以金属为例）在两个波​​长下不具有相同的发射率。对于这些材料，发射率不会抵消，并且温度测量存在误差。误差量取决于发射率和进行测量的波长。
paragraph2sentence.test-scientific-412-2,比率高温计显示，许多材料在两个波长下的发射率不同，这会导致温度测量误差。
paragraph2sentence.test-scientific-413-1,该地区于 19 世纪首次定居，主要由爱尔兰移民组成。该地可能以一个显赫的定居者家族的名字命名，因为宗教记录表明理查德·香农 (Richard Shannon) 于 1831 年去世，西蒙·香农 (Simon Shannon) 于次年去世。 1850 年左右，木材工业兴起，1860 年锯木厂建成，进一步推动了其发展。 1861 年左右，大约三分之二的人口是爱尔兰人，到 1900 年，这一比例已达到一半。
paragraph2sentence.test-scientific-413-2,月球近侧的特点是大片黑暗区域，最先绘制这些区域的天文学家认为这些区域是海洋。
paragraph2sentence.test-scientific-414-1,并非所有现代灵性概念都包含超验思想。世俗灵性强调道德品质上的人文理念（诸如爱、同情、耐心、宽容、宽恕、知足、责任、和谐和关心他人等品质）。这些是生活和人类经验的方面，超越了纯粹唯物主义的世界观，而不必接受对超自然现实或神圣存在的信仰。
paragraph2sentence.test-scientific-414-2,旋律的概念和作曲的艺术追求对于早期的乐器演奏者来说是未知的。
paragraph2sentence.test-scientific-415-1,底栖生物是生活在底栖区域的生物，与水体其他地方的生物不同。许多适应于生活在基质上（底部）。在它们的栖息地，它们可以被认为是占主导地位的生物，但它们通常是柠檬鲨等真鲨科动物的猎物来源。许多适应深水压力的生物体无法在水柱的上部生存。压力差可能非常显着（每 10 米水深约一个大气压）。
paragraph2sentence.test-scientific-415-2,生活在海洋底栖区域的生物称为底栖生物，是其栖息地的优势生物，也是真鲨科的主要猎物。
paragraph2sentence.test-scientific-416-1,尽管它的使用对于跨越海洋至关重要，但海洋玻璃并不是测量时间流逝的精确仪器。许多因素会影响沙子流动的持续时间：“玻璃”内的湿度、沙子细度的均匀性、连接管的内径（可能因沙子流动而磨损）、或多或少的水平位置、船舶运动加速或减速的影响，所有这些都可能影响沙子的流动，从而影响测量的时间。
paragraph2sentence.test-scientific-416-2,玛尔斯是浅的、平坦的陨石坑，科学家将其解释为由于岩浆气体或蒸汽剧烈膨胀而在火山口上方形成。玛尔河的深度侵蚀可能会暴露出一个问题。
paragraph2sentence.test-scientific-417-1,火环是板块构造以及岩石圈板块运动和碰撞的直接结果。环的东段是纳斯卡板块和科科斯板块俯冲到向西移动的南美板块之下的结果。科科斯板块正在俯冲到中美洲的加勒比板块之下。
paragraph2sentence.test-scientific-417-2,太平洋周围的火山活动，被称为火环，是由于岩石圈的板块运动造成的，东部的纳斯卡和科科斯板块正在被南美和加勒比板块俯冲。
paragraph2sentence.test-scientific-418-1,在此过程中，不可避免地会损失一定量的土地，同时海滩的建设也会导致定居点、农田和其他财产遭到破坏。因此，有管理的撤退往往不是社会可接受的计划，并且可能需要向土地所有者提供补偿。潮间带遗址通常是丰富的考古资源，遗产的丧失是管理撤退项目中需要权衡的一个因素。
paragraph2sentence.test-scientific-418-2,尽管有管理的撤退通常会创造丰富的考古资源，但该过程确实涉及土地损失，这可能会导致财产破坏，并可能因此要求对所有者进行金钱补偿。
paragraph2sentence.test-scientific-419-1,在适当的情况下，双原子碳可以被视为去除了两个氢原子的乙炔、去除了四个氢原子的乙烯或去除了六个氢原子的乙烷；因此，根据替代命名法，乙叉基、亚乙二基或乙烷三亚基可以分别用作上下文特定的系统名称。
paragraph2sentence.test-scientific-419-2,价键理论预测四键是满足碳八位组规则的唯一方法。
paragraph2sentence.test-scientific-420-1,可见双星是指两个组成部分之间的角距足够大，可以在望远镜甚至高倍双筒望远镜中将它们观察为双星的双星。望远镜的角分辨率是视觉双星探测的一个重要因素，随着更好的角分辨率应用于双星观测，将会探测到越来越多的视觉双星。两颗恒星的相对亮度也是一个重要因素，因为明亮恒星的眩光可能会使检测较暗成分的存在变得困难。
paragraph2sentence.test-scientific-420-2,如果双星的恒星具有相对相似的亮度和足够的角距，可以允许观察者在普通望远镜内分辨它们，则双星被视为视觉双星。
paragraph2sentence.test-scientific-421-1,鱼类测量是测量单条鱼的长度及其解剖结构的各个部分。这些数据用于鱼类学的许多领域，包括分类学和渔业生物学。
paragraph2sentence.test-scientific-421-2,鱼的测量只不过是测量鱼不同部位尺寸的过程。
paragraph2sentence.test-scientific-422-1,在 UIT 中，超声波由机电超声波换能器产生，并施加到工件上。通过磁致伸缩超声波换能器为声学调谐的谐振器条提供能量，使其振动。这些高频脉冲产生的能量通过特殊设计的钢销接触传递到处理过的表面。这些传递销可以在谐振体和处理过的表面之间自由地轴向移动。
paragraph2sentence.test-scientific-422-2,超声波冲击处理使用机电超声波换能器产生的超声波，使用金属销将其施加到处理表面。
paragraph2sentence.test-scientific-423-1,除了一般目的外，该研究还旨在收集信息，以检验有关生育率方面的人口和社会经济差异、避孕措施和所采用方法的流行程度、生育力低下和不育可能导致低生育率的程度以及当时的生育时间模式和生育速度的具体假设。访谈收集了每位受访者的计划生育、避孕措施使用情况、妊娠史、生育能力、不孕不育、生育情况以及母婴健康等信息。除了受访者的人口特征和背景信息外，还收集了有关他们的家庭构成、丈夫、婚姻和居住地区的信息。
paragraph2sentence.test-scientific-423-2,同时振荡可以称为等离激元杂交，其中振荡的可调性与内壳和外壳的混合相关，在内壳和外壳中它们杂交以给出较低的能量或较高的能量。
paragraph2sentence.test-scientific-424-1,对于皮肤点刺测试，使用带有突出针的小板。过敏原要么放置在板上，要么直接放置在皮肤上。然后将板放在皮肤上，以刺穿皮肤并使过敏原进入体内。如果出现荨麻疹，则该人将被视为过敏阳性。该测试仅适用于 IgE 抗体。其他抗体引起的过敏反应无法通过皮肤点刺试验检测出来。
paragraph2sentence.test-scientific-424-2,皮肤点刺试验不能用于非 IgE 抗体。
paragraph2sentence.test-scientific-425-1,水体经常受到土臭素和2-甲基异龙脑的影响，影响饮用水和水中生长的鱼类的味道。卤代茴香醚同样会影响水体，并且是公认的导致葡萄酒异味的原因。吃野蒜等杂草的奶牛会在牛奶中产生“杂草味”异味。
paragraph2sentence.test-scientific-425-2,水和酒的风味会受到卤代茴香醚的影响。
paragraph2sentence.test-scientific-426-1,为了进行非常精确的工作，pH 计应在每次测量前进行校准。对于正常使用，应在每天开始时进行校准。其原因是玻璃电极不能提供可重复的电动势。在较长一段时间内。应使用至少两种跨越待测 pH 值范围的标准缓冲溶液进行校准。对于一般用途，pH 4.01 和 pH 10.00 的缓冲液是可接受的。
paragraph2sentence.test-scientific-426-2,pH计的校准应每天早上进行。
paragraph2sentence.test-scientific-427-1,处理在某个时间点对单个单位的因果效应是有处理和无处理的结果变量之间的差异。因果推理的基本问题是不可能观察到单个单位的因果效应。你要么现在服用阿司匹林，要么不服用。因此，必须做出假设来估计缺失的反事实。
paragraph2sentence.test-scientific-427-2,发动机最初是一个术语，指任何将力转化为运动的机械装置。
paragraph2sentence.test-scientific-428-1,这一计算需要注意的是，最初的工作涉及东海的水文学，其中冷却在致密陆架水的形成中起主导作用，并且这种机制可能不适用于其他地区。然而，有人建议其他过程可以在不同的气候条件下驱动泵。例如，在极地地区，海冰的形成导致盐分的挤出，从而可能增加海水密度。同样，在热带地区，蒸发可能会增加当地的盐度和海水密度。
paragraph2sentence.test-scientific-428-2,大陆架泵是由不同的海洋引起的，例如在两极附近，海冰的形成导致盐的挤出，从而可能增加海水密度。
paragraph2sentence.test-scientific-429-1,日本研究人员成功地在小鼠身上重新长出了功能齐全的牙齿。从小鼠身上提取上皮细胞和间充质细胞，进行培养以产生牙齿“胚芽”，然后将胚芽植入缺失牙齿的骨骼中。具有正确的外部和内部结构、硬度、强度和敏感性的牙齿随后在间隙中萌出，最终以类似于原始天然牙齿的方式与相对的牙齿相遇。这项技术可能是未来替代缺失牙齿的一种可能的治疗方法。
paragraph2sentence.test-scientific-429-2,牙齿的发育、外观和分类属于其研究领域，但牙齿咬合或牙齿之间的接触则不属于其研究领域。
paragraph2sentence.test-scientific-430-1,婴儿语及其模仿可能会被一个非婴儿用来对另一个非婴儿进行言语虐待，其目的是让受害者变得婴儿化。这种情况可能发生在欺凌行为中，欺凌者用儿语来断言受害者软弱、懦弱、情绪化或顺从。
paragraph2sentence.test-scientific-430-2,儿语可能被用作性伴侣或浪漫伴侣之间调情的一种形式。
paragraph2sentence.test-scientific-431-1,在能量学领域，能量载体仅对应于社会各部门履行其功能所需的能量输入的一种能量形式（而非能源系统）。能源载体 (EC) 由能源部门使用一次能源 (PES) 产生。 “能量载体”和“主要能源”之间的区别极其重要，因为这两个标签指的是不同质量的能量形式，因此它们无法聚合：1 兆焦耳 (MJ) 的 EC 与 1 MJ 的 PES 不同。
paragraph2sentence.test-scientific-431-2,含铍合金由于其有毒特性，在制造过程中会产生吸入危险。
paragraph2sentence.test-scientific-432-1,从解剖学上讲，小脑看起来是一个独立的结构，附着在大脑底部，隐藏在大脑半球下方。它的表面布满了间隔精细的平行凹槽，与大脑皮层广泛的不规则回旋形成鲜明对比。这些平行的凹槽掩盖了这样一个事实：小脑实际上是一个连续的薄层组织（小脑皮质），以手风琴的形式紧密折叠。在这一薄层内有几种类型的神经元，排列高度规则，其中最重要的是浦肯野细胞和颗粒细胞。
paragraph2sentence.test-scientific-432-2,脑干通过脑神经为面部和颈部提供主要的运动和感觉神经支配。
paragraph2sentence.test-scientific-433-1,如果水中悬浮有任何颗粒，它们会增加光的散射。在沿海地区，河流径流、潮汐、波浪和风暴以及许多其他物质从底部重新悬浮的沙子和淤泥可以改变近岸水域的颜色。某些类型的颗粒还可能含有吸收某些波长的光的物质，从​​而改变其特性。
paragraph2sentence.test-scientific-433-2,自然悬浮在水源中的颗粒可以改变海岸线水域的颜色。
paragraph2sentence.test-scientific-434-1,结构化观察代表了自然观察的被动不干预与以实验室实验为特征的自变量的系统操纵和精确控制之间的折衷。结构化观察可能发生在自然或实验室环境中。在结构化观察中，观察者通常会进行干预，以便导致事件发生，或者“设置”一种情况，以便比没有干预时更容易记录事件。在这种情况下，通常会利用一个同盟者来创造一个观察行为的情况。结构化观察经常被临床和发展心理学家使用，或者用于研究野生动物。结构化观察的好处之一是，它允许研究人员记录使用自然观察可能难以观察到的行为，但比实验室中施加的人工条件更自然。然而，当观察或观察者之间未遵循相同的观察程序，或者观察之间未控制重要变量时，解释结构化观察时可能会出现问题。
paragraph2sentence.test-scientific-434-2,“粘度”一词源自拉丁语“viscum”，意思是“任何由槲寄生制成的粘性粘鸟胶，槲寄生”。
paragraph2sentence.test-scientific-435-1,当公众报告他们的家人、朋友、邻居或同事被诊断出患有相同或相关的癌症时，通常会出现癌症群的怀疑。州或地方卫生部门将在提出索赔时调查癌症集群的可能性。为了证明调查此类说法的合理性，卫生部门进行了初步审查。将收集和验证以下方面的数据：报告的癌症类型、病例数、病例的地理区域以及患者的临床病史。此时，由医疗专业人员组成的委员会将检查数据并确定调查（通常是漫长且昂贵的）是否合理。
paragraph2sentence.test-scientific-435-2,FAN 的具体成分因麦芽汁或葡萄汁的成分而异。
paragraph2sentence.test-scientific-436-1,里德利研究了为解释社会中的人类不会叛逃这一事实而进行的不同尝试的历史，研究了各种计算机生成的模型，这些模型被用来解释这种行为是如何出现的。他特别研究了基于“一报还一报”理念的系统，在该系统中，团体成员只与那些也合作的人合作，并排除那些不合作的人。这使得利他行为得以发展，并导致困境的最佳解决方案不再是背叛，而是合作。
paragraph2sentence.test-scientific-436-2,社会生物学研究社会行为，例如交配模式、领地争夺、群体狩猎和群居昆虫的蜂巢社会。
paragraph2sentence.test-scientific-437-1,喷发的火山可能会造成许多危险，不仅是在火山喷发的附近。火山灰可能对飞机构成威胁，特别是那些装有喷气发动机的飞机，其中火山灰颗粒可能会因高工作温度而熔化；然后熔化的颗粒粘附在涡轮叶片上并改变其形状，从而扰乱涡轮机的运行。
paragraph2sentence.test-scientific-437-2,互联网及其骨干网络不依赖中央控制或协调设施，也不实施任何全球网络政策。
paragraph2sentence.test-scientific-438-1,在人类中，成熟的性欲通常在青春期开始出现。性表达可以采取自慰或与伴侣发生性行为的形式。与成年人一样，青少年的性兴趣差异很大。一般来说，性活动与各种风险有关，包括意外怀孕和艾滋病毒/艾滋病等性传播疾病。对于青少年来说，这种风险更高，因为他们的大脑神经尚未成熟。大脑皮层额叶和下丘脑中对自我控制、延迟满足以及风险分析和评估很重要的几个大脑区域尚未完全成熟。
paragraph2sentence.test-scientific-438-2,自我控制对于实现目标和避免可能产生负面影响的冲动和/或情绪至关重要。
paragraph2sentence.test-scientific-439-1,上帝基因假说基于行为遗传学、神经生物学和心理学研究的结合。该假设的主要论据是：（1）灵性可以通过心理测量来量化； (2)潜在的灵性倾向是部分遗传的； (3)这种遗传力部分归因于VMAT2基因； (4) 该基因通过改变单胺水平发挥作用； （5）精神个体受到自然选择的青睐，因为他们具有与生俱来的乐观情绪，后者在身体或心理层面上产生积极的影响。
paragraph2sentence.test-scientific-439-2,尽管确定基因的许多相互作用的功能总是很困难，但 VMAT2 似乎参与了单胺神经递质穿过大脑突触的运输。
paragraph2sentence.test-scientific-440-1,山达基教认为，人们是不朽的存在，但却忘记了自己的真实本性。它的精神康复方法是一种被称为“审计”的咨询，其中从业者的目标是有意识地重新经历过去的痛苦或创伤事件，以摆脱其限制性影响。向会员提供学习材料和旁听课程，以换取指定的捐款。山达基在美国和其他一些国家被法律承认为免税组织，山达基教会强调这一点，以证明它是一个真正的宗教。在其他国家，特别是法国、德国和英国，山达基教没有类似的宗教地位。
paragraph2sentence.test-scientific-440-2,车站通常设有配备人员的售票处和/或自动售票机，但在某些线路上车票是在火车上出售的。
paragraph2sentence.test-scientific-441-1,疫苗并不能保证完全预防疾病。有时，这是因为宿主的免疫系统根本没有充分反应或根本没有反应。这可能是由于总体免疫力降低（糖尿病、类固醇使用、HIV 感染、年龄）或因为宿主的免疫系统没有能够产生针对该抗原的抗体的 B 细胞。
paragraph2sentence.test-scientific-441-2,如果免疫系统较弱或缺乏 B 细胞，疫苗可能无效。
paragraph2sentence.test-scientific-442-1,奥斯蒙铁是通过在炉膛中熔化生铁制成的，该炉膛比英国华丽锻造厂中的典型华丽炉膛更窄、更深。壁炉里生着炭火，风箱通过风口吹着。当铁熔化时，水滴在爆炸中落下并凝结。然后用一根铁棒将他们吊入爆炸中。当它们融化时，它们被一根大棒的末端抓住，放在火中并迅速转动，使液滴散开，形成一个球。
paragraph2sentence.test-scientific-442-2,奥斯蒙铁是通过在炭火加热的炉膛中熔化生铁制成的，熔化后，用一根大棒的末端夹住，放在火中并迅速旋转形成球体。
paragraph2sentence.test-scientific-443-1,有许多不同类型的性格测试。最常见的类型是自我报告清单，通常也称为客观性格测试。自我报告清单测试涉及向考生管理许多问题/项目，考生通过对每个项目反映其行为的程度进行评分来做出回应，并可以客观地评分。使用“项目”一词是因为许多测试问题实际上并不是问题；它们通常是调查问卷上的陈述，允许受访者表明同意程度（使用李克特量表，或更准确地说，李克特类型量表）。
paragraph2sentence.test-scientific-443-2,第一个性格测试是在 20 年代开发的，旨在简化人员选拔过程，特别是在武装部队中。
paragraph2sentence.test-scientific-444-1,进化生物学作为一门独立的学科，出现在 20 世纪 30 年代和 1940 年代的现代进化综合时期。然而，直到 20 世纪 70 年代和 80 年代，相当多的大学才有专门在其名称中包含“进化生物学”一词的院系，并且通常与生态学和行为学结合在一起。
paragraph2sentence.test-scientific-444-2,查尔斯·达尔文是第一个通过自然选择为进化论提出科学论证的人。
paragraph2sentence.test-scientific-445-1,对于多义性有多种测试，但其中之一是 zeugma：如果一个单词在不同的上下文中应用时似乎表现出 zeugma，则上下文很可能会带来同一单词的不同多义性。如果同一个词的两种含义似乎不相符，但又似乎相关，那么它们很可能是多义的。然而，该测试再次取决于说话者对相关性的判断，这一事实意味着该多义性测试并非万无一失，而仅仅是一种有用的概念辅助。
paragraph2sentence.test-scientific-445-2,多义词测试通常依赖于说话者的相关性判断，这也意味着某些多义词测试虽然有帮助，但由于流利度和背景知识等因素可能是错误的。
paragraph2sentence.test-scientific-446-1,典型的解析器生成器将可执行代码与语法的每个规则相关联，当解析器应用这些规则时应该执行这些规则。这些代码片段有时被称为语义操作例程，因为它们定义了解析器分析的语法结构的语义。根据应生成的解析器的类型，这些例程可以构造解析树（或抽象语法树），或直接生成可执行代码。
paragraph2sentence.test-scientific-446-2,META II 是最早（1964 年）的、功能强大的编译器版本之一，它接受语法和代码生成规则，并且能够编译自身和其他语言。
paragraph2sentence.test-scientific-447-1,CMOS 有时也称为互补对称金属氧化物半导体（或 COS-MOS）。 “互补对称”一词指的是这样一个事实：CMOS 的典型数字设计风格使用互补且对称的 p 型和 n 型金属氧化物半导体场效应晶体管 (MOSFET) 对来实现逻辑功能。
paragraph2sentence.test-scientific-447-2,镭以氯化镭的形式存在，由玛丽·居里和皮埃尔·居里于 1898 年发现。
paragraph2sentence.test-scientific-448-1,奥氏体的共析成分约为0.76%碳；碳含量较少的钢将含有相应比例的较纯的铁素体微晶，这些微晶不参与共析反应，不能转变为珠光体。同样，碳含量较高的钢在达到共析点之前会形成渗碳体。共析点以上形成的铁素体和渗碳体的比例可以使用杠杆法则从铁/铁-碳化物平衡相图计算出来。
paragraph2sentence.test-scientific-448-2,奥氏体的碳含量低于百分之一，但含碳量较低的钢将含有相应比例的相对纯净的铁素体微晶，这些微晶无法转变为珠光体。
paragraph2sentence.test-scientific-449-1,幽闭症是一个惯用术语，首次记录于 1918 年，指的是当一个人或一群人被孤立和/或关在一个狭小的空间里，长时间无事可做时，就会发生幽闭恐惧症反应。幽闭症描述了一个人在这些情况下可能感到的极度烦躁和不安。一个人可能会在诸如在简单的乡村度假小屋之类的情况下经历幽居病。当患有幽居病时，一个人可能会倾向于睡觉，不信任与他们在一起的任何人，并且即使在雨、雪、黑暗或冰雹中也有外出的冲动。这句话也被幽默地用来表示独自在家感到无聊。
paragraph2sentence.test-scientific-449-2,幽闭恐惧症通常被归类为焦虑症，经常导致惊恐发作，可能是多种情况或刺激的结果，包括电梯拥挤、没有窗户的房间，甚至是紧身衣服。
paragraph2sentence.test-scientific-450-1,东戈瓦岛和埃皮岛曾经是一个更大的岛屿库瓦埃岛的一部分。当地民间传说讲述了一场灾难性的火山喷发摧毁了这座岛屿，留下了两个较小的岛屿和中间的一个椭圆形 12 x 6 公里的火山口（但故事讲述的是东戈瓦以南的一次火山喷发）。与火山口形成相关的塌陷可能高达 1 100 米。大约 32-39 立方公里的岩浆喷发，使库瓦埃喷发成为过去 10 000 年来最大规模的喷发之一。
paragraph2sentence.test-scientific-450-2,Kuwae 喷发规模巨大，形成了 6 公里长的火山口。
paragraph2sentence.test-scientific-451-1,占星学已被科学界拒绝，因为它没有描述宇宙的解释力（参见伪科学）。已经对占星学进行了科学测试，但没有发现任何证据支持占星学传统中概述的任何前提或声称的效果。如果占星学做出了可证伪的预测，那么它就已经被证伪了。没有任何提议的恒星和行星的位置和运动可以影响地球上的人和事件的作用机制不与众所周知的生物学和物理学的基本方面相矛盾。
paragraph2sentence.test-scientific-451-2,鲁本的下一张专辑《后见之明》（Hindsight，2002 年）继续使用了多种音乐流派和深思熟虑且常常有趣的歌词。
paragraph2sentence.test-scientific-452-1,星系碰撞在星系演化中很常见。由于星系中物质的分布极其稀薄，这些并不是正常意义上的碰撞，而是引力相互作用。碰撞可能会导致合并。当两个星系碰撞并且碰撞后没有足够的动量继续移动时，就会发生这种情况。相反，它们会重新回归彼此，并在多次相互穿越后最终合并，形成一个星系。如果碰撞星系之一比另一个大得多，则合并后它将基本保持完整；也就是说，较大的星系看起来几乎相同，而较小的星系将被剥离并成为较大星系的一部分。
paragraph2sentence.test-scientific-452-2,两个星系碰撞后，如果它们没有足够的动量继续行进，就会发生星系合并，形成一个星系，如果它的尺寸明显更大，那么它通常看起来与两个碰撞星系中较大的星系非常相似。
paragraph2sentence.test-scientific-453-1,2000-2001 年建立了第二个队列（RS-II）。另有 3 011 名 55 岁及以上的奥莫德居民同意参加。第二批参与者于2004-2005年和2011-2012年访问研究中心进行后续检查。
paragraph2sentence.test-scientific-453-2,中子星自转周期的变化来自于磁层和伴星等离子体流之间的过渡区域。
paragraph2sentence.test-scientific-454-1,语义学研究的是给定语言中约定俗成的或“编码”的意义，而语用学研究的是意义的传递如何不仅依赖于说话者和听者的结构和语言知识（例如语法、词汇等），而且还依赖于话语的上下文、有关相关人员的任何预先存在的知识、说话者的推断意图以及其他因素。在这方面，语用学解释了语言使用者如何能够克服明显的歧义，因为意义依赖于话语的方式、地点、时间等。
paragraph2sentence.test-scientific-454-2,在语用学中，有两种不同类型的意义需要考虑：语义指称意义和索引意义。
paragraph2sentence.test-scientific-455-1,卫星是一种由核酸组成的亚病毒因子，其增殖依赖于宿主细胞与辅助病毒或主病毒的共感染。当卫星编码其核酸被包裹在其中的外壳蛋白时，它被称为卫星病毒。抑制宿主复制的母体病毒卫星病毒被称为噬病毒体。然而，由于噬病毒体和经典卫星病毒之间缺乏根本区别，该术语的使用仍然存在争议。
paragraph2sentence.test-scientific-455-2,生物学中的卫星病毒是由核酸组成的亚病毒，其编码外壳蛋白，其核酸被包裹在外壳蛋白中。
paragraph2sentence.test-scientific-456-1,通常船舶设计和技能背后的目的是用于航海教育或休闲活动、捕鱼和资源开采、货物或乘客运输以及进行战斗或救助作业。一般来说，水上交通工具的用途与海运业子行业的用途一致。
paragraph2sentence.test-scientific-456-2,城市和城镇通常对酒吧的地点以及可以向顾客提供的酒类类型有法律限制。
paragraph2sentence.test-scientific-457-1,自科莱斯时代以来的半个世纪里，语言学取得了长足的进步。古代文字系统的破译、1822年格林音变定律的发表、波普对印欧语言相互关系的追踪、迪茨关于通俗拉丁语发展为罗曼语系的工作、施莱歇尔对语言进化树的论证，以及最后1875年维尔纳定律的公布，都清楚地表明了语言的变化随着时间的流逝所经历的不仅仅是随机损坏的累积，就像手稿中的抄写错误一样。
paragraph2sentence.test-scientific-457-2,语言学的发展表明，语言以共同的方式演变和发展，而不是像早期理论家所认为的那样，由于看似随机的错误（例如在手稿副本中发现的错误）而发生变化。
paragraph2sentence.test-scientific-458-1,在有石灰石采石场或露天采矿作业的地方可能会发现化石海滩。例如，迈阿密有许多因石灰石开采而暴露的化石海滩。一个著名的例子是 Pinecrest 岩层——在城市南部发现的一种含有化石的岩层，它是一个更大的地质构造——塔迈阿密地层的一部分。
paragraph2sentence.test-scientific-458-2,化石海滩通常是在迈阿密石灰石开采或 Pinecrest 矿床等采矿作业中发现的。
paragraph2sentence.test-scientific-459-1,泥石流的体积沉积物浓度超过约 40% 至 50%，而泥石流体积的其余部分由水组成。根据定义，“碎片”包括形状和大小各异的沉积物颗粒，通常范围从微小的粘土颗粒到巨大的巨石。媒体报道经常使用泥石流一词来描述泥石流，但真正的泥石流主要由比沙子更小的颗粒组成。在地球陆地表面，泥石流远不如泥石流常见。然而，水下泥流在海底大陆边缘普遍存在，可能会产生浊流。
paragraph2sentence.test-scientific-459-2,强降雨或融雪、溃坝或冰川溃决洪水或可能与强降雨有关或无关的山体滑坡都可能引发泥石流。
paragraph2sentence.test-scientific-460-1,对水果和蔬菜的过敏反应通常很轻微，通常只影响口腔，导致食物接触嘴唇和口腔时发痒、皮疹或水泡。这称为口腔过敏综合症。 （许多对水果或蔬菜有这种反应的人也会对某些树木和杂草的花粉产生反应。因此，例如，对桦树花粉过敏的人也可能对苹果过敏。）另一种症状可能包括喉咙轻微肿胀，感觉喉咙正在关闭。但呼吸能力仍然存在，因此并不致命。
paragraph2sentence.test-scientific-460-2,口腔过敏综合症有时会导致喉咙肿胀，可能是由水果、树木或杂草的花粉引发的。
paragraph2sentence.test-scientific-461-1,生成语言学家认为，对于以自然语言为母语的人来说，语法是一种语言直觉的问题，是一种通过童年语言习得而习得的能力。因此，生成语言学致力于详尽地预测语法性。另一方面，语言学家逐渐放弃语法性，转而支持语言学家的接受性，他们强调语言的社会习得，而不是按照 Hopper 1987 的传统先天因素（并且很少依赖短语结构语法）。
paragraph2sentence.test-scientific-461-2,受控自然语言的规定语法将语法定义为明确共识的问题。
paragraph2sentence.test-scientific-462-1,比重计通常由玻璃制成，由圆柱形杆和装有水银或铅丸的灯泡组成，使其直立漂浮。将待测液体倒入一个高容器（通常是量筒）中，然后将比重计轻轻放入液体中，直至其自由漂浮。记录液体表面接触比重计杆的点。比重计通常在杆内装有刻度，以便可以直接读取比重。存在多种尺度，并根据上下文使用。
paragraph2sentence.test-scientific-462-2,比重计通常由充满液体的玻璃管和一个灯泡制成，当自由漂浮时，可以在接触侧面的地方读取读数，以测量比重。
paragraph2sentence.test-scientific-463-1,智商分数还用于研究人群中的智商分布以及智商与其他变量之间的相关性。自 20 世纪初以来，许多人群的智商测试原始分数一直在以平均每十年 3 智商分的速度上升，这种现象被称为弗林效应。对 IQ 电池测试分数不同增长模式的调查为当前的人类智力研究提供了信息。
paragraph2sentence.test-scientific-463-2,在调查智商分数与其他变量的相关性的不同研究中，其中之一是弗林效应，根据该效应，人群的平均智商随时间线性增长。
paragraph2sentence.test-scientific-464-1,根据现代定义，双星一词通常仅限于围绕共同质心旋转的成对恒星。可以用望远镜或干涉测量方法解析的双星被称为视觉双星。
paragraph2sentence.test-scientific-464-2,双星，即绕同一中心运行的两颗恒星，如果可以用望远镜解析，则称为可见双星。
paragraph2sentence.test-scientific-465-1,人为错误和绩效是同一枚硬币的两个方面：“人为错误”机制与“人为绩效”机制相同；后来被归类为“错误”的行为是事后看来的：因此后来被称为“人为错误”的行为实际上是人类行为的普通范围的一部分。对日常生活中心不在焉的研究为这些行为方面提供了充足的记录和分类。
paragraph2sentence.test-scientific-465-2,事后偏见的一个基本例子是，在看到潜在不可预见事件的结果后，一个人相信他或她“一直都知道”。
paragraph2sentence.test-scientific-466-1,如果在水箱中放置一块玻璃，则水箱中的水深在玻璃上方会比其他地方浅。水中波浪的速度取决于深度，因此当它们穿过玻璃时，波纹会减慢。这导致波长减小。如果深水和浅水之间的交界处与波前成一定角度，波浪就会折射。在上图中，可以看到波浪向法线方向弯曲。法线显示为虚线。虚线是如果波没有遇到有角度的玻璃片时波的传播方向。
paragraph2sentence.test-scientific-466-2,当直接产生并受当地风影响时，风浪系统称为风海，风停止后，风浪称为涌浪。
paragraph2sentence.test-scientific-467-1,互联网骨干网是指大型战略互连网络与互联网核心路由器之间的主要数据路由。这些数据路由由商业、政府、学术和其他大容量网络中心、互联网交换点和网络接入点托管，在世界各国、各大洲和海洋之间交换互联网流量。
paragraph2sentence.test-scientific-467-2,互联网的核心来自于战略互连的路由器，称为互联网骨干网，它连接拥有高容量网络中心的大学或企业等大型机构。
paragraph2sentence.test-scientific-468-1,睡眠作为一种现象似乎有着非常古老的进化根源。线虫秀丽隐杆线虫是观察到类似睡眠状态的最原始的生物体。在这里，昏睡阶段发生在每次换羽之前的短时间内，这一事实可能表明睡眠本质上与发育过程有关。 Raizen 等人的研究结果还表明，睡眠对于神经系统的变化是必要的。
paragraph2sentence.test-scientific-468-2,研究表明，睡眠是一种古老的现象，其根源可以追溯到线虫。
paragraph2sentence.test-scientific-469-1,蝶腭动脉穿过蝶腭孔进入鼻腔，位于上鼻道后部。在这里，它发出后侧鼻支，向前蔓延到耳甲和鼻道，与筛动脉和腭降鼻支吻合，并协助供应额窦、上颌窦、筛窦和蝶窦。
paragraph2sentence.test-scientific-469-2,蝶腭动脉进入鼻腔，发出后外侧鼻支，向前扩展并帮助供应额窦、上颌窦、筛窦和蝶窦。
paragraph2sentence.test-scientific-470-1,典型的步骤包括记录、抄写（通常使用国际音标和/或为该语言编写的“实用正字法”）、注释和分析、翻译成更广泛交流的语言、存档和传播。语言文档项目的关键是在语言描述过程中创建良好的记录。这些材料可以存档，尽管并非所有档案馆都同样擅长处理以不同技术格式保存的语言材料，也并非所有档案都同样可供潜在用户访问。
paragraph2sentence.test-scientific-470-2,语言文献是从文献语言学的角度记录语言的过程。
paragraph2sentence.test-scientific-471-1,不安全行为有两种类型的先决条件：与操作员的内部状态相关的先决条件和与操作员的实践或工作方式相关的先决条件。不利的内部状态包括与生理（例如疾病）和精神状态（例如精神疲劳、注意力不集中）相关的内部状态。 “内部状态”的第三个方面实际上是操作者的能力与任务要求之间的不匹配；例如，操作员可能无法做出视觉判断或足够快的反应来支持手头的任务。
paragraph2sentence.test-scientific-471-2,不安全行为有两个先决条件，一个是来自个人的心理或生理状态，另一个是来自他们的习惯、做法和工作方式。
paragraph2sentence.test-scientific-472-1,汤森放电是一种气体电离过程，其中自由电子在足够强的电场的加速下，通过离子撞击使分子电离而引起雪崩倍增，从而在气体中产生导电。当自由电荷数量下降或电场减弱时，这种现象就会停止。
paragraph2sentence.test-scientific-472-2,汤森放电是由于电离而通过气体进行导电的过程。
paragraph2sentence.test-scientific-473-1,据该项目负责人介绍，全息仪应该能够检测单个原子计的光波动，满足或超过检测宇宙中最小单位（称为普朗克单位）所需的灵敏度。费米实验室表示：“如今，每个人都熟悉与互联网带宽较差相关的模糊像素化图像或嘈杂的声音传输。
paragraph2sentence.test-scientific-473-2,全息仪超越了当前的测量设备，可以以最小单位（普朗克单位）的尺度进行记录。
paragraph2sentence.test-scientific-474-1,会攀爬的树艺师（并非所有人都会这样做）可以使用多种技术爬入树内。侵入性最小且最流行的技术是绳索上升。当存在人身安全问题或树木被移除时，树艺师可能会使用用带子固定在电锯靴上的“钉子”（也称为“叉子”或“马刺”）来上升和工作。尖刺缠绕着树，每一步都留下小洞。
paragraph2sentence.test-scientific-474-2,攀爬树艺师使用多种技术，从侵入性最小的绳索，到侵入性最大的电锯靴，尽管后者会伤害树木，并且通常仅在需要移除树木的情况下使用。
paragraph2sentence.test-scientific-475-1,基于连通性的聚类是一整套方法，其不同之处在于计算距离的方式。除了通常选择的距离函数之外，用户还需要决定要使用的链接标准（由于簇由多个对象组成，因此有多个候选对象来计算距离）。流行的选择被称为单联动聚类（最小对象距离）、完全联动聚类（最大对象距离）或 UPGMA（“具有算术平均值的未加权对组方法”，也称为平均联动聚类）。
paragraph2sentence.test-scientific-475-2,基于距离函数和链接准则的聚类分析方法称为基于连通性的聚类。
paragraph2sentence.test-scientific-476-1,根据 Jones 和 Huang（1982）提出的等速假说，感知包含了对等速的先验期望。因此，给定由连续刺激标记的时间间隔，大脑预期会产生等速运动（即匀速运动）的空间间隔。 Goldreich (2007) 指出，这一理论的一个局限性是，它无法解释为什么即使是快速连续地按压皮肤的两个刺激之间的时间间隔越短，也会被认为靠得更近。
paragraph2sentence.test-scientific-476-2,卡帕效应似乎强烈依赖于现象而非物理程度，因为随着刺激移动得更快，卡帕效应会变得更大。
paragraph2sentence.test-scientific-477-1,如今，人体测量学在工业设计、服装设计、人体工程学和建筑学中发挥着重要作用，其中有关人群身体尺寸分布的统计数据用于优化产品。生活方式、营养和人口种族构成的变化导致身体尺寸分布的变化（例如肥胖流行），并且需要定期更新人体测量数据收集。
paragraph2sentence.test-scientific-477-2,由于生活方式、活动水平的变化以及身体成分的大规模变化，人体测量学目前在所有必须考虑人体尺寸的领域（例如人体工程学或服装设计）仍然发挥着作用。
paragraph2sentence.test-scientific-478-1,然而，第二次世界大战也许标志着人类历史上武器发展最疯狂的时期。 1939 年至 1945 年间，大量新设计和概念被投入使用，所有现有技术都得到了改进。这一时期发明的最强大的武器是原子弹，但还有更多武器以不同的方式影响着世界。
paragraph2sentence.test-scientific-478-2,存储在缓存中的数据可能是之前计算出的值，或者是存储在其他地方的原始值的副本。
paragraph2sentence.test-scientific-479-1,电子和质子的自旋可以是任一方向 - 在经典类比中，它们绕给定轴顺时针或逆时针旋转。它们的自旋方向可以相同或相反。由于粒子之间的磁相互作用，电子和质子自旋沿同一方向（平行）排列的氢原子比电子和质子自旋沿相反方向（反平行）的氢原子具有稍多的能量。
paragraph2sentence.test-scientific-479-2,电子和质子可以沿任一方向（顺时针或逆时针）旋转，并且由于两者之间的磁相互作用，沿相同方向旋转的氢原子将具有稍多的能量。
paragraph2sentence.test-scientific-480-1,情境抽样涉及对许多不同地点、不同情况和条件下的良好行为的研究。通过对不同情况进行采样，研究人员可以减少他们获得的结果特定于特定环境或条件的可能性。因此，情境抽样显着提高了观察结果的外部有效性。此外，情境抽样显着提高了研究结果的普遍性。与研究人员仅观察特定类型的个体相比，研究人员使用情境抽样可以增加观察样本中受试者的多样性。研究人员可以通过系统选择受试者（例如，自助餐厅中每 10 个学生）或随机选择受试者来确定观察哪些受试者，目的是获得所有受试者的代表性样本。
paragraph2sentence.test-scientific-480-2,当所涉及的化学实体的数量在没有外部影响的情况下不会也不能及时变化时，化学系统就处于平衡状态。
paragraph2sentence.test-scientific-481-1,当材料处于饱和状态时，当施加 16.8 kN (2.07 MPa) 载荷时，水将从压实的测试样本中渗出，确定材料的 R 值。由于并不总是能够制备出在指定负载下会渗水的测试样本，因此有必要测试在不同水分含量下制备的一系列样本。
paragraph2sentence.test-scientific-481-2,R 值测试测量压实的土壤或集料样品对特定条件下垂直施加的压力的响应。
paragraph2sentence.test-scientific-482-1,铀同位素235U用作核反应堆和核武器的燃料。它是自然界中存在的唯一一种可裂变的同位素，即可通过热中子裂变的同位素。同位素 238U 也很重要，因为它吸收中子产生放射性同位素，随后衰变成同位素 239Pu（钚），它也是可裂变的。
paragraph2sentence.test-scientific-482-2,铀 235 是自然界中唯一存在可裂变程度的同位素，并最终衰变成钚 239，而钚 239 也是可裂变的。
paragraph2sentence.test-scientific-483-1,生物地球化学是一门科学学科，涉及控制自然环境（包括生物圈、冰冻圈、水圈、土壤圈、大气和岩石圈）组成的化学、物理、地质和生物过程和反应。特别是，生物地球化学是研究化学元素（例如碳和氮）的循环，以及它们与通过时间在空间中的地球尺度生物系统运输的生物的相互作用和结合。该领域专注于由生物活性驱动或对其产生影响的化学循环。特别强调碳、氮、硫和磷循环的研究。生物地球化学是一门与系统生态学密切相关的系统科学。
paragraph2sentence.test-scientific-483-2,生物地球化学专注于碳、氮等化学元素的循环，与系统生态学相关。
paragraph2sentence.test-scientific-484-1,同等术语“觉醒”也被用在基督教背景下，即大觉醒，即美国宗教历史上的几个宗教复兴时期。历史学家和神学家指出，18 世纪初至 19 世纪末之间出现了三四次宗教热情高涨的浪潮。每一次“大觉醒”的特点都是由福音派新教牧师领导的广泛复兴、人们对宗教的兴趣急剧增加、受影响者的深刻信念和救赎意识、福音派教会成员的增加以及新宗教运动和教派的形成。
paragraph2sentence.test-scientific-484-2,施瓦本汝拉地区的地质主要是石灰岩，在侏罗纪时期形成了海底。
paragraph2sentence.test-scientific-485-1,当栖息地的吸引力相对于其生存和繁殖价值不成比例地增加时，就会出现生态陷阱。结果是偏爱虚假有吸引力的栖息地，并普遍回避高质量但吸引力较差的栖息地。例如，靛鹀通常在灌木栖息地或封闭的树冠森林和开阔的田野之间的破碎森林过渡处筑巢。人类活动可以创造“更尖锐”、更陡峭的森林边缘，而彩鹀更喜欢沿着这些边缘筑巢。然而，这些人造的尖锐森林边缘也集中了捕食者在筑巢之前的活动。通过这种方式，鹀鹀更喜欢在高度变化的栖息地筑巢，在那里筑巢成功率最低。
paragraph2sentence.test-scientific-485-2,除了去除二氧化碳外，呼吸还会导致体内水分流失。
paragraph2sentence.test-scientific-486-1,考古遗址碳 14 年代测定的另一个问题被称为“老木头”问题。特别是在干燥的沙漠气候下，死树等有机材料在人们将其用作木柴或建筑材料之前可以保持其自然状态数百年，之后它们就成为考古记录的一部分。因此，确定那棵特定树的年代并不一定表明火灾何时燃烧或建筑物何时建成。出于这个原因，许多考古学家更喜欢使用短寿命植物的样本进行放射性碳测年。加速器质谱（AMS）测年技术的发展在这方面非常有用，它可以从非常小的样本中获得日期。
paragraph2sentence.test-scientific-486-2,对于干燥气候下的树木来说，碳 14 测年存在问题，这些树木在被烧毁之前可以存在几个世纪（导致错误的日期），因此许多科学家更喜欢使用短寿命的植物来测年，并使用质谱法，这可以在非常小的样本上完成。
paragraph2sentence.test-scientific-487-1,等静压抑郁是地质学家用来形容地壳大部分沉入软流圈的术语。下沉是由于地球表面承受的重物造成的。这通常是由于大陆冰川作用造成的冰川冰重量过大造成的，在这一过程中，永久冰对地壳施加压力，从而使其重量下降。
paragraph2sentence.test-scientific-487-2,等静压抑制是由地球表面的重物造成的，通常是由于冰川造成的。
paragraph2sentence.test-scientific-488-1,继发于囊膜紧绷的肩部表现出僵硬，导致大圆肌挛缩和肥大。因此，限制外旋可以促进肩部内旋肌（主要是大圆肌和肩胛下肌）的适应性缩短和增厚。人们可能推测，肩部功能障碍中出现的手臂外侧疼痛可能是继发于桡神经不良神经张力的神经起源。肱三头肌有可能因肥大而将桡神经卡压在三角间隔内。长头和侧头中纤维弓的存在使情况进一步复杂化。在重量训练和涉及拳击的运动中看到的反复用力伸展可能是这种情况的先例。由于上述所有原因，桡神经在穿过这个空间时很脆弱。
paragraph2sentence.test-scientific-488-2,大圆肌的轻重量训练可以通过加强负责内旋的肌肉来减轻卡压，尽管任何神经损伤可能需要几周的时间才能恢复。
paragraph2sentence.test-scientific-489-1,木星主要由氢组成，其质量的四分之一是氦，尽管氦仅包含大约十分之一的分子数量。它也可能有一个由较重元素组成的岩石核心，但与其他气态巨行星一样，木星缺乏明确的固体表面。由于其快速自转，行星的形状是扁球体（它在赤道周围有一个轻微但明显的凸起）。
paragraph2sentence.test-scientific-489-2,木星是一颗巨大的植物，呈扁球体形状，没有固体表面，核心为岩石，主要成分为氢和氦。
paragraph2sentence.test-scientific-490-1,泡沫浮选是通过将称为捕收剂的化学品与矿浆混合来实现的。捕收剂吸附在选定矿物（通常是要浓缩的有价值的矿物）颗粒的表面上，使这些矿物具有疏水性。空气通过称为浮选槽的罐中的浆料。空气通过各种机制分解成微小气泡（取决于浮选池的设计），现在疏水的矿物质附着在气泡上，与它们一起上升到浮选池的表面，在那里形成泡沫。泡沫流过浮选槽的顶部边缘（或“唇缘”）并形成浮选精矿。理想情况下，不需要的矿物颗粒不会漂浮，它们会作为浮选尾矿保留下来。
paragraph2sentence.test-scientific-490-2,泡沫浮选是通过将称为捕收剂的化学品与矿浆混合来实现的。
paragraph2sentence.test-scientific-491-1,潮间带的生物适应恶劣的极端环境。潮汐时有规律地提供水，但水量从雨水带来的淡水到潮汐淹没之间干燥的高盐度和干盐。海浪的作用可能会使沿岸地区的居民迁移。由于潮间带高度暴露在阳光下，温度范围可以从阳光充足的非常炎热到寒冷气候下的接近冰点。
paragraph2sentence.test-scientific-491-2,由于潮间带的盐分和温度条件变化很大，该区域的生物应该适应这种变化。
paragraph2sentence.test-scientific-492-1,据说长聚炔链在本体上本质上不稳定，因为它们可以在放热（实际上是爆炸性）反应中相互交联。爆炸是该研究领域真正的危险。如果它们用合适的惰性基团（例如叔丁基或三氟甲基）而不是氢原子（尤其是可以使链保持分开的大分子）封端，它们就可以相当稳定，即使对湿气和氧气也是如此。 1995年报道了使用该技术制备了超过300个碳原子的碳炔链。然而，该报告因声称检测到的分子是类富勒烯结构而不是长聚炔而受到质疑。
paragraph2sentence.test-scientific-492-2,如果由于分子之间的交联而将长多烯链放在一起可能会爆炸，因此研究人员必须采取适当的措施来准备用于使用中和封端技术进行运输或实验的分子。
paragraph2sentence.test-scientific-493-1,在当今的学术界，“雅利安”一词在大多数情况下已被“印度-伊朗”和“印欧”术语所取代，而“雅利安”现在主要限于出现在印度语言及其使用者的“印度-雅利安”一词中。西方关于“雅利安种族”的概念在 19 世纪末和 20 世纪初的种族主义思想中日益突出，这一思想尤其受到纳粹意识形态的拥护（参见“优等种族”）。
paragraph2sentence.test-scientific-493-2,即兴创作可以被认为是“当场”或“即兴”的突然创造力的自发时刻，它可以作为灵感出现在头脑、身体和精神上，不需要任何准备或训练。
paragraph2sentence.test-scientific-494-1,暗星系是一个由暗物质组成的假想星系。暗星系之所以得名，是因为它们没有可探测到的恒星，理论上是不可见的。它们无法产生恒星，因为它们的气体密度太高。一些科学家推测，暗星系在宇宙的早期阶段实际上很常见。最初，这些星系因其密度而难以产生恒星，但随着时间的推移，星系开始产生恒星。一个有影响力的科学家群体推测暗星系的存在，以支持基于其他经过充分研究的天体的理论。有实验证据支持暗星系的存在，尽管科学家们没有确凿的证据并继续他们的研究。
paragraph2sentence.test-scientific-494-2,根据天文学理论，暗星系，即由暗物质组成的高密度不可见星系，在宇宙早期很常见，现在实验证据可以支持它们的存在。
paragraph2sentence.test-scientific-495-1,过度匹配是对实际上是暴露结果的明显混杂因素的匹配。真正的混杂因素与暴露和疾病都相关，但如果暴露本身导致混杂因素，或者与混杂因素具有同等地位，那么按混杂因素进行分层也将部分按暴露进行分层，从而导致暴露与疾病的关系变得模糊。因此，过度匹配会导致统计偏差。
paragraph2sentence.test-scientific-495-2,控制植物病害对于粮食的可靠生产至关重要，并且可以显着减少农业对土地、水、燃料和其他投入的使用。
paragraph2sentence.test-scientific-496-1,摩根对动物行为的解释做出了反应，特别是乔治·罗曼尼斯的轶事方法，他认为这种解释过于拟人化。劳埃德·摩根经典的威望部分源于他所描述的案例，在这些案例中，乍一看似乎涉及高级心理过程的行为实际上可以通过简单的试错学习（我们现在称之为操作性条件反射）来解释。一个著名的例子是摩根的梗犬托尼以巧妙的方式打开了花园的大门，很容易被认为最终行为是富有洞察力的行为的人所接受。然而，劳埃德·摩根观察并记录了狗逐渐学会反应的一系列近似值，并且可以证明不需要任何洞察力就能解释它。
paragraph2sentence.test-scientific-496-2,摩根研究的技巧源于他仔细分析了看似复杂的心理行为实际上如何用操作性条件反射来解释，著名的例子是摩根的狗能够打开大门，但摩根能够证明这一点是由于狗在多次尝试和错误后的学习。
paragraph2sentence.test-scientific-497-1,有两个子类别：不溶性纤维和可溶性纤维。不溶性膳食纤维主要由纤维素组成，纤维素是一种大型碳水化合物聚合物，人类无法消化它，因为人类没有分解它所需的酶，消化系统也没有足够数量的能够分解它的微生物。可溶性膳食纤维包括多种低聚糖、蜡、酯、抗性淀粉和其他在水中溶解或胶凝的碳水化合物。
paragraph2sentence.test-scientific-497-2,不溶性纤维和可溶性纤维分别主要含有纤维素和低聚糖。
paragraph2sentence.test-scientific-498-1,微陨石是在地球表面收集的一种外星颗粒，大小从 50 微米到 2 毫米不等。微陨石是进入地球大气层后幸存下来的微流星体。它们与陨石的不同之处在于体积更小、数量更多且成分不同，并且是宇宙尘埃的一个子集，其中还包括较小的行星际尘埃颗粒 (IDP)。弗雷德·劳伦斯·惠普尔 (Fred Lawrence Whipple) 首先创造了“微型陨石”一词来描述掉落到地球上的尘埃大小的物体。
paragraph2sentence.test-scientific-498-2,直径在50微米到2毫米之间、能够到达地球表面的微流星体被称为微陨石，是较小的地外颗粒。
paragraph2sentence.test-scientific-499-1,世界上大多数国家都拥有商船队。然而，由于运营成本高昂，如今这些船队在许多情况下都悬挂着专门以优惠条件提供人力和服务的国家的旗帜。此类旗帜被称为“方便旗”。目前，利比里亚和巴拿马尤其受到青睐。然而，这些船只的所有权可以属于任何国家。
paragraph2sentence.test-scientific-499-2,在战争期间，商船可能被用作各自国家海军的辅助力量，并被要求运送军事人员和物资。
paragraph2sentence.test-scientific-500-1,人类听力图是使用听力计生成的，听力计通常通过校准的耳机以指定的级别向受试者提供不同的频率。这些级别根据相对于称为最小可听度曲线的标准图的频率进行加权，该曲线旨在代表“正常”听力。等响度轮廓上的听力阈值设置为 0 phon 左右，但在 ANSI 标准中标准化为 1 kHz。不同的国际标准定义了几种最小可听度曲线；因此，不同的听力计会导致听力图的差异。例如，ASA-1951 标准在 1 kHz 时使用 16.5 dB SPL（声压级），而后来的 ANSI-1969/ISO-1963 标准则使用 6.5 dB SPL。对于老年人，允许进行 10 dB 校正。
paragraph2sentence.test-scientific-500-2,听力计通过向受试者播放不同的频率来生成人类听力图，其中频率是根据人类听力的预期“正常”范围来选择的，并且包括处于最低可听度水平的许多频率。
sentence2phrase.train-travel-1-1,最古老的百货公司是 Trimingham's，出售香水和服装等品种齐全的设计师商品，但其他商店则担任某些生产商的独家代理（例如 Bluck's 和 Cooper's 专营瓷器和水晶）。
sentence2phrase.train-travel-1-2,特里明汉百货公司出售的各种设计师商品
sentence2phrase.train-travel-2-1,线越细，图案越复杂，作品就越昂贵。
sentence2phrase.train-travel-2-2,丝绸制造技术
sentence2phrase.train-travel-3-1,靠近港口的圆形老城区的主入口是建于 19 世纪的维拉凯旋门 (Arco da Vila)，这是一座迷人的拱门和钟楼，顶部通常栖息着一群德高望重的鹳鸟筑巢。
sentence2phrase.train-travel-3-2,鹳鸟在风景如画的钟楼和拱门中筑巢
sentence2phrase.train-travel-4-1,鲱鱼湾 (Herring Cove) 为您提供绝佳的视野和潮汐的详细解释。
sentence2phrase.train-travel-4-2,100%由潮汐能供电
sentence2phrase.train-travel-5-1,每年春天，如果天气条件有利，这里就会成为火烈鸟的家园。
sentence2phrase.train-travel-5-2,天气好的时候，这里是火烈鸟的春天家园
sentence2phrase.train-travel-6-1,他选择了来自北美的橡木和胡桃木，来自亚洲的柚木，来自欧洲的镶板、大理石和玻璃。
sentence2phrase.train-travel-6-2,来自世界各地的不同建筑材料
sentence2phrase.train-travel-7-1,夏季，这里有观光游船，勇敢者还可以游泳。
sentence2phrase.train-travel-7-2,在夏季游泳
sentence2phrase.train-travel-8-1,北京最大的现代化购物中心是新东安广场。
sentence2phrase.train-travel-8-2,现代与古典的中国商品
sentence2phrase.train-travel-9-1,码头周围有众多精品店、餐馆和旅行社，并为抵达的游轮提供各种服务。
sentence2phrase.train-travel-9-2,永恒的庆祝精神
sentence2phrase.train-travel-10-1,穿过巴厘岛的西端，红树林沼泽环绕着吉利马努克，这里不过是一条宽阔的街道、几家寄宿家庭和前往爪哇的渡轮码头。
sentence2phrase.train-travel-10-2,巴厘岛西海岸遍布红树林沼泽
sentence2phrase.train-travel-11-1,它是一个拥有美丽沙滩和农田的岛屿，也是美国大型军事储备的所在地。
sentence2phrase.train-travel-11-2,美丽的沙滩
sentence2phrase.train-travel-12-1,您一定会找到自己最喜欢的，但这里有一些公认的亮点。
sentence2phrase.train-travel-12-2,清澈的潮汐湖
sentence2phrase.train-travel-13-1,城市的中心是主广场（也有各种名称，如武器广场、主广场、独立广场和革命广场）。
sentence2phrase.train-travel-13-2,革命广场，当地人也称为 Plaza Major
sentence2phrase.train-travel-14-1,从塔维拉出发，前往附近的塔维拉岛 (Ilha de Tavira) 是一个不错的游览方式，那里有一个巨大而迷人的海滩，背靠沙丘。
sentence2phrase.train-travel-14-2,沙丘通向巨大的海洋海滩
sentence2phrase.train-travel-15-1,除非您从街道上的狭窄通道进入其区域，否则无法完全看到它。
sentence2phrase.train-travel-15-2,主街的一条狭窄小巷
sentence2phrase.train-travel-16-1,荷兰人第二次登陆八丹拜湾后，当卡朗阿森的拉贾和他的家人扑向敌人的枪炮时，普普坦仪式又重复了一遍。
sentence2phrase.train-travel-16-2,卡朗阿森王及其家人展示的普普坦自我牺牲仪式
sentence2phrase.train-travel-17-1,附近的“飞来峰”内有380尊元代佛教石刻和四个圣洞。
sentence2phrase.train-travel-17-2,1456 年在 Nándorfehévar（现贝尔格莱德）战胜他们
sentence2phrase.train-travel-18-1,1775 年 4 月 18 日晚上，教堂司事罗伯特·纽曼 (Robert Newman) 爬上塔楼，悬挂了两盏灯笼（“如果是在陆地上，则一盏，如果是在海上，则两盏”），警告康科德的殖民者英国军队的行动。
sentence2phrase.train-travel-18-2,古典美国风格为保罗·里维尔丰富的传奇奠定了基础
sentence2phrase.train-travel-19-1,在安大略省和魁北克省，森林的侵占逐渐驱散了驯鹿群，易洛魁人驱逐了阿尔冈昆人，定居下来种植玉米、豆类和南瓜，住在长方形的多户长屋里。
sentence2phrase.train-travel-19-2,种植农作物和居住在房屋中
sentence2phrase.train-travel-20-1,许多省级城镇和村庄都会举办周日市场，讨价还价当然是其中的乐趣之一。
sentence2phrase.train-travel-20-2,周日市场
sentence2phrase.train-travel-21-1,冯德尔公园的电影博物馆还举办特别放映和电影节。
sentence2phrase.train-travel-21-2,电影节和特别电影放映
sentence2phrase.train-travel-22-1,西班牙航空缆车可以让您鸟瞰尼亚加拉漩涡急流。
sentence2phrase.train-travel-22-2,空中俯瞰急流
sentence2phrase.train-travel-23-1,据认为，柱子之间装有大木门，如果国王愿意，可以将这些木门拆除以创建柱廊（正面开放的拱廊）。
sentence2phrase.train-travel-23-2,可拆卸的大木门
sentence2phrase.train-travel-24-1,不要只看那些诱人的店面，才能真正从您的旅行中获得最大的收获。
sentence2phrase.train-travel-24-2,度假时购物
sentence2phrase.train-travel-25-1,乘坐缆车穿越峡谷，近距离观赏急流。
sentence2phrase.train-travel-25-2,急流的特写视图
sentence2phrase.train-travel-26-1,它占地 21⁄2 公顷（6 英亩），各种藏品均存放在古老的砖砌军事建筑中，其中大部分可以追溯到维多利亚时代。
sentence2phrase.train-travel-26-2,西南角的军械库
sentence2phrase.train-travel-27-1,威廉·查尔斯·科尔·克莱伯恩 (William Charles Cole Claiborne) 是一位来自弗吉尼亚州的新教徒，他需要口译员用法语和西班牙语进行交流。
sentence2phrase.train-travel-27-2,那些追随激进派佩德罗·阿尔比祖·坎波斯的人
sentence2phrase.train-travel-28-1,1812年的战争是由美国累积的不满情绪引发的。
sentence2phrase.train-travel-28-2,1812年战争
sentence2phrase.train-travel-29-1,仁寿殿是慈禧太后接见龙座（至今仍在）朝臣的地方。
sentence2phrase.train-travel-29-2,百年龙王座
sentence2phrase.train-travel-30-1,还有一个房间专门为 19 世纪种姓战争后定居在科苏梅尔的家庭以及从那时起开发该岛的家庭而设。
sentence2phrase.train-travel-30-2,1800年代科苏梅尔的发展和振兴
sentence2phrase.train-travel-31-1,从阿卡普尔科到这座著名的银矿小镇是一次轻松的一日游，对于任何有兴趣体验这个国家历史的人来说都是值得的。
sentence2phrase.train-travel-31-2,墨西哥的采矿历史
sentence2phrase.train-travel-32-1,里斯本市中心面积小、结构紧凑，仅需几天即可轻松游览完毕。
sentence2phrase.train-travel-32-2,葡萄牙的遗址
sentence2phrase.train-travel-33-1,您还可以在镇上的收藏品商店中找到许多较旧的物品，虽然不是很古董，但仍然很精致，比如漂亮的勺子、华丽的药丸和鼻烟盒或开信刀。
sentence2phrase.train-travel-33-2,较旧的收藏品，如勺子、开信刀和药盒
sentence2phrase.train-travel-34-1,每个成员每两周都会组织一次宴会，宴会上有他自己捕到的野味和鱼。
sentence2phrase.train-travel-34-2,宴会座位安排
sentence2phrase.train-travel-35-1,韦尼泽洛斯在与土耳其进行史诗般的人口交换（1922年）期间掌权，在此期间，近百万被遣返的希腊人涌入雅典。
sentence2phrase.train-travel-35-2,移民从土耳其到雅典
sentence2phrase.train-travel-36-1,这座守塔建于 1345 年，装饰有佛教雕刻，刻有汉文、藏文、梵文和北方部落语言的铭文。
sentence2phrase.train-travel-36-2,一个精致的古老摩尔村庄，有一座坚固的废墟城堡
sentence2phrase.train-travel-37-1,至少在 Keltic Lodge 酒店喝一杯，这是新斯科舍省的一个古老地标，值得一游，欣赏斯莫基角的景色。
sentence2phrase.train-travel-37-2,历史悠久的凯尔特小屋及其斯莫基角的景色
sentence2phrase.train-travel-38-1,它们是侏罗纪时期崩塌的水下高原的遗迹，是至少 1.5 亿年前地质构造的一部分。
sentence2phrase.train-travel-38-2,侏罗纪时代水下高原的百万年前遗迹
sentence2phrase.train-travel-39-1,莫雷纳山脉 这座近 480 公里（300 英里）的山脉西起葡萄牙南部山脉，东至穆尔西亚省边界，有效地形成了安达卢西亚和西班牙其他大部分地区之间的边界。
sentence2phrase.train-travel-39-2,在楼梯的中央
sentence2phrase.train-travel-40-1,夏季，卫戍部队随着卫兵换岗仪式而变得生机勃勃（6 月 24 日至 9 月第一周，每天上午 10 点）。
sentence2phrase.train-travel-40-2,伦敦为期一年的执勤
sentence2phrase.train-travel-41-1,现在，爬行植物爬上了陡峭的墙壁，为众多鸟类、蜥蜴和青蛙提供了新家。
sentence2phrase.train-travel-41-2,证明规则的例外
sentence2phrase.train-travel-42-1,国家剧院就位于这里，马路对面是罗西奥站（Estação do Rossio）（有开往辛特拉等地的火车），它看起来有点像一座带有马蹄形拱门的摩尔式宫殿，就在广场西边。
sentence2phrase.train-travel-42-2,马蹄形拱门的摩尔设计风格
sentence2phrase.train-travel-43-1,这里是布达佩斯的真正脉搏：大型酒店、博物馆、政府大楼、购物街、夜生活场所和繁忙的林荫大道。
sentence2phrase.train-travel-43-2,布达佩斯的众多活动和景点
sentence2phrase.train-travel-44-1,当有 rebaixas 或销售活动时，穿过这里的人群可不是一件容易的事。
sentence2phrase.train-travel-44-2,难以渗透的购物人群
sentence2phrase.train-travel-45-1,宫殿遗址以北不远的地方是 chrysólakkas 或“金坑”，在那里，人们在大量珠宝中发现了“金蜜蜂”吊坠。
sentence2phrase.train-travel-45-2,来自英格兰以前的教堂的最早的定居者
sentence2phrase.train-travel-46-1,主屋的历史可追溯至 17 世纪，自 1864 年起一直由现家族所有。
sentence2phrase.train-travel-46-2,拥有数百年历史的家族住宅，其历史可追溯至 17 世纪
sentence2phrase.train-travel-47-1,您将能够购买从水果、蔬菜到纺织品的所有商品。
sentence2phrase.train-travel-47-2,可供购买的水果数量
sentence2phrase.train-travel-48-1,吐鲁番因有水井，盛产棉花、瓜果、葡萄，味甜而闻名。
sentence2phrase.train-travel-48-2,吐鲁番的棉花、瓜果、葡萄种植
sentence2phrase.train-travel-49-1,一个 sacbé 将宫殿与遗址的其他部分连接起来。
sentence2phrase.train-travel-49-2,皇家花园
sentence2phrase.train-travel-50-1,在宝藏大帆船和弹药储备的诱惑下，一些海盗开始独立行动。然而，其他人则受雇于欧洲各国国王，特别是英国国王，帮助他们在殖民世界进行权力斗争。
sentence2phrase.train-travel-50-2,宝藏和弹药对海盗的诱惑
sentence2phrase.train-travel-51-1,小巷里有一些不错的艺术（和工艺品）画廊，还有大量的探索奖励。
sentence2phrase.train-travel-51-2,探索小巷
sentence2phrase.train-travel-52-1,默拉皮火山仍然是一座活火山，在水面的薄雾中经常可见。
sentence2phrase.train-travel-52-2,湖面上的晨雾
sentence2phrase.train-travel-53-1,建筑包括贝聿铭的威斯纳大楼、格林、德雷福斯和兰道大楼，以及爱德华多·卡塔拉诺的斯特拉顿学生中心。
sentence2phrase.train-travel-53-2,体育中心后面
sentence2phrase.train-travel-54-1,广场的一侧是一家充满活力的咖啡馆餐厅，但最主要的建筑是华丽的维加多剧院。
sentence2phrase.train-travel-54-2,宏伟的维加多剧院大楼
sentence2phrase.train-travel-55-1,Schönhauser Allee 位于亚历山大广场以北、人民剧院后面，是旧柏林最具特色的大道之一，通向普伦茨劳贝格中心，这是 19 世纪的工人阶级聚居区，现在是一个充满活力、波西米亚风格、夜生活丰富多彩的地区。
sentence2phrase.train-travel-55-2,柏林的劳工住房
sentence2phrase.train-travel-56-1,Stadhiou 东北部是 Panepistimiou（大学街），正式名称为 Elefthería Venizélou，以克里特岛政治家的名字命名。
sentence2phrase.train-travel-56-2,克里特岛宪法的设计者
sentence2phrase.train-travel-57-1,穿过凉廊即可找到圣蒂托斯教堂 (Church of Ágios Títos)。
sentence2phrase.train-travel-57-2,国家主要的南北铁路
sentence2phrase.train-travel-58-1,您无需专程前往赫伦德购买赫伦德陶瓷，因为 József Nádor tér（位于 Vörösmarty tér 的 Gerbeaud 咖啡馆后面）有一家专卖店。
sentence2phrase.train-travel-58-2,József Nádor tér 商店购买 Herend 陶瓷
sentence2phrase.train-travel-59-1,从 1950 年起，斯塔福德·桑兹爵士发起的促销活动在吸引游客前往巴哈马方面取得了巨大成功。
sentence2phrase.train-travel-59-2,该海滩腹地的活动中心
sentence2phrase.train-travel-60-1,北部的圣托里尼岛有许多短途旅行，爱琴海的这块小岩石与其较大的表亲形成了有趣的对比。
sentence2phrase.train-travel-60-2,最美丽的希腊岛屿
sentence2phrase.train-travel-61-1,城垛可以欣赏到海港的美景，楼上还有工艺品商店。
sentence2phrase.train-travel-61-2,地下室的礼品店
sentence2phrase.train-travel-62-1,毗邻的伯杰街和通往该街的街道上遍布酒吧、餐馆和深夜小酒馆。
sentence2phrase.train-travel-62-2,伯杰街附近的企业
sentence2phrase.train-travel-63-1,尽量在中午之前或下午 4 点之后参观，尤其是在夏季，因为大多数农业活动都会在下午炎热的时候停止。
sentence2phrase.train-travel-63-2,Cristo de la Viña（葡萄园基督）的珍贵肖像
sentence2phrase.train-travel-64-1,Bagatelle酒店曾经是皇家度假胜地，拥有一个非常漂亮的英式花园，在春季和初夏期间鲜花盛开。
sentence2phrase.train-travel-64-2,在欧洲和北非
sentence2phrase.train-travel-65-1,这条步道在早春或夏季的早晨尤其适合，此时水面完全静止，可以捕捉到树木和背后沃特金斯山悬崖上最令人惊叹的色彩。
sentence2phrase.train-travel-65-2,最大的跳蚤市场是 St-Ouen，位于 Porte de Clignancourt 地铁站以北
sentence2phrase.train-travel-66-1,然而，如果您有时间，沿着北海岸到锡蒂亚，然后向南绕过锡蒂亚和奥农山脉，从东边接近耶拉佩特拉，进行环形旅行会更有价值——风景更令人兴奋。
sentence2phrase.train-travel-66-2,用硬币敲击 17 世纪的铜钟
sentence2phrase.train-travel-67-1,有一个传说称，十字架可能是大约十五个世纪前的一位古代圣人留下的，甚至可能是使徒托马斯留下的。
sentence2phrase.train-travel-67-2,一个有数百年历史的古老十字架
sentence2phrase.train-travel-68-1,过了这里就是迪亚曼特桥 (Puente Diamante)、阿卡普尔科公主高尔夫俱乐部 (Acapulco Princess Golf Club)，以及一排面向开阔太平洋的豪华酒店。
sentence2phrase.train-travel-68-2,埋葬在地下皇家陵墓的棺材内的棺材中
sentence2phrase.train-travel-69-1,一个紧凑的稻草和蔬菜市场位于主要十字路口。
sentence2phrase.train-travel-69-2,十字路口的企业
sentence2phrase.train-travel-70-1,尽管没有人真正确定确切的登陆地点（哥伦布因记录登陆地点不够准确而闻名），但这座小公园及其柱子和描绘西班牙殖民统治的天真绘画很好地达到了其目的。
sentence2phrase.train-travel-70-2,一个古色古香的公园，里面有西班牙到来和殖民时期的画作
sentence2phrase.train-travel-71-1,两个受欢迎的站点是 La Coca Falls（位于 5 英里（8 公里）点右侧）和 Yokahú 观景塔（位于 51⁄2 英里（9 公里）点处）。
sentence2phrase.train-travel-71-2,拉科卡瀑布和 Yokahú 观景塔
sentence2phrase.train-travel-72-1,但英国通过强硬的外交和强大的海军来支持这一既得利益，而路易十四则过于专注于他的欧洲权力游戏，而没有过多关注法属加拿大。
sentence2phrase.train-travel-72-2,英国在法属加拿大的既得利益
sentence2phrase.train-travel-73-1,第四世纪，第一座基督教教堂圣艾蒂安教堂建成，两个世纪后又修建了第二座教堂，供奉巴黎圣母院。
sentence2phrase.train-travel-73-2,巴黎圣母院教堂
sentence2phrase.train-travel-74-1,1940年，当阿道夫·希特勒以征服者的身份抵达巴黎时，凯旋门是他第一个想去的地方。
sentence2phrase.train-travel-74-2,对埃菲尔铁塔的厌恶
sentence2phrase.train-travel-75-1,西多会修道士抗议说，如此华丽的建筑是对贫穷神圣美德的侮辱，而今天，建筑纯粹主义者仍然认为巴黎圣母院有点“太多了”。
sentence2phrase.train-travel-75-2,宗教团体
sentence2phrase.train-idiomatic-76-1,我把厨房的地板擦得干干净净。
sentence2phrase.train-idiomatic-76-2,身居高位的朋友
sentence2phrase.train-idiomatic-77-1,约翰·梅杰被他的对手描述为一个彻头彻尾的保守党人。
sentence2phrase.train-idiomatic-77-2,来自自由派政客的攻击
sentence2phrase.train-idiomatic-78-1,妈妈和爸爸学会了用三叉树驾驶汽车。
sentence2phrase.train-idiomatic-78-2,手动变速箱汽车
sentence2phrase.train-idiomatic-79-1,这是一种什么样的轻率、古怪的想法？
sentence2phrase.train-idiomatic-79-2,行动建议
sentence2phrase.train-idiomatic-80-1,他半开玩笑地解释了为什么天空是蓝色的，并提出了关于浅蓝色油漆的一些原始折扣的理论。
sentence2phrase.train-idiomatic-80-2,开玩笑地解释科学
sentence2phrase.train-idiomatic-81-1,我最近的努力都是随波逐流，没有经过精心计划。
sentence2phrase.train-idiomatic-81-2,努力做到最好
sentence2phrase.train-idiomatic-82-1,破碎的窗户和翻倒的花盆预示着出了什么问题。
sentence2phrase.train-idiomatic-82-2,闯入的迹象
sentence2phrase.train-idiomatic-83-1,如果你想减少计数，而我想增加计数，那么我们在这里的工作是有交叉目的的。
sentence2phrase.train-idiomatic-83-2,矛盾的增加和减少
sentence2phrase.train-idiomatic-84-1,由于不想透露她从哪里得到礼物，他的母亲不得不稍微夸大事实。
sentence2phrase.train-idiomatic-84-2,一件藏在衣柜里的礼物
sentence2phrase.train-idiomatic-85-1,他是一个挖鼻孔者。
sentence2phrase.train-idiomatic-85-2,一个粗鲁的年轻人
sentence2phrase.train-idiomatic-86-1,对环保主义采取的固执态度很少能改善问题。
sentence2phrase.train-idiomatic-86-2,忽视问题
sentence2phrase.train-idiomatic-87-1,当火警警报响起时，大家都陷入了混战。
sentence2phrase.train-idiomatic-87-2,由于火警警报而完全混乱
sentence2phrase.train-idiomatic-88-1,电视 24 小时对美国大选的报道近乎矫枉过正。
sentence2phrase.train-idiomatic-88-2,持续报道选举
sentence2phrase.train-idiomatic-89-1,警方接到举报，称最近发生了一起银行抢劫案。
sentence2phrase.train-idiomatic-89-2,关于谁应对抢劫负责的线索
sentence2phrase.train-idiomatic-90-1,在对数百份几乎相同的表格进行了数小时的令人麻木的工作后，他需要停下来做点别的事情。
sentence2phrase.train-idiomatic-90-2,办公室文书工作
sentence2phrase.train-idiomatic-91-1,这就像打地鼠：一旦修复了一个，另一个就会出现。
sentence2phrase.train-idiomatic-91-2,不断出现的新问题
sentence2phrase.train-idiomatic-92-1,她很受欢迎，而且很擅长计算，所以我预计她将成为财务主管的热门人选。
sentence2phrase.train-idiomatic-92-2,受人欢迎并且有经济头脑
sentence2phrase.train-idiomatic-93-1,真的是红蓝条纹裙和蓝红条纹裙之间的折腾。
sentence2phrase.train-idiomatic-93-2,选择哪条裙子的艰难决定
sentence2phrase.train-idiomatic-94-1,当我看到那个奇怪的房子时，我感到惊慌失措。
sentence2phrase.train-idiomatic-94-2,看到那座阴森的房子我的脊背发抖
sentence2phrase.train-idiomatic-95-1,正面解决问题的方法。
sentence2phrase.train-idiomatic-95-2,回避问题
sentence2phrase.train-idiomatic-96-1,对方队被打得惨不忍睹，直接夹着尾巴离开了比赛，完全避开了更衣室。
sentence2phrase.train-idiomatic-96-2,立即回家以避免进一步的羞辱
sentence2phrase.train-idiomatic-97-1,这个故事以令人麻木的细节描述了主角的手表。
sentence2phrase.train-idiomatic-97-2,手表上的秒针
sentence2phrase.train-idiomatic-98-1,我们完全同意，而且在这个问题上我们之间没有任何分歧。
sentence2phrase.train-idiomatic-98-2,完整协议
sentence2phrase.train-idiomatic-99-1,他脚踝扭伤，状态平平。
sentence2phrase.train-idiomatic-99-2,运动相关伤害增加
sentence2phrase.train-idiomatic-100-1,赛后，皇马必须密切关注他们的松动规则，以避免因球员打斗而受到进一步的处罚。
sentence2phrase.train-idiomatic-100-2,有暴力倾向的玩家
sentence2phrase.train-idiomatic-101-1,现在请我们在东京的人员进行现场报告。
sentence2phrase.train-idiomatic-101-2,日本新闻更新
sentence2phrase.train-idiomatic-102-1,他详细地讲述了整个旅行的经过。
sentence2phrase.train-idiomatic-102-2,事件回忆
sentence2phrase.train-idiomatic-103-1,在了解所有事实之前，先进行一些粗略的计算。
sentence2phrase.train-idiomatic-103-2,等待最终细节
sentence2phrase.train-idiomatic-104-1,他们从头至尾的方法让我们没有什么疑问。
sentence2phrase.train-idiomatic-104-2,有关设计的问题
sentence2phrase.train-idiomatic-105-1,巴黎最上层的地区之一。
sentence2phrase.train-idiomatic-105-2,越界
sentence2phrase.train-idiomatic-106-1,我妻子做了德克萨斯州最好的小老苹果派。
sentence2phrase.train-idiomatic-106-2,锤子回家
sentence2phrase.train-idiomatic-107-1,在求婚之前，他带她去了他们第一次见面的公园。
sentence2phrase.train-idiomatic-107-2,订婚戒指
sentence2phrase.train-idiomatic-108-1,漂亮的眼睛总是让人着迷。
sentence2phrase.train-idiomatic-108-2,迷人的眼睛
sentence2phrase.train-idiomatic-109-1,尽管它们仍然可用，但我认为我们很难在短时间内找到它们。
sentence2phrase.train-idiomatic-109-2,砖块和灰浆
sentence2phrase.train-idiomatic-110-1,他从来不习惯激烈的政治辩论。
sentence2phrase.train-idiomatic-110-2,客观的政治讨论
sentence2phrase.train-idiomatic-111-1,他讲了一个下流笑话。
sentence2phrase.train-idiomatic-111-2,整个晚上我的背都抽痛了
sentence2phrase.train-idiomatic-112-1,他更像是一只孤独的狼，总是自己编程，很少与别人谈论他在做什么。
sentence2phrase.train-idiomatic-112-2,由一个人开发软件
sentence2phrase.train-idiomatic-113-1,她让我去问某某，但他也不知道。
sentence2phrase.train-idiomatic-113-2,询问特定的人
sentence2phrase.train-idiomatic-114-1,汤姆·皮特拉（Tom Pitella）是一个积极进取的人，不依赖别人向他证明数学领域的事情。
sentence2phrase.train-idiomatic-114-2,自己解决数学问题
sentence2phrase.train-idiomatic-115-1,政府合同迫使我们遵守硬性规定。
sentence2phrase.train-idiomatic-115-2,违反出口管制的处罚
sentence2phrase.train-idiomatic-116-1,对于同性恋青少年来说，“壁橱”可能是一个可怕的地方。
sentence2phrase.train-idiomatic-116-2,隐藏自己的性取向
sentence2phrase.train-idiomatic-117-1,他们的目标是吸引更多的上层客户。
sentence2phrase.train-idiomatic-117-2,一个时代的鲸鱼
sentence2phrase.train-idiomatic-118-1,这不是普通的冰箱；而是普通的冰箱。您会发现额外的功能非常物有所值。
sentence2phrase.train-idiomatic-118-2,高且干燥
sentence2phrase.train-idiomatic-119-1,我当时正在做蛋糕，但当我加了太多糖时，它成了我烹饪生涯的障碍。
sentence2phrase.train-idiomatic-119-2,我犯过的最糟糕的烹饪错误
sentence2phrase.train-idiomatic-120-1,这位裸奔者的遗梦是在雨天赤身裸体上电视。
sentence2phrase.train-idiomatic-120-2,个人最佳情况
sentence2phrase.train-idiomatic-121-1,在开始准备好的演讲之前，他即兴发表了几句话。
sentence2phrase.train-idiomatic-121-2,引发骚乱
sentence2phrase.train-idiomatic-122-1,获得融资对于这项研究来说是生死攸关的问题。
sentence2phrase.train-idiomatic-122-2,爱的劳动
sentence2phrase.train-idiomatic-123-1,“黑色圣所”一词最初是从拉丁语英语化而来。
sentence2phrase.train-idiomatic-123-2,拉丁文普通话
sentence2phrase.train-idiomatic-124-1,我的奴隶驾驶老板希望我在周末工作 - 真是个破坏球的人！
sentence2phrase.train-idiomatic-124-2,周末的工作毫无吸引力
sentence2phrase.train-idiomatic-125-1,对我们来说，这是真正的第二十二条军规；当我们有时间去度假时，我们却没有足够的钱；当我们有足够的钱时，我们却没有时间。
sentence2phrase.train-idiomatic-125-2,假期所需的时间和金钱
sentence2phrase.train-idiomatic-126-1,难怪它不起作用。整个设计是屁股向后的。
sentence2phrase.train-idiomatic-126-2,由委员会设计
sentence2phrase.train-idiomatic-127-1,这位政客对记者的快速提问感到不安。
sentence2phrase.train-idiomatic-127-2,60 分钟的突发报道
sentence2phrase.train-idiomatic-128-1,国会经常闭门开会，以避免公众对其谈判过程进行监督。
sentence2phrase.train-idiomatic-128-2,国会利用秘密会议回避批评
sentence2phrase.train-idiomatic-129-1,他送花作为最后的努力阻止她离开。
sentence2phrase.train-idiomatic-129-2,为所爱的人送花
sentence2phrase.train-idiomatic-130-1,他的病情让他的妻子在医院住了好几天。
sentence2phrase.train-idiomatic-130-2,健康状况不稳定
sentence2phrase.train-idiomatic-131-1,他更喜欢科学的清晰性，而把敏感的东西留给其他人。
sentence2phrase.train-idiomatic-131-2,对认知科学研究的吸引力
sentence2phrase.train-idiomatic-132-1,他一整天都在讲新任足球教练的事。
sentence2phrase.train-idiomatic-132-2,抱怨教练
sentence2phrase.train-idiomatic-133-1,地震让居民生活十分艰难。
sentence2phrase.train-idiomatic-133-2,超越一个人最疯狂的梦想
sentence2phrase.train-idiomatic-134-1,我讨厌这个贫穷、污染、无知的小城！
sentence2phrase.train-idiomatic-134-2,王位背后的权力
sentence2phrase.train-idiomatic-135-1,那个铅笔颈怪人不会阻止我。
sentence2phrase.train-idiomatic-135-2,眼睛在你的后脑勺
sentence2phrase.train-idiomatic-136-1,媒体报道了审判过程的详细情况。
sentence2phrase.train-idiomatic-136-2,非常详细的法庭报告
sentence2phrase.train-idiomatic-137-1,他们让我们措手不及。
sentence2phrase.train-idiomatic-137-2,在罗马燃烧时摆弄
sentence2phrase.train-idiomatic-138-1,如果这只跳起来的小猴子得到戈登·史密斯的祝福，我们就完蛋了。
sentence2phrase.train-idiomatic-138-2,糟糕的计划
sentence2phrase.train-idiomatic-139-1,当谈到对她的工作的评论时，她脸皮相当薄。
sentence2phrase.train-idiomatic-139-2,建设性批评
sentence2phrase.train-cqa-140-1,错误的注册表会导致链接无法工作吗？“清理程序”会导致所有问题吗？
sentence2phrase.train-cqa-140-2,Windows 注册表问题
sentence2phrase.train-cqa-141-1,如果我输入某些内容，它会以不同的口音大声说出该内容的网站？
sentence2phrase.train-cqa-141-2,听到同一段文字的不同口音
sentence2phrase.train-cqa-142-1,除了播放列表之外，有人知道任何免费听音乐的好网站 4 吗？
sentence2phrase.train-cqa-142-2,免费音乐网站
sentence2phrase.train-cqa-143-1,在 eBay 上发布销售信息需要花费任何费用吗？
sentence2phrase.train-cqa-143-2,多件待售商品
sentence2phrase.train-cqa-144-1,互联网已连接，但浏览器浏览器无法工作 - 请帮忙！？
sentence2phrase.train-cqa-144-2,连接到互联网的问题
sentence2phrase.train-cqa-145-1,当我访问某些网站时，会说“抱歉，您所在的国家/地区无法使用该网站”，我来自印度 WT 2，可以吗？
sentence2phrase.train-cqa-145-2,按国家/地区屏蔽网站
sentence2phrase.train-cqa-146-1,我们如何才能知道我们所写的文章是否是原创的呢？
sentence2phrase.train-cqa-146-2,衡量写作原创性
sentence2phrase.train-cqa-147-1,什么音乐网站不会被学校屏蔽？
sentence2phrase.train-cqa-147-2,大多数流媒体音乐网站上的屏蔽
sentence2phrase.train-cqa-148-1,康卡斯特互联网工作，然后不工作，然后工作，然后不工作..？
sentence2phrase.train-cqa-148-2,康卡斯特互联网提供商
sentence2phrase.train-cqa-149-1,您能给我一些反馈，让我的博客变得更好吗？
sentence2phrase.train-cqa-149-2,我的博客的改进
sentence2phrase.train-cqa-150-1,推广您的网络托管网站的最佳方式是什么？
sentence2phrase.train-cqa-150-2,广告或口碑
sentence2phrase.train-cqa-151-1,在 eBay 上要求更低的报价是不礼貌的吗？
sentence2phrase.train-cqa-151-2,互联网浏览器 8
sentence2phrase.train-cqa-152-1,在英国下载日韩台电视节目违法吗？
sentence2phrase.train-cqa-152-2,下载亚洲电视节目的合法性
sentence2phrase.train-cqa-153-1,当我打开浏览器时，我总是被重定向到其他网站？
sentence2phrase.train-cqa-153-2,打开浏览器时重定向到网站的问题
sentence2phrase.train-cqa-154-1,Mozilla Firefox 或 Internet Explorer 哪个浏览器更好用？
sentence2phrase.train-cqa-154-2,对歌剧的偏好
sentence2phrase.train-cqa-155-1,无法访问网站，有人可以帮我进入吗？
sentence2phrase.train-cqa-155-2,提交网络表格
sentence2phrase.train-cqa-156-1,病毒/木马/键盘记录器等可以吗？损坏或进入我的连接？
sentence2phrase.train-cqa-156-2,恶意程序更改了我的计算机设置
sentence2phrase.train-cqa-157-1,为什么我可以正常下载种子，但互联网页面无法正确加载（如果有的话）？
sentence2phrase.train-cqa-157-2,无法查看网页但无法下载种子的问题
sentence2phrase.train-cqa-158-1,如何在 Firefox 的地址栏中恢复以前的网站？
sentence2phrase.train-cqa-158-2,恢复 Firefox 浏览器历史记录
sentence2phrase.train-cqa-159-1,我在 eBay 上出售了一件商品，钱进入了我的 PayPal 帐户，现在我想用它来支付我购买的 DVD 的费用？
sentence2phrase.train-cqa-159-2,无线笔记本电脑
sentence2phrase.train-cqa-160-1,人们可以付费下载哪些照片共享网站？
sentence2phrase.train-cqa-160-2,业余摄影师，拥有一台漂亮的相机
sentence2phrase.train-cqa-161-1,如果我的朋友有网络摄像头，如果我有 Skype 帐户但没有网络摄像头，我仍然可以与他们进行“视频通话”吗？
sentence2phrase.train-cqa-161-2,与朋友视频聊天
sentence2phrase.train-cqa-162-1,我如何获得我告上法庭的某人的就业信息。他们欠我钱。？
sentence2phrase.train-cqa-162-2,青少年可以四处走动和聊天的网站
sentence2phrase.train-cqa-163-1,在 Opera 浏览器中，我尝试将颜色更改为蓝色，但它仍然是灰色条？
sentence2phrase.train-cqa-163-2,在 Opera 中更改颜色
sentence2phrase.train-cqa-164-1,我最近通过路由器屏蔽了一个网站，然后又取消屏蔽，为什么我仍然无法访问它？
sentence2phrase.train-cqa-164-2,路由器配置
sentence2phrase.train-cqa-165-1,作为一名网络摄像头女孩，我怎样才能赚更多的钱？
sentence2phrase.train-cqa-165-2,那个看起来像 Twitter 的网站
sentence2phrase.train-cqa-166-1,这个女孩到底是在说谎，还是真的在说实话？
sentence2phrase.train-cqa-166-2,立即购买按钮
sentence2phrase.train-cqa-167-1,Adultfriendfinder 和 virtuagirlhd 的收入是多少？为什么它的广告无处不在？
sentence2phrase.train-cqa-167-2,普通横幅广告的广告收入
sentence2phrase.train-cqa-168-1,当我关闭一个 Internet Explorer 窗口时，所有其他打开的 IE 窗口都会关闭！？
sentence2phrase.train-cqa-168-2,关闭 IE 浏览器窗口
sentence2phrase.train-cqa-169-1,如果我通过 PayPal 购买商品，该购买交易将如何显示在我的信用卡对帐单上？
sentence2phrase.train-cqa-169-2,完整的产品名称
sentence2phrase.train-cqa-170-1,我感染了无法清除的病毒...帮助！！！！！！？
sentence2phrase.train-cqa-170-2,无法清除的病毒
sentence2phrase.train-cqa-171-1,从 IE 6 升级到 IE 8 后，我似乎丢失了我的书签，工具栏上的书签变成了阴影？
sentence2phrase.train-cqa-171-2,升级到 IE8 后丢失所有书签
sentence2phrase.train-cqa-172-1,为什么我无法使用任何浏览器连接到 Web，但可以使用“我的电脑”图标连接？
sentence2phrase.train-cqa-172-2,连接到互联网的问题
sentence2phrase.train-cqa-173-1,有没有在家工作也能赚钱的网站？
sentence2phrase.train-cqa-173-2,自营职业指南
sentence2phrase.train-cqa-174-1,有没有人以前使用过 HappyBiders 并赢得过一些东西，是否是骗局。 www.happybidders.com？
sentence2phrase.train-cqa-174-2,happybidders 奖金声明的真实性
sentence2phrase.train-cqa-175-1,他们为什么不在 deviantART 上获得六个月的高级会员资格？
sentence2phrase.train-cqa-175-2,缺乏六个月的高级 deviantART 会员资格
sentence2phrase.train-cqa-176-1,如何吸引更多访问者访问我的网站？
sentence2phrase.train-cqa-176-2,广告或口碑
sentence2phrase.train-cqa-177-1,在哪里可以找到小尺寸（1 GB 左右）的 torrent 电影？
sentence2phrase.train-cqa-177-2,下载文件较小的电影
sentence2phrase.train-cqa-178-1,哪个网站列出了公司的电话号码，这样您就不会被搁置？
sentence2phrase.train-cqa-178-2,使用 WordPress 的服务器托管服务提供商
sentence2phrase.train-cqa-179-1,如何删除 Internet Explorer 地址栏上的“收藏夹”和“历史记录”部分？
sentence2phrase.train-cqa-179-2,清除IE地址栏信息
sentence2phrase.train-cqa-180-1,我必须有 paypal 才能在 eBay 上买东西吗？
sentence2phrase.train-cqa-180-2,使用 PayPal 的要求
sentence2phrase.train-cqa-181-1,如果你有 2 个黑莓，你需要支付双倍的互联网费用吗？
sentence2phrase.train-cqa-181-2,ATT 服务条款
sentence2phrase.train-cqa-182-1,有没有一个网站可以为免费竞价的东西做广告？
sentence2phrase.train-cqa-182-2,在线广告项目
sentence2phrase.train-cqa-183-1,如何使用互联网宽带拨打手机和固定电话？
sentence2phrase.train-cqa-183-2,网络电话
sentence2phrase.train-cqa-184-1,如何将 iTunes 库转移到另一个驱动器（例如外部硬盘驱动器）？
sentence2phrase.train-cqa-184-2,在学校使用的代理名单
sentence2phrase.train-cqa-185-1,那个看起来像 Twitter 的网站叫什么名字？
sentence2phrase.train-cqa-185-2,在我的国家，Twitter 被屏蔽
sentence2phrase.train-cqa-186-1,Formspring 是否需要一段时间才能发布您的答案？
sentence2phrase.train-cqa-186-2,洛克兹价格
sentence2phrase.train-cqa-187-1,您可以直接在 Ebay 上购买还是总是需要出价？
sentence2phrase.train-cqa-187-2,eBay 出价与购买
sentence2phrase.train-cqa-188-1,我们不使用互联网是因为我们不想看广告吗？
sentence2phrase.train-cqa-188-2,避免广告
sentence2phrase.train-cqa-189-1,我在哪里可以进行 100% 免费且谨慎的反向电话号码查询？
sentence2phrase.train-cqa-189-2,一个未知号码拨打了我的电话
sentence2phrase.train-cqa-190-1,你现在在哪里可以在线观看免费的老电影而无需下载？
sentence2phrase.train-cqa-190-2,免费播放老式电影
sentence2phrase.train-cqa-191-1,如何观看仅限某个国家/地区播放的节目？
sentence2phrase.train-cqa-191-2,位于英国
sentence2phrase.train-cqa-192-1,如何让这个放大框消失？
sentence2phrase.train-cqa-192-2,2个孩子在沙箱里
sentence2phrase.train-cqa-193-1,为什么我会从随机的 Facebook 链接中获得 WordPress 上的推荐人？
sentence2phrase.train-cqa-193-2,最佳答案 最佳积分
sentence2phrase.train-cqa-194-1,不小心按下后退按钮后如何恢复文本框中的文本！！！？
sentence2phrase.train-cqa-194-2,更改页面后恢复文本框文本
sentence2phrase.train-cqa-195-1,在互联网上哪里可以找到一个女孩在酒吧桌子上跳舞和脱光衣服的未上演的视频？
sentence2phrase.train-cqa-195-2,在酒吧桌子上脱衣舞的视频
sentence2phrase.train-cqa-196-1,为什么总是有人先于我先回答？
sentence2phrase.train-cqa-196-2,人们作为异性的样子的照片
sentence2phrase.train-cqa-197-1,我刚刚在 eBay 上卖了东西，现在我很困惑下一步该做什么？
sentence2phrase.train-cqa-197-2,出售物品后该怎么办
sentence2phrase.train-cqa-198-1,为我 14 岁的青少年设置电子邮件帐户的最佳和最安全的地方是什么？
sentence2phrase.train-cqa-198-2,我上网的每一个地方
sentence2phrase.train-cqa-199-1,当我汇款时，Paypal 会让我立即付款吗？
sentence2phrase.train-cqa-199-2,PayPal 行动的时机
sentence2phrase.train-cqa-200-1,真的有免费的反向电话搜索吗？
sentence2phrase.train-cqa-200-2,反向电话查找
sentence2phrase.train-cqa-201-1,在猛禽袭击中幸存的最佳选择是什么？
sentence2phrase.train-cqa-201-2,逃命还是战斗
sentence2phrase.train-cqa-202-1,lockerz Launch 何时推出？会是什么样子？
sentence2phrase.train-cqa-202-2,奖品回到库存
sentence2phrase.train-cqa-203-1,有人知道有哪些网站列出了所有鲜花的列表吗？
sentence2phrase.train-cqa-203-2,网站上提供的所有鲜花的列表
sentence2phrase.train-cqa-204-1,有没有可以创建生物的网站？
sentence2phrase.train-cqa-204-2,创意设计网站
sentence2phrase.train-cqa-205-1,什么是真正有效的最好的免费在线视频转换器？
sentence2phrase.train-cqa-205-2,在线流媒体
sentence2phrase.train-cqa-206-1,有人知道适用于 Mozilla firefox 3.6 的阿姨过滤器吗？
sentence2phrase.train-cqa-206-2,解绑过滤器浏览器插件
sentence2phrase.train-cqa-207-1,如何拍摄您和您在 Skype 上通话的人的快照？
sentence2phrase.train-cqa-207-2,亚马逊免费超级送货
sentence2phrase.train-cqa-208-1,如何使 Firefox 中的新选项卡不作为我的最后一个选项卡打开？
sentence2phrase.train-cqa-208-2,Firefox 选项卡首选项
sentence2phrase.train-cqa-209-1,什么是代理以及如何摆脱它？
sentence2phrase.train-cqa-209-2,鲜为人知的网站
sentence2phrase.train-cqa-210-1,我无法从我的备用地址向任何 Yahoo 地址发送邮件？
sentence2phrase.train-cqa-210-2,被阻止的电子邮件地址
sentence2phrase.train-cqa-211-1,在 Twitter 上，如果您回复 sum1 发布的推文并关注您，如果他们没有关注您，他们会看到您的回复吗？
sentence2phrase.train-cqa-211-2,文件实际上不在我的计算机上
sentence2phrase.train-cqa-212-1,为什么 Verizon DSL 不向现有客户提供促销折扣？
sentence2phrase.train-cqa-212-2,Verizon 促销折扣
sentence2phrase.train-cqa-213-1,你可以用多张卡在 eBay 上购物吗？
sentence2phrase.train-cqa-213-2,网上信用卡付款
sentence2phrase.train-cqa-214-1,www.listia.com 是骗局吗？或者您真的得到了您赢得的东西吗？
sentence2phrase.train-cqa-214-2,需要永远加载
sentence2phrase.train-cqa-215-1,我如何获得每年一次的免费信用报告？
sentence2phrase.train-cqa-215-2,基于我的信用评分的利率
sentence2phrase.train-cqa-216-1,在 Ebay 上销售时，Paypal 帐户需要多长时间才能收到付款？
sentence2phrase.train-cqa-216-2,联系买家索取付款证明
sentence2phrase.train-cqa-217-1,正在寻找有关 eBay 卖家向我发送空盒子的建议。？
sentence2phrase.train-cqa-217-2,关于 eBay 卖家发送的空盒子的建议
sentence2phrase.train-cqa-218-1,如果我向 Points2shop 提供我的地址，他们会向我发送我没有要求的东西吗？
sentence2phrase.train-cqa-218-2,只有你想要的饼干
sentence2phrase.train-cqa-219-1,如何屏蔽网页上广告的音频？
sentence2phrase.train-cqa-219-2,静音
sentence2phrase.train-cqa-220-1,计算机显示互联网正常工作，但我尝试的每个网站上的 DNS 均出现故障？
sentence2phrase.train-cqa-220-2,持续出现 DNS 故障
sentence2phrase.train-cqa-221-1,如何在Megavideo上无时间限制地观看视频？
sentence2phrase.train-cqa-221-2,在 Megavideo 上观看视频
sentence2phrase.train-cqa-222-1,Lockerz 上的奖品会随着时间的推移而减少积分还是保持不变？
sentence2phrase.train-cqa-222-2,Lockerz 奖励积分值
sentence2phrase.train-cqa-223-1,如果不是付费图片，我们可以在打印机上打印 Deviantart 图片吗？
sentence2phrase.train-cqa-223-2,打印免费 Deviantart 图片
sentence2phrase.train-cqa-224-1,如何删除此错误（Skype IE 插件错误）？
sentence2phrase.train-cqa-224-2,配置 Skype IE 插件
sentence2phrase.train-cqa-225-1,请给我推荐一个良好且无限制使用的无线互联网连接？
sentence2phrase.train-cqa-225-2,无限制的无线互联网提供商
sentence2phrase.train-cqa-226-1,当您在 eBay 上提交“最佳报价”时，是否算作“立即购买”购买？
sentence2phrase.train-cqa-226-2,等待购买完成
sentence2phrase.train-cqa-227-1,我的 Twitter 搜索工具适用于 IE，但不适用于 Firefox？
sentence2phrase.train-cqa-227-2,推特搜索工具
sentence2phrase.train-newswire-228-1,直到今年，在法国政府的巨大压力下，迟到了六年的委员会才终于提出了欧洲统一的噪音指标。
sentence2phrase.train-newswire-228-2,欧洲统一噪音指标
sentence2phrase.train-newswire-229-1,我相信国际水域渔业的未来取决于这些组织，委员会必须尽一切努力。
sentence2phrase.train-newswire-229-2,国际水域捕鱼的未来取决于组织
sentence2phrase.train-newswire-230-1,委员会认为，此类调整朝着建立更公平的收费制度的正确方向发展，这也激励了更合理、更有效地利用道路网络。
sentence2phrase.train-newswire-230-2,在纳税人的背后
sentence2phrase.train-newswire-231-1,我致力于确保消费者所获得的食品，无论是来自欧盟内部还是外部，都符合最高标准。
sentence2phrase.train-newswire-231-2,一个棘手的问题
sentence2phrase.train-newswire-232-1,如果不修正金融视角，我们将不可避免地陷入“金融工程”，陷入资源的重新配置和削减，无论是一般支出、社会和环境支出还是合作。
sentence2phrase.train-newswire-232-2,预防措施
sentence2phrase.train-newswire-233-1,当然，我会将你所说的话告知总统。
sentence2phrase.train-newswire-233-2,政府内部的间谍活动
sentence2phrase.train-newswire-234-1,我们现在有一个统一的计划来起草所有发展中国家的国家战略文件和指示性合作计划。
sentence2phrase.train-newswire-234-2,轻快的步伐
sentence2phrase.train-newswire-235-1,目前的赔偿基金资金不足，这一点在布雷尔灾难中表现得尤为明显，当时设得兰群岛渔业的损失没有得到充分的赔偿。
sentence2phrase.train-newswire-235-2,布雷尔灾难后资金不足
sentence2phrase.train-newswire-236-1,此外，在第26段中，它呼吁建立一个国际仲裁组织来取消南方国家的债务。
sentence2phrase.train-newswire-236-2,说明国际仲裁组织消除南方债务必要性的文件
sentence2phrase.train-newswire-237-1,我们已经听到了他们的理由以及我们在委员会中听到的工业论点的重复。
sentence2phrase.train-newswire-237-2,召集陪审团
sentence2phrase.train-newswire-238-1,同样不幸的是，大量的节目被放入了所谓的绩效储备中。
sentence2phrase.train-newswire-238-2,绩效储备金
sentence2phrase.train-newswire-239-1,我相信阿尔巴尼亚政治犯也将很快被释放。
sentence2phrase.train-newswire-239-2,相当数量的阿尔巴尼亚人
sentence2phrase.train-newswire-240-1,昨晚，宗教界也面临压力，三位英国圣公会主教表示，他们的前同事是时候辞职了。
sentence2phrase.train-newswire-240-2,英国圣公会三名主教施​​压要求退位
sentence2phrase.train-newswire-241-1,我相信，无论今天做出什么决定，理事会和议会之间肯定必须就船级社的责任限额进行一些重新思考。
sentence2phrase.train-newswire-241-2,重新考虑责任限额
sentence2phrase.train-newswire-242-1,从长期来看，30 年期债券 US30YT=RR 下跌了 2/32，收益率为 4.41%。
sentence2phrase.train-newswire-242-2,周五提高芯片销售目标
sentence2phrase.train-newswire-243-1,主席先生，尼科尔森先生的问题更加严重。
sentence2phrase.train-newswire-243-2,在政治领域
sentence2phrase.train-newswire-244-1,代表圣公会保守派的美国圣公会理事会表示，将寻求授权在北美建立一个单独的团体。
sentence2phrase.train-newswire-244-2,同性恋权利之战
sentence2phrase.train-newswire-245-1,这就是为什么我相信委员会可以发挥巨大作用，鼓励渔民挺身而出，与其合作，提出一个我们都同意的解决方案。
sentence2phrase.train-newswire-245-2,委员会对与渔民达成协议的合作和支持
sentence2phrase.train-newswire-246-1,美国 IBM 和德国英飞凌科技公司今天将宣布一项可能威胁数十亿美元存储芯片市场的技术开发。
sentence2phrase.train-newswire-246-2,IBM 和 Infineon 的技术进步
sentence2phrase.train-newswire-247-1,必须定期向议会咨询并更新进展情况，这就是报告员提出的第二项要求，我们都必须支持。
sentence2phrase.train-newswire-247-2,进度咨询
sentence2phrase.train-newswire-248-1,比如，我们对地中海国家的援助，有多年预算积压的情况。
sentence2phrase.train-newswire-248-2,预算不佳的热门国家
sentence2phrase.train-newswire-249-1,您认为奥运会首次在美国进行电视直播会对残奥会运动产生什么影响？
sentence2phrase.train-newswire-249-2,转播美国残奥会比赛对残奥会运动的影响。
sentence2phrase.train-newswire-250-1,我认为这是一个出色的政治宣言，但我们仍然存在一些问题。
sentence2phrase.train-newswire-250-2,确实存在问题的政治指控
sentence2phrase.train-newswire-251-1,霍尔顿先生参观了诺斯莫尔，那里有 25 到 30 所房屋被损坏或摧毁，市政厅和警察局也被损坏。
sentence2phrase.train-newswire-251-2,数十所房屋以及警察局和市政厅遭到破坏
sentence2phrase.train-newswire-252-1,如果不首先解决冲突，我们怎么能考虑恢复这种伙伴关系呢？
sentence2phrase.train-newswire-252-2,关系破裂
sentence2phrase.train-newswire-253-1,至于 MEDA，理事会表示，由于八年的付款积压，承诺不是问题。
sentence2phrase.train-newswire-253-2,equating owing money with debt
sentence2phrase.train-newswire-254-1,现在重要的是，在SPD下提出了大量项目，但在这种基层行动的同时，我们还必须深入考虑每个最外围地区在进入信息社会方面的具体需求。
sentence2phrase.train-newswire-254-2,美国农村的草根运动
sentence2phrase.train-newswire-255-1,这项新服务计划在火奴鲁鲁与奥克兰、圣何塞、萨克拉门托、西雅图、凤凰城、福冈、仙台、首尔、布里斯班、帕皮提和帕果帕果之间的航班上推出；卡胡卢伊 (Kahului) 以及圣何塞 (San Jose)、奥克兰 (Oakland) 和西雅图 (Seattle)。
sentence2phrase.train-newswire-255-2,国内和国际航班
sentence2phrase.train-newswire-256-1,正如施赖尔委员已经提到的，今年的预算中有许多政治声明：重组农业政策、新的结构性计划、确保更好地实施结构性政策的措施，以及旨在落实里斯本峰会上为创建一个更强大和更具竞争力的欧盟以及打击社会排斥而做出的决定的步骤。
sentence2phrase.train-newswire-256-2,妨碍市场正常运行
sentence2phrase.train-newswire-257-1,这表明，在这个领域，我们比其他任何领域都肩负着巨大的责任，在我看来，我们必须压制我们可能拥有的任何制度自豪感。
sentence2phrase.train-newswire-257-2,抛开制度自豪感
sentence2phrase.train-newswire-258-1,前提是卖方始终能够告知买方货物的性质以及信息的限制。
sentence2phrase.train-newswire-258-2,虚假广告
sentence2phrase.train-newswire-259-1,布兰森表示，他更愿意在飞往纽约、巴巴多斯和迪拜的航线上运营完全商业化的服务。
sentence2phrase.train-newswire-259-2,联邦办公室
sentence2phrase.train-newswire-260-1,福克斯电影频道禁止陈查理参演。
sentence2phrase.train-newswire-260-2,禁止演员出演
sentence2phrase.train-newswire-261-1,约翰·霍普金斯大学的斯坦伯格写道，当我的狗需要接种疫苗时，我会可靠地收到提醒。
sentence2phrase.train-newswire-261-2,给家庭宠物接种疫苗
sentence2phrase.train-newswire-262-1,我还想对理事会提出质疑，问为什么它不就《财务条例》第 24 条取得进展。
sentence2phrase.train-newswire-262-2,网上银行
sentence2phrase.train-newswire-263-1,从东南亚和印度移民到美国的男女出生比高于预期，报告作者认为，这在一定程度上是基于本国文化态度的故意性别选择。
sentence2phrase.train-newswire-263-2,美国的出生率
sentence2phrase.train-newswire-264-1,这让我想到了我们集团的战略，因为我们信念的核心是希望为欧洲公民提供物有所值的服务。
sentence2phrase.train-newswire-264-2,在这场危机中维持欧元价值的失败策略
sentence2phrase.train-newswire-265-1,他对杰姆先生的立场（轮值主席没有在这里做出答复）有何看法？即塞浦路斯问题与推进土耳其与欧盟之间的入盟伙伴关系之间不可能有任何联系？
sentence2phrase.train-newswire-265-2,总统忽略回答问题
sentence2phrase.train-newswire-266-1,有些修正案，例如第1号和第18号修正案，涉及的问题基本上与英国有关，必须说，英国所有团体，无论是社会党、民众党还是绿党，都大力支持它们，并已在环境委员会获得批准。
sentence2phrase.train-newswire-266-2,社会主义、大众和绿色的共同观点。
sentence2phrase.train-newswire-267-1,与往年一样，法院未能准确指出这些失误发生在哪里。
sentence2phrase.train-newswire-267-2,欧盟财政的成功管理
sentence2phrase.train-newswire-268-1,问题是：这些学生应该向谁提出申请，以确认如果他们参加这些课程并在英国完成学业，他们有权获得成绩？
sentence2phrase.train-newswire-268-2,英国学生确认他们的学位将产生成果
sentence2phrase.train-newswire-269-1,国际新闻服务机构半岛电视台的网站周二遭到一个名为 Al-Rashedon 的组织的黑客攻击。
sentence2phrase.train-newswire-269-2,困住四个人
sentence2phrase.train-newswire-270-1,美国银行在消费者金融保护局有关抵押贷款的投诉中处于领先地位。
sentence2phrase.train-newswire-270-2,抵押贷款上涨
sentence2phrase.train-newswire-271-1,我从没想过我会这么说，但一开始我几乎想念范·迪塞尔。
sentence2phrase.train-newswire-271-2,范·迪塞尔的电影角色
sentence2phrase.train-newswire-272-1,该活动设有全新的景点，包括高台跳水表演、狼群展览和老西部展览。
sentence2phrase.train-newswire-272-2,嚎叫的狼在表演
sentence2phrase.train-newswire-273-1,规定政治目标是拨款者的特权，专员已多次这样做。
sentence2phrase.train-newswire-273-2,专员在分配资金以规定政治目标方面的作用
sentence2phrase.train-newswire-274-1,另一方面，我们的通信网络需要不断供应内容才能填满其网页，并且认为使内容从属、勒索内容和使用内容而不特别注意生产规则并没有什么错。
sentence2phrase.train-newswire-274-2,用内容填充网页
sentence2phrase.train-newswire-275-1,预算政策需要增强公众对欧洲政策的信心。
sentence2phrase.train-newswire-275-2,公众信心
sentence2phrase.train-newswire-276-1,你们会意识到，这是在阿姆斯特丹做出的一项深思熟虑的决定，目的是明确区分这两个角色，高级代表而不是委员会，不是从完全独立的角度发言，而是在协调成员国职权范围内的共同外交和安全政策的职权范围内，我们应该为政府间办法留出足够的空间。
sentence2phrase.train-newswire-276-2,成员国内部制定共同外交和安全政策的政府间方针
sentence2phrase.train-newswire-277-1,陈查理不再接受福克斯电影频道的调查。
sentence2phrase.train-newswire-277-2,福克斯电影频道
sentence2phrase.train-newswire-278-1,南斯拉夫的选举表明了两件事：人民终于受够了独裁者米洛舍维奇，并对科什图尼察教授充满信心。
sentence2phrase.train-newswire-278-2,获得支持和信息
sentence2phrase.train-newswire-279-1,与此同时，欧盟继续通过其各种计划，特别是TACIS计划，向两国提供大量物质援助。
sentence2phrase.train-newswire-279-2,工会合作
sentence2phrase.train-newswire-280-1,我也欢迎普罗迪先生的有力而有意义的发言。
sentence2phrase.train-newswire-280-2,普罗迪的欢迎发言
sentence2phrase.train-newswire-281-1,这还可以使理事会主席国能够与成员国进行讨论，以期获得理事会对你们的提案的批准，并一读通过案文，必要时通过合格多数表决。
sentence2phrase.train-newswire-281-2,化石燃料转化
sentence2phrase.train-newswire-282-1,第 87 条必须纳入对社会、文化和慈善事业的规定，以便这些重要机构的未来也能得到永久保障。
sentence2phrase.train-newswire-282-2,保护和重视社会、文化和慈善事业
sentence2phrase.train-newswire-283-1,格雷厄姆说，布什政府没有去追寻最迫在眉睫和真正的威胁——国际恐怖分子——而是选择了算旧账。
sentence2phrase.train-newswire-283-2,国际恐怖分子是最紧迫、最有效的安全威胁
sentence2phrase.train-newswire-284-1,该举措基于一项理事会法规，该法规修订了定义当前普惠制的法规。
sentence2phrase.train-newswire-284-2,修改现行普惠制法规
sentence2phrase.train-newswire-285-1,主席先生、专员、女士们、先生们，首先我要说的是，原则上我欢迎委员会关于设立补偿基金的建议，即使是从奥地利农业的角度来看也是如此。
sentence2phrase.train-newswire-285-2,与俄罗斯举行多次各级会议
sentence2phrase.train-newswire-286-1,这些行动反映了我们在加强业务重点并努力实现盈利的过程中强劲的前进动力。”索尼爱立信总裁井原克己 (Katsumi Ihara) 表示。
sentence2phrase.train-newswire-286-2,零售商 J.C. Penney Co. Inc. 和 Walgreen Co.
sentence2phrase.train-newswire-287-1,在我看来，加罗特先生报告中提出的欧盟额外补贴在今年是相当不合理的，因为随着2000年议程和即将到来的东欧扩大，我们将改革农业政策。
sentence2phrase.train-newswire-287-2,独立调查委员会
sentence2phrase.train-newswire-288-1,专员、女士们、先生们，这是农业农村委员会提出的解决方案。
sentence2phrase.train-newswire-288-2,妥协修正案
sentence2phrase.train-newswire-289-1,但我们将有机会经历这一切。
sentence2phrase.train-newswire-289-2,解开的时间
sentence2phrase.train-newswire-290-1,女士们、先生们，我相信你们会注意到，审计法院院长演讲的最后部分由于一个不幸的错误而受到干扰，该错误侵入了他的演讲和本会议厅之间。
sentence2phrase.train-newswire-290-2,不幸的昆虫被压扁
sentence2phrase.train-newswire-291-1,埃斯特拉达和霍纳桑都否认参与了失败的军事叛乱。
sentence2phrase.train-newswire-291-2,夺去了数十人的生命
sentence2phrase.train-newswire-292-1,也许欧盟的一些常识将有助于解决这个问题，并给乔治·布什在历史上应有的地位——它的垃圾箱！
sentence2phrase.train-newswire-292-2,篮球场
sentence2phrase.train-newswire-293-1,港口国管制指令旨在检查是否符合国际要求，而不是引入新规则。
sentence2phrase.train-newswire-293-2,符合要求
sentence2phrase.train-newswire-294-1,这种迅速而集中的方法产生了两个“Erika”一揽子计划和六项提案，创造了巨大的势头。
sentence2phrase.train-newswire-294-2,没有机会学习
sentence2phrase.train-newswire-295-1,通过以辅助性的名义采取这种行动，欧盟实际上是在逃避其责任之一，就像最近几周在意大利北部和西班牙所做的那样。
sentence2phrase.train-newswire-295-2,导致对附属物不负责任的行为
sentence2phrase.train-newswire-296-1,委员会首先要强调我们对欧洲公民做出的承诺，以确保欧洲机构处理的个人数据受到保护。
sentence2phrase.train-newswire-296-2,内部改革
sentence2phrase.train-newswire-297-1,事实上，尽管早在《罗马条约》中就提到了法国海外省，但我们必须等到 1989 年，针对这些地区的偏远和岛屿性质的选择方案，即臭名昭著的 POSEI 方案，欧盟才终于承认，影响最外围地区的结构性障碍的持久性和综合性，与共同体其他地区相比，有理由给予特殊待遇。
sentence2phrase.train-newswire-297-2,水疗护理，包括按摩和面部清洁程序
sentence2phrase.train-newswire-298-1,一项取消此类保护的修正案以 186 票对 237 票失败。
sentence2phrase.train-newswire-298-2,解除保护失败
sentence2phrase.train-newswire-299-1,我们正在委员会中研究这些问题，但本周尚未就此事做出任何决定，因为保罗·尼尔森缺席了对巴尔干地区的访问。
sentence2phrase.train-newswire-299-2,委员会的优柔寡断
sentence2phrase.train-newswire-300-1,从可衡量的角度来看，自由主义的基本原理实际上反对高水平的海上安全。
sentence2phrase.train-newswire-300-2, 不合理的海洋性质与合理的安全防范
sentence2phrase.train-newswire-301-1,爱丁堡公爵在私人建筑中错过了许多皇家场合。
sentence2phrase.train-newswire-301-2,司法部长齐皮·利夫尼 (Tzipi Livni) 就沙特阿拉伯发表讲话
sentence2phrase.train-newswire-302-1,与其他体育项目相比，为什么美国媒体对残奥会的报道如此之少？
sentence2phrase.train-newswire-302-2,美国媒体缺乏残奥会报道
sentence2phrase.train-newswire-303-1,我想重申，你现在坚持采取的紧急行动是没有必要的。
sentence2phrase.train-newswire-303-2,不必要的行动
sentence2phrase.train-newswire-304-1,我们将能够做很多很酷的事情。
sentence2phrase.train-newswire-304-2,一份有趣的工作
sentence2phrase.train-newswire-305-1,在此之前，该部门被称为纳斯卡全国大赛。
sentence2phrase.train-newswire-305-2,就职宣誓仪式
sentence2phrase.train-newswire-306-1,伊拉克官员坚称，袭击是由“外来者”潜入费卢杰并在夜间发动的。
sentence2phrase.train-newswire-306-2,对费卢杰市场和民众的袭击
sentence2phrase.train-newswire-307-1,委员会在 11 月 15 日通过的报告中得出结论，第 1540/98 号条例规定的运营援助并未为韩国定价做法问题提供解决方案。
sentence2phrase.train-newswire-307-2,韩国的定价问题没有解决办法
sentence2phrase.train-newswire-308-1,拉米罗·萨帕塔 (Ramiro Zapata) 是 25 名被谋杀的人权活动人士中最新的一个，最近，哥伦比亚媒体谴责准军事组织杀害 100 名人权活动人士的“100 计划”。
sentence2phrase.train-newswire-308-2,谴责哥伦比亚准军事组织杀害一百名人权活动人士的“100计划”
sentence2phrase.train-newswire-309-1,该食品管理局和旨在保证食品安全的立法提案都将得到众议院专员的支持。
sentence2phrase.train-newswire-309-2,血汗工厂条件恶劣
sentence2phrase.train-newswire-310-1,这也可以被视为与竞争有关的问题，因为免税商品可以在斯德哥尔摩和赫尔辛基之间的波罗的海南部地区继续销售，但不允许在于默奥和瓦萨之间的航程上销售。
sentence2phrase.train-newswire-310-2,波罗的海周边免税商品销售监管
sentence2phrase.train-newswire-311-1,没有人会相信他说的每一句话。
sentence2phrase.train-newswire-311-2,没有可信度
sentence2phrase.train-newswire-312-1,黑匣子、黑名单：我们完全同意所有这些事情，但仍有几点我想提请您注意。
sentence2phrase.train-newswire-312-2,禁止名单
sentence2phrase.train-newswire-313-1,该负责人澄清说，一旦“所有手续齐全”，将立即授权调查。
sentence2phrase.train-newswire-313-2,调查有待正式文件
sentence2phrase.train-newswire-314-1,奥利、史基浦和巴塞罗那等机场已经满足严格的要求。
sentence2phrase.train-newswire-314-2,机场延误
sentence2phrase.train-newswire-315-1,它是一座重力坝，通过巨大的质量阻挡水流。
sentence2phrase.train-newswire-315-2,红茶价格上涨
sentence2phrase.train-newswire-316-1,议员提出的观点很重要。
sentence2phrase.train-newswire-316-2,其体制结构和政策
sentence2phrase.train-newswire-317-1,杰特在 3 月 31 日的一次碰撞中左肩脱臼，周一首次在球场上进行击球练习。
sentence2phrase.train-newswire-317-2,受伤后第一次进行击球练习
sentence2phrase.train-newswire-318-1,2002年，《福布斯》杂志估计克兰西的收入为4780万美元。
sentence2phrase.train-newswire-318-2,福布斯杂志对克兰西收入的估计
sentence2phrase.train-newswire-319-1,因此，它应该促进建立新的区域组织，从共同体已经存在的地方开始，例如西太平洋和南太平洋。
sentence2phrase.train-newswire-319-2,新区域组织的社区扩张
sentence2phrase.train-newswire-320-1,领导人同意扩大和更新2000年亚欧合作框架，该框架构成未来十年的工作计划。
sentence2phrase.train-newswire-320-2,亚欧框架扩张
sentence2phrase.train-newswire-321-1,（由于超过12名议员起立，口头修正案未被保留）。
sentence2phrase.train-newswire-321-2,议会投票
sentence2phrase.train-newswire-322-1,主席女士，最近，我们大陆发生了一系列引人注目的船舶灾难，特别是涉及油轮的灾难。
sentence2phrase.train-newswire-322-2,船舶事故
sentence2phrase.train-newswire-323-1,92岁的菲利普亲王于6月6日入院接受腹部探查手术。
sentence2phrase.train-newswire-323-2,全球变暖的国际风险
sentence2phrase.train-newswire-324-1,我还想补充一点，这两份案文特别侧重于加强刑法框架，以打击有组织的协助者团伙。
sentence2phrase.train-newswire-324-2,有组织犯罪
sentence2phrase.train-newswire-325-1,必须记住，与摩洛哥的渔业协议不仅仅是一份简单的渔业协议；他知道，考虑到这项协议的重要性，如果没有达成这一协议，这一事实可能会掩盖欧洲联盟与摩洛哥之间关系的恶化。
sentence2phrase.train-newswire-325-2,欧盟与摩洛哥之间的渔业协定
sentence2phrase.train-newswire-326-1,作为以色列和巴勒斯坦民族权力机构之间和平谈判的一部分，以色列于周二凌晨释放了 26 名在 1994 年奥斯陆协议签署前因谋杀或企图谋杀以色列人而被监禁的巴勒斯坦囚犯。
sentence2phrase.train-newswire-326-2,滑雪业务
sentence2phrase.train-newswire-327-1,1998年，美国参议院将格子呢日定为节日，即“国家格子呢日”。
sentence2phrase.train-newswire-327-2,1998 年美国参议院“国家格子呢日”假期
sentence2phrase.train-newswire-328-1,在本科生案例中，伦奎斯特表示，种族的使用并不是为了实现大学声称的多样性利益而“狭隘定制”的。
sentence2phrase.train-newswire-328-2,对市场进一步疲软的担忧。
sentence2phrase.train-newswire-329-1,但州法官裁定，所谓的“双重危险”保护不适用于此案。
sentence2phrase.train-newswire-329-2,双重危险条款不适用
sentence2phrase.train-newswire-330-1,我认为这提醒我们欧洲人注意我们在亚洲的重要作用，而不仅仅是在经济和贸易方面，尽管必须说亚洲复苏的原因之一是我们在过去两年里信守诺言，保持我们的市场对亚洲出口开放。
sentence2phrase.train-newswire-330-2,各大洲之间的市场贸易
sentence2phrase.train-newswire-331-1,政府首脑还确认了欧盟通过技术和经济援助支持这一进程的决心。
sentence2phrase.train-newswire-331-2,经济学领域的支持
sentence2phrase.train-newswire-332-1,河对岸的圣约瑟夫拥有时尚的餐厅、精品店、办公室和风景如画的海滨。
sentence2phrase.train-newswire-332-2,宪法的全部四页
sentence2phrase.train-newswire-333-1,他希望主席能够概述尼斯的前进方向。
sentence2phrase.train-newswire-333-2,控制尼斯的重要人物
sentence2phrase.train-newswire-334-1,因此，提出的问题为轮值主席提供了澄清几点的机会。
sentence2phrase.train-newswire-334-2,白宫
sentence2phrase.train-newswire-335-1,我们不会在我们的机构或我们的成员国中寻找替罪羊。
sentence2phrase.train-newswire-335-2,美味的山羊奶酪
sentence2phrase.train-newswire-336-1,这就是为什么我认为贝恩德·兰格先生提出的修正案如此重要。
sentence2phrase.train-newswire-336-2,Bernd Lange 先生的重要性
sentence2phrase.train-newswire-337-1,在欧洲，法国CAC-40指数上涨0.6%，英国富时100指数下跌0.02%，德国DAX指数上涨0.8%。
sentence2phrase.train-newswire-337-2,股价上涨
sentence2phrase.train-newswire-338-1,同样，在2000年11月9日举行的联合国大会第三委员会会议上就封锁决议进行表决时，我们呼吁古巴当局与捍卫人权的国际组织充分合作。
sentence2phrase.train-newswire-338-2,国际捍卫人权运动
sentence2phrase.train-newswire-339-1,可以被解释为英国对创造一个更美好世界不感兴趣的迹象。
sentence2phrase.train-newswire-339-2,英国对更美好的世界不感兴趣
sentence2phrase.train-newswire-340-1,在布莱切利公园，图灵致力于破解二战期间纳粹使用的恩尼格玛密码。
sentence2phrase.train-newswire-340-2,奥西·阿迪莱斯 (Ossie Ardiles) 在福克兰群岛发生车祸
sentence2phrase.train-newswire-341-1,苏格兰国宝之一威廉·华莱士的宝剑七百年来首次离开苏格兰。
sentence2phrase.train-newswire-341-2,苏格兰剑，国宝
sentence2phrase.train-newswire-342-1,一两年后，259 名（10%）的年轻人报告说他们已经开始吸烟，或者只吸了几口。
sentence2phrase.train-newswire-342-2,青少年轻度吸烟
sentence2phrase.train-newswire-343-1,除了丹妮尔·奥罗伊刚才就南方国家问题发表的评论之外，我想补充一点，一些专家的估计提供了一些有趣的数字，例如，托宾式税收可以收回50至2500亿美元之间的数字，而与此同时，联合国开发计划署每年的金额为400亿美元，这足以保障南半球数亿贫困人口的最低生活条件。第三世界国家。
sentence2phrase.train-newswire-343-2,税收收入覆盖第三世界的生活费用
sentence2phrase.train-newswire-344-1,随着名称的更改，该航空公司还重新设计了其网站，并更改了每个服务舱位的名称。
sentence2phrase.train-newswire-344-2,新网站、新分类
sentence2phrase.train-newswire-345-1,然而，我们不应只关注科索沃。
sentence2phrase.train-newswire-345-2,聚焦科索沃
sentence2phrase.train-newswire-346-1,我可以简单地指出这样一个事实：法国和德国——我不再以安理会轮值主席的身份发言——上周在维特尔举行的双边峰会上提出了这些问题，会上决定成立一个工作组，以找到问题的解决方案。
sentence2phrase.train-newswire-346-2,欧盟合作
sentence2phrase.train-newswire-347-1,澳大利亚队被称为钢人队，世界排名第二。
sentence2phrase.train-newswire-347-2,钢人队全球球队排名第二
sentence2phrase.train-newswire-348-1,我们有一个共同的猪肉市场组织，我们不应该错误地质疑目前基本有效的猪肉市场共同组织。
sentence2phrase.train-newswire-348-2,缺乏善意
sentence2phrase.train-newswire-349-1,鉴于渔业对最远地区的重要性，我对此只能感到悲伤。
sentence2phrase.train-newswire-349-2,三条小鱼，20世纪50年代的热门歌曲
sentence2phrase.train-newswire-350-1,北约战争造成了太多的破坏，并留下了太多的苦难。
sentence2phrase.train-newswire-350-2,巨大的金融泵
sentence2phrase.train-newswire-351-1,据报道，数十万伊朗人在伊朗之夜观看了谈判报道。
sentence2phrase.train-newswire-351-2,谈判报道
sentence2phrase.train-newswire-352-1,该战略已由负责建筑事务的副总裁 Joan Colom i Naval 提出。
sentence2phrase.train-newswire-352-2,增加采取行动的机会
sentence2phrase.train-newswire-353-1,主席女士，现在我不想再说话了，等一下立法局的人过来。
sentence2phrase.train-newswire-353-2,与总统继续对话
sentence2phrase.train-newswire-354-1,我担心许多机器和规则可能出现普遍故障，这将使众议院的决定受到质疑。
sentence2phrase.train-newswire-354-2,政府举措取得空前成功
sentence2phrase.train-newswire-355-1,下周，欧洲会议将应我的邀请在法国举行，即与候选国的会议。
sentence2phrase.train-newswire-355-2,欧洲会议
sentence2phrase.train-newswire-356-1,欧盟东扩越接近，这个问题就越重要。
sentence2phrase.train-newswire-356-2,十二生肖
sentence2phrase.train-newswire-357-1,正如尊敬的众议院议员所知，提出投诉本身并不影响工程的进展。
sentence2phrase.train-newswire-357-2,主要房主的项目不受投诉影响
sentence2phrase.train-newswire-358-1,例如，对于芬兰来说，将俄罗斯纳入这些协议至关重要。
sentence2phrase.train-newswire-358-2,俄罗斯在芬兰协议中的重要存在
sentence2phrase.train-newswire-359-1,让我们有实现生态雄心的政治勇气。
sentence2phrase.train-newswire-359-2,推动环境保护的政治勇气
sentence2phrase.train-newswire-360-1,因此，我必须对结果表示怀疑。
sentence2phrase.train-newswire-360-2,个人怀疑
sentence2phrase.train-newswire-361-1,我们提出的另一项重要建议是，除了报告员列举的指标之外，还应该有一个额外的噪音指标，这对于航空噪音而言具有特别重要的意义。
sentence2phrase.train-newswire-361-2,飞机发出巨大噪音
sentence2phrase.train-newswire-362-1,我和我的团队认为这份文件充满了想法和建议，触及问题的核心，并没有回避最外围社区人民所关心的任何领域。
sentence2phrase.train-newswire-362-2,冠心病
sentence2phrase.train-newswire-363-1,根据2000年美国人口普查，拥有苏格兰或苏格兰-爱尔兰血统的美国人人数约为920万，占美国人口的3.2%。
sentence2phrase.train-newswire-363-2,有苏格兰血统的美国人
sentence2phrase.train-newswire-364-1,。 (EL) 除非我们解决船东不负责任的问题，对船舶状态进行严格控制，对违反安全规定的航运公司进行严厉处罚，改善海员的工作时间，对他们进行适当的培训，并确保船舶的船员符合其更高的要求，否则我们就无法实现海上安全，也无法保护海上人类生命和环境。
sentence2phrase.train-newswire-364-2,从海底到海底——提高安全的责任。
sentence2phrase.train-newswire-365-1,国防军司令大卫·赫尔利还声称，委员会官员和海军在处理抵达的难民船时表现得很专业。
sentence2phrase.train-newswire-365-2,数百名志愿者
sentence2phrase.train-newswire-366-1,对于被指派维护公司安全的安全专家来说，这几天是忙碌的一天。
sentence2phrase.train-newswire-366-2,安全 IT 专业人员的行动
sentence2phrase.train-newswire-367-1,总统绝没有以任何方式、形式或形式指示海军陆战队改变我们的制服封面。
sentence2phrase.train-newswire-367-2,海军陆战队制服
sentence2phrase.train-newswire-368-1,BEA Systems Inc.（BEAS.O）周四表示，在商业软件整体市场萎缩的情况下，第二季度利润增长了 28%，收入增幅略高于华尔街预期。
sentence2phrase.train-newswire-368-2,即将卸任的社会民主党联盟
sentence2phrase.train-newswire-369-1,我还想知道它会对外汇市场的波动产生什么影响这一问题的答案，特别是对预期贬值20％至50％的投机者征收千分之0.1的税会产生什么影响。
sentence2phrase.train-newswire-369-2,税收对外汇市场波动的影响
sentence2phrase.train-newswire-370-1,美国电影学院最近将她评为顶级女性银幕传奇人物。
sentence2phrase.train-newswire-370-2,最佳女主角
sentence2phrase.train-newswire-371-1,我要感谢利卡宁先生在各方面都给出了非常积极和出色的答复。
sentence2phrase.train-newswire-371-2,感谢您的回复
sentence2phrase.train-newswire-372-1,斐济国家航空公司太平洋航空​​现已正式恢复原来的名称：斐济航空。
sentence2phrase.train-newswire-372-2,太平洋航空​​正式回归原名
sentence2phrase.train-newswire-373-1,我们应该非常仔细地审查这一点，然后推行综合方法的两部分的实施，即一方面建立各种噪声源的限值，另一方面建立噪声源的质量标准。
sentence2phrase.train-newswire-373-2,将限值与各种噪声源的质量标准相结合
sentence2phrase.train-newswire-374-1,这既适用于对油轮设计的更严格要求，也适用于港口国控制的更好规则，以及由此产生的船级社规则的收紧。
sentence2phrase.train-newswire-374-2,改善监管以保护环境
sentence2phrase.train-newswire-375-1,与七月份相比，我对今天安理会的态度感到满意一些，因为正如在许多危机情况下一样，欧盟似乎总是最后一个出现在国际舞台上并发出声音的权威。
sentence2phrase.train-newswire-375-2,更高兴看到欧盟在危急情况下发出国际声音
sentence2phrase.train-newswire-376-1,为了履行与理事会和报告员达成的使该条例能够一读通过的政治协议，委员会拒绝了公民自由与权利、司法和内政委员会通过的帕奇奥蒂报告之外的所有其他修正案，但第 69 号修正案除外，该修正案是对第 41 号修正案的更正。
sentence2phrase.train-newswire-376-2,拒绝和失望
sentence2phrase.train-newswire-377-1,去年 12 月，美国第九巡回上诉法院的一个小组以 2 比 1 的裁决维持了加州的攻击性武器禁令。
sentence2phrase.train-newswire-377-2,维护加州攻击性武器禁令
sentence2phrase.train-newswire-378-1,土耳其内阁于 9 月 21 日通过的报告作为一项改革计划，包含了几项计划中的法律修正案，例如在《民法典》中纳入旨在加强社会和教育领域男女有效平等的措施、通过培训专门处理家庭事务的法官更好地打击家庭暴力的方法，以及防止犯有名誉罪的人减刑的措施。
sentence2phrase.train-newswire-378-2,罪犯改造的需要
sentence2phrase.train-newswire-379-1,我不明白委员会如何能够早在 2 月份给出这一估计，而理事会则可以在 7 月份给出这一估计。
sentence2phrase.train-newswire-379-2,不合理的估计和不及时的理事会
sentence2phrase.train-newswire-380-1,该表演的塔楼有八层楼高，表演者试图潜入仅 9.5 英尺深的水池中。
sentence2phrase.train-newswire-380-2,在戏水池里嬉戏
sentence2phrase.train-newswire-381-1,第三，当我们讨论此类档案时，我认为很明显，我们并没有将我们的石油供应与我们仍在使用化石燃料的事实联系起来。
sentence2phrase.train-newswire-381-2,石油和化石燃料之间的联系
sentence2phrase.train-newswire-382-1,这位艺术家的粉丝们在社交媒体上与他的音乐界同行一起涌动，向这位纽约歌手致敬。
sentence2phrase.train-newswire-382-2,粉丝赞赏
sentence2phrase.train-newswire-383-1,主席女士，欧盟东扩迫在眉睫，审计法院的报告让我们确信，候选国也还有大量工作要做。
sentence2phrase.train-newswire-383-2,投票站
sentence2phrase.train-newswire-384-1,尽管已经达成一致，我有时想知道是否有可能在现有预算限制内实现这一目标，而不损害现有成员国可持续农村部门所需的农业预算。
sentence2phrase.train-newswire-384-2,业主和股东
sentence2phrase.train-newswire-385-1,当然，需要仔细预算，我们支持这一点，不应该试图回避它。
sentence2phrase.train-newswire-385-2,认真对待预算
sentence2phrase.train-newswire-386-1,一旦明年的预算资源明确，我将与我的服务部门讨论这个问题。
sentence2phrase.train-newswire-386-2,预算资源尚不明确
sentence2phrase.train-newswire-387-1,我主要关心的问题是，小企业并不总是能够为投资者提供足够的担保和良好的业务记录。
sentence2phrase.train-newswire-387-2,信用报告
sentence2phrase.train-newswire-388-1,警方表示，引发警报的信息很可能是一场恶作剧，如果是这样，他们打算找到并起诉责任方。
sentence2phrase.train-newswire-388-2,警方起诉恶作剧者
sentence2phrase.train-newswire-389-1,唯一接受采访的飞行员要求匿名。
sentence2phrase.train-newswire-389-2,飞行员帽
sentence2phrase.train-newswire-390-1,“除了我和警卫之外，没有人真正知道那里发生了什么，我可以向你保证，他所说的事情并没有发生，”凯说。
sentence2phrase.train-newswire-390-2,家庭收入中位数
sentence2phrase.train-newswire-391-1,该信息必须提供给欧洲、国家和港口当局以及感兴趣的公众。
sentence2phrase.train-newswire-391-2,无论从质量还是数量上
sentence2phrase.train-newswire-392-1,SCO表示，由于将Sequent公司的源代码和开发方法不当转移到Linux中，因此终止了与Sequent的合同。
sentence2phrase.train-newswire-392-2,Linux 内核中专有代码的声明
sentence2phrase.train-newswire-393-1,与其他国家相比，瑞典人根本没有庆祝国庆节。挪威人。
sentence2phrase.train-newswire-393-2,瑞典民族自豪感低落
sentence2phrase.train-newswire-394-1,主席先生，首先我必须表示我欢迎这份报告。
sentence2phrase.train-newswire-394-2,对总统的关注
sentence2phrase.train-newswire-395-1,对于小型油轮，我们在 ÉÌÏ 规定的 5000 吨限制和委员会规定的 600 吨限制之间采取了折衷立场。
sentence2phrase.train-newswire-395-2,他的国家的民主发展
sentence2phrase.train-newswire-396-1,一位国会议员使用了“可追溯性”一词。
sentence2phrase.train-newswire-396-2,议会中使用的新术语
sentence2phrase.train-newswire-397-1,正如众议院所知，我们认为没有必要在法规中明确提及这一点。
sentence2phrase.train-newswire-397-2,不必要的引用
sentence2phrase.train-newswire-398-1,我完全理解为什么人们想要集约化畜牧业的市场组织，以及为什么他们应该想要废除基于土地的生产的农业政策。
sentence2phrase.train-newswire-398-2,中小企业
sentence2phrase.train-newswire-399-1,欧盟委员会和成员国应从这个角度看待这一问题，并利用本报告的调查结果作为提高欧盟财政管理绩效的工具。
sentence2phrase.train-newswire-399-2,管理个人财务
sentence2phrase.train-newswire-400-1,巴兹·鲁尔曼 (Baz Luhrmann) 的普契尼歌剧华丽版本在经历了令人失望的 7 个月演出并损失了约 600 万美元后，将于 6 月 29 日停播。
sentence2phrase.train-newswire-400-2,普契尼歌剧七个月后停播
sentence2phrase.train-newswire-401-1,地方层面的合作也包括自然保护组织。
sentence2phrase.train-newswire-401-2,当地自然保护
sentence2phrase.train-newswire-402-1,他曾担任中银香港行政总裁，直到上个月突然被召回北京。
sentence2phrase.train-newswire-402-2,被召回的首席执行官
sentence2phrase.train-newswire-403-1,凯思利女士一再否认有任何不忠行为，她也讲述了一个类似的故事。
sentence2phrase.train-newswire-403-2,在参议院作证
sentence2phrase.train-newswire-404-1,如果我们将该地区视为政治对抗地区，我们将犯一个大错误。
sentence2phrase.train-newswire-404-2,一个地区的政治对抗
sentence2phrase.train-newswire-405-1,卫生部长彼得·科尔曼表示，叛乱分子攻入首都，造成约 300 人死亡、1000 人受伤。
sentence2phrase.train-newswire-405-2,肆意破坏、叛乱致死
sentence2phrase.train-newswire-406-1,我要感谢报告员的报告。
sentence2phrase.train-newswire-406-2,由帕拉西奥女士担任主席的委员会
sentence2phrase.train-newswire-407-1,截至昨天中午，房地美股价下跌超过 16%，至 50.18 美元。
sentence2phrase.train-newswire-407-2,房地美股价
sentence2phrase.train-newswire-408-1,转让金额为 1.75 亿欧元，我们预计比预期多 2500 万欧元。
sentence2phrase.train-newswire-408-2,糟糕的估计
sentence2phrase.train-newswire-409-1,中银香港首席执行官刘金宝上个月突然调任北京。
sentence2phrase.train-newswire-409-2,中银香港首席执行官刘金宝突然调任
sentence2phrase.train-newswire-410-1,委员会还需要开展大量与区域渔业组织框架内举行的谈判有关的工作。
sentence2phrase.train-newswire-410-2,打击严重有组织犯罪
sentence2phrase.train-newswire-411-1,主席女士，我已提及我过去曾出海。
sentence2phrase.train-newswire-411-2,总统海盗冒险
sentence2phrase.train-newswire-412-1,因此，这意味着委员会只会在法规含义范围内部署其可以使用的法律援助。
sentence2phrase.train-newswire-412-2,委员会对可用律师的预期用途
sentence2phrase.train-newswire-413-1,我们知道，委员会对亚欧会议高度重视，我们对此给予全力支持。
sentence2phrase.train-newswire-413-2,全力支持亚欧会议
sentence2phrase.train-newswire-414-1,海洋环境的跨境性质意味着一个地区的污染可能影响更广泛的地区，因此需要在意外海洋污染领域建立全共同体合作框架。
sentence2phrase.train-newswire-414-2,海洋污染影响
sentence2phrase.train-newswire-415-1,其中一名妇女向一家处理强迫婚姻案件的非营利组织报告了自己的情况，随后她们于 10 月 25 日获释。
sentence2phrase.train-newswire-415-2,非营利组织为摆脱强迫婚姻而奋斗
sentence2phrase.train-newswire-416-1,我代表一些种植者，因此我确实非常担心。
sentence2phrase.train-newswire-416-2,忧心忡忡的农民
sentence2phrase.train-newswire-417-1,安理会没有收到这封信的副本，但主席团当然已回复杰姆先生，并向所有成员国通报了回复的内容。
sentence2phrase.train-newswire-417-2,总统的回应
sentence2phrase.train-newswire-418-1,目前，我本人和我的办公室的工作重点是限制当事人与未来法庭之间的距离可能产生的影响。
sentence2phrase.train-newswire-418-2,努力改善双方和未来法庭之间的关系
sentence2phrase.train-newswire-419-1,年仅 66 岁的布鲁克斯于 2003 年 8 月 11 日星期一在他的家乡明尼苏达州的一场车祸中丧生。
sentence2phrase.train-newswire-419-2,危险的明尼苏达州道路
sentence2phrase.train-newswire-420-1,欧盟对科什图尼察总统上台作出积极反应是正确的。
sentence2phrase.train-newswire-420-2,好总统
sentence2phrase.train-newswire-421-1,我想提醒大家，在航空安全方面，欧洲和北美所支付的赔偿金额与其他国家所支付的赔偿金额并不相同。
sentence2phrase.train-newswire-421-2,现代化等提升地位的术语
sentence2phrase.train-newswire-422-1,报告员旨在欧洲范围内协调一致的建议只能是积极的。
sentence2phrase.train-newswire-422-2,协调建议
sentence2phrase.train-newswire-423-1,主席先生，我们今年三月通过了有关载人索道装置的指令。
sentence2phrase.train-newswire-423-2,连接和电缆
sentence2phrase.train-newswire-424-1,我相信今天早上我们在比亚里茨讨论欧洲理事会时达夫先生也在场。
sentence2phrase.train-newswire-424-2,讨论欧洲理事会
sentence2phrase.train-newswire-425-1,该连锁店自 1999 年底以来一直处于新的管理之下，拥有 3 400 多家商店，年收入达 158 亿美元。
sentence2phrase.train-newswire-425-2,年收入近160亿
sentence2phrase.train-newswire-426-1,修改该指令以更加严格地适用和协调立法，特别是在选择接受检查的船舶和不同类型选择的范围方面，显然是一个积极的步骤。
sentence2phrase.train-newswire-426-2,积极的行动
sentence2phrase.train-newswire-427-1,需要注意的是，这种不同的权利无非是平等原则的体现，这也要求对任何不同的事物进行区别对待。
sentence2phrase.train-newswire-427-2,需要等量牛奶和水的食谱
sentence2phrase.train-newswire-428-1,主席先生，我感谢专员在海事安全领域的持续承诺。
sentence2phrase.train-newswire-428-2,申请会员资格
sentence2phrase.train-newswire-429-1,我确实感谢基督教民主党以及自由党集团的一部分对这项旨在遏制所有飞机噪音的具体修正案的支持。
sentence2phrase.train-newswire-429-2,自由主义者反对飞机噪音
sentence2phrase.train-newswire-430-1,法拉利车手费利佩·马萨 (Felipe Massa) 连续第三年在土耳其伊斯坦布尔的伊斯坦布尔赛车场赢得国际汽联一级方程式 2008 年汽油奥菲西土耳其大奖赛杆位。
sentence2phrase.train-newswire-430-2,伊朗核协议正式生效
sentence2phrase.train-newswire-431-1,我们有时甚至想知道，周期性市场危机本身在多大程度上可能不是由这些企业结构的投机行为造成的，这些企业结构为了自身利益而逐渐控制了该行业。
sentence2phrase.train-newswire-431-2,向委员会提出关于第 4 条的简短问题
sentence2phrase.train-newswire-432-1,加拿大刚刚决定同性婚姻合法化，他们非常希望马萨诸塞州高等法院在几周内采取类似的步骤。
sentence2phrase.train-newswire-432-2,欧洲期货交易所美国站的绝大多数交易
sentence2phrase.train-newswire-433-1,此外，在2000年10月4日通过的关于欧盟石油供应的通讯中，欧盟委员会表示，它计划在哥德堡欧洲理事会上提出一项节约能源和促进能源多样化的计划，这将有助于提高能源效率，特别是在建筑和交通领域。
sentence2phrase.train-newswire-433-2,节能
sentence2phrase.train-newswire-434-1,昨天，阿富汗各地爆发了一年多来最严重的暴力事件，造成至少 61 人死亡、数十人受伤。
sentence2phrase.train-newswire-434-2,当炸弹在附近爆炸时
sentence2phrase.train-newswire-435-1,主席先生，我和我在此结束的问题是，是否有一个解决方案能够比总统在其声明中提出的方案施加更大的压力，以及我们将提供的援助是否将与美国完全不同，换句话说，不是用于作物喷洒，而是用于作物替代，也是用于社会而非军事目的。
sentence2phrase.train-newswire-435-2,向总统请求援助农作物替代并解决军事和社会问题
sentence2phrase.train-newswire-436-1,其次，我想说的是，法国法律有权没收或冻结特定公司的资产，以补偿损失或其他任何损失，并且可以根据现行国际碳氢化合物污染立法规定的客观标准确定超出规定的责任。
sentence2phrase.train-newswire-436-2,一定的悲观主义
sentence2phrase.train-newswire-437-1,首先，关于向议会和预算控制委员会提交年度报告的程序，我很高兴听到议员们保证今年的情况比以往更加令人满意。
sentence2phrase.train-newswire-437-2,通过字母看起来更好
sentence2phrase.train-newswire-438-1,很遗憾地告诉您，我对您的答复不满意。
sentence2phrase.train-newswire-438-2,复杂而困难
sentence2phrase.train-newswire-439-1,BEA Systems Inc.（BEAS.O）周四表示，由于商业软件整体市场萎缩，收入增长，第二季度利润增长 28%。
sentence2phrase.train-newswire-439-2,竞争对手的声明
sentence2phrase.train-newswire-440-1,相反，我们必须为一个致力于欧洲机构开放、高效和有效民主控制的议会而努力。
sentence2phrase.train-newswire-440-2,议会对欧洲机构的控制
sentence2phrase.train-newswire-441-1,他的最后一篇文章链接到他在紧闭的门上的海报。
sentence2phrase.train-newswire-441-2,门海报
sentence2phrase.train-newswire-442-1,我知道这份报告以及议会即将在解除程序方面开展的工作将有助于提高社区支出方面的警惕性。
sentence2phrase.train-newswire-442-2,监控石油价格
sentence2phrase.train-newswire-443-1,主席女士、专员、女士们、先生们，我今天特别渴望与你们一起参加欧洲议会关于第一个海事一揽子计划的辩论，因为你们将审查三个重要的文本，这些文本是解决最近发生的事件不幸成为头条新闻的问题的关键一步。
sentence2phrase.train-newswire-443-2,所有主要利益相关者
sentence2phrase.train-newswire-444-1,7 月 7 日被判刑时，他将因联邦指控而面临额外 25 年监禁。
sentence2phrase.train-newswire-444-2,因联邦指控而被额外判处二十五年监禁
sentence2phrase.train-newswire-445-1,多斯·雷斯定于今天上午在丹伯里高等法院被判一级过失杀人罪和二级性侵犯罪。
sentence2phrase.train-newswire-445-2,一级过失杀人和二级性侵犯定罪
sentence2phrase.train-newswire-446-1,瑞安航空告诉飞行员，任何签署“所谓的安全请愿书”的人都可能被驳回。
sentence2phrase.train-newswire-446-2,飞机餐
sentence2phrase.train-newswire-447-1,我们认为，在这种情况下，业界不应承担制造商根据产品安全法例承担的责任。
sentence2phrase.train-newswire-447-2,健康和安全法
sentence2phrase.train-newswire-448-1,警方周五建议居民不要单独前往便利店并保持警惕。
sentence2phrase.train-newswire-448-2,寻找嫌疑人
sentence2phrase.train-newswire-449-1,昨天在日内瓦，伊朗和P5+1国家——联合国安理会五个常任理事国；美国、英国、中国、法国和俄罗斯；加上德国——就伊朗核浓缩计划达成了一项为期六个月的协议。
sentence2phrase.train-newswire-449-2,核浓缩协议
sentence2phrase.train-newswire-450-1,迄今为止，自从在德洛尔先生的主持下成立了最远地区跨部门小组以来，我们已经走过了漫长而富有成效的道路，我必须向那些主持该小组的人表达来自最远地区的欧洲人最深切的谢意。
sentence2phrase.train-newswire-450-2,漫长的旅程带来成熟的冒险
sentence2phrase.train-newswire-451-1,议会支持了委员会关于建立欧洲重建机构的提议。
sentence2phrase.train-newswire-451-2,支持的提案
sentence2phrase.train-newswire-452-1,我想提醒大家，卡计划的主要优先事项是加强民主和法治、经济发展和重建以及区域合作方面的机构。
sentence2phrase.train-newswire-452-2,改善国家
sentence2phrase.train-newswire-453-1,他在这里的象征性存在可以为我们正在推行的总体政策开辟前景。
sentence2phrase.train-newswire-453-2,专员出席的重要性
sentence2phrase.train-newswire-454-1,计划在未来几周内发布新的安装程序应用程序。
sentence2phrase.train-newswire-454-2,应用首映
sentence2phrase.train-newswire-455-1,许多受影响的国家，如哥伦比亚和厄瓜多尔，被认为对政府实现西半球稳定的努力至关重要。
sentence2phrase.train-newswire-455-2,地区政治稳定
sentence2phrase.train-newswire-456-1,这就是为什么我支持呼吁在新技术领域采取具体步骤的修正案。
sentence2phrase.train-newswire-456-2,快速移动技术
sentence2phrase.train-newswire-457-1,值得指出的是，根据坦佩雷欧洲理事会的结论，相互承认刑事判决的原则必须能够加强成员国之间的合作，同时加强对人权的保护。
sentence2phrase.train-newswire-457-2,保护人权
sentence2phrase.train-newswire-458-1,我相信这些意图总体上令人非常放心，但现实是我们的造船厂正在关闭。
sentence2phrase.train-newswire-458-2,尽管初衷是好的，但造船厂的消亡
sentence2phrase.train-newswire-459-1,恳请您耐心听听答案。
sentence2phrase.train-newswire-459-2,大声说话
sentence2phrase.train-newswire-460-1,首先，关于数字内容的社会和文化功能，委员会对议会强调数字内容的社会和文化层面表示欢迎。
sentence2phrase.train-newswire-460-2,数字社交媒体
sentence2phrase.train-newswire-461-1,布什总统签署了一份豁免书，豁免了 22 个国家，因为它们已经签署但尚未批准豁免协议。
sentence2phrase.train-newswire-461-2,布什总统签署法律
sentence2phrase.train-newswire-462-1,既然如此，分配给科索沃的资金水平并非没有问题。
sentence2phrase.train-newswire-462-2,放债
sentence2phrase.train-newswire-463-1,他的下一部剧《成功会毁掉岩石猎人吗？》一部讽刺好莱坞的作品，在百老汇上演了一年多。
sentence2phrase.train-newswire-463-2,美国最大的学生贷款机构
sentence2phrase.train-newswire-464-1,为此，要着力解决失业等重大社会问题。
sentence2phrase.train-newswire-464-2,技术的快速发展
sentence2phrase.train-newswire-465-1,原则上，这就是第 36 号修正案背后的想法，尽管我认为这个想法尚未得到充分发展。
sentence2phrase.train-newswire-465-2,重新审查对第 36 条修正案的好处
sentence2phrase.train-newswire-466-1,我们已接到指示，要大力起诉这些诽谤诉讼。
sentence2phrase.train-newswire-466-2,制造商的说明
sentence2phrase.train-newswire-467-1,阿克塞尔罗德的女儿尼娜阿克塞尔罗德说，阿克塞尔罗德在洛杉矶的家中睡觉时死于心力衰竭。
sentence2phrase.train-newswire-467-2,一个多小时
sentence2phrase.train-newswire-468-1,如果有人需要说服力，只要看看证据就可以了。
sentence2phrase.train-newswire-468-2,令人信服的图表
sentence2phrase.train-newswire-469-1,参议院少数党领袖、民主党议员汤姆·达施勒 (Tom Daschle) 表示，如果它没有坏，就不要修理它。 “我没有看到太多破损。”
sentence2phrase.train-newswire-469-2,参议院少数党领袖汤姆·达施勒
sentence2phrase.train-newswire-470-1,我特别高兴的是，我们能够保障去年底决定的“苏格拉底、青年和文化2000”计划的融资。
sentence2phrase.train-newswire-470-2,可用于编程的资金
sentence2phrase.train-newswire-471-1,弗罗斯特多才多艺，在严肃的政治新闻以及轻松的娱乐和喜剧方面都充满信心，并在 60 年代中期主持了小品节目《弗罗斯特报告》。
sentence2phrase.train-newswire-471-2,20世纪60年代的报纸编辑
sentence2phrase.train-newswire-472-1,主席先生，我非常欢迎这个电子内容节目，并想谈一下它的两个方面。
sentence2phrase.train-newswire-472-2,解决议会问题
sentence2phrase.train-newswire-473-1,必须向不合标准的船舶发出明确的信号，表明我们不会容忍它们进入欧洲水域或欧洲港口。
sentence2phrase.train-newswire-473-2,人道主义援助
sentence2phrase.train-newswire-474-1,我认为他永远不会从这件事中完全康复。
sentence2phrase.train-newswire-474-2,个人康复
sentence2phrase.train-newswire-475-1,我们的权利宣言是本世纪的第一次。
sentence2phrase.train-newswire-475-2,维权运动
sentence2phrase.train-newswire-476-1,主席先生，自埃里卡号油轮解体以来，在政治压力下，政府制定了一系列措施，以提高船舶的海上安全。
sentence2phrase.train-newswire-476-2,提高海上船舶的安全
sentence2phrase.train-newswire-477-1,该机构能够在政府关闭期间保持开放，因为它是由美联储资助的。
sentence2phrase.train-newswire-477-2,政府问题
sentence2phrase.train-newswire-478-1,根据今晚播出的 BBC 全景调查，英国主要慈善机构 Comic Relief 已向武器、酒精和烟草公司投资。
sentence2phrase.train-newswire-478-2,在德国国家足球队担任前锋
sentence2phrase.train-newswire-479-1,美国军服的其他变化计划在今年年底前进行。
sentence2phrase.train-newswire-479-2,美国军服
sentence2phrase.train-newswire-480-1,此外，SEM的创建并没有解决8项大量行政资源之间持续不匹配的问题。
sentence2phrase.train-newswire-480-2,向第三国开放系统
sentence2phrase.train-newswire-481-1,坟墓的开放将使调查人员能够重建 821 年前去世的葡萄牙第一位国王的生物学特征。
sentence2phrase.train-newswire-481-2,第一位进行生物学分析的葡萄牙国王
sentence2phrase.train-newswire-482-1,一方面，最大的生产商或与下游加工工业整合的生产商将远离这一措施，而更喜欢他们已经拥有的系统：个人储蓄；银行贷款和再分配资金。
sentence2phrase.train-newswire-482-2,明年初
sentence2phrase.train-newswire-483-1,他的家人悲痛欲绝，在这个困难时刻请求隐私。
sentence2phrase.train-newswire-483-2,家庭团聚
sentence2phrase.train-newswire-484-1,投票将于明天晚上 11 点 30 分进行。
sentence2phrase.train-newswire-484-2,明天的投票
sentence2phrase.train-newswire-485-1,因此，北约有责任采取其认为必要的措施，防止此类事故再次发生。
sentence2phrase.train-newswire-485-2,北约对事故的反应
sentence2phrase.train-newswire-486-1,但由于对今年晚些时候经济反弹的希望，股市在过去 3-1/2 个月大幅上涨。
sentence2phrase.train-newswire-486-2,希望有更好的财务状况
sentence2phrase.train-newswire-487-1,曼昆说，我认为未来两年你会看到就业机会大幅增长。
sentence2phrase.train-newswire-487-2,GDP持续增长和制造业振兴
sentence2phrase.train-newswire-488-1,新预算中最困难的问题涉及外部行动。
sentence2phrase.train-newswire-488-2,准确的预算
sentence2phrase.train-newswire-489-1,目前正在制定保障条款，如果克莱格先生需要背景论据以便与甜菜种植者交谈，我将向他提供这些论据。
sentence2phrase.train-newswire-489-2,克莱格先生与甜菜种植者之间的争论
sentence2phrase.train-newswire-490-1,一些人认为，在不就基本价值观和原则达成一致的情况下，有可能在欧洲创建一个内部市场。
sentence2phrase.train-newswire-490-2,建立没有共同点的内部市场
sentence2phrase.train-newswire-491-1,事实上，无论我们喜欢与否，欧元一年来都发生了这样的情况。
sentence2phrase.train-newswire-491-2,欧元不可改变的可能性
sentence2phrase.train-newswire-492-1,这是一个温和的提议，因为斯堪的纳维亚半岛已经制定了比 2012 年提议的标准更严格的标准。
sentence2phrase.train-newswire-492-2,国外有严格的规定
sentence2phrase.train-newswire-493-1,全美航空公司在一份新闻稿中表示，庞巴迪和巴西航空工业公司将在 2006 年 9 月之前分别交付 85 架飞机。
sentence2phrase.train-newswire-493-2,庞巴迪和巴西航空工业公司交付的 85 架喷气式飞机
sentence2phrase.train-newswire-494-1,主席先生、女士们、先生们，我们最近与审计法院达成了一项协议，根据该协议，我们将能够在完全保密的基础上从法院的年度报告中获得预先信息，并且我们还同意我们将对此保持谨慎。
sentence2phrase.train-newswire-494-2,法律保密
sentence2phrase.train-newswire-495-1,今年 4 月是第二高的月份，共收到 493 起投诉，超过了去年 5 月的 488 起投诉。
sentence2phrase.train-newswire-495-2,复活节投诉
sentence2phrase.train-newswire-496-1,80%以上的事故与人为失误有关，但人为失误是有原因的，这些原因本质上是社会性的。
sentence2phrase.train-newswire-496-2,人为失误造成的事故
sentence2phrase.train-newswire-497-1,当相关时，从审计的角度来看，我们会提及所有必须提及的内容。
sentence2phrase.train-newswire-497-2,审计涵盖不可提及的事项
sentence2phrase.train-newswire-498-1,面对海上运输灾难性的无政府状态，欧洲已经接受了挑战，并且在“埃里卡”号失事仅 11 个月后，就能够宣布前所未有的快速制定程序。
sentence2phrase.train-newswire-498-2,欧洲的现代化和海运的改进
sentence2phrase.train-newswire-499-1,我毫不怀疑委员会将向理事会提交的提案将具有这些品质。
sentence2phrase.train-newswire-499-2,婚礼的钟声
sentence2phrase.train-newswire-500-1,我确实认为报告员在这里所做的事情是一项辉煌的成就；它显示了当您着眼于特定目标时您可以通过管理做什么，并且该目标在此处明确指定。
sentence2phrase.train-newswire-500-2,基本规则具有足够的灵活性
paragraph2sentence.train-travel-1-1,小圣朱利安勒保罗 (Little St-Julien-le-Pauvre) 是早期哥特式建筑的瑰宝，其历史可追溯至 1165 年至 1220 年间，经常举办室内乐和宗教音乐演奏会。圣朱利安的香火飘逸，弥撒用希腊语或阿拉伯语进行弥撒（这座教堂属于希腊东正教的梅尔奇特教派），在中东餐馆云集的地区，圣朱利安并不显得格格不入。圣雅克街对面矗立着一座建于 13 至 15 世纪、华丽的哥特式圣塞维林教堂，据说但丁曾在教堂里祈祷过，而圣桑则被要求成为名誉管风琴师。
paragraph2sentence.train-travel-1-2,现场烧制的砖块是山谷的主要建筑材料。
paragraph2sentence.train-travel-2-1,城堡旁边是令人印象深刻的锡尔维什哥特式旧大教堂，由解放的十字军于 13 世纪建造，其中一些人埋葬在其中。祭坛后面隐藏着一座摩尔清真寺的遗迹。 Sé 对面是 16 世纪的 Igreja da Misericórdia，拥有经典的曼奴埃尔风格侧门。
paragraph2sentence.train-travel-2-2,在十字军东征期间，葡萄牙十字军经常将清真寺夷为平地，并在上面建造教堂，锡尔维什的塞维尔哈就是如此，该清真寺的祭坛后面隐藏着一座摩尔人清真寺。
paragraph2sentence.train-travel-3-1,曼萨尼约最初因其出色的捕鱼能力而吸引了国际游客的兴趣。一年一度的重要钓鱼比赛促使人们建造了简陋的酒店和公寓。 20 世纪 70 年代，随着新机场的开发，马伊瓦俱乐部 (Club Maeva) 和拉斯哈达斯 (Las Hadas) 度假村以其引人注目的摩尔式设计，开始带来源源不断的游客。随后，由博·德里克和达德利·摩尔主演并在拉斯哈达斯拍摄的电影《十》让曼萨尼约成为人们关注的焦点。
paragraph2sentence.train-travel-3-2,附近的 Calle Pío Rosado 上的埃米利奥百加得博物馆 (Museo Emilio Bacardí) 拥有广泛的艺术、考古和近期历史藏品（包括少量奇形怪状的木乃伊藏品）。
paragraph2sentence.train-travel-4-1,沿着地标性水塔旁边是一个很棒的露天剧院，在夏季举办音乐会、歌剧和芭蕾舞表演。附近有一座 13 世纪的多米尼加修道院遗址，该修道院由国王贝拉四世创建。他让 11 岁的女儿玛吉特在这里入学，以兑现他在蒙古入侵时生还的誓言。玛吉特公主（后来成为圣人）在岛上度过了余生。后来它以她的名字命名。她的墓地有一块大理石牌匾。
paragraph2sentence.train-travel-4-2,蒙古入侵后，国王贝拉四世兑现了他的誓言，如果他幸存的话，他的女儿玛吉特会加入修道院，她在修道院的岛上度过了余生，最终成为圣玛吉特，并以她的名字命名了修道院的岛屿。
paragraph2sentence.train-travel-5-1,大多数远离公海的海滩都有划艇、独木舟或脚踏船，按小时出租。经验丰富的水手如果想要寻找更适合航海的船只，应该向当地的游艇港口询问。在阿尔加维，Praia de Luz、Quinta do Lago 和 Portimão 提供小艇和航海指导。对于更大的船只，可以尝试维拉摩拉 (Vilamoura) 或卡沃埃罗俱乐部 (Carvoeiro Club) 的码头。阿尔加维沿岸的几乎每个定居点都可以乘船游览。
paragraph2sentence.train-travel-5-2,乘船巡游提供了一种无忧无虑的方式来享受葡萄牙阿尔加维海岸，而想要近距离探索海港的冒险家则可以选择划艇和独木舟。
paragraph2sentence.train-travel-6-1,少林为更具冒险精神的人提供了另一种享受。它位于嵩山山脉西麓，是传统上被视为中华帝国中心中央山脉的山脉的一部分。现在，缆车可以载着游客到达山顶，那里有丰富的徒步路线，少林寺建筑群和河南广阔的沙漠平原的景色令人印象深刻。在山脉的另一侧，300 m（1 000 英尺）高的陡峭石墙耸立在平原上，一系列的小道和雕刻的小径蜿蜒穿过古老的寺庙和亭阁，进入远处的寂静和空旷。
paragraph2sentence.train-travel-6-2,游客可以乘坐缆车到达山顶，欣赏绵长的徒步小径，欣赏沙漠和少林寺无与伦比的景色。
paragraph2sentence.train-travel-7-1,Voulisméni 湖通过人工河道与大海相连。穿过河口的公路桥就是主要的旅游办公室，再往前就是海港和港口。这里的海风常常使漫步比湖边凉爽。从港口出发，您可以乘坐 caïque（色彩缤纷的小木船）游览附近的景点，尤其是史宾纳隆加岛。
paragraph2sentence.train-travel-7-2,沿着海滨向西步行一小段路，您就会到达正在整修的多米尼加修道院 Áyios Pétros（圣彼得）的遗迹，再往前走就是克里特岛历史博物馆，坐落在一座非凡的建筑中——一半是威尼斯豪宅，一半是现代玻璃建筑。
paragraph2sentence.train-travel-8-1,南京博物院始建于1933年，位于城墙东部主要门户——中山门内。在从史前时代到帝国末期的艺术和文物中，博物馆展示了色彩缤纷的古代陶器、优雅的雕像以及具有 2000 年历史的著名玉质陪葬服。
paragraph2sentence.train-travel-8-2,黄杨木、桃花心木或竹屏风、椅子和柜子，雕刻精美，再现了旧中国的氛围。
paragraph2sentence.train-travel-9-1,观看小鸟（和海豚）。岛上有几个动物/鸟类公园，特内里费岛的鹦鹉公园、大加那利岛的帕尔米托斯公园或兰萨罗特岛的吉纳特热带公园都在本指南的“去哪儿”部分中有介绍。其他公园包括拉斯阿吉拉斯公园、洛斯克里斯蒂亚诺斯公园、阿罗纳公园（特内里费岛），顾名思义，这里有老鹰表演、各种其他鸟类和动物，以及新的丛林突袭，所有年龄段的孩子都可以在其中克服各种障碍。
paragraph2sentence.train-travel-9-2,大一点的孩子肯定会对保存在拉斯帕尔马斯加纳里奥博物馆和特内里费岛圣克鲁斯考古博物馆保存的关切头骨、骷髅和木乃伊着迷。
paragraph2sentence.train-travel-10-1,瓜尔达拉瓦卡（Guardalavaca）附近有很多游览的机会。西边是巴里亚湾，那里有一座纪念碑，声称哥伦布登陆（这一事实主要受到更东边的巴拉科阿的质疑）。海湾之外是吉巴拉（Gibara）（奥尔金以北 27 公里/17 英里），这是一个迷人但沉睡的港口小镇。您可以乘船前往纳兰霍湾中部的一个简单的水族馆，在那里您可以与海豚一起游泳。
paragraph2sentence.train-travel-10-2,750 000 册藏品令人惊叹，这座 1849 年建筑的内部装饰也非常精美，里面陈设精美，有古董、本杰明·富兰克林、丹尼尔·韦伯斯特等人的半身像，以及约翰·辛格·萨金特和吉尔伯特·斯图尔特的几幅画作。
paragraph2sentence.train-travel-11-1,茶馆池塘是中国古城（南市）的一角，这里曾经被视为欧洲游客的危险地带。您可能仍然会迷失在这片迷宫般的后街中，让人想起北非的露天市场，但其中大部分已经被装修得雅致起来，变成了豫园购物中心。这里仍然保留着旧集市时代的商店，出售筷子、药品、竹扇、丝绸和香。
paragraph2sentence.train-travel-11-2,位于中国古城（南市）的豫园购物中心最近经过翻新，比在该地区迷宫般的后街购物更方便游客导航。
paragraph2sentence.train-travel-12-1,使徒保罗于公元后到达。 59 与他的门徒提图斯在一起，他留下了提图斯，让岛上的居民皈依基督教。提图斯在与克里特人的异教信仰作斗争时遇到了困难，并因他的过度热心努力而殉道。但基督教最终取得了胜利，成为今天强大的东正教，提图斯成为克里特岛的守护神。
paragraph2sentence.train-travel-12-2,伊拉克利翁（威尼斯统治下称为坎迪亚，整个克里特岛）、哈尼亚和雷西姆农的港口和防御工事都自豪地装饰着圣马可狮子，见证了威尼斯人雄心勃勃的公共建筑计划。
paragraph2sentence.train-travel-13-1,从墙壁上可以直接看到 Igreja de Santa Maria do Castelo（城堡圣玛丽教堂），该教堂很可能建在旧清真寺的遗址上。哥特式大门是该建筑中唯一在 1755 年毁灭性地震中幸存下来的 13 世纪原始部分。圣坛内有 Dom Paio Peres Correia 的大墓，他于 1242 年将摩尔人赶出塔维拉。
paragraph2sentence.train-travel-13-2,圣玛丽亚城堡教堂 (Igreja de Santa Maria do Castelo) 建在清真寺的位置上，有两个重要的建筑特色：哥特式大门，这是该建筑唯一在 1755 年地震中幸存下来的原始部分，以及一座在 13 世纪将塔维拉从摩尔人手中解放出来的 Dom Paio Peres Correia 的坟墓。
paragraph2sentence.train-travel-14-1,百慕大联合党领导下的政治现状一直持续到1998年11月，PLP（进步工党）在大选中意外获得压倒性胜利。这不仅让守旧派感到惊讶，而且随着这个岛国跟上快速变化的世界的步伐，迎来了一个充满发展机遇的新时代。挑战包括环境和住房问题以及失业问题，这些问题在现代百慕大直到 20 世纪最后几年才出现。积极的长期解决方案将确保百慕大继续享受它为自己创造的财富、安全和舒适。
paragraph2sentence.train-travel-14-2,百慕大进步工党支持许多进步事业，包括环境问题、住房和失业问题，这有助于为该岛的持续繁荣做好准备。
paragraph2sentence.train-travel-15-1,1522 年，胡安·阿尔瓦雷斯·奇科 (Juan Alvarez Chico) 宣称锡瓦塔塔内霍 (Zihuatanejo) 为西班牙王冠。这座城镇和港口在殖民时期几乎没有活动，安静地沉睡着，停泊着几艘丢失的大帆船和海盗船，它们碰巧停下来修理或补给。当地传说有一艘这样的船在从中国返回时丢失了数百卷丝绸。丝绸后来被冲上岸的海滩被命名为“La Ropa”（“衣服”）。
paragraph2sentence.train-travel-15-2,西班牙在 16 世纪声称对锡瓦塔塔内霍拥有主权，但在殖民时期，除了几艘任性的大帆船和海盗船需要修理外，这座小镇几乎没有人来访。据报道，其中一艘丢失了数百个丝卷，这些丝卷后来被冲上岸，小镇附近的海滩因此得名“拉罗帕”（“衣服”）。
paragraph2sentence.train-travel-16-1,浪漫博物馆 (Museu Romantic) 展示了 18 世纪富裕时期的家具和装备，以及一大群古董娃娃。山坡和小巷里都是巴塞罗那富裕家庭的别墅，而海滩和火车站之间的街道则适合美食和嬉戏。暮春时节，街道上铺满了鲜花，迎接科珀斯克里斯蒂的游行。锡切斯是西班牙最大的同性恋社区之一的所在地，全年都吸引着同性恋旅行者，尤其是在狂欢节期间。同性恋和裸体海滩就位于城镇海滩之外。
paragraph2sentence.train-travel-16-2,院落的墙壁上装饰着方丈和游击队员的照片和画作；一间房间里有一张 1866 年事件的作战计划地形图。
paragraph2sentence.train-travel-17-1,另一个宁静的地方是锦河南岸公园内的望江楼。这里生长着100多种竹子。与成都其他传统公园一样，这里有亭台楼阁、假山花园、池塘和绿荫小径。建议在位于成都西北 57 公里（35 英里）处的都江堰灌溉系统现场观看不同类型的河流。这个雄心勃勃的灌溉和防洪工程建于公元前三世纪，至今仍在使用。沿岸郁郁葱葱的山丘为工程奇迹提供了诗意的环境。
paragraph2sentence.train-travel-17-2,都江堰灌溉系统始建于公元前三世纪。为了控制锦江洪水，后来的设计师在成都东南部的一个风景公园建造了望江楼等奇观。
paragraph2sentence.train-travel-18-1,虽然这个小镇第一次被提及可以追溯到 1498 年，但这里确实没有什么具有历史意义的东西。小镇本身，尤其是圣米格尔街，商店云集。在圣米格尔的底部，有一系列蜿蜒的楼梯，当然，两旁都是商店，通向 7 公里（近 5 英里）长的黄金海岸线。它由六个海滩组成，由美丽的 Paseo Maritimo（海滩长廊）连接起来，仅被圣克拉拉城堡 (Castillo de Santa Clara) 的岩石海角分隔开来，该海角将城镇的 Bajondillo（东部）和 Carihuela（西部）部分分开。
paragraph2sentence.train-travel-18-2,安特克拉埃尔托卡尔国家公园是一片高石灰岩高原，被雨水侵蚀，形成了充满凹槽尖峰和塔楼的奇幻景观。
paragraph2sentence.train-travel-19-1,科斯塔布兰卡 (Costa Blanca) 以其壮丽的海滩和热闹的度假村而闻名于北部海岸。从阿利坎特乘坐 N-332 公路，经坎佩洛 (Campello) 到达比利亚霍约萨 (Villajoyosa) 渔港。这个风景如画的村庄距离省会约 30 公里（18 英里），比邻国贝尼多姆更具西班牙特色。
paragraph2sentence.train-travel-19-2,由于其核心工人阶级，比利亚霍约萨渔村保留了更多的经典西班牙特色。
paragraph2sentence.train-travel-20-1,作为一种本质上 19 世纪的现象，上海成熟得太晚，无法对中国古典艺术或文化做出贡献。如果这里的历史古迹相对较少，并不意味着这座城市缺乏景点。在上海，人们的兴趣转向了战前不受约束的资本主义遗迹以及这座城市的当代活力和风格。
paragraph2sentence.train-travel-20-2,中国的表演将娱乐性与启迪性结合在一个闪闪发光的组合中，很少有西方表演者能够负担得起。
paragraph2sentence.train-travel-21-1,14 世纪的卡尔莫教堂 (Igreja do Carmo) 坐落在上城区边缘，是里斯本最令人回味的景点之一，1755 年万圣节那天，可怕的地震导致屋顶倒塌，教堂内挤满了信徒。这座教堂被刻意保留为大气废墟。附近，宏伟的 16 世纪 Igreja de São Roque 设有豪华的巴洛克风格的 São João Baptista（施洗者圣约翰）教堂和小型神圣艺术博物馆。
paragraph2sentence.train-travel-21-2,然而，您不必为了滑雪而去寻找雪地；潘科冰川滑雪中心拥有世界上最长的室内滑雪场。
paragraph2sentence.train-travel-22-1,生态和探险旅游爱好者会觉得自己已经在这里达到了天堂。随着越来越多的游客寻求这些选择，墨西哥冒险旅行和生态旅游协会（AMTAVE；电话：(5) 663-5381，或 www.amtave.com.mx）成立，旨在提供墨西哥各地区最合格的导游和可靠的服务提供商的信息，并可以引导您找到该地区的合格会员。
paragraph2sentence.train-travel-22-2,该镇的主要景点之一是芬迪湾异常潮汐的自然现象，从低潮到高潮的变化为 8 级。
paragraph2sentence.train-travel-23-1,航行：周末和夏季航行非常受雅典人的欢迎，比雷埃夫斯港等拥挤的码头就证明了这一点。整个夏天都会定期举行锦标赛，甚至孩子们也有自己的联赛。有几家公司提供带船员的船只出租，如果您有船长证书，则可以租用“裸船”。联系希腊帆船联合会，Odos Xenofondos 15，电话。 01-3235560了解更多详情。
paragraph2sentence.train-travel-23-2,雅典拥有非常活跃的帆船社区，尤其是在夏季，这里举办成人和儿童锦标赛。
paragraph2sentence.train-travel-24-1,卫城西边矗立着另一座小山丘，现在已被人行道所切割，树木覆盖，在炎热的夏季提供凉爽的阴凉。穿过 Odós Rovertou Gali 并走到 Dionysus 餐厅后面即可到达该区域，可以欣赏到雅典卫城的壮丽景色（这是下午观景的最佳地点），声光秀礼堂也因此设在这里。可以看到几个考古遗址，该地区比卫城本身要少得多。您还会看到坐落在林冠下的 16 世纪教堂 Ayios Dimítrios Loumbardhi。
paragraph2sentence.train-travel-24-2,此后，建造了新的防御墙，其中包括被毁的旧雅典娜神庙和旧帕台农神庙的元素。
paragraph2sentence.train-travel-25-1,作为驾车之外的另一种愉快的选择，您可以乘坐皇家哈德逊 2860 蒸汽火车从温哥华前往斯阔米什，这趟普通的老式河豚列车让您可以近距离欣赏山脉和森林的景色。往返时间为 6 小时，其中包括在斯阔米什停留 2 小时，然后步行前往香农瀑布。您还可以选择海上旅行的其中一段（多 30 分钟）。在彭伯街 (Pember Street) 尽头登上北温哥华的早班火车，然后乘坐 MV Britannia 渡轮从斯阔米什返回，反之亦然，从丹曼街 (Denman Street) 尽头的温哥华海港渡轮码头出发。
paragraph2sentence.train-travel-25-2,从斯阔米什到温哥华的常见观光选择是皇家哈德逊 2860 蒸汽火车，您可以在此欣赏著名的太平洋西北地区的美景，并在途中停留观赏香农瀑布或乘坐 MV Britannia 渡轮进行海上旅行。
paragraph2sentence.train-travel-26-1,19世纪初，拿破仑成功地将葡萄牙拖入欧洲冲突的白热化之中。 1807 年，法国入侵葡萄牙，当时葡萄牙拒绝向英国航运关闭其港口。王室成员乘坐英国船只逃往巴西，英国将军阿瑟·韦尔斯利（后来的威灵顿公爵）反击了入侵。最后一场战斗发生在 1810 年至 1811 年，当时法国人无法通过托雷斯韦德拉什的巨大防御工事，撤回西班牙。
paragraph2sentence.train-travel-26-2,目前布达佩斯甲级足球队中最受欢迎的两支球队是 Kispest-Honvéd 和 Ferencváros。
paragraph2sentence.train-travel-27-1,木雕由多种本土树木制成。其中一些最好的产品是由巴哈马国树木和野生罗望子制成的。尽管动物和鱼类图案似乎占主导地位，但雕刻品的种类繁多，令人眼花缭乱。购买前务必彻底检查商品，因为它们的质量各不相同。如果木材看起来是绿色的，请不要购买——这通常意味着木材未经干燥，并且在干燥时可能会开裂。
paragraph2sentence.train-travel-27-2,野生罗望子是巴哈马的国树，很受当地工匠的欢迎，用于雕刻各种可供购买的小饰品。
paragraph2sentence.train-travel-28-1,1851 年伟大的太平天国起义之后，中国人来到这里，在他们所说的加利福尼亚州的“金山”寻求安全和繁荣。他们既遭受中国企业家的剥削，将他们用作契约劳工，又遭受州立法机关的歧视性税收。然而，待遇最差的是美洲原住民，他们的人数迅速减少，不仅因为疾病和营养不良，还因为 1850 年代加州民兵的系统性屠杀。
paragraph2sentence.train-travel-28-2,您可以乘坐火车或巴士前往几乎所有这些地方，而且航空旅行也相当便宜。
paragraph2sentence.train-travel-29-1,钓鱼：您无需成为专业钓鱼者即可享受轻松的钓鱼一天。几乎所有五岁以上的男性都会坐在海堤上等待被咬，让鱼竿完成所有工作是令人惊奇的放松。或者您也可以租一艘小船，前往更深的水域。请联系位于 Moutsopoulou 码头的业余垂钓者和海上运动俱乐部，电话： 1000 2000。 01-4515731了解更多详情。
paragraph2sentence.train-travel-29-2,钓鱼是当地人喜爱的一种轻松休闲的消遣方式，他们坐在海堤上钓鱼。
paragraph2sentence.train-travel-30-1,在圣十字医院（Hospital de la Santa Creu）哥特式建筑群的旧址上，一座医院和朝圣者避难所矗立了一千年。高迪于 1926 年在此去世。现在的建筑始建于 1401 年。在加泰罗尼亚学院入口处寻找有关圣保罗生平的 16 世纪瓷砖饰带。医院的庭院很宁静，夏天时，橘子树旁有长凳，果实成熟。回廊外的各个大厅都举办艺术和书籍展览。
paragraph2sentence.train-travel-30-2,虽然已有一千年的历史，但目前的医院建筑始建于 1401 年，包含许多精彩的元素，如 16 世纪圣保罗生活的饰带和古色古香的庭院，庭院里有诱人的长凳，夏天还会开满新鲜的橙花。
paragraph2sentence.train-travel-31-1,水车在穆尔西亚地区已经运行了一千多年。您可以在距离穆尔西亚市中心 6 公里（31⁄2 英里）的 La Ñora 看到一处。原来的轮子已被钢轮取代，但摩尔系统在其他方面没有变化。再往前走几公里（几英里），沿 N-340 公路向格拉纳达方向行驶，阿尔坎塔里拉 (Alcantarilla) 的 Museo de la Huerta（农业博物馆）毗邻第二个同样由钢制成的水车。博物馆展品展示了穆尔西亚乡村生活的各个方面，包括传统家具。
paragraph2sentence.train-travel-31-2,水车在穆尔西亚地区已经使用了一千多年，尽管原来的木轮已被钢轮取代（如拉诺拉和拉韦尔塔博物馆），但摩尔人的水车系统基本保持不变。
paragraph2sentence.train-travel-32-1,自第一次鸦片战争（1839-1842）以来，西方国家一直在推动中国开放对外贸易大门。 1860年，第二次鸦片战争期间，英法联军强占北京，强占条约权利。外国代表团、企业和传教士涌入首都，在位于紫禁城东南部的使馆区居住。
paragraph2sentence.train-travel-32-2,经过多年的允许对外贸易的压力，法国在第二次鸦片战争后成功从北京获得了条约权利，释放了大批代表、传教士和商人进入这座城市。
paragraph2sentence.train-travel-33-1,这是一个理想的岛屿，适合穿上步行靴前往乡村。你将会得到丰厚的回报，有偏远的小村庄、隐藏的教堂和乡村生活方式可供探索。尽管克里特岛人很困惑为什么有人会毫无目的而只想享受徒步旅行，但他们真诚地欢迎徒步旅行者。行程范围从轻松平坦的短途步行到陡峭的山地徒步旅行，但不建议在没有导游的情况下进入高峰。
paragraph2sentence.train-travel-33-2,克里特岛的徒步旅行充满了许多值得一看的景点，其中包括隐藏的村庄、教堂和田园风光 - 更不用说您在途中会遇到的与当地人的友好互动。
paragraph2sentence.train-travel-34-1,游客可以选择普通的中国客轮或适合海外游客的更豪华的豪华游轮。中国人使用的河船缺乏装饰、设施和指南。豪华游船收费更高，但提供一系列良好的旅游服务，包括体面的膳食。这些游轮通常部分预留给旅行团，也向独立游客开放，甚至可以通过维多利亚游轮等公司在海外提前预订客舱。
paragraph2sentence.train-travel-34-2,到达那里后，您应该能够算上所有其他加那利群岛，天气好的时候，还可以看到北非。
paragraph2sentence.train-travel-35-1,这片荒凉的山地景观由松树林逐渐稀疏，在湍急的河流上方形成更加干旱、崎岖的峡谷，这是“创造”不列颠哥伦比亚省的先驱国家。从温哥华沿横贯加拿大的高速公路向东行驶，沿着弗雷泽河向北到达其支流汤普森河，您将沿着勇敢的毛皮贸易商从大草原到太平洋的伟大探险路线返回。这也是数以百万计的太平洋鲑鱼往返于海洋和远内陆产卵地之间的必经路线。而且，尽管地形条件恶劣，铁路还是选择了这条路线，运送丰富的木材、采矿——以及第一批游客——穿越非洲大陆。
paragraph2sentence.train-travel-35-2,从温哥华向东行驶，穿过不列颠哥伦比亚省的荒凉山地景观，您不仅可以追溯最初的毛皮贸易商前往太平洋的足迹，还可以追溯太平洋鲑鱼的迁徙之旅和铁路本身。
paragraph2sentence.train-travel-36-1,大清真寺（清真寺）就在拐角处，沿着一条蜿蜒的小巷蜿蜒而行，其历史可追溯至公元 1000 年。 742. 这座宁静而宽敞的建筑群由花园、寺庙和亭台楼阁组成，主要具有中国风格。侧廊里有雕刻精美的家具和屏风。三重檐的内省塔（圣心塔）是一座宣礼塔，西安众多穆斯林少数民族，包括丝绸之路旅行者的后裔，都被召唤到这里祈祷。祈祷厅可容纳1000多人。
paragraph2sentence.train-travel-36-2,西安拥有一个规模庞大的穆斯林社区，其起源于丝绸之路沿线的交流，其中最著名的清真寺清真寺，占地广阔，有中国风格的寺庙和花园，其主祈祷厅可容纳千余人。
paragraph2sentence.train-travel-37-1,烛台、锅碗瓢盆、老式秤、碗和托盘在葡萄牙各地随处可见。 Cataplanas 是一种令人愉悦的装饰性或功能性纪念品。阿尔加维的楼尔镇保留了摩尔人用打制的金属生产炊具的传统。
paragraph2sentence.train-travel-37-2,葡萄牙是弓箭、托盘和烛台等手工且实用的纪念品的宝库，这些纪念品通常是按照古老的摩尔传统制作的。
paragraph2sentence.train-travel-38-1,苏加诺与印度尼西亚共产党的联系导致他被迫放弃大部分权力。只有他在独立斗争中所扮演的光荣角色才使他免于审判。 1968年苏哈托接任总统。
paragraph2sentence.train-travel-38-2,1968年，苏加诺因与印度尼西亚共产党的关系而被迫退位，苏哈托接任巴厘岛总统职务。
paragraph2sentence.train-travel-39-1,邻近的圣马力诺郊区曾经属于铁路大亨亨利·E·亨廷顿（Henry E. Huntington，1850-1927 年），他的精美宅邸现在设有亨廷顿图书馆（牛津路 1151 号）。它收藏的善本包括莎士比亚第一对开本、古腾堡圣经和本杰明·富兰克林自传第一版。最诱人的景点也许是占地 130 英亩（50 公顷）的植物园，拥有宏伟的玫瑰花园、沙漠花园和日本花园。
paragraph2sentence.train-travel-39-2,圣马力诺有两个主要景点：拥有大量藏书的亨廷顿图书馆和占地一百多英亩的植物园（这在洛杉矶地区是罕见的），并包含几个专用于特定风格的花园。
paragraph2sentence.train-travel-40-1,从金庙出发，继续沿着狭窄的小巷走下去，您将来到以五层宝塔为主导的寺庙建筑群——贡比什瓦尔寺庙 (Kumbheshwar Temple)，该寺庙供奉湿婆神，其历史可追溯至 1392 年。寺庙建筑群中的两个池塘据说水源来自喜马拉雅山高处的神圣戈赛昆德湖 (Gosainkund Lake)。夏季，成千上万的信徒来到装饰华丽的湿婆林伽下方的池塘里沐浴。
paragraph2sentence.train-travel-40-2,夏季，湿婆神信徒会来到 Kumbheshwar 寺庙的池塘里沐浴。
paragraph2sentence.train-travel-41-1,博物馆俯瞰东湖，东湖被誉为中国市政公园中最大的湖泊，拥有 33 平方公里（近 13 平方英里）的清澈湖水。划船、游泳和钓鱼在这里很受欢迎。当然，如果没有人工岛、堤道和凉亭，中国的湖泊就不完整，其中一些人工湖还被用作茶馆，根据季节的不同，会开满桃花、梅花、兰花或桂花。
paragraph2sentence.train-travel-41-2,中国湖泊中常见的景观包括人工岛、堤道和亭台楼阁，根据季节的不同，它们也可能成为开满鲜花的茶馆。
paragraph2sentence.train-travel-42-1,荣军院西南侧是军事学院，自 18 世纪中叶起军官们就在这里接受训练。他们以前的阅兵场，广阔的战神广场，现在是一个一直延伸到埃菲尔铁塔的绿色公园。 1780年代这里曾举办赛马活动，1867年至1937年间还举办过五届世界博览会。20世纪，这里已成为左岸最豪华住宅的前草坪。它也很受美国侨民的欢迎，经常可以看到他们在玩触身式橄榄球或垒球比赛。
paragraph2sentence.train-travel-42-2,广阔的战神广场公园一直延伸到埃菲尔铁塔，足够举办五届世界博览会，甚至赛马比赛，也足以吸引外籍人士在其草坪上参加流行的外国运动，如垒球或足球。
paragraph2sentence.train-travel-43-1,利塞镇附近有著名的库肯霍夫花园，这是一座占地 28 公顷（69 英亩）的展示花园，向公众开放。你会发现番红花、风信子和水仙花与郁金香一起盛开，它们的颜色通常只能在你的想象中看到。美丽的风车增强了库肯霍夫的景观，增添了正宗的荷兰风情。还有一家餐厅和一家礼品店，您可以在那里购买球茎、鲜花和其他荷兰纪念品。
paragraph2sentence.train-travel-43-2,它还拥有一些最古老的水道，这些水道曾经对于荷兰殖民世界各地的货物运输非常重要。
paragraph2sentence.train-travel-44-1,北京的两个顶级景点，颐和园和西山，位于首都城市不断扩张的西北部。这是海淀区美丽的丘陵乡村（中国顶尖大学和计算机技术开发商的所在地）。北京西区距离市中心较近，是四大寺庙、北京美术馆和北京动物园的所在地。
paragraph2sentence.train-travel-44-2,紫禁城北门附近是御花园，里面有小亭子、古柏树和复杂的鸟巢，全部建于明朝。
paragraph2sentence.train-travel-45-1,德国青岛在第一次世界大战期间遭遇了奇怪的命运。加入盟军的日本入侵这座城市，囚禁了德国驻军的幸存者，并在战争期间占领了青岛。直到1922年，中国才恢复主权。1949年共产党上台后，工业发展不断向前发展。然而，尽管现在人口已超过400万（包括边远地区），青岛仍然保持着安静的魅力。
paragraph2sentence.train-travel-45-2,日本在第一次世界大战期间入侵青岛，直至战争期间，直到 1922 年才将该地区归还给中国。
paragraph2sentence.train-travel-46-1,在龙目岛，仪式性的战斗很久以前就取代了战争。在十月的 perang ketupet 节上，巴厘岛人和萨萨克人互相投掷煮熟的米饭。大批人群定期聚集在龙目岛的村庄里观看佩雷赛汉比赛，在比赛中，手持藤条手杖和皮盾的男子互相殴打，直到裁判宣布其中一人获胜。
paragraph2sentence.train-travel-46-2,岛屿南端有更多美丽的海滩，但您需要一辆四轮驱动车辆才能到达那里。
paragraph2sentence.train-travel-47-1,好莱坞大道以南是洛杉矶最著名的街道——日落大道。好莱坞和比佛利山庄之间的地带，简称为“拉斯维加斯大道”，仍然是富人、名人、年轻人和时尚人士的游乐场。开车沿着日落大道行驶可能会很危险，因为宣传最新电影和唱片的广告牌可能会让您很难将注意力集中在路上。
paragraph2sentence.train-travel-47-2,洛杉矶最著名的街道日落大道充满了活动和人群，但请注意，如果开车的话，大道上也布满了诱人的动画广告牌，这些广告牌会分散游客司机的注意力！
paragraph2sentence.train-travel-48-1,隋朝（公元 581-618 年）统治下，民族团结和力量得到恢复，这是中国艺术最高成就的短暂前奏。隋朝在汉都故都（今陕西省西安市）附近的长安建立了一座宏伟的新都城。他们还开始修建大运河，将长江流域的水稻种植区与北京连接起来，这是一项可与修建长城相媲美的工程成就。
paragraph2sentence.train-travel-48-2,隋朝极大地改善了国家统一，在长安建立了新城，并开始修建连接北京和长江稻田的大运河。
paragraph2sentence.train-travel-49-1,Diexodos 是一家组织白天或更长时间导游徒步旅行的公司。如果您需要，他们可以提供设备和额外保险。请致电/传真 (0841) 28098 与他们联络。
paragraph2sentence.train-travel-49-2,Diexodos 公司组织一日或多天的带导游的徒步旅行，如果您需要的话，甚至可以为您提供设备和保险。
paragraph2sentence.train-travel-50-1,除了墙上引用《新约》和基督教科学创始人玛丽·贝克·艾迪的名言外，没有任何装饰。老教堂里有一些彩色玻璃窗，里面还有创始人玛丽·贝克·艾迪的椅子。她只向会众发表了两次讲话，因为她希望避免任何个人偶像崇拜。强烈推荐跟团游览（只有跟团才能参观原来的教堂）。
paragraph2sentence.train-travel-50-2,这座教堂只能在导游的带领下参观，教堂本身的墙壁和老教堂的彩色玻璃窗上装饰着一些新约经文。
paragraph2sentence.train-travel-51-1,贝拉阿尔塔的东北部是贫瘠的 Planalto 高原（“高原”），这是一个荒凉、寒冷、人烟稀少的地区，但其重要性足以让葡萄牙和西班牙争夺。高原的偏僻吸引了许多逃离宗教裁判所的犹太人。特兰科索（瓜尔达以北 43 公里/26 英里）的城墙小镇充满气氛，犹太房屋门口上方的石雕记录了这一遗产。从数英里之外，您可以看到唐·迪尼斯 (Dom Dinis) 为加强与西班牙的边境而建造的坚固的城墙和坚固的要塞。
paragraph2sentence.train-travel-51-2,令人意想不到的便宜货是各种款式和颜色的羊绒毛衣。
paragraph2sentence.train-travel-52-1,在济南的众多泉水中，最有历史渊源的就是趵突泉。正是从17世纪的这个泉水开始，清朝康熙皇帝喝了一口，并称其为“天下第一泉”。现在它周围是一个精心设计的景观公园。步行不远便可到达黑虎泉，泉水甘甜，从黑石崖壁上雕刻的三只老虎的嘴里喷涌而出。
paragraph2sentence.train-travel-52-2,趵突泉公园的历史可以追溯到 17 世纪，当时清朝康熙皇帝品尝了趵突泉的泉水，并宣称其为“天下第一泉”。
paragraph2sentence.train-travel-53-1,1608 年尚普兰的遗愿建筑——两座木屋和一座毛皮仓库，周围环绕着栅栏和一条沟渠——矗立在皇家广场上，现在是一个经过精心修复的广场，由 17 世纪和 18 世纪的优雅房屋组成。中心是 1686 年路易十四半身像的复制品。胜利圣母堂面向皇家广场，庆祝 1759 年之前法国对英国的胜利。
paragraph2sentence.train-travel-53-2,这两座房屋和仓库是尚普兰最初的住所，现在矗立着修复后的中央广场，广场上有 18 世纪和 17 世纪的房屋、胜利圣母教堂，中央还有路易十四的半身像。
paragraph2sentence.train-travel-54-1,国家科学技术博物馆（圣洛朗大道 1867 号）的风格是通过乐趣和游戏来了解科学。在加拿大最大的博物馆中，您可以通过巨大的折射望远镜欣赏天空的景色，自己动手演示平衡和光学，还有一个塑料泡泡，里面有活生生的小鸡在您眼前孵化。但在所有新潮的喧嚣中，博物馆并没有忘记完好无损的古董车的魅力，尤其是旧火车引擎——来自真正“创造”加拿大的伟大蒸汽时代的庞然大物。
paragraph2sentence.train-travel-54-2,温哥华建筑师亚瑟·埃里克森 (Arthur Erickson) 设计的透明罗伊·汤姆森音乐厅 (Roy Thomson Hall) 位于会议中心以北一个街区，提供了文化对位，在夜间闪闪发光，向参加多伦多交响乐团的大批聪明的音乐会观众展示。
paragraph2sentence.train-travel-55-1,伟大选帝侯弗里德里希·威廉（Friedrich Wilhelm，1640-1688 年）怀揣着统一勃兰登堡州和普鲁士州的野心，将柏林打造成强大的首都，并将其加固为驻军城镇。第一批新移民是 1671 年被驱逐出维也纳的 50 个富有的犹太家庭。14 年后，5 600 名胡格诺派新教徒因南特法令被撤销而被逐出法国，随后抵达。当法国被认为是欧洲的文化大师时，这些精明的商人和技艺高超的工匠——其中包括珠宝商、裁缝、厨师和餐馆老板——给这座小镇带来了新的精致。
paragraph2sentence.train-travel-55-2,弗里德里希·威廉 (Friedrich Wilhelm) 在柏林的发展中发挥了重要作用，最初牧养了 50 个富裕的犹太家庭，后来又牧养了数千名逃离法国的胡格诺派新教徒，他们一起通过烹饪艺术、裁缝和珠宝制作等更精致的手工艺极大地提高了该镇的上层阶级。
paragraph2sentence.train-travel-56-1,从 Ajuntament 后面，乘坐短途 Carrer d’Hèrcules 前往 Plaça de Sant Just，快速浏览一下 Sants Just i Pastor 教堂及其所在的小型、迷人、安静的广场，让人想起过去的巴塞罗那。该教堂是该市最古老的教堂之一，但经常进行改建。据说，在教堂祭坛前宣誓的任何遗嘱都会被巴塞罗那法院承认为有效，这种做法可以追溯到十世纪。
paragraph2sentence.train-travel-56-2,远离街道的是兰布拉大街 (La Ramblas) 的著名景点之一，也是巴塞罗那生活中的一个常客：Mercat de Sant Josep，也称为 La Boquería。
paragraph2sentence.train-travel-57-1,托马尔 (Tomar) 宜人的中心广场共和国广场 (Praça da Republica) 两侧是优雅的曼努埃尔式圣若昂施洗者教堂 (São João Baptista)，拥有不寻常的八角形钟楼和精致的门廊，以及 17 世纪的市政厅。不过，广场中心的雕像讲述了这座小镇的真实故事。在一群永远存在的鸽子下面，描绘的是瓜尔丁·派斯 (Gualdim Pais)，他是十字军东征圣殿骑士团葡萄牙分支的最高团长，这座城镇于 1157 年授予他。
paragraph2sentence.train-travel-57-2,从加德满都出发，乘坐汽车或巴士沿 Trisuli 河谷（这本身就是一次冒险）前往 Dhunche，即 Langtang 国家公园的入口处（进入时需支付少量费用，因此请保留门票：可能会在途中索取）。
paragraph2sentence.train-travel-58-1,波兰饱受战争蹂躏且支离破碎的历史就像一部史诗小说——时而胜利，时而悲伤和悲剧。一千多年来，波兰从一个庞大、雄伟、经济强大的王国发展成为一个在世界地图上消失了 120 多年的分裂国家，并最终成为 20 世纪最严重的战争和最可怕的人类悲剧中心的人民和土地。但波兰幸存下来，其文化、语言和大部分领土都完好无损，今天的波兰人乐观地期待着在新的后共产主义中欧的最前沿占据一席之地。
paragraph2sentence.train-travel-58-2,波兰今天的新兴经济标志着其历史的起起落落，包括一个多世纪以来从地图上消失的历史，但也一度成为欧洲最强大的王国之一。
paragraph2sentence.train-travel-59-1,山顶是世界上最古老的佛塔之一，一座巨大的白色土丘，上面有一个金色的立方体，立方体的四个侧面是令人惊叹的全视佛眼。其上方矗立着一座由 13 个逐渐缩小的金色圆盘组成的塔，象征着启蒙的 13 个步骤，然后是一把顶部有钟形王冠的金色皇家遮阳伞。一串串经幡从塔顶延伸出来，塔基周围有数百个小转经轮。当朝圣者绕佛塔转行时，猴子、狗和鸽子则爬来爬去，在地基上的小祭坛上寻找食物残渣。
paragraph2sentence.train-travel-59-2,怪胎街不再是加德满都背包客的聚集地；今天的精打细算的旅行者似乎愿意比他们的嬉皮士前辈多花一点钱。
paragraph2sentence.train-travel-60-1,然而，随着罗马帝国开始崩溃，匈奴人和汪达尔人蜂拥过河，阿昆库姆在五世纪初落入阿提拉部落之手。据信，河西侧的城镇是以阿提拉的兄弟（也可能是他的妹夫）布达的名字命名的，布达被流放到了那里。 453年阿提拉去世后，匈奴人被推翻，阿瓦尔人成为主导势力，从六世纪中叶到九世纪初占领了该地区。
paragraph2sentence.train-travel-60-2,匈奴人和汪达尔人继罗马人之后统治了这条河流，甚至以阿提拉的兄弟命名了一座城市，直到阿提拉去世后阿瓦尔人崛起。
paragraph2sentence.train-travel-61-1,1897 年，为了遏制“大容易”中最严重的过度行为，市议员西德尼·斯托里 (Sidney Story) 制定了一项城市法令，禁止该市所有地方的卖淫行为，但法国区以外的一小片特定区域除外，在那里卖淫可以得到遏制和控制。这个被称为 Storyville 的地区在当时就成了一个传奇，当地妓院里的魅力、堕落和色彩混合在一起，几乎吸引了每一位来访的名人，而酒吧里的酒鬼、赌徒和等待轮到的浪子可以用脚踩着正在发展的音乐风格——爵士乐。路易斯·阿姆斯特朗 (Louis Armstrong) 开始在 Storyville 的潜水区演奏他的弯曲镀镍短号。他从晚上到黎明即兴创作，每晚 15 美分。
paragraph2sentence.train-travel-61-2,斯托里维尔位于新奥尔良法国区，几乎吸引了所有来访的名人，也是爵士乐的发源地之一，路易斯·阿姆斯特朗在这里首次起步并发展了他的弯号小号演奏。
paragraph2sentence.train-travel-62-1,贝尼多姆地平线上远处的山脉散发着野草和薰衣草的芳香，七月和八月的树篱上长满了茂盛的黑莓，很少有当地人愿意采摘。沿高速公路向南行驶至 Villajoyosa，然后沿通往 Sella 的道路行驶。乡村平淡无奇，直到突然俯视阿马多里奥大坝翠绿的海水，这里是渔民和挑剔的野餐者最喜欢去的地方。再行驶 5 公里（3 英里），您就到达了 Sella 村，在非凡的高原下显得格外渺小。
paragraph2sentence.train-travel-62-2,在前往贝尼多姆的途中，您会经过远处郁郁葱葱的山脉，那里长满了许多草药，在夏季还有黑莓，您将继续驾车穿过乡村前往比利亚霍约萨和塞拉，直到到达阿马多里奥大坝，这里可以享受美妙的野餐和钓鱼，还可以欣赏到高原的美景。
paragraph2sentence.train-travel-63-1,探索完堡垒后，穿过绿草如茵的草坪走回去。 （在车道尽头的小交通环岛，您会发现一些茶点摊位，您可以在继续前行之前喝点清凉饮料或小吃。）年轻的波多黎各人已经开始在附近的 Plaza del Quartel Ballajá 广场玩滑板和滑旱冰。他们每天聚集在这个广场上，与同龄人竞争，向路人展示他们的技能。
paragraph2sentence.train-travel-63-2,参观完堡垒后，继续沿着 Boulevard del Valle 向西行驶，即成为 Calle Norzagaray，在这里您会被美丽的海景所吸引。您甚至可能会看到一艘游轮优雅地驶入港口。
paragraph2sentence.train-travel-64-1,灰绿色的多瑙河笔直穿过城市中心，将布达古老的鹅卵石街道与 19 世纪末佩斯的林荫大道巧妙地分开。如果您热爱历史，您可能会前往布达河畔，但如果您热衷购物并喜欢热闹的夜生活，那么佩斯肯定会满足您的需求。
paragraph2sentence.train-travel-64-2,布达佩斯最初是两个城市，布达和佩斯，在现代的化身中仍然保留着鲜明的特色，分别具有历史气息和更加热闹的购物。
paragraph2sentence.train-travel-65-1,从多伦多到尼亚加拉大瀑布（多伦多以南 130 公里/81 英里）的 90 分钟车程，沿着安大略湖西端蜿蜒穿过该省的工业中心地带——密西沙加、汉密尔顿和被称为金马蹄的圣凯瑟琳斯。如果您想观赏瀑布，又不想整夜被游客（每年 1200 万名游客）所困扰，那么可以在安静的滨湖尼亚加拉小镇过夜，这里距离酒店仅半小时车程。
paragraph2sentence.train-travel-65-2,您可能会很容易地走过多伦多地铁图书馆（位于布卢尔以北一个街区的央街）的不起眼的外观，但建筑师雷蒙德·森山引人注目的室内装饰中微妙地相互连接的区域可能会诱使您放弃假期并开始进行一些扎实的研究。
paragraph2sentence.train-travel-66-1,大理的咖啡馆生活是其主要乐趣之一。咖啡馆是喝咖啡或啤酒消磨阳光时光或结识当地白族人和其他旅行者的理想场所。几十家咖啡馆中最有名的也许是中华子先生的文化交流咖啡馆，由历史上第一个出国的白族李叔叔（何力一）经营。他的自传在他的咖啡馆出售，是一部史诗肥皂剧。
paragraph2sentence.train-travel-66-2,由于分销系统是不可预测的，中国老手说你不应该冒险：如果你发现你喜欢的东西，就买它，因为它可能不会在其他地方出售。
paragraph2sentence.train-travel-67-1,该博物馆记录了 20 世纪欧洲最先进的建筑和设计学院的成就。建筑师沃尔特·格罗皮乌斯、密斯·凡德罗和马塞尔·布劳尔，以及艺术家保罗·克利、瓦西里·康定斯基、莱昂内尔·法宁格、奥斯卡·施莱默和拉斯洛·莫霍利-纳吉试图将艺术、手工艺和建筑融入大众工业社会。这里展出的是他们创作的精选物品：管状钢椅、杯子和碟子、茶壶、书桌、地毯的新编织物、国际象棋棋子和儿童积木，以及一些开创性的建筑平面图和草图。
paragraph2sentence.train-travel-67-2,博物馆里的展览捕捉了 20 世纪最进步的艺术家和建筑师的亮点，展示了他们的创作示例：管状钢椅、新型地毯编织、儿童玩具，甚至还有一些建筑设计。
paragraph2sentence.train-travel-68-1,这里有波光粼粼的大西洋海岸线，还有令人愉悦的小渔港。或者连绵起伏的绿色山丘穿过内陆，到达安纳波利斯山谷的果园和奶牛场。半岛的西侧拥有丰富的法属阿卡迪亚悲惨历史。该省的北部岛屿是加拿大最受欢迎的国家公园之一布雷顿角高地的所在地，您将沿着海岸驾驶壮观的卡伯特步道，进出森林。
paragraph2sentence.train-travel-68-2,法属阿卡迪亚的丰富性源于其众多景点：波光粼粼的大西洋海岸、港口城市、连绵起伏的农田，以及最受欢迎的布雷顿角高地，其中包括沿着海岸和穿过森林的必看卡伯特步道。
paragraph2sentence.train-travel-69-1,穿过制桶厂到达配给场，在那里您会找到旅游信息局，然后穿过公园并绕过干船坞区域，该区域仍然用于修理对船舶安全至关重要的船只和浮标。左边是百慕大陶器厂，您会发现专家正在制作和烧制带有一系列岛屿图案的陶瓷。
paragraph2sentence.train-travel-69-2,到达后，步行前往旅游信息局（穿过粮食场的制桶厂），然后前往干船坞，观看正在修理的船只和浮标，不过航海旅行较少的人可能会对附近的百慕大陶器店感兴趣，那里有许多精美的工艺品和陶瓷。
paragraph2sentence.train-travel-70-1,沿 Point Grey 路返回市中心，在杰里科海滩附近下车，参观 Old Hastings Mill Store（阿尔玛路 1575 号）。这是该镇现存最古老的建筑，是 1930 年代从市中心运来的锁、枪托和木桶，包括邮局、杂货店，也是原盖斯镇 (Gastown) 唯一在 1886 年火灾中幸存下来的遗迹。它已被修复为博物馆，展示世纪之交的物品。这里的基西拉诺社区是最接近波西米亚风尚的温哥华人，深受学生的欢迎，无论老少。
paragraph2sentence.train-travel-70-2,其容量印在侧面：227 加仑、2 夸脱、1 品脱、3 鳃（约 868 升）。
paragraph2sentence.train-travel-71-1,人们对欧洲西南端最早的石器时代居民知之甚少。古希腊人称他们为 Cynetes（或 Cunetes）。无论其起源如何，他们的文化都是在外国势力的压力和影响下发展起来的。在此定居并为新生的葡萄牙文化做出贡献的众多入侵军队中有腓尼基人，他们于公元前 1000 年左右在此地区定居，其次是凯尔特人、伊比利亚人、希腊人和迦太基人。
paragraph2sentence.train-travel-71-2,加拿大的民族团结仍然是一项充满活力的“正在进行的工作”。
paragraph2sentence.train-travel-72-1,北岸的最后一个城镇凯斯特海伊（发音为 kest-hey）曾经完全属于富有的 Festetics 家族所有，他们的宫殿是匈牙利最重要的巴洛克古迹之一（全年开放）。在这里，您可以从 101 间精选客房中窥见该家族在 18 世纪和 19 世纪所享受的贵族生活。亮点是 Helikon 图书馆，据称是该国最大的图书馆，仅凭它就值得缴纳宫殿门票（按照匈牙利的标准来说，这费用很高）。
paragraph2sentence.train-travel-72-2,Helikon 图书馆曾经属于 Festetics 家族，被一些人认为是匈牙利最好的图书馆，在参观原家族的宫殿时可以轻松到达。
paragraph2sentence.train-travel-73-1,城堡下方矗立着一座解放纪念碑（Szabadsag szobor），从城市各处都可以看到。它是由俄罗斯人为纪念在从德国人手中“解放”布达佩斯时阵亡的俄罗斯军队而建立的。大多数当地人都厌恶这座纪念碑，认为它是苏联统治的象征，但它已经成为城市地标，无法拆除。
paragraph2sentence.train-travel-73-2,解放纪念碑是这座城市各处引人注目的地标，最初是俄罗斯人为了纪念他们在将布达佩斯从德国手中“解放”出来时牺牲的人们而设立的，但现在却因为这种联系而受到许多居民的蔑视——尽管它的地标地位在很大程度上阻止了它的拆除。
paragraph2sentence.train-travel-74-1,该省最风景如画的城镇之一是美丽的阿尔特村，位于阿尔布费拉以北约 30 公里（18 英里）处。村庄的建筑亮点是美丽的 16 世纪 Igreja Matriz，通过经典的曼努埃尔门进入。阿尔特的其余部分就是明信片上的阿尔加维——狭窄的街道上粉刷成白色的房屋、色彩缤纷的窗户、精致的烟囱和红瓦屋顶。
paragraph2sentence.train-travel-74-2,西墙于1852年倒塌，于20世纪初期修复。
paragraph2sentence.train-travel-75-1,1926 年的一次火山喷发将旧址掩埋在火山口边缘，之后巴杜尔在火山口边缘目前的位置进行了重建。一条长长的街道两旁都是丑陋的混凝土房屋和棚屋，乌伦达努寺 (Pura Ulun Danu) 是一座始建于 1927 年的黑色火山石新寺庙，目前仍在扩建中。金塔马尼 (Kintamani) 毗邻巴杜尔 (Batur)，只有周一和周四早上的市场才显得热闹起来。
paragraph2sentence.train-travel-75-2,1926 年，巴杜尔因附近的火山喷发而遭到严重破坏，部分城镇被完全掩埋，居民被迫在废墟上重建。
paragraph2sentence.train-travel-76-1,然而，一切并没有完全消失。 1867 年，在旨在遏制地方自治骚乱的妥协下，奥匈帝国成立，匈牙利最终获得了自己的政府，但关键部门与奥地利人共享。这种“双重君主制”给 19 世纪带来了光明的基调，辉煌的林荫大道和令人自豪的建筑拔地而起，创造了我们今天所认识的佩斯。链桥成为第一个横跨河流的永久通道，佩斯地铁和佩斯-维也纳铁路开通，1873 年，佩斯、布达和奥布达三个城镇合并成为布达佩斯。
paragraph2sentence.train-travel-76-2,布达佩斯辉煌而历史悠久的佩斯地区的发展很大程度上归功于奥匈帝国时期建立的双重君主制政府。
paragraph2sentence.train-newswire-77-1,独立警察投诉委员会（IPCC）周二做出裁决后，英国首相戴维·卡梅伦和其他英国高级政治家批评英格兰三支警察部队的行为，称其涉嫌掩盖参与调查前内阁大臣安德鲁·米切尔的警察的行为。
paragraph2sentence.train-newswire-77-2,据称，英格兰警察部队掩盖了警察的行为。
paragraph2sentence.train-newswire-78-1,由于缺雪，该地区许多滑雪场的开放时间推迟，到 11 月 16 日只有 6 个滑雪场开放。铜山需要使用造雪机来保持滑雪道上的积雪。缺乏优质雪是科罗拉多州滑雪胜地游客数量下降约 12% 的一个因素。目前，雪已由机器清理，大部分滑雪缆车和滑雪道尚未开放。
paragraph2sentence.train-newswire-78-2,上周，科罗拉多州东北部韦尔德县、摩根县、洛根县、塞奇威克县、菲利普斯县、华盛顿县、尤马县和基特卡森县的委员们表示有兴趣从科罗拉多州退出，因为他们与州政府在枪支管制问题上存在分歧，而且农业和石油和天然气行业被认为存在过度监管。
paragraph2sentence.train-newswire-79-1,英国广播公司兼记者大卫·弗罗斯特爵士因心脏病去世，享年 74 岁。弗罗斯特因在水门事件丑闻后接受前总统理查德·尼克松的采访而闻名，他于周六晚上在伊丽莎白女王游轮上去世，他原本要在该游轮上发表演讲。弗罗斯特的家人发表声明称，“他的家人悲痛欲绝，在这个困难的时刻请求保护隐私。”
paragraph2sentence.train-newswire-79-2,74 岁的英国电视节目主持人大卫·弗罗斯特爵士在发表演讲之前因心脏病去世。
paragraph2sentence.train-newswire-80-1,当叙利亚准备扩大在贝鲁特定居点的军事存在时，巴勒斯坦游击队和什叶派穆斯林阿迈勒民兵在黎巴嫩南部的营地附近爆发了战斗。南部港口西顿的安全消息人士称，阿迈勒和忠于巴勒斯坦领导人亚西尔·阿拉法特的游击队在东南部村庄爆发了冲突。叙利亚昨天介入，制止了贝鲁特两个难民营的战斗，但阿迈勒表示，只有在阿拉法特从西顿附近的村庄撤军后，叙利亚才会解除围困。
paragraph2sentence.train-newswire-80-2,此外，诉讼称，Multifoods 正在寻求阻止 Bregman Partners 收购更多股票，或对其据报道拥有的股票进行投票。
paragraph2sentence.train-newswire-81-1,预计生猪期货开盘稳定，继昨天收盘走高后，预计整体走高。交易员预计，由于现场看涨期权走强以及期货对现金的持续贴水，将引发结转需求。他们指出，由于一些地区的农民开始春季田间工作，养猪场数量较少。他们表示，有关现金猪肉产品稳定至坚挺的私人报道以及昨天分切量的增加增加了包装商对现金生猪的兴趣。他们补充说，今天也可能再次出现来自较高牛坑的溢出效应。
paragraph2sentence.train-newswire-81-2,预计生猪期货开盘将稳定走高，因为预计现场看涨期权走强、期货对现金的持续折扣以及牛期货可能产生的一些相关溢出效应将引发结转需求。
paragraph2sentence.train-newswire-82-1,五十铃汽车有限公司 (ISUM.T) 发言人表示，截至 1987 年 4 月 30 日的上半年，该公司将不支付股息，因为日元升值导致出口放缓，预计该公司上半年母公司当前亏损将达 120 亿日元。自截至 1983 年 10 月 31 日止年度支付 5 日元以来，该公司一直没有支付股息。 1985/86年上半年的当期利润为44.4亿日元。
paragraph2sentence.train-newswire-82-2,截至 12 月 31 日，纽约会员的未偿还抵押贷款总额为 588 亿德国卢比，而 1985 年底为 507 亿德国卢比。
paragraph2sentence.train-newswire-83-1,巴基斯坦塔利班星期四宣布，他们选择毛拉法兹鲁拉作为新领导人。上周，美国无人机袭击杀死了他们的前任领导人哈基毛拉·马哈苏德。法兹鲁拉因在 2012 年下令袭击女学生马拉拉·优素福扎伊 (Malala Yousafzai) 而受到赞誉，他因拒绝和平谈判而闻名。
paragraph2sentence.train-newswire-83-2,哈基毛拉·马哈苏德去世后。法兹卢拉遭到美国无人机袭击，巴基斯坦塔利班宣布法兹卢拉毛拉为他们的新领导人。
paragraph2sentence.train-newswire-84-1,国家计算机系统公司表示，其董事会授权该公司在公开市场上回购最多 200 万股普通股。该公司目前拥有约1900万股已发行股票。该公司表示，这些股份将保留用于员工股票购买计划、股票期权计划和一般公司用途。
paragraph2sentence.train-newswire-84-2,国家计算机系统公司授权回购 1900 万股已发行股票中的两股，用于股票期权和员工股票购买计划等。
paragraph2sentence.train-newswire-85-1,一名男子和一名女子在苏格兰西部康内尔附近的一场道路交通事故中丧生。昨天英国夏令时 1830 点（世界标准时间 1730 点）左右，阿盖尔 A85 公路上发生的迎头碰撞事故还造成 7 人受伤，其中包括 3 名儿童。
paragraph2sentence.train-newswire-85-2,发生了正面碰撞，三名儿童被卷入其中。
paragraph2sentence.train-newswire-86-1,AAR Corp 表示，其 AAR 技术服务中心部门与大陆航空签署了一项重大维护协议，为大陆航空不断扩大的 B727、B737、DC9、MD80 和 DC10 机队中运行的组件提供广泛的支持。据称，这是大陆航空与独立维修机构达成的最大的部件维修服务协议。
paragraph2sentence.train-newswire-86-2,AAR Corp 已与大陆航空公司签订了一份有关部件维修的实质性维护合同。
paragraph2sentence.train-newswire-87-1,今天早些时候，孟加拉国总理谢赫·哈西娜主持了一次内阁会议，会议决定给予性别认同为海吉拉斯（Hijras）的人（既不属于男性也不属于女性的人）的正式政府承认。
paragraph2sentence.train-newswire-87-2,今天，孟加拉国政府内阁和总理谢赫·哈西娜做出了一项正式决定，承认海吉拉斯（Hijras），即性别认同既非男性也非女性的人。
paragraph2sentence.train-newswire-88-1,这只幼崽是在三月份通过人工授精出生的，出生第一周正在接受重症监护。这是9岁的媛媛三年内第七次尝试怀孕。袁媛和她的伴侣团团是2008年12月中国送给台湾的礼物，作为由于台湾岛和中国大陆之间的历史冲突而表达的善意之举。两只大熊猫未能通过自然怀孕成功交配，因此采用了人工授精。元元在六月初就出现了怀孕的迹象，到月底时，护理人员相信她很快就会生产。饲养员在动物园过夜，在圆圆出生时不间断地看护她。
paragraph2sentence.train-newswire-88-2,熊猫的饮食主要是竹子。
paragraph2sentence.train-newswire-89-1,梅杰表示，新独立的苏格兰和分裂后的英国之间不会建立货币联盟：“苏格兰民族党认为货币联盟是可以谈判的，但货币联盟将要求英国承保苏格兰债务。”如果苏格兰退出欧盟，这种情况就不可能也不会发生。不可能有中间方案，也不可能有英国机构支持的准独立性。”
paragraph2sentence.train-newswire-89-2,今天早些时候，孟加拉国总理谢赫·哈西娜主持了一次内阁会议，会议决定给予性别认同为海吉拉斯（Hijras）的人（既不属于男性也不属于女性的人）的正式政府承认。
paragraph2sentence.train-newswire-90-1,昨天，澳大利亚太阳能赛车队 Sunswift 在悉尼新南威尔士大学肯辛顿校区展示了他们的第五辆赛车 eVe。他们将于本周末前往参加 2013 年世界太阳能挑战赛。下午早些时候，教职员工和学生都参加了欢送活动。
paragraph2sentence.train-newswire-90-2,Sunswift 昨天在悉尼新南威尔士大学展示了他们参加 2013 年世界太阳能挑战赛的汽车。
paragraph2sentence.train-newswire-91-1,First National Supermarkets 表示，其年销售额为 15.8 亿第纳尔，而 18 个月前该公司被管理层私有化时，销售额为 13.9 亿第纳尔。该公司表示，正在启动一项为期四年的资本计划，其中包括开设 20 家新店以及对选定的现有商店进行扩建和改造。该公司表示，将继续关闭一些规模较小、生产力较低的商店，将这些资产转变为核心市场地区规模更大的商店。
paragraph2sentence.train-newswire-91-2,英国领先的超市之一特易购 (Tesco) 拥有各种不同的商店，包括服务于较小社区的快捷商店以及专注于大型市场区域的大型商店。
paragraph2sentence.train-newswire-92-1,德国央行表示，3月16日至31日期间欧元债券发行量从3月1日至15日期间的13.7亿马克下降至9亿马克。发行包括三只债券，其中两只固定利率债券总计 7 亿马克，一只股本认股权证债券总计 2 亿马克。此外，还发行了一只澳元债券，总金额为2.2亿第纳尔，部分利息和本金以马克支付。
paragraph2sentence.train-newswire-92-2,古德里奇公司表示，到1987年底，它将逐步停止在俄亥俄州阿克伦市生产飞机轮胎、导弹和船舶产品以及模制橡胶产品，并解雇约790名受薪、生产、维护和支持服务员工。
paragraph2sentence.train-newswire-93-1,据报道，这架飞机有 6 名机组人员和 27 名或 28 名乘客。其中十名乘客是莫桑比克国民，九名乘客来自安哥拉，五名乘客来自葡萄牙。机上还有来自法国、巴西和中国各一名乘客。
paragraph2sentence.train-newswire-93-2,《纽约一号》援引赫尔利的话说，抵制的原因是：“我们并不傻，我们正在阅读报纸，我们正在阅读那边正在发生的事情，他们必须阻止正在发生的事情。”
paragraph2sentence.train-newswire-94-1,Enterra Corp 表示，已完成将其 Hale Fire Pump co 和 Macomson Machine Co 子公司以约 2700 万德国卢比现金出售给洛杉矶投资公司 McBain  Rose Partners 组建的公司。 Hale 和 Macomson 都生产消防泵和相关设备。
paragraph2sentence.train-newswire-94-2,Enterra Corp 已将其 Hale Fire Pump co 和 Macomson Machine Co 子公司出售给洛杉矶投资公司 McBain  Rose Partners 成立的一家公司，价格约为 2700 万德国卢比现金。
paragraph2sentence.train-newswire-95-1,CyanogenMod 是一款基于 Android 的开源免费智能手机操作系统，该公司在一次成功的风险投资活动后于昨天宣布成立，该活动为开源项目带来了 700 万美元的资金，并计划在 Google Play 上为其 Android 固件推出一款简单的安装应用程序。
paragraph2sentence.train-newswire-95-2,CyanogenMod 的开发人员计划为其 Android 固件推出新的安装应用程序。
paragraph2sentence.train-newswire-96-1,总部位于中西部的电话服务公司 Ameritech 旗下子公司 Ameritech Publishing 表示，已任命巴里·艾伦 (Barry Allen) 为总裁，四月份生效。 Ameritech Publishing 表示，艾伦将接替 Leo Egan，后者将担任董事长兼首席执行官，直至 6 月 1 日退休。
paragraph2sentence.train-newswire-96-2,巴里·艾伦于四月成为 Ameritech 公司总裁。
paragraph2sentence.train-newswire-97-1,8 月 17 日早些时候，Nettles 与跨性别朋友一起散步，当时他们在当地警察大楼对面遇到了一群男子。警方称，这些人发现这群人是变性人后，发生了一场斗殴，20 岁的当地男子帕丽斯·威尔逊 (Paris Wilson) 在现场被捕。
paragraph2sentence.train-newswire-97-2,帕丽斯·威尔逊在一群男子和变性人之间发生打斗后被捕。
paragraph2sentence.train-newswire-98-1,埃及公共投资管理局副局长 Mohye al-Deen Gharib 表示，科威特政府和私营部门将研究对价值超过 40 亿第纳尔的埃及项目的投资。科威特工商会主席阿卜杜勒-阿齐兹·萨克尔表示，参观者已提交了 40 份研究提案。他说，除了投资领域外，这些项目还包括经济、工业和房地产项目，并补充说可能会成立一家控股公司来监督投资。
paragraph2sentence.train-newswire-98-2,可能会成立一家控股公司来监督埃及项目提交的 40 个提案的投资。
paragraph2sentence.train-newswire-99-1,Allied Supermarkets Inc 表示，已向美国证券交易委员会提交了一份涵盖 2.4 亿德国卢比债务证券的登记声明。该公司计划发行1.4亿德国卢布的高级次级贴现债券和1亿德国卢布的次级债券。所得款项将用于为 Allied 收购 Vons Cos Inc. 提供资金。Allied 指定 Drexel Burnham Lambert Inc 和 Donaldson、Lufkin 和 Jenrette Securities Corp 作为两次发行的联合承销商。
paragraph2sentence.train-newswire-99-2,Allied Supermarkets Inc 表示，已向 SEC 提交了一份涉及 2.4 亿美元债务证券的注册声明，该声明将用于为其收购 Vons Cos Inc. 提供资金。
paragraph2sentence.train-newswire-100-1,佛罗里达州男子乔治·齐默尔曼 (George Zimmerman) 被控枪杀 17 岁的特雷冯·马丁 (Trayvon Martin)，经过 16 个小时的审议，周六深夜被判无罪。此案引起了美国全国的关注，因为它引发了对“坚守阵地”自卫法的质疑。
paragraph2sentence.train-newswire-100-2,2011年，齐默尔曼参加了一个公民论坛，抗议桑福德警察的白人儿子殴打一名无家可归的黑人。
paragraph2sentence.train-newswire-101-1,这项发明得到了德国医疗部门的谨慎赞扬；该无人机仍处于开发和测试阶段。 Definetz 和合作无人机制造商 Height Tech 尚未发布任何有关智能手机应用程序发布或无人机何时可供医疗服务购买的信息。
paragraph2sentence.train-newswire-101-2,闲人和椒盐卷饼吃者使用智能手机。
paragraph2sentence.train-newswire-102-1,3Com公司表示，它支持国际商业机器公司的个人System/2系列计算机，并将提供网络操作软件和接口。 3Com 表示，这些软件和接口将使新机器能够集成到现有的 3System 工作组系统中。 3Com表示正在修改其3+网络软件以在DOS 3.3下工作，确保与当前的个人和IBM的新令牌环适应微通道架构的兼容性。
paragraph2sentence.train-newswire-102-2,3Com公司将与国际商业机器公司的个人System/2系列计算机合作，提供软件和接口，从而使其与其他系统兼容。
paragraph2sentence.train-newswire-103-1,民防部门最初称有两人死亡、十四人受伤，但后来将死亡人数修正为一人。北岸医院目前正在治疗多达 12 名伤员，其中一名男子伤势严重，其他人则在怀塔克雷和奥克兰医院接受治疗。
paragraph2sentence.train-newswire-103-2,今天，随着葡萄牙传奇足球运动员尤西比奥去世的消息传出，葡萄牙政府宣布全国哀悼三天。
paragraph2sentence.train-newswire-104-1,全国有色人种协进会（NAACP）发起请愿书，呼吁美国政府对齐默尔曼提起联邦民权指控。全国有色人种协进会主席本杰明·嫉妒表示：“我们对今天的判决感到愤怒和心碎。 [...]我们将向司法部提出民权指控，我们将继续争取在每个州废除《坚守阵地法》，并且我们不会休息，直到所有形式的种族定性被取缔为止。
paragraph2sentence.train-newswire-104-2,全国有色人种协进会已与佛罗里达州的一些公立学校、执法部门和社区合作伙伴达成合作协议，以终止从学校到监狱的管道。
paragraph2sentence.train-newswire-105-1,National Intergrup Inc表示，其Permian Partners LP子公司最近成立，旨在接管其Permian Corp部门的业务，计划公开发行累积可转换优先合伙单位。 Permian 购买、运输和转售原油。主承销商是美国运通公司的<AXP> Shearson Lehman Brothers Inc，<Donaldson  Lufin and Jenrette Securities Corp> 将担任主承销商。
paragraph2sentence.train-newswire-105-2,National Intergroup Inc 的子公司 Permian Partners LP 计划公开发行累积优先合伙单位。
paragraph2sentence.train-newswire-106-1,Genetics Institute Inc 早些时候报告第一季度净亏损有所增加，并表示预计 1987 财年的亏损“将略高于 1986 财年报告的亏损”。截至 11 月 30 日的 1986 财年，该公司的亏损为 4 504 000 德国卢比，而 1985 财年的亏损为 1 732 000 德国卢比。该公司表示，亏损是由于其战略决策造成的，该决策将谨慎的股本投资于公司可以制造并推向市场的产品的开发。 Genetics 早些时候表示，截至 2 月 28 日的第一季度亏损从去年同期的 937 000 德莱里亚增至 1 309 000 德莱里亚。
paragraph2sentence.train-newswire-106-2,Genetics Institute Inc. 继 1985 年和 1986 年亏损之后，宣布 1987 年预计将因战略投资决策而遭受亏损。
paragraph2sentence.train-newswire-107-1,首席经理瑞士信贷第一波士顿表示，瑞典出口信贷公司将发行7500万张新西兰DLR欧元债券，将于1989年4月28日到期，支付19%，定价为101-1/4%。该债券的面额为 1 000 和 5 000 卢森堡，并将在卢森堡上市。费用包括 7/8% 的销售特许费和 3/8% 的管理和承销费用。
paragraph2sentence.train-newswire-107-2,新西兰是世界上唯一可以体验各种气候的国家之一。
paragraph2sentence.train-newswire-108-1,克莱斯勒公司和三菱汽车旗下的合资公司 Diamond-Star Motors Corp 指定了该公司在伊利诺伊州布卢明顿建设中的工厂生产新车的额外生产供应商。该公司表示，俄亥俄州悉尼的 Amtex Inc 被选中供应行李箱地板地毯，而密歇根州马里斯维尔的 Bluewater Plastics Inc 则被选中供应管道组件和柱盖。
paragraph2sentence.train-newswire-108-2,克莱斯勒公司和三菱汽车公司的合作伙伴钻石星汽车公司将从 Amtex Inc 和 Bluewater Plastics 获得其新车的特定零件：后备箱地板地毯、管道组件和立柱盖。
paragraph2sentence.train-newswire-109-1,当地时间今天上午 11 点 30 分左右，韩亚航空一架波音 777 飞机在旧金山国际机场降落时坠毁。从首尔起飞的 214 号航班载有 291 名乘客（包括一名婴儿）和 16 名机组人员，在 28L 跑道上坠毁。据报道，两人死亡，10 名乘客伤势严重，被送往旧金山总医院。官方报告共有 181 人住院，其中 1 人下落不明。
paragraph2sentence.train-newswire-109-2,旧金山是金门大桥的所在地。
paragraph2sentence.train-newswire-110-1,麦格劳-希尔公司表示，已将旗下麦格劳-希尔图书公司南非私人有限公司子公司出售给当地一家管理集团，现金金额未公开，并停止向南非销售所有产品和服务。该公司表示，此次剥离是在其董事会二月份做出的一项决议之后进行的，该决议指出南非境内的政治和社会动荡加剧以及南非政府拒绝废除种族隔离制度。
paragraph2sentence.train-newswire-110-2,鉴于南非持续与种族隔离作斗争，麦格劳-希尔公司表示，它已完全剥离其南非子公司，将其出售给当地的管理集团。
paragraph2sentence.train-newswire-111-1,作为安排人的摩根担保有限公司表示，NEC 公司正在建立一项带有英镑期权的 1.5 亿德国拉姆欧元商业票据计划。票据将由 NEC Industries Dutch BV 在 NEC Corp 的担保下发行。交易商将是 Morgan Guaranty、Chase Investment Bank Ltd、Shearson Lehman Brothers International 和 Swiss Bank Corp International Ltd。发行和付款代理将是伦敦 Chase Manhattan Bank NA。
paragraph2sentence.train-newswire-111-2,每片乌云都有一线希望。
paragraph2sentence.train-newswire-112-1,近年来，在商店为黑色星期五活动开门营业时经常发生的混战中，发生了几起严重伤害事件。 2011 年，一名妇女向 20 名等待购买最新 Xbox 系统的人喷射胡椒喷雾。
paragraph2sentence.train-newswire-112-2,伊格尔县验尸官报告称，雪崩发生在上午 11:30 左右。当地时间（1830 UTC），位于韦尔滑雪胜地附近的东韦尔滑道地区。
paragraph2sentence.train-newswire-113-1,总部位于伦敦的糖业运营商凯恩斯有限公司证实，在其他经纪人参与的估计总销售四到五批货物中，已向印度出售了两批白糖。据称，4月/5月和4月/6月装运的糖售价为每吨CIF 214至218德拉姆。
paragraph2sentence.train-newswire-113-2,总部位于伦敦的糖业经营商和其他经纪人已向印度出售白糖。
paragraph2sentence.train-newswire-114-1,纽约证券交易所表示，加州有限合伙企业 BenEquity Holdings 的单位交易在开盘前暂停，并将向美国证券交易委员会申请将该股票退市。联交所表示，当公众持有的公司证券数量少于 60 万份时，联交所通常会考虑暂停该公司的证券并将其从其上市名单中删除。 <Renouf Corp International> 的要约收购于 1987 年 3 月 24 日到期，结果导致 BenEquity 的公开持有量不足 600 000 股。
paragraph2sentence.train-newswire-114-2,纽约购物中心的库存一直很低。
paragraph2sentence.train-newswire-115-1,财政部长达马斯·姆博戈罗 (Damas Mbogoro) 表示，坦桑尼亚将需要约 12 亿第纳尔的硬通货投资来支持 7 月份开始的 1987-1992 年五年计划。他昨天在北部城镇阿鲁沙举行的经济规划研讨会上表示，新计划将集中于恢复坦桑尼亚现有的基础设施，并对新开发项目的投资最少。他说，目标是将农业产量每年提高 5%，工业产出每年提高 6.4%。
paragraph2sentence.train-newswire-115-2,通过制定增加一个国家农业产量和工业产出的计划，您可以提高该国家未来实现经济独立和可持续发展的机会。
paragraph2sentence.train-newswire-116-1,本周早些时候，世界银行发布了《2012年世界发展报告》关于性别平等与发展的报告。报告指出，参与芬兰政治的女性人数相对较高，并赞扬芬兰男女平等委员会取得的进展。
paragraph2sentence.train-newswire-116-2,世界银行本周发布了《2012年世界性别平等与发展报告》。
paragraph2sentence.train-newswire-117-1,摩尔多瓦总理尤里·莱安卡周二对罗马尼亚进行正式访问期间，邀请罗马尼亚总理维克多·蓬塔出席8月27日的摩尔多瓦独立日。届时，两个邻国将开始在罗马尼亚雅西市和摩尔多瓦翁盖尼市之间建设一条跨境天然气管道。
paragraph2sentence.train-newswire-117-2,8月27日是摩尔多瓦独立日，纪念1991年从苏联独立宣言的通过。
paragraph2sentence.train-newswire-118-1,主承销商东京国际银行表示，魁北克省将发行 300 亿日元欧元债券，将于 1997 年 5 月 7 日到期，支付 5% 的利率，定价为 102-1/2%。该不可赎回债券的面额为 100 万日元，将在卢森堡上市。销售优惠为 1-1/4%，而管理和承销合计支付 3/4%。付款日期是5月7日。
paragraph2sentence.train-newswire-118-2,预计冬季油菜播种面积为 627 000 公顷，而之前估计的 1985/86 年收获面积为 621 000 公顷和 375 000 公顷（375 000 公顷）。
paragraph2sentence.train-newswire-119-1,牵头经办银行Amro表示，欧洲投资银行于4月1日宣布的1995年到期的3亿荷兰盾、年利率6.25%的子弹债券的发行价已按票面价格确定。订阅开放至明天（4 月 9 日）格林威治标准时间 1300 点。付款截止日期为 5 月 14 日，优惠券日期为 5 月 15 日。
paragraph2sentence.train-newswire-119-2,子弹债券被认为比摊销债券风险更高。
paragraph2sentence.train-newswire-120-1,夏威夷航空表示，今年将继续扩大飞往太平洋岛屿的服务。该公司表示，将把南太平洋航班从目前的每周四趟航班增加到每日一班，并从5月21日开始每周执飞两趟西太平洋飞往关岛的航班。夏威夷航空还表示，已向交通部申请紧急豁免，以提供飞往塔希提岛的服务，并提供飞往美属萨摩亚、新西兰和库克群岛的转机服务。
paragraph2sentence.train-newswire-120-2,飞行是商务人士选择的流行交通工具。
paragraph2sentence.train-newswire-121-1,伯利恒钢铁公司表示，自 7 月 1 日起，其碳板和高强度低合金板的基本价格将上涨 25 德拉姆，至每短吨 405 德拉姆。该公司表示，同日其合金板综合价格也将每吨上调 25 德国卢比，并补充说公司并未公布该产品的价格。 Bethlehem Steel表示，其带钢轧机板材的综合价格将每吨上调15德拉姆。
paragraph2sentence.train-newswire-121-2,伯利恒钢铁公司宣布其板材价格上涨：碳板每短吨25美元，合金板每短吨25美元，带钢板每短吨15美元。
paragraph2sentence.train-newswire-122-1,<Novamin Inc> 表示，它收到了 Breakwater Resources Ltd 的拟议收购要约，涉及将一股 Breakwater 股票换成两股 Novamin 普通股。该公司表示，该提案还要求在相同基础上将已发行的 Novamin 认股权证转换为 Breakwater 普通股，前提是认股权证持有人支付了行权价格。矿产勘探公司诺瓦明 (Novamin) 表示，董事们将于下周二开会处理该提议，并表示该提议须经防波堤董事批准。
paragraph2sentence.train-newswire-122-2,分享给人很大的满足感。
paragraph2sentence.train-newswire-123-1,穆迪投资者服务公司表示，可能会下调欧文银行和牵头银行欧文信托公司9.5亿第纳尔的债务评级。该评级机构表示，将评估欧文在竞争日益激烈的市场中大幅改善经营业绩的能力。鉴于欧文资本基础有限，此次审查还将重点关注欧文不断变化的风险状况。穆迪指出该银行在欠发达国家的风险敞口很大。正在审查的是母公司的 Aa-3 优先债务、A-1 次级债务和 Aa-3 优先股以及 Irving Trust 的 Aa-1 长期存款和信用证。
paragraph2sentence.train-newswire-123-2,穆迪投资者服务公司正在对欧文银行公司和牵头银行欧文信托公司进行审查、评级和评估，重点关注欧文不断变化的风险状况以及对欠发达国家的风险敞口。
paragraph2sentence.train-newswire-124-1,外汇和贵金属公司迪克国际 (Deak International) 宣布从英格兰银行 (Bank of England) 旗下 Minories Finance Limited 手中收购纽约庄信万丰 (Johnson Matthey Commodities)。 Deak 表示，此次收购是在最近收购伦敦庄信万丰商品有限公司 (Johnson Matthey Commodities Limited) 后进行的，价值 1 480 万德国卢比。该公司表示，这家纽约公司将更名为 Deak International Trading Ltd。 Deak International 总裁兼首席执行官 Arkadi Kuhlmann 表示，此次收购将把 Deak 的业务扩展到贵金属和批发有色金属交易领域。
paragraph2sentence.train-newswire-124-2,迪克国际通过收购纽约和伦敦的庄信万丰商品有限公司，将其业务扩展到贵金属和有色金属批发交易领域。
paragraph2sentence.train-newswire-125-1,当地时间周六晚上8点05分，九岁大熊猫圆圆在台湾台北动物园产下一只幼崽。雌性幼崽出生时重 6.4 盎司，长 6.1 英寸。这只幼崽在三到五个月内不会公开展示。
paragraph2sentence.train-newswire-125-2,大多数九岁的孩子喜欢玩电子游戏。
paragraph2sentence.train-newswire-126-1,昆士兰州阳光海滩——今天，马卢奇郡在澳大利亚阳光海滩海豚椭圆球场以 24 比 7 击败卡布尔彻连续两场阳光海岸橄榄球联盟 A 级联赛的机会。卡布尔彻在小半决赛中击败卡伦德拉，获得了本场比赛的参赛资格；马卢奇郡在Major半决赛中输给了努萨。
paragraph2sentence.train-newswire-126-2,海豚的大脑比人类的大脑大。
paragraph2sentence.train-newswire-127-1,南非官员周日表示，纳尔逊·曼德拉已出院返回约翰内斯堡的家中，情况危急。这位95岁的反种族隔离领导人、南非前总统因反复肺部感染而住院近三个月，目前已返回约翰内斯堡的住所，并将继续康复。
paragraph2sentence.train-newswire-127-2,95 岁的南非前总统纳尔逊·曼德拉 (Nelson Mandela) 因反复肺部感染而出院回家。
paragraph2sentence.train-newswire-128-1,CBD 的许多企业抱怨男子在店面和街道上大小便，尽管可能会被当场罚款 200 澳元。去年，全港共有277人被罚款，其中228人因在CBD公共场所小便而被罚款。
paragraph2sentence.train-newswire-128-2,巴勒斯坦当局调查阿拉法特死因的小组负责人陶菲克·蒂拉维周二在接受《今日巴勒斯坦》电视台采访时表示，“我保证下一次新闻发布会将是最后一次，并将把所有肇事、参与或共谋此事的人暴露在光天化日之下”。
paragraph2sentence.train-newswire-129-1,据国营阿拉伯叙利亚通讯社（SANA）报道，在昨天与叛军的战斗中，叙利亚军队在大马士革郊区乔巴尔的一个仓库隧道中缴获了一批化学品、罐子、武器和装备。 SANA在社交网站Twitter上发帖称，一些参与战斗的士兵接触了某种化学制剂，在某些情况下“窒息”，但没有报告死亡人数（如果有的话）。
paragraph2sentence.train-newswire-129-2,谋杀时可以使用各种武器。
paragraph2sentence.train-newswire-130-1,Mountain States Resources Corp 表示，该公司收购了两处房产，以增加其战略矿产资产。该公司表示，此次收购包括总计5 100英亩的钛、锆和稀土资源。据称，这两处矿产均位于犹他州南部，包括约 1 430 英亩的非专利采矿权和一份州租赁地。该公司还宣布成立全资子公司 Rare Tech Minerals Inc。
paragraph2sentence.train-newswire-130-2,Mountain States Resources Corp. 收购了犹他州拥有数千英亩矿产资源的两处有益资产。
paragraph2sentence.train-newswire-131-1,新英格兰银行表示，该公司已向美国证券交易委员会提交了一份登记声明，涉及发行 1999 年到期的 2 亿德国卢克次级资本票据。该公司表示，所得收益将主要用于偿还短期债务、为可能的收购提供资金以及为其子公司的投资或信贷延期提供资金。新英格兰银行表示，摩根士丹利、Keefe Bruyette、高盛和美林将承销此次发行。
paragraph2sentence.train-newswire-131-2,摩根士丹利等金融机构将承销新英格兰银行向美国证券交易委员会提交的此次发行。
paragraph2sentence.train-newswire-132-1,Hauser Chemical Research Inc 表示，它已与 Allied Signal Inc 的 Allied Fibers 部门签订合同，为通过光接枝进一步开发提高聚烯烃纤维粘合力提供研究咨询服务。豪瑟表示，该公司此前已经成功完成了这项研究工作的第一阶段。
paragraph2sentence.train-newswire-132-2,农业部长理查德·林格表示，他认为要求强制减少种植面积的拟议立法在国会中几乎没有得到支持，并表示里根政府对此表示反对。
paragraph2sentence.train-newswire-133-1,黎巴嫩卫生部表示，昨天在以逊尼派穆斯林为主的黎巴嫩城市的黎波里发生两起汽车炸弹爆炸，造成 42 人或以上死亡，500 多人受伤。爆炸发生在塔克瓦清真寺和萨拉姆清真寺外，当时数百名信徒聚集在一起进行周五中午祈祷。据报道，目前尚未有人声称对此负责。
paragraph2sentence.train-newswire-133-2,礼拜者前往清真寺，这是大型宗教建筑。
paragraph2sentence.train-newswire-134-1,昨天，该法案的一群支持者在辩论期间在议会外举行了庆祝活动，并一直持续到晚上。少数反对该法案的人到场抗议。庆祝活动包括伦敦同性恋大乐队和伦敦同性恋男子合唱团的音乐表演，Ben & Jerry's 提供免费冰淇淋和蛋糕。
paragraph2sentence.train-newswire-134-2,我们的记者驻扎在苏格兰，律师建议在任何被拘留者出庭之前不要透露他们的身份，即使他们已被逮捕和指控。
paragraph2sentence.train-newswire-135-1,密歇根州总检察长表示，它与美国信息技术公司的子公司密歇根贝尔电话公司达成和解，该协议将降低费率，导致密歇根贝尔的收入减少 7960 万德国卢比。总检察长办公室表示，该和解协议反映了密歇根贝尔公司因税收改革立法而减少的联邦所得税，并将提交公共服务委员会批准。较低的税率预计将于 7 月 1 日生效，届时密歇根贝尔的税率将从 46% 降至 34%。
paragraph2sentence.train-newswire-135-2,在与密歇根州总检察长达成和解后，密歇根贝尔电话公司宣布收入减少 7 960 万美元，该收入将被该公司即将于 7 月 1 日从 46% 降至 34% 的税率所部分抵消。
paragraph2sentence.train-newswire-136-1,美国参众两院昨天均同意一项结束政府关门并提高联邦政府债务上限的法案。巴拉克·奥巴马总统已将该法案签署成为法律。
paragraph2sentence.train-newswire-136-2,联邦政府的债务限额已提高，以结束政府关闭。
paragraph2sentence.train-newswire-137-1,第一芝加哥公司旗下的美国国民银行部门表示，已完成对四家芝加哥郊区银行的收购，总资产约为 2.31 亿德国卢比。这些银行包括北埃文斯顿国家银行、埃尔金国家银行、席勒公园第一国家银行以及梅尔罗斯公园的商人和制造商国家银行。美国国民银行现在拥有九家银行。
paragraph2sentence.train-newswire-137-2,第一芝加哥公司的美国国家银行部门收购了芝加哥郊区的四家银行，总计九家银行，总资产约为 2.31 亿德国卢比。
paragraph2sentence.train-newswire-138-1,此举证实了该航空公司表达了起诉第四频道的意图，此前英国广播公司周一晚间播放了有关航空公司安全的纪录片《驾驶舱的秘密》。作为《Dispatches》系列节目的一部分，该节目报道了去年在西班牙发生的一起事件，当时三架瑞安航空飞机在改道飞往巴伦西亚后宣布出现燃油紧急情况。燃料政策是这部纪录片的重点关注点。
paragraph2sentence.train-newswire-138-2,如果飞机失事降落在水面，乘客会获得带灯和口哨的救生衣。
paragraph2sentence.train-newswire-139-1,政府提案旨在使议会能够在参众两院三分之二多数的情况下修改《皇家宪章》，而媒体提案则赋予行业贸易机构对《宪章》修改的发言权。在这两项提案中，都将提供仲裁服务作为诉诸法庭的替代方案，但政府希望为索赔人提供免费的仲裁服务，而报纸则希望仲裁服务“便宜”，因为他们认为免费仲裁可能会导致大量索赔进入仲裁。这两项提案都将允许监管机构对该行业处以最高 100 万英镑的罚款，并要求在显着位置发布更正新闻报道并道歉。
paragraph2sentence.train-newswire-139-2,政府提案与媒体提案的不同之处在于，它需要议会两院三分之二多数才能修改《皇家宪章》，并且仲裁服务将免费向索赔人提供，但这两项提案都允许监管机构对新闻业处以最高 100 万英镑的罚款。
paragraph2sentence.train-newswire-140-1,据美国畅销小说家汤姆·克兰西的出版商称，他昨天在巴尔的摩的一家医院去世。这位六十六岁的作家以一系列以间谍、军事和地缘政治阴谋为主题的小说而闻名，其中许多小说已被改编成电影和电子游戏。
paragraph2sentence.train-newswire-140-2,军事和地缘政治小说家汤姆·克兰西昨天在医院去世，享年 66 岁，他的作品已被拍成电影和电子游戏。
paragraph2sentence.train-newswire-141-1,通用公共事业公司表示，由于两台蒸汽发生器的二次侧或非核侧存在矿藏，其三哩岛一号机组的发电量已削减至反应堆功率的 81%，即 730 兆瓦电力。该公司表示，这些沉积物不会影响工厂的安全运行，但会干扰蒸汽的生产。据称该装置在 1985 年底也同样受到电力限制。
paragraph2sentence.train-newswire-141-2,通用公共事业公司已经削减了三英里岛一号机组的发电量，因为其两台蒸汽发生器的矿藏干扰了蒸汽的生产。
paragraph2sentence.train-newswire-142-1,上周五，陪审团在针对 Equifax 的联邦诉讼中判给俄勒冈州马里恩县的 Julie Miller 1860 万美元。诉讼称，她花了两年时间试图让 Equifax 信息服务公司纠正她信用报告上的重大错误，这让她失去了获得新信用的机会。
paragraph2sentence.train-newswire-142-2,俄勒冈州的朱莉·米勒 (Julie Miller) 在针对 Equifax 的联邦诉讼中因其信用报告错误而赢得了数百万美元的赔偿。
paragraph2sentence.train-newswire-143-1,Showboat Inc 表示，新泽西州赌场控制委员会已指示其新的 Altnatic City Showboat 赌场、酒店和保龄球中心根据委员会规定于今天进行有限投注日。每个新赌场必须在开放常规游戏之前进行有限投注日。 Showboat 表示预计将于周五开放常规比赛。
paragraph2sentence.train-newswire-143-2,新泽西州的每个新赌场都必须在开业前进行有限投注日。
paragraph2sentence.train-newswire-144-1,爱尔兰廉价航空公司瑞安航空 (Ryanair) 解雇了在该航空公司工作了 25 年的飞行员约翰·戈斯 (John Goss)，原因是他在一部有关该航空公司安全的纪录片中发表了言论。瑞安航空发表声明，确认已对戈斯提起法律诉讼。
paragraph2sentence.train-newswire-144-2,最近，廉价航空公司之间对最便宜航班的竞争急剧加剧。
paragraph2sentence.train-newswire-145-1,国际移动机器公司表示，它已申请公开发行 100 万股可转换优先股。该公司表示，已向美国证券交易委员会提交了一份注册声明，德崇证券公司和 Butcher and Singer Inc 将共同管理此次发行。
paragraph2sentence.train-newswire-145-2,国际移动机器公司向美国证券交易委员会申请公开发行 100 万股股票。
paragraph2sentence.train-newswire-146-1,加纳可可委员会表示，在截至3月19日的1986/87主作季的第24周内，其采购了214吨可可，而前一周采购了456吨，在截至1985/86季3月27日的第24周采购了372吨。本产季迄今累计采购量为 217 449 吨，高于上产季第 24 周的 204 256 吨。
paragraph2sentence.train-newswire-146-2,此次扩建预计启动前成本为 2 亿第纳尔，将在目前每天 8 000 桶的基础上增加 15 000 桶/天。
paragraph2sentence.train-newswire-147-1,这是自 2007 年以来伊朗与国际原子能机构 (IAEA) 达成的第一项协议。伊朗与美国、法国、中国、俄罗斯和德国的世界领导人在日内瓦就国际原子能机构对伊朗核设施的进入权限进行了会谈后宣布了这一协议。谈判陷入僵局，但定于下周恢复。
paragraph2sentence.train-newswire-147-2,与国际原子能机构达成的第一项协议涉及国际原子能机构对伊朗核设施的访问权限。
paragraph2sentence.train-newswire-148-1,Nixdorf Computer AG <NIXG.F> 表示，其监事会已任命 Sven Kado 担任管理委员会副成员的新职位，将董事会成员人数增加至七人。 42 岁的 Kado 将负责财务和采购。迄今为止，财务一直由 Klaus Luft 负责。1986 年 3 月，公司创始人 Heinz Nixdorf 去世后，Klaus Luft 被任命为董事会主席。 Kado 于 1984 年加入 Nixdorf，此前担任公司控制和采购主管，任命自今日生效。
paragraph2sentence.train-newswire-148-2,工业副部长乔治·佩索斯 (George Petsos) 表示，在希腊福基达省 Aghia Efthymia 村附近建造一座年产 4.5 亿 DLR 氧化铝厂的准备工作将于下月底开始，该厂将于 1992 年投入运营。
paragraph2sentence.train-newswire-149-1,官方消息人士称，南斯拉夫电力行业继一月份试行发行债券后，昨天发行了三个月内第二次国内债券。南斯拉夫塞尔维亚共和国联合电力企业发行债券筹集80亿第纳尔用于建设新电力设施。消息人士称，这些债券将于八个月内到期，利率为 55%，但没有提供更多细节。一月份的债券受到超额认购，因为其利率比储蓄存款利率高出两个点，并且是第一批可以在到期前交换或转换的债券。
paragraph2sentence.train-newswire-149-2,交易商表示，美元和资本流入当地黄金股票和证券提振了需求。
paragraph2sentence.train-newswire-150-1,法语小报《晨报》(Le Matin) 于二月份在这里创办，该报表示，由于无法再获得融资，该报将关闭其业务。该报纸由私人投资者创办，是蒙特利尔第四份法语报纸，面向收入和教育程度高于平均水平的读者。它的每日发行量约为20 000份。 Le Matin 由 Southam Inc 的《蒙特利尔公报》印刷和发行。公报发言人表示，该报是《晨报》最大的债权人，但他拒绝透露债务金额。代理出版商让-皮埃尔·博杜阿表示，该报三名高级管理人员周五辞职后，该报银行冻结了其信贷额度。
paragraph2sentence.train-newswire-150-2,蒙特利尔的一份法文报纸《晨报》（Le Matin），由《公报》发行，因缺乏资金而被关闭。
paragraph2sentence.train-newswire-151-1,Medar Inc表示，它通过股票交换收购了俄亥俄州托莱多Owens-Illinois Inc的子公司Automatic Inspection Devices Inc 80%的股份。自动 为包装、制药、电子和消费品行业设计和制造一系列机器视觉系统。
paragraph2sentence.train-newswire-151-2,Medar Inc 收购了 Owens-Illinois Inc. 的子公司：Automatic Inspection Devices Inc.。
paragraph2sentence.train-newswire-152-1,DSC Communications Corp 表示，它修改了与 MCI Communications Corp <MCIC> 现有的长期供应合同，以交付新的汇接交换机。该电信系统公司表示，DEX 600E 交换机的交付计划于 1988 年第三季度开始，到 1989 年年底结束。新交换机增加了 DSC 现有 600 台交换机的端口容量。根据修订后的协议，DSC还将向MCI提供信号点传输产品。
paragraph2sentence.train-newswire-152-2,DSC Communications Corp 修改了与 MCI Communications Corp 的新汇接交换机合同，计划于 1988 年第三季度开始交付。
paragraph2sentence.train-newswire-153-1,财政部官员称，孟加拉国预计将于7月1日开始制定1987/88财年470亿塔卡的发展计划。这比今年增长了 6%。他们表示，86.5%的资金将来自国外。官员们表示，本月晚些时候在巴黎举行的捐助者会议上，孟加拉国将寻求近20亿德国卢克用于1987/88年的发展项目和进口。
paragraph2sentence.train-newswire-153-2,孟加拉国银行是孟加拉国的中央银行，负责监管货币、银行和外汇。
paragraph2sentence.train-newswire-154-1,<劳斯莱斯有限公司>表示，它与波音公司<BA.N>签署了一项协议，将在B767系列飞机上安装其RB 211-524 D4D发动机。该公司在一份声明中表示，该发动机目前正在开发中，将于 1990 年初投入使用。罗尔斯·罗伊斯表示，波音 747 也配备了该发动机，在 B767 飞机上使用该发动机也可以带来显着的运营效益。
paragraph2sentence.train-newswire-154-2,新装置的开发带来了显着的效益。
paragraph2sentence.train-newswire-155-1,正如预期的那样，法国政府赢得了总理雅克·希拉克寻求的议会对其总体政策的信任投票。希拉克领导的戴高乐主义政党 RPR 及其在执政联盟中的初级伙伴、中右翼 UDF 的投票使希拉克内阁在国民议会中获得微弱多数。在577名议员的议会中，共有294名议员投票支持希拉克，282名议员投反对票。一名成员缺席。社会党、共产党和极右翼国民阵线投票反对总理的呼吁。
paragraph2sentence.train-newswire-155-2,在最新的经销行业调查中接受调查的 325 家零售商中，有 59% 的零售商预计 3 月份的销售额将高于 1986 年 3 月，只有 6% 的零售商预计销售额会下降。
paragraph2sentence.train-newswire-156-1,本周早些时候，《福克斯新闻》和《纽约邮报》等媒体机构错误地发表了关于美国海军陆战队正在更换帽子以使其更加中性的说法，该海军陆战队昨天发表声明反驳了这一说法，称他们只是为女性更换礼服帽。他们在网站上的一份声明中表示，这一变化仅适用于女性海军陆战队，因为当前的制造商即将倒闭。
paragraph2sentence.train-newswire-156-2,美国海军陆战队纠正了媒体有关中性帽子新款式的说法，称他们只是为女性海军陆战队员更换礼服帽。
paragraph2sentence.train-newswire-157-1,Hadson Corp 表示，已签署最终协议，收购 Seaxe Energy Corp 85% 的已发行普通股。该公司表示，将以少于 200 000 股 Hadson 普通股的价格向拥有限制性或控制性股票的股东购买 Seaxe 85% 的权益。该公司表示，交割须经法国政府批准产权转让。 Seaxe参与法国巴黎盆地的石油和天然气勘探和开发。
paragraph2sentence.train-newswire-157-2,专业股票经纪人不断地押注于股市随时可能繁荣或崩溃的事实。
paragraph2sentence.train-newswire-158-1,波士顿爱迪生公司董事长史蒂芬·斯威尼表示，公司两名高级管理人员将提前退休，公司正在寻找新的总裁和首席财务官。兼任总裁兼首席执行官的斯威尼表示，执行副总裁兼首席运营官詹姆斯·莱登(James Lydon)、执行副总裁兼首席财务官约瑟夫·泰雷尔(Joseph Tyrrell)已要求在过渡期后提前退休。 Sweeney 表示，Lydon 和 Tyrrell 已在公司工作了 35 年以上。
paragraph2sentence.train-newswire-158-2,举行选举来决定新总统。
paragraph2sentence.train-newswire-159-1,Conrac Corp 表示，其董事会已拒绝 MArk IV Industries Inc 以每股 25 德国卢比收购所有 Conract 股票的收购要约，并且没有 Conract 董事计划收购任何股份。该公司表示，财务顾问<高盛>认为该价格不够充分。该公司表示，董事会已指示管理层与财务和法律顾问一起探索和制定替代行动方案，以最大限度地提高股东价值。
paragraph2sentence.train-newswire-159-2,Conrac Corp 董事会拒绝了 MArk IV Industries INc 的要约收购，因为价格被认为不够。
paragraph2sentence.train-newswire-160-1,独家牵头经办人 Hambros Bank Ltd 表示，GMAC (Australia) Finance Ltd 将发行 5000 万澳元的澳大利亚 DLR 欧元债券，将于 1991 年 5 月 6 日到期，利率为 14-1/4%，定价为 101%。此次发行由通用汽车承兑公司 (General Motors Acceptance Corp) 提供担保。该债券不可赎回，面额为 1 000 澳大利亚第纳尔，并将在伦敦上市。销售优惠为 1-1/8%，而管理和承销合计支付 5/8%。付款日期是5月6日。
paragraph2sentence.train-newswire-160-2,报告称，1986年，即戈尔巴乔夫执政的第一个完整年份，苏联经济增长了4.2%，是前10年平均增长率的两倍。
paragraph2sentence.train-newswire-161-1,贝尔加拿大企业 (BCE) 最近以 34 亿加元收购 Astral Media 电视和广播服务的出价已于周四获得加拿大广播电视和电信委员会 (CRTC) 的批准，该委员会是加拿大负责监督广播和电信的监管机构。 CRTC 于 10 月份拒绝了 BCE 对 Astral 的初步收购要约，理由是担心市场竞争。 CRTC 主席 Jean-Pierre Blais 表示，BCE 最近的出价保护了加拿大人的利益，因为除了出售近两打 Astral 服务外，BCE 还必须投资 2.469 亿美元用于加拿大新节目。
paragraph2sentence.train-newswire-161-2,Astral Media于2010年5月推出新标志，重塑形象。
paragraph2sentence.train-newswire-162-1,一位新闻发言人表示，阿根廷港口工人开始无限期抗议布宜诺斯艾利斯港的安全状况，每班停工一小时。他说，上个月，三名港口工人在事故中丧生。他说，采取行动的决定是在昨天一名港口工人触电死亡后做出的。
paragraph2sentence.train-newswire-162-2,布宜诺斯艾利斯的码头传来令人震惊的消息。
paragraph2sentence.train-newswire-163-1,苏格兰北艾尔郡一对分别为 87 岁和 84 岁的夫妇因车祸身亡。昨天上午 9 点 15 分左右（世界标准时间 0815），这对夫妇的身份尚未公开，当时他们正穿过拉格斯镇的格里诺克路，被一辆红色丰田汽车撞倒。
paragraph2sentence.train-newswire-163-2,一对老年夫妇去世，但身份尚未确定。
paragraph2sentence.train-newswire-164-1,参议院投票维持里根总统对 880 亿德国卢克公路和公共交通融资法案的否决，但西弗吉尼亚州参议院民主党领袖罗伯特·伯德呼吁进行第二次投票，重新考虑结果。第一次投票结束时，65 名参议员投票支持该法案，35 名参议员投票支持否决，距离推翻所需的三分之二多数票还差两人。北卡罗来纳州民主党人特里桑福德是投票支持否决的人之一。
paragraph2sentence.train-newswire-164-2,参议院将进行第二次投票，以重新考虑维持里根对高速公路和公共交通资金的否决。
paragraph2sentence.train-newswire-165-1,苏格兰保守党前领导人戴维·麦克莱奇 (David McLetchie) 今天因癌症在爱丁堡的一家临终关怀医院去世。他当时 61 岁。1997 年的大选中，苏格兰境内的保守党议员没有出现在伦敦举行的英国联合议会中。次年，麦克莱奇接管了苏格兰保守党，并于 1999 年选举了 18 名保守党议员进入新成立的权力下放的苏格兰议会。
paragraph2sentence.train-newswire-165-2,癌症在苏格兰是保守的。
paragraph2sentence.train-newswire-166-1,芬兰国家航空公司 (Finnair) 今天在一份声明中表示，它订购了两架麦道公司 (MD.N) MD-11 客机，并于 1990 年 10 月和 1991 年 5 月交付，并选择购买另外两架。芬兰航空首席执行官古纳尔·科尔霍宁(Gunnar Korhonen)除了告诉记者这些飞机“便宜”外，不会进一步讨论价格，不过市场消息人士表示，该航空公司可能会作为较早的客户降价。 Korhonen 表示，芬兰航空没有选择欧洲的 A-340 飞机，因为其发动机的制造存在不确定性，这可能会推迟飞机的生产。
paragraph2sentence.train-newswire-166-2,飞机的种类很多，包括螺旋桨飞机、喷气式飞机和大型喷气式飞机发动机，通常根据需要飞行的距离来使用。
paragraph2sentence.train-newswire-167-1,国有控股公司 <Societa Finanziaria Telefonica Spa> (STET) 表示，它正在组建一家新的电信公司 <Teleo Spa>，该公司打算在其服务中提供电子邮件系统。 STET 官员在新闻发布会上表示，Teleo 计划初始投资 180 亿里拉，预计五年内年销售额将达到 900 亿里拉。 STET 将持有新公司 10% 的股份，其余股本由两家 STET 子公司持有。
paragraph2sentence.train-newswire-167-2,里拉一直是意大利的官方货币，直到 2002 年被欧元取代。
paragraph2sentence.train-newswire-168-1,澳大利亚当选总理托尼·阿博特昨天宣布了他的新部长任命。名单显示，自由党前副党魁朱莉·毕晓普（Julie Bishop）议员出任新任外交部长，澳大利亚国家党党魁沃伦·特拉斯（Warren Truss）议员被任命为副总理。
paragraph2sentence.train-newswire-168-2,澳大利亚当选总理昨天宣布了外交部长和副总理的新任命。
paragraph2sentence.train-newswire-169-1,英国政府拒绝了一群报纸出版商提出的新闻自律计划，并表示他们打算继续实施由三个主要政党支持的皇家宪章。文化大臣玛丽亚·米勒周二在下议院表示，报业的提案未能落实去年针对媒体行为和道德标准的莱维森调查建议的基本部分。
paragraph2sentence.train-newswire-169-2,英国政府拒绝了一项新闻业自律计划，因为正如文化大臣所解释的那样，新闻业未能纳入莱维森调查的监管建议的基本部分。
paragraph2sentence.train-newswire-170-1,独家经理摩根士丹利公司表示，Rent-A-Center Inc 将通过发行 2012 年到期的可转换次级债券筹集 3500 万德国卢布，票面利率和票面利率为 5-3/4%。这些债券可以每股 40.50 德国卢布的价格转换为该公司的普通股，较债务条款确定时的股价溢价 25.58%。该债券两年内不可赎回，穆迪投资者服务公司将其评级为 Ba-3，标准普尔公司将其评级为 BB-。
paragraph2sentence.train-newswire-170-2,Rent-A-Center Inc 将通过发行可转换次级债券筹集 3500 万德国卢布，这些债券可以每股 40.50 德国卢布转换为公司的普通股。
paragraph2sentence.train-newswire-171-1,被查获的箱子装在五个货运托盘上，里面装有 120 袋 1 公斤袋的大麻、50 袋 1 公斤袋的 MDMA 和 5 块 1 公斤的可卡因。在一份新闻稿中，西米德兰兹警方描述了警方在行动中发现这些毒品后所发生的情况。
paragraph2sentence.train-newswire-171-2,上周四，岛国瑙鲁内阁批准将三个月单次入境媒体签证的申请费用从 200 澳元提高到 8 000 美元。
paragraph2sentence.train-newswire-172-1,意大利国家银行Banca Commerciale Italiana (BCI)表示，它将代表美林公司发行500亿里拉的欧洲债券。将于1992年5月26日到期，支付10%，定价为100 -1/2%。 BCI 在一份声明中表示，它正在领导一个由 25 家银行和金融机构组成的国际承保联盟。该银行表示，美林国际公司是联席牵头经办人。 BCI 表示，该不可赎回债券的面额为 200 万里拉，并将在卢森堡上市。
paragraph2sentence.train-newswire-172-2,意大利商业银行 (BCI) 与美林公司 (Merrill Lynch & Co.) 一起领导着一个由 25 家金融机构组成的国际承销联盟。
paragraph2sentence.train-newswire-173-1,在国际上，澳大利亚的成年人识字能力在接受调查的国家中排名第四。在最高熟练程度（5 级）中，澳大利亚以 1.3% 的比例位居接受调查国家第二位。它与荷兰并列。只有芬兰更高，为 2.2%。此级别的读者可以综合文本、比较和对比想法和观点，并处理多个来源的信息。澳大利亚的阅读能力达到 1 级的比例为 9.4%，是人口比例最低的国家之一。这意味着成年人对所阅读的内容有基本的了解，可以填写表格并理解句子的含义。总体而言，澳大利亚的平均阅读能力得分与挪威和瑞典相当。
paragraph2sentence.train-newswire-173-2,总体而言，澳大利亚在成人识字能力方面在接受调查的国家中排名靠前，与荷兰并列，落后于芬兰，其熟练程度最高，并且是其人口中熟练程度最低的比例最小的国家之一。
paragraph2sentence.train-newswire-174-1,斯特凡·米勒 (Stefan Millar) 是上个月因在苏格兰外赫布里底群岛谋杀 16 岁男性利亚姆·艾奇森 (Liam Aitchison) 而被判终身监禁的两名男子之一，他将对定罪提出上诉。上诉意向通知的提交已获得爱丁堡上诉法院的确认。米勒的律师将在接下来的两个月内准备文件以支持他的上诉案件。两名被定罪的人被要求在周五之前提交上诉计划。目前尚不清楚米勒的上诉听证会何时开始。
paragraph2sentence.train-newswire-174-2,高等司法法院是苏格兰的最高刑事法院，既是初审法院，又是上诉法院。
paragraph2sentence.train-newswire-175-1,周六印度尼西亚一座火山喷发后，救援人员仍在寻找三名儿童的尸体，推测已死亡。位于帕鲁埃岛的罗卡滕达山将岩石和火山灰抛向天空，造成当地破坏。熔岩溢出到海滩上，导致三名成人和三名睡梦中的儿童死亡。救援人员已打捞出成人的尸体，但仍未找到儿童的遗体。
paragraph2sentence.train-newswire-175-2,印尼白蜡可以很好地清洁。
paragraph2sentence.train-newswire-176-1,澳大利亚《Cleo》杂志的高级编辑 Sharri Markson 周三证实，她不会在 Dolly 和 Cleo 杂志突然合并之间竞争编辑一职。就在几天前，德国 Bauer Media 宣布合并旗下两本最受欢迎的澳大利亚杂志，预计到明年初将裁减一半的制作人员。
paragraph2sentence.train-newswire-176-2,在 Bauer Media 宣布合并两本最受欢迎的澳大利亚杂志并最终导致 50% 的制作人员流失后，高级编辑 Sharri Markson 确认她不会竞争编辑一职。
paragraph2sentence.train-newswire-177-1,BancTec Inc 表示，它收到了一份价值 600 万德国卢比的图像处理设备订单，这是该公司有史以来最大的订单。 BancTec 表示，该订单预计将在本财年发货，该订单是由一家大型国际公司下的，但未透露该公司的名称。
paragraph2sentence.train-newswire-177-2,BancTec 获得了价值 600 万美元的图像处理设备订单，这是其有史以来最大的订单。
paragraph2sentence.train-newswire-178-1,英国央行表示，下午为市场提供了总计 1.66 亿英镑的进一步帮助。在第一频段，它以 9-7/8% 的价格购买了 3100 万标准的国库券和 300 万标准的银行票据，而在第二频段，它以 9-13/16% 的价格购买了 6900 万标准的银行票据。此外，它还以 9-3/4% 的价格购买了 6300 万股三级银行票据。这使得央行迄今为止提供的援助总额达到 2.19 亿英镑，而流动性短缺估计约为 3 亿英镑。
paragraph2sentence.train-newswire-178-2,一位进口商协会官员表示，“即使商务部不再进口食糖，我们也不一定会购买更多。”
paragraph2sentence.train-newswire-179-1,能源、电信和邮政部副部长再纳尔·阿比丁·辛 (Zainal Abidin Zin) 表示，马来西亚已决定推迟东马砂拉越州价值 50 亿迪拉姆水力发电项目的开发，直至经济好转。他告诉记者，由于资金短缺，政府被迫搁置了该项目，该项目涉及修建几座水坝和一条容量为 2 万兆瓦的海底电缆。 Zainal说，如果该项目能够在1996年之前启动，马来西亚原计划在2000年之前将该项目产生的电力出口到新加坡、文莱和印度尼西亚。
paragraph2sentence.train-newswire-179-2,能源进口量约为新加坡一次能源的三倍。
paragraph2sentence.train-newswire-180-1,上周日，伊利诺伊州州长帕特·奎因签署了一项名为“洛基法”的法案，要求伊利诺伊州高中通过当地学区购买高达 300 万美元的灾难性伤害保险或长达五年的医疗费用，以先到者为准，涵盖学生运动员。保险必须涵盖学生运动员在比赛期间的情况。
paragraph2sentence.train-newswire-180-2,如果您是参赛的学生运动员，现在必须购买伤害保险。
paragraph2sentence.train-newswire-181-1,据塔巴斯科州民防局局长称，昨天墨西哥塔巴斯科州发生火车出轨事故，造成至少 5 人死亡、16 人受伤。移民经常使用货运列车。
paragraph2sentence.train-newswire-181-2,在墨西哥，骡子通过货运列车运输。
paragraph2sentence.train-newswire-182-1,一名海员发言人表示，巴西海员的罢工自 2 月 27 日开始，数周以来逐渐减少，现已结束。该发言人表示，周六，海员们已与国有的 Lloyd Brasileiro 公司签署了加薪 120% 的协议。自三月中旬以来，随着海员与公司达成个人协议，全国罢工逐渐平息。海员们表示，在停工最严重的时候，大约有 200 艘船遭受罢工。
paragraph2sentence.train-newswire-182-2,巴西全国海员罢工现已结束，并与国有 Lloyd Brasileiro 公司达成了加薪 120% 的协议。
paragraph2sentence.train-newswire-183-1,2011 年 10 月萨维尔去世大约一年后，英国独立电视台 (ITV) 播放了一部纪录片，其中几名妇女声称曾遭到这位前电视明星的性虐待。从那时起，更多的人站出来发表声明，声称萨维尔有虐待行为。此外，还有一些其他名人和公众人物因涉嫌性虐待和强奸而被捕。
paragraph2sentence.train-newswire-183-2,印度尼西亚国家警察周一报告称，澳大利亚皇家海军在宣称圣诞岛目的地为目的地后，将抵达的寻求庇护者拖回印度尼西亚罗特岛。
paragraph2sentence.train-newswire-184-1,首席经理人高盛表示，First Interstate Bancorp 将发行 2 亿第纳尔 1999 年到期的次级资本票据，票面利率为 8-5/8%，面值定价为 140 个基点，比同类国债的收益率高出 140 个基点。该债券到期后不可赎回，穆迪投资者服务公司将其评级为 A-1，标准普尔公司将其评级为 A-+。第一波士顿、所罗门兄弟和希尔森雷曼共同管理了此次交易。
paragraph2sentence.train-newswire-184-2,优惠券通常向公众提供，以获得公司产品的折扣。
paragraph2sentence.train-newswire-185-1,随着美国流感季节于本月开始，美国疾病控制与预防中心 (CDC)、天气频道和谷歌流感趋势网站今天报告流感水平较低。
paragraph2sentence.train-newswire-185-2,尽管美国流感季节已经开始，但报告称流感水平较低。
paragraph2sentence.train-newswire-186-1,澳大利亚有 140 000 名女性作为运动员、体育管理者、教练、员工、俱乐部成员或志愿者参与橄榄球联盟。 《堪培拉时报》的凯伦·哈迪估计，如果把妻子、女朋友、母亲和其他支持男球员的女性家庭成员也包括在内，这个数字很容易会增加四倍。
paragraph2sentence.train-newswire-186-2,参加这项赛事时，滑雪运动员有机会通过八项世界杯赛事的参赛资格，其中只有两个项目：大回转和回转。
paragraph2sentence.train-newswire-187-1,昨天，英国上议院三读通过了《婚姻（同性伴侣）法案》，这是修改法律以允许英格兰和威尔士同性伴侣之间结婚的最后一个重大步骤。该法案将于本周成为法律，同性婚姻仪式可能会在 2014 年开始。
paragraph2sentence.train-newswire-187-2,沙龙于 1973 年当选为以色列议会议员，随后在政府中担任多个部长职务，包括担任伊扎克·拉宾 (Yitzhak Rabin) 的安全顾问，并担任农业、国防部长、贸易和工业、建筑和住房以及国家基础设施部长。
paragraph2sentence.train-newswire-188-1,制造商汉诺威信托公司成为美国第三家将优惠利率从 7-1/2 提高到 7-3/4% 的主要银行，与花旗银行和大通曼哈顿昨天发起的举措相匹配。该银行是汉诺威制造商公司的主要子公司，表示新利率于今日生效。
paragraph2sentence.train-newswire-188-2,汉诺威信托公司成为美国第三家提高优惠利率的主要银行（继花旗银行和大通曼哈顿银行之后）。
paragraph2sentence.train-newswire-189-1,该航空公司已经就英国第四频道周一晚上播出的《驾驶舱的秘密》提起诉讼，该节目是《Dispatches》系列节目的一部分，戈斯在节目中出现过。该节目讨论了该航空公司的安全问题，重点关注燃油政策，调查瑞安航空使用最低限度燃油并恐吓提出担忧的飞行员的指控。
paragraph2sentence.train-newswire-189-2,第四频道以其基于有争议问题的尖端纪录片而闻名。
paragraph2sentence.train-newswire-190-1,贸易和工业大臣表示，他已决定不将 Reed International Plc <REED.L> 收购 <Technical Publishing Company Inc> 的提议提交给垄断与兼并委员会。 <Rosehaugh Plc> 收购<The General Funds Investment Trust Plc> 的提议也已获得批准。
paragraph2sentence.train-newswire-190-2,如果他们选择不这样做，他威胁要再次在只有民主党人出席的情况下闭门起草一份预算，就像前两年所做的那样。
paragraph2sentence.train-newswire-191-1,VMS Strategy Land Trust 表示，已宣布派发每股 30 克拉的初始季度现金股息，将于 5 月 15 日支付给 4 月 20 日登记在册的股东。该公司还表示，即日起，该公司将在纳斯达克系统交易，交易代码为 <VLANS>。
paragraph2sentence.train-newswire-191-2,VMS Strategy Land Trust（现在纳斯达克以 VLANS 名义交易）宣布派发每股 30 美分的初始现金股息，将于 5 月 15 日支付。
paragraph2sentence.train-newswire-192-1,Centerre Bancorp 表示，已完成对位于密苏里州马里兰高地的 Benefit Plan Services Inc 的收购，该公司专门设计和管理中小型养老金计划。条款并未披露。
paragraph2sentence.train-newswire-192-2,Centerre Bancorp 私人收购了 Benefit Plan Services Inc，这是一家位于密苏里州马里兰高地的养老金计划协调公司。
paragraph2sentence.train-newswire-193-1,伍德沃德和洛思罗普公司表示，总裁戴维·马伦已辞职，并由汤姆·罗奇接任，自 1987 年 4 月 20 日起生效。伍德沃德和洛思罗普是一家私营零售商，表示马伦已表示希望追求其他商业利益。罗奇加入 J.W. 1986 年 3 月，洛杉矶罗宾逊公司 (Robinson Inc) 担任董事长，在母公司 Associated Dry Goods 被 May Co. 收购后不久辞职。
paragraph2sentence.train-newswire-193-2,Woodward and Lothrop Inc 总裁 David Mullen 已辞职，自 1987 年 4 月 20 日起由 Tom Roach 接替。
paragraph2sentence.train-newswire-194-1,美国证券交易所表示，今天开放了 Harcourt Brace Jovanovice Inc 普通股的看跌期权和看涨期权交易。该交易所表示，Harcourt Brace 是 LTV Corp 的替代选择。美国运通表示，HBJ 期权的初始到期月份是 4 月、5 月、7 月和 10 月。
paragraph2sentence.train-newswire-194-2,HBJ 期权将于 4 月、5 月、7 月和 10 月到期。
paragraph2sentence.train-newswire-195-1,辛辛那提贝尔公司表示，已开始对 Auxton Computer Enterprises Inc 所有股票进行之前宣布的每股 15.75 德国莱拉的要约收购。该公司在报纸广告中表示，要约和撤回权将于 5 月 5 日到期，除非延期。该要约已获得 Auxton 董事会批准，随后将以相同价格进行合并，条件是在完全稀释的基础上获得 Auxton 的多数投票权股票。
paragraph2sentence.train-newswire-195-2,消息人士称，Ongpin 不太可能来美国就此事提出申诉，并预计以制造商汉诺威信托公司 (Manufacturers Hanover Trust Co) 为首的菲律宾银行咨询委员会将通过电传方式就降低息差进行谈判。
paragraph2sentence.train-newswire-196-1,Household International Inc表示，预计第一季度完全摊薄后的每股收益将比去年同期高出约35%。它还预计 1987 年全年完全摊薄收益将比 1986 年创纪录的每股 4.31 德国卢比高出约 20%。董事长唐纳德·克拉克 (Donald Clark) 在准备向纽约证券分析师发表的讲话中提到，家庭金融服务公司的收益有所增加，“家庭制造公司的股本回报率极好，再加上我们股票回购计划的影响，将导致 1987 年每股收益更高，股本回报率也有所提高。”
paragraph2sentence.train-newswire-196-2,在与纽约证券分析师的会议上，Household International Inc. 董事长唐纳德·克拉克 (Donald Clark) 表示，Household Financial Services 的收益增加，且股本回报率优异，与股票回购计划相结合，将提高每股收益和股本回报率。
paragraph2sentence.train-newswire-197-1,CPI公司表示，美国电话电报公司已授权其商业电话系统部门向圣路易斯和芝加哥商业市场代理其计算机产品线。 CPI表示，协议中包含的产品包括电脑、打印机、电话调制解调器和传真机。
paragraph2sentence.train-newswire-197-2,通信技术可用于跨海的企业之间的联系。
paragraph2sentence.train-newswire-198-1,牵头经办人瑞士银行表示，马来西亚将发行1亿瑞士法郎、利率为5-3/4%的10年期票据，发行价格为100.2%。预计付款日期为4月22日。不可提前赎回。瑞士银行表示，这是马来西亚自1985年7月在瑞士发行债券以来首次利用瑞士资本市场。
paragraph2sentence.train-newswire-198-2,1998 年，瑞士银行与瑞士联合银行合并成立瑞银集团。
paragraph2sentence.train-newswire-199-1,联合国此前试图结束叙利亚暴力的努力失败了。 2012 年 5 月，一支联合国车队遭到简易爆炸装置（IED）袭击，同时一个人权组织报告称，叙利亚军队在伊德利卜省汗谢洪镇附近的一场葬礼上对平民发动了军事袭击。同年 8 月晚些时候，一支 300 人的团队在任期届满后离开该国，并且从未续签。 2012年观察队指挥官巴巴卡尔·盖伊将军对叙利亚武装部队和叛军不允许联合国完成其使命表示失望。
paragraph2sentence.train-newswire-199-2,2012 年 5 月，一支联合国车队在伊德利卜省遭到简易爆炸装置袭击。
paragraph2sentence.train-newswire-200-1,昨天，日本受损的福岛核电站泄漏储罐周围的辐射水平飙升至致命水平。今天，国家核管理局（NRA）表示，受污染的水可能会被排入大海。
paragraph2sentence.train-newswire-200-2,福岛核电站的辐射泄漏达到致命水平，当局警告受污染的水流入大海。
paragraph2sentence.train-newswire-201-1,Americanture Inc 表示，它已以现金、承担负债以及向债权人、股东和成员发行 American Adventure Inc 普通股和优先股的方式收购了 American Adventure Inc <GOAQC>。此次收购是根据美国冒险公司破产法第 11 章重组计划进行的。该公司表示，此次交易涉及的资产价值超过8300万德国卢比。
paragraph2sentence.train-newswire-201-2,作为美国破产法第 11 章重组计划的一部分，Americanture Inc 收购了 American Adventure Inc。
paragraph2sentence.train-newswire-202-1,首席经理摩根担保有限公司表示，麦当劳公司将发行 7500 万美元的加拿大 DLR 欧洲债券，将于 1992 年 5 月 14 日到期，利率为 8-1/2%，定价为 101-5/8%。该不可赎回债券的面额为 1 000 和 10 000 加拿大第纳尔，并将在卢森堡上市。销售优惠为 1-1/4%，而管理和承保合计支付 5/8%。付款日期为5月14日。
paragraph2sentence.train-newswire-202-2,麦当劳公司于 1992 年 5 月 14 日发行新的 7500 万加拿大德国卢克欧洲债券。
paragraph2sentence.train-newswire-203-1,<Consolidated Norex Resources Ltd> 表示，同意收购 Triweb Resources Ltd 的所有已发行和流通股，Triweb Resources Ltd 是一家私营石油和天然气公司，在阿尔伯塔省和萨斯喀彻温省拥有土地和生产基地。该公司表示，有关购买价格和其他条款的具体细节将在交易结束时公布，预计于 5 月 15 日结束。
paragraph2sentence.train-newswire-203-2,在电力出现之前，光源是通过在油灯中燃烧油来产生的。
paragraph2sentence.train-newswire-204-1,Surgidyne Inc 表示，该公司已就拟议的普通股首次公开募股提交了注册声明。该公司拟以每股约 2.00 德国卢比发行 1 125 000 股普通股。此次发行将由 Westonka Investments Inc. 承销。Surgidyne 开发和销售特种医疗和外科产品。
paragraph2sentence.train-newswire-204-2,医疗设备生产商 Surgidyne Inc 计划向公众开放其大部分股份。
paragraph2sentence.train-newswire-205-1,VMS Strategy Land Trust 宣布于 5 月 15 日向 4 月 20 日登记在册的股东派发每股 30 克拉的初始股息。根据该公司 12 月份每股 10 德莱拉的原始发行价，该股息相当于 12% 的年回报率。该公司表示，回报保证期截至 1988 年 12 月 31 日。该信托投资于短期初级建筑前抵押贷款，投资本金总额约为 1.057 亿德国卢比。
paragraph2sentence.train-newswire-205-2,VMS 战略土地信托宣布派发股息，并在 1988 年 12 月 31 日之前保证回报。
paragraph2sentence.train-newswire-206-1,现金谷物经销商报告称，中西部地区玉米和大豆的国内运输缓慢，甚至本周早些时候 PIK 和卷装活动带来的玉米销售也出现枯竭。一些交易商表示，美国农业部可能会进一步调整海湾地区公布的县价格，以考虑高驳船运费，以保持玉米销售畅通，但他补充说，目前的计划可能需要几周时间，看看是否能按预期发挥作用。由于驳船运费强劲，伊利诺伊州和密西西比河中部的玉米和大豆基价继续下跌。托莱多和芝加哥的电梯即将完成新运输季节第一批玉米船的装载，支撑了这些码头的现货基价。
paragraph2sentence.train-newswire-206-2,强劲的驳船运费阻碍了玉米和大豆的运输。
paragraph2sentence.train-newswire-207-1,财政部长詹姆斯·贝克表示，他希望昨天两大货币中心银行优惠利率的小幅上调只是暂时现象。他对众议院拨款小组委员会说，我希望这只是暂时的上升。他表示，自里根总统上任以来利率下降仍然是“本届政府在经济领域取得的重大成就之一”。
paragraph2sentence.train-newswire-207-2,一位财政部长表示，利率下降是一项重大成就，最近两家货币中心银行优惠利率的提高只是暂时的。
paragraph2sentence.train-newswire-208-1,移民政策和同性婚姻是澳大利亚总理兼工党领袖陆克文和自由党领袖托尼·阿博特昨天举行的首场辩论中讨论的问题之一。
paragraph2sentence.train-newswire-208-2,恐同症和情人节都是多余的。
paragraph2sentence.train-newswire-209-1,费城证券交易所总裁尼古拉斯·乔达诺 (Nicholas Giordano) 告诉记者，费城证券交易所很快将在香港和东京开设办事处，以帮助提高远东地区对外币期权的参与度，然后在四五个月后开始晚间交易。日本机构已经是费城外币期权交易的主要参与者，利用子公司或代理商在当前日间交易时段进行交易。
paragraph2sentence.train-newswire-209-2,伦敦劳埃德银行发言人表示，泽布吕赫渡轮灾难后，保险公司可能面临超过 3000 万美元的保险索赔。
paragraph2sentence.train-newswire-210-1,NMR Centers Inc 表示，已开始在新泽西州汤姆斯河建造 500 万立方米的多模态海洋医学成像中心，预计于 11 月竣工。据称，该中心全面投入运营后，年收入将超过 500 万德国卢比。 NMR 表示，它将提供约 3 500 000 第纳尔的设备和营运资金，并将管理该中心，而中央州立健康服务公司正在为这座耗资 1 600 000 第纳尔的大楼的建设提供融资。
paragraph2sentence.train-newswire-210-2,柯达表示，该工厂的建设成本将超过 2 亿德国兰特，并将配备约 250 名员工，他们将从现有的制造业务中调来。
paragraph2sentence.train-newswire-211-1,继冈比亚上周突然退出英联邦后，该国今天确认退出定于明年在格拉斯哥举办的英联邦运动会。这使得 70 个国家和地区参加奥运会。
paragraph2sentence.train-newswire-211-2,冈比亚退出英联邦国家，因此退出有 70 个国家和地区参加的英联邦运动会。
paragraph2sentence.train-newswire-212-1,美国宇航局发言人表示，发射军事通信卫星的阿特拉斯半人马座火箭在发射一分钟后失控并被摧毁。阿特拉斯半人马号在多雨和阴天的条件下发射。几秒钟之内，管制员报告飞机失控，并下令将其炸毁。美国宇航局发言人丽莎·马龙表示，火箭可能被闪电击中。这是自 1986 年 5 月 Delta 火箭失败以来 NASA 的首次失败。
paragraph2sentence.train-newswire-212-2,美国宇航局的飞机有能力进入太空并到达月球。
paragraph2sentence.train-newswire-213-1,西方石油公司 (Occidental Petroleum Corp) 旗下子公司 MidCon Corp 表示，从 5 月 1 日起，Dan Grubb 将接替 O.C. 担任该部门的总裁兼首席运营官。戴维斯将继续担任董事长兼首席执行官。 MidCon 表示，Midcon 负责规划和管理的高级副总裁 Robert Hodge 将在 Grubb 就任新职务后接任 Midcon Services 总裁。此外，Midcon 表示，Midcon 高级副总裁兼首席财务官 Philip Gasparac 将承担规划、费率和合资企业的额外职责。
paragraph2sentence.train-newswire-213-2,MidCon Corp 任命 Dan Grubb 为其新总裁，接替 O.C.戴维斯.
paragraph2sentence.train-newswire-214-1,感恩节早晨黎明前，德克萨斯州达拉斯地区的百思买商店外至少搭起了四个露营帐篷。多年前，感恩节后所谓的“黑色星期五”早上 6 点开门营业，对零售商店来说被认为是一件特别的事情。按照现代标准，那个时间被认为是“迟到”了。许多零售商使用路障来组织聚集在店面的人。
paragraph2sentence.train-newswire-214-2,继三岁的米凯尔·库拉尔失踪后，英国媒体本周一直关注爱丁堡。
paragraph2sentence.train-newswire-215-1,North Star Uranium Inc 表示，该公司已更名为 West Coast Traders Inc，以反映其大量进口橄榄油的业务。该公司表示，计划开始在全国范围内分销其意大利橄榄油品牌，该品牌现已在西海岸销售。 North Star Uranium 在 1986 年 6 月收购 West Coast Traders 之前一直处于闲置状态。
paragraph2sentence.train-newswire-215-2,它没有说明修正案是什么。
paragraph2sentence.train-newswire-216-1,Dexter Corp 的 Hysol 航空航天和工业产品部门表示，同意将其工程粘合剂授权给丰田汽车公司的丰田合成子公司。这两个部门将共同开发一系列适用于汽车和某些其他行业的结构粘合剂和应用技术。
paragraph2sentence.train-newswire-216-2,德克斯特公司坚持丰田发展。
paragraph2sentence.train-newswire-217-1,制造商国民公司 (Manufacturers National Corp) 旗下的制造商银行威尔明顿 (Manufacturers Bank-Wilmington) 表示，将其免费可变利率万事达卡的利率从 13.3% 提高到 13.6%。新利率适用于第二季度。卡上的费率每季度设定一次。
paragraph2sentence.train-newswire-217-2,制造商国民公司 (Manufacturers National Corp) 旗下制造商银行威尔明顿 (Manufacturers Bank-Wilmington) 的免费浮动利率万事达卡第二季度利率上升了 0.3%。
paragraph2sentence.train-newswire-218-1,根据政府在国家电视台发布的声明，伊朗周一同意允许联合国更多地使用核设施。联合国监测员将进入仍在建造的重水反应堆以及伊朗最大的铀反应堆。政府公告还表示，伊朗将澄清其建设新铀浓缩设施和技术的计划。
paragraph2sentence.train-newswire-218-2,联合国将有更多机会接触伊朗的核设施，包括一些仍在建设中的新技术。
paragraph2sentence.train-newswire-219-1,Nettles 对时尚事业很感兴趣，在当地时尚公司 Ay'Medici 担任实习生。她在 LinkedIn 上写道，“高中时第一次展示我的手工设计服装后，时尚就成了我人生的一个明确决定”，她在 LinkedIn 上形容自己是“反暴力”的。她此前曾在哈莱姆儿童区教授时尚，并在纽约理工学院和面包与玫瑰综合艺术高中学习。
paragraph2sentence.train-newswire-219-2,内特尔斯在纽约理工学院和面包与玫瑰综合艺术高中学习后，在哈莱姆儿童区教授时尚。
paragraph2sentence.train-newswire-220-1,英国央行表示，早盘向货币市场提供了 5300 万美元的短期援助。相比之下，该银行估计系统短缺约 3 亿标准吨，此前该预测从 2.5 亿标准上调。央行以 9-3/4% 的利率直接购买了第三级银行票据，其中包括 4600 万标准普尔，以 9-11/16% 的利率购买了第四级 700 万标准普尔。
paragraph2sentence.train-newswire-220-2,该公司表示，针对其及其某些单位的约 500 项个人索赔仍作为破产法院的争议索赔悬而未决。
paragraph2sentence.train-newswire-221-1,上周六，弗里曼特尔码头工人队 (Fremantle Dockers) 在西澳大利亚珀斯帕特森体育场举行的澳大利亚橄榄球联盟预赛决赛中以 99 比 74 击败悉尼天鹅队 (Sydney Swans)。弗里曼特尔队将对阵山楂鹰队，这是他们 19 年来首次参加总决赛。
paragraph2sentence.train-newswire-221-2,弗里曼特尔码头工人队 (Fremantle Dockers) 在澳大利亚橄榄球联盟预赛决赛中击败了悉尼天鹅队 (Sydney Swans)。
paragraph2sentence.train-newswire-222-1,Norstar Bancorp 表示，它将把位于长岛和纽约市的银行合并为一家名为 Norstar Bank 的机构。 Norstar 表示，合并后的银行总部位于长岛，将拥有 20 亿德国卢克的资产和 80 家分支机构。该公司补充说，此次合并将为客户提供重要的管理和运营效率。 Norstar 表示，此次合并还将使管理其银行网络变得更加容易，因为该公司准备通过 13 亿德国卢克股票交易与 Fleet Financial Group <FLT> 合并。
paragraph2sentence.train-newswire-222-2,Norstar Bancorp 将其在长岛和纽约市的分支机构合并为一个机构。
paragraph2sentence.train-newswire-223-1,在瑞典，一份关于瑞安航空紧急迫降的报告本周得出结论，一名航空公司员工擦拭了驾驶舱语音记录器和飞行数据记录器，以防止调查人员访问它们。这架飞机起飞后不久就因电气故障返回斯德哥尔摩附近的机场。瑞安航空拒绝瑞典事故调查局对丢失数据的看法，并告诉《Södermanlands Nyheter》报纸，一名试图修理飞机的技术人员在与瑞安航空技术部门协商后重置了录音，技术部门认为这些录音不需要保存。
paragraph2sentence.train-newswire-223-2,驾驶舱录音机用于记录飞行过程中驾驶舱内所说的话，特别是当空中出现问题时，然后可以通过录制的对话进行评估和分析。
paragraph2sentence.train-newswire-224-1,两支澳大利亚队均以不败战绩晋级本届赛事。滑翔机队在金牌争夺战中以57-35击败中国队。随后滚轴队上场并以 63-46 击败韩国队。伊朗队和日本队分别获得男子和女子铜牌比赛。
paragraph2sentence.train-newswire-224-2,庞特维尔拘留中心附近的当地市长托尼·福斯特表示，该中心仅​​三年前开业，并重振了当地经济。
paragraph2sentence.train-newswire-225-1,主承销商 IBJ International Ltd 表示，Caisse Nationale des Te communications 将发行 200 亿日元欧元债券，将于 1992 年 5 月 29 日到期，利率为 4-3/8%，定价为 101-1/2%。该不可赎回债券的面额为 100 万日元，由法国担保。销售优惠为 1-1/4%，而管理和承保合计支付 5/8%。付款日期为5月29日，发行将在卢森堡上市。
paragraph2sentence.train-newswire-225-2,目前尚不确定法院今天是否会就这一请求做出任何决定。
paragraph2sentence.train-newswire-226-1,Whittaker Corp 表示，已完成之前宣布的将其全资子公司 Whittaker General Medical Corp 出售给 R.A.B. 的交易。控股公司的未公开条款。 Whittaker General Medical 年收入约为 4.5 亿第纳尔。
paragraph2sentence.train-newswire-226-2,Whittaker Corp 已将其全资子公司 Whittaker General Medical Corp 出售给 R.A.B.控股公司的未公开条款。
paragraph2sentence.train-newswire-227-1,有报道称周三的化学袭击造成 100 至 1 300 人死亡，但没有关于昨天的爆炸事件造成人员伤亡的报道。许多遇难者似乎都是儿童。从该国传出的一些图片和视频并没有显示血迹和被肢解的尸体，但据目击者称，显示的是那些明显死于窒息的人；有的口吐白沫，有的抽搐。据称，YouTube 上发布的一段视频显示，一名在所谓的袭击事件中幸存下来的年轻女孩大喊“我还活着，我还活着。”据《华盛顿邮报》报道，这名女孩甚至一度试图说服医院官员她还活着。
paragraph2sentence.train-newswire-227-2,YouTube 上的一段视频显然显示，一名年轻女孩在遭受化学袭击后试图说服医院官员，她实际上还活着。
paragraph2sentence.train-newswire-228-1,政府官员和其他专家本周早些时候就今年四月德克萨斯州西部小镇发生爆炸后吸取的教训进行了介绍。该活动由德克萨斯州卫生服务部赞助，作为其大查房研讨会活动的一部分，在德克萨斯州各地进行了现场直播。三位积极参与应对这一事件的官员分别发表了演讲。
paragraph2sentence.train-newswire-228-2,德克萨斯州发生爆炸后，在一次赞助活动中就爆炸事件发生后吸取的教训进行了演示和广播。
paragraph2sentence.train-newswire-229-1,周六，大约四千人在阿塞拜疆巴库举行反政府抗议活动。抗议活动在该市郊区举行，目的是反对最近一次总统选举中涉嫌选举舞弊的行为，该选举使伊利哈姆·阿利耶夫总统连续第三个任期连任。抗议者指责政府恐吓选民和填塞选票，并集会要求进行新的民意调查。
paragraph2sentence.train-newswire-229-2,周六，阿塞拜疆巴库发生大规模反政府抗议活动，抗议伊利哈姆·阿利耶夫总统第三次连任的总统选举中涉嫌选举舞弊。
paragraph2sentence.train-newswire-230-1,交易商表示，随着基本面继续向好，预计活牛期货将继续攀升至新季节高点和多年来的最高水平。他们将稳定甚至更高的实时通话视为主要购买因素。他们指出，市场准备供应仍然紧张，包装商的兴趣一直在改善。现金批发牛肉基调坚挺，以及切块价格上涨的盒装牛肉走势温和，也被认为是支撑因素。他们补充说，强手停止交货可能会增加四月份现货的强度。
paragraph2sentence.train-newswire-230-2,由于活牛需求增加、活牛供应紧张以及包装商兴趣增加，预计活牛期货价格将继续上涨。
paragraph2sentence.train-newswire-231-1,昨天下午 4:00（格林威治标准时间 1800）之前，巴黎埃菲尔铁塔的游客接到恐吓电话后被疏散。接到电话后，安全部队封锁了该地区，大约一个半小时后，威胁消除后，埃菲尔铁塔重新开放。
paragraph2sentence.train-newswire-231-2,昨天，埃菲尔铁塔在接到威胁电话后暂时关闭，但一个半小时后，安全部队解除了威胁，埃菲尔铁塔重新向游客开放。
paragraph2sentence.train-newswire-232-1,斯威夫特独立包装公司表示，原则上同意将其位于南达科他州休伦的猪肉工厂出售给休伦调味牛肉，但具体条款未公开。斯威夫特表示，拟议交易的完成取决于休伦公司是否有能力以具有竞争力的价格雇用经验丰富的劳动力，并获得政府对工厂购买和运营的批准。
paragraph2sentence.train-newswire-232-2,Swift Independent Packing Co 暂时同意将其位于南达科他州休伦的猪肉厂出售给 Huron Dressed Beef，条件是后者有能力招聘员工并获得政府批准。
paragraph2sentence.train-newswire-233-1,美联储发言人表示，截至 3 月 25 日星期三的一周内，纽约市八家主要银行没有向美联储借款。这是周三结束的为期两周的银行对账单期间的后半段。银行在此期间的第一周没有借款。
paragraph2sentence.train-newswire-233-2,从 3 月 21 日星期三开始的一周内，美联储没有向纽约市八家主要银行提供贷款。
paragraph2sentence.train-newswire-234-1,ASIC 设备测试系统开发商 ASIX Systems 表示，该公司已在第二轮股权融资中获得 4 800 000 德国卢比。该公司表示，投资者包括第一轮参与者 Paragon Partners、Citicorp <CCI>、Vista Ventures、Rust Ventures 和 Orien Ventures，以及新投资者 North Carolina Bank Venture Co LP、RepublicBankCorp <RPT> 和 ECI Ventures。该公司表示，目前已筹集总资本 8 600 000 德国卢比。
paragraph2sentence.train-newswire-234-2,Epitope Inc表示，它已经开发出一种Western Blot AIDS测试，并将立即开始全球营销活动。
paragraph2sentence.train-newswire-235-1,矿业和能源部长苏布罗托确认印度尼西亚支持延长第六份国际锡协议（ITA），但表示没有必要签订新协议。周一，当路透社要求苏布罗托澄清他的声明时，他表示应该允许该协议失效，苏布罗托表示，印度尼西亚已准备好支持延长 ITA。他说，我们可以支持延长第六项协议。 “但我们认为第七协议是不必要的。”除非三分之二多数成员投票支持延期，否则第六次 ITA 将于 6 月底到期。
paragraph2sentence.train-newswire-235-2,欧佩克秘书长苏布罗托警告说，世界每天都面临石油短缺。
paragraph2sentence.train-newswire-236-1,信息部长 Harmoko 在讨论经济形势的内阁会议后表示，从 1986/87 财年到 3 月 31 日，印度尼西亚的通货膨胀率为 8.8%，而上一年为 5.66%。
paragraph2sentence.train-newswire-236-2,一位交易员表示，日本央行可能在澳大利亚开盘前进行了干预，但无法证实这一点。
paragraph2sentence.train-newswire-237-1,塞浦路斯矿业公司表示，该公司获得了一份为期五年的合同，向 Niagara Mohawk Power Co <NMK> 供应 36 万吨动力煤。根据 1985 年签署的合同，该公司目前每年向尼亚加拉莫霍克运送 24 万吨动力煤。这些煤炭来自宾夕法尼亚州西南部的翡翠矿。
paragraph2sentence.train-newswire-237-2,塞浦路斯矿业公司 (Cyprus Minerals Co) 获得了一份为期五年的合同，从宾夕法尼亚州西南部的 Emerald 矿向 Niagara Mohawk Power Co (NMK) 供应 36 万吨动力煤。
paragraph2sentence.train-newswire-238-1,PDA Engineering 表示，由于该程序存在技术问题，该公司已暂时推迟用于 IBM 计算机的 PATRAN 软件的发货。该公司表示，延期将减少其第三季度的收入和利润。 PDA 表示，预计第四季度将恢复发货。
paragraph2sentence.train-newswire-238-2,PDA 的技术问题导致 IBM 的软件发货停止。
paragraph2sentence.train-newswire-239-1,分手是在上周辛辛那提大师赛第三轮输给罗马尼亚选手西蒙娜·哈勒普后发生的。 “我想我们都感觉我们快要走到尽头了。不幸的是，这件事发生在上周，”她宣称。
paragraph2sentence.train-newswire-239-2,失败者在比赛中承认失败为时已晚。
paragraph2sentence.train-newswire-240-1,美属萨摩亚首都帕果帕果发生的海啸高度为1.57米。美属萨摩亚国家公园管理员迈克·雷诺兹报告称，有四次高达六米的海浪。经历过这次地震的人表示，地震时间很长，持续时间从90秒到3分钟不等。帕果帕果市的街道上到处都是翻倒的车辆、汽车和碎片。一些仅略高于海平面的建筑物被海浪完全摧毁，一些地点的电力预计长达一个月之内都无法恢复，”维基新闻当时报道。
paragraph2sentence.train-newswire-240-2,星期六晚上，在西班牙顶级联赛西甲荣誉联赛马德里圣奥古斯丁学院举行的轮椅篮球比赛中，CD Fundosa ONCE 以 80-20 击败了 Servigest Burgos。
paragraph2sentence.train-newswire-241-1,经济合作与发展组织 (OECD) 是一个成立于 1961 年、拥有 34 个成员的国际经济组织，其起源可以追溯到二战时期的马歇尔计划，周二，该组织公布了 24 个国家（其中大部分是欧洲国家）成人技能状况的结果。澳大利亚在成人识字和算术方面的排名参差不齐，识字能力名列前茅，算术能力居中。
paragraph2sentence.train-newswire-241-2,根据经济合作与发展组织的研究结果，澳大利亚成年人的识字能力排名名列前茅，计算能力排名居中。
paragraph2sentence.train-newswire-242-1,加拿大国际航空表示，同意以 16 亿加元 DLR 购买六架波音公司 767-300ER（增程型）飞机以及另外八架飞机的选择权，其中包括备件和培训。该公司表示，交付将于 1988 年 4 月开始，一直持续到 1989 年 4 月。该航空公司表示，计划通过经营租赁的方式为新飞机提供资金。加拿大航空公司最近由加拿大太平洋航空​​公司和太平洋西部航空公司合并而成。
paragraph2sentence.train-newswire-242-2,分析师表示，支持这一看涨观点的其他因素包括，人们越来越预期美联储主席保罗·沃尔克将在八月份连任第三个四年任期，日本上周推出的经济刺激方案规模超出预期，以及技术图表信号更为有利。
paragraph2sentence.train-newswire-243-1,维亚康姆国际公司表示，其将4月6日定为有权在一次特别会议上投票的股东的记录日期，该会议将就<阿森纳控股公司>的全资子公司阿森纳收购公司(Arsenal Acquiring Corp)合并入维亚康姆的提议进行投票。据称，特别会议的日期尚未确定。
paragraph2sentence.train-newswire-243-2,维亚康姆国际公司为阿森纳收购公司安排了一次会议。
paragraph2sentence.train-newswire-244-1,这份由国家研究委员会撰写的报告将地震与最初发布海啸警报之间的时间长度描述为“相对较长”，并指出发布此类警报的标准时间约为两分钟。研究还显示，三分之一的海啸传感器在任何特定时间都无法工作。
paragraph2sentence.train-newswire-244-2,纽约市昨天傍晚收到冬季风暴警告，预计将降雪九英寸。
paragraph2sentence.train-newswire-245-1,丹尼森制造公司表示，该公司已签署意向书，以未公开的现金金额将其 Dunn Paper Co 子公司出售给 James River Corp <JR>，从而导致第一季度收益扣除。该公司表示，未来五年的或有付款可能会部分减少此次出售的损失，并且在第一季度将被之前宣布出售其 Hygeia Sciences Inc 股票的收益所抵消。 Dunn 去年的销售额约为 6500 万德国卢比。在弗吉尼亚州里士满，James River 表示，预计将于 4 月底完成交易，但须经双方董事会批准并达成令人满意的劳工协议。
paragraph2sentence.train-newswire-245-2,如果一家企业正在衰落或破产，通常另一家公司会收购它并将其建立为自己公司的新分支机构。
paragraph2sentence.train-newswire-246-1,流行乐队弗利特伍德麦克 (Fleetwood Mac) 在贝斯手约翰·麦克维 (John McVie) 被诊断患有癌症后，取消了即将到来的澳大利亚和新西兰巡演。巡演预计于 11 月 10 日在悉尼娱乐中心开始，并在接下来的两周内继续前往猎人谷、吉朗、墨尔本、阿德莱德、布里斯班和珀斯。
paragraph2sentence.train-newswire-246-2,由于贝斯手约翰·麦克维被诊断出患有癌症，弗利特伍德麦克乐队取消了即将到来的澳大利亚和新西兰巡演。
paragraph2sentence.train-newswire-247-1,随着万圣节的临近，德克萨斯州各地的众多闹鬼景点正在为盛大的“闹鬼”季节做准备。此类景点的主管和工作人员必须投入大量时间准备其建筑；此类努力在 9 月份显着加强。维基新闻采访了这些景点的一些业主，以了解更多有关准备开幕之夜所需的艰苦工作的信息。
paragraph2sentence.train-newswire-247-2,德克萨斯州各地闹鬼景点的主管和工作人员正在为万圣节做准备，并为“闹鬼”季节做好准备。
paragraph2sentence.train-newswire-248-1,蒂鲁内什·迪巴巴 (Tirunesh Dibaba) 昨晚在俄罗斯莫斯科举行的国际田联世锦赛 10 000 米比赛中夺得第一，赢得了六年来的首个世界锦标赛冠军。迪巴巴以30分43.37秒的成绩完赛，获得职业生涯第三次世锦赛冠军。
paragraph2sentence.train-newswire-248-2,宪法承认伊斯兰教为突尼斯的宗教，但也包括保障良心自由和男女平等的条款。
paragraph2sentence.train-newswire-249-1,美国第一银行 (First of America Bank Corp) 表示，已完成与密歇根州刘易斯顿刘易斯顿州立银行 (Lewiston State Bank) 的隶属关系。该刘易斯顿银行已更名为美国第一银行刘易斯顿 (First of America Bank-Lewiston)，拥有 5 490 万德莱拉的资产。 First of America 拥有超过 79 亿德国卢比的资产。
paragraph2sentence.train-newswire-249-2,First of America Bank Corp 的总资产为 5 490 万德国卢比，隶属于刘易斯顿州立银行（现称为 First of America Bank-Lewiston）。
paragraph2sentence.train-newswire-250-1,英国前首相托尼·布莱尔表示，军队的干预对于防止“混乱”是必要的，并表示导致穆尔西垮台的抗议活动是由于对政府效率的不满：“当政府不履行职责时，人们就会抗议。”他们不想等待选举。布莱尔还指责“穆斯林兄弟会的意识形态和不宽容”：“人们觉得兄弟会正在稳步地将自己的教义强加于日常生活”。布莱尔建议西方政府“与新的事实上的权力接触，帮助新政府做出必要的改变，特别是在经济方面，这样他们就能为人民做出贡献。”通过这种方式，我们还可以帮助塑造一条回到由埃及人设计并为埃及人设计的投票箱的道路。
paragraph2sentence.train-newswire-250-2,一些伊斯兰组织正在与欧洲政府建立更密切的联系，但许多组织正在与非穆斯林活动人士一起反对某些政府政策。
paragraph2sentence.train-newswire-251-1,据报道，印度今天在招标中购买了两批 4 月/5 月装运的白糖货物，成本加运费接近 227 德国第纳尔，交易商表示，可能正在寻求第三批货物。他们表示，据信一家英国运营商已经出售了其中一批货物，而另一批货物则被认为是一家奥地利公司出售的。
paragraph2sentence.train-newswire-251-2,白糖是空热量。
paragraph2sentence.train-newswire-252-1,周日，印度中央邦地区发生踩踏事件，造成约 115 名朝圣者死亡。作为一年一度印度教节日的一部分，大约 5 万名朝圣者试图参观 Ratangarh 寺庙。有消息称，信德河大桥可能垮塌的谣言在人群中传播，引发了广泛恐慌。
paragraph2sentence.train-newswire-252-2,朝圣者在参观寺庙时发生踩踏事故，不幸身亡。
paragraph2sentence.train-cqa-253-1,有没有一个网站，求职者可以与其他申请同一公司的人讨论申请和招聘流程等？我已经尝试过 Indeed.com 上的论坛，但并没有真正发现它有用。谢谢！
paragraph2sentence.train-cqa-253-2,如何成功申请工作？
paragraph2sentence.train-cqa-254-1,我想与在威尔士与我年龄相仿的人取得联系（在我旅行之前了解一点 Cymraeg 并在那里交个朋友），但我发现我尝试使用的网站要求您付费才能联系其他会员。我17岁了，我该去哪里？
paragraph2sentence.train-cqa-254-2,我女朋友的父母可以在电脑上查到她什么时候跟我说话吗？
paragraph2sentence.train-cqa-255-1,有时，我会失去在 Firefox 中右键单击的能力。通常重新启动FF或我的电脑可以解决问题，但现在不起作用。这绝对不是我的电脑本身的问题，因为右键单击在我的所有程序和 Google Chrome 中都可以正常工作。我应该怎么办？
paragraph2sentence.train-cqa-255-2,除了 Firefox Opera 和 Chrome 之外，最好的游戏浏览器是什么？
paragraph2sentence.train-cqa-256-1,我有两封电子邮件，我的真实电子邮件和我的垃圾邮件。垃圾邮件是指您向网站、个人或团体发送的电子邮件，您必须向这些网站、个人或团体提供您的电子邮件，但您不感兴趣，或者您知道您肯定会收到“垃圾邮件”。意见、评论、疑虑？
paragraph2sentence.train-cqa-256-2,拥有两个电子邮件地址是坏还是好：一个用于常规电子邮件，另一个用于在您认为会收到垃圾邮件时使用？
paragraph2sentence.train-cqa-257-1,在fanfiction.net上查看时，我看到了一个名为“JusSonic”的成员正在写的几个故事，他模仿卡通人物的电影，我个人认为我看到的这些所谓的同人故事应该被删除，fanfiction.net对此类故事在其网站上出现制定了一条规则。对于 fanfiction.net 是否应该禁止在其网站上制作同人电影故事，是否有人同意或不同意我的观点？
paragraph2sentence.train-cqa-257-2,什么才算同人小说？
paragraph2sentence.train-cqa-258-1,我使用 Internet Explorer，在我访问的任何网站上，屏幕顶部和底部的栏（我认为它们称为状态栏）都是不可见的，除非我将鼠标放在上面。我希望它始终可见。我该如何改变这个？
paragraph2sentence.train-cqa-258-2,如何使状态栏始终可见？
paragraph2sentence.train-cqa-259-1,我有一台运行 Windows Vista Premium 并带有 HP Wireless Assistant 的 HP Pavilion dv6000。我的无线开关坏了，现在无力修理。还有其他方法可以开启吗？
paragraph2sentence.train-cqa-259-2,我对亚马逊非常生气，谁能帮助我！！！ ？
paragraph2sentence.train-cqa-260-1,我一直在 eBay 上寻找这些非常罕见的动作玩偶。我在那里或亚马逊上找不到它们。于是我在谷歌上搜索，发现芝加哥的这个人卖了很多，总共卖了 70 美元。对于这些特定的数字来说，这是一个非常优惠的价格，但我知道的唯一支付方式是使用贝宝（因为我住在佛罗里达州，而他一直在伊利诺伊州）。当您通过 PayPal 付款时，您可以选择企业付款或个人付款。如果您选择业务，它会询问您是要购买账单还是商品。如果我说这是我正在购买的商品，它会被覆盖吗？
paragraph2sentence.train-cqa-260-2,如果我从 eBay 购买商品并使用 PayPal 付款，我是否应该选择它是商业账单并且该商品是否涵盖在内？
paragraph2sentence.train-cqa-261-1,我正在 Twitter 上参加一场竞赛，以赢得一辆新自行车。我所要做的就是重复哈希某个短语。是无限入场的。我试图反复在推特上发布“获胜”这句话，但它不允许我这样做。那么我可以多久重复一次这个短语呢？
paragraph2sentence.train-cqa-261-2,我发推文的速率限制是多少？如果我使用相同的推文或主题标签，速率限制会改变吗？
paragraph2sentence.train-cqa-262-1,我要把家里的旧电脑送给朋友。我想知道，在我从“Internet 选项”或“属性”中删除历史记录后，是否有人可以看到我们家人查找过的内容？
paragraph2sentence.train-cqa-262-2,我想让我们的家族史完全保密。
paragraph2sentence.train-cqa-263-1,除了thinkuknow之外，还有人知道关于互联网安全的其他好网站吗？帮助将不胜感激。请帮助我，谢谢 xx 拥抱 Chloe
paragraph2sentence.train-cqa-263-2,除了thinkyouknow，还有哪些好的网站谈论互联网安全？
paragraph2sentence.train-cqa-264-1,我有域名“be1.cc”。我应该让网站做什么或做什么？
paragraph2sentence.train-cqa-264-2,网站起什么名字比较好？
paragraph2sentence.train-cqa-265-1,我在哪里可以找到好的 f/f、m/f 挠痒痒视频？主要是脚痒。但没有任何假东西，除了 youtube 和 dailymotion 我还有这两个帐户
paragraph2sentence.train-cqa-265-2,除了youtube和dailymotion还有其他视频网站吗？
paragraph2sentence.train-cqa-266-1,我们都喜欢在 xbox360 上玩《MW2》，但她总是有非常严重的延迟，所以当我们进行特殊行动时，我们总是失去连接，这太令人恼火了。关于她可以做些什么来改善她的联系有什么建议吗？谢谢您的回复:)
paragraph2sentence.train-cqa-266-2,有人真的在网上获得过这些免费优惠吗？
paragraph2sentence.train-cqa-267-1,如果您在 Twitter 上向某人发送@reply 作为消息，那么您最终决定不希望他们收到它，因此您将其从推文中删除。他们还会得到它吗？
paragraph2sentence.train-cqa-267-2,lockerz、swagbucks 或 Points2shop 哪个更好的免费网站？
paragraph2sentence.train-cqa-268-1,互联网规则 34 规定，只要你能想象得到，就有色情内容。但规则 1-33 是什么？或者有人只是随机选择了一个数字？
paragraph2sentence.train-cqa-268-2,规则 1：不要谈论规则 2-33。
paragraph2sentence.train-cqa-269-1,我最近加入了lockerz，并且有足够的积分来玩360 游戏。一切都缺货了。我如何买东西？我还听说过一些关于救赎的事情。那是什么？/
paragraph2sentence.train-cqa-269-2,你还能从lockerz获得奖品吗？
paragraph2sentence.train-cqa-270-1,Firefox 是否有一个插件可以管理您的其他插件？我在谷歌上搜索了近一个小时寻找一个，但我找不到任何东西。另外，我试图找到 mozilla 页面，该页面按类别等列出了 Firefox 的所有附加组件，看看是否可以在那里找到它，但我也找不到。
paragraph2sentence.train-cqa-270-2,我有很多像 Adblock 这样的插件，但总是不知道它们在做什么。
paragraph2sentence.train-cqa-271-1,我目前有 MSN 和雅虎。我正在寻找一个提供更多新闻通讯类型电子邮件的布局和格式选项的提供商。有谁知道有好的提供商吗？谢谢！ =]
paragraph2sentence.train-cqa-271-2,有没有更快的方法来删除 IE 中的选项卡/窗口？
paragraph2sentence.train-cqa-272-1,当我点击 IE 时，它说页面无法显示，但 Firefox 工作正常，也没有被防火墙阻止。有什么办法可以解决这个问题吗？
paragraph2sentence.train-cqa-272-2,有没有一个程序可以让我更新我的 MySpace、Facebook 和 Twitter？
paragraph2sentence.train-cqa-273-1,所以我几周前在 eBay 上买了一件商品，但我什至还没有收到我的商品已发货的通知。我该怎么办？
paragraph2sentence.train-cqa-273-2,如果我在 eBay 购买的商品两周后仍未发货，我该怎么办？
paragraph2sentence.train-cqa-274-1,我不明白为什么当我尝试 Internet Explorer、Firefox 和 Opera 时，它们都不会显示网页并在没有连接时收到标准错误消息，尽管我已经建立了无线连接，但当我打开 Real Player 时它工作正常。  我还尝试了 Ubuntu 和 Firefox，我也可以通过这种方式上网。  我如何通过 Windows 中的其他浏览器访问互联网？
paragraph2sentence.train-cqa-274-2,为什么我只能在 Windows 上通过 Real Player 访问互联网，而在 Ubuntu 和 Firefox 上却可以正常上网？
paragraph2sentence.train-cqa-275-1,有哪些网站可以免费听音乐？我不想将任何内容下载到我的计算机上才能工作，而且我也不想创建任何帐户。另外，不要提及 youtube.com，因为音质很糟糕。
paragraph2sentence.train-cqa-275-2,在哪里可以在互联网上免费播放音乐？
paragraph2sentence.train-cqa-276-1,我确实需要访问某个网站，但它说链接已损坏。我该如何解决这个问题？几天前我还可以访问该网站，但现在不能了。我也尝试用手机查看，效果很好！但是在我的手机上我无法查看我需要的某些内容。是不是我的电脑出了问题，因为该网站在我的手机上运行？
paragraph2sentence.train-cqa-276-2,为什么我可以通过手机查看网站的部分内容，但当我尝试使用浏览器时却显示链接已损坏？
paragraph2sentence.train-cqa-277-1,一直想知道这个问题有一段时间了。它们还存在于某处吗？当你删除它们时，它们去了哪里？它们不会存储在您的计算机中；而是存储在您的计算机中。他们必须去网上的某个地方不是吗？谢谢 ;）
paragraph2sentence.train-cqa-277-2,删除后它们去了哪里？
paragraph2sentence.train-cqa-278-1,我制作了一些 psp 主题，我知道人们可以将它们上传到 psp-themes.net，但是我们会因此而获得荣誉吗？  比如谁创造了它之类的？  我不想让别人抢走我的工作。  哦，如果你知道我可以在其他地方上传我的 psp 主题并获得荣誉，请告诉我。谢谢。
paragraph2sentence.train-cqa-278-2,我希望制作更多这样的主题，但我想确保没有人因我的作品而出名。
paragraph2sentence.train-cqa-279-1,它只显示一个灰色的小盒子，里面有形状。我需要下载新的 Flash 播放器或其他东西吗？
paragraph2sentence.train-cqa-279-2,里面有形状的灰色方框是否意味着我需要下载新的 Flash 播放器？
paragraph2sentence.train-cqa-280-1,我正在帮助一个朋友开一家网吧。我想知道现场 CD 是否是最好的选择。如果计算机配备了 Live CD，那么它们是否仍然需要硬盘驱动器。网页还需要缓存吗？
paragraph2sentence.train-cqa-280-2,设置网吧计算机的最佳做法有哪些？
paragraph2sentence.train-cqa-281-1,我正在尝试将视频文件上传到 photobucket，但每次尝试时，它都只上传到 60%，然后就停止了。我在不同的场合尝试过几次，每次都得到相同的结果。有谁知道问题是什么？
paragraph2sentence.train-cqa-281-2,我的 al shamil 互联网连接速度为 512kbps，但我向网络供应公司 etisalat 核实过，他们有吗？
paragraph2sentence.train-cqa-282-1,问题问的差不多了。我有一个 Tumblr 帐户，但我经常听到人们谈论“Tumblr 迷恋”之类的话。我不知道那是什么，任何人都可以解释它是什么以及我如何找到它或什么？谢谢 ：）
paragraph2sentence.train-cqa-282-2,什么是 Tumblr 迷恋？
paragraph2sentence.train-cqa-283-1,我的互联网浏览器历史记录显示我访问过的网站我不知道我曾经访问过。如果存在，是否有 100% 明确的答案表明该特定站点已被访问过？
paragraph2sentence.train-cqa-283-2,哪里可以免费在线观看电视/电影，质量好，无需调查？
paragraph2sentence.train-cqa-284-1,我是一个 14 岁的女孩，她打算在博客上讲述她的高中生活以及一切。问题？我不知道该给它起什么名字。因此，请查看这些名称并随意推荐一些名称：
paragraph2sentence.train-cqa-284-2,我应该给我的博客起什么名字？
paragraph2sentence.train-cqa-285-1,我的朋友可以在互联网上访问一些网站，这些网站需要很长时间才能加载，但最终还是可以加载。但我的互联网在这些网站有机会加载之前就放弃了它们，并向我显示“连接已超时”消息。有没有办法让它持续加载所需的时间，或者至少比它尝试的时间更长？我更喜欢 Mozilla，但如果您只知道 Internet Explorer，那也没关系。
paragraph2sentence.train-cqa-285-2,有没有办法增加浏览器尝试加载网站的最长时间，以便它仍然可以完成加载缓慢的网站？
paragraph2sentence.train-cqa-286-1,我通常会访问 createblog.com 这个网站来获取我所有的 DIV 布局。我最近访问了该网站，但没有显示任何布局。我的电脑或网站有问题吗？我想如果这个网站搞砸了我可以找到另一个 div 布局网站，但说实话，它们都是垃圾。有人可以引导我访问 div 布局网站，或者告诉我是否只是我的计算机未加载该网站的布局？
paragraph2sentence.train-cqa-286-2,是createblog.com 有问题还是我有问题？
paragraph2sentence.train-cqa-287-1,我正在考虑将我的笔记本电脑放在 craigslist 上出售，因为我认为在那里我可以比 eBay 赚到更多的钱，但 craigslist 似乎太粗略了。它到底是如何运作的？有拍卖吗？人们是否会通过电子邮件向我发送出价，并且我接受我想要的任何出价，我可以在列出后决定不出售它吗？
paragraph2sentence.train-cqa-287-2,craigslist 粗略吗？
paragraph2sentence.train-cqa-288-1,每当我在任何论坛或问答网站上发布有关我的有线互联网的问题时，我总是得到有关无线互联网的答案。为什么？无线互联网是不是所有人都在使用？
paragraph2sentence.train-cqa-288-2,有线网络比无线网络有优势吗？
paragraph2sentence.train-cqa-289-1,我使用的是 PC，但没有互联网连接。我只是想知道一些提供我可以使用的免费下载的网站...例如，我在哪里可以免费下载整本小说，然后我可以在家学习吗？
paragraph2sentence.train-cqa-289-2,在哪里可以下载书籍，以便离线时可以在电脑上阅读？
paragraph2sentence.train-cqa-290-1,我记得有一次我在 Flickr 上，尝试右键单击并保存一张图片，结果保存了这个名为“Spaceball”的空文件。我想知道是否有一种方法（或获得相同效果的不同方法）在 Flickr 以外的网站上执行此操作，如果有，如何实现？谢谢 ：）
paragraph2sentence.train-cqa-290-2,有没有办法免费拨打 VoIP（互联网协议语音）电话？
paragraph2sentence.train-cqa-291-1,我的台式机无法通过墙上的以太网线连接到互联网。这条线很好，因为我用它来连接我的笔记本电脑上网并且互联网可以正常工作。我认为我的桌面可能有病毒，导致我无法上网。这是戴尔。有谁知道如何修复它并使其读取网络连接并上网？
paragraph2sentence.train-cqa-291-2,病毒会阻止我上网吗？
paragraph2sentence.train-cqa-292-1,有人知道在 Swagbucks.com 上合法最大化 swagbucks 的方法吗？我不在 Facebook 或 Twitter 或类似的网站上，而且我没有任何人可以推荐，但我正在考虑创建一个博客，这有帮助吗？
paragraph2sentence.train-cqa-292-2,是否有合法的方法可以在 swagbucks.com 上最大化我的 swagbucks，例如创建博客？
paragraph2sentence.train-cqa-293-1,我正在看新闻，听到他们谈论类似这样的网站、Twitter 或 Tag。它以 S 开头，比如 Sky...我不记得有人知道这个名字吗？
paragraph2sentence.train-cqa-293-2,什么是 Peerguardian？如果我使用它，我的互联网提供商仍然可以看到我正在下载的内容吗？
paragraph2sentence.train-cqa-294-1,我在访问这个网站时，我的手臂放在键盘上，它按下了一些按钮，所以现在当我访问该网站时，屏幕很小。我该如何解决这个问题？
paragraph2sentence.train-cqa-294-2,如何更改浏览器的字体大小？
paragraph2sentence.train-cqa-295-1,出售商品（皮鞋）一天后，我们的地下室遭遇洪水，鞋子几乎被毁了。买家还没有付款，因为他们告诉我他们要在周六付款，现在只是周五。不管怎样，我给买家发了邮件并告诉他们这件事。现在，下一步是什么？
paragraph2sentence.train-cqa-295-2,如果商品在发送给买家之前就已损坏，卖家应该怎么做？
paragraph2sentence.train-cqa-296-1,我刚刚注销了五分钟，现在它说它没有连接，但其他网站是，在我注销之前，我所有的朋友都离线了。怎么了 ？？？？
paragraph2sentence.train-cqa-296-2,在我退出之前，我的好友都离线了，这正常吗？
paragraph2sentence.train-cqa-297-1,如果我注册 amazon prime 1 个月免费试用，那么我符合条件的商品将享受 2 天送货服务。 2 天发货是指 2 天内发货还是 2 天内到达？
paragraph2sentence.train-cqa-297-2,每当我尝试访问某个网站时，我都会收到此消息，我该怎么办？
paragraph2sentence.train-cqa-298-1,我喜欢 Bing.com 的背景图片。我想把它作为我电脑的背景。但我不知道该怎么做。有人知道怎么做吗？
paragraph2sentence.train-cqa-298-2,有什么好的网站可以让我在学校通过代理玩游戏吗？
paragraph2sentence.train-cqa-299-1,有没有一个网站可以让你选择工作，看看你赚了多少钱，买房子，看看你需要赚多少钱才能过上生活？我对找工作和支付账单非常偏执。我只是想告诉我我会没事的。
paragraph2sentence.train-cqa-299-2,有没有网站可以帮助您找出最适合您的工作？
paragraph2sentence.train-cqa-300-1,我只使用种子来下载游戏。但是现在，我发现种子不再工作了，我的朋友告诉我我们的 ISP 阻止了种子的使用。有没有办法在我的 ISP 不知情的情况下解决这个问题？
paragraph2sentence.train-cqa-300-2,在哪里可以下载适用于游戏的种子？
paragraph2sentence.train-cqa-301-1,我的一些朋友在 Facebook 上发布了“bit.ly”链接。当我点击链接时，我的朋友会知道吗？我知道 bit.ly 会跟踪点击次数，但我的朋友会知道谁点击了这些链接吗？
paragraph2sentence.train-cqa-301-2,bit.ly 提供有关谁点击链接的哪些信息？
paragraph2sentence.train-cqa-302-1,好的，由于某种原因，我的 Internet Explorer 无法运行。当我尝试 2 打开它时，我收到常见的“Internet Explorer 无法显示网页”。 Firefox 工作得很好，但如果没有 Internet Explorer，我的一些程序就会出现问题。我尝试重新安装 IE，但仍然出现同样的问题。 =( 有什么建议吗？
paragraph2sentence.train-cqa-302-2,Why would Internet Explorer not work when Firefox does  even after I tried reinstalling it?
paragraph2sentence.train-cqa-303-1,我想我会在 Ebay 上卖掉我的旧 PS2 游戏。您认为我最多能从它们中得到什么（我大约有 10 个要卖），我会在运输过程中损失任何利润吗？
paragraph2sentence.train-cqa-303-2,如果我在 eBay 上出售我的旧 Playstation 2 游戏，我应该要多少钱？
paragraph2sentence.train-cqa-304-1,什么是最快/最好/最酷/有趣的互联网浏览器。我用的是 Firefox，速度很快，但是有没有更快的？
paragraph2sentence.train-cqa-304-2,Firefox 是最好的浏览器吗？
paragraph2sentence.train-cqa-305-1,我是一个一直使用亚马逊并且只使用亚马逊的人，但显然我只能在 eBay 上找到我目前想要的东西。我没有支票帐户或信用卡，因此无法验证。但我做在线调查，通过贝宝向我付款。如果没有经过验证的 Paypal，我可以通过 eBay 购买商品吗？如果未验证，我可以通过 paypal 付款吗，因为我还没有兑现。
paragraph2sentence.train-cqa-305-2,如果没有经过验证的 PayPal 帐户，我可以在 eBay 上购物吗？
paragraph2sentence.train-cqa-306-1,为什么我无法观看 NDTV.com 上的视频？我能够顺利浏览该网站，没有任何问题，但视频无法播放。
paragraph2sentence.train-cqa-306-2,为什么我的视频无法在 NDTV.com 上播放。
paragraph2sentence.train-cqa-307-1,当我请求某个网站或尝试访问喜爱的网站时，它会阻止我的网页并显示窗口没有响应，并且在页面底部的工具栏上显示 (spydomain.com) 我是否感染了病毒？我已经重新启动并关闭但无济于事，每次我尝试上网时我的页面都被阻止。你能帮助我吗？
paragraph2sentence.train-cqa-307-2,我是否感染了病毒，因为当我尝试在线连接时，网站没有响应，并且我看到我的计算机正在尝试连接到“spydomain.com”（并且重新启动没有帮助）。
paragraph2sentence.train-cqa-308-1,我是播客新手，我想创建一个可用于在 iTunes 上发布播客的提要。我的视频在 youtube 上。我使用 FeedBurner 并尝试在 iTunes 上发布我的提要，但它说该提要没有剧集。我目前在 YouTube 上有四集。你能告诉我是否有问题或者我是否需要使用不同的网站？？？请尽可能提供帮助！
paragraph2sentence.train-cqa-308-2,如何将我的 FeedBurner 播客和 YouTube 视频连接到 iTunes 上的 Feed？
paragraph2sentence.train-cqa-309-1,好吧，所以每次我上网做研究、玩游戏等时，它总是停止工作。弹出一个东西，说 Internet Explorer 不工作。微软正在寻找解决方案。互联网正在重新启动。我的意思是，到底是什么？  这真的很烦人。请帮忙。有什么方法可以解决这个问题而无需下载任何东西吗？谢谢
paragraph2sentence.train-cqa-309-2,为什么我的电脑每次使用时都会显示弹出窗口，提示互联网无法正常工作？如何让它停止？
paragraph2sentence.train-cqa-310-1,我要去海外旅行，想要保留一个博客，但只能真正访问我的黑莓手机来更新我想要保留的博客。什么网站可以在黑莓手机上运行良好，甚至可以添加照片？
paragraph2sentence.train-cqa-310-2,哪个网站支持直接用黑莓手机上的图片写博客？
paragraph2sentence.train-cqa-311-1,我想知道 JavaScript 是否已打开。我怎样才能检查它？ (<- 在 Mozilla Firefox 上)
paragraph2sentence.train-cqa-311-2,如何判断 JavaScript 是否已启用？
paragraph2sentence.train-cqa-312-1,好吧，我已经在我的 iPod 上观看色情片很长时间了，有一天我试图观看一个视频，然后出现了这个充满数字和符号的奇怪页面。它发生在每个网站上。我的父母可以控制无线网络时间和其他东西，所以我想知道他们是否阻止了它？或者我有病毒吗？需要更新吗？请问你知道什么请在下面告诉我
paragraph2sentence.train-cqa-312-2,家长过滤器到底有什么作用以及它们如何影响网站的显示方式？
paragraph2sentence.train-cqa-313-1,我知道如何删除历史记录，但如何防止历史记录首先显示？我有 Internet Explorer 8，每当我打开新选项卡时，页面总是以“查看自启动 Internet Explorer 后关闭的选项卡”为幌子显示历史记录。甚至无需尝试，任何人都可以准确地看到我所看到的内容。如何阻止它显示列表或以前访问过的网站？信息相当详细；例如，它不仅显示answers.yahoo.com；相反，它显示了我正在查看的问题的确切标题。呸，这让我很烦。谢谢。
paragraph2sentence.train-cqa-313-2,当我打开新选项卡时，如何阻止 IE 8 显示我上次访问的特定网站？
paragraph2sentence.train-cqa-314-1,我想开设一个 PayPal 帐户，以便可以使用 eBay，但我不确定该选择哪种类型的帐户。我想买东西，但也想卖掉一些我不再需要或不再使用的东西。那么谁能告诉我是哪一类呢？我知道这不是生意，但是另外两个是哪一个呢？
paragraph2sentence.train-cqa-314-2,登录 eBay 时出现问题，有人可以给我一些建议吗？
paragraph2sentence.train-cqa-315-1,我不小心竞标了某样东西，我可能会成为赢家。有什么方法可以退出该物品的竞标吗？如果我不付钱会怎样？我不知道该怎么办...
paragraph2sentence.train-cqa-315-2,Myxer 上提供且与 Verizon 合作的最佳免费流行铃声有哪些？
paragraph2sentence.train-cqa-316-1,我在 Mac 上运行 Snow Leopard (10.6)，有时 Safari 会出现一些小问题，所以我想下载一个辅助浏览器。我以前使用过 Firefox，认为它很好，但从未使用过 chrome，有 Mac 上这两种浏览器经验的人可以告诉我它们的优缺点吗？
paragraph2sentence.train-cqa-316-2,Chrome 在 Mac 上的运行效果比 Safari 更好吗？
paragraph2sentence.train-cqa-317-1,我的 Mac 上有 safari、google chrome、opera、camino、firefox 和集群。还有其他真正快速的网络浏览器吗？
paragraph2sentence.train-cqa-317-2,Mac 支持哪些浏览器？
paragraph2sentence.train-cqa-318-1,假设我在贝宝上收到了一份礼物，我把它保存在我的贝宝帐户中。下次我在 eBay 上买东西并通过 PayPal 付款时，是使用赠金还是像平常一样从我的借记卡中取钱？
paragraph2sentence.train-cqa-318-2,有没有一个英文网站有格哈德·斯托林博士的传记？
paragraph2sentence.train-cqa-319-1,我想知道下载视频或音乐等文件的好网站。有什么建议吗？
paragraph2sentence.train-cqa-319-2,哪些网站最适合下载东西？
paragraph2sentence.train-cqa-320-1,1. eBay 上的卖家可以接受信用卡付款吗？或者现在 eBay 上的所有付款都必须通过 PayPal 进行吗？我正在尝试了解您是否可以在没有 PayPal 帐户的情况下使用信用卡付款。我知道当您向卖家付款时，您会将付款发送到卖家的 PayPal 地址。
paragraph2sentence.train-cqa-320-2,我可以使用信用卡在 eBay 上购买商品吗？还是需要 PayPal 帐户？
paragraph2sentence.train-cqa-321-1,我用它来获取嵌入代码，以便我可以在我的博客上发布播客。然而，我不希望每个人都能听到它们，而 archive.org 将它们公开。是否有替代存档或其他地方可以为我的播客获取嵌入代码？ （或者我可以将我的 archive.org 帐户设为私有吗？）谢谢！
paragraph2sentence.train-cqa-321-2,我在哪里可以列出私人网络广播或播客，或者我是否需要某种代码才能使它们正常工作？
paragraph2sentence.train-cqa-322-1,好吧，我和贝尔一起上网，从昨晚开始，我的互联网就一直很糟糕。我家里没有人下载任何东西，现在，我的 xbox 上的互联网被兄弟在 msn 上使用（但甚至没有在线玩），而我则在 yahoo 答案上使用。这不应该让我的网速这么慢！知道发生了什么事吗？也许贝尔那边有什么事情？如果是，他们在做什么？因为这种情况在我身上每个月都会发生3次。太糟糕了，我必须等待 30 分钟才能加载 3 1/2 分钟长的 YouTube 视频
paragraph2sentence.train-cqa-322-2,我的互联网速度如此之慢是因为我的提供商 (Bell) 还是我正在做的事情（例如连接 Xbox）？
paragraph2sentence.train-cqa-323-1,我的 Compaq 笔记本电脑使用的是 Windows Vista。上次我要安装 Norton 防病毒软件时失败了。之后我无法访问互联网，但可以使用 Skype 通话。请问是什么问题？请解决我的问题。
paragraph2sentence.train-cqa-323-2,我尝试使用 ClamAV 但没有成功。
paragraph2sentence.train-cqa-324-1,iPhone 版应用程序 Crack 和 crackulous 不起作用。 PC 有替代品吗？
paragraph2sentence.train-cqa-324-2,有哪些适合我的 iPhone 的好越狱解决方案？
paragraph2sentence.train-cqa-325-1,该网站上的某些人将他们的问题发布在其他人的网站上，并在旁边显示他们的用户名。如果我开设帐户，我会遇到这种情况吗？因为目前，在没有注册的情况下，没有人知道是我在问这个问题。
paragraph2sentence.train-cqa-325-2,问题匿名可以让人们在解释时不受限制，避免担心同行评判或报复。
paragraph2sentence.train-cqa-326-1,我的手机没有收音机，我想知道我是否可以以某种方式下载它......这可能吗？
paragraph2sentence.train-cqa-326-2,手机上的收音机如何工作？
paragraph2sentence.train-cqa-327-1,我曾是几个网站论坛的成员，每个论坛似乎都被一群像学校恶霸一样的恶毒女人接管，需要其他白痴加入她们才能成为该团伙的一部分，因为她们太愚蠢或害怕为自己说话。第一个是关于头发和化妆的留言板，最新的一个是狮人克雷格·布施 (Craig Busch) 的 Facebook 粉丝页面。不仅仅是我。我看到其他人被欺负，当我大声反对时，我自己却遭到帮派成员的攻击，自己也被欺负了。为什么一群所谓的成年女性会这样？
paragraph2sentence.train-cqa-327-2,为什么一群成年女性在网上论坛互动时变得像恶霸一样？
paragraph2sentence.train-cqa-328-1,我刚刚通过 eBay 从 eBay 定制了一款视频游戏。处理/交付需要多长时间？他们会通过电话联系我吗？如果有人在处理之前购买它怎么办？感谢您的帮助。
paragraph2sentence.train-cqa-328-2,通过 Ebay 上的 priestrebel 购买时，流程是如何运作的？
paragraph2sentence.train-cqa-329-1,我正在阅读调查网站上的评论，并不断听到人们抱怨“OTX 调查”。他们在谈论什么？您如何判断您正在进行的调查是否是 OTX？
paragraph2sentence.train-cqa-329-2,调查受访者来自付费和 OTX 群体。
paragraph2sentence.train-cqa-330-1,我没有 Formspring 帐户，因此当我想提问时它不提供“匿名”选项。如果我提问，即使我在登录 Facebook 帐户时提问，它仍然是匿名的吗？
paragraph2sentence.train-cqa-330-2,如果我没有 Formspring 帐户，如果我在登录 Facebook 时提问，我会是匿名的吗？
paragraph2sentence.train-cqa-331-1,Megavideo 的限制应该是 72 分钟，但有时大约 10 分钟后视频就会停止，它告诉我已经达到了 72 分钟的限制。  这会发生在其他人身上吗？有没有办法可以避免这种限制？
paragraph2sentence.train-cqa-331-2,普通电话线可以用来连接 DSL 调制解调器吗？
paragraph2sentence.train-cqa-332-1,正在寻找一个可以进行基于网络的语音聊天的地方，在那里我可以召集最多 20 人的团队，他们都可以通过麦克风进行交谈，而不必让每个人都与客户建立联系。有什么建议吗？不要建议发泄/团队演讲等，我知道它们是一个更好的主意，但不是一个选择。
paragraph2sentence.train-cqa-332-2,我需要一个适合 20 人左右的团队的基于网络的语音会议解决方案。
paragraph2sentence.train-cqa-333-1,我目前正在为一些动画/漫画（我想在美国你会称之为“卡通”）制作一个故事。我想将其发送到 deviantart，因为这样我也可以发送该章相应的封面图片。但我似乎对 deviantart 很菜鸟。我如何提交故事？ （我需要非常详细的信息，因为我几乎不知道在这里要做什么。）
paragraph2sentence.train-cqa-333-2,另外，是否有获得写作/故事反馈的好地方？
paragraph2sentence.train-cqa-334-1,我感染了 svchost.exe 病毒，我设法阻止它耗尽所有 CPU，但它不断将木马放入我的 C:\WINDOWS\Temp 文件夹中。 AVG 每隔 5 分钟就会弹出一个新的，我不知道如何阻止它！我运行过 Malaware、Spybot S&D、AVG 和 ESET，但只能在临时文件夹中找到病毒，而不是其来源。任何人都可以帮忙吗？x
paragraph2sentence.train-cqa-334-2,当所有防病毒软件（AVG、Malaware 等）似乎都不起作用时，如何清除 svchost.exe 病毒？
paragraph2sentence.train-cqa-335-1,昨天，一位女士来到我家通知我，我的房子在 Craigslist 上！她说这可能是尼日利亚人的，是某种骗局。那里有我的房子（内部/外部）的照片。它有所有信息，卧室数量、浴室数量、建造年份等。我肯定没有把我的房子放在那里，上面写着“出租”和价格。我应该怎么办？！？！
paragraph2sentence.train-cqa-335-2,在 Ebay 上销售时，如何知道运费是多少？
paragraph2sentence.train-cqa-336-1,我总是上 postsecret [dot ]blogspot [dot] com，但我不知道如何转到下一页...我没有看到任何可以单击的内容...有人可以告诉我如何转到下一页吗？我真的不明白...
paragraph2sentence.train-cqa-336-2,PostSecret 的博客有第二页吗？
paragraph2sentence.train-cqa-337-1,例如，我有一架非常旧且非常重的钢琴，我正在考虑在 eBay 上出售它。但我想知道的是，那么大的东西，我可以通过 USPS 运送吗？我该如何运送大件物品？
paragraph2sentence.train-cqa-337-2,美国邮政服务将运送的最大物品是什么？
paragraph2sentence.train-cqa-338-1,我的其他一所学校有一个网站，我可以在其中上传文件。任何文件。就像 Microsoft Word 文档、Powerpoint 幻灯片、Microsoft Paint 中的 JPEG 图片......等等。但现在我无法再访问我的帐户了。那么...是否有另一个网站可以让我上传内容并从另一台计算机打开它并从那里下载？？？
paragraph2sentence.train-cqa-338-2,是否有一个网站可以存储我的文件，然后将它们下载到另一台计算机上？
paragraph2sentence.train-cqa-339-1,只是想知道那些写连锁信威胁你的人会从中得到什么？  就像那些说“将其发送给 10 个人，否则会发生不好的事情”的人一样。  这只是纯粹的不成熟还是他们从中得到了一些东西？
paragraph2sentence.train-cqa-339-2,如果您有一张 35 美元的亚马逊礼品卡，您会花它做什么？
paragraph2sentence.train-cqa-340-1,我只是想在网上结识朋友，以前是在雅虎！ Messenger 但失败了，所以你有什么建议吗？有点想念 IM 的团契。非常感谢。
paragraph2sentence.train-cqa-340-2,我在哪里可以与新朋友在线聊天？
paragraph2sentence.train-cqa-341-1,每次我试图搜查某人时，它都会说：处理请求时出错：搜索当前不可用。帮助 ？我如何使其可用？哈哈:) thaaanks<3
paragraph2sentence.train-cqa-341-2,我如何在线搜索某人？
paragraph2sentence.train-cqa-342-1,我想购买 Skype 积分。我在加拿大。我也可以打电话给非洲/尼日利亚吗？
paragraph2sentence.train-cqa-342-2,我们可以使用 Skype 同时与多个人进行视频会议吗？
paragraph2sentence.train-cqa-343-1,就在最近，我的推文被删除并且不会显示。昨天我有 224 条推文，今天我有 204 条推文。为什么会发生这种情况？奥
paragraph2sentence.train-cqa-343-2,是什么导致推文数量下降？
paragraph2sentence.train-cqa-344-1,在网络明显繁忙的时候。  我通过 Orange 使用 Firefox。  请问还有其他人遇到问题吗？
paragraph2sentence.train-cqa-344-2,我的网速慢得像爬行一样。
paragraph2sentence.train-cqa-345-1,你好，我有一些小东西想在网上销售。我想使用贝宝，但我想当我卖东西（或类似的东西）时我会赔钱，所以我不想失去那点微薄的利润。我现在是一名学生，我想要这笔钱，这样我就可以把它投资到一台笔记本电脑上，供我上大学时使用（还剩 1 1/2 年）。有没有一个网站可以让我卖东西，这样我就能得到我要的所有钱？这是一个更多的客户卖家之类的事情吗？
paragraph2sentence.train-cqa-345-2,PayPal 从每次购买中赚取多少百分比？
paragraph2sentence.train-cqa-346-1,您好，我住在一个非常农村地区，我有兴趣获得一个无线上网卡，我可以将它连接到我的计算机上，而不必担心接收问题。这些是如何运作的？我可以自己购买还是还必须购买手机等？我研究过 Sprint 和 AT&T，看起来他们也希望你通过手机获得它。这只是为了推销手机的噱头吗？不管怎样，我需要另一家电话公司，所以我应该把它们放在一起吗？你推荐什么公司？
paragraph2sentence.train-cqa-346-2,我需要电话才能获得无线上网卡吗？
paragraph2sentence.train-cqa-347-1,好吧，在 Poptropica 商店，我买了免费的鬼​​屋。我访问过它，但现在我想离开它！我该怎么做？
paragraph2sentence.train-cqa-347-2,如何退出 Poptropica 的鬼屋？
paragraph2sentence.train-cqa-348-1,自从在线媒体流发布以来，你们认为对英国互联网提供商的影响是什么？与其说是 YouTube，不如说是更多的 BBCi 播放器，他们允许高清流媒体内容，而且非常受欢迎……当然，这给提供商的服务器带来了很大的压力。  他们必须花一大笔钱来升级吗？
paragraph2sentence.train-cqa-348-2,在英国，平均工作日晚上，高清视频占带宽消耗的 50% 以上。
paragraph2sentence.train-cqa-349-1,在我的故事中，凶手使用了它的电脑，但我不确定我是否应该拥有它。据我了解（电影哈哈），如果您在无线咖啡馆或星巴克使用计算机，他们无法真正跟踪您的计算机，对吗？如果没有请详细说明
paragraph2sentence.train-cqa-349-2,麦当劳和星巴克现在都向顾客提供免费无线网络，许多其他公司也纷纷效仿。
paragraph2sentence.train-cqa-350-1,自从我的大学改变了互联网连接（可能是为了加快速度）以来，我在网站上加载网络摄像头和视频时一直遇到问题。我尝试过清除缓存、启用 cookie 并检查防火墙。我也有最新版本的 adobe flash 和 java，但似乎没有任何作用。有人有任何提示或建议吗？谢谢
paragraph2sentence.train-cqa-350-2,我已经尝试了大多数标准修复（例如清除缓存），但是有人对如何提高在线观看视频和网络摄像头时的性能有建议吗？
paragraph2sentence.train-cqa-351-1,我十岁了，我有一台非常专业的相机。它可以拍摄焦点照片，它可以编辑图片，所以，这意味着它非常棒。我真的很喜欢图片分享网站，我可以在上面分享专业的图片。我需要一个允许十岁孩子访问的网站。你能帮助我吗？
paragraph2sentence.train-cqa-351-2,哪些网站允许未成年人分享自己拍摄的照片？
paragraph2sentence.train-cqa-352-1,我只是想知道向人们发送消息。我自己没有推特，但是当你查看某人的推特并且推文开头有别人的名字时，是来自那个人还是来自你所在的推特的人？
paragraph2sentence.train-cqa-352-2,如果我想发送回复，我还需要 Twitter 帐户吗？
paragraph2sentence.train-cqa-353-1,我自己有 2 个连接，但在寻找我的路由器时，我看到了很多其他人的路由器。连接到某人未受保护的路由器是否违法？我听说如果不受保护的话这是合法的。如果有人点击我的路由器设置，他们也可以乱搞它。我正在考虑保护它，我只是讨厌密码的事情。
paragraph2sentence.train-cqa-353-2,保护您自己的路由器的最佳方法是什么？
paragraph2sentence.train-cqa-354-1,嗯，这就像我第一次使用 eBay。我想买这张海报。那么，如果我按“立即购买”，这是否意味着它是我的并且将被运送给我？或者其他人仍然可以竞标吗？我不想花比我应该花的钱更多的钱。或者欠别人钱，但我不知道。
paragraph2sentence.train-cqa-354-2,如果我使用 eBay 上的“立即购买”按钮，我是否购买了该商品，或者其他人仍然可以对其进行竞价吗？
paragraph2sentence.train-cqa-355-1,我需要为我正在从事的项目创建大约 10-20 个电子邮件帐户，但我不想坐下来经历查找有效用户名和密码、填写验证码等繁琐的过程。有什么方法可以快速轻松地完成此操作，或者至少有一个不需要 10 分钟即可创建帐户的电子邮件托管服务？
paragraph2sentence.train-cqa-355-2,我在 eBay 上出售了我的第一个商品并收到了很好的反馈，我需要感谢这个人吗？
paragraph2sentence.train-cqa-356-1,我刚刚更新到最新版本的 Firefox。现在，每当我打开一个新选项卡时，我都会看到一个标题为“警报”的框，其中显示“Firefox 不知道如何打开此地址，因为协议 (mhtb) 未与任何程序关联。”我怎样才能阻止它提醒我这件事？真烦人！
paragraph2sentence.train-cqa-356-2,http 和 mhtb 有什么区别？
paragraph2sentence.train-cqa-357-1,我有兴趣在另一个房间连接一台电脑（这样我就可以在两个不同的房间访问互联网）......我是否需要联系电话公司并支付额外费用，或者有没有办法可以在两个房间都使用它而无需另一个盒子？我不知道...任何帮助将不胜感激。谢谢！
paragraph2sentence.train-cqa-357-2,将第二台计算机连接到互联网（在另一个房间）是否需要联系电话公司和/或支付更多费用，或者我不需要第二个连接盒？
paragraph2sentence.train-metaphoric-358-1,青蛙们因没有既定的统治者而感到悲伤，派出使者前往朱庇特恳求一位国王。  看到他们的简单，他把一根巨大的木头扔进湖里。  青蛙们被它掉下来溅起的水花吓坏了，躲进了水池深处。  但当他们发现那根巨木一动不动时，他们又游到了水面上，打消了恐惧，爬了上去，开始蔑视地蹲在上面。  一段时间后，他们开始认为自己在任命如此惰性的统治者时受到了虐待，并派出第二个代表团前往朱庇特，祈祷他能任命另一位君主来接替他们。  然后他给了他们一条鳗鱼来统治他们。  当青蛙们发现他随和的善良本性后，他们第三次派人到朱庇特请求他为他们选择另一位国王。  朱庇特对他们的抱怨很不高兴，派出了一只苍鹭，日复一日地捕食青蛙，直到没有一只青蛙在湖上呱呱叫。
paragraph2sentence.train-metaphoric-358-2,小心你的要求。
paragraph2sentence.train-metaphoric-359-1,一只蚂蚁到河边去解渴，被水流冲走，差点淹死。  一只鸽子坐在悬在水面上的一棵树上，摘下一片叶子，让它落入她附近的溪流中。  蚂蚁爬上了它，安全地漂到了岸边。  不久之后，一个捕鸟人来到树下，为坐在树枝上的鸽子放下了他的椴树树枝。  蚂蚁看出了他的诡计，蜇了他的脚。  捕鸟人痛苦地扔下了树枝，噪音使鸽子展翅飞翔。
paragraph2sentence.train-metaphoric-359-2,将善意传递下去，因为在你需要的时候它可能会回报你。
paragraph2sentence.train-metaphoric-360-1,一条蛇在徘徊中进入了一家军械店。  当他在地板上滑行时，他感到自己的皮肤被放在那里的锉刀刺痛。  他盛怒之下转过身来，试图用尖牙刺入它；但它却被击中了。但他无法伤害重铁，因此很快就平息了愤怒。
paragraph2sentence.train-metaphoric-360-2,铁锉的硬度足以用于大多数金属加工。
paragraph2sentence.train-metaphoric-361-1,一只松鸦冒险走进孔雀曾经散步的院子，发现那里有一些孔雀换毛时掉下来的羽毛。  他把它们都绑在尾巴上，大步朝孔雀走去。  当他走近它们时，它们很快就发现了作弊行为，大步走到他面前啄他，并拔掉了他借来的羽毛。  因此，这只松鸦只能回到其他松鸦身边，因为其他松鸦都在远处观察着它的行为。但他们同样对他感到恼火，并告诉他：“优秀的鸟不仅要有优秀的羽毛。”
paragraph2sentence.train-metaphoric-361-2,孔雀在蜕皮时会失去尾羽。
paragraph2sentence.train-metaphoric-362-1,一个牧童在村子附近看到一群羊，三四次大喊“狼来了！”，把村民们赶了出来。狼！'  当他的邻居来帮助他时，他们嘲笑他们的痛苦。  然而，狼终于真的来了。  牧童现在真的很惊慌，在恐惧的痛苦中喊道：“求求你快来帮助我吧！”狼正在杀死羊”；但没有人理会他的呼喊，也没有人提供任何帮助。  狼毫无畏惧，闲暇时撕裂或消灭了整个羊群。
paragraph2sentence.train-metaphoric-362-2,早期的牧羊人用声音来提醒附近的人注意掠食者的存在。
paragraph2sentence.train-metaphoric-363-1,一只狮子和一只熊同时抓住了一只小山羊，并为争夺它而展开了激烈的战斗。  当他们可怕地互相撕扯并因长时间的战斗而晕倒时，他们精疲力竭地躺了下来。  一只狐狸远远地绕着他们转了好几圈，看见他们俩都躺在地上，而小孩子则完好无损地躺在中间。  他跑到他们中间，抓住孩子，以最快的速度逃走了。  狮子和熊看到了他，但无法站起来，说道：“我们有祸了，我们应该为狐狸服务而战斗和折磨自己。”
paragraph2sentence.train-metaphoric-363-2,狮子和熊争夺相同的食物来源。
paragraph2sentence.train-metaphoric-364-1,一只熊发现了一根圆木，上面有一群蜜蜂筑巢来酿蜜。当他四处窥探时，一只小蜜蜂从原木中飞了出来，保护了蜂群。小蜜蜂知道熊会把所有的蜂蜜都吃掉，于是猛地蜇了他的鼻子，然后又飞回原木里。这让熊勃然大怒。他用大爪子拍打木头，决心要毁掉里面的蜂巢。这才惊动了蜜蜂，眨眼间，整群蜜蜂就从木头里飞了出来，开始从头到脚地蛰熊。熊跑到最近的池塘并跳入水中救了自己。
paragraph2sentence.train-metaphoric-364-2,狼照办了，当他吹笛而孩子跳舞时，一些猎犬听到声音跑了过来，开始追狼。
paragraph2sentence.train-metaphoric-365-1,一个孩子栖息在房顶上，低头一看，发现一只狼从他下面经过。  他立即开始辱骂和攻击他的敌人。  “杀人犯和小偷，”他喊道，“你在诚实人的房子附近做什么？  你怎么敢在你的恶行被人知道的地方露面？  “别咒骂了，我年轻的朋友，”狼说。
paragraph2sentence.train-metaphoric-365-2,一个人即使微笑，也可能是个恶棍。
paragraph2sentence.train-metaphoric-366-1,一个男孩把手伸进装满榛子的水罐里。  他抓住了尽可能多的东西，但当他试图抽出手时，却被水罐的颈部阻止了。  他不愿失去榛子，却又无法抽回自己的手，他泪流满面，痛惜自己的失望。  旁观者对他说：“一半的量就够了，你就乐意把手伸过来了。”
paragraph2sentence.train-metaphoric-366-2,贪婪可能会让你失去一切，但适度的话你至少可以获得一些东西。
paragraph2sentence.train-metaphoric-367-1,一个男孩被荨麻蜇了。  他跑回家告诉妈妈，说：“虽然很疼，但我只是轻轻地碰了一下。”  “这就是它蜇你的原因，”他的母亲说。  “下次你触摸荨麻时，大胆地抓住它，它会像丝绸一样柔软，不会伤害你。”
paragraph2sentence.train-metaphoric-367-2,面对危险要勇敢，否则它会战胜你。
paragraph2sentence.train-metaphoric-368-1,挤奶女工帕蒂要头上顶着桶里的牛奶去市场。  一边走一边她开始盘算用买牛奶的钱可以做什么。  “我会从农夫布朗那里买一些家禽，”她说，“它们每天早上都会下蛋，我会把蛋卖给牧师的妻子。”  我用卖这些鸡蛋得到的钱给自己买一件新的连衣裙和一顶碎花帽子；当我去市场时，不是所有的年轻人都会过来和我说话吗？  波莉·肖会那么嫉妒；但我不在乎。  我就这样看着她，然后摇头。  当她说话时，她把头向后一仰，桶从上面掉下来，所有的牛奶都洒了出来。  所以她必须回家告诉妈妈发生了什么事。 “啊，我的孩子，”母亲说，“在小鸡孵出来之前，不要数它们。”
paragraph2sentence.train-metaphoric-368-2,农民布朗今天早上有六只母鸡待售。
paragraph2sentence.train-metaphoric-369-1,一座伟大的城市被围困了，它的居民被召集在一起考虑保护它免受敌人侵害的最佳方法。  一位瓦工真诚地推荐砖块，因为砖块是提供有效抵抗力的最佳材料。  一位木匠也以同样的热情提出木材作为更好的防御方法。  这时，一名库里尔站起来说道：“先生们，我与你们完全不同：没有任何材料可以抵抗兽皮；没有什么比皮革更好的了。
paragraph2sentence.train-metaphoric-369-2,一切都逃不过主人的眼睛。
paragraph2sentence.train-metaphoric-370-1,有一次，狮子睡着了，一只小老鼠开始在他身上跑来跑去。这很快就惊醒了狮子，狮子把巨大的爪子放在他身上，张开大嘴把他吞了下去。  “请原谅，国王啊，”小老鼠喊道，“请原谅我这一次，我永远不会忘记：谁知道这些天我能为你做些什么呢？”  狮子对老鼠能够帮助他的想法感到非常高兴，他举起爪子放开了老鼠。  一段时间后，狮子被困在陷阱中，猎人想要把他活活带到国王面前，将他绑在树上，同时寻找一辆马车来运载他。  就在这时，小老鼠正好路过，看到狮子的悲惨处境，就走到狮子面前，很快就把束缚百兽之王的绳子咬断了。  “我说得不对吗？”小老鼠说。
paragraph2sentence.train-metaphoric-370-2,善意可以以意想不到的方式得到回报。
paragraph2sentence.train-metaphoric-371-1,一只狐狸游过一条湍急的河流，被水流卷入一个很深的峡谷，他在那里躺了很长时间，伤痕累累，病重，无法动弹。  一群饥饿的吸血苍蝇停在他身上。  一只刺猬路过，看到他的痛苦，就问他是否应该赶走那些折磨他的苍蝇。  “绝不是这样，”狐狸回答道。 “祈祷不要骚扰他们。”  “怎么样？”  刺猬说； “你不想摆脱他们吗？”  “不，”狐狸回答道，“因为你看到的这些苍蝇充满了血，对我的叮咬很少，如果你把这些已经吃饱的苍蝇赶走，其他更饥饿的苍蝇就会取代它们，喝光我剩下的血。”
paragraph2sentence.train-metaphoric-371-2,有时，忍受轻微的不适比与它作斗争并被更大的不适所克服要好。
paragraph2sentence.train-metaphoric-372-1,盲人习惯于用手触摸来区分不同的动物。  有人给他带来了一只小狼，要求他摸一摸，并说出那是什么。  他感觉到了，疑惑地说：“我不太知道那是狐狸的幼崽，还是狼的幼崽，但这一点我很清楚。”  让他进入羊圈并不安全。
paragraph2sentence.train-metaphoric-372-2,当面对未知的事情时，安全总比后悔好。
paragraph2sentence.train-metaphoric-373-1,由于牧羊人和他的狗的警惕性，狼发现很难接近羊群。  但有一天，它发现了一张被剥了皮扔在一边的羊皮，于是它把它盖在自己的毛皮上，在羊群中漫步。属于羊的羔羊，披着狼的皮，开始跟随披着羊皮的狼。于是，他把小羊牵开一点，很快就把她吃了一顿，一段时间以来，他成功地欺骗了羊群，并享受了丰盛的饭菜。
paragraph2sentence.train-metaphoric-373-2,如果你允许男人为了你自己的目的而利用你，他们也会为了他们的目的而利用你。
paragraph2sentence.train-metaphoric-374-1,一只蚂蚁在阳光下敏捷地奔跑寻找食物，遇到了即将发生变化的蛹。蛹移动了它的尾巴，从而引起了蚂蚁的注意，然后蚂蚁第一次看到它还活着。 “可怜的、可怜的动物！”蚂蚁轻蔑地叫道。 ‘你的命运是多么悲惨啊！虽然我可以随心所欲地跑来跑去，如果我愿意的话，还可以爬上最高的树，但你却被囚禁在你的壳里，只有移动你鳞状尾巴的一两个关节的力量。蛹们听到了这一切，但并没有试图做出任何回应。几天后，当蚂蚁再次经过那条路时，只剩下壳了。他想知道里面的东西变成了什么样子，突然感觉自己被一只美丽蝴蝶华丽的翅膀遮蔽和扇动。 “看我，”蝴蝶说，“你可怜的朋友！现在就夸耀一下你奔跑和攀爬的能力吧，只要你能让我听。说着，蝴蝶在空中升起，在夏日的微风中翩翩起舞，很快就永远消失在蚂蚁的视线中了。
paragraph2sentence.train-metaphoric-374-2,怜悯有时会因无知而错位。
paragraph2sentence.train-metaphoric-375-1,一个药草商的一头驴给了他太少的食物和太多的工作，向朱庇特请求解除他目前的服务并为他提供另一个主人。  朱庇特警告他会后悔他的请求后，将他卖给了一个瓷砖制造商。  不久之后，他发现自己的担子更重，砖地里的工作更辛苦，便请求再次更换主人。  朱庇特告诉他，这将是他最后一次满足他的请求，并下令将他卖给制革商。  驴子发现自己落入了更糟糕的手中，并注意到主人的职业，呻吟着说道：“对我来说，要么被前任主人饿死，要么被前任主人过度劳累，总比被现在的主人买下要好，即使我死后，他也会把我的皮晒黑，让我对他有用。”
paragraph2sentence.train-metaphoric-375-2,小心你的要求。
paragraph2sentence.train-metaphoric-376-1,一位国王，他唯一的儿子喜欢武术，他梦见有人警告他，他的儿子将被狮子杀死。  由于担心梦想成真，他为儿子建造了一座令人愉快的宫殿，并用各种真人大小的动物装饰宫殿的墙壁供他娱乐，其中就有狮子的图画。  当年轻的王子看到这一幕时，他因被囚禁而感到的悲痛再次爆发出来，他站在狮子旁边说道：“噢，你们这些最可憎的动物！通过我父亲在睡梦中看到的一个谎言梦，我因为你的缘故而被关在这座宫殿里，就像我是一个女孩一样：现在我该对你做什么呢？  说着，他把手伸向一棵荆棘树，意思是从树上砍下一根棍子，这样他就可以打败狮子了。  但树上的一根刺刺穿了他的手指，引起了巨大的疼痛和炎症，使年轻的王子昏倒在地。  他突然发高烧，几天后就去世了。
paragraph2sentence.train-metaphoric-376-2,梦可以激发人们做出奇怪的行为。
paragraph2sentence.train-metaphoric-377-1,一个男人有两个女儿，一个嫁给了园丁，另一个嫁给了瓷砖匠。  过了一段时间，他去找与园丁结婚的女儿，询问她的近况以及一切进展如何。  她说：“我万物兴盛，我只有一个愿望，就是下一场大雨，好让植物得到充足的浇灌。”  不久之后，他又去找了嫁给瓦匠的女儿，同样询问了她的近况。她回答说：“我什么都不想要，只有一个愿望，那就是干燥的天气能够持续下去，阳光又热又亮，让砖块能够晒干。”  他对她说：“如果你姐姐希望下雨，而你希望天气干燥，那么我应该跟哪一个一起许愿呢？”
paragraph2sentence.train-metaphoric-377-2,一个人分为支持两个同等重要的事业。
paragraph2sentence.train-metaphoric-378-1,一个人和一个萨特曾经一起喝酒，象征着他们之间结成了联盟。  一个非常寒冷的冬日，当他们谈话时，那个人把手指放在嘴边，对着手指吹气。  当萨特询问原因时，他告诉他，他这样做是为了温暖他的手，因为他的手太冷了。  当天晚些时候，他们坐下来吃饭，准备的食物很烫。  男人把其中一个盘子举到嘴边一点，然后向里面吹了一口气。  当萨特再次询问原因时，他说他这样做是为了冷却肉，肉太热了。  “我不能再把你当作朋友了，”萨特说，“你是一个忽冷忽热的家伙。”
paragraph2sentence.train-metaphoric-378-2,热菜需要时间冷却。
paragraph2sentence.train-metaphoric-379-1,燕子和乌鸦为它们的羽毛发生了争执。  乌鸦结束了争论，说：“你的羽毛在春天很好，但我的羽毛可以保护我免受冬天的侵害。”
paragraph2sentence.train-metaphoric-379-2,小朋友可能会成为好朋友。
paragraph2sentence.train-metaphoric-380-1,一只老鹰停下来，恳求狮子与他结盟，以实现共同利益。  狮子回答说：“我不反对，但请原谅我要求你为你的诚意找到担保人，因为我怎么能相信一个可以随时背弃协议的人呢？”
paragraph2sentence.train-metaphoric-380-2,老鹰能够飞到它们想去的地方，唯一的限制是它们的耐力。
paragraph2sentence.train-metaphoric-381-1,一个孩子在没有保护的情况下从牧场返回时，被一只狼追赶。  见自己无法逃脱，他转过身来，说道：“我知道，沃尔夫朋友，我一定是你的猎物，但在我死之前，我想拜托你一个忙，你可以给我弹一首曲子，让我跳舞。”  狼照办了，当他吹笛而孩子跳舞时，一些猎犬听到声音跑了过来，开始追狼。  他转向孩子说：“这正是我应得的；”因为我只是一个屠夫，不应该为了取悦你而变成风笛手。
paragraph2sentence.train-metaphoric-381-2,猎犬可以用来将狼从牲畜身边赶走。
paragraph2sentence.train-metaphoric-382-1,一群牛正拖着一辆沉重的马车沿着乡间小路行驶。  车轴树发出可怕的呻吟声和吱吱声。于是，牛转过身来，对车轮说道：“哈喽！”你为什么发出这么大的声音？我们承担了所有的劳动，我们，而不是你们，应该哭泣。
paragraph2sentence.train-metaphoric-382-2,在中世纪，牛是搬运重物的首选驮兽。
paragraph2sentence.train-metaphoric-383-1,一位王子训练了一些猴子跳舞。  她们天生就善于模仿男人的行为，所以她们是最聪明的学生，当她们穿上华丽的衣服，戴着面具时，她们的舞蹈就像所有朝臣一样。  这一奇观经常在热烈的掌声中重复出现，直到有一次，一位廷臣一心恶作剧，从口袋里掏出一把坚果，扔到舞台上。  猴子们一看到坚果就忘记了他们的舞蹈，变成了（事实上他们本来就是）猴子而不是演员。  他们摘下面具，撕破长袍，为了坚果而互相争斗。  舞蹈表演就这样在观众的笑声和嘲笑声中结束了。
paragraph2sentence.train-metaphoric-383-2,一个人可以假装自己不是那样的人，但当他们的旧方式被证明太诱人时，最终会暴露出他们的真面目。
paragraph2sentence.train-metaphoric-384-1,一个炎热的夏日，一只狐狸在果园里漫步，直到他发现一串葡萄正挂在一根高高的树枝上，葡萄藤上正在成熟。  “只是解渴的东西，”他说。  他后退了几步，又跑又跳，差点就错过了那群人。  他又转身一、二、三，跳了起来，但没有取得更大的成功。  他一次又一次地尝试着吃这诱人的食物，但最后不得不放弃，然后扬着鼻子走开，说道：“我确信它们是酸的。”
paragraph2sentence.train-metaphoric-384-2,我们说服自己，我们得不到的东西是不好的，这样我们就觉得没有它也没关系。
paragraph2sentence.train-metaphoric-385-1,一只海鸥抓住了一条太大的鱼，冲破了深深的食道袋，躺在岸边等死。  一只风筝看见了他，惊呼道：“你罪有应得；因为天上的飞鸟无权到海里寻找食物。”
paragraph2sentence.train-metaphoric-385-2,除了猛禽之外，大多数鸟类都没有能力直接从水中抓鱼。
paragraph2sentence.train-metaphoric-386-1,一只被夹住的狐狸逃脱了，但却失去了尾巴。  此后，他因所遭受的羞辱和嘲笑而感到自己的生活成为一种负担，他计划让所有其他狐狸相信，无尾巴更有吸引力，从而弥补自己的缺陷。  他召集了很多狐狸，公开建议它们把尾巴剪掉，说没有尾巴不但好看多了，而且还能摆脱刷子的重量，带来很大的不便。  其中一个打断他说：“如果你自己没有失去尾巴，我的朋友，你就不会这样劝告我们了。”
paragraph2sentence.train-metaphoric-386-2,鼓励别人像你一样行事或表现并不总是明智的。
paragraph2sentence.train-metaphoric-387-1,有一天，一只猫碰巧抓住了公鸡作为晚餐。然而，她想要一个杀死这只鸟的好借口。   “我需要把你从这个世界上除掉，”她对公鸡说，“你整夜不断地发出可怕的声音，干扰人们急需的睡眠。”没有你，世界会变得更好。”  “不，”公鸡说，“我为人类的利益而鸣叫。”每天早上，当他们开始工作时，我就会叫醒他们，这样他们就可以谋生了。”    '荒谬的！'猫说，然后她吃了他。
paragraph2sentence.train-metaphoric-387-2,给予恶人的好处会增加他们伤害你的手段。
paragraph2sentence.train-metaphoric-388-1,一只狮子曾经在四头牛曾经居住的田野里徘徊。  他多次试图攻击他们，但他们却一无所获。但每当他走近时，它们就会把尾巴转向彼此，因此无论他从哪个方向接近它们，都会遇到其中一只的角。  然而，最后他们之间发生了争吵，然后各自各自去田野的一个角落里独自吃草。  然后狮子一一攻击他们，很快就把四个人都消灭了。
paragraph2sentence.train-metaphoric-388-2,团体提供个人无法单独提供的保护。
paragraph2sentence.train-metaphoric-389-1,一只鹰猛扑向一条蛇，用爪子抓住它，打算把它叼走并吞掉。但蛇的速度对他来说太快了，转眼之间就将他缠住了。随后两人之间展开了一场你死我活的斗争。一位目睹了这次遭遇的乡下人前来帮助老鹰，并成功地将老鹰从蛇手中解救出来，使他得以逃脱。为了报复，蛇将一些毒液吐到了男人的饮酒角里。那人因劳累而热血沸腾，正想用号角来解渴，这时老鹰把号角从他手中打落，把号角里的东西洒在了地上。
paragraph2sentence.train-metaphoric-389-2,处理蛇时，请注意它们与您的食物和饮料的相互作用。
paragraph2sentence.train-metaphoric-390-1,花园里，一朵玫瑰和一株苋菜并排绽放，苋菜对她的邻居说：“我多么羡慕你的美丽和芬芳啊！”难怪你如此受到大家的喜爱。但玫瑰的声音里带着一丝悲伤，“啊，我亲爱的朋友，我只绽放了一阵子，我的花瓣很快就会枯萎落下，然后我就死了。”但你的花永远不会凋谢，即使被剪掉；因为它们是永恒的。
paragraph2sentence.train-metaphoric-390-2,玫瑰丛必须定期修剪，以促进新芽的生长。
paragraph2sentence.train-metaphoric-391-1,有一天，一只狐狸掉进了一口深井，无处可逃。  一只山羊口渴难耐，来到这口井，看到狐狸，就询问水好不好。  狐狸用快乐的外表来掩饰自己的悲伤困境，对水大加赞扬，说它的水是无与伦比的，并鼓励他下水。  山羊只顾着口渴，不假思索地跳了下去，但就在他喝水的时候，狐狸告诉他他们俩都遇到了困难，并提出了一个共同逃生的计划。  “如果，”他说，“你把前脚放在墙上，低下头，我就会跑到你的背上逃走，然后再帮助你。”  山羊欣然同意，狐狸跳到山羊背上。  他用山羊角稳住自己，安全到达井口，并以最快的速度逃跑。  当山羊责备他违背诺言时，他转过身喊道：“你这个愚蠢的老家伙！”如果你脑子里的大脑和胡须里的头发一样多，你就不会在检查了上行路线之前就下山了，也不会将自己暴露在无法逃脱的危险之中。
paragraph2sentence.train-metaphoric-391-2,行动之前要三思，否则你会发现自己处于危险的境地。
paragraph2sentence.train-metaphoric-392-1,一个寒冷的日子，一名樵夫下班回家时，看到雪地上躺着一个黑色的东西。  当他走近时，他发现那是一条看上去已经死了的蛇。  但他还是拿起它，放在怀里取暖，然后匆匆赶回家。  他一进屋，就把蛇放在火前的壁炉上。  孩子们看着它，看到它慢慢地又恢复了生机。  这时其中一人弯下腰去抚摸，那条蛇却抬起头来，伸出獠牙，正要把孩子蜇死。  于是，樵夫拿起斧子，一刀将蛇砍成了两半。  “啊，”他说，“恶人不会报恩。”
paragraph2sentence.train-metaphoric-392-2,当他走近它们时，它们很快就发现了作弊行为，大步走到他面前啄他，并拔掉了他借来的羽毛。
paragraph2sentence.train-metaphoric-393-1,一只快要渴死的乌鸦看到一个水罐，希望能找到水，高兴地飞向水罐。  当他到达那里时，他悲伤地发现里面的水太少了，他根本拿不到。  他想尽了一切办法想要到达水边，但所有的努力都是徒劳的。  最后，他收集了尽可能多的石头，用喙将它们一颗一颗地扔进水罐里，直到他把水带到他能拿到的地方，从而救了他的命。
paragraph2sentence.train-metaphoric-393-2,需要是发明之母。
paragraph2sentence.train-metaphoric-394-1,一个温暖的早晨，一只泼妇带着她的孩子们出去晒太阳，遇到了一只怀里抱着她的幼崽的母狮。 “傲慢的女士，为什么对一只孤零零的幼崽表现出这样的架势？”泼妇冷笑道。 “看看我这里健康且数量众多的孩子，如果可以的话，想象一下，一个自豪的母亲应该有怎样的感受。”母狮瞪了她一眼，抬起鼻子走开，平静地说：“是的，看看那漂亮的收藏吧。”这些是什么？狐狸！我只有一只，但请记住，那是一只狮子。”
paragraph2sentence.train-metaphoric-394-2,诸神帮助自助者。
paragraph2sentence.train-metaphoric-395-1,狮子向樵夫的女儿求婚。  父亲不愿意答应，又不敢拒绝他的请求，于是想出了这个权宜之计，以摆脱他的纠缠。  他表示愿意接受狮子作为他女儿的追求者，但有一个条件：他应该允许他拔掉牙齿，并砍掉他的爪子，因为他的女儿非常害怕这两件事。  狮子高兴地同意了这个提议。  但当无牙无爪的狮子回来重复他的请求时，樵夫不再害怕，用棍棒攻击他，把他赶进了森林。
paragraph2sentence.train-metaphoric-395-2,狮子的凶猛靠的是牙齿和爪子。
paragraph2sentence.train-metaphoric-396-1,两只青蛙一起住在沼泽地里。但在一个炎热的夏天，沼泽干涸了，他们离开了沼泽去寻找另一个居住的地方：如果可以的话，寻找喜欢潮湿地方的青蛙。不久，他们来到了一口深井，其中一个往下看，对另一个说：“这看起来是一个很凉爽的地方。”让我们跳进去并在这里定居。但另一个头脑更聪明的人回答说：“别那么快，我的朋友。”假设这口井像沼泽一样干涸了，我们该如何出去呢？
paragraph2sentence.train-metaphoric-396-2,在考虑您的选择时，请始终考虑如果事情进展不顺利该怎么办。
paragraph2sentence.train-metaphoric-397-1,一只孔雀展开华丽的尾巴，嘲笑一只路过的鹤，嘲笑它灰白的羽毛，说道：“我身着金色、紫色和彩虹色的长袍，像国王一样；我的衣服就像国王一样。”而你的翅膀上却没有一点颜色。” “是的，”鹤回答道。 “但我翱翔到天堂的高度，向星星高声歌唱，而你却像公鸡一样在下面走在粪堆的飞鸟中间。”
paragraph2sentence.train-metaphoric-397-2,许多鸟类具有旨在吸引性伴侣的进化特征，例如孔雀的尾巴特征。
paragraph2sentence.train-metaphoric-398-1,一个被狗咬伤的人四处寻找可以治愈他的人。  一位朋友见到他并了解他想要什么后说：“如果你想痊愈，就拿一块面包，将其浸入伤口的血中，然后去把它交给咬你的狗。”  被咬的人听了这个建议笑了，说：“为什么？”如果我这样做，就好像我应该乞求镇上的每只狗来咬我一样。
paragraph2sentence.train-metaphoric-398-2,一只狗袭击了一个人，但没有致命。
paragraph2sentence.train-metaphoric-399-1,一只猫爱上了一位英俊的年轻人，请求维纳斯将她变成女人的样子。  维纳斯答应了她的请求，把她变成了一位美丽的少女，让青年看到了她，爱上了她，并把她带回家做自己的新娘。  当两人躺在房间里时，维纳斯想看看猫的变形是否也改变了她的生活习惯，于是在房间中央放了一只老鼠。  猫完全忘记了自己现在的处境，从沙发上站了起来，追赶老鼠，想要吃掉它。  维纳斯非常失望，再次让她恢复到原来的样子。
paragraph2sentence.train-metaphoric-399-2,你可以改变一个人的外表，但他们的性格将保持不变。
paragraph2sentence.train-metaphoric-400-1,一些男孩在池塘边玩耍，看到水中有许多青蛙，开始向它们扔石头。  他们杀死了其中的几只青蛙，其中一只青蛙将头从水中抬起来，大声喊道：“请停下来，我的孩子们：对你们来说是运动，对我们来说就是死亡。”
paragraph2sentence.train-metaphoric-400-2,有些人的享受，却是另一些人痛苦的原因。
paragraph2sentence.train-metaphoric-401-1,野兔们受到其他野兽的迫害，不知道该去哪里。  一旦他们看到有一只动物接近他们，他们就会逃跑。  有一天，他们看到一群野马乱窜，所有的野兔都惊慌失措地跑到附近的一个湖里，决心淹死自己，而不是继续生活在恐惧之中。  但当他们快到湖岸时，一群青蛙被野兔的靠近吓坏了，纷纷跳入水中。  “确实，”其中一只野兔说道，“事情并不像看起来那么糟糕：“总有人比你更糟糕。”
paragraph2sentence.train-metaphoric-401-2,青蛙害怕兔子。
paragraph2sentence.train-metaphoric-402-1,一只生病的雄鹿躺在牧场一个安静的角落里。  他的同伴们纷纷前来询问他的健康状况，每个人都拿了一份为他准备的食物。因此，他的死不是因为疾病，而是因为生活来源的匮乏。
paragraph2sentence.train-metaphoric-402-2,复仇会伤害复仇者。
paragraph2sentence.train-reviews-403-1,Splenda 上的惊人购买！与商店相比，节省的费用令人难以置信。我因为患有糖尿病而使用它，但味道很棒，我仍然可以得到糖的味道，没有苦涩的后味。这些小包让我随身携带很方便。谢谢亚马逊！
paragraph2sentence.train-reviews-403-2,这种 Splenda 比商店里买的便宜，非常适合像我这样经常用它代替糖的糖尿病患者。
paragraph2sentence.train-reviews-404-1,深度烘焙的版本很好吃，我也收到了朋友的评论。  味道十足，早上美味，没有一半（这说明了很多）！  对于那些说咖啡很淡的人，我有一个建议：你需要多加点咖啡。  在我的 Cuisinart 咖啡机（右侧有“步进”指示器的型号）中，我使用 3-1/2 勺冲 10 杯。超级省钱也是购买咖啡的好方法。
paragraph2sentence.train-reviews-404-2,浅度烘焙混合物几乎同样好，但需要更多风味。
paragraph2sentence.train-reviews-405-1,我听说酒胶已经有一段时间了，也读过有关这些的评论——评论家说这些是我吃过的最美味、最美味的耐嚼软糖！  我的家人打开其中一个袋子并开始狂欢，所以我必须尝尝。惊人的！！  到目前为止，亚马逊的价格是我能找到的最优惠的。  6.6 磅的这种糖果不到 20 美元，非常便宜。再次，英国摇滚！
paragraph2sentence.train-reviews-405-2,对于想要品尝葡萄酒但由于某种原因无法饮酒的葡萄酒爱好者来说，葡萄酒软糖是一种很棒的零食。
paragraph2sentence.train-reviews-406-1,这是我最喜欢的麦片。当我们把它放在家里时，我每天都会吃它，有时一天两次，所以它不会持续很长时间。我是粘性麦片的忠实粉丝，我的意思是麦片既不湿，也不脆。这种麦片很快就会变成燕麦糊（奇怪的是，我讨厌燕麦片），所以如果你不喜欢它太湿，你就必须快点或少喝牛奶。不过，味道棒极了。它不太含糖，尝起来也不像纸板。老实说，它恰到好处，而且比许多其他谷物健康得多（尽管它不是最健康的）。出于某种原因，在观看指环王时喝一碗这个是一个完美的安慰组合。 （：
paragraph2sentence.train-reviews-406-2,我和我的兄弟曾经开玩笑说葡萄坚果是用木头或纸板制成的。
paragraph2sentence.train-reviews-407-1,读完《Wheatbelly》（来自亚马逊）后，我终于接受了真正低碳水化合物和避免谷物的必要性。但是偶尔需要吃点零食和泡一下该怎么办呢？它们完全符合要求：辛辣、松脆、健康且不含麸质。我只是希望它们可以订阅并保存，因为我知道它们非常棒。
paragraph2sentence.train-reviews-407-2,高碳水化合物零食会扰乱我的胰岛素水平，让我整天感觉精疲力竭。
paragraph2sentence.train-reviews-408-1,面条很棒，但是有点辣。如果你喜欢辣，那么把整个口味包放进碗里，但如果我喜欢少一点辣，那么只放一半或3/4的包，结果就很好吃。
paragraph2sentence.train-reviews-408-2,面条味道很好，但香料可能太浓了，所以考虑使用一半或 3/4 包以获得更好的味道。
paragraph2sentence.train-reviews-409-1,这不是原来的瑞士美极调味酱。它非常接近，味道也很好，但要注意，虽然商标仍然是瑞士的，但这种特殊产品是在墨西哥制造和装瓶的。
paragraph2sentence.train-reviews-409-2,与原来的瑞士美极调味酱不同，这东西是在墨西哥制造的。
paragraph2sentence.train-reviews-410-1,我喜欢各种通心粉和奶酪。  我的自制版本使用奶油、比彻奶酪和珍宝蟹。  但另一方面，我也喜欢斯托弗和商人乔的冷冻食品，我什至喜欢蓝色盒子里的东西。  看了很多Annie's的好评，所以今天去店里买了一盒。  我不确定喜欢这种东西的人过去吃过什么样的通心粉和奶酪，但我发现安妮的味道淡而平淡。  我觉得芝士粉加两倍还可以，但是这个东西没有味道。  吃了几口，把剩下的扔掉了。  幸运的是我只买了一盒，但这完全是浪费钱。  即使 Easy Mac 也更好。
paragraph2sentence.train-reviews-410-2,安妮的奶酪通心粉简直是浪费钱——虽然好评如潮，但味道淡而乏味。
paragraph2sentence.train-reviews-411-1,这是我第一次尝试黄咖喱酱，我喜欢它。  尽管它不像其他咖喱那么辣，但香料和味道的水平并不令人失望。  我按照容器侧面的食谱进行操作。  它确实使用了欧洲的测量标准，一开始有点令人生畏。  我确实注意到营养栏目下写着2茶匙就是10克。  这意味着 50 克等于 10 茶匙。  没有法律规定不能使用更多。  我打算上网寻找更多食谱，另外我还有一些自己的想法，嘿，假装它直到你成功。  这种黄咖喱的风味特征让您可以承担所有费用，通过您自己的想象力进行旅行。
paragraph2sentence.train-reviews-411-2,咖喱酱的颜色可能因成分而异，虽然所有咖喱酱都含有相同的主要成分（咖喱），但味道可能会有很大差异 - 以及热量！
paragraph2sentence.train-reviews-412-1,这些谷物非常好。  大约花了一个月的时间，它们才真正起飞并体积增大了一倍。  将前几批用于煎饼或烘焙。  我喜欢加一点枫糖浆的开菲尔。
paragraph2sentence.train-reviews-412-2,这些开菲尔粒很美味，第一个月后尺寸增加了一倍。
paragraph2sentence.train-reviews-413-1,我今天早餐吃了一碗。我在上面放了两个煎鸡蛋，加了一点昨天做的辣酱。面条的硬度不错，汤也很美味。蔬菜没有我通常希望的那么丰富，但我不能抱怨;一顿丰盛的早餐。 3.125 星（满分 5.0 星）是我在 ramenrater.com 上给它的评分。
paragraph2sentence.train-reviews-413-2,面条是均衡早餐的绝佳补充，尽管听起来很奇怪。
paragraph2sentence.train-reviews-414-1,缅因州龙虾准时到达，又大又好吃。它们是我们四个人分享的，我们都对它的味道和新鲜度感到满意。他们非常好，将再次从这家公司购买。很快，我希望。谢谢。
paragraph2sentence.train-reviews-414-2,它们装在一个温控罐中，所以如果您在冬天订购它们也不必担心。
paragraph2sentence.train-reviews-415-1,我用的是渗滤器，这是非常好的咖啡！  我们的保姆同意了。  她每天早上都会为我做恰到好处的咖啡（我似乎不能每次都让我的咖啡完美，但她可以）。与甜炼乳一起味道最好。  我强烈建议你尝试用甜炼乳！
paragraph2sentence.train-reviews-415-2,保姆每天早上都会用这个制作完美的咖啡。
paragraph2sentence.train-reviews-416-1,在我成长的过程中，我喜欢康乃馨巧克力牛奶。  我们不能再在当地的杂货店购买它。  当我能够从亚马逊购买它时，我很高兴。  它来得很快，味道很棒，就像我几年前记得的那样。
paragraph2sentence.train-reviews-416-2,康乃馨巧克力牛奶从小就是我的最爱，所以当我在商店里找不到它时，我很高兴发现我可以从亚马逊购买它。
paragraph2sentence.train-reviews-417-1,这是一个极好的价值！  一旦你吃过橄榄油包装的金枪鱼，你就再也不会吃另一种金枪鱼了！  小一罐正好适合一个人吃。  金枪鱼单独吃或加入金枪鱼沙拉都很美味。
paragraph2sentence.train-reviews-417-2,虽然我时不时地交替选择蓝水牛粗磨食品，但我的猫永远不会厌倦蓝水牛，而且我也不想没有从中看到的良好效果。
paragraph2sentence.train-reviews-418-1,当我一年多前第一次尝试这种茶时，我立刻就爱上了它。此茶味道清淡但浓郁；炒米非常适合，几乎让这款茶具有黄油般的品质。茶叶本身的品质非常好，具有美丽的深绿色。这种茶物有所值，但还有一个额外的好处：如果您在这里在线购买，您会得到两罐而不是一罐——非常适合送礼或分享。这种茶是我会为那些声称讨厌绿茶的人提供的茶，只是为了展示绿茶的多样性。
paragraph2sentence.train-reviews-418-2,从亚马逊购买这款茶可以享受买二送一的优惠。
paragraph2sentence.train-reviews-419-1,我以前从未尝试过凯尔特海盐，但读过很多关于它比普通盐更适合你的文章。  我买了这个，非常高兴，但我相信我更愿意买优质的地面。  这非常适合烹饪，但您需要在餐桌上使用研磨机。  味道就像盐一样。  我看不出加碘食盐的味道有什么不同。  它看起来绝对不同。  它是一种湿润的灰色。  非常高兴。  当我清空盐研磨机时转换成这个。  目前还无法告诉您它对研磨机的反应如何。
paragraph2sentence.train-reviews-419-2,凯尔特海盐的味道就像普通海盐一样，但它是大颗粒，足够大，我必须使用研磨机将盐添加到食物中。
paragraph2sentence.train-reviews-420-1,我喜欢爆米花。我们每周大约有 4 个晚上吃爆米花。我开始寻找爆米花棒子，就像今年我吃的那样，它很可爱，然后偶然发现了印度树。这是我能找到的最接近干玉米棒爆米花的东西，我喜欢它。它的味道是如此新鲜和自然。我已经使用了几个月了，有一天用完了，不得不使用一个流行的商店品牌。虽然玉米粒爆得更大，但味道不新鲜且经过加工……更不用说，印度树爆米花实际上比商店品牌便宜。我现在正在订购更多印度树！
paragraph2sentence.train-reviews-420-2,甜玉米不适合做爆米花，因为它的玉米粒不会爆得那么大。
paragraph2sentence.train-reviews-421-1,我点了这些零食，因为它们看起来很像瓦金火车鸡肉饼干。好吧，他们一点也不像他们。我的狗喜欢 Waggin Train 的产品，但不会吃这些。化学气味太浓了。不知道它们是由什么制成的，但它们被扔进了垃圾桶。我希望我不会因为倾倒有毒废物而被罚款。
paragraph2sentence.train-reviews-421-2,尽管看起来与 Waggin Train 鸡肉饼干相似，但这些狗粮一点也不像它们，而且闻起来有毒，我就把它们扔掉了。
paragraph2sentence.train-reviews-422-1,我不喜欢敲击产品……但是我已经使用甜叶菊很多年了。我最喜欢的是 3.5 盎司 Kal 纯甜叶菊提取物，没有填充剂。不幸的是，我有 1 磅这个 NOW 品牌，我立即注意到它远没有 Kal 品牌那么有效。...这种粉末不像 KAL 那样浓密。确实，您必须将通常在饮料中使用的量增加一倍或三倍/我没有用它烹饪...它不像 KAL 那样溶解得那么快，而且没有那么好的甜味。我习惯了……我会完成它，就这样。也许产品需要压缩……但我不确定……
paragraph2sentence.train-reviews-422-2,这种甜叶菊甜味剂比 Splenda 中的三氯蔗糖健康得多。
paragraph2sentence.train-reviews-423-1,当我服用这个产品时，我的皮肤变得干净了很多，但我很快就开始出现消化问题。  我可能需要考虑用多少水来稀释它。也就是说，它作为一种健康饮料对很多人来说都有效，但如果你的胃敏感，一定要注意剂量。
paragraph2sentence.train-reviews-423-2,这种健康饮料可以净化你的皮肤。
paragraph2sentence.train-reviews-424-1,哇，太阳女仆——你永远不会失望！！！我烤了这些松饼，甚至按照盒子侧面的建议添加了菠萝——松饼（全部12个）从烤箱中出来时是美味的、半湿润的完美食物，直到每个松饼顶部略脆但仍然多汁的葡萄干。它们储存得很好——我最终把它们（用箔纸覆盖）放入冰箱，现在我正在拿剩下的和我一起工作。每次混合只需要一个鸡蛋，一些油或黄油，和液体（在我的例子中，我用菠萝汁作为液体）——混合只需要很少的时间（我用一把大叉子来混合面糊），它们很快就会从烤箱里弹出来。价格合适，结果很美味！
paragraph2sentence.train-reviews-424-2,用菠萝汁（而不是水）代替可以为松饼混合物增添风味。
paragraph2sentence.train-reviews-425-1,我订购了提取物来制作玫瑰冰淇淋，因为你很少找到它。  用这种调味料制作的冰淇淋真的很棒。  我用 1 1/4 茶匙给大约 3 杯冰淇淋调味。  这是一种非常清淡和完美的味道。  您绝对可以使用更多以获得更浓烈的味道。  卖家发货也非常快。
paragraph2sentence.train-reviews-425-2,玫瑰味的冰淇淋很难找到。
paragraph2sentence.train-reviews-426-1,我发现 Wiley 的玉米煮调味料是调味新鲜玉米的绝佳混合物。我不会梦想在不使用玉米棒的情况下准备玉米棒。这种混合物增强了玉米棒子的味道。
paragraph2sentence.train-reviews-426-2,玉米棒需要良好的调味，就像威利的那样。
paragraph2sentence.train-reviews-427-1,我的小杰克·罗素喜欢这些尺寸完美的饼干。与其他的不同，它们不会分裂。她爱他们。我爱他们。没有瘙痒或肚子问题。
paragraph2sentence.train-reviews-427-2,这些饼干非常适合我的狗，它喜欢吃它们，但不会像其他饼干那样乱七八糟或胃部问题。
paragraph2sentence.train-reviews-428-1,我一直在寻找这种口香糖。  由于某种原因，我在当地商店找不到 Rain-blo。他们只提供 Dubble Bubble——我不喜欢它，因为味道不会持久。口香糖很快就送到了，味道很新鲜。  包装内含 48 包（每包 4 颗口香糖）。  以防万一您想知道，口香糖球是中等大小的，而不是巨型或较小的一口大小的选择。您最终为每个包裹支付约 0.27 美元，这不是一笔糟糕的交易。绝对值得。
paragraph2sentence.train-reviews-428-2,这款 Rain-blo 口香糖很划算，特别是如果您当地的商店不卖的话。
paragraph2sentence.train-reviews-429-1,多年来我一直使用椰子油作为食用油和皮肤/护发产品的替代品。这是一个明星品牌——有机、冷压、安全储存。网上有很多关于椰子油如何拯救我们健康的好信息。跳上乐队的马车。现在还不算太晚。
paragraph2sentence.train-reviews-429-2,椰子油是食用油的绝佳且健康的替代品，这个品牌非常棒，冷榨，有机，并且专为长寿而设计。
paragraph2sentence.train-reviews-430-1,我为我的妻子买了这个，她是一个专门喝茶的人。  她报告说还可以，但不如 Timothy's Camomile 包装的 K-Cup 版本。  不会再得到这个
paragraph2sentence.train-reviews-430-2,据我妻子说，这种甘菊茶不如 K-Cup 版本。
paragraph2sentence.train-reviews-431-1,我正在用这种面粉来制作布鲁斯·法夫（Bruce Fife）的书中的食谱，我刚刚购买了《用椰子粉烹饪》。  饼干和面包质感很好，我喜欢炸鸡和意大利肉饼。  很高兴我买了面粉和这本书，因为椰子粉很难实验，因为它像海绵一样吸收水分。事实证明，如果你想让面糊更湿润，你需要添加更多的脂肪，而不是水或牛奶。
paragraph2sentence.train-reviews-431-2,椰子粉可能很难烹饪，因为它比更常用的小麦粉​​吸收更多的水。
paragraph2sentence.train-reviews-432-1,它的爆米花！  它来得相当快，所有分发给它的人都喜欢它。  可能在不久的将来会有另一个订单。
paragraph2sentence.train-reviews-432-2,每个吃过这个爆米花的人都喜欢它，所以我们可能会再次订购。
paragraph2sentence.train-reviews-433-1,我们举办了庭院旧货出售活动，出售带有夏威夷刨冰雪糕糖浆的雪糕！这是一个巨大的打击！我特别喜欢 10 种口味的选择...我肯定会订购更多，因为在季节结束之前我们将举办更多的庭院销售活动！
paragraph2sentence.train-reviews-433-2,自从我开始使用它以来，我没有出现任何新的突破。
paragraph2sentence.train-reviews-434-1,我点的巴西坚果来得很快，非常快。我很惊讶我订的5个小包这么少，但也是有道理的。巴西坚果很大，有 8 盎司。袋子会比我想象的要小。即便如此，巴西坚果很漂亮，是蛋白质的良好来源，我很喜欢它们。我们被大雪覆盖，所以有一些易于食用且不需要烹饪的东西真是太棒了。很棒的应急计划食物。我向所有喜欢巴西坚果的人推荐它们。嗯嗯。我让自己饿了。我要去争取更多。
paragraph2sentence.train-reviews-434-2,巴西坚果是一种很好的蛋白质来源，当您不想做饭时，它是一种极好的富含蛋白质的零食。
paragraph2sentence.train-reviews-435-1,我对瑜伽茶上瘾了，并发誓要把它们全部尝试一下。  这印度香料茶很好吃。我发现许多瑜伽茶的味道没有我想要的那么浓，所以茶包会留在里面，直到我喝完所有的茶。这种茶则不然，这种茶有很浓的肉桂味，我觉得很愉快。事实上，我今天可能把袋子放得太久了，因为肉桂味有点烧焦了。盒子上的说明说要在茶中添加牛奶（或代乳品）和甜味剂。他们是认真的。我想直接喝它，但不能，只是味道不对。然而，我确实添加了一种流行的风味咖啡奶精，效果非常好。  这是一种全新的饮料，感觉不像茶，而是一种享受。享受。
paragraph2sentence.train-reviews-435-2,大多数瑜伽茶都有点淡，我必须把茶包留在杯子里，直到喝完才能得到合适的味道。
paragraph2sentence.train-reviews-436-1,作为一种全天然产品，这是一种很好的谷物。  我不吃加糖的产品，所以这个产品很适合我。  东西很硬，需要一段时间才能吃完。  它也非常稠密，不会吸收太多牛奶。  尝试一小碗，慢慢吃。
paragraph2sentence.train-reviews-436-2,这种麦片不加糖，很硬，不吸收牛奶，但我觉得没什么问题。
paragraph2sentence.train-reviews-437-1,这是我最喜欢的椰子水，我想我已经尝试了几乎所有的椰子水（新鲜的总是最好的，但价格昂贵且很难获得）。我第一次在加利福尼亚州发现 Taste Nirvana，装在较小的玻璃瓶中，很喜欢它，但回到马里兰州后找不到它。然后我在 Facebook 上找到了它们，随后又在亚马逊上找到了它们，从那时起我每月订阅 2 箱（并且正在增加到 3 箱）。玻璃瓶的味道可能会更好，也可能不会，但这是一个更大的容器，而且便宜得多。现在我附近的商店都有这个品牌，但在亚马逊上购买仍然更便宜，而且我附近仍然买不到普通的无浆罐。
paragraph2sentence.train-reviews-437-2,佳得乐和其他能量或运动饮料是剧烈运动后电解质的良好来源，这可能会导致身体供应不足并导致不舒服的抽筋。
paragraph2sentence.train-reviews-438-1,一种完美且廉价的种植兰花的方法。附带一张信息表，解释如何正确护理植物。我的发货很快。如果您生活在寒冷的气候中，请在冬季订购时要小心：我的邮递员将包裹留在门外。幸运的是，我有一个友好的邻居，在它结冰之前把它带来了。
paragraph2sentence.train-reviews-438-2,邮购兰花是种植兰花的好方法，但如果您在冬天购买兰花，请小心植物结冰。
paragraph2sentence.train-reviews-439-1,我已经使用这款洗发水和配套的护发素有一段时间了，将它们两者一起使用确实对我干燥发痒的头皮产生了影响。洗发水很稀，但超级丰富，我真的注意到我的头皮增加了水分。洗发水感觉里面也有护发素。我通常用洗发水洗头发两次，然后使用超浓稠的护发素，在头发上停留大约一分钟，然后冲洗。我的头发非常健康、光滑且富含水分。洗发水和护发素都有淡淡的香味。我尝试过各种不同的 Clear Scalp 洗发水和护发素，但这套是我最喜欢的之一。
paragraph2sentence.train-reviews-439-2,这款透明头皮洗发水（和配套的护发素）确实有助于滋润我的头皮并消除瘙痒，让我的头发散发出香味。
paragraph2sentence.train-reviews-440-1,蒂莫西的意大利混合咖啡在我的书中排名第一。在我们尝试过的大多数咖啡中，它具有最好的风味和顺滑的口感。我们通常喝汽车船上有的Coffee People's-Donut Shop Coffee。不过，我很喜欢在打折时购买它！
paragraph2sentence.train-reviews-440-2,该服务正如供应商所承诺的那样。
paragraph2sentence.train-reviews-441-1,我为我的丈夫订购了这款口香糖，他非常喜欢酸的东西。他果然没有失望！连我自己都喜欢！一开始它有完美的酸味，但当你咀嚼它时，它会慢慢变成这种以甜味为主的味道，并带有轻微的酸味余味。我们还不够！ =) 一旦我们的盒子用完，可能会再次订购。
paragraph2sentence.train-reviews-441-2,我丈夫对这种口香糖总是吃不够。
paragraph2sentence.train-reviews-442-1,这是一种很棒的、味道浓郁（且气味浓烈）的盐。松露通常有一种非常朴实、时髦的气味，这种盐也是如此。味道棒极了！非常适合搭配肉类、烤蔬菜和意大利面。一点点就有很长的路要走！盐收藏的一个很好的补充。
paragraph2sentence.train-reviews-442-2,我不喜欢这种小吃，但这些很好吃。
paragraph2sentence.train-reviews-443-1,当您注意碳水化合物并需要一些蛋白质时，这就是汤。味道和质地都非常出色。很高兴能够收到亚马逊送货上门的汤。
paragraph2sentence.train-reviews-443-2,因此，我发现马洛马尔与强大的风车相比略有不足，这可能并不奇怪。
paragraph2sentence.train-reviews-444-1,我喜欢吃辣，但不仅仅是为了辣。我也喜欢好味道！！当你将大蒜添加到任何东西的混合物中时，它引起了我的兴趣。因此，我真的很喜欢这种酱汁。
paragraph2sentence.train-reviews-444-2,这种酱汁非常适合增加一点热量。
paragraph2sentence.train-reviews-445-1,我是一个不断节食的奶奶，我有一个蹒跚学步的孙女，她真的讨厌吃东西。这个产品对我们双方都有帮助！这是一种非常健康的无糖、无脂肪零食。我一次吃一片蔬菜。它们很脆，在我嘴里融化了。我对他们的优秀感到惊讶。我的孙女也喜欢它们。她很挑食，而且一次只吃一块。现在我知道她正在获取营养而不是吃垃圾食品。是的，它们很贵，但你不会像普通煮熟的蔬菜那样坐着一勺一勺地吃这些。到目前为止我只把它们当作零食吃，但我正在寻找将它们加入沙拉的方法。这些零食对我刚学会吃普通食物的孙子也有好处。它们足够小，可以溶解在嘴里，我不会担心他窒息（我总是在监督下喂他！）这些零食值得一试。
paragraph2sentence.train-reviews-445-2,这些蔬菜非常适合挑食的人，而且会在嘴里融化，因此您可以一次吃一口。
paragraph2sentence.train-reviews-446-1,对于低碳水化合物饮食但偶尔喜欢/渴望面条的人来说，奇迹面条是一个不错的选择。是的，它们的气味是从包装中散发出来的。  彻底冲洗。  一旦准备好，它们的气味或味道就不会奇怪。其质地更像是米粉/玻璃纸面条，而不是小麦面食。比起米饭，我更喜欢天使面食，这让我想起以色列的蒸粗麦粉或米粒。
paragraph2sentence.train-reviews-446-2,尽管刚打开时有一点气味，但奇迹面条对于那些需要米粉但采用低碳水化合物饮食的人来说是一个巨大的帮助。
paragraph2sentence.train-reviews-447-1,在听说 Tastykake 有多好吃后，我尝试了三种口味。我喜欢奶油糖果，这个没有太多奶油糖果的味道。蛋糕很新鲜，但有点淡，没什么味道。
paragraph2sentence.train-reviews-447-2,这个蛋糕尝起来不太像奶油糖果，或者根本不像任何东西，真的。
paragraph2sentence.train-reviews-448-1,饮用阿华田超过 25 年，味道永远不会过时。  他们说他们做了一些改变，但味道仍然很棒！  我喜欢它，因为它也非常有营养，对你也有好处，而且这些罐子使它真正省钱。  我现在需要的只是我的“解码环”！
paragraph2sentence.train-reviews-448-2,我已经喝阿华田超过四分之一个世纪了，即使发生了变化，它的味道仍然很好，足以购买这些省钱的大罐。
paragraph2sentence.train-reviews-449-1,我觉得切碎的枣子很好吃，这些枣子碎很棒！！它们对任何东西都很方便......沙拉、松饼、煮熟的麦片、饼干棒，或者只是作为零食！他们把一个好的产品，更进一步，让它成为一个伟大的产品！爱它！如果购买 4 件装就更好了！
paragraph2sentence.train-reviews-449-2,这些枣碎甚至比切碎的枣更好，并且是多种食物（麦片、沙拉等）的绝佳添加物。
paragraph2sentence.train-reviews-450-1,这款南瓜香料茶是一罐很棒的冰茶，加一点 Truvia 或 Splenda 来增加甜味。  唯一的缺点是我所在地区秋天后找不到它，但现在我发现亚马逊有它，我已经订阅了它，所以我一定会有很多！  哦，如果您只是偶尔使用某种特定的口味，毕格罗是您的最佳选择，因为每个茶袋都单独用箔纸包装以保持新鲜。
paragraph2sentence.train-reviews-450-2,我想，以某种奇怪的、反手的方式，这就是令人安慰的食物。
paragraph2sentence.train-reviews-451-1,十多年前，Lion的品牌咖啡还不错（我个人从来不认为它们像某些人那样好；但无论如何，它们至少是可以接受的）。  最近，这个品牌已经跌到了无法饮用的地步。  我建议你不要浪费你的钱；并建议 Lion's Brand 公司重新考虑向以前忠实的客户群进行营销。
paragraph2sentence.train-reviews-451-2,咖啡的味道完全烧焦了，所以喝下去就完全冲淡了味道。
paragraph2sentence.train-reviews-452-1,多年来我一直在使用尼尔森梅西的所有香草，到目前为止，这是您可以以这个价格买到的最好的大溪地香草。  同样的金额，还有其他的面包价格高达 95.00 美元，但它们的品种很少，这使得它们对于普通面包师来说要贵得多。  我从 15 岁（现在 47 岁）就开始烘焙，多年来使用了许多不同形式的香草精。  我的心和品味都属于尼尔森-梅西。
paragraph2sentence.train-reviews-452-2,最近的研究表明，与天然来源的味道相比，消费者更喜欢人造香草的味道，这是因为人造香草是由纯香草醛制成的，这种物质赋予香草豆风味。
paragraph2sentence.train-reviews-453-1,这是我最喜欢的绿茶。  当我减少咖啡的摄入量时，我尝试了很多不同的种类，这是最好的。  它是绿茶味和茉莉花味的完美融合，但又不太花香。  它也有一种美妙的气味。  我喜欢喝和闻这种茶，就像我之前享受第一顿早晨咖啡一样。  此外，茶袋材料更容易保存和重新冲泡第二次。
paragraph2sentence.train-reviews-453-2,当我从咖啡转向茶之后，这种绿茶一直是我的首选，以至于我每天早上都像第一杯咖啡一样期待它。
paragraph2sentence.train-reviews-454-1,这是一种很好的糖替代品。  它很甜，可以用于热食、冷食和烘焙。  主要成分——木糖醇——对牙齿有益。  如果您养狗，则需要小心，因为这对它们来说很危险。
paragraph2sentence.train-reviews-454-2,我们长辈必须树立榜样..谢谢亚马逊和所有商店以及快速送货捆绑和易开包装..
paragraph2sentence.train-reviews-455-1,我为通过汤米购买的罗斯福爆米花购买了这款爆米花。这些包装非常易于使用，因为没有测量。这是迄今为止我用过的最好的爆米花，味道和电影院爆米花一样好，我的孩子和我的妻子都喜欢它。这是电影之夜的绝佳享受。
paragraph2sentence.train-reviews-455-2,我的罗斯福爆米花机可以制作出电影院品质的爆米花。
paragraph2sentence.train-reviews-456-1,我喜欢我尝试过的 Harney & Sons 茶的每一种口味。薄荷也不例外。它具有非常强烈/丰富的味道，我发现我遇到的一些较小品牌的薄荷茶缺乏这种味道。
paragraph2sentence.train-reviews-456-2,漂白，漂白，漂白。
paragraph2sentence.train-reviews-457-1,高果糖玉米糖浆每加仑的成本比真正的糖低几美分，所以这就是他们在这里使用的甜味剂。好消息是他们提供 Simply Heinz，它是用真正的糖制成的。味道明显更好，虽然玉米游说者希望你相信不然，但我敢打赌，真正的糖更健康。  对于可以保存几个月的调味品，帮自己一个忙，多花几美分来买好东西。
paragraph2sentence.train-reviews-457-2,Simply Heinz 含有真正的糖，而不是高果糖玉米糖浆，因此值得投资，因为番茄酱可以保存数月，而且真正的糖味道更好。
paragraph2sentence.train-reviews-458-1,这是我第一次尝试士力架花生酱方形糖果棒。  它们很好吃。  我等了足够长的时间才在夏天的炎热过去后订购它们，这样它们就不会融化。  产品装箱包装得很好。一切都很快到达，我使用了免费送货，所以对卖家表示敬意。  我会再次使用这个卖家。  他们很棒。
paragraph2sentence.train-reviews-458-2,然而，m&m 的糖果棒很恶心，里面有牛轧糖和糖果块的奇怪混合物。
paragraph2sentence.train-reviews-459-1,我收到的豆子非常漂亮。我对这个订单非常满意，将来我肯定会订购更多。
paragraph2sentence.train-reviews-459-2,这些豆子很好吃。
paragraph2sentence.train-reviews-460-1,通过阅读成分，您可能不会认为这种谷物含有麸质，但它确实含有麸质。  虽然麦片味道鲜美且营养成分丰富，但如果您对麸质敏感，请远离。  我尝试了两次，两次都在痛苦中度过了加倍的时间。  我怀疑麸质来源与燕麦的加工方式有关。  我希望食品生产商能够意识到乳糜泻不是开玩笑，并且对产品标签非常小心。  你在听吗，自然之路？
paragraph2sentence.train-reviews-460-2,如果您喜欢巧克力甜甜圈，那么这可能适合您。
paragraph2sentence.train-reviews-461-1,我对这些格兰诺拉麦片棒很着迷！  他们太棒了！  我吃了多少这些真是可笑。
paragraph2sentence.train-reviews-461-2,对我来说，它们实际上尝起来就像一个非常好的布朗尼混合物——就好像有人把未烘烤的布朗尼混合物变成了饼干。
paragraph2sentence.train-reviews-462-1,很棒的调味料 - 味道浓郁，不含化学物质。  我们非常及时地收到了产品，并且正在我们的食物中享用它
paragraph2sentence.train-reviews-462-2,调味料送得很快，而且在食物中味道很好，因为它很美味，但没有那种化学味道。
paragraph2sentence.train-reviews-463-1,当我点这个的时候，我不太确定我会喜欢留兰香——但是，我很高兴地说我已经非常喜欢它了。我非常享受下午工作时提神的感觉。  这种清爽的绿茶用大约三分之一的咖啡因代替了我下午的咖啡时间。  正好。
paragraph2sentence.train-reviews-463-2,这种绿茶是咖啡的提神替代品，含有三分之一的咖啡因。
paragraph2sentence.train-reviews-464-1,我有点怀疑。  我的妻子喜欢夏天喝莫吉托，而我也很擅长制作莫吉托。  然而，它们的糖/甜味可能有点重。这种混合物非常好，而且很容易制作（也没有不良的余味）。  将其放入装有一些冰的高玻璃杯中。  如果您喜欢 CL 柠檬水或其他速溶饮料，那么这是一个不错的替代品，或者如果您只是想要或拥有不含酒精的版本。  我会购买这个产品并使用它。
paragraph2sentence.train-reviews-464-2,如果您很忙，那么这种干莫吉托混合物是真正莫吉托的良好替代品，并且不像您自己制作的莫吉托那样太甜。
paragraph2sentence.train-reviews-465-1,当我第一次发现这个产品以及我的玩具狐狸梗小狗对它的反应时，我很兴奋。  在我忙碌的时候，让她放慢脚步并进行一些富有成效的咀嚼是非常困难的。  然而，我确实注意到，吃了这种小狗粘液后，她的大便经常有点稀。  我开始往她的孔里塞满粗粮，以确保里面有实质内容，而不仅仅是粘糊糊的东西，希望我不必把它完全从她手中夺走。  它似乎起作用了一会儿，然后突然又出现了一滩粪便。  即使我把东西冷冻起来也没有帮助。  一周只给她一次，没有帮助。  玩具品种的狗可能会遇到困难，而性格开朗的狗会没事。  但要小心。进一步说明：我注意到罐头的质地内容有所不同。  不知道如何或为什么。  留意保质期！
paragraph2sentence.train-reviews-465-2,同一包装内的狗粮罐上的有效期差异很大，因此请务必阅读标签。
paragraph2sentence.train-reviews-466-1,焦糖还不错，味道不太像焦糖，更像是超甜的太妃糖。它还具有布丁的稠度。
paragraph2sentence.train-reviews-466-2,吃完饭后一定要刷牙，因为它会粘在所有东西上。
paragraph2sentence.train-reviews-467-1,一位朋友让我尝试这种浸法。  我不太喜欢洋葱和辣根的想法，但事实证明这种酱很容易上瘾。  它非常美味，可以让任何东西变得更好吃。  然而，我对这里的价格有点惊讶；罗伯特·罗斯柴尔德有一个网站，价格要低得多。  这是我最喜欢的蘸酱。
paragraph2sentence.train-reviews-467-2,尝起来有点像棉花糖，不是很甜或很高级（如描述的那样）。
paragraph2sentence.train-reviews-468-1,该产品令人难以置信，与普通罐装“苦”番茄酱非常不同。它很昂贵，但对于某些用途来说非常值得。我在家做披萨时专门用它代替披萨酱。太棒了。应该在你的“遗愿清单”上。
paragraph2sentence.train-reviews-468-2,与罐装酱的苦味不同，这种番茄酱非常美味，非常适合制作披萨。
paragraph2sentence.train-reviews-469-1,我们碰巧在全食超市，一位可爱的女士正在提供紫罗兰热墨西哥胡椒果冻的免费样品。天哪，太棒了！它确实有一定的刺激性，但一点也不热。完美。它的甜味足以平衡炎热。它清淡可口。最重要的是，它不含大多数果冻都受到污染的所有人造防腐剂、高果糖玉米糖浆和添加剂。  我喜欢这个产品！！！！
paragraph2sentence.train-reviews-469-2,制作非凡的三明治时，普通的果冻是不够的。
paragraph2sentence.train-reviews-470-1,这些饼干很好吃，但是很容易碎。  尽管我喜欢这个味道，但我不会再买了，因为每次你咬一口它们都会崩溃太多并且弄得一团糟。
paragraph2sentence.train-reviews-470-2,我花了至少一个小时来清理这些饼干。
paragraph2sentence.train-reviews-471-1,Walkers 的这些新脆饼非常美味。  我以前在商店里买过他们的普通酥饼手指，很喜欢它们，但它们的味道更浓郁，有一种美妙的黄油味。  原来的有点难。  这些比较嫩一些。  我强烈推荐他们。
paragraph2sentence.train-reviews-471-2,新的 Walkers 脆饼饼干比原来的版本更嫩，但味道更好、更黄油。
paragraph2sentence.train-reviews-472-1,对于我超重的老年猫来说，这种食物是最好的干粮。我尝试了一段时间的无谷物食物，他体重增加了很多，而且变得便秘。将其与这种食物混合有助于减少这些问题。我的猫很喜欢它，而且似乎也喜欢它的味道。小圆形粗磨尺寸方便放置零食球和自动喂食器。我每天给它们喂两次湿粮，然后在我工作或睡觉时留下部分干粮混合物，这样它们就有东西吃。我不建议只喂干粮，但如果你确实喂一些干粮，那么这似乎是一个不错的选择。
paragraph2sentence.train-reviews-472-2,这种食物非常适合大多数自动猫粮分配器，非常适合上班族或忙碌的家庭。
paragraph2sentence.train-reviews-473-1,我几乎喜欢我尝试过的每一种茶（袋装茶和散装茶），但这种乌龙茶很糟糕。它实际上尝起来像泥土，我不得不把它倒掉。这种特殊的茶包与各种其他茶一起装在一个名为“中国和日本茶系列”的盒子中。我还没有尝试过其他任何一个，我不确定是否会尝试。
paragraph2sentence.train-reviews-473-2,他们每次都做对了，真的。
paragraph2sentence.train-reviews-474-1,我的猫不挑食，几乎什么都吃。不过，他实在不喜欢这食物的味道。我希望他能看到我在这上面花了很多钱，但他似乎宁愿挨饿也不愿吃它。
paragraph2sentence.train-reviews-474-2,我的猫不喜欢这种猫粮，尽管它几乎吃其他所有东西。
paragraph2sentence.train-reviews-475-1,我一直在当地的一家杂货店购买这些产品，价格是此处列出的价格的两倍。这是一个真正的交易。它的味道值得付出额外的代价，因为这是我喝过的味道最好的能量饮料。味道就像野格炸弹——那就是野格和红牛。确切地。
paragraph2sentence.train-reviews-475-2,这种能量饮料的价格是商店价格的一半，而且味道很棒 - 就像 Jägerbomb 一样。
paragraph2sentence.train-reviews-476-1,点了巴里拉通心粉配番茄和罗勒酱后，我想这将是一顿带去上班的快捷午餐。  收到盒装午餐后，我把它带到了工作场所，午餐时间将其放入微波炉中，人们想知道那美味的香气是什么......盒装午餐来自亚马逊，绝对是一顿美味的午餐......它清淡可口，在微波炉中一分钟即可煮熟。  （Barilla Mezze Penne 配番茄和罗勒酱）
paragraph2sentence.train-reviews-476-2,漂亮的可重复使用的罐子里装满了普通的豆荚，没有单独包装，所以打开后请尽快使用。
paragraph2sentence.train-reviews-477-1,我一直在寻找一个苹果保护区，而丰收之歌似乎符合我的要求。他们有一个美妙的田园诗般的印刷营销活动，所以我想我应该冒险一下。事实证明，罐子上的铝盖没有保护衬里。我的前 1/8 茶匙里装满了金属！果酱中的酸腐蚀了盖子的内部，产生了划痕，看起来像是有人用叉子的尖齿划过的。我正在打电话给亚马逊，看看他们是否会对有缺陷的食品退款。真的，人们……为自己的生命而奔跑。更新：使用该产品后我感觉有点不舒服，但大约 12 小时后就消失了。当我感觉好些后，我致电亚马逊（通过页面底部附近的“联系我们”链接）并收到了全额退款。感谢亚马逊出色的客户服务。
paragraph2sentence.train-reviews-477-2,这种果酱的酸性很强，它会腐蚀金属盖，使果酱的顶部充满金属。
paragraph2sentence.train-reviews-478-1,非常柔软和美味的饼干。我为我麸质不耐受的女儿买了这些，结果我自己也很喜欢它们！  他们还有其他口味，也非常好。我女儿最喜欢的是巧克力饼干。我认为他们都很好。我们也有苹果味的。
paragraph2sentence.train-reviews-478-2,对于患有肠易激综合症的人来说，麸质会导致严重的腹部痉挛，在极端情况下，会因脱水而住院。
paragraph2sentence.train-reviews-479-1,这是非常好的咖啡，价格也很优惠。我喜欢深度烘焙，点了这个，却没有意识到维也纳烘焙更像是轻度烘焙。如果我从他们那里订购了更深的烘焙，我可能会给他们 5 颗星。无论如何，我很确定我会再次点他们的咖啡——也许下次是苏门答腊岛。
paragraph2sentence.train-reviews-479-2,成分清单很短——咖啡、糖、碳酸氢钾和柠檬酸钾。
paragraph2sentence.train-reviews-480-1,好消息是，这些非常美味，而且含有 210 卡路里的热量。坏消息？就营养价值而言，它们比普通的糖果略好一些。  一种美味的小吃，但不要认为它是健康食品。
paragraph2sentence.train-reviews-480-2,他们根本不吃。
paragraph2sentence.train-reviews-481-1,昨天在萨克拉门托的 PF Chang's 第一次吃到了这个。  我对它的出色表现感到非常惊讶，而且我是一个严厉的批评家，因为我一直是格雷伯爵茶的爱好者。  非常适合搭配食物，因为味道清淡爽口；顺便说一下，它也很好吃。  它非常适合夏天，完美的寒冷，有很多冰。  而且它是真正的茶，而不是粉末。  闻起来太香了，我几乎想穿上它！你能告诉我吗？  我喜欢这茶！
paragraph2sentence.train-reviews-481-2,这款伯爵茶是真正的茶（不是粉末），比其他茶都好，因为味道鲜美、清淡、清爽。
paragraph2sentence.train-reviews-482-1,这是一种烟熏、奶油味、微辣的酱汁。  如果这就是你正在寻找的东西，你可能会非常喜欢它，但对我来说，它让弄清楚如何处理它有点困难。  通常，当我制作炸玉米饼等时，我只使用莎莎酱、酸奶油，有时还使用辣酱，所以我很难弄清楚这到底适合什么。  味道不错，但似乎几乎没有必要。  一种似乎效果很好的用途是将其添加到炸玉米饼沙拉中。  这是一种很好的补充，可以让味道更有趣，我可能会保留一些。  如果人们想吃一些与平常不同的东西，它还可以为三明治增添一点多样性；也许是西南风格的帕尼尼或类似的。  我也可能会尝试用它来蘸鸡块或鸡翅等。总的来说，它似乎是一个相当不错的产品，但不是我可能每天甚至每周使用几次的东西，所以我可能会时不时地拿起一瓶，但我可能不会购买 6 包。  我会给它的味道打四星，但它在多功能性方面损失了一些点，因为它不是真正的辣酱、玉米饼酱、莎莎酱、三明治酱或沙拉酱，它是一种我很难分类的东西。
paragraph2sentence.train-reviews-482-2,葡萄干很多，但杏仁却很少。
paragraph2sentence.train-reviews-483-1,我从 2007 年起就开始喝 Whey Up，我非常喜欢它！  市场上没有另一种蛋白质能量饮料的味道和效果那么好。  我每天至少喝一杯 Whey UP，当我在锻炼前喝它时，我肯定会感觉到我的能量水平有所增加。  它也是一种很好的代餐来源，含有 20 克蛋白质，而且味道也很棒！  当我旅行时，我什至会带上几瓶 WHEYUP，如果我用完，我会采取很多措施来获取更多的 WHEYUP。  锻炼的人应该在去健身房之前喝 WHEYUP 来补充蛋白质能量。  我还向正在节食的人们指出，他们应该喝 WHEYUP 作为代餐（每天一次），然后在当天剩下的时间里继续往瓶子里装水。  我喜欢亚马逊现在正在销售 WHEY UP，每个人都应该尝试一下！
paragraph2sentence.train-reviews-483-2,拥有蛋白质摇瓶的一个好处是可以在喝完后装满水，并全天继续喝水以保持水分。
paragraph2sentence.train-reviews-484-1,布朗尼蛋糕并不浓郁，不是巧克力块...上面只有几片...比图片小得多...没有嚼劲...像杂货店里买的便宜的那样柔软而糊状...盒子里有四堆，每堆四个，每堆底部的布朗尼蛋糕都被砸成一半大小，其余的都粘在一起...他们进来的盒子很漂亮，比里面的东西值钱得多...我花了 32 美元 + 11 美元运费买了 16 个小布朗尼碎块如果它们不粘在一起的话，只值大约 5 美元...drew 不愿意退款，并且只会用一句话黑莓回复来回复我的电子邮件，所以我放弃了
paragraph2sentence.train-reviews-484-2,对我来说，在亚马逊上购买这个（或几乎任何商品）的关键是先进行搜索。
paragraph2sentence.train-reviews-485-1,这种饮料具有美妙的橙子柑橘味。  它很坚固，但不太坚固。  苏打水的绝佳天然替代品。  我 13 岁的孩子也喜欢它。  会毫不犹豫地购买。
paragraph2sentence.train-reviews-485-2,如果您患有胃灼热、胃酸反流，这是继续享受咖啡饮用的理想方式。
paragraph2sentence.train-reviews-486-1,在发现我的兽医推荐该产品后，我通过亚马逊订购了该产品。  我的狗非常喜欢它，我已经多次重新订购。  没有不良副作用，尽管我的狗很快就会咀嚼它们，因此它不会像我预期的那样持续很长时间。
paragraph2sentence.train-reviews-486-2,这些狗玩具是我的兽医推荐的，我的狗很喜欢它们，尽管这些玩具的使用寿命没有我想要的那么长。
paragraph2sentence.train-reviews-487-1,这是我喝过的最好的黑可可！  它可以制作出令人难以置信的摩卡咖啡和热巧克力，而且我几乎不使用任何糖（我喜欢它有点苦），而且它制作的摩卡咖啡比星巴克、瑞恩兄弟、布奇兄弟、皮茨——任何人都好。  知道糖含量少了很多，这让我感觉很好，但我确实想知道脂肪含量，因为它似乎有点偏高。  这东西是好东西。  如果我能给它 10 颗星，我会的！
paragraph2sentence.train-reviews-487-2,这种黑可可非常棒，是制作比任何商业咖啡店更好的摩卡咖啡和热巧克力的理想选择。
paragraph2sentence.train-reviews-488-1,这些巧克力棒跨越了轻盈、蓬松的美味和浓郁的巧克力美味之间的界限。我怎么推荐这些都不够，因为我已经完全上瘾了。
paragraph2sentence.train-reviews-488-2,这些巧克力棒不像其他巧克力棒那样留在你的胃里，所以我无法停止吃它们！
paragraph2sentence.train-reviews-489-1,我不久前购买了这款酒，说明很棒。我遇到的唯一问题是打开浓缩液袋！非常困难，除了装瓶时的味道很棒！我们等待了大约 2 个月才能真正让味道发挥出来。工作中的每个人都想要一些葡萄酒，认为很快就必须再次购买新批次的葡萄酒！
paragraph2sentence.train-reviews-489-2,我购买了这种浓缩酒（有点难以打开），并且已经在酒上坐了两个月等待喝它 - 尽管同事要求尝试一下。
paragraph2sentence.train-reviews-490-1,****我很喜欢佛手柑，但这茶对我来说太香了；尝试仍然是不同的并且令人愉快。佛手柑的味道很浓郁，不微妙，有点压倒性的——你能尝到的就是这些。这款茶的成分是优质红茶，加上纯佛手柑油——仅此而已。制造商写道：佛手柑油来自意大利卡拉布里亚地区生长良好的柑橘类水果的果皮。纯正的优质佛手柑油价格​​昂贵，但没有任何混合物或人造调味品可以与真实的佛手柑的飘逸香气和细致入微的味道相媲美。某些伯爵茶狂热者特别喜欢我们使用的顶级卡拉布里亚佛手柑油，并要求更多，...更多，...更多！藏双佛手柑格雷伯爵茶由此诞生。在我们的双佛手柑格雷伯爵茶中，红茶基仍然是这种混合物的坚实基础，但佛手柑油却展翅高飞，飙升至前所未有的新高度。味道非常明显，但完全没有低等级油会出现的肥皂味或苦味。是不是味道太浓了？对于保守的饮酒者来说，也许是的，但更具冒险精神的人似乎真的很喜欢它。我一定是不够冒险。不过，我确实同意制造商的观点，如果你是佛手柑的忠实粉丝并且想要很多它，那么它可能适合你，而且我也同意它的味道很纯净，一点也不肥皂或苦。****
paragraph2sentence.train-reviews-490-2,佛手柑的味道一点也不肥皂味。
paragraph2sentence.train-reviews-491-1,这是我尝试过的最好的酥油，但也许是因为它是我尝试过的唯一的酥油！  它的味道比黄油更油腻，并且不会给食物添加太多味道，这可能是一个优点或缺点，具体取决于你正在烹饪的食物。  我正在努力避免酪蛋白，而这款产品对于坚持这种避免非常有帮助！
paragraph2sentence.train-reviews-491-2,虽然我只尝试过这种酥油，但它似乎能起到作用，但比黄油更油一些。
paragraph2sentence.train-reviews-492-1,我迷上了这款卡布奇诺——它能让我在下午提神，而且不会让我因咖啡因而兴奋。 3盒的价格很优惠，没多久就到了。
paragraph2sentence.train-reviews-492-2,这款卡布奇诺是午后的绝佳补充能量。
paragraph2sentence.train-reviews-493-1,这是一种美味的小速溶咖啡。当你开始搅拌时，你就能闻到淡淡的薄荷味。巧克力的味道很好吃，薄荷的味道很提神。我感觉我正在经历一点芳香疗法！它几乎是一种淡淡的薄荷味，清新、干净、薄荷的香味和味道。虽然普通的热巧克力舒适温暖，但它的咖啡因含量更高，而且添加了提神的薄荷，让下午茶提神醒脑。而且与在大牌咖啡店喝咖啡（尽管我也很喜欢咖啡）相比，这是非常经济的。必须喜欢负担得起的放纵！谢谢麦克斯韦之家！嗯！ :)
paragraph2sentence.train-reviews-493-2,在寒冷的冬日，热巧克力加生奶油和少许薄荷确实很适合。
paragraph2sentence.train-reviews-494-1,我用这个面粉自制鸡蛋面，真的很恶心！它们闻起来像蔬菜，味道更糟。我以前用白米粉混合物做过无麸质面条，结果非常棒。我推荐 Whole Foods 365 品牌或无麸质 Pantry 品牌通用面粉（第一种成分白米粉）用于烹饪和烘焙。这些混合物看起来和感觉更像是白面粉，你通常甚至无法分辨出这些产品是否不含麸质。
paragraph2sentence.train-reviews-494-2,这种无麸质面粉很糟糕，会让你的所有食谱闻起来像蔬菜，味道更糟。
paragraph2sentence.train-reviews-495-1,我收到了非常美味的生蜂蜜，这让我很高兴。质感非常好，启动起来很光滑。我最终确实在当地杂货店以更低的价格找到了该产品，但这是我自己的错误。这真是一个非常棒的产品。
paragraph2sentence.train-reviews-495-2,这种原蜜在网上购买要贵一些，但它的美味和顺滑令人不容错过。
paragraph2sentence.train-reviews-496-1,我很确定这和 Taco Bell 在 Baja Gordita 和 Chalupa 上使用的酱汁是一样的。  它非常温和，所以你可以慷慨地使用它！  它的质地比其他塔可钟酱要厚一点，所以它最适合作为三明治酱，因为它不会像其他品种那样容易流失。  我也喜欢它作为汉堡包的配料，但这也是一种很好的鸡肉蘸酱。  如果您要做炸玉米饼沙拉，这是您的首选调料！
paragraph2sentence.train-reviews-496-2,这种塔可酱的稠度比塔可钟的稠一点。
paragraph2sentence.train-reviews-497-1,是的！！！我终于找到了我的 3 只猫都喜欢的优质食物！我尝试过其他几个（halo、paul newman、taste of the wild、core等），这是我能看出他们真的很疯狂的第一个。而且价格不像一些高质量的食品那么高。如果他们继续这么喜欢它并且相处得很好，我肯定会继续购买这个品牌。本来可以做5星，但对普通人来说价格昂贵，而且总是在宠物店或网上购买有点不方便，但我这样做很喜欢。
paragraph2sentence.train-reviews-497-2,我认为史密斯奶奶是最好的口味。
paragraph2sentence.train-reviews-498-1,我们信任Beneful，现在有很多关于狗因中国制造的零食或狗粮而生病的可怕故事，信任非常重要。我的狗总是对有益的有胃口。她已经吃了很多年了，而且仍然狼吞虎咽。我喜欢这个 15.5 磅的包。我们只是把它放在车库里，等吵闹的时候把它挖出来。气密密封使其保持新鲜。
paragraph2sentence.train-reviews-498-2,最重要的是，由于纤维的正确混合，我每天只需要让我的狗出去两次，就不会因为胃部不适而发生事故。
paragraph2sentence.train-reviews-499-1,我多年来一直订购帕皮檫树茶。我非常喜欢它。我喝的比大多数人都浓一点。勾起了美好的童年回忆。很高兴我终于可以在线订购了。会经常订购。
paragraph2sentence.train-reviews-499-2,Pappy 的檫树茶很可爱，即使喝了很多年，仍然让我回到童年。
paragraph2sentence.train-reviews-500-1,我买了一台 Mr. Coffee Frappe 机并使用混合咖啡。它可以制作出一流的冰沙，尽管有点贵。
paragraph2sentence.train-reviews-500-2,虽然价格有点贵，但这款 Mr. Coffee 冰沙机可以用混合咖啡制作出美味的冰沙。
