file,concept1,concept2,value
data/test/paragraph2sentence.test.input.tsv,paragraph2sentence.test-CQA-1-1,paragraph2sentence.test-CQA-1-2,1.25
data/test/paragraph2sentence.test.input.tsv,paragraph2sentence.test-CQA-2-1,paragraph2sentence.test-CQA-2-2,2.75
data/test/paragraph2sentence.test.input.tsv,paragraph2sentence.test-CQA-3-1,paragraph2sentence.test-CQA-3-2,4.00
data/test/paragraph2sentence.test.input.tsv,paragraph2sentence.test-CQA-4-1,paragraph2sentence.test-CQA-4-2,0.00
data/test/paragraph2sentence.test.input.tsv,paragraph2sentence.test-CQA-5-1,paragraph2sentence.test-CQA-5-2,0.00
data/test/paragraph2sentence.test.input.tsv,paragraph2sentence.test-CQA-6-1,paragraph2sentence.test-CQA-6-2,0.50
data/test/paragraph2sentence.test.input.tsv,paragraph2sentence.test-CQA-7-1,paragraph2sentence.test-CQA-7-2,4.00
data/test/paragraph2sentence.test.input.tsv,paragraph2sentence.test-CQA-8-1,paragraph2sentence.test-CQA-8-2,3.00
data/test/paragraph2sentence.test.input.tsv,paragraph2sentence.test-CQA-9-1,paragraph2sentence.test-CQA-9-2,1.25
data/test/paragraph2sentence.test.input.tsv,paragraph2sentence.test-CQA-10-1,paragraph2sentence.test-CQA-10-2,4.00
data/test/paragraph2sentence.test.input.tsv,paragraph2sentence.test-CQA-11-1,paragraph2sentence.test-CQA-11-2,2.50
data/test/paragraph2sentence.test.input.tsv,paragraph2sentence.test-CQA-12-1,paragraph2sentence.test-CQA-12-2,0.00
data/test/paragraph2sentence.test.input.tsv,paragraph2sentence.test-CQA-13-1,paragraph2sentence.test-CQA-13-2,4.00
data/test/paragraph2sentence.test.input.tsv,paragraph2sentence.test-CQA-14-1,paragraph2sentence.test-CQA-14-2,0.63
data/test/paragraph2sentence.test.input.tsv,paragraph2sentence.test-CQA-15-1,paragraph2sentence.test-CQA-15-2,2.50
data/test/paragraph2sentence.test.input.tsv,paragraph2sentence.test-CQA-16-1,paragraph2sentence.test-CQA-16-2,4.00
data/test/paragraph2sentence.test.input.tsv,paragraph2sentence.test-CQA-17-1,paragraph2sentence.test-CQA-17-2,0.00
data/test/paragraph2sentence.test.input.tsv,paragraph2sentence.test-CQA-18-1,paragraph2sentence.test-CQA-18-2,4.00
data/test/paragraph2sentence.test.input.tsv,paragraph2sentence.test-CQA-19-1,paragraph2sentence.test-CQA-19-2,1.00
data/test/paragraph2sentence.test.input.tsv,paragraph2sentence.test-CQA-20-1,paragraph2sentence.test-CQA-20-2,3.75
data/test/paragraph2sentence.test.input.tsv,paragraph2sentence.test-CQA-21-1,paragraph2sentence.test-CQA-21-2,2.50
data/test/paragraph2sentence.test.input.tsv,paragraph2sentence.test-CQA-22-1,paragraph2sentence.test-CQA-22-2,2.50
data/test/paragraph2sentence.test.input.tsv,paragraph2sentence.test-CQA-23-1,paragraph2sentence.test-CQA-23-2,3.25
data/test/paragraph2sentence.test.input.tsv,paragraph2sentence.test-CQA-24-1,paragraph2sentence.test-CQA-24-2,0.00
data/test/paragraph2sentence.test.input.tsv,paragraph2sentence.test-CQA-25-1,paragraph2sentence.test-CQA-25-2,0.00
data/test/paragraph2sentence.test.input.tsv,paragraph2sentence.test-CQA-26-1,paragraph2sentence.test-CQA-26-2,0.00
data/test/paragraph2sentence.test.input.tsv,paragraph2sentence.test-CQA-27-1,paragraph2sentence.test-CQA-27-2,3.50
data/test/paragraph2sentence.test.input.tsv,paragraph2sentence.test-CQA-28-1,paragraph2sentence.test-CQA-28-2,4.00
data/test/paragraph2sentence.test.input.tsv,paragraph2sentence.test-CQA-29-1,paragraph2sentence.test-CQA-29-2,3.38
data/test/paragraph2sentence.test.input.tsv,paragraph2sentence.test-CQA-30-1,paragraph2sentence.test-CQA-30-2,0.00
data/test/paragraph2sentence.test.input.tsv,paragraph2sentence.test-CQA-31-1,paragraph2sentence.test-CQA-31-2,0.13
data/test/paragraph2sentence.test.input.tsv,paragraph2sentence.test-CQA-32-1,paragraph2sentence.test-CQA-32-2,0.00
data/test/paragraph2sentence.test.input.tsv,paragraph2sentence.test-CQA-33-1,paragraph2sentence.test-CQA-33-2,3.25
data/test/paragraph2sentence.test.input.tsv,paragraph2sentence.test-CQA-34-1,paragraph2sentence.test-CQA-34-2,2.00
data/test/paragraph2sentence.test.input.tsv,paragraph2sentence.test-CQA-35-1,paragraph2sentence.test-CQA-35-2,3.63
data/test/paragraph2sentence.test.input.tsv,paragraph2sentence.test-CQA-36-1,paragraph2sentence.test-CQA-36-2,0.00
data/test/paragraph2sentence.test.input.tsv,paragraph2sentence.test-CQA-37-1,paragraph2sentence.test-CQA-37-2,0.00
data/test/paragraph2sentence.test.input.tsv,paragraph2sentence.test-CQA-38-1,paragraph2sentence.test-CQA-38-2,1.00
data/test/paragraph2sentence.test.input.tsv,paragraph2sentence.test-CQA-39-1,paragraph2sentence.test-CQA-39-2,1.00
data/test/paragraph2sentence.test.input.tsv,paragraph2sentence.test-CQA-40-1,paragraph2sentence.test-CQA-40-2,2.63
data/test/paragraph2sentence.test.input.tsv,paragraph2sentence.test-CQA-41-1,paragraph2sentence.test-CQA-41-2,0.00
data/test/paragraph2sentence.test.input.tsv,paragraph2sentence.test-CQA-42-1,paragraph2sentence.test-CQA-42-2,1.00
data/test/paragraph2sentence.test.input.tsv,paragraph2sentence.test-CQA-43-1,paragraph2sentence.test-CQA-43-2,2.75
data/test/paragraph2sentence.test.input.tsv,paragraph2sentence.test-CQA-44-1,paragraph2sentence.test-CQA-44-2,0.00
data/test/paragraph2sentence.test.input.tsv,paragraph2sentence.test-CQA-45-1,paragraph2sentence.test-CQA-45-2,0.38
data/test/paragraph2sentence.test.input.tsv,paragraph2sentence.test-CQA-46-1,paragraph2sentence.test-CQA-46-2,2.50
data/test/paragraph2sentence.test.input.tsv,paragraph2sentence.test-CQA-47-1,paragraph2sentence.test-CQA-47-2,3.13
data/test/paragraph2sentence.test.input.tsv,paragraph2sentence.test-CQA-48-1,paragraph2sentence.test-CQA-48-2,2.00
data/test/paragraph2sentence.test.input.tsv,paragraph2sentence.test-CQA-49-1,paragraph2sentence.test-CQA-49-2,0.00
data/test/paragraph2sentence.test.input.tsv,paragraph2sentence.test-CQA-50-1,paragraph2sentence.test-CQA-50-2,4.00
data/test/paragraph2sentence.test.input.tsv,paragraph2sentence.test-CQA-51-1,paragraph2sentence.test-CQA-51-2,3.38
data/test/paragraph2sentence.test.input.tsv,paragraph2sentence.test-CQA-52-1,paragraph2sentence.test-CQA-52-2,3.25
data/test/paragraph2sentence.test.input.tsv,paragraph2sentence.test-CQA-53-1,paragraph2sentence.test-CQA-53-2,0.50
data/test/paragraph2sentence.test.input.tsv,paragraph2sentence.test-CQA-54-1,paragraph2sentence.test-CQA-54-2,0.50
data/test/paragraph2sentence.test.input.tsv,paragraph2sentence.test-CQA-55-1,paragraph2sentence.test-CQA-55-2,0.13
data/test/paragraph2sentence.test.input.tsv,paragraph2sentence.test-CQA-56-1,paragraph2sentence.test-CQA-56-2,1.00
data/test/paragraph2sentence.test.input.tsv,paragraph2sentence.test-CQA-57-1,paragraph2sentence.test-CQA-57-2,2.75
data/test/paragraph2sentence.test.input.tsv,paragraph2sentence.test-CQA-58-1,paragraph2sentence.test-CQA-58-2,0.00
data/test/paragraph2sentence.test.input.tsv,paragraph2sentence.test-CQA-59-1,paragraph2sentence.test-CQA-59-2,2.00
data/test/paragraph2sentence.test.input.tsv,paragraph2sentence.test-CQA-60-1,paragraph2sentence.test-CQA-60-2,1.00
data/test/paragraph2sentence.test.input.tsv,paragraph2sentence.test-CQA-61-1,paragraph2sentence.test-CQA-61-2,2.50
data/test/paragraph2sentence.test.input.tsv,paragraph2sentence.test-CQA-62-1,paragraph2sentence.test-CQA-62-2,2.38
data/test/paragraph2sentence.test.input.tsv,paragraph2sentence.test-CQA-63-1,paragraph2sentence.test-CQA-63-2,0.00
data/test/paragraph2sentence.test.input.tsv,paragraph2sentence.test-CQA-64-1,paragraph2sentence.test-CQA-64-2,2.50
data/test/paragraph2sentence.test.input.tsv,paragraph2sentence.test-CQA-65-1,paragraph2sentence.test-CQA-65-2,2.00
data/test/paragraph2sentence.test.input.tsv,paragraph2sentence.test-CQA-66-1,paragraph2sentence.test-CQA-66-2,0.00
data/test/paragraph2sentence.test.input.tsv,paragraph2sentence.test-CQA-67-1,paragraph2sentence.test-CQA-67-2,0.00
data/test/paragraph2sentence.test.input.tsv,paragraph2sentence.test-CQA-68-1,paragraph2sentence.test-CQA-68-2,2.50
data/test/paragraph2sentence.test.input.tsv,paragraph2sentence.test-CQA-69-1,paragraph2sentence.test-CQA-69-2,0.63
data/test/paragraph2sentence.test.input.tsv,paragraph2sentence.test-CQA-70-1,paragraph2sentence.test-CQA-70-2,2.00
data/test/paragraph2sentence.test.input.tsv,paragraph2sentence.test-CQA-71-1,paragraph2sentence.test-CQA-71-2,0.00
data/test/paragraph2sentence.test.input.tsv,paragraph2sentence.test-Metaphoric-72-1,paragraph2sentence.test-Metaphoric-72-2,3.75
data/test/paragraph2sentence.test.input.tsv,paragraph2sentence.test-Metaphoric-73-1,paragraph2sentence.test-Metaphoric-73-2,1.00
data/test/paragraph2sentence.test.input.tsv,paragraph2sentence.test-Metaphoric-74-1,paragraph2sentence.test-Metaphoric-74-2,4.00
data/test/paragraph2sentence.test.input.tsv,paragraph2sentence.test-Metaphoric-75-1,paragraph2sentence.test-Metaphoric-75-2,2.00
data/test/paragraph2sentence.test.input.tsv,paragraph2sentence.test-Metaphoric-76-1,paragraph2sentence.test-Metaphoric-76-2,0.00
data/test/paragraph2sentence.test.input.tsv,paragraph2sentence.test-Metaphoric-77-1,paragraph2sentence.test-Metaphoric-77-2,4.00
data/test/paragraph2sentence.test.input.tsv,paragraph2sentence.test-Metaphoric-78-1,paragraph2sentence.test-Metaphoric-78-2,3.00
data/test/paragraph2sentence.test.input.tsv,paragraph2sentence.test-Metaphoric-79-1,paragraph2sentence.test-Metaphoric-79-2,3.50
data/test/paragraph2sentence.test.input.tsv,paragraph2sentence.test-Metaphoric-80-1,paragraph2sentence.test-Metaphoric-80-2,0.50
data/test/paragraph2sentence.test.input.tsv,paragraph2sentence.test-Metaphoric-81-1,paragraph2sentence.test-Metaphoric-81-2,2.00
data/test/paragraph2sentence.test.input.tsv,paragraph2sentence.test-Metaphoric-82-1,paragraph2sentence.test-Metaphoric-82-2,4.00
data/test/paragraph2sentence.test.input.tsv,paragraph2sentence.test-Metaphoric-83-1,paragraph2sentence.test-Metaphoric-83-2,4.00
data/test/paragraph2sentence.test.input.tsv,paragraph2sentence.test-Metaphoric-84-1,paragraph2sentence.test-Metaphoric-84-2,3.50
data/test/paragraph2sentence.test.input.tsv,paragraph2sentence.test-Metaphoric-85-1,paragraph2sentence.test-Metaphoric-85-2,2.00
data/test/paragraph2sentence.test.input.tsv,paragraph2sentence.test-Metaphoric-86-1,paragraph2sentence.test-Metaphoric-86-2,2.00
data/test/paragraph2sentence.test.input.tsv,paragraph2sentence.test-Metaphoric-87-1,paragraph2sentence.test-Metaphoric-87-2,0.75
data/test/paragraph2sentence.test.input.tsv,paragraph2sentence.test-Metaphoric-88-1,paragraph2sentence.test-Metaphoric-88-2,1.00
data/test/paragraph2sentence.test.input.tsv,paragraph2sentence.test-Metaphoric-89-1,paragraph2sentence.test-Metaphoric-89-2,4.00
data/test/paragraph2sentence.test.input.tsv,paragraph2sentence.test-Metaphoric-90-1,paragraph2sentence.test-Metaphoric-90-2,1.00
data/test/paragraph2sentence.test.input.tsv,paragraph2sentence.test-Metaphoric-91-1,paragraph2sentence.test-Metaphoric-91-2,2.00
data/test/paragraph2sentence.test.input.tsv,paragraph2sentence.test-Metaphoric-92-1,paragraph2sentence.test-Metaphoric-92-2,4.00
data/test/paragraph2sentence.test.input.tsv,paragraph2sentence.test-Metaphoric-93-1,paragraph2sentence.test-Metaphoric-93-2,0.25
data/test/paragraph2sentence.test.input.tsv,paragraph2sentence.test-Metaphoric-94-1,paragraph2sentence.test-Metaphoric-94-2,0.00
data/test/paragraph2sentence.test.input.tsv,paragraph2sentence.test-Metaphoric-95-1,paragraph2sentence.test-Metaphoric-95-2,0.00
data/test/paragraph2sentence.test.input.tsv,paragraph2sentence.test-Metaphoric-96-1,paragraph2sentence.test-Metaphoric-96-2,4.00
data/test/paragraph2sentence.test.input.tsv,paragraph2sentence.test-Metaphoric-97-1,paragraph2sentence.test-Metaphoric-97-2,0.00
data/test/paragraph2sentence.test.input.tsv,paragraph2sentence.test-Review-98-1,paragraph2sentence.test-Review-98-2,3.75
data/test/paragraph2sentence.test.input.tsv,paragraph2sentence.test-Review-99-1,paragraph2sentence.test-Review-99-2,4.00
data/test/paragraph2sentence.test.input.tsv,paragraph2sentence.test-Review-100-1,paragraph2sentence.test-Review-100-2,2.75
data/test/paragraph2sentence.test.input.tsv,paragraph2sentence.test-Review-101-1,paragraph2sentence.test-Review-101-2,3.00
data/test/paragraph2sentence.test.input.tsv,paragraph2sentence.test-Review-102-1,paragraph2sentence.test-Review-102-2,2.00
data/test/paragraph2sentence.test.input.tsv,paragraph2sentence.test-Review-103-1,paragraph2sentence.test-Review-103-2,1.50
data/test/paragraph2sentence.test.input.tsv,paragraph2sentence.test-Review-104-1,paragraph2sentence.test-Review-104-2,3.00
data/test/paragraph2sentence.test.input.tsv,paragraph2sentence.test-Review-105-1,paragraph2sentence.test-Review-105-2,2.00
data/test/paragraph2sentence.test.input.tsv,paragraph2sentence.test-Review-106-1,paragraph2sentence.test-Review-106-2,1.00
data/test/paragraph2sentence.test.input.tsv,paragraph2sentence.test-Review-107-1,paragraph2sentence.test-Review-107-2,4.00
data/test/paragraph2sentence.test.input.tsv,paragraph2sentence.test-Review-108-1,paragraph2sentence.test-Review-108-2,0.63
data/test/paragraph2sentence.test.input.tsv,paragraph2sentence.test-Review-109-1,paragraph2sentence.test-Review-109-2,0.00
data/test/paragraph2sentence.test.input.tsv,paragraph2sentence.test-Review-110-1,paragraph2sentence.test-Review-110-2,2.75
data/test/paragraph2sentence.test.input.tsv,paragraph2sentence.test-Review-111-1,paragraph2sentence.test-Review-111-2,2.25
data/test/paragraph2sentence.test.input.tsv,paragraph2sentence.test-Review-112-1,paragraph2sentence.test-Review-112-2,0.25
data/test/paragraph2sentence.test.input.tsv,paragraph2sentence.test-Review-113-1,paragraph2sentence.test-Review-113-2,1.75
data/test/paragraph2sentence.test.input.tsv,paragraph2sentence.test-Review-114-1,paragraph2sentence.test-Review-114-2,1.00
data/test/paragraph2sentence.test.input.tsv,paragraph2sentence.test-Review-115-1,paragraph2sentence.test-Review-115-2,0.00
data/test/paragraph2sentence.test.input.tsv,paragraph2sentence.test-Review-116-1,paragraph2sentence.test-Review-116-2,3.50
data/test/paragraph2sentence.test.input.tsv,paragraph2sentence.test-Review-117-1,paragraph2sentence.test-Review-117-2,0.00
data/test/paragraph2sentence.test.input.tsv,paragraph2sentence.test-Review-118-1,paragraph2sentence.test-Review-118-2,0.75
data/test/paragraph2sentence.test.input.tsv,paragraph2sentence.test-Review-119-1,paragraph2sentence.test-Review-119-2,3.50
data/test/paragraph2sentence.test.input.tsv,paragraph2sentence.test-Review-120-1,paragraph2sentence.test-Review-120-2,0.00
data/test/paragraph2sentence.test.input.tsv,paragraph2sentence.test-Review-121-1,paragraph2sentence.test-Review-121-2,2.00
data/test/paragraph2sentence.test.input.tsv,paragraph2sentence.test-Review-122-1,paragraph2sentence.test-Review-122-2,1.00
data/test/paragraph2sentence.test.input.tsv,paragraph2sentence.test-Review-123-1,paragraph2sentence.test-Review-123-2,3.00
data/test/paragraph2sentence.test.input.tsv,paragraph2sentence.test-Review-124-1,paragraph2sentence.test-Review-124-2,0.00
data/test/paragraph2sentence.test.input.tsv,paragraph2sentence.test-Review-125-1,paragraph2sentence.test-Review-125-2,3.25
data/test/paragraph2sentence.test.input.tsv,paragraph2sentence.test-Review-126-1,paragraph2sentence.test-Review-126-2,2.88
data/test/paragraph2sentence.test.input.tsv,paragraph2sentence.test-Review-127-1,paragraph2sentence.test-Review-127-2,4.00
data/test/paragraph2sentence.test.input.tsv,paragraph2sentence.test-Review-128-1,paragraph2sentence.test-Review-128-2,3.75
data/test/paragraph2sentence.test.input.tsv,paragraph2sentence.test-Review-129-1,paragraph2sentence.test-Review-129-2,0.75
data/test/paragraph2sentence.test.input.tsv,paragraph2sentence.test-Review-130-1,paragraph2sentence.test-Review-130-2,1.50
data/test/paragraph2sentence.test.input.tsv,paragraph2sentence.test-Review-131-1,paragraph2sentence.test-Review-131-2,3.25
data/test/paragraph2sentence.test.input.tsv,paragraph2sentence.test-Review-132-1,paragraph2sentence.test-Review-132-2,1.00
data/test/paragraph2sentence.test.input.tsv,paragraph2sentence.test-Review-133-1,paragraph2sentence.test-Review-133-2,3.25
data/test/paragraph2sentence.test.input.tsv,paragraph2sentence.test-Review-134-1,paragraph2sentence.test-Review-134-2,0.88
data/test/paragraph2sentence.test.input.tsv,paragraph2sentence.test-Review-135-1,paragraph2sentence.test-Review-135-2,0.50
data/test/paragraph2sentence.test.input.tsv,paragraph2sentence.test-Review-136-1,paragraph2sentence.test-Review-136-2,2.25
data/test/paragraph2sentence.test.input.tsv,paragraph2sentence.test-Review-137-1,paragraph2sentence.test-Review-137-2,3.75
data/test/paragraph2sentence.test.input.tsv,paragraph2sentence.test-Review-138-1,paragraph2sentence.test-Review-138-2,0.00
data/test/paragraph2sentence.test.input.tsv,paragraph2sentence.test-Review-139-1,paragraph2sentence.test-Review-139-2,4.00
data/test/paragraph2sentence.test.input.tsv,paragraph2sentence.test-Review-140-1,paragraph2sentence.test-Review-140-2,1.50
data/test/paragraph2sentence.test.input.tsv,paragraph2sentence.test-Review-141-1,paragraph2sentence.test-Review-141-2,3.00
data/test/paragraph2sentence.test.input.tsv,paragraph2sentence.test-Review-142-1,paragraph2sentence.test-Review-142-2,0.63
data/test/paragraph2sentence.test.input.tsv,paragraph2sentence.test-Review-143-1,paragraph2sentence.test-Review-143-2,0.00
data/test/paragraph2sentence.test.input.tsv,paragraph2sentence.test-Review-144-1,paragraph2sentence.test-Review-144-2,2.75
data/test/paragraph2sentence.test.input.tsv,paragraph2sentence.test-Review-145-1,paragraph2sentence.test-Review-145-2,3.25
data/test/paragraph2sentence.test.input.tsv,paragraph2sentence.test-Review-146-1,paragraph2sentence.test-Review-146-2,0.00
data/test/paragraph2sentence.test.input.tsv,paragraph2sentence.test-Review-147-1,paragraph2sentence.test-Review-147-2,2.00
data/test/paragraph2sentence.test.input.tsv,paragraph2sentence.test-Review-148-1,paragraph2sentence.test-Review-148-2,1.00
data/test/paragraph2sentence.test.input.tsv,paragraph2sentence.test-Review-149-1,paragraph2sentence.test-Review-149-2,3.50
data/test/paragraph2sentence.test.input.tsv,paragraph2sentence.test-Review-150-1,paragraph2sentence.test-Review-150-2,0.00
data/test/paragraph2sentence.test.input.tsv,paragraph2sentence.test-Review-151-1,paragraph2sentence.test-Review-151-2,0.88
data/test/paragraph2sentence.test.input.tsv,paragraph2sentence.test-Review-152-1,paragraph2sentence.test-Review-152-2,0.00
data/test/paragraph2sentence.test.input.tsv,paragraph2sentence.test-Review-153-1,paragraph2sentence.test-Review-153-2,3.25
data/test/paragraph2sentence.test.input.tsv,paragraph2sentence.test-Review-154-1,paragraph2sentence.test-Review-154-2,2.50
data/test/paragraph2sentence.test.input.tsv,paragraph2sentence.test-Review-155-1,paragraph2sentence.test-Review-155-2,1.00
data/test/paragraph2sentence.test.input.tsv,paragraph2sentence.test-Review-156-1,paragraph2sentence.test-Review-156-2,0.75
data/test/paragraph2sentence.test.input.tsv,paragraph2sentence.test-Review-157-1,paragraph2sentence.test-Review-157-2,0.25
data/test/paragraph2sentence.test.input.tsv,paragraph2sentence.test-Review-158-1,paragraph2sentence.test-Review-158-2,0.63
data/test/paragraph2sentence.test.input.tsv,paragraph2sentence.test-Review-159-1,paragraph2sentence.test-Review-159-2,0.00
data/test/paragraph2sentence.test.input.tsv,paragraph2sentence.test-Review-160-1,paragraph2sentence.test-Review-160-2,3.25
data/test/paragraph2sentence.test.input.tsv,paragraph2sentence.test-Review-161-1,paragraph2sentence.test-Review-161-2,2.00
data/test/paragraph2sentence.test.input.tsv,paragraph2sentence.test-Review-162-1,paragraph2sentence.test-Review-162-2,2.88
data/test/paragraph2sentence.test.input.tsv,paragraph2sentence.test-Review-163-1,paragraph2sentence.test-Review-163-2,3.25
data/test/paragraph2sentence.test.input.tsv,paragraph2sentence.test-Review-164-1,paragraph2sentence.test-Review-164-2,0.38
data/test/paragraph2sentence.test.input.tsv,paragraph2sentence.test-Review-165-1,paragraph2sentence.test-Review-165-2,1.38
data/test/paragraph2sentence.test.input.tsv,paragraph2sentence.test-Review-166-1,paragraph2sentence.test-Review-166-2,0.25
data/test/paragraph2sentence.test.input.tsv,paragraph2sentence.test-Review-167-1,paragraph2sentence.test-Review-167-2,2.88
data/test/paragraph2sentence.test.input.tsv,paragraph2sentence.test-Review-168-1,paragraph2sentence.test-Review-168-2,2.00
data/test/paragraph2sentence.test.input.tsv,paragraph2sentence.test-Review-169-1,paragraph2sentence.test-Review-169-2,3.75
data/test/paragraph2sentence.test.input.tsv,paragraph2sentence.test-Review-170-1,paragraph2sentence.test-Review-170-2,0.25
data/test/paragraph2sentence.test.input.tsv,paragraph2sentence.test-Review-171-1,paragraph2sentence.test-Review-171-2,0.75
data/test/paragraph2sentence.test.input.tsv,paragraph2sentence.test-Review-172-1,paragraph2sentence.test-Review-172-2,0.00
data/test/paragraph2sentence.test.input.tsv,paragraph2sentence.test-Review-173-1,paragraph2sentence.test-Review-173-2,1.50
data/test/paragraph2sentence.test.input.tsv,paragraph2sentence.test-Review-174-1,paragraph2sentence.test-Review-174-2,1.00
data/test/paragraph2sentence.test.input.tsv,paragraph2sentence.test-Review-175-1,paragraph2sentence.test-Review-175-2,2.25
data/test/paragraph2sentence.test.input.tsv,paragraph2sentence.test-Review-176-1,paragraph2sentence.test-Review-176-2,3.25
data/test/paragraph2sentence.test.input.tsv,paragraph2sentence.test-Review-177-1,paragraph2sentence.test-Review-177-2,2.75
data/test/paragraph2sentence.test.input.tsv,paragraph2sentence.test-Review-178-1,paragraph2sentence.test-Review-178-2,0.00
data/test/paragraph2sentence.test.input.tsv,paragraph2sentence.test-Review-179-1,paragraph2sentence.test-Review-179-2,1.50
data/test/paragraph2sentence.test.input.tsv,paragraph2sentence.test-Review-180-1,paragraph2sentence.test-Review-180-2,0.00
data/test/paragraph2sentence.test.input.tsv,paragraph2sentence.test-Review-181-1,paragraph2sentence.test-Review-181-2,2.75
data/test/paragraph2sentence.test.input.tsv,paragraph2sentence.test-Review-182-1,paragraph2sentence.test-Review-182-2,2.88
data/test/paragraph2sentence.test.input.tsv,paragraph2sentence.test-Review-183-1,paragraph2sentence.test-Review-183-2,1.13
data/test/paragraph2sentence.test.input.tsv,paragraph2sentence.test-Review-184-1,paragraph2sentence.test-Review-184-2,2.25
data/test/paragraph2sentence.test.input.tsv,paragraph2sentence.test-Review-185-1,paragraph2sentence.test-Review-185-2,0.00
data/test/paragraph2sentence.test.input.tsv,paragraph2sentence.test-Review-186-1,paragraph2sentence.test-Review-186-2,1.00
data/test/paragraph2sentence.test.input.tsv,paragraph2sentence.test-Review-187-1,paragraph2sentence.test-Review-187-2,2.00
data/test/paragraph2sentence.test.input.tsv,paragraph2sentence.test-Review-188-1,paragraph2sentence.test-Review-188-2,2.88
data/test/paragraph2sentence.test.input.tsv,paragraph2sentence.test-Review-189-1,paragraph2sentence.test-Review-189-2,1.75
data/test/paragraph2sentence.test.input.tsv,paragraph2sentence.test-Review-190-1,paragraph2sentence.test-Review-190-2,3.50
data/test/paragraph2sentence.test.input.tsv,paragraph2sentence.test-Review-191-1,paragraph2sentence.test-Review-191-2,2.25
data/test/paragraph2sentence.test.input.tsv,paragraph2sentence.test-Review-192-1,paragraph2sentence.test-Review-192-2,0.13
data/test/paragraph2sentence.test.input.tsv,paragraph2sentence.test-Review-193-1,paragraph2sentence.test-Review-193-2,2.50
data/test/paragraph2sentence.test.input.tsv,paragraph2sentence.test-Review-194-1,paragraph2sentence.test-Review-194-2,1.63
data/test/paragraph2sentence.test.input.tsv,paragraph2sentence.test-Review-195-1,paragraph2sentence.test-Review-195-2,1.88
data/test/paragraph2sentence.test.input.tsv,paragraph2sentence.test-Review-196-1,paragraph2sentence.test-Review-196-2,0.00
data/test/paragraph2sentence.test.input.tsv,paragraph2sentence.test-Review-197-1,paragraph2sentence.test-Review-197-2,0.25
data/test/paragraph2sentence.test.input.tsv,paragraph2sentence.test-Travel-198-1,paragraph2sentence.test-Travel-198-2,0.00
data/test/paragraph2sentence.test.input.tsv,paragraph2sentence.test-Travel-199-1,paragraph2sentence.test-Travel-199-2,0.88
data/test/paragraph2sentence.test.input.tsv,paragraph2sentence.test-Travel-200-1,paragraph2sentence.test-Travel-200-2,0.00
data/test/paragraph2sentence.test.input.tsv,paragraph2sentence.test-Travel-201-1,paragraph2sentence.test-Travel-201-2,1.75
data/test/paragraph2sentence.test.input.tsv,paragraph2sentence.test-Travel-202-1,paragraph2sentence.test-Travel-202-2,3.13
data/test/paragraph2sentence.test.input.tsv,paragraph2sentence.test-Travel-203-1,paragraph2sentence.test-Travel-203-2,2.75
data/test/paragraph2sentence.test.input.tsv,paragraph2sentence.test-Travel-204-1,paragraph2sentence.test-Travel-204-2,2.50
data/test/paragraph2sentence.test.input.tsv,paragraph2sentence.test-Travel-205-1,paragraph2sentence.test-Travel-205-2,2.50
data/test/paragraph2sentence.test.input.tsv,paragraph2sentence.test-Travel-206-1,paragraph2sentence.test-Travel-206-2,1.00
data/test/paragraph2sentence.test.input.tsv,paragraph2sentence.test-Travel-207-1,paragraph2sentence.test-Travel-207-2,1.00
data/test/paragraph2sentence.test.input.tsv,paragraph2sentence.test-Travel-208-1,paragraph2sentence.test-Travel-208-2,1.63
data/test/paragraph2sentence.test.input.tsv,paragraph2sentence.test-Travel-209-1,paragraph2sentence.test-Travel-209-2,2.75
data/test/paragraph2sentence.test.input.tsv,paragraph2sentence.test-Travel-210-1,paragraph2sentence.test-Travel-210-2,0.63
data/test/paragraph2sentence.test.input.tsv,paragraph2sentence.test-Travel-211-1,paragraph2sentence.test-Travel-211-2,2.00
data/test/paragraph2sentence.test.input.tsv,paragraph2sentence.test-Travel-212-1,paragraph2sentence.test-Travel-212-2,1.50
data/test/paragraph2sentence.test.input.tsv,paragraph2sentence.test-Travel-213-1,paragraph2sentence.test-Travel-213-2,2.75
data/test/paragraph2sentence.test.input.tsv,paragraph2sentence.test-Travel-214-1,paragraph2sentence.test-Travel-214-2,0.25
data/test/paragraph2sentence.test.input.tsv,paragraph2sentence.test-Travel-215-1,paragraph2sentence.test-Travel-215-2,0.88
data/test/paragraph2sentence.test.input.tsv,paragraph2sentence.test-Travel-216-1,paragraph2sentence.test-Travel-216-2,1.75
data/test/paragraph2sentence.test.input.tsv,paragraph2sentence.test-Travel-217-1,paragraph2sentence.test-Travel-217-2,0.00
data/test/paragraph2sentence.test.input.tsv,paragraph2sentence.test-Travel-218-1,paragraph2sentence.test-Travel-218-2,2.25
data/test/paragraph2sentence.test.input.tsv,paragraph2sentence.test-Travel-219-1,paragraph2sentence.test-Travel-219-2,3.38
data/test/paragraph2sentence.test.input.tsv,paragraph2sentence.test-Travel-220-1,paragraph2sentence.test-Travel-220-2,2.50
data/test/paragraph2sentence.test.input.tsv,paragraph2sentence.test-Travel-221-1,paragraph2sentence.test-Travel-221-2,2.25
data/test/paragraph2sentence.test.input.tsv,paragraph2sentence.test-Travel-222-1,paragraph2sentence.test-Travel-222-2,2.25
data/test/paragraph2sentence.test.input.tsv,paragraph2sentence.test-Travel-223-1,paragraph2sentence.test-Travel-223-2,0.00
data/test/paragraph2sentence.test.input.tsv,paragraph2sentence.test-Travel-224-1,paragraph2sentence.test-Travel-224-2,0.88
data/test/paragraph2sentence.test.input.tsv,paragraph2sentence.test-Travel-225-1,paragraph2sentence.test-Travel-225-2,0.00
data/test/paragraph2sentence.test.input.tsv,paragraph2sentence.test-Travel-226-1,paragraph2sentence.test-Travel-226-2,2.75
data/test/paragraph2sentence.test.input.tsv,paragraph2sentence.test-Travel-227-1,paragraph2sentence.test-Travel-227-2,0.50
data/test/paragraph2sentence.test.input.tsv,paragraph2sentence.test-Travel-228-1,paragraph2sentence.test-Travel-228-2,0.00
data/test/paragraph2sentence.test.input.tsv,paragraph2sentence.test-Travel-229-1,paragraph2sentence.test-Travel-229-2,0.75
data/test/paragraph2sentence.test.input.tsv,paragraph2sentence.test-Travel-230-1,paragraph2sentence.test-Travel-230-2,3.13
data/test/paragraph2sentence.test.input.tsv,paragraph2sentence.test-Travel-231-1,paragraph2sentence.test-Travel-231-2,0.00
data/test/paragraph2sentence.test.input.tsv,paragraph2sentence.test-Travel-232-1,paragraph2sentence.test-Travel-232-2,2.38
data/test/paragraph2sentence.test.input.tsv,paragraph2sentence.test-Travel-233-1,paragraph2sentence.test-Travel-233-2,2.25
data/test/paragraph2sentence.test.input.tsv,paragraph2sentence.test-Travel-234-1,paragraph2sentence.test-Travel-234-2,2.25
data/test/paragraph2sentence.test.input.tsv,paragraph2sentence.test-Travel-235-1,paragraph2sentence.test-Travel-235-2,2.00
data/test/paragraph2sentence.test.input.tsv,paragraph2sentence.test-Travel-236-1,paragraph2sentence.test-Travel-236-2,2.50
data/test/paragraph2sentence.test.input.tsv,paragraph2sentence.test-Travel-237-1,paragraph2sentence.test-Travel-237-2,0.00
data/test/paragraph2sentence.test.input.tsv,paragraph2sentence.test-Travel-238-1,paragraph2sentence.test-Travel-238-2,3.38
data/test/paragraph2sentence.test.input.tsv,paragraph2sentence.test-Travel-239-1,paragraph2sentence.test-Travel-239-2,0.50
data/test/paragraph2sentence.test.input.tsv,paragraph2sentence.test-Travel-240-1,paragraph2sentence.test-Travel-240-2,0.00
data/test/paragraph2sentence.test.input.tsv,paragraph2sentence.test-Travel-241-1,paragraph2sentence.test-Travel-241-2,3.75
data/test/paragraph2sentence.test.input.tsv,paragraph2sentence.test-Travel-242-1,paragraph2sentence.test-Travel-242-2,0.00
data/test/paragraph2sentence.test.input.tsv,paragraph2sentence.test-Travel-243-1,paragraph2sentence.test-Travel-243-2,0.00
data/test/paragraph2sentence.test.input.tsv,paragraph2sentence.test-Travel-244-1,paragraph2sentence.test-Travel-244-2,3.00
data/test/paragraph2sentence.test.input.tsv,paragraph2sentence.test-Travel-245-1,paragraph2sentence.test-Travel-245-2,3.00
data/test/paragraph2sentence.test.input.tsv,paragraph2sentence.test-Travel-246-1,paragraph2sentence.test-Travel-246-2,3.25
data/test/paragraph2sentence.test.input.tsv,paragraph2sentence.test-Travel-247-1,paragraph2sentence.test-Travel-247-2,0.00
data/test/paragraph2sentence.test.input.tsv,paragraph2sentence.test-Newswire-248-1,paragraph2sentence.test-Newswire-248-2,3.00
data/test/paragraph2sentence.test.input.tsv,paragraph2sentence.test-Newswire-249-1,paragraph2sentence.test-Newswire-249-2,1.00
data/test/paragraph2sentence.test.input.tsv,paragraph2sentence.test-Newswire-250-1,paragraph2sentence.test-Newswire-250-2,3.00
data/test/paragraph2sentence.test.input.tsv,paragraph2sentence.test-Newswire-251-1,paragraph2sentence.test-Newswire-251-2,0.00
data/test/paragraph2sentence.test.input.tsv,paragraph2sentence.test-Newswire-252-1,paragraph2sentence.test-Newswire-252-2,2.75
data/test/paragraph2sentence.test.input.tsv,paragraph2sentence.test-Newswire-253-1,paragraph2sentence.test-Newswire-253-2,2.88
data/test/paragraph2sentence.test.input.tsv,paragraph2sentence.test-Newswire-254-1,paragraph2sentence.test-Newswire-254-2,3.25
data/test/paragraph2sentence.test.input.tsv,paragraph2sentence.test-Newswire-255-1,paragraph2sentence.test-Newswire-255-2,2.00
data/test/paragraph2sentence.test.input.tsv,paragraph2sentence.test-Newswire-256-1,paragraph2sentence.test-Newswire-256-2,3.88
data/test/paragraph2sentence.test.input.tsv,paragraph2sentence.test-Newswire-257-1,paragraph2sentence.test-Newswire-257-2,0.00
data/test/paragraph2sentence.test.input.tsv,paragraph2sentence.test-Newswire-258-1,paragraph2sentence.test-Newswire-258-2,0.00
data/test/paragraph2sentence.test.input.tsv,paragraph2sentence.test-Newswire-259-1,paragraph2sentence.test-Newswire-259-2,0.00
data/test/paragraph2sentence.test.input.tsv,paragraph2sentence.test-Newswire-260-1,paragraph2sentence.test-Newswire-260-2,2.00
data/test/paragraph2sentence.test.input.tsv,paragraph2sentence.test-Newswire-261-1,paragraph2sentence.test-Newswire-261-2,1.50
data/test/paragraph2sentence.test.input.tsv,paragraph2sentence.test-Newswire-262-1,paragraph2sentence.test-Newswire-262-2,0.75
data/test/paragraph2sentence.test.input.tsv,paragraph2sentence.test-Newswire-263-1,paragraph2sentence.test-Newswire-263-2,0.13
data/test/paragraph2sentence.test.input.tsv,paragraph2sentence.test-Newswire-264-1,paragraph2sentence.test-Newswire-264-2,3.25
data/test/paragraph2sentence.test.input.tsv,paragraph2sentence.test-Newswire-265-1,paragraph2sentence.test-Newswire-265-2,2.75
data/test/paragraph2sentence.test.input.tsv,paragraph2sentence.test-Newswire-266-1,paragraph2sentence.test-Newswire-266-2,0.00
data/test/paragraph2sentence.test.input.tsv,paragraph2sentence.test-Newswire-267-1,paragraph2sentence.test-Newswire-267-2,1.25
data/test/paragraph2sentence.test.input.tsv,paragraph2sentence.test-Newswire-268-1,paragraph2sentence.test-Newswire-268-2,0.00
data/test/paragraph2sentence.test.input.tsv,paragraph2sentence.test-Newswire-269-1,paragraph2sentence.test-Newswire-269-2,1.75
data/test/paragraph2sentence.test.input.tsv,paragraph2sentence.test-Newswire-270-1,paragraph2sentence.test-Newswire-270-2,3.00
data/test/paragraph2sentence.test.input.tsv,paragraph2sentence.test-Newswire-271-1,paragraph2sentence.test-Newswire-271-2,3.00
data/test/paragraph2sentence.test.input.tsv,paragraph2sentence.test-Newswire-272-1,paragraph2sentence.test-Newswire-272-2,3.00
data/test/paragraph2sentence.test.input.tsv,paragraph2sentence.test-Newswire-273-1,paragraph2sentence.test-Newswire-273-2,0.13
data/test/paragraph2sentence.test.input.tsv,paragraph2sentence.test-Newswire-274-1,paragraph2sentence.test-Newswire-274-2,0.00
data/test/paragraph2sentence.test.input.tsv,paragraph2sentence.test-Newswire-275-1,paragraph2sentence.test-Newswire-275-2,3.00
data/test/paragraph2sentence.test.input.tsv,paragraph2sentence.test-Newswire-276-1,paragraph2sentence.test-Newswire-276-2,2.63
data/test/paragraph2sentence.test.input.tsv,paragraph2sentence.test-Newswire-277-1,paragraph2sentence.test-Newswire-277-2,0.25
data/test/paragraph2sentence.test.input.tsv,paragraph2sentence.test-Newswire-278-1,paragraph2sentence.test-Newswire-278-2,3.88
data/test/paragraph2sentence.test.input.tsv,paragraph2sentence.test-Newswire-279-1,paragraph2sentence.test-Newswire-279-2,0.63
data/test/paragraph2sentence.test.input.tsv,paragraph2sentence.test-Newswire-280-1,paragraph2sentence.test-Newswire-280-2,2.38
data/test/paragraph2sentence.test.input.tsv,paragraph2sentence.test-Newswire-281-1,paragraph2sentence.test-Newswire-281-2,0.75
data/test/paragraph2sentence.test.input.tsv,paragraph2sentence.test-Newswire-282-1,paragraph2sentence.test-Newswire-282-2,0.00
data/test/paragraph2sentence.test.input.tsv,paragraph2sentence.test-Newswire-283-1,paragraph2sentence.test-Newswire-283-2,3.00
data/test/paragraph2sentence.test.input.tsv,paragraph2sentence.test-Newswire-284-1,paragraph2sentence.test-Newswire-284-2,2.00
data/test/paragraph2sentence.test.input.tsv,paragraph2sentence.test-Newswire-285-1,paragraph2sentence.test-Newswire-285-2,0.00
data/test/paragraph2sentence.test.input.tsv,paragraph2sentence.test-Newswire-286-1,paragraph2sentence.test-Newswire-286-2,2.75
data/test/paragraph2sentence.test.input.tsv,paragraph2sentence.test-Newswire-287-1,paragraph2sentence.test-Newswire-287-2,0.75
data/test/paragraph2sentence.test.input.tsv,paragraph2sentence.test-Newswire-288-1,paragraph2sentence.test-Newswire-288-2,3.00
data/test/paragraph2sentence.test.input.tsv,paragraph2sentence.test-Newswire-289-1,paragraph2sentence.test-Newswire-289-2,3.50
data/test/paragraph2sentence.test.input.tsv,paragraph2sentence.test-Newswire-290-1,paragraph2sentence.test-Newswire-290-2,3.25
data/test/paragraph2sentence.test.input.tsv,paragraph2sentence.test-Newswire-291-1,paragraph2sentence.test-Newswire-291-2,3.75
data/test/paragraph2sentence.test.input.tsv,paragraph2sentence.test-Newswire-292-1,paragraph2sentence.test-Newswire-292-2,0.75
data/test/paragraph2sentence.test.input.tsv,paragraph2sentence.test-Newswire-293-1,paragraph2sentence.test-Newswire-293-2,0.00
data/test/paragraph2sentence.test.input.tsv,paragraph2sentence.test-Newswire-294-1,paragraph2sentence.test-Newswire-294-2,0.00
data/test/paragraph2sentence.test.input.tsv,paragraph2sentence.test-Newswire-295-1,paragraph2sentence.test-Newswire-295-2,0.38
data/test/paragraph2sentence.test.input.tsv,paragraph2sentence.test-Newswire-296-1,paragraph2sentence.test-Newswire-296-2,3.00
data/test/paragraph2sentence.test.input.tsv,paragraph2sentence.test-Newswire-297-1,paragraph2sentence.test-Newswire-297-2,0.00
data/test/paragraph2sentence.test.input.tsv,paragraph2sentence.test-Newswire-298-1,paragraph2sentence.test-Newswire-298-2,0.00
data/test/paragraph2sentence.test.input.tsv,paragraph2sentence.test-Newswire-299-1,paragraph2sentence.test-Newswire-299-2,2.75
data/test/paragraph2sentence.test.input.tsv,paragraph2sentence.test-Newswire-300-1,paragraph2sentence.test-Newswire-300-2,0.00
data/test/paragraph2sentence.test.input.tsv,paragraph2sentence.test-Newswire-301-1,paragraph2sentence.test-Newswire-301-2,0.25
data/test/paragraph2sentence.test.input.tsv,paragraph2sentence.test-Newswire-302-1,paragraph2sentence.test-Newswire-302-2,3.50
data/test/paragraph2sentence.test.input.tsv,paragraph2sentence.test-Newswire-303-1,paragraph2sentence.test-Newswire-303-2,1.50
data/test/paragraph2sentence.test.input.tsv,paragraph2sentence.test-Newswire-304-1,paragraph2sentence.test-Newswire-304-2,1.00
data/test/paragraph2sentence.test.input.tsv,paragraph2sentence.test-Newswire-305-1,paragraph2sentence.test-Newswire-305-2,0.00
data/test/paragraph2sentence.test.input.tsv,paragraph2sentence.test-Newswire-306-1,paragraph2sentence.test-Newswire-306-2,3.13
data/test/paragraph2sentence.test.input.tsv,paragraph2sentence.test-Newswire-307-1,paragraph2sentence.test-Newswire-307-2,2.75
data/test/paragraph2sentence.test.input.tsv,paragraph2sentence.test-Newswire-308-1,paragraph2sentence.test-Newswire-308-2,0.00
data/test/paragraph2sentence.test.input.tsv,paragraph2sentence.test-Newswire-309-1,paragraph2sentence.test-Newswire-309-2,1.00
data/test/paragraph2sentence.test.input.tsv,paragraph2sentence.test-Newswire-310-1,paragraph2sentence.test-Newswire-310-2,3.00
data/test/paragraph2sentence.test.input.tsv,paragraph2sentence.test-Newswire-311-1,paragraph2sentence.test-Newswire-311-2,0.38
data/test/paragraph2sentence.test.input.tsv,paragraph2sentence.test-Newswire-312-1,paragraph2sentence.test-Newswire-312-2,1.13
data/test/paragraph2sentence.test.input.tsv,paragraph2sentence.test-Newswire-313-1,paragraph2sentence.test-Newswire-313-2,1.00
data/test/paragraph2sentence.test.input.tsv,paragraph2sentence.test-Newswire-314-1,paragraph2sentence.test-Newswire-314-2,0.25
data/test/paragraph2sentence.test.input.tsv,paragraph2sentence.test-Newswire-315-1,paragraph2sentence.test-Newswire-315-2,0.25
data/test/paragraph2sentence.test.input.tsv,paragraph2sentence.test-Newswire-316-1,paragraph2sentence.test-Newswire-316-2,0.75
data/test/paragraph2sentence.test.input.tsv,paragraph2sentence.test-Newswire-317-1,paragraph2sentence.test-Newswire-317-2,0.00
data/test/paragraph2sentence.test.input.tsv,paragraph2sentence.test-Newswire-318-1,paragraph2sentence.test-Newswire-318-2,0.00
data/test/paragraph2sentence.test.input.tsv,paragraph2sentence.test-Newswire-319-1,paragraph2sentence.test-Newswire-319-2,0.00
data/test/paragraph2sentence.test.input.tsv,paragraph2sentence.test-Newswire-320-1,paragraph2sentence.test-Newswire-320-2,1.25
data/test/paragraph2sentence.test.input.tsv,paragraph2sentence.test-Newswire-321-1,paragraph2sentence.test-Newswire-321-2,1.00
data/test/paragraph2sentence.test.input.tsv,paragraph2sentence.test-Newswire-322-1,paragraph2sentence.test-Newswire-322-2,0.00
data/test/paragraph2sentence.test.input.tsv,paragraph2sentence.test-Newswire-323-1,paragraph2sentence.test-Newswire-323-2,0.00
data/test/paragraph2sentence.test.input.tsv,paragraph2sentence.test-Newswire-324-1,paragraph2sentence.test-Newswire-324-2,0.63
data/test/paragraph2sentence.test.input.tsv,paragraph2sentence.test-Newswire-325-1,paragraph2sentence.test-Newswire-325-2,0.25
data/test/paragraph2sentence.test.input.tsv,paragraph2sentence.test-Newswire-326-1,paragraph2sentence.test-Newswire-326-2,1.75
data/test/paragraph2sentence.test.input.tsv,paragraph2sentence.test-Newswire-327-1,paragraph2sentence.test-Newswire-327-2,3.25
data/test/paragraph2sentence.test.input.tsv,paragraph2sentence.test-Newswire-328-1,paragraph2sentence.test-Newswire-328-2,0.00
data/test/paragraph2sentence.test.input.tsv,paragraph2sentence.test-Newswire-329-1,paragraph2sentence.test-Newswire-329-2,3.38
data/test/paragraph2sentence.test.input.tsv,paragraph2sentence.test-Newswire-330-1,paragraph2sentence.test-Newswire-330-2,0.25
data/test/paragraph2sentence.test.input.tsv,paragraph2sentence.test-Newswire-331-1,paragraph2sentence.test-Newswire-331-2,2.00
data/test/paragraph2sentence.test.input.tsv,paragraph2sentence.test-Newswire-332-1,paragraph2sentence.test-Newswire-332-2,3.13
data/test/paragraph2sentence.test.input.tsv,paragraph2sentence.test-Newswire-333-1,paragraph2sentence.test-Newswire-333-2,3.13
data/test/paragraph2sentence.test.input.tsv,paragraph2sentence.test-Newswire-334-1,paragraph2sentence.test-Newswire-334-2,3.00
data/test/paragraph2sentence.test.input.tsv,paragraph2sentence.test-Newswire-335-1,paragraph2sentence.test-Newswire-335-2,2.88
data/test/paragraph2sentence.test.input.tsv,paragraph2sentence.test-Newswire-336-1,paragraph2sentence.test-Newswire-336-2,4.00
data/test/paragraph2sentence.test.input.tsv,paragraph2sentence.test-Newswire-337-1,paragraph2sentence.test-Newswire-337-2,0.00
data/test/paragraph2sentence.test.input.tsv,paragraph2sentence.test-Newswire-338-1,paragraph2sentence.test-Newswire-338-2,0.00
data/test/paragraph2sentence.test.input.tsv,paragraph2sentence.test-Newswire-339-1,paragraph2sentence.test-Newswire-339-2,2.38
data/test/paragraph2sentence.test.input.tsv,paragraph2sentence.test-Newswire-340-1,paragraph2sentence.test-Newswire-340-2,3.75
data/test/paragraph2sentence.test.input.tsv,paragraph2sentence.test-Newswire-341-1,paragraph2sentence.test-Newswire-341-2,0.00
data/test/paragraph2sentence.test.input.tsv,paragraph2sentence.test-Newswire-342-1,paragraph2sentence.test-Newswire-342-2,0.75
data/test/paragraph2sentence.test.input.tsv,paragraph2sentence.test-Newswire-343-1,paragraph2sentence.test-Newswire-343-2,4.00
data/test/paragraph2sentence.test.input.tsv,paragraph2sentence.test-Newswire-344-1,paragraph2sentence.test-Newswire-344-2,3.50
data/test/paragraph2sentence.test.input.tsv,paragraph2sentence.test-Newswire-345-1,paragraph2sentence.test-Newswire-345-2,3.13
data/test/paragraph2sentence.test.input.tsv,paragraph2sentence.test-Newswire-346-1,paragraph2sentence.test-Newswire-346-2,2.88
data/test/paragraph2sentence.test.input.tsv,paragraph2sentence.test-Newswire-347-1,paragraph2sentence.test-Newswire-347-2,1.00
data/test/paragraph2sentence.test.input.tsv,paragraph2sentence.test-Newswire-348-1,paragraph2sentence.test-Newswire-348-2,3.00
data/test/paragraph2sentence.test.input.tsv,paragraph2sentence.test-Newswire-349-1,paragraph2sentence.test-Newswire-349-2,3.13
data/test/paragraph2sentence.test.input.tsv,paragraph2sentence.test-Newswire-350-1,paragraph2sentence.test-Newswire-350-2,1.00
data/test/paragraph2sentence.test.input.tsv,paragraph2sentence.test-Newswire-351-1,paragraph2sentence.test-Newswire-351-2,3.00
data/test/paragraph2sentence.test.input.tsv,paragraph2sentence.test-Newswire-352-1,paragraph2sentence.test-Newswire-352-2,3.63
data/test/paragraph2sentence.test.input.tsv,paragraph2sentence.test-Newswire-353-1,paragraph2sentence.test-Newswire-353-2,3.00
data/test/paragraph2sentence.test.input.tsv,paragraph2sentence.test-Newswire-354-1,paragraph2sentence.test-Newswire-354-2,0.00
data/test/paragraph2sentence.test.input.tsv,paragraph2sentence.test-Newswire-355-1,paragraph2sentence.test-Newswire-355-2,0.25
data/test/paragraph2sentence.test.input.tsv,paragraph2sentence.test-Newswire-356-1,paragraph2sentence.test-Newswire-356-2,0.25
data/test/paragraph2sentence.test.input.tsv,paragraph2sentence.test-Newswire-357-1,paragraph2sentence.test-Newswire-357-2,3.00
data/test/paragraph2sentence.test.input.tsv,paragraph2sentence.test-Newswire-358-1,paragraph2sentence.test-Newswire-358-2,2.25
data/test/paragraph2sentence.test.input.tsv,paragraph2sentence.test-Newswire-359-1,paragraph2sentence.test-Newswire-359-2,2.00
data/test/paragraph2sentence.test.input.tsv,paragraph2sentence.test-Newswire-360-1,paragraph2sentence.test-Newswire-360-2,0.50
data/test/paragraph2sentence.test.input.tsv,paragraph2sentence.test-Newswire-361-1,paragraph2sentence.test-Newswire-361-2,0.63
data/test/paragraph2sentence.test.input.tsv,paragraph2sentence.test-Newswire-362-1,paragraph2sentence.test-Newswire-362-2,2.50
data/test/paragraph2sentence.test.input.tsv,paragraph2sentence.test-Newswire-363-1,paragraph2sentence.test-Newswire-363-2,3.25
data/test/paragraph2sentence.test.input.tsv,paragraph2sentence.test-Newswire-364-1,paragraph2sentence.test-Newswire-364-2,3.75
data/test/paragraph2sentence.test.input.tsv,paragraph2sentence.test-Newswire-365-1,paragraph2sentence.test-Newswire-365-2,3.00
data/test/paragraph2sentence.test.input.tsv,paragraph2sentence.test-Newswire-366-1,paragraph2sentence.test-Newswire-366-2,3.50
data/test/paragraph2sentence.test.input.tsv,paragraph2sentence.test-Newswire-367-1,paragraph2sentence.test-Newswire-367-2,2.25
data/test/paragraph2sentence.test.input.tsv,paragraph2sentence.test-Newswire-368-1,paragraph2sentence.test-Newswire-368-2,0.00
data/test/paragraph2sentence.test.input.tsv,paragraph2sentence.test-Newswire-369-1,paragraph2sentence.test-Newswire-369-2,0.00
data/test/paragraph2sentence.test.input.tsv,paragraph2sentence.test-Newswire-370-1,paragraph2sentence.test-Newswire-370-2,3.38
data/test/paragraph2sentence.test.input.tsv,paragraph2sentence.test-Newswire-371-1,paragraph2sentence.test-Newswire-371-2,0.13
data/test/paragraph2sentence.test.input.tsv,paragraph2sentence.test-Newswire-372-1,paragraph2sentence.test-Newswire-372-2,0.63
data/test/paragraph2sentence.test.input.tsv,paragraph2sentence.test-Scientific-373-1,paragraph2sentence.test-Scientific-373-2,2.88
data/test/paragraph2sentence.test.input.tsv,paragraph2sentence.test-Scientific-374-1,paragraph2sentence.test-Scientific-374-2,2.88
data/test/paragraph2sentence.test.input.tsv,paragraph2sentence.test-Scientific-375-1,paragraph2sentence.test-Scientific-375-2,0.63
data/test/paragraph2sentence.test.input.tsv,paragraph2sentence.test-Scientific-376-1,paragraph2sentence.test-Scientific-376-2,2.25
data/test/paragraph2sentence.test.input.tsv,paragraph2sentence.test-Scientific-377-1,paragraph2sentence.test-Scientific-377-2,2.88
data/test/paragraph2sentence.test.input.tsv,paragraph2sentence.test-Scientific-378-1,paragraph2sentence.test-Scientific-378-2,1.88
data/test/paragraph2sentence.test.input.tsv,paragraph2sentence.test-Scientific-379-1,paragraph2sentence.test-Scientific-379-2,0.00
data/test/paragraph2sentence.test.input.tsv,paragraph2sentence.test-Scientific-380-1,paragraph2sentence.test-Scientific-380-2,2.50
data/test/paragraph2sentence.test.input.tsv,paragraph2sentence.test-Scientific-381-1,paragraph2sentence.test-Scientific-381-2,2.38
data/test/paragraph2sentence.test.input.tsv,paragraph2sentence.test-Scientific-382-1,paragraph2sentence.test-Scientific-382-2,1.00
data/test/paragraph2sentence.test.input.tsv,paragraph2sentence.test-Scientific-383-1,paragraph2sentence.test-Scientific-383-2,2.88
data/test/paragraph2sentence.test.input.tsv,paragraph2sentence.test-Scientific-384-1,paragraph2sentence.test-Scientific-384-2,2.50
data/test/paragraph2sentence.test.input.tsv,paragraph2sentence.test-Scientific-385-1,paragraph2sentence.test-Scientific-385-2,3.50
data/test/paragraph2sentence.test.input.tsv,paragraph2sentence.test-Scientific-386-1,paragraph2sentence.test-Scientific-386-2,3.25
data/test/paragraph2sentence.test.input.tsv,paragraph2sentence.test-Scientific-387-1,paragraph2sentence.test-Scientific-387-2,3.75
data/test/paragraph2sentence.test.input.tsv,paragraph2sentence.test-Scientific-388-1,paragraph2sentence.test-Scientific-388-2,2.75
data/test/paragraph2sentence.test.input.tsv,paragraph2sentence.test-Scientific-389-1,paragraph2sentence.test-Scientific-389-2,2.88
data/test/paragraph2sentence.test.input.tsv,paragraph2sentence.test-Scientific-390-1,paragraph2sentence.test-Scientific-390-2,1.00
data/test/paragraph2sentence.test.input.tsv,paragraph2sentence.test-Scientific-391-1,paragraph2sentence.test-Scientific-391-2,2.50
data/test/paragraph2sentence.test.input.tsv,paragraph2sentence.test-Scientific-392-1,paragraph2sentence.test-Scientific-392-2,3.75
data/test/paragraph2sentence.test.input.tsv,paragraph2sentence.test-Scientific-393-1,paragraph2sentence.test-Scientific-393-2,1.00
data/test/paragraph2sentence.test.input.tsv,paragraph2sentence.test-Scientific-394-1,paragraph2sentence.test-Scientific-394-2,2.00
data/test/paragraph2sentence.test.input.tsv,paragraph2sentence.test-Scientific-395-1,paragraph2sentence.test-Scientific-395-2,1.50
data/test/paragraph2sentence.test.input.tsv,paragraph2sentence.test-Scientific-396-1,paragraph2sentence.test-Scientific-396-2,3.00
data/test/paragraph2sentence.test.input.tsv,paragraph2sentence.test-Scientific-397-1,paragraph2sentence.test-Scientific-397-2,1.50
data/test/paragraph2sentence.test.input.tsv,paragraph2sentence.test-Scientific-398-1,paragraph2sentence.test-Scientific-398-2,0.00
data/test/paragraph2sentence.test.input.tsv,paragraph2sentence.test-Scientific-399-1,paragraph2sentence.test-Scientific-399-2,3.25
data/test/paragraph2sentence.test.input.tsv,paragraph2sentence.test-Scientific-400-1,paragraph2sentence.test-Scientific-400-2,2.75
data/test/paragraph2sentence.test.input.tsv,paragraph2sentence.test-Scientific-401-1,paragraph2sentence.test-Scientific-401-2,2.75
data/test/paragraph2sentence.test.input.tsv,paragraph2sentence.test-Scientific-402-1,paragraph2sentence.test-Scientific-402-2,1.00
data/test/paragraph2sentence.test.input.tsv,paragraph2sentence.test-Scientific-403-1,paragraph2sentence.test-Scientific-403-2,3.00
data/test/paragraph2sentence.test.input.tsv,paragraph2sentence.test-Scientific-404-1,paragraph2sentence.test-Scientific-404-2,2.75
data/test/paragraph2sentence.test.input.tsv,paragraph2sentence.test-Scientific-405-1,paragraph2sentence.test-Scientific-405-2,0.25
data/test/paragraph2sentence.test.input.tsv,paragraph2sentence.test-Scientific-406-1,paragraph2sentence.test-Scientific-406-2,1.00
data/test/paragraph2sentence.test.input.tsv,paragraph2sentence.test-Scientific-407-1,paragraph2sentence.test-Scientific-407-2,3.75
data/test/paragraph2sentence.test.input.tsv,paragraph2sentence.test-Scientific-408-1,paragraph2sentence.test-Scientific-408-2,3.00
data/test/paragraph2sentence.test.input.tsv,paragraph2sentence.test-Scientific-409-1,paragraph2sentence.test-Scientific-409-2,2.75
data/test/paragraph2sentence.test.input.tsv,paragraph2sentence.test-Scientific-410-1,paragraph2sentence.test-Scientific-410-2,4.00
data/test/paragraph2sentence.test.input.tsv,paragraph2sentence.test-Scientific-411-1,paragraph2sentence.test-Scientific-411-2,3.88
data/test/paragraph2sentence.test.input.tsv,paragraph2sentence.test-Scientific-412-1,paragraph2sentence.test-Scientific-412-2,3.00
data/test/paragraph2sentence.test.input.tsv,paragraph2sentence.test-Scientific-413-1,paragraph2sentence.test-Scientific-413-2,0.00
data/test/paragraph2sentence.test.input.tsv,paragraph2sentence.test-Scientific-414-1,paragraph2sentence.test-Scientific-414-2,0.00
data/test/paragraph2sentence.test.input.tsv,paragraph2sentence.test-Scientific-415-1,paragraph2sentence.test-Scientific-415-2,2.75
data/test/paragraph2sentence.test.input.tsv,paragraph2sentence.test-Scientific-416-1,paragraph2sentence.test-Scientific-416-2,0.00
data/test/paragraph2sentence.test.input.tsv,paragraph2sentence.test-Scientific-417-1,paragraph2sentence.test-Scientific-417-2,3.75
data/test/paragraph2sentence.test.input.tsv,paragraph2sentence.test-Scientific-418-1,paragraph2sentence.test-Scientific-418-2,3.25
data/test/paragraph2sentence.test.input.tsv,paragraph2sentence.test-Scientific-419-1,paragraph2sentence.test-Scientific-419-2,1.13
data/test/paragraph2sentence.test.input.tsv,paragraph2sentence.test-Scientific-420-1,paragraph2sentence.test-Scientific-420-2,2.88
data/test/paragraph2sentence.test.input.tsv,paragraph2sentence.test-Scientific-421-1,paragraph2sentence.test-Scientific-421-2,2.88
data/test/paragraph2sentence.test.input.tsv,paragraph2sentence.test-Scientific-422-1,paragraph2sentence.test-Scientific-422-2,2.63
data/test/paragraph2sentence.test.input.tsv,paragraph2sentence.test-Scientific-423-1,paragraph2sentence.test-Scientific-423-2,0.00
data/test/paragraph2sentence.test.input.tsv,paragraph2sentence.test-Scientific-424-1,paragraph2sentence.test-Scientific-424-2,1.88
data/test/paragraph2sentence.test.input.tsv,paragraph2sentence.test-Scientific-425-1,paragraph2sentence.test-Scientific-425-2,2.38
data/test/paragraph2sentence.test.input.tsv,paragraph2sentence.test-Scientific-426-1,paragraph2sentence.test-Scientific-426-2,2.63
data/test/paragraph2sentence.test.input.tsv,paragraph2sentence.test-Scientific-427-1,paragraph2sentence.test-Scientific-427-2,0.00
data/test/paragraph2sentence.test.input.tsv,paragraph2sentence.test-Scientific-428-1,paragraph2sentence.test-Scientific-428-2,2.25
data/test/paragraph2sentence.test.input.tsv,paragraph2sentence.test-Scientific-429-1,paragraph2sentence.test-Scientific-429-2,0.63
data/test/paragraph2sentence.test.input.tsv,paragraph2sentence.test-Scientific-430-1,paragraph2sentence.test-Scientific-430-2,0.63
data/test/paragraph2sentence.test.input.tsv,paragraph2sentence.test-Scientific-431-1,paragraph2sentence.test-Scientific-431-2,0.00
data/test/paragraph2sentence.test.input.tsv,paragraph2sentence.test-Scientific-432-1,paragraph2sentence.test-Scientific-432-2,1.00
data/test/paragraph2sentence.test.input.tsv,paragraph2sentence.test-Scientific-433-1,paragraph2sentence.test-Scientific-433-2,2.88
data/test/paragraph2sentence.test.input.tsv,paragraph2sentence.test-Scientific-434-1,paragraph2sentence.test-Scientific-434-2,0.00
data/test/paragraph2sentence.test.input.tsv,paragraph2sentence.test-Scientific-435-1,paragraph2sentence.test-Scientific-435-2,0.00
data/test/paragraph2sentence.test.input.tsv,paragraph2sentence.test-Scientific-436-1,paragraph2sentence.test-Scientific-436-2,0.50
data/test/paragraph2sentence.test.input.tsv,paragraph2sentence.test-Scientific-437-1,paragraph2sentence.test-Scientific-437-2,0.00
data/test/paragraph2sentence.test.input.tsv,paragraph2sentence.test-Scientific-438-1,paragraph2sentence.test-Scientific-438-2,1.00
data/test/paragraph2sentence.test.input.tsv,paragraph2sentence.test-Scientific-439-1,paragraph2sentence.test-Scientific-439-2,1.00
data/test/paragraph2sentence.test.input.tsv,paragraph2sentence.test-Scientific-440-1,paragraph2sentence.test-Scientific-440-2,0.00
data/test/paragraph2sentence.test.input.tsv,paragraph2sentence.test-Scientific-441-1,paragraph2sentence.test-Scientific-441-2,2.75
data/test/paragraph2sentence.test.input.tsv,paragraph2sentence.test-Scientific-442-1,paragraph2sentence.test-Scientific-442-2,3.25
data/test/paragraph2sentence.test.input.tsv,paragraph2sentence.test-Scientific-443-1,paragraph2sentence.test-Scientific-443-2,1.00
data/test/paragraph2sentence.test.input.tsv,paragraph2sentence.test-Scientific-444-1,paragraph2sentence.test-Scientific-444-2,1.00
data/test/paragraph2sentence.test.input.tsv,paragraph2sentence.test-Scientific-445-1,paragraph2sentence.test-Scientific-445-2,3.25
data/test/paragraph2sentence.test.input.tsv,paragraph2sentence.test-Scientific-446-1,paragraph2sentence.test-Scientific-446-2,1.00
data/test/paragraph2sentence.test.input.tsv,paragraph2sentence.test-Scientific-447-1,paragraph2sentence.test-Scientific-447-2,0.00
data/test/paragraph2sentence.test.input.tsv,paragraph2sentence.test-Scientific-448-1,paragraph2sentence.test-Scientific-448-2,2.25
data/test/paragraph2sentence.test.input.tsv,paragraph2sentence.test-Scientific-449-1,paragraph2sentence.test-Scientific-449-2,1.00
data/test/paragraph2sentence.test.input.tsv,paragraph2sentence.test-Scientific-450-1,paragraph2sentence.test-Scientific-450-2,2.00
data/test/paragraph2sentence.test.input.tsv,paragraph2sentence.test-Scientific-451-1,paragraph2sentence.test-Scientific-451-2,0.00
data/test/paragraph2sentence.test.input.tsv,paragraph2sentence.test-Scientific-452-1,paragraph2sentence.test-Scientific-452-2,3.00
data/test/paragraph2sentence.test.input.tsv,paragraph2sentence.test-Scientific-453-1,paragraph2sentence.test-Scientific-453-2,0.00
data/test/paragraph2sentence.test.input.tsv,paragraph2sentence.test-Scientific-454-1,paragraph2sentence.test-Scientific-454-2,1.00
data/test/paragraph2sentence.test.input.tsv,paragraph2sentence.test-Scientific-455-1,paragraph2sentence.test-Scientific-455-2,2.50
data/test/paragraph2sentence.test.input.tsv,paragraph2sentence.test-Scientific-456-1,paragraph2sentence.test-Scientific-456-2,0.00
data/test/paragraph2sentence.test.input.tsv,paragraph2sentence.test-Scientific-457-1,paragraph2sentence.test-Scientific-457-2,3.13
data/test/paragraph2sentence.test.input.tsv,paragraph2sentence.test-Scientific-458-1,paragraph2sentence.test-Scientific-458-2,2.88
data/test/paragraph2sentence.test.input.tsv,paragraph2sentence.test-Scientific-459-1,paragraph2sentence.test-Scientific-459-2,1.00
data/test/paragraph2sentence.test.input.tsv,paragraph2sentence.test-Scientific-460-1,paragraph2sentence.test-Scientific-460-2,2.63
data/test/paragraph2sentence.test.input.tsv,paragraph2sentence.test-Scientific-461-1,paragraph2sentence.test-Scientific-461-2,1.13
data/test/paragraph2sentence.test.input.tsv,paragraph2sentence.test-Scientific-462-1,paragraph2sentence.test-Scientific-462-2,2.88
data/test/paragraph2sentence.test.input.tsv,paragraph2sentence.test-Scientific-463-1,paragraph2sentence.test-Scientific-463-2,3.13
data/test/paragraph2sentence.test.input.tsv,paragraph2sentence.test-Scientific-464-1,paragraph2sentence.test-Scientific-464-2,4.00
data/test/paragraph2sentence.test.input.tsv,paragraph2sentence.test-Scientific-465-1,paragraph2sentence.test-Scientific-465-2,1.25
data/test/paragraph2sentence.test.input.tsv,paragraph2sentence.test-Scientific-466-1,paragraph2sentence.test-Scientific-466-2,0.25
data/test/paragraph2sentence.test.input.tsv,paragraph2sentence.test-Scientific-467-1,paragraph2sentence.test-Scientific-467-2,3.63
data/test/paragraph2sentence.test.input.tsv,paragraph2sentence.test-Scientific-468-1,paragraph2sentence.test-Scientific-468-2,2.88
data/test/paragraph2sentence.test.input.tsv,paragraph2sentence.test-Scientific-469-1,paragraph2sentence.test-Scientific-469-2,3.38
data/test/paragraph2sentence.test.input.tsv,paragraph2sentence.test-Scientific-470-1,paragraph2sentence.test-Scientific-470-2,1.25
data/test/paragraph2sentence.test.input.tsv,paragraph2sentence.test-Scientific-471-1,paragraph2sentence.test-Scientific-471-2,2.63
data/test/paragraph2sentence.test.input.tsv,paragraph2sentence.test-Scientific-472-1,paragraph2sentence.test-Scientific-472-2,2.75
data/test/paragraph2sentence.test.input.tsv,paragraph2sentence.test-Scientific-473-1,paragraph2sentence.test-Scientific-473-2,2.25
data/test/paragraph2sentence.test.input.tsv,paragraph2sentence.test-Scientific-474-1,paragraph2sentence.test-Scientific-474-2,4.00
data/test/paragraph2sentence.test.input.tsv,paragraph2sentence.test-Scientific-475-1,paragraph2sentence.test-Scientific-475-2,2.50
data/test/paragraph2sentence.test.input.tsv,paragraph2sentence.test-Scientific-476-1,paragraph2sentence.test-Scientific-476-2,0.50
data/test/paragraph2sentence.test.input.tsv,paragraph2sentence.test-Scientific-477-1,paragraph2sentence.test-Scientific-477-2,3.25
data/test/paragraph2sentence.test.input.tsv,paragraph2sentence.test-Scientific-478-1,paragraph2sentence.test-Scientific-478-2,0.00
data/test/paragraph2sentence.test.input.tsv,paragraph2sentence.test-Scientific-479-1,paragraph2sentence.test-Scientific-479-2,3.75
data/test/paragraph2sentence.test.input.tsv,paragraph2sentence.test-Scientific-480-1,paragraph2sentence.test-Scientific-480-2,0.00
data/test/paragraph2sentence.test.input.tsv,paragraph2sentence.test-Scientific-481-1,paragraph2sentence.test-Scientific-481-2,2.50
data/test/paragraph2sentence.test.input.tsv,paragraph2sentence.test-Scientific-482-1,paragraph2sentence.test-Scientific-482-2,3.50
data/test/paragraph2sentence.test.input.tsv,paragraph2sentence.test-Scientific-483-1,paragraph2sentence.test-Scientific-483-2,2.88
data/test/paragraph2sentence.test.input.tsv,paragraph2sentence.test-Scientific-484-1,paragraph2sentence.test-Scientific-484-2,0.00
data/test/paragraph2sentence.test.input.tsv,paragraph2sentence.test-Scientific-485-1,paragraph2sentence.test-Scientific-485-2,0.00
data/test/paragraph2sentence.test.input.tsv,paragraph2sentence.test-Scientific-486-1,paragraph2sentence.test-Scientific-486-2,3.63
data/test/paragraph2sentence.test.input.tsv,paragraph2sentence.test-Scientific-487-1,paragraph2sentence.test-Scientific-487-2,2.63
data/test/paragraph2sentence.test.input.tsv,paragraph2sentence.test-Scientific-488-1,paragraph2sentence.test-Scientific-488-2,1.00
data/test/paragraph2sentence.test.input.tsv,paragraph2sentence.test-Scientific-489-1,paragraph2sentence.test-Scientific-489-2,3.25
data/test/paragraph2sentence.test.input.tsv,paragraph2sentence.test-Scientific-490-1,paragraph2sentence.test-Scientific-490-2,2.00
data/test/paragraph2sentence.test.input.tsv,paragraph2sentence.test-Scientific-491-1,paragraph2sentence.test-Scientific-491-2,2.50
data/test/paragraph2sentence.test.input.tsv,paragraph2sentence.test-Scientific-492-1,paragraph2sentence.test-Scientific-492-2,2.88
data/test/paragraph2sentence.test.input.tsv,paragraph2sentence.test-Scientific-493-1,paragraph2sentence.test-Scientific-493-2,0.00
data/test/paragraph2sentence.test.input.tsv,paragraph2sentence.test-Scientific-494-1,paragraph2sentence.test-Scientific-494-2,2.50
data/test/paragraph2sentence.test.input.tsv,paragraph2sentence.test-Scientific-495-1,paragraph2sentence.test-Scientific-495-2,0.25
data/test/paragraph2sentence.test.input.tsv,paragraph2sentence.test-Scientific-496-1,paragraph2sentence.test-Scientific-496-2,4.00
data/test/paragraph2sentence.test.input.tsv,paragraph2sentence.test-Scientific-497-1,paragraph2sentence.test-Scientific-497-2,2.00
data/test/paragraph2sentence.test.input.tsv,paragraph2sentence.test-Scientific-498-1,paragraph2sentence.test-Scientific-498-2,2.75
data/test/paragraph2sentence.test.input.tsv,paragraph2sentence.test-Scientific-499-1,paragraph2sentence.test-Scientific-499-2,1.00
data/test/paragraph2sentence.test.input.tsv,paragraph2sentence.test-Scientific-500-1,paragraph2sentence.test-Scientific-500-2,2.88
data/test/sentence2phrase.test.input.tsv,sentence2phrase.test-Scientific-1-1,sentence2phrase.test-Scientific-1-2,0.00
data/test/sentence2phrase.test.input.tsv,sentence2phrase.test-Scientific-2-1,sentence2phrase.test-Scientific-2-2,2.00
data/test/sentence2phrase.test.input.tsv,sentence2phrase.test-Scientific-3-1,sentence2phrase.test-Scientific-3-2,4.00
data/test/sentence2phrase.test.input.tsv,sentence2phrase.test-Scientific-4-1,sentence2phrase.test-Scientific-4-2,0.00
data/test/sentence2phrase.test.input.tsv,sentence2phrase.test-Scientific-5-1,sentence2phrase.test-Scientific-5-2,1.00
data/test/sentence2phrase.test.input.tsv,sentence2phrase.test-Scientific-6-1,sentence2phrase.test-Scientific-6-2,2.75
data/test/sentence2phrase.test.input.tsv,sentence2phrase.test-Scientific-7-1,sentence2phrase.test-Scientific-7-2,0.00
data/test/sentence2phrase.test.input.tsv,sentence2phrase.test-Scientific-8-1,sentence2phrase.test-Scientific-8-2,1.17
data/test/sentence2phrase.test.input.tsv,sentence2phrase.test-Scientific-9-1,sentence2phrase.test-Scientific-9-2,4.00
data/test/sentence2phrase.test.input.tsv,sentence2phrase.test-Scientific-10-1,sentence2phrase.test-Scientific-10-2,2.75
data/test/sentence2phrase.test.input.tsv,sentence2phrase.test-Scientific-11-1,sentence2phrase.test-Scientific-11-2,3.92
data/test/sentence2phrase.test.input.tsv,sentence2phrase.test-Scientific-12-1,sentence2phrase.test-Scientific-12-2,1.00
data/test/sentence2phrase.test.input.tsv,sentence2phrase.test-Scientific-13-1,sentence2phrase.test-Scientific-13-2,0.00
data/test/sentence2phrase.test.input.tsv,sentence2phrase.test-Scientific-14-1,sentence2phrase.test-Scientific-14-2,2.75
data/test/sentence2phrase.test.input.tsv,sentence2phrase.test-Scientific-15-1,sentence2phrase.test-Scientific-15-2,1.00
data/test/sentence2phrase.test.input.tsv,sentence2phrase.test-Scientific-16-1,sentence2phrase.test-Scientific-16-2,2.25
data/test/sentence2phrase.test.input.tsv,sentence2phrase.test-Scientific-17-1,sentence2phrase.test-Scientific-17-2,2.00
data/test/sentence2phrase.test.input.tsv,sentence2phrase.test-Scientific-18-1,sentence2phrase.test-Scientific-18-2,3.00
data/test/sentence2phrase.test.input.tsv,sentence2phrase.test-Scientific-19-1,sentence2phrase.test-Scientific-19-2,0.00
data/test/sentence2phrase.test.input.tsv,sentence2phrase.test-Scientific-20-1,sentence2phrase.test-Scientific-20-2,1.50
data/test/sentence2phrase.test.input.tsv,sentence2phrase.test-Scientific-21-1,sentence2phrase.test-Scientific-21-2,2.88
data/test/sentence2phrase.test.input.tsv,sentence2phrase.test-Scientific-22-1,sentence2phrase.test-Scientific-22-2,3.00
data/test/sentence2phrase.test.input.tsv,sentence2phrase.test-Scientific-23-1,sentence2phrase.test-Scientific-23-2,0.00
data/test/sentence2phrase.test.input.tsv,sentence2phrase.test-Scientific-24-1,sentence2phrase.test-Scientific-24-2,3.67
data/test/sentence2phrase.test.input.tsv,sentence2phrase.test-Scientific-25-1,sentence2phrase.test-Scientific-25-2,1.00
data/test/sentence2phrase.test.input.tsv,sentence2phrase.test-Scientific-26-1,sentence2phrase.test-Scientific-26-2,0.00
data/test/sentence2phrase.test.input.tsv,sentence2phrase.test-Scientific-27-1,sentence2phrase.test-Scientific-27-2,3.50
data/test/sentence2phrase.test.input.tsv,sentence2phrase.test-Scientific-28-1,sentence2phrase.test-Scientific-28-2,2.38
data/test/sentence2phrase.test.input.tsv,sentence2phrase.test-Scientific-29-1,sentence2phrase.test-Scientific-29-2,4.00
data/test/sentence2phrase.test.input.tsv,sentence2phrase.test-Scientific-30-1,sentence2phrase.test-Scientific-30-2,3.00
data/test/sentence2phrase.test.input.tsv,sentence2phrase.test-Scientific-31-1,sentence2phrase.test-Scientific-31-2,1.75
data/test/sentence2phrase.test.input.tsv,sentence2phrase.test-Scientific-32-1,sentence2phrase.test-Scientific-32-2,3.13
data/test/sentence2phrase.test.input.tsv,sentence2phrase.test-Scientific-33-1,sentence2phrase.test-Scientific-33-2,0.00
data/test/sentence2phrase.test.input.tsv,sentence2phrase.test-Scientific-34-1,sentence2phrase.test-Scientific-34-2,1.00
data/test/sentence2phrase.test.input.tsv,sentence2phrase.test-Scientific-35-1,sentence2phrase.test-Scientific-35-2,3.83
data/test/sentence2phrase.test.input.tsv,sentence2phrase.test-Scientific-36-1,sentence2phrase.test-Scientific-36-2,2.75
data/test/sentence2phrase.test.input.tsv,sentence2phrase.test-Scientific-37-1,sentence2phrase.test-Scientific-37-2,1.00
data/test/sentence2phrase.test.input.tsv,sentence2phrase.test-Scientific-38-1,sentence2phrase.test-Scientific-38-2,0.25
data/test/sentence2phrase.test.input.tsv,sentence2phrase.test-Scientific-39-1,sentence2phrase.test-Scientific-39-2,1.83
data/test/sentence2phrase.test.input.tsv,sentence2phrase.test-Scientific-40-1,sentence2phrase.test-Scientific-40-2,1.83
data/test/sentence2phrase.test.input.tsv,sentence2phrase.test-Scientific-41-1,sentence2phrase.test-Scientific-41-2,1.00
data/test/sentence2phrase.test.input.tsv,sentence2phrase.test-Scientific-42-1,sentence2phrase.test-Scientific-42-2,2.75
data/test/sentence2phrase.test.input.tsv,sentence2phrase.test-Scientific-43-1,sentence2phrase.test-Scientific-43-2,2.25
data/test/sentence2phrase.test.input.tsv,sentence2phrase.test-Scientific-44-1,sentence2phrase.test-Scientific-44-2,0.00
data/test/sentence2phrase.test.input.tsv,sentence2phrase.test-Scientific-45-1,sentence2phrase.test-Scientific-45-2,0.00
data/test/sentence2phrase.test.input.tsv,sentence2phrase.test-Scientific-46-1,sentence2phrase.test-Scientific-46-2,0.00
data/test/sentence2phrase.test.input.tsv,sentence2phrase.test-Scientific-47-1,sentence2phrase.test-Scientific-47-2,3.13
data/test/sentence2phrase.test.input.tsv,sentence2phrase.test-Scientific-48-1,sentence2phrase.test-Scientific-48-2,0.00
data/test/sentence2phrase.test.input.tsv,sentence2phrase.test-Scientific-49-1,sentence2phrase.test-Scientific-49-2,0.08
data/test/sentence2phrase.test.input.tsv,sentence2phrase.test-Scientific-50-1,sentence2phrase.test-Scientific-50-2,3.00
data/test/sentence2phrase.test.input.tsv,sentence2phrase.test-Scientific-51-1,sentence2phrase.test-Scientific-51-2,1.00
data/test/sentence2phrase.test.input.tsv,sentence2phrase.test-Scientific-52-1,sentence2phrase.test-Scientific-52-2,2.38
data/test/sentence2phrase.test.input.tsv,sentence2phrase.test-Scientific-53-1,sentence2phrase.test-Scientific-53-2,0.13
data/test/sentence2phrase.test.input.tsv,sentence2phrase.test-Scientific-54-1,sentence2phrase.test-Scientific-54-2,4.00
data/test/sentence2phrase.test.input.tsv,sentence2phrase.test-Scientific-55-1,sentence2phrase.test-Scientific-55-2,3.50
data/test/sentence2phrase.test.input.tsv,sentence2phrase.test-Scientific-56-1,sentence2phrase.test-Scientific-56-2,1.00
data/test/sentence2phrase.test.input.tsv,sentence2phrase.test-Scientific-57-1,sentence2phrase.test-Scientific-57-2,3.25
data/test/sentence2phrase.test.input.tsv,sentence2phrase.test-Scientific-58-1,sentence2phrase.test-Scientific-58-2,3.00
data/test/sentence2phrase.test.input.tsv,sentence2phrase.test-Scientific-59-1,sentence2phrase.test-Scientific-59-2,3.50
data/test/sentence2phrase.test.input.tsv,sentence2phrase.test-Scientific-60-1,sentence2phrase.test-Scientific-60-2,2.25
data/test/sentence2phrase.test.input.tsv,sentence2phrase.test-Scientific-61-1,sentence2phrase.test-Scientific-61-2,1.50
data/test/sentence2phrase.test.input.tsv,sentence2phrase.test-Scientific-62-1,sentence2phrase.test-Scientific-62-2,3.50
data/test/sentence2phrase.test.input.tsv,sentence2phrase.test-Scientific-63-1,sentence2phrase.test-Scientific-63-2,0.00
data/test/sentence2phrase.test.input.tsv,sentence2phrase.test-Scientific-64-1,sentence2phrase.test-Scientific-64-2,1.50
data/test/sentence2phrase.test.input.tsv,sentence2phrase.test-Scientific-65-1,sentence2phrase.test-Scientific-65-2,0.00
data/test/sentence2phrase.test.input.tsv,sentence2phrase.test-Scientific-66-1,sentence2phrase.test-Scientific-66-2,2.63
data/test/sentence2phrase.test.input.tsv,sentence2phrase.test-Scientific-67-1,sentence2phrase.test-Scientific-67-2,3.00
data/test/sentence2phrase.test.input.tsv,sentence2phrase.test-Scientific-68-1,sentence2phrase.test-Scientific-68-2,2.75
data/test/sentence2phrase.test.input.tsv,sentence2phrase.test-Scientific-69-1,sentence2phrase.test-Scientific-69-2,2.00
data/test/sentence2phrase.test.input.tsv,sentence2phrase.test-Scientific-70-1,sentence2phrase.test-Scientific-70-2,3.25
data/test/sentence2phrase.test.input.tsv,sentence2phrase.test-Scientific-71-1,sentence2phrase.test-Scientific-71-2,2.00
data/test/sentence2phrase.test.input.tsv,sentence2phrase.test-Scientific-72-1,sentence2phrase.test-Scientific-72-2,0.00
data/test/sentence2phrase.test.input.tsv,sentence2phrase.test-Scientific-73-1,sentence2phrase.test-Scientific-73-2,2.50
data/test/sentence2phrase.test.input.tsv,sentence2phrase.test-Scientific-74-1,sentence2phrase.test-Scientific-74-2,2.25
data/test/sentence2phrase.test.input.tsv,sentence2phrase.test-CQA-75-1,sentence2phrase.test-CQA-75-2,0.25
data/test/sentence2phrase.test.input.tsv,sentence2phrase.test-CQA-76-1,sentence2phrase.test-CQA-76-2,0.00
data/test/sentence2phrase.test.input.tsv,sentence2phrase.test-CQA-77-1,sentence2phrase.test-CQA-77-2,2.00
data/test/sentence2phrase.test.input.tsv,sentence2phrase.test-CQA-78-1,sentence2phrase.test-CQA-78-2,3.00
data/test/sentence2phrase.test.input.tsv,sentence2phrase.test-CQA-79-1,sentence2phrase.test-CQA-79-2,0.00
data/test/sentence2phrase.test.input.tsv,sentence2phrase.test-CQA-80-1,sentence2phrase.test-CQA-80-2,2.50
data/test/sentence2phrase.test.input.tsv,sentence2phrase.test-CQA-81-1,sentence2phrase.test-CQA-81-2,1.17
data/test/sentence2phrase.test.input.tsv,sentence2phrase.test-CQA-82-1,sentence2phrase.test-CQA-82-2,4.00
data/test/sentence2phrase.test.input.tsv,sentence2phrase.test-CQA-83-1,sentence2phrase.test-CQA-83-2,1.75
data/test/sentence2phrase.test.input.tsv,sentence2phrase.test-CQA-84-1,sentence2phrase.test-CQA-84-2,3.13
data/test/sentence2phrase.test.input.tsv,sentence2phrase.test-CQA-85-1,sentence2phrase.test-CQA-85-2,3.00
data/test/sentence2phrase.test.input.tsv,sentence2phrase.test-CQA-86-1,sentence2phrase.test-CQA-86-2,2.00
data/test/sentence2phrase.test.input.tsv,sentence2phrase.test-CQA-87-1,sentence2phrase.test-CQA-87-2,0.00
data/test/sentence2phrase.test.input.tsv,sentence2phrase.test-CQA-88-1,sentence2phrase.test-CQA-88-2,2.75
data/test/sentence2phrase.test.input.tsv,sentence2phrase.test-CQA-89-1,sentence2phrase.test-CQA-89-2,3.00
data/test/sentence2phrase.test.input.tsv,sentence2phrase.test-CQA-90-1,sentence2phrase.test-CQA-90-2,3.00
data/test/sentence2phrase.test.input.tsv,sentence2phrase.test-CQA-91-1,sentence2phrase.test-CQA-91-2,2.75
data/test/sentence2phrase.test.input.tsv,sentence2phrase.test-CQA-92-1,sentence2phrase.test-CQA-92-2,0.00
data/test/sentence2phrase.test.input.tsv,sentence2phrase.test-CQA-93-1,sentence2phrase.test-CQA-93-2,0.25
data/test/sentence2phrase.test.input.tsv,sentence2phrase.test-CQA-94-1,sentence2phrase.test-CQA-94-2,3.00
data/test/sentence2phrase.test.input.tsv,sentence2phrase.test-CQA-95-1,sentence2phrase.test-CQA-95-2,4.00
data/test/sentence2phrase.test.input.tsv,sentence2phrase.test-CQA-96-1,sentence2phrase.test-CQA-96-2,4.00
data/test/sentence2phrase.test.input.tsv,sentence2phrase.test-CQA-97-1,sentence2phrase.test-CQA-97-2,3.58
data/test/sentence2phrase.test.input.tsv,sentence2phrase.test-CQA-98-1,sentence2phrase.test-CQA-98-2,0.00
data/test/sentence2phrase.test.input.tsv,sentence2phrase.test-CQA-99-1,sentence2phrase.test-CQA-99-2,0.83
data/test/sentence2phrase.test.input.tsv,sentence2phrase.test-CQA-100-1,sentence2phrase.test-CQA-100-2,2.25
data/test/sentence2phrase.test.input.tsv,sentence2phrase.test-CQA-101-1,sentence2phrase.test-CQA-101-2,2.75
data/test/sentence2phrase.test.input.tsv,sentence2phrase.test-CQA-102-1,sentence2phrase.test-CQA-102-2,3.50
data/test/sentence2phrase.test.input.tsv,sentence2phrase.test-CQA-103-1,sentence2phrase.test-CQA-103-2,2.00
data/test/sentence2phrase.test.input.tsv,sentence2phrase.test-CQA-104-1,sentence2phrase.test-CQA-104-2,3.75
data/test/sentence2phrase.test.input.tsv,sentence2phrase.test-CQA-105-1,sentence2phrase.test-CQA-105-2,3.58
data/test/sentence2phrase.test.input.tsv,sentence2phrase.test-CQA-106-1,sentence2phrase.test-CQA-106-2,1.75
data/test/sentence2phrase.test.input.tsv,sentence2phrase.test-CQA-107-1,sentence2phrase.test-CQA-107-2,0.00
data/test/sentence2phrase.test.input.tsv,sentence2phrase.test-CQA-108-1,sentence2phrase.test-CQA-108-2,3.58
data/test/sentence2phrase.test.input.tsv,sentence2phrase.test-CQA-109-1,sentence2phrase.test-CQA-109-2,3.25
data/test/sentence2phrase.test.input.tsv,sentence2phrase.test-CQA-110-1,sentence2phrase.test-CQA-110-2,2.50
data/test/sentence2phrase.test.input.tsv,sentence2phrase.test-CQA-111-1,sentence2phrase.test-CQA-111-2,2.00
data/test/sentence2phrase.test.input.tsv,sentence2phrase.test-CQA-112-1,sentence2phrase.test-CQA-112-2,3.50
data/test/sentence2phrase.test.input.tsv,sentence2phrase.test-CQA-113-1,sentence2phrase.test-CQA-113-2,2.00
data/test/sentence2phrase.test.input.tsv,sentence2phrase.test-CQA-114-1,sentence2phrase.test-CQA-114-2,2.00
data/test/sentence2phrase.test.input.tsv,sentence2phrase.test-CQA-115-1,sentence2phrase.test-CQA-115-2,0.00
data/test/sentence2phrase.test.input.tsv,sentence2phrase.test-CQA-116-1,sentence2phrase.test-CQA-116-2,0.00
data/test/sentence2phrase.test.input.tsv,sentence2phrase.test-CQA-117-1,sentence2phrase.test-CQA-117-2,3.50
data/test/sentence2phrase.test.input.tsv,sentence2phrase.test-CQA-118-1,sentence2phrase.test-CQA-118-2,0.83
data/test/sentence2phrase.test.input.tsv,sentence2phrase.test-CQA-119-1,sentence2phrase.test-CQA-119-2,0.00
data/test/sentence2phrase.test.input.tsv,sentence2phrase.test-CQA-120-1,sentence2phrase.test-CQA-120-2,2.75
data/test/sentence2phrase.test.input.tsv,sentence2phrase.test-CQA-121-1,sentence2phrase.test-CQA-121-2,0.58
data/test/sentence2phrase.test.input.tsv,sentence2phrase.test-CQA-122-1,sentence2phrase.test-CQA-122-2,3.00
data/test/sentence2phrase.test.input.tsv,sentence2phrase.test-CQA-123-1,sentence2phrase.test-CQA-123-2,0.00
data/test/sentence2phrase.test.input.tsv,sentence2phrase.test-CQA-124-1,sentence2phrase.test-CQA-124-2,1.25
data/test/sentence2phrase.test.input.tsv,sentence2phrase.test-CQA-125-1,sentence2phrase.test-CQA-125-2,2.13
data/test/sentence2phrase.test.input.tsv,sentence2phrase.test-CQA-126-1,sentence2phrase.test-CQA-126-2,3.00
data/test/sentence2phrase.test.input.tsv,sentence2phrase.test-CQA-127-1,sentence2phrase.test-CQA-127-2,0.75
data/test/sentence2phrase.test.input.tsv,sentence2phrase.test-CQA-128-1,sentence2phrase.test-CQA-128-2,2.25
data/test/sentence2phrase.test.input.tsv,sentence2phrase.test-CQA-129-1,sentence2phrase.test-CQA-129-2,0.17
data/test/sentence2phrase.test.input.tsv,sentence2phrase.test-CQA-130-1,sentence2phrase.test-CQA-130-2,2.00
data/test/sentence2phrase.test.input.tsv,sentence2phrase.test-CQA-131-1,sentence2phrase.test-CQA-131-2,0.58
data/test/sentence2phrase.test.input.tsv,sentence2phrase.test-CQA-132-1,sentence2phrase.test-CQA-132-2,0.17
data/test/sentence2phrase.test.input.tsv,sentence2phrase.test-CQA-133-1,sentence2phrase.test-CQA-133-2,3.50
data/test/sentence2phrase.test.input.tsv,sentence2phrase.test-CQA-134-1,sentence2phrase.test-CQA-134-2,0.00
data/test/sentence2phrase.test.input.tsv,sentence2phrase.test-CQA-135-1,sentence2phrase.test-CQA-135-2,1.50
data/test/sentence2phrase.test.input.tsv,sentence2phrase.test-CQA-136-1,sentence2phrase.test-CQA-136-2,2.75
data/test/sentence2phrase.test.input.tsv,sentence2phrase.test-CQA-137-1,sentence2phrase.test-CQA-137-2,3.00
data/test/sentence2phrase.test.input.tsv,sentence2phrase.test-CQA-138-1,sentence2phrase.test-CQA-138-2,3.83
data/test/sentence2phrase.test.input.tsv,sentence2phrase.test-CQA-139-1,sentence2phrase.test-CQA-139-2,2.58
data/test/sentence2phrase.test.input.tsv,sentence2phrase.test-CQA-140-1,sentence2phrase.test-CQA-140-2,0.00
data/test/sentence2phrase.test.input.tsv,sentence2phrase.test-CQA-141-1,sentence2phrase.test-CQA-141-2,2.25
data/test/sentence2phrase.test.input.tsv,sentence2phrase.test-CQA-142-1,sentence2phrase.test-CQA-142-2,1.25
data/test/sentence2phrase.test.input.tsv,sentence2phrase.test-CQA-143-1,sentence2phrase.test-CQA-143-2,4.00
data/test/sentence2phrase.test.input.tsv,sentence2phrase.test-CQA-144-1,sentence2phrase.test-CQA-144-2,4.00
data/test/sentence2phrase.test.input.tsv,sentence2phrase.test-CQA-145-1,sentence2phrase.test-CQA-145-2,3.83
data/test/sentence2phrase.test.input.tsv,sentence2phrase.test-CQA-146-1,sentence2phrase.test-CQA-146-2,0.00
data/test/sentence2phrase.test.input.tsv,sentence2phrase.test-CQA-147-1,sentence2phrase.test-CQA-147-2,0.17
data/test/sentence2phrase.test.input.tsv,sentence2phrase.test-CQA-148-1,sentence2phrase.test-CQA-148-2,2.75
data/test/sentence2phrase.test.input.tsv,sentence2phrase.test-CQA-149-1,sentence2phrase.test-CQA-149-2,1.75
data/test/sentence2phrase.test.input.tsv,sentence2phrase.test-CQA-150-1,sentence2phrase.test-CQA-150-2,2.00
data/test/sentence2phrase.test.input.tsv,sentence2phrase.test-CQA-151-1,sentence2phrase.test-CQA-151-2,2.25
data/test/sentence2phrase.test.input.tsv,sentence2phrase.test-CQA-152-1,sentence2phrase.test-CQA-152-2,0.13
data/test/sentence2phrase.test.input.tsv,sentence2phrase.test-CQA-153-1,sentence2phrase.test-CQA-153-2,3.50
data/test/sentence2phrase.test.input.tsv,sentence2phrase.test-CQA-154-1,sentence2phrase.test-CQA-154-2,2.92
data/test/sentence2phrase.test.input.tsv,sentence2phrase.test-CQA-155-1,sentence2phrase.test-CQA-155-2,0.00
data/test/sentence2phrase.test.input.tsv,sentence2phrase.test-CQA-156-1,sentence2phrase.test-CQA-156-2,4.00
data/test/sentence2phrase.test.input.tsv,sentence2phrase.test-CQA-157-1,sentence2phrase.test-CQA-157-2,0.83
data/test/sentence2phrase.test.input.tsv,sentence2phrase.test-CQA-158-1,sentence2phrase.test-CQA-158-2,2.00
data/test/sentence2phrase.test.input.tsv,sentence2phrase.test-CQA-159-1,sentence2phrase.test-CQA-159-2,2.25
data/test/sentence2phrase.test.input.tsv,sentence2phrase.test-CQA-160-1,sentence2phrase.test-CQA-160-2,2.50
data/test/sentence2phrase.test.input.tsv,sentence2phrase.test-CQA-161-1,sentence2phrase.test-CQA-161-2,2.50
data/test/sentence2phrase.test.input.tsv,sentence2phrase.test-Idiomatic-162-1,sentence2phrase.test-Idiomatic-162-2,0.00
data/test/sentence2phrase.test.input.tsv,sentence2phrase.test-Idiomatic-163-1,sentence2phrase.test-Idiomatic-163-2,3.00
data/test/sentence2phrase.test.input.tsv,sentence2phrase.test-Idiomatic-164-1,sentence2phrase.test-Idiomatic-164-2,0.00
data/test/sentence2phrase.test.input.tsv,sentence2phrase.test-Idiomatic-165-1,sentence2phrase.test-Idiomatic-165-2,0.00
data/test/sentence2phrase.test.input.tsv,sentence2phrase.test-Idiomatic-166-1,sentence2phrase.test-Idiomatic-166-2,0.00
data/test/sentence2phrase.test.input.tsv,sentence2phrase.test-Idiomatic-167-1,sentence2phrase.test-Idiomatic-167-2,2.00
data/test/sentence2phrase.test.input.tsv,sentence2phrase.test-Idiomatic-168-1,sentence2phrase.test-Idiomatic-168-2,3.25
data/test/sentence2phrase.test.input.tsv,sentence2phrase.test-Idiomatic-169-1,sentence2phrase.test-Idiomatic-169-2,3.00
data/test/sentence2phrase.test.input.tsv,sentence2phrase.test-Idiomatic-170-1,sentence2phrase.test-Idiomatic-170-2,0.00
data/test/sentence2phrase.test.input.tsv,sentence2phrase.test-Idiomatic-171-1,sentence2phrase.test-Idiomatic-171-2,1.00
data/test/sentence2phrase.test.input.tsv,sentence2phrase.test-Idiomatic-172-1,sentence2phrase.test-Idiomatic-172-2,3.00
data/test/sentence2phrase.test.input.tsv,sentence2phrase.test-Idiomatic-173-1,sentence2phrase.test-Idiomatic-173-2,1.00
data/test/sentence2phrase.test.input.tsv,sentence2phrase.test-Idiomatic-174-1,sentence2phrase.test-Idiomatic-174-2,2.00
data/test/sentence2phrase.test.input.tsv,sentence2phrase.test-Idiomatic-175-1,sentence2phrase.test-Idiomatic-175-2,3.00
data/test/sentence2phrase.test.input.tsv,sentence2phrase.test-Idiomatic-176-1,sentence2phrase.test-Idiomatic-176-2,3.00
data/test/sentence2phrase.test.input.tsv,sentence2phrase.test-Idiomatic-177-1,sentence2phrase.test-Idiomatic-177-2,1.75
data/test/sentence2phrase.test.input.tsv,sentence2phrase.test-Idiomatic-178-1,sentence2phrase.test-Idiomatic-178-2,0.00
data/test/sentence2phrase.test.input.tsv,sentence2phrase.test-Idiomatic-179-1,sentence2phrase.test-Idiomatic-179-2,3.88
data/test/sentence2phrase.test.input.tsv,sentence2phrase.test-Idiomatic-180-1,sentence2phrase.test-Idiomatic-180-2,0.00
data/test/sentence2phrase.test.input.tsv,sentence2phrase.test-Idiomatic-181-1,sentence2phrase.test-Idiomatic-181-2,0.00
data/test/sentence2phrase.test.input.tsv,sentence2phrase.test-Idiomatic-182-1,sentence2phrase.test-Idiomatic-182-2,2.25
data/test/sentence2phrase.test.input.tsv,sentence2phrase.test-Idiomatic-183-1,sentence2phrase.test-Idiomatic-183-2,4.00
data/test/sentence2phrase.test.input.tsv,sentence2phrase.test-Idiomatic-184-1,sentence2phrase.test-Idiomatic-184-2,2.00
data/test/sentence2phrase.test.input.tsv,sentence2phrase.test-Idiomatic-185-1,sentence2phrase.test-Idiomatic-185-2,1.00
data/test/sentence2phrase.test.input.tsv,sentence2phrase.test-Idiomatic-186-1,sentence2phrase.test-Idiomatic-186-2,3.25
data/test/sentence2phrase.test.input.tsv,sentence2phrase.test-Idiomatic-187-1,sentence2phrase.test-Idiomatic-187-2,2.00
data/test/sentence2phrase.test.input.tsv,sentence2phrase.test-Idiomatic-188-1,sentence2phrase.test-Idiomatic-188-2,2.25
data/test/sentence2phrase.test.input.tsv,sentence2phrase.test-Idiomatic-189-1,sentence2phrase.test-Idiomatic-189-2,2.25
data/test/sentence2phrase.test.input.tsv,sentence2phrase.test-Idiomatic-190-1,sentence2phrase.test-Idiomatic-190-2,4.00
data/test/sentence2phrase.test.input.tsv,sentence2phrase.test-Idiomatic-191-1,sentence2phrase.test-Idiomatic-191-2,0.00
data/test/sentence2phrase.test.input.tsv,sentence2phrase.test-Idiomatic-192-1,sentence2phrase.test-Idiomatic-192-2,1.00
data/test/sentence2phrase.test.input.tsv,sentence2phrase.test-Idiomatic-193-1,sentence2phrase.test-Idiomatic-193-2,3.25
data/test/sentence2phrase.test.input.tsv,sentence2phrase.test-Idiomatic-194-1,sentence2phrase.test-Idiomatic-194-2,2.00
data/test/sentence2phrase.test.input.tsv,sentence2phrase.test-Idiomatic-195-1,sentence2phrase.test-Idiomatic-195-2,0.00
data/test/sentence2phrase.test.input.tsv,sentence2phrase.test-Idiomatic-196-1,sentence2phrase.test-Idiomatic-196-2,2.75
data/test/sentence2phrase.test.input.tsv,sentence2phrase.test-Idiomatic-197-1,sentence2phrase.test-Idiomatic-197-2,2.00
data/test/sentence2phrase.test.input.tsv,sentence2phrase.test-Idiomatic-198-1,sentence2phrase.test-Idiomatic-198-2,2.00
data/test/sentence2phrase.test.input.tsv,sentence2phrase.test-Idiomatic-199-1,sentence2phrase.test-Idiomatic-199-2,1.00
data/test/sentence2phrase.test.input.tsv,sentence2phrase.test-Idiomatic-200-1,sentence2phrase.test-Idiomatic-200-2,0.58
data/test/sentence2phrase.test.input.tsv,sentence2phrase.test-Idiomatic-201-1,sentence2phrase.test-Idiomatic-201-2,3.25
data/test/sentence2phrase.test.input.tsv,sentence2phrase.test-Idiomatic-202-1,sentence2phrase.test-Idiomatic-202-2,3.25
data/test/sentence2phrase.test.input.tsv,sentence2phrase.test-Idiomatic-203-1,sentence2phrase.test-Idiomatic-203-2,3.75
data/test/sentence2phrase.test.input.tsv,sentence2phrase.test-Idiomatic-204-1,sentence2phrase.test-Idiomatic-204-2,3.50
data/test/sentence2phrase.test.input.tsv,sentence2phrase.test-Idiomatic-205-1,sentence2phrase.test-Idiomatic-205-2,0.00
data/test/sentence2phrase.test.input.tsv,sentence2phrase.test-Idiomatic-206-1,sentence2phrase.test-Idiomatic-206-2,2.00
data/test/sentence2phrase.test.input.tsv,sentence2phrase.test-Idiomatic-207-1,sentence2phrase.test-Idiomatic-207-2,2.50
data/test/sentence2phrase.test.input.tsv,sentence2phrase.test-Idiomatic-208-1,sentence2phrase.test-Idiomatic-208-2,0.00
data/test/sentence2phrase.test.input.tsv,sentence2phrase.test-Idiomatic-209-1,sentence2phrase.test-Idiomatic-209-2,1.00
data/test/sentence2phrase.test.input.tsv,sentence2phrase.test-Idiomatic-210-1,sentence2phrase.test-Idiomatic-210-2,3.00
data/test/sentence2phrase.test.input.tsv,sentence2phrase.test-Idiomatic-211-1,sentence2phrase.test-Idiomatic-211-2,3.00
data/test/sentence2phrase.test.input.tsv,sentence2phrase.test-Idiomatic-212-1,sentence2phrase.test-Idiomatic-212-2,2.00
data/test/sentence2phrase.test.input.tsv,sentence2phrase.test-Idiomatic-213-1,sentence2phrase.test-Idiomatic-213-2,3.25
data/test/sentence2phrase.test.input.tsv,sentence2phrase.test-Idiomatic-214-1,sentence2phrase.test-Idiomatic-214-2,2.00
data/test/sentence2phrase.test.input.tsv,sentence2phrase.test-Idiomatic-215-1,sentence2phrase.test-Idiomatic-215-2,4.00
data/test/sentence2phrase.test.input.tsv,sentence2phrase.test-Idiomatic-216-1,sentence2phrase.test-Idiomatic-216-2,2.88
data/test/sentence2phrase.test.input.tsv,sentence2phrase.test-Idiomatic-217-1,sentence2phrase.test-Idiomatic-217-2,2.25
data/test/sentence2phrase.test.input.tsv,sentence2phrase.test-Idiomatic-218-1,sentence2phrase.test-Idiomatic-218-2,3.00
data/test/sentence2phrase.test.input.tsv,sentence2phrase.test-Idiomatic-219-1,sentence2phrase.test-Idiomatic-219-2,3.25
data/test/sentence2phrase.test.input.tsv,sentence2phrase.test-Idiomatic-220-1,sentence2phrase.test-Idiomatic-220-2,3.00
data/test/sentence2phrase.test.input.tsv,sentence2phrase.test-Idiomatic-221-1,sentence2phrase.test-Idiomatic-221-2,3.25
data/test/sentence2phrase.test.input.tsv,sentence2phrase.test-Idiomatic-222-1,sentence2phrase.test-Idiomatic-222-2,0.00
data/test/sentence2phrase.test.input.tsv,sentence2phrase.test-Idiomatic-223-1,sentence2phrase.test-Idiomatic-223-2,2.50
data/test/sentence2phrase.test.input.tsv,sentence2phrase.test-Idiomatic-224-1,sentence2phrase.test-Idiomatic-224-2,0.00
data/test/sentence2phrase.test.input.tsv,sentence2phrase.test-Slang-225-1,sentence2phrase.test-Slang-225-2,1.25
data/test/sentence2phrase.test.input.tsv,sentence2phrase.test-Slang-226-1,sentence2phrase.test-Slang-226-2,0.25
data/test/sentence2phrase.test.input.tsv,sentence2phrase.test-Slang-227-1,sentence2phrase.test-Slang-227-2,2.00
data/test/sentence2phrase.test.input.tsv,sentence2phrase.test-Slang-228-1,sentence2phrase.test-Slang-228-2,0.13
data/test/sentence2phrase.test.input.tsv,sentence2phrase.test-Slang-229-1,sentence2phrase.test-Slang-229-2,0.00
data/test/sentence2phrase.test.input.tsv,sentence2phrase.test-Slang-230-1,sentence2phrase.test-Slang-230-2,0.00
data/test/sentence2phrase.test.input.tsv,sentence2phrase.test-Slang-231-1,sentence2phrase.test-Slang-231-2,3.00
data/test/sentence2phrase.test.input.tsv,sentence2phrase.test-Slang-232-1,sentence2phrase.test-Slang-232-2,4.00
data/test/sentence2phrase.test.input.tsv,sentence2phrase.test-Slang-233-1,sentence2phrase.test-Slang-233-2,2.00
data/test/sentence2phrase.test.input.tsv,sentence2phrase.test-Slang-234-1,sentence2phrase.test-Slang-234-2,2.00
data/test/sentence2phrase.test.input.tsv,sentence2phrase.test-Slang-235-1,sentence2phrase.test-Slang-235-2,1.00
data/test/sentence2phrase.test.input.tsv,sentence2phrase.test-Slang-236-1,sentence2phrase.test-Slang-236-2,3.88
data/test/sentence2phrase.test.input.tsv,sentence2phrase.test-Slang-237-1,sentence2phrase.test-Slang-237-2,1.00
data/test/sentence2phrase.test.input.tsv,sentence2phrase.test-Slang-238-1,sentence2phrase.test-Slang-238-2,2.50
data/test/sentence2phrase.test.input.tsv,sentence2phrase.test-Slang-239-1,sentence2phrase.test-Slang-239-2,4.00
data/test/sentence2phrase.test.input.tsv,sentence2phrase.test-Slang-240-1,sentence2phrase.test-Slang-240-2,0.00
data/test/sentence2phrase.test.input.tsv,sentence2phrase.test-Slang-241-1,sentence2phrase.test-Slang-241-2,0.00
data/test/sentence2phrase.test.input.tsv,sentence2phrase.test-Slang-242-1,sentence2phrase.test-Slang-242-2,0.00
data/test/sentence2phrase.test.input.tsv,sentence2phrase.test-Slang-243-1,sentence2phrase.test-Slang-243-2,2.00
data/test/sentence2phrase.test.input.tsv,sentence2phrase.test-Slang-244-1,sentence2phrase.test-Slang-244-2,3.25
data/test/sentence2phrase.test.input.tsv,sentence2phrase.test-Slang-245-1,sentence2phrase.test-Slang-245-2,1.00
data/test/sentence2phrase.test.input.tsv,sentence2phrase.test-Slang-246-1,sentence2phrase.test-Slang-246-2,1.50
data/test/sentence2phrase.test.input.tsv,sentence2phrase.test-Slang-247-1,sentence2phrase.test-Slang-247-2,1.00
data/test/sentence2phrase.test.input.tsv,sentence2phrase.test-Slang-248-1,sentence2phrase.test-Slang-248-2,3.00
data/test/sentence2phrase.test.input.tsv,sentence2phrase.test-Slang-249-1,sentence2phrase.test-Slang-249-2,2.00
data/test/sentence2phrase.test.input.tsv,sentence2phrase.test-Slang-250-1,sentence2phrase.test-Slang-250-2,1.50
data/test/sentence2phrase.test.input.tsv,sentence2phrase.test-Slang-251-1,sentence2phrase.test-Slang-251-2,3.00
data/test/sentence2phrase.test.input.tsv,sentence2phrase.test-Slang-252-1,sentence2phrase.test-Slang-252-2,2.50
data/test/sentence2phrase.test.input.tsv,sentence2phrase.test-Slang-253-1,sentence2phrase.test-Slang-253-2,3.00
data/test/sentence2phrase.test.input.tsv,sentence2phrase.test-Slang-254-1,sentence2phrase.test-Slang-254-2,4.00
data/test/sentence2phrase.test.input.tsv,sentence2phrase.test-Slang-255-1,sentence2phrase.test-Slang-255-2,0.00
data/test/sentence2phrase.test.input.tsv,sentence2phrase.test-Slang-256-1,sentence2phrase.test-Slang-256-2,0.00
data/test/sentence2phrase.test.input.tsv,sentence2phrase.test-Slang-257-1,sentence2phrase.test-Slang-257-2,0.00
data/test/sentence2phrase.test.input.tsv,sentence2phrase.test-Slang-258-1,sentence2phrase.test-Slang-258-2,3.25
data/test/sentence2phrase.test.input.tsv,sentence2phrase.test-Slang-259-1,sentence2phrase.test-Slang-259-2,3.50
data/test/sentence2phrase.test.input.tsv,sentence2phrase.test-Slang-260-1,sentence2phrase.test-Slang-260-2,0.00
data/test/sentence2phrase.test.input.tsv,sentence2phrase.test-Slang-261-1,sentence2phrase.test-Slang-261-2,0.00
data/test/sentence2phrase.test.input.tsv,sentence2phrase.test-Slang-262-1,sentence2phrase.test-Slang-262-2,0.00
data/test/sentence2phrase.test.input.tsv,sentence2phrase.test-Slang-263-1,sentence2phrase.test-Slang-263-2,2.25
data/test/sentence2phrase.test.input.tsv,sentence2phrase.test-Slang-264-1,sentence2phrase.test-Slang-264-2,2.50
data/test/sentence2phrase.test.input.tsv,sentence2phrase.test-Slang-265-1,sentence2phrase.test-Slang-265-2,3.50
data/test/sentence2phrase.test.input.tsv,sentence2phrase.test-Slang-266-1,sentence2phrase.test-Slang-266-2,3.00
data/test/sentence2phrase.test.input.tsv,sentence2phrase.test-Slang-267-1,sentence2phrase.test-Slang-267-2,2.75
data/test/sentence2phrase.test.input.tsv,sentence2phrase.test-Slang-268-1,sentence2phrase.test-Slang-268-2,2.75
data/test/sentence2phrase.test.input.tsv,sentence2phrase.test-Slang-269-1,sentence2phrase.test-Slang-269-2,3.00
data/test/sentence2phrase.test.input.tsv,sentence2phrase.test-Slang-270-1,sentence2phrase.test-Slang-270-2,1.00
data/test/sentence2phrase.test.input.tsv,sentence2phrase.test-Slang-271-1,sentence2phrase.test-Slang-271-2,3.88
data/test/sentence2phrase.test.input.tsv,sentence2phrase.test-Slang-272-1,sentence2phrase.test-Slang-272-2,2.50
data/test/sentence2phrase.test.input.tsv,sentence2phrase.test-Slang-273-1,sentence2phrase.test-Slang-273-2,0.13
data/test/sentence2phrase.test.input.tsv,sentence2phrase.test-Slang-274-1,sentence2phrase.test-Slang-274-2,0.00
data/test/sentence2phrase.test.input.tsv,sentence2phrase.test-Slang-275-1,sentence2phrase.test-Slang-275-2,4.00
data/test/sentence2phrase.test.input.tsv,sentence2phrase.test-Slang-276-1,sentence2phrase.test-Slang-276-2,2.00
data/test/sentence2phrase.test.input.tsv,sentence2phrase.test-Slang-277-1,sentence2phrase.test-Slang-277-2,0.00
data/test/sentence2phrase.test.input.tsv,sentence2phrase.test-Slang-278-1,sentence2phrase.test-Slang-278-2,3.88
data/test/sentence2phrase.test.input.tsv,sentence2phrase.test-Slang-279-1,sentence2phrase.test-Slang-279-2,0.00
data/test/sentence2phrase.test.input.tsv,sentence2phrase.test-Slang-280-1,sentence2phrase.test-Slang-280-2,2.50
data/test/sentence2phrase.test.input.tsv,sentence2phrase.test-Slang-281-1,sentence2phrase.test-Slang-281-2,1.00
data/test/sentence2phrase.test.input.tsv,sentence2phrase.test-Slang-282-1,sentence2phrase.test-Slang-282-2,3.00
data/test/sentence2phrase.test.input.tsv,sentence2phrase.test-Slang-283-1,sentence2phrase.test-Slang-283-2,3.75
data/test/sentence2phrase.test.input.tsv,sentence2phrase.test-Slang-284-1,sentence2phrase.test-Slang-284-2,2.75
data/test/sentence2phrase.test.input.tsv,sentence2phrase.test-Slang-285-1,sentence2phrase.test-Slang-285-2,1.00
data/test/sentence2phrase.test.input.tsv,sentence2phrase.test-Slang-286-1,sentence2phrase.test-Slang-286-2,1.00
data/test/sentence2phrase.test.input.tsv,sentence2phrase.test-Slang-287-1,sentence2phrase.test-Slang-287-2,0.75
data/test/sentence2phrase.test.input.tsv,sentence2phrase.test-Slang-288-1,sentence2phrase.test-Slang-288-2,4.00
data/test/sentence2phrase.test.input.tsv,sentence2phrase.test-Slang-289-1,sentence2phrase.test-Slang-289-2,3.50
data/test/sentence2phrase.test.input.tsv,sentence2phrase.test-Slang-290-1,sentence2phrase.test-Slang-290-2,2.50
data/test/sentence2phrase.test.input.tsv,sentence2phrase.test-Slang-291-1,sentence2phrase.test-Slang-291-2,3.25
data/test/sentence2phrase.test.input.tsv,sentence2phrase.test-Slang-292-1,sentence2phrase.test-Slang-292-2,0.00
data/test/sentence2phrase.test.input.tsv,sentence2phrase.test-Slang-293-1,sentence2phrase.test-Slang-293-2,2.00
data/test/sentence2phrase.test.input.tsv,sentence2phrase.test-Slang-294-1,sentence2phrase.test-Slang-294-2,3.25
data/test/sentence2phrase.test.input.tsv,sentence2phrase.test-Slang-295-1,sentence2phrase.test-Slang-295-2,0.00
data/test/sentence2phrase.test.input.tsv,sentence2phrase.test-Slang-296-1,sentence2phrase.test-Slang-296-2,1.00
data/test/sentence2phrase.test.input.tsv,sentence2phrase.test-Slang-297-1,sentence2phrase.test-Slang-297-2,1.00
data/test/sentence2phrase.test.input.tsv,sentence2phrase.test-Slang-298-1,sentence2phrase.test-Slang-298-2,3.50
data/test/sentence2phrase.test.input.tsv,sentence2phrase.test-Slang-299-1,sentence2phrase.test-Slang-299-2,0.00
data/test/sentence2phrase.test.input.tsv,sentence2phrase.test-Travel-300-1,sentence2phrase.test-Travel-300-2,3.00
data/test/sentence2phrase.test.input.tsv,sentence2phrase.test-Travel-301-1,sentence2phrase.test-Travel-301-2,2.38
data/test/sentence2phrase.test.input.tsv,sentence2phrase.test-Travel-302-1,sentence2phrase.test-Travel-302-2,0.00
data/test/sentence2phrase.test.input.tsv,sentence2phrase.test-Travel-303-1,sentence2phrase.test-Travel-303-2,2.38
data/test/sentence2phrase.test.input.tsv,sentence2phrase.test-Travel-304-1,sentence2phrase.test-Travel-304-2,0.38
data/test/sentence2phrase.test.input.tsv,sentence2phrase.test-Travel-305-1,sentence2phrase.test-Travel-305-2,2.75
data/test/sentence2phrase.test.input.tsv,sentence2phrase.test-Travel-306-1,sentence2phrase.test-Travel-306-2,2.75
data/test/sentence2phrase.test.input.tsv,sentence2phrase.test-Travel-307-1,sentence2phrase.test-Travel-307-2,1.88
data/test/sentence2phrase.test.input.tsv,sentence2phrase.test-Travel-308-1,sentence2phrase.test-Travel-308-2,3.50
data/test/sentence2phrase.test.input.tsv,sentence2phrase.test-Travel-309-1,sentence2phrase.test-Travel-309-2,3.00
data/test/sentence2phrase.test.input.tsv,sentence2phrase.test-Travel-310-1,sentence2phrase.test-Travel-310-2,2.00
data/test/sentence2phrase.test.input.tsv,sentence2phrase.test-Travel-311-1,sentence2phrase.test-Travel-311-2,1.75
data/test/sentence2phrase.test.input.tsv,sentence2phrase.test-Travel-312-1,sentence2phrase.test-Travel-312-2,0.83
data/test/sentence2phrase.test.input.tsv,sentence2phrase.test-Travel-313-1,sentence2phrase.test-Travel-313-2,2.63
data/test/sentence2phrase.test.input.tsv,sentence2phrase.test-Travel-314-1,sentence2phrase.test-Travel-314-2,1.00
data/test/sentence2phrase.test.input.tsv,sentence2phrase.test-Travel-315-1,sentence2phrase.test-Travel-315-2,3.00
data/test/sentence2phrase.test.input.tsv,sentence2phrase.test-Travel-316-1,sentence2phrase.test-Travel-316-2,1.25
data/test/sentence2phrase.test.input.tsv,sentence2phrase.test-Travel-317-1,sentence2phrase.test-Travel-317-2,0.92
data/test/sentence2phrase.test.input.tsv,sentence2phrase.test-Travel-318-1,sentence2phrase.test-Travel-318-2,2.50
data/test/sentence2phrase.test.input.tsv,sentence2phrase.test-Travel-319-1,sentence2phrase.test-Travel-319-2,3.00
data/test/sentence2phrase.test.input.tsv,sentence2phrase.test-Travel-320-1,sentence2phrase.test-Travel-320-2,0.00
data/test/sentence2phrase.test.input.tsv,sentence2phrase.test-Travel-321-1,sentence2phrase.test-Travel-321-2,0.75
data/test/sentence2phrase.test.input.tsv,sentence2phrase.test-Travel-322-1,sentence2phrase.test-Travel-322-2,2.67
data/test/sentence2phrase.test.input.tsv,sentence2phrase.test-Travel-323-1,sentence2phrase.test-Travel-323-2,0.00
data/test/sentence2phrase.test.input.tsv,sentence2phrase.test-Travel-324-1,sentence2phrase.test-Travel-324-2,2.75
data/test/sentence2phrase.test.input.tsv,sentence2phrase.test-Travel-325-1,sentence2phrase.test-Travel-325-2,1.25
data/test/sentence2phrase.test.input.tsv,sentence2phrase.test-Travel-326-1,sentence2phrase.test-Travel-326-2,0.17
data/test/sentence2phrase.test.input.tsv,sentence2phrase.test-Travel-327-1,sentence2phrase.test-Travel-327-2,2.50
data/test/sentence2phrase.test.input.tsv,sentence2phrase.test-Travel-328-1,sentence2phrase.test-Travel-328-2,1.00
data/test/sentence2phrase.test.input.tsv,sentence2phrase.test-Travel-329-1,sentence2phrase.test-Travel-329-2,1.75
data/test/sentence2phrase.test.input.tsv,sentence2phrase.test-Travel-330-1,sentence2phrase.test-Travel-330-2,0.00
data/test/sentence2phrase.test.input.tsv,sentence2phrase.test-Travel-331-1,sentence2phrase.test-Travel-331-2,2.38
data/test/sentence2phrase.test.input.tsv,sentence2phrase.test-Travel-332-1,sentence2phrase.test-Travel-332-2,3.00
data/test/sentence2phrase.test.input.tsv,sentence2phrase.test-Travel-333-1,sentence2phrase.test-Travel-333-2,1.00
data/test/sentence2phrase.test.input.tsv,sentence2phrase.test-Travel-334-1,sentence2phrase.test-Travel-334-2,3.50
data/test/sentence2phrase.test.input.tsv,sentence2phrase.test-Travel-335-1,sentence2phrase.test-Travel-335-2,2.13
data/test/sentence2phrase.test.input.tsv,sentence2phrase.test-Travel-336-1,sentence2phrase.test-Travel-336-2,1.75
data/test/sentence2phrase.test.input.tsv,sentence2phrase.test-Travel-337-1,sentence2phrase.test-Travel-337-2,2.88
data/test/sentence2phrase.test.input.tsv,sentence2phrase.test-Travel-338-1,sentence2phrase.test-Travel-338-2,1.75
data/test/sentence2phrase.test.input.tsv,sentence2phrase.test-Travel-339-1,sentence2phrase.test-Travel-339-2,0.00
data/test/sentence2phrase.test.input.tsv,sentence2phrase.test-Travel-340-1,sentence2phrase.test-Travel-340-2,0.50
data/test/sentence2phrase.test.input.tsv,sentence2phrase.test-Travel-341-1,sentence2phrase.test-Travel-341-2,2.00
data/test/sentence2phrase.test.input.tsv,sentence2phrase.test-Travel-342-1,sentence2phrase.test-Travel-342-2,0.17
data/test/sentence2phrase.test.input.tsv,sentence2phrase.test-Travel-343-1,sentence2phrase.test-Travel-343-2,1.00
data/test/sentence2phrase.test.input.tsv,sentence2phrase.test-Travel-344-1,sentence2phrase.test-Travel-344-2,2.50
data/test/sentence2phrase.test.input.tsv,sentence2phrase.test-Travel-345-1,sentence2phrase.test-Travel-345-2,1.00
data/test/sentence2phrase.test.input.tsv,sentence2phrase.test-Travel-346-1,sentence2phrase.test-Travel-346-2,2.00
data/test/sentence2phrase.test.input.tsv,sentence2phrase.test-Travel-347-1,sentence2phrase.test-Travel-347-2,0.00
data/test/sentence2phrase.test.input.tsv,sentence2phrase.test-Travel-348-1,sentence2phrase.test-Travel-348-2,2.25
data/test/sentence2phrase.test.input.tsv,sentence2phrase.test-Newswire-349-1,sentence2phrase.test-Newswire-349-2,3.13
data/test/sentence2phrase.test.input.tsv,sentence2phrase.test-Newswire-350-1,sentence2phrase.test-Newswire-350-2,0.50
data/test/sentence2phrase.test.input.tsv,sentence2phrase.test-Newswire-351-1,sentence2phrase.test-Newswire-351-2,0.00
data/test/sentence2phrase.test.input.tsv,sentence2phrase.test-Newswire-352-1,sentence2phrase.test-Newswire-352-2,1.00
data/test/sentence2phrase.test.input.tsv,sentence2phrase.test-Newswire-353-1,sentence2phrase.test-Newswire-353-2,1.00
data/test/sentence2phrase.test.input.tsv,sentence2phrase.test-Newswire-354-1,sentence2phrase.test-Newswire-354-2,1.00
data/test/sentence2phrase.test.input.tsv,sentence2phrase.test-Newswire-355-1,sentence2phrase.test-Newswire-355-2,1.75
data/test/sentence2phrase.test.input.tsv,sentence2phrase.test-Newswire-356-1,sentence2phrase.test-Newswire-356-2,0.25
data/test/sentence2phrase.test.input.tsv,sentence2phrase.test-Newswire-357-1,sentence2phrase.test-Newswire-357-2,2.25
data/test/sentence2phrase.test.input.tsv,sentence2phrase.test-Newswire-358-1,sentence2phrase.test-Newswire-358-2,0.00
data/test/sentence2phrase.test.input.tsv,sentence2phrase.test-Newswire-359-1,sentence2phrase.test-Newswire-359-2,0.08
data/test/sentence2phrase.test.input.tsv,sentence2phrase.test-Newswire-360-1,sentence2phrase.test-Newswire-360-2,1.50
data/test/sentence2phrase.test.input.tsv,sentence2phrase.test-Newswire-361-1,sentence2phrase.test-Newswire-361-2,2.50
data/test/sentence2phrase.test.input.tsv,sentence2phrase.test-Newswire-362-1,sentence2phrase.test-Newswire-362-2,3.50
data/test/sentence2phrase.test.input.tsv,sentence2phrase.test-Newswire-363-1,sentence2phrase.test-Newswire-363-2,2.75
data/test/sentence2phrase.test.input.tsv,sentence2phrase.test-Newswire-364-1,sentence2phrase.test-Newswire-364-2,0.00
data/test/sentence2phrase.test.input.tsv,sentence2phrase.test-Newswire-365-1,sentence2phrase.test-Newswire-365-2,0.00
data/test/sentence2phrase.test.input.tsv,sentence2phrase.test-Newswire-366-1,sentence2phrase.test-Newswire-366-2,0.00
data/test/sentence2phrase.test.input.tsv,sentence2phrase.test-Newswire-367-1,sentence2phrase.test-Newswire-367-2,1.00
data/test/sentence2phrase.test.input.tsv,sentence2phrase.test-Newswire-368-1,sentence2phrase.test-Newswire-368-2,2.00
data/test/sentence2phrase.test.input.tsv,sentence2phrase.test-Newswire-369-1,sentence2phrase.test-Newswire-369-2,3.50
data/test/sentence2phrase.test.input.tsv,sentence2phrase.test-Newswire-370-1,sentence2phrase.test-Newswire-370-2,0.00
data/test/sentence2phrase.test.input.tsv,sentence2phrase.test-Newswire-371-1,sentence2phrase.test-Newswire-371-2,0.25
data/test/sentence2phrase.test.input.tsv,sentence2phrase.test-Newswire-372-1,sentence2phrase.test-Newswire-372-2,0.00
data/test/sentence2phrase.test.input.tsv,sentence2phrase.test-Newswire-373-1,sentence2phrase.test-Newswire-373-2,0.08
data/test/sentence2phrase.test.input.tsv,sentence2phrase.test-Newswire-374-1,sentence2phrase.test-Newswire-374-2,1.75
data/test/sentence2phrase.test.input.tsv,sentence2phrase.test-Newswire-375-1,sentence2phrase.test-Newswire-375-2,2.25
data/test/sentence2phrase.test.input.tsv,sentence2phrase.test-Newswire-376-1,sentence2phrase.test-Newswire-376-2,2.25
data/test/sentence2phrase.test.input.tsv,sentence2phrase.test-Newswire-377-1,sentence2phrase.test-Newswire-377-2,1.00
data/test/sentence2phrase.test.input.tsv,sentence2phrase.test-Newswire-378-1,sentence2phrase.test-Newswire-378-2,3.00
data/test/sentence2phrase.test.input.tsv,sentence2phrase.test-Newswire-379-1,sentence2phrase.test-Newswire-379-2,2.00
data/test/sentence2phrase.test.input.tsv,sentence2phrase.test-Newswire-380-1,sentence2phrase.test-Newswire-380-2,1.50
data/test/sentence2phrase.test.input.tsv,sentence2phrase.test-Newswire-381-1,sentence2phrase.test-Newswire-381-2,1.75
data/test/sentence2phrase.test.input.tsv,sentence2phrase.test-Newswire-382-1,sentence2phrase.test-Newswire-382-2,0.00
data/test/sentence2phrase.test.input.tsv,sentence2phrase.test-Newswire-383-1,sentence2phrase.test-Newswire-383-2,3.00
data/test/sentence2phrase.test.input.tsv,sentence2phrase.test-Newswire-384-1,sentence2phrase.test-Newswire-384-2,0.00
data/test/sentence2phrase.test.input.tsv,sentence2phrase.test-Newswire-385-1,sentence2phrase.test-Newswire-385-2,2.25
data/test/sentence2phrase.test.input.tsv,sentence2phrase.test-Newswire-386-1,sentence2phrase.test-Newswire-386-2,0.00
data/test/sentence2phrase.test.input.tsv,sentence2phrase.test-Newswire-387-1,sentence2phrase.test-Newswire-387-2,0.00
data/test/sentence2phrase.test.input.tsv,sentence2phrase.test-Newswire-388-1,sentence2phrase.test-Newswire-388-2,2.00
data/test/sentence2phrase.test.input.tsv,sentence2phrase.test-Newswire-389-1,sentence2phrase.test-Newswire-389-2,4.00
data/test/sentence2phrase.test.input.tsv,sentence2phrase.test-Newswire-390-1,sentence2phrase.test-Newswire-390-2,2.00
data/test/sentence2phrase.test.input.tsv,sentence2phrase.test-Newswire-391-1,sentence2phrase.test-Newswire-391-2,2.00
data/test/sentence2phrase.test.input.tsv,sentence2phrase.test-Newswire-392-1,sentence2phrase.test-Newswire-392-2,2.38
data/test/sentence2phrase.test.input.tsv,sentence2phrase.test-Newswire-393-1,sentence2phrase.test-Newswire-393-2,1.17
data/test/sentence2phrase.test.input.tsv,sentence2phrase.test-Newswire-394-1,sentence2phrase.test-Newswire-394-2,3.83
data/test/sentence2phrase.test.input.tsv,sentence2phrase.test-Newswire-395-1,sentence2phrase.test-Newswire-395-2,0.00
data/test/sentence2phrase.test.input.tsv,sentence2phrase.test-Newswire-396-1,sentence2phrase.test-Newswire-396-2,2.00
data/test/sentence2phrase.test.input.tsv,sentence2phrase.test-Newswire-397-1,sentence2phrase.test-Newswire-397-2,1.83
data/test/sentence2phrase.test.input.tsv,sentence2phrase.test-Newswire-398-1,sentence2phrase.test-Newswire-398-2,1.00
data/test/sentence2phrase.test.input.tsv,sentence2phrase.test-Newswire-399-1,sentence2phrase.test-Newswire-399-2,4.00
data/test/sentence2phrase.test.input.tsv,sentence2phrase.test-Newswire-400-1,sentence2phrase.test-Newswire-400-2,1.67
data/test/sentence2phrase.test.input.tsv,sentence2phrase.test-Newswire-401-1,sentence2phrase.test-Newswire-401-2,1.00
data/test/sentence2phrase.test.input.tsv,sentence2phrase.test-Newswire-402-1,sentence2phrase.test-Newswire-402-2,2.88
data/test/sentence2phrase.test.input.tsv,sentence2phrase.test-Newswire-403-1,sentence2phrase.test-Newswire-403-2,2.88
data/test/sentence2phrase.test.input.tsv,sentence2phrase.test-Newswire-404-1,sentence2phrase.test-Newswire-404-2,0.75
data/test/sentence2phrase.test.input.tsv,sentence2phrase.test-Newswire-405-1,sentence2phrase.test-Newswire-405-2,2.75
data/test/sentence2phrase.test.input.tsv,sentence2phrase.test-Newswire-406-1,sentence2phrase.test-Newswire-406-2,2.13
data/test/sentence2phrase.test.input.tsv,sentence2phrase.test-Newswire-407-1,sentence2phrase.test-Newswire-407-2,0.50
data/test/sentence2phrase.test.input.tsv,sentence2phrase.test-Newswire-408-1,sentence2phrase.test-Newswire-408-2,3.00
data/test/sentence2phrase.test.input.tsv,sentence2phrase.test-Newswire-409-1,sentence2phrase.test-Newswire-409-2,1.00
data/test/sentence2phrase.test.input.tsv,sentence2phrase.test-Newswire-410-1,sentence2phrase.test-Newswire-410-2,4.00
data/test/sentence2phrase.test.input.tsv,sentence2phrase.test-Newswire-411-1,sentence2phrase.test-Newswire-411-2,1.00
data/test/sentence2phrase.test.input.tsv,sentence2phrase.test-Newswire-412-1,sentence2phrase.test-Newswire-412-2,2.50
data/test/sentence2phrase.test.input.tsv,sentence2phrase.test-Newswire-413-1,sentence2phrase.test-Newswire-413-2,0.00
data/test/sentence2phrase.test.input.tsv,sentence2phrase.test-Newswire-414-1,sentence2phrase.test-Newswire-414-2,0.50
data/test/sentence2phrase.test.input.tsv,sentence2phrase.test-Newswire-415-1,sentence2phrase.test-Newswire-415-2,3.13
data/test/sentence2phrase.test.input.tsv,sentence2phrase.test-Newswire-416-1,sentence2phrase.test-Newswire-416-2,2.75
data/test/sentence2phrase.test.input.tsv,sentence2phrase.test-Newswire-417-1,sentence2phrase.test-Newswire-417-2,1.75
data/test/sentence2phrase.test.input.tsv,sentence2phrase.test-Newswire-418-1,sentence2phrase.test-Newswire-418-2,0.00
data/test/sentence2phrase.test.input.tsv,sentence2phrase.test-Newswire-419-1,sentence2phrase.test-Newswire-419-2,0.00
data/test/sentence2phrase.test.input.tsv,sentence2phrase.test-Newswire-420-1,sentence2phrase.test-Newswire-420-2,1.00
data/test/sentence2phrase.test.input.tsv,sentence2phrase.test-Newswire-421-1,sentence2phrase.test-Newswire-421-2,0.00
data/test/sentence2phrase.test.input.tsv,sentence2phrase.test-Newswire-422-1,sentence2phrase.test-Newswire-422-2,2.58
data/test/sentence2phrase.test.input.tsv,sentence2phrase.test-Newswire-423-1,sentence2phrase.test-Newswire-423-2,1.25
data/test/sentence2phrase.test.input.tsv,sentence2phrase.test-Newswire-424-1,sentence2phrase.test-Newswire-424-2,0.00
data/test/sentence2phrase.test.input.tsv,sentence2phrase.test-Newswire-425-1,sentence2phrase.test-Newswire-425-2,2.83
data/test/sentence2phrase.test.input.tsv,sentence2phrase.test-Newswire-426-1,sentence2phrase.test-Newswire-426-2,0.00
data/test/sentence2phrase.test.input.tsv,sentence2phrase.test-Newswire-427-1,sentence2phrase.test-Newswire-427-2,2.00
data/test/sentence2phrase.test.input.tsv,sentence2phrase.test-Newswire-428-1,sentence2phrase.test-Newswire-428-2,0.25
data/test/sentence2phrase.test.input.tsv,sentence2phrase.test-Newswire-429-1,sentence2phrase.test-Newswire-429-2,2.83
data/test/sentence2phrase.test.input.tsv,sentence2phrase.test-Newswire-430-1,sentence2phrase.test-Newswire-430-2,2.58
data/test/sentence2phrase.test.input.tsv,sentence2phrase.test-Newswire-431-1,sentence2phrase.test-Newswire-431-2,2.00
data/test/sentence2phrase.test.input.tsv,sentence2phrase.test-Newswire-432-1,sentence2phrase.test-Newswire-432-2,0.83
data/test/sentence2phrase.test.input.tsv,sentence2phrase.test-Newswire-433-1,sentence2phrase.test-Newswire-433-2,2.75
data/test/sentence2phrase.test.input.tsv,sentence2phrase.test-Newswire-434-1,sentence2phrase.test-Newswire-434-2,3.83
data/test/sentence2phrase.test.input.tsv,sentence2phrase.test-Newswire-435-1,sentence2phrase.test-Newswire-435-2,3.50
data/test/sentence2phrase.test.input.tsv,sentence2phrase.test-Newswire-436-1,sentence2phrase.test-Newswire-436-2,1.00
data/test/sentence2phrase.test.input.tsv,sentence2phrase.test-Newswire-437-1,sentence2phrase.test-Newswire-437-2,2.00
data/test/sentence2phrase.test.input.tsv,sentence2phrase.test-Newswire-438-1,sentence2phrase.test-Newswire-438-2,0.17
data/test/sentence2phrase.test.input.tsv,sentence2phrase.test-Newswire-439-1,sentence2phrase.test-Newswire-439-2,2.00
data/test/sentence2phrase.test.input.tsv,sentence2phrase.test-Newswire-440-1,sentence2phrase.test-Newswire-440-2,2.00
data/test/sentence2phrase.test.input.tsv,sentence2phrase.test-Newswire-441-1,sentence2phrase.test-Newswire-441-2,3.50
data/test/sentence2phrase.test.input.tsv,sentence2phrase.test-Newswire-442-1,sentence2phrase.test-Newswire-442-2,3.13
data/test/sentence2phrase.test.input.tsv,sentence2phrase.test-Newswire-443-1,sentence2phrase.test-Newswire-443-2,0.25
data/test/sentence2phrase.test.input.tsv,sentence2phrase.test-Newswire-444-1,sentence2phrase.test-Newswire-444-2,1.75
data/test/sentence2phrase.test.input.tsv,sentence2phrase.test-Newswire-445-1,sentence2phrase.test-Newswire-445-2,2.75
data/test/sentence2phrase.test.input.tsv,sentence2phrase.test-Newswire-446-1,sentence2phrase.test-Newswire-446-2,3.50
data/test/sentence2phrase.test.input.tsv,sentence2phrase.test-Newswire-447-1,sentence2phrase.test-Newswire-447-2,2.25
data/test/sentence2phrase.test.input.tsv,sentence2phrase.test-Newswire-448-1,sentence2phrase.test-Newswire-448-2,0.17
data/test/sentence2phrase.test.input.tsv,sentence2phrase.test-Newswire-449-1,sentence2phrase.test-Newswire-449-2,0.00
data/test/sentence2phrase.test.input.tsv,sentence2phrase.test-Newswire-450-1,sentence2phrase.test-Newswire-450-2,0.00
data/test/sentence2phrase.test.input.tsv,sentence2phrase.test-Newswire-451-1,sentence2phrase.test-Newswire-451-2,1.50
data/test/sentence2phrase.test.input.tsv,sentence2phrase.test-Newswire-452-1,sentence2phrase.test-Newswire-452-2,3.25
data/test/sentence2phrase.test.input.tsv,sentence2phrase.test-Newswire-453-1,sentence2phrase.test-Newswire-453-2,0.00
data/test/sentence2phrase.test.input.tsv,sentence2phrase.test-Newswire-454-1,sentence2phrase.test-Newswire-454-2,1.25
data/test/sentence2phrase.test.input.tsv,sentence2phrase.test-Newswire-455-1,sentence2phrase.test-Newswire-455-2,3.50
data/test/sentence2phrase.test.input.tsv,sentence2phrase.test-Newswire-456-1,sentence2phrase.test-Newswire-456-2,2.88
data/test/sentence2phrase.test.input.tsv,sentence2phrase.test-Newswire-457-1,sentence2phrase.test-Newswire-457-2,1.50
data/test/sentence2phrase.test.input.tsv,sentence2phrase.test-Newswire-458-1,sentence2phrase.test-Newswire-458-2,3.50
data/test/sentence2phrase.test.input.tsv,sentence2phrase.test-Newswire-459-1,sentence2phrase.test-Newswire-459-2,3.92
data/test/sentence2phrase.test.input.tsv,sentence2phrase.test-Newswire-460-1,sentence2phrase.test-Newswire-460-2,0.00
data/test/sentence2phrase.test.input.tsv,sentence2phrase.test-Newswire-461-1,sentence2phrase.test-Newswire-461-2,2.00
data/test/sentence2phrase.test.input.tsv,sentence2phrase.test-Newswire-462-1,sentence2phrase.test-Newswire-462-2,0.00
data/test/sentence2phrase.test.input.tsv,sentence2phrase.test-Newswire-463-1,sentence2phrase.test-Newswire-463-2,2.38
data/test/sentence2phrase.test.input.tsv,sentence2phrase.test-Newswire-464-1,sentence2phrase.test-Newswire-464-2,2.75
data/test/sentence2phrase.test.input.tsv,sentence2phrase.test-Newswire-465-1,sentence2phrase.test-Newswire-465-2,0.17
data/test/sentence2phrase.test.input.tsv,sentence2phrase.test-Newswire-466-1,sentence2phrase.test-Newswire-466-2,2.25
data/test/sentence2phrase.test.input.tsv,sentence2phrase.test-Newswire-467-1,sentence2phrase.test-Newswire-467-2,2.00
data/test/sentence2phrase.test.input.tsv,sentence2phrase.test-Newswire-468-1,sentence2phrase.test-Newswire-468-2,1.50
data/test/sentence2phrase.test.input.tsv,sentence2phrase.test-Newswire-469-1,sentence2phrase.test-Newswire-469-2,2.50
data/test/sentence2phrase.test.input.tsv,sentence2phrase.test-Newswire-470-1,sentence2phrase.test-Newswire-470-2,2.88
data/test/sentence2phrase.test.input.tsv,sentence2phrase.test-Newswire-471-1,sentence2phrase.test-Newswire-471-2,0.00
data/test/sentence2phrase.test.input.tsv,sentence2phrase.test-Newswire-472-1,sentence2phrase.test-Newswire-472-2,0.17
data/test/sentence2phrase.test.input.tsv,sentence2phrase.test-Newswire-473-1,sentence2phrase.test-Newswire-473-2,2.00
data/test/sentence2phrase.test.input.tsv,sentence2phrase.test-Newswire-474-1,sentence2phrase.test-Newswire-474-2,2.00
data/test/sentence2phrase.test.input.tsv,sentence2phrase.test-Newswire-475-1,sentence2phrase.test-Newswire-475-2,1.38
data/test/sentence2phrase.test.input.tsv,sentence2phrase.test-Newswire-476-1,sentence2phrase.test-Newswire-476-2,1.00
data/test/sentence2phrase.test.input.tsv,sentence2phrase.test-Newswire-477-1,sentence2phrase.test-Newswire-477-2,2.50
data/test/sentence2phrase.test.input.tsv,sentence2phrase.test-Newswire-478-1,sentence2phrase.test-Newswire-478-2,1.00
data/test/sentence2phrase.test.input.tsv,sentence2phrase.test-Newswire-479-1,sentence2phrase.test-Newswire-479-2,2.00
data/test/sentence2phrase.test.input.tsv,sentence2phrase.test-Newswire-480-1,sentence2phrase.test-Newswire-480-2,2.00
data/test/sentence2phrase.test.input.tsv,sentence2phrase.test-Newswire-481-1,sentence2phrase.test-Newswire-481-2,0.00
data/test/sentence2phrase.test.input.tsv,sentence2phrase.test-Newswire-482-1,sentence2phrase.test-Newswire-482-2,1.25
data/test/sentence2phrase.test.input.tsv,sentence2phrase.test-Newswire-483-1,sentence2phrase.test-Newswire-483-2,0.00
data/test/sentence2phrase.test.input.tsv,sentence2phrase.test-Newswire-484-1,sentence2phrase.test-Newswire-484-2,0.00
data/test/sentence2phrase.test.input.tsv,sentence2phrase.test-Newswire-485-1,sentence2phrase.test-Newswire-485-2,2.00
data/test/sentence2phrase.test.input.tsv,sentence2phrase.test-Newswire-486-1,sentence2phrase.test-Newswire-486-2,1.63
data/test/sentence2phrase.test.input.tsv,sentence2phrase.test-Newswire-487-1,sentence2phrase.test-Newswire-487-2,1.75
data/test/sentence2phrase.test.input.tsv,sentence2phrase.test-Newswire-488-1,sentence2phrase.test-Newswire-488-2,0.00
data/test/sentence2phrase.test.input.tsv,sentence2phrase.test-Newswire-489-1,sentence2phrase.test-Newswire-489-2,0.17
data/test/sentence2phrase.test.input.tsv,sentence2phrase.test-Newswire-490-1,sentence2phrase.test-Newswire-490-2,3.00
data/test/sentence2phrase.test.input.tsv,sentence2phrase.test-Newswire-491-1,sentence2phrase.test-Newswire-491-2,0.17
data/test/sentence2phrase.test.input.tsv,sentence2phrase.test-Newswire-492-1,sentence2phrase.test-Newswire-492-2,1.00
data/test/sentence2phrase.test.input.tsv,sentence2phrase.test-Newswire-493-1,sentence2phrase.test-Newswire-493-2,3.25
data/test/sentence2phrase.test.input.tsv,sentence2phrase.test-Newswire-494-1,sentence2phrase.test-Newswire-494-2,3.83
data/test/sentence2phrase.test.input.tsv,sentence2phrase.test-Newswire-495-1,sentence2phrase.test-Newswire-495-2,2.25
data/test/sentence2phrase.test.input.tsv,sentence2phrase.test-Newswire-496-1,sentence2phrase.test-Newswire-496-2,2.75
data/test/sentence2phrase.test.input.tsv,sentence2phrase.test-Newswire-497-1,sentence2phrase.test-Newswire-497-2,3.58
data/test/sentence2phrase.test.input.tsv,sentence2phrase.test-Newswire-498-1,sentence2phrase.test-Newswire-498-2,2.75
data/test/sentence2phrase.test.input.tsv,sentence2phrase.test-Newswire-499-1,sentence2phrase.test-Newswire-499-2,1.50
data/test/sentence2phrase.test.input.tsv,sentence2phrase.test-Newswire-500-1,sentence2phrase.test-Newswire-500-2,3.50
data/trial/paragraph2sentence.trial.input.tsv,paragraph2sentence.trial-trial-p2s-1-1,paragraph2sentence.trial-trial-p2s-1-2,0
data/trial/paragraph2sentence.trial.input.tsv,paragraph2sentence.trial-trial-p2s-2-1,paragraph2sentence.trial-trial-p2s-2-2,1.25
data/trial/paragraph2sentence.trial.input.tsv,paragraph2sentence.trial-trial-p2s-3-1,paragraph2sentence.trial-trial-p2s-3-2,3.5
data/trial/paragraph2sentence.trial.input.tsv,paragraph2sentence.trial-trial-p2s-4-1,paragraph2sentence.trial-trial-p2s-4-2,2.75
data/trial/paragraph2sentence.trial.input.tsv,paragraph2sentence.trial-trial-p2s-5-1,paragraph2sentence.trial-trial-p2s-5-2,1.25
data/trial/paragraph2sentence.trial.input.tsv,paragraph2sentence.trial-trial-p2s-6-1,paragraph2sentence.trial-trial-p2s-6-2,3.5
data/trial/paragraph2sentence.trial.input.tsv,paragraph2sentence.trial-trial-p2s-7-1,paragraph2sentence.trial-trial-p2s-7-2,4
data/trial/paragraph2sentence.trial.input.tsv,paragraph2sentence.trial-trial-p2s-8-1,paragraph2sentence.trial-trial-p2s-8-2,3.75
data/trial/paragraph2sentence.trial.input.tsv,paragraph2sentence.trial-trial-p2s-9-1,paragraph2sentence.trial-trial-p2s-9-2,3.75
data/trial/paragraph2sentence.trial.input.tsv,paragraph2sentence.trial-trial-p2s-10-1,paragraph2sentence.trial-trial-p2s-10-2,4
data/trial/paragraph2sentence.trial.input.tsv,paragraph2sentence.trial-trial-p2s-11-1,paragraph2sentence.trial-trial-p2s-11-2,0
data/trial/paragraph2sentence.trial.input.tsv,paragraph2sentence.trial-trial-p2s-12-1,paragraph2sentence.trial-trial-p2s-12-2,1.25
data/trial/paragraph2sentence.trial.input.tsv,paragraph2sentence.trial-trial-p2s-13-1,paragraph2sentence.trial-trial-p2s-13-2,3.75
data/trial/paragraph2sentence.trial.input.tsv,paragraph2sentence.trial-trial-p2s-14-1,paragraph2sentence.trial-trial-p2s-14-2,0
data/trial/paragraph2sentence.trial.input.tsv,paragraph2sentence.trial-trial-p2s-15-1,paragraph2sentence.trial-trial-p2s-15-2,0
data/trial/paragraph2sentence.trial.input.tsv,paragraph2sentence.trial-trial-p2s-16-1,paragraph2sentence.trial-trial-p2s-16-2,3.25
data/trial/paragraph2sentence.trial.input.tsv,paragraph2sentence.trial-trial-p2s-17-1,paragraph2sentence.trial-trial-p2s-17-2,4
data/trial/paragraph2sentence.trial.input.tsv,paragraph2sentence.trial-trial-p2s-18-1,paragraph2sentence.trial-trial-p2s-18-2,3.75
data/trial/paragraph2sentence.trial.input.tsv,paragraph2sentence.trial-trial-p2s-19-1,paragraph2sentence.trial-trial-p2s-19-2,0.875
data/trial/paragraph2sentence.trial.input.tsv,paragraph2sentence.trial-trial-p2s-20-1,paragraph2sentence.trial-trial-p2s-20-2,2
data/trial/paragraph2sentence.trial.input.tsv,paragraph2sentence.trial-trial-p2s-21-1,paragraph2sentence.trial-trial-p2s-21-2,3.5
data/trial/paragraph2sentence.trial.input.tsv,paragraph2sentence.trial-trial-p2s-22-1,paragraph2sentence.trial-trial-p2s-22-2,3.75
data/trial/paragraph2sentence.trial.input.tsv,paragraph2sentence.trial-trial-p2s-23-1,paragraph2sentence.trial-trial-p2s-23-2,1.75
data/trial/paragraph2sentence.trial.input.tsv,paragraph2sentence.trial-trial-p2s-24-1,paragraph2sentence.trial-trial-p2s-24-2,3.25
data/trial/paragraph2sentence.trial.input.tsv,paragraph2sentence.trial-trial-p2s-25-1,paragraph2sentence.trial-trial-p2s-25-2,3.5
data/trial/paragraph2sentence.trial.input.tsv,paragraph2sentence.trial-trial-p2s-26-1,paragraph2sentence.trial-trial-p2s-26-2,4
data/trial/paragraph2sentence.trial.input.tsv,paragraph2sentence.trial-trial-p2s-27-1,paragraph2sentence.trial-trial-p2s-27-2,0
data/trial/paragraph2sentence.trial.input.tsv,paragraph2sentence.trial-trial-p2s-28-1,paragraph2sentence.trial-trial-p2s-28-2,0.375
data/trial/paragraph2sentence.trial.input.tsv,paragraph2sentence.trial-trial-p2s-29-1,paragraph2sentence.trial-trial-p2s-29-2,3.5
data/trial/paragraph2sentence.trial.input.tsv,paragraph2sentence.trial-trial-p2s-30-1,paragraph2sentence.trial-trial-p2s-30-2,0
data/trial/paragraph2sentence.trial.input.tsv,paragraph2sentence.trial-trial-p2s-31-1,paragraph2sentence.trial-trial-p2s-31-2,2.75
data/trial/paragraph2sentence.trial.input.tsv,paragraph2sentence.trial-trial-p2s-32-1,paragraph2sentence.trial-trial-p2s-32-2,0.75
data/trial/paragraph2sentence.trial.input.tsv,paragraph2sentence.trial-trial-p2s-33-1,paragraph2sentence.trial-trial-p2s-33-2,1.625
data/trial/paragraph2sentence.trial.input.tsv,paragraph2sentence.trial-trial-p2s-34-1,paragraph2sentence.trial-trial-p2s-34-2,3.5
data/training/sentence2phrase.train.input.tsv,sentence2phrase.train-Travel-1-1,sentence2phrase.train-Travel-1-2,3.25
data/training/sentence2phrase.train.input.tsv,sentence2phrase.train-Travel-2-1,sentence2phrase.train-Travel-2-2,2.50
data/training/sentence2phrase.train.input.tsv,sentence2phrase.train-Travel-3-1,sentence2phrase.train-Travel-3-2,2.42
data/training/sentence2phrase.train.input.tsv,sentence2phrase.train-Travel-4-1,sentence2phrase.train-Travel-4-2,0.67
data/training/sentence2phrase.train.input.tsv,sentence2phrase.train-Travel-5-1,sentence2phrase.train-Travel-5-2,4.00
data/training/sentence2phrase.train.input.tsv,sentence2phrase.train-Travel-6-1,sentence2phrase.train-Travel-6-2,3.33
data/training/sentence2phrase.train.input.tsv,sentence2phrase.train-Travel-7-1,sentence2phrase.train-Travel-7-2,2.92
data/training/sentence2phrase.train.input.tsv,sentence2phrase.train-Travel-8-1,sentence2phrase.train-Travel-8-2,1.50
data/training/sentence2phrase.train.input.tsv,sentence2phrase.train-Travel-9-1,sentence2phrase.train-Travel-9-2,0.00
data/training/sentence2phrase.train.input.tsv,sentence2phrase.train-Travel-10-1,sentence2phrase.train-Travel-10-2,2.50
data/training/sentence2phrase.train.input.tsv,sentence2phrase.train-Travel-11-1,sentence2phrase.train-Travel-11-2,2.50
data/training/sentence2phrase.train.input.tsv,sentence2phrase.train-Travel-12-1,sentence2phrase.train-Travel-12-2,0.00
data/training/sentence2phrase.train.input.tsv,sentence2phrase.train-Travel-13-1,sentence2phrase.train-Travel-13-2,3.17
data/training/sentence2phrase.train.input.tsv,sentence2phrase.train-Travel-14-1,sentence2phrase.train-Travel-14-2,2.50
data/training/sentence2phrase.train.input.tsv,sentence2phrase.train-Travel-15-1,sentence2phrase.train-Travel-15-2,2.33
data/training/sentence2phrase.train.input.tsv,sentence2phrase.train-Travel-16-1,sentence2phrase.train-Travel-16-2,3.58
data/training/sentence2phrase.train.input.tsv,sentence2phrase.train-Travel-17-1,sentence2phrase.train-Travel-17-2,0.00
data/training/sentence2phrase.train.input.tsv,sentence2phrase.train-Travel-18-1,sentence2phrase.train-Travel-18-2,3.00
data/training/sentence2phrase.train.input.tsv,sentence2phrase.train-Travel-19-1,sentence2phrase.train-Travel-19-2,2.50
data/training/sentence2phrase.train.input.tsv,sentence2phrase.train-Travel-20-1,sentence2phrase.train-Travel-20-2,2.17
data/training/sentence2phrase.train.input.tsv,sentence2phrase.train-Travel-21-1,sentence2phrase.train-Travel-21-2,3.08
data/training/sentence2phrase.train.input.tsv,sentence2phrase.train-Travel-22-1,sentence2phrase.train-Travel-22-2,3.00
data/training/sentence2phrase.train.input.tsv,sentence2phrase.train-Travel-23-1,sentence2phrase.train-Travel-23-2,2.33
data/training/sentence2phrase.train.input.tsv,sentence2phrase.train-Travel-24-1,sentence2phrase.train-Travel-24-2,2.33
data/training/sentence2phrase.train.input.tsv,sentence2phrase.train-Travel-25-1,sentence2phrase.train-Travel-25-2,2.50
data/training/sentence2phrase.train.input.tsv,sentence2phrase.train-Travel-26-1,sentence2phrase.train-Travel-26-2,0.33
data/training/sentence2phrase.train.input.tsv,sentence2phrase.train-Travel-27-1,sentence2phrase.train-Travel-27-2,0.00
data/training/sentence2phrase.train.input.tsv,sentence2phrase.train-Travel-28-1,sentence2phrase.train-Travel-28-2,2.67
data/training/sentence2phrase.train.input.tsv,sentence2phrase.train-Travel-29-1,sentence2phrase.train-Travel-29-2,2.33
data/training/sentence2phrase.train.input.tsv,sentence2phrase.train-Travel-30-1,sentence2phrase.train-Travel-30-2,3.00
data/training/sentence2phrase.train.input.tsv,sentence2phrase.train-Travel-31-1,sentence2phrase.train-Travel-31-2,2.33
data/training/sentence2phrase.train.input.tsv,sentence2phrase.train-Travel-32-1,sentence2phrase.train-Travel-32-2,1.67
data/training/sentence2phrase.train.input.tsv,sentence2phrase.train-Travel-33-1,sentence2phrase.train-Travel-33-2,3.25
data/training/sentence2phrase.train.input.tsv,sentence2phrase.train-Travel-34-1,sentence2phrase.train-Travel-34-2,1.00
data/training/sentence2phrase.train.input.tsv,sentence2phrase.train-Travel-35-1,sentence2phrase.train-Travel-35-2,2.50
data/training/sentence2phrase.train.input.tsv,sentence2phrase.train-Travel-36-1,sentence2phrase.train-Travel-36-2,0.33
data/training/sentence2phrase.train.input.tsv,sentence2phrase.train-Travel-37-1,sentence2phrase.train-Travel-37-2,3.17
data/training/sentence2phrase.train.input.tsv,sentence2phrase.train-Travel-38-1,sentence2phrase.train-Travel-38-2,3.83
data/training/sentence2phrase.train.input.tsv,sentence2phrase.train-Travel-39-1,sentence2phrase.train-Travel-39-2,0.00
data/training/sentence2phrase.train.input.tsv,sentence2phrase.train-Travel-40-1,sentence2phrase.train-Travel-40-2,0.50
data/training/sentence2phrase.train.input.tsv,sentence2phrase.train-Travel-41-1,sentence2phrase.train-Travel-41-2,0.00
data/training/sentence2phrase.train.input.tsv,sentence2phrase.train-Travel-42-1,sentence2phrase.train-Travel-42-2,2.00
data/training/sentence2phrase.train.input.tsv,sentence2phrase.train-Travel-43-1,sentence2phrase.train-Travel-43-2,3.25
data/training/sentence2phrase.train.input.tsv,sentence2phrase.train-Travel-44-1,sentence2phrase.train-Travel-44-2,3.33
data/training/sentence2phrase.train.input.tsv,sentence2phrase.train-Travel-45-1,sentence2phrase.train-Travel-45-2,0.00
data/training/sentence2phrase.train.input.tsv,sentence2phrase.train-Travel-46-1,sentence2phrase.train-Travel-46-2,4.00
data/training/sentence2phrase.train.input.tsv,sentence2phrase.train-Travel-47-1,sentence2phrase.train-Travel-47-2,2.50
data/training/sentence2phrase.train.input.tsv,sentence2phrase.train-Travel-48-1,sentence2phrase.train-Travel-48-2,3.33
data/training/sentence2phrase.train.input.tsv,sentence2phrase.train-Travel-49-1,sentence2phrase.train-Travel-49-2,1.00
data/training/sentence2phrase.train.input.tsv,sentence2phrase.train-Travel-50-1,sentence2phrase.train-Travel-50-2,2.88
data/training/sentence2phrase.train.input.tsv,sentence2phrase.train-Travel-51-1,sentence2phrase.train-Travel-51-2,2.00
data/training/sentence2phrase.train.input.tsv,sentence2phrase.train-Travel-52-1,sentence2phrase.train-Travel-52-2,2.42
data/training/sentence2phrase.train.input.tsv,sentence2phrase.train-Travel-53-1,sentence2phrase.train-Travel-53-2,0.50
data/training/sentence2phrase.train.input.tsv,sentence2phrase.train-Travel-54-1,sentence2phrase.train-Travel-54-2,2.50
data/training/sentence2phrase.train.input.tsv,sentence2phrase.train-Travel-55-1,sentence2phrase.train-Travel-55-2,1.58
data/training/sentence2phrase.train.input.tsv,sentence2phrase.train-Travel-56-1,sentence2phrase.train-Travel-56-2,1.00
data/training/sentence2phrase.train.input.tsv,sentence2phrase.train-Travel-57-1,sentence2phrase.train-Travel-57-2,0.00
data/training/sentence2phrase.train.input.tsv,sentence2phrase.train-Travel-58-1,sentence2phrase.train-Travel-58-2,3.33
data/training/sentence2phrase.train.input.tsv,sentence2phrase.train-Travel-59-1,sentence2phrase.train-Travel-59-2,1.00
data/training/sentence2phrase.train.input.tsv,sentence2phrase.train-Travel-60-1,sentence2phrase.train-Travel-60-2,2.08
data/training/sentence2phrase.train.input.tsv,sentence2phrase.train-Travel-61-1,sentence2phrase.train-Travel-61-2,0.83
data/training/sentence2phrase.train.input.tsv,sentence2phrase.train-Travel-62-1,sentence2phrase.train-Travel-62-2,3.58
data/training/sentence2phrase.train.input.tsv,sentence2phrase.train-Travel-63-1,sentence2phrase.train-Travel-63-2,0.00
data/training/sentence2phrase.train.input.tsv,sentence2phrase.train-Travel-64-1,sentence2phrase.train-Travel-64-2,0.00
data/training/sentence2phrase.train.input.tsv,sentence2phrase.train-Travel-65-1,sentence2phrase.train-Travel-65-2,0.00
data/training/sentence2phrase.train.input.tsv,sentence2phrase.train-Travel-66-1,sentence2phrase.train-Travel-66-2,0.00
data/training/sentence2phrase.train.input.tsv,sentence2phrase.train-Travel-67-1,sentence2phrase.train-Travel-67-2,2.25
data/training/sentence2phrase.train.input.tsv,sentence2phrase.train-Travel-68-1,sentence2phrase.train-Travel-68-2,0.00
data/training/sentence2phrase.train.input.tsv,sentence2phrase.train-Travel-69-1,sentence2phrase.train-Travel-69-2,2.75
data/training/sentence2phrase.train.input.tsv,sentence2phrase.train-Travel-70-1,sentence2phrase.train-Travel-70-2,2.83
data/training/sentence2phrase.train.input.tsv,sentence2phrase.train-Travel-71-1,sentence2phrase.train-Travel-71-2,2.25
data/training/sentence2phrase.train.input.tsv,sentence2phrase.train-Travel-72-1,sentence2phrase.train-Travel-72-2,2.50
data/training/sentence2phrase.train.input.tsv,sentence2phrase.train-Travel-73-1,sentence2phrase.train-Travel-73-2,2.17
data/training/sentence2phrase.train.input.tsv,sentence2phrase.train-Travel-74-1,sentence2phrase.train-Travel-74-2,0.67
data/training/sentence2phrase.train.input.tsv,sentence2phrase.train-Travel-75-1,sentence2phrase.train-Travel-75-2,1.00
data/training/sentence2phrase.train.input.tsv,sentence2phrase.train-Idiomatic-76-1,sentence2phrase.train-Idiomatic-76-2,0.00
data/training/sentence2phrase.train.input.tsv,sentence2phrase.train-Idiomatic-77-1,sentence2phrase.train-Idiomatic-77-2,3.00
data/training/sentence2phrase.train.input.tsv,sentence2phrase.train-Idiomatic-78-1,sentence2phrase.train-Idiomatic-78-2,3.50
data/training/sentence2phrase.train.input.tsv,sentence2phrase.train-Idiomatic-79-1,sentence2phrase.train-Idiomatic-79-2,0.50
data/training/sentence2phrase.train.input.tsv,sentence2phrase.train-Idiomatic-80-1,sentence2phrase.train-Idiomatic-80-2,3.00
data/training/sentence2phrase.train.input.tsv,sentence2phrase.train-Idiomatic-81-1,sentence2phrase.train-Idiomatic-81-2,1.00
data/training/sentence2phrase.train.input.tsv,sentence2phrase.train-Idiomatic-82-1,sentence2phrase.train-Idiomatic-82-2,4.00
data/training/sentence2phrase.train.input.tsv,sentence2phrase.train-Idiomatic-83-1,sentence2phrase.train-Idiomatic-83-2,3.50
data/training/sentence2phrase.train.input.tsv,sentence2phrase.train-Idiomatic-84-1,sentence2phrase.train-Idiomatic-84-2,1.25
data/training/sentence2phrase.train.input.tsv,sentence2phrase.train-Idiomatic-85-1,sentence2phrase.train-Idiomatic-85-2,4.00
data/training/sentence2phrase.train.input.tsv,sentence2phrase.train-Idiomatic-86-1,sentence2phrase.train-Idiomatic-86-2,3.00
data/training/sentence2phrase.train.input.tsv,sentence2phrase.train-Idiomatic-87-1,sentence2phrase.train-Idiomatic-87-2,4.00
data/training/sentence2phrase.train.input.tsv,sentence2phrase.train-Idiomatic-88-1,sentence2phrase.train-Idiomatic-88-2,4.00
data/training/sentence2phrase.train.input.tsv,sentence2phrase.train-Idiomatic-89-1,sentence2phrase.train-Idiomatic-89-2,3.75
data/training/sentence2phrase.train.input.tsv,sentence2phrase.train-Idiomatic-90-1,sentence2phrase.train-Idiomatic-90-2,1.83
data/training/sentence2phrase.train.input.tsv,sentence2phrase.train-Idiomatic-91-1,sentence2phrase.train-Idiomatic-91-2,4.00
data/training/sentence2phrase.train.input.tsv,sentence2phrase.train-Idiomatic-92-1,sentence2phrase.train-Idiomatic-92-2,3.00
data/training/sentence2phrase.train.input.tsv,sentence2phrase.train-Idiomatic-93-1,sentence2phrase.train-Idiomatic-93-2,4.00
data/training/sentence2phrase.train.input.tsv,sentence2phrase.train-Idiomatic-94-1,sentence2phrase.train-Idiomatic-94-2,4.00
data/training/sentence2phrase.train.input.tsv,sentence2phrase.train-Idiomatic-95-1,sentence2phrase.train-Idiomatic-95-2,2.00
data/training/sentence2phrase.train.input.tsv,sentence2phrase.train-Idiomatic-96-1,sentence2phrase.train-Idiomatic-96-2,4.00
data/training/sentence2phrase.train.input.tsv,sentence2phrase.train-Idiomatic-97-1,sentence2phrase.train-Idiomatic-97-2,1.50
data/training/sentence2phrase.train.input.tsv,sentence2phrase.train-Idiomatic-98-1,sentence2phrase.train-Idiomatic-98-2,4.00
data/training/sentence2phrase.train.input.tsv,sentence2phrase.train-Idiomatic-99-1,sentence2phrase.train-Idiomatic-99-2,1.50
data/training/sentence2phrase.train.input.tsv,sentence2phrase.train-Idiomatic-100-1,sentence2phrase.train-Idiomatic-100-2,2.50
data/training/sentence2phrase.train.input.tsv,sentence2phrase.train-Idiomatic-101-1,sentence2phrase.train-Idiomatic-101-2,3.50
data/training/sentence2phrase.train.input.tsv,sentence2phrase.train-Idiomatic-102-1,sentence2phrase.train-Idiomatic-102-2,3.63
data/training/sentence2phrase.train.input.tsv,sentence2phrase.train-Idiomatic-103-1,sentence2phrase.train-Idiomatic-103-2,2.50
data/training/sentence2phrase.train.input.tsv,sentence2phrase.train-Idiomatic-104-1,sentence2phrase.train-Idiomatic-104-2,3.50
data/training/sentence2phrase.train.input.tsv,sentence2phrase.train-Idiomatic-105-1,sentence2phrase.train-Idiomatic-105-2,0.00
data/training/sentence2phrase.train.input.tsv,sentence2phrase.train-Idiomatic-106-1,sentence2phrase.train-Idiomatic-106-2,0.00
data/training/sentence2phrase.train.input.tsv,sentence2phrase.train-Idiomatic-107-1,sentence2phrase.train-Idiomatic-107-2,2.00
data/training/sentence2phrase.train.input.tsv,sentence2phrase.train-Idiomatic-108-1,sentence2phrase.train-Idiomatic-108-2,3.25
data/training/sentence2phrase.train.input.tsv,sentence2phrase.train-Idiomatic-109-1,sentence2phrase.train-Idiomatic-109-2,0.25
data/training/sentence2phrase.train.input.tsv,sentence2phrase.train-Idiomatic-110-1,sentence2phrase.train-Idiomatic-110-2,2.50
data/training/sentence2phrase.train.input.tsv,sentence2phrase.train-Idiomatic-111-1,sentence2phrase.train-Idiomatic-111-2,0.00
data/training/sentence2phrase.train.input.tsv,sentence2phrase.train-Idiomatic-112-1,sentence2phrase.train-Idiomatic-112-2,4.00
data/training/sentence2phrase.train.input.tsv,sentence2phrase.train-Idiomatic-113-1,sentence2phrase.train-Idiomatic-113-2,3.50
data/training/sentence2phrase.train.input.tsv,sentence2phrase.train-Idiomatic-114-1,sentence2phrase.train-Idiomatic-114-2,3.63
data/training/sentence2phrase.train.input.tsv,sentence2phrase.train-Idiomatic-115-1,sentence2phrase.train-Idiomatic-115-2,1.00
data/training/sentence2phrase.train.input.tsv,sentence2phrase.train-Idiomatic-116-1,sentence2phrase.train-Idiomatic-116-2,3.00
data/training/sentence2phrase.train.input.tsv,sentence2phrase.train-Idiomatic-117-1,sentence2phrase.train-Idiomatic-117-2,0.00
data/training/sentence2phrase.train.input.tsv,sentence2phrase.train-Idiomatic-118-1,sentence2phrase.train-Idiomatic-118-2,0.00
data/training/sentence2phrase.train.input.tsv,sentence2phrase.train-Idiomatic-119-1,sentence2phrase.train-Idiomatic-119-2,3.50
data/training/sentence2phrase.train.input.tsv,sentence2phrase.train-Idiomatic-120-1,sentence2phrase.train-Idiomatic-120-2,2.25
data/training/sentence2phrase.train.input.tsv,sentence2phrase.train-Idiomatic-121-1,sentence2phrase.train-Idiomatic-121-2,0.00
data/training/sentence2phrase.train.input.tsv,sentence2phrase.train-Idiomatic-122-1,sentence2phrase.train-Idiomatic-122-2,0.50
data/training/sentence2phrase.train.input.tsv,sentence2phrase.train-Idiomatic-123-1,sentence2phrase.train-Idiomatic-123-2,0.00
data/training/sentence2phrase.train.input.tsv,sentence2phrase.train-Idiomatic-124-1,sentence2phrase.train-Idiomatic-124-2,3.00
data/training/sentence2phrase.train.input.tsv,sentence2phrase.train-Idiomatic-125-1,sentence2phrase.train-Idiomatic-125-2,3.33
data/training/sentence2phrase.train.input.tsv,sentence2phrase.train-Idiomatic-126-1,sentence2phrase.train-Idiomatic-126-2,1.00
data/training/sentence2phrase.train.input.tsv,sentence2phrase.train-Idiomatic-127-1,sentence2phrase.train-Idiomatic-127-2,1.00
data/training/sentence2phrase.train.input.tsv,sentence2phrase.train-Idiomatic-128-1,sentence2phrase.train-Idiomatic-128-2,4.00
data/training/sentence2phrase.train.input.tsv,sentence2phrase.train-Idiomatic-129-1,sentence2phrase.train-Idiomatic-129-2,2.17
data/training/sentence2phrase.train.input.tsv,sentence2phrase.train-Idiomatic-130-1,sentence2phrase.train-Idiomatic-130-2,3.50
data/training/sentence2phrase.train.input.tsv,sentence2phrase.train-Idiomatic-131-1,sentence2phrase.train-Idiomatic-131-2,1.00
data/training/sentence2phrase.train.input.tsv,sentence2phrase.train-Idiomatic-132-1,sentence2phrase.train-Idiomatic-132-2,3.00
data/training/sentence2phrase.train.input.tsv,sentence2phrase.train-Idiomatic-133-1,sentence2phrase.train-Idiomatic-133-2,0.00
data/training/sentence2phrase.train.input.tsv,sentence2phrase.train-Idiomatic-134-1,sentence2phrase.train-Idiomatic-134-2,0.00
data/training/sentence2phrase.train.input.tsv,sentence2phrase.train-Idiomatic-135-1,sentence2phrase.train-Idiomatic-135-2,0.00
data/training/sentence2phrase.train.input.tsv,sentence2phrase.train-Idiomatic-136-1,sentence2phrase.train-Idiomatic-136-2,4.00
data/training/sentence2phrase.train.input.tsv,sentence2phrase.train-Idiomatic-137-1,sentence2phrase.train-Idiomatic-137-2,0.50
data/training/sentence2phrase.train.input.tsv,sentence2phrase.train-Idiomatic-138-1,sentence2phrase.train-Idiomatic-138-2,2.00
data/training/sentence2phrase.train.input.tsv,sentence2phrase.train-Idiomatic-139-1,sentence2phrase.train-Idiomatic-139-2,2.00
data/training/sentence2phrase.train.input.tsv,sentence2phrase.train-CQA-140-1,sentence2phrase.train-CQA-140-2,2.50
data/training/sentence2phrase.train.input.tsv,sentence2phrase.train-CQA-141-1,sentence2phrase.train-CQA-141-2,3.00
data/training/sentence2phrase.train.input.tsv,sentence2phrase.train-CQA-142-1,sentence2phrase.train-CQA-142-2,3.33
data/training/sentence2phrase.train.input.tsv,sentence2phrase.train-CQA-143-1,sentence2phrase.train-CQA-143-2,1.00
data/training/sentence2phrase.train.input.tsv,sentence2phrase.train-CQA-144-1,sentence2phrase.train-CQA-144-2,1.75
data/training/sentence2phrase.train.input.tsv,sentence2phrase.train-CQA-145-1,sentence2phrase.train-CQA-145-2,3.50
data/training/sentence2phrase.train.input.tsv,sentence2phrase.train-CQA-146-1,sentence2phrase.train-CQA-146-2,3.50
data/training/sentence2phrase.train.input.tsv,sentence2phrase.train-CQA-147-1,sentence2phrase.train-CQA-147-2,2.67
data/training/sentence2phrase.train.input.tsv,sentence2phrase.train-CQA-148-1,sentence2phrase.train-CQA-148-2,2.33
data/training/sentence2phrase.train.input.tsv,sentence2phrase.train-CQA-149-1,sentence2phrase.train-CQA-149-2,3.33
data/training/sentence2phrase.train.input.tsv,sentence2phrase.train-CQA-150-1,sentence2phrase.train-CQA-150-2,2.33
data/training/sentence2phrase.train.input.tsv,sentence2phrase.train-CQA-151-1,sentence2phrase.train-CQA-151-2,0.00
data/training/sentence2phrase.train.input.tsv,sentence2phrase.train-CQA-152-1,sentence2phrase.train-CQA-152-2,3.50
data/training/sentence2phrase.train.input.tsv,sentence2phrase.train-CQA-153-1,sentence2phrase.train-CQA-153-2,4.00
data/training/sentence2phrase.train.input.tsv,sentence2phrase.train-CQA-154-1,sentence2phrase.train-CQA-154-2,0.67
data/training/sentence2phrase.train.input.tsv,sentence2phrase.train-CQA-155-1,sentence2phrase.train-CQA-155-2,0.00
data/training/sentence2phrase.train.input.tsv,sentence2phrase.train-CQA-156-1,sentence2phrase.train-CQA-156-2,3.00
data/training/sentence2phrase.train.input.tsv,sentence2phrase.train-CQA-157-1,sentence2phrase.train-CQA-157-2,4.00
data/training/sentence2phrase.train.input.tsv,sentence2phrase.train-CQA-158-1,sentence2phrase.train-CQA-158-2,3.83
data/training/sentence2phrase.train.input.tsv,sentence2phrase.train-CQA-159-1,sentence2phrase.train-CQA-159-2,0.00
data/training/sentence2phrase.train.input.tsv,sentence2phrase.train-CQA-160-1,sentence2phrase.train-CQA-160-2,1.00
data/training/sentence2phrase.train.input.tsv,sentence2phrase.train-CQA-161-1,sentence2phrase.train-CQA-161-2,2.00
data/training/sentence2phrase.train.input.tsv,sentence2phrase.train-CQA-162-1,sentence2phrase.train-CQA-162-2,0.00
data/training/sentence2phrase.train.input.tsv,sentence2phrase.train-CQA-163-1,sentence2phrase.train-CQA-163-2,3.83
data/training/sentence2phrase.train.input.tsv,sentence2phrase.train-CQA-164-1,sentence2phrase.train-CQA-164-2,2.00
data/training/sentence2phrase.train.input.tsv,sentence2phrase.train-CQA-165-1,sentence2phrase.train-CQA-165-2,0.00
data/training/sentence2phrase.train.input.tsv,sentence2phrase.train-CQA-166-1,sentence2phrase.train-CQA-166-2,0.00
data/training/sentence2phrase.train.input.tsv,sentence2phrase.train-CQA-167-1,sentence2phrase.train-CQA-167-2,2.50
data/training/sentence2phrase.train.input.tsv,sentence2phrase.train-CQA-168-1,sentence2phrase.train-CQA-168-2,3.00
data/training/sentence2phrase.train.input.tsv,sentence2phrase.train-CQA-169-1,sentence2phrase.train-CQA-169-2,1.17
data/training/sentence2phrase.train.input.tsv,sentence2phrase.train-CQA-170-1,sentence2phrase.train-CQA-170-2,3.83
data/training/sentence2phrase.train.input.tsv,sentence2phrase.train-CQA-171-1,sentence2phrase.train-CQA-171-2,3.83
data/training/sentence2phrase.train.input.tsv,sentence2phrase.train-CQA-172-1,sentence2phrase.train-CQA-172-2,2.75
data/training/sentence2phrase.train.input.tsv,sentence2phrase.train-CQA-173-1,sentence2phrase.train-CQA-173-2,2.00
data/training/sentence2phrase.train.input.tsv,sentence2phrase.train-CQA-174-1,sentence2phrase.train-CQA-174-2,3.83
data/training/sentence2phrase.train.input.tsv,sentence2phrase.train-CQA-175-1,sentence2phrase.train-CQA-175-2,4.00
data/training/sentence2phrase.train.input.tsv,sentence2phrase.train-CQA-176-1,sentence2phrase.train-CQA-176-2,2.50
data/training/sentence2phrase.train.input.tsv,sentence2phrase.train-CQA-177-1,sentence2phrase.train-CQA-177-2,3.33
data/training/sentence2phrase.train.input.tsv,sentence2phrase.train-CQA-178-1,sentence2phrase.train-CQA-178-2,0.00
data/training/sentence2phrase.train.input.tsv,sentence2phrase.train-CQA-179-1,sentence2phrase.train-CQA-179-2,3.50
data/training/sentence2phrase.train.input.tsv,sentence2phrase.train-CQA-180-1,sentence2phrase.train-CQA-180-2,0.50
data/training/sentence2phrase.train.input.tsv,sentence2phrase.train-CQA-181-1,sentence2phrase.train-CQA-181-2,1.67
data/training/sentence2phrase.train.input.tsv,sentence2phrase.train-CQA-182-1,sentence2phrase.train-CQA-182-2,3.00
data/training/sentence2phrase.train.input.tsv,sentence2phrase.train-CQA-183-1,sentence2phrase.train-CQA-183-2,1.83
data/training/sentence2phrase.train.input.tsv,sentence2phrase.train-CQA-184-1,sentence2phrase.train-CQA-184-2,0.00
data/training/sentence2phrase.train.input.tsv,sentence2phrase.train-CQA-185-1,sentence2phrase.train-CQA-185-2,1.33
data/training/sentence2phrase.train.input.tsv,sentence2phrase.train-CQA-186-1,sentence2phrase.train-CQA-186-2,0.00
data/training/sentence2phrase.train.input.tsv,sentence2phrase.train-CQA-187-1,sentence2phrase.train-CQA-187-2,3.67
data/training/sentence2phrase.train.input.tsv,sentence2phrase.train-CQA-188-1,sentence2phrase.train-CQA-188-2,2.92
data/training/sentence2phrase.train.input.tsv,sentence2phrase.train-CQA-189-1,sentence2phrase.train-CQA-189-2,2.00
data/training/sentence2phrase.train.input.tsv,sentence2phrase.train-CQA-190-1,sentence2phrase.train-CQA-190-2,4.00
data/training/sentence2phrase.train.input.tsv,sentence2phrase.train-CQA-191-1,sentence2phrase.train-CQA-191-2,1.00
data/training/sentence2phrase.train.input.tsv,sentence2phrase.train-CQA-192-1,sentence2phrase.train-CQA-192-2,0.00
data/training/sentence2phrase.train.input.tsv,sentence2phrase.train-CQA-193-1,sentence2phrase.train-CQA-193-2,0.00
data/training/sentence2phrase.train.input.tsv,sentence2phrase.train-CQA-194-1,sentence2phrase.train-CQA-194-2,3.92
data/training/sentence2phrase.train.input.tsv,sentence2phrase.train-CQA-195-1,sentence2phrase.train-CQA-195-2,3.50
data/training/sentence2phrase.train.input.tsv,sentence2phrase.train-CQA-196-1,sentence2phrase.train-CQA-196-2,0.00
data/training/sentence2phrase.train.input.tsv,sentence2phrase.train-CQA-197-1,sentence2phrase.train-CQA-197-2,3.17
data/training/sentence2phrase.train.input.tsv,sentence2phrase.train-CQA-198-1,sentence2phrase.train-CQA-198-2,0.33
data/training/sentence2phrase.train.input.tsv,sentence2phrase.train-CQA-199-1,sentence2phrase.train-CQA-199-2,3.00
data/training/sentence2phrase.train.input.tsv,sentence2phrase.train-CQA-200-1,sentence2phrase.train-CQA-200-2,3.08
data/training/sentence2phrase.train.input.tsv,sentence2phrase.train-CQA-201-1,sentence2phrase.train-CQA-201-2,2.00
data/training/sentence2phrase.train.input.tsv,sentence2phrase.train-CQA-202-1,sentence2phrase.train-CQA-202-2,0.50
data/training/sentence2phrase.train.input.tsv,sentence2phrase.train-CQA-203-1,sentence2phrase.train-CQA-203-2,3.83
data/training/sentence2phrase.train.input.tsv,sentence2phrase.train-CQA-204-1,sentence2phrase.train-CQA-204-2,3.50
data/training/sentence2phrase.train.input.tsv,sentence2phrase.train-CQA-205-1,sentence2phrase.train-CQA-205-2,0.38
data/training/sentence2phrase.train.input.tsv,sentence2phrase.train-CQA-206-1,sentence2phrase.train-CQA-206-2,3.25
data/training/sentence2phrase.train.input.tsv,sentence2phrase.train-CQA-207-1,sentence2phrase.train-CQA-207-2,0.00
data/training/sentence2phrase.train.input.tsv,sentence2phrase.train-CQA-208-1,sentence2phrase.train-CQA-208-2,2.25
data/training/sentence2phrase.train.input.tsv,sentence2phrase.train-CQA-209-1,sentence2phrase.train-CQA-209-2,0.00
data/training/sentence2phrase.train.input.tsv,sentence2phrase.train-CQA-210-1,sentence2phrase.train-CQA-210-2,2.75
data/training/sentence2phrase.train.input.tsv,sentence2phrase.train-CQA-211-1,sentence2phrase.train-CQA-211-2,0.00
data/training/sentence2phrase.train.input.tsv,sentence2phrase.train-CQA-212-1,sentence2phrase.train-CQA-212-2,3.00
data/training/sentence2phrase.train.input.tsv,sentence2phrase.train-CQA-213-1,sentence2phrase.train-CQA-213-2,2.33
data/training/sentence2phrase.train.input.tsv,sentence2phrase.train-CQA-214-1,sentence2phrase.train-CQA-214-2,0.33
data/training/sentence2phrase.train.input.tsv,sentence2phrase.train-CQA-215-1,sentence2phrase.train-CQA-215-2,1.00
data/training/sentence2phrase.train.input.tsv,sentence2phrase.train-CQA-216-1,sentence2phrase.train-CQA-216-2,1.50
data/training/sentence2phrase.train.input.tsv,sentence2phrase.train-CQA-217-1,sentence2phrase.train-CQA-217-2,4.00
data/training/sentence2phrase.train.input.tsv,sentence2phrase.train-CQA-218-1,sentence2phrase.train-CQA-218-2,0.00
data/training/sentence2phrase.train.input.tsv,sentence2phrase.train-CQA-219-1,sentence2phrase.train-CQA-219-2,2.25
data/training/sentence2phrase.train.input.tsv,sentence2phrase.train-CQA-220-1,sentence2phrase.train-CQA-220-2,3.50
data/training/sentence2phrase.train.input.tsv,sentence2phrase.train-CQA-221-1,sentence2phrase.train-CQA-221-2,2.83
data/training/sentence2phrase.train.input.tsv,sentence2phrase.train-CQA-222-1,sentence2phrase.train-CQA-222-2,2.50
data/training/sentence2phrase.train.input.tsv,sentence2phrase.train-CQA-223-1,sentence2phrase.train-CQA-223-2,4.00
data/training/sentence2phrase.train.input.tsv,sentence2phrase.train-CQA-224-1,sentence2phrase.train-CQA-224-2,3.17
data/training/sentence2phrase.train.input.tsv,sentence2phrase.train-CQA-225-1,sentence2phrase.train-CQA-225-2,3.92
data/training/sentence2phrase.train.input.tsv,sentence2phrase.train-CQA-226-1,sentence2phrase.train-CQA-226-2,2.17
data/training/sentence2phrase.train.input.tsv,sentence2phrase.train-CQA-227-1,sentence2phrase.train-CQA-227-2,2.33
data/training/sentence2phrase.train.input.tsv,sentence2phrase.train-Newswire-228-1,sentence2phrase.train-Newswire-228-2,2.50
data/training/sentence2phrase.train.input.tsv,sentence2phrase.train-Newswire-229-1,sentence2phrase.train-Newswire-229-2,3.67
data/training/sentence2phrase.train.input.tsv,sentence2phrase.train-Newswire-230-1,sentence2phrase.train-Newswire-230-2,0.25
data/training/sentence2phrase.train.input.tsv,sentence2phrase.train-Newswire-231-1,sentence2phrase.train-Newswire-231-2,0.00
data/training/sentence2phrase.train.input.tsv,sentence2phrase.train-Newswire-232-1,sentence2phrase.train-Newswire-232-2,1.50
data/training/sentence2phrase.train.input.tsv,sentence2phrase.train-Newswire-233-1,sentence2phrase.train-Newswire-233-2,0.67
data/training/sentence2phrase.train.input.tsv,sentence2phrase.train-Newswire-234-1,sentence2phrase.train-Newswire-234-2,0.00
data/training/sentence2phrase.train.input.tsv,sentence2phrase.train-Newswire-235-1,sentence2phrase.train-Newswire-235-2,3.25
data/training/sentence2phrase.train.input.tsv,sentence2phrase.train-Newswire-236-1,sentence2phrase.train-Newswire-236-2,3.83
data/training/sentence2phrase.train.input.tsv,sentence2phrase.train-Newswire-237-1,sentence2phrase.train-Newswire-237-2,0.00
data/training/sentence2phrase.train.input.tsv,sentence2phrase.train-Newswire-238-1,sentence2phrase.train-Newswire-238-2,2.17
data/training/sentence2phrase.train.input.tsv,sentence2phrase.train-Newswire-239-1,sentence2phrase.train-Newswire-239-2,1.67
data/training/sentence2phrase.train.input.tsv,sentence2phrase.train-Newswire-240-1,sentence2phrase.train-Newswire-240-2,3.83
data/training/sentence2phrase.train.input.tsv,sentence2phrase.train-Newswire-241-1,sentence2phrase.train-Newswire-241-2,2.75
data/training/sentence2phrase.train.input.tsv,sentence2phrase.train-Newswire-242-1,sentence2phrase.train-Newswire-242-2,0.33
data/training/sentence2phrase.train.input.tsv,sentence2phrase.train-Newswire-243-1,sentence2phrase.train-Newswire-243-2,0.33
data/training/sentence2phrase.train.input.tsv,sentence2phrase.train-Newswire-244-1,sentence2phrase.train-Newswire-244-2,0.33
data/training/sentence2phrase.train.input.tsv,sentence2phrase.train-Newswire-245-1,sentence2phrase.train-Newswire-245-2,3.83
data/training/sentence2phrase.train.input.tsv,sentence2phrase.train-Newswire-246-1,sentence2phrase.train-Newswire-246-2,3.17
data/training/sentence2phrase.train.input.tsv,sentence2phrase.train-Newswire-247-1,sentence2phrase.train-Newswire-247-2,2.50
data/training/sentence2phrase.train.input.tsv,sentence2phrase.train-Newswire-248-1,sentence2phrase.train-Newswire-248-2,2.50
data/training/sentence2phrase.train.input.tsv,sentence2phrase.train-Newswire-249-1,sentence2phrase.train-Newswire-249-2,3.83
data/training/sentence2phrase.train.input.tsv,sentence2phrase.train-Newswire-250-1,sentence2phrase.train-Newswire-250-2,3.83
data/training/sentence2phrase.train.input.tsv,sentence2phrase.train-Newswire-251-1,sentence2phrase.train-Newswire-251-2,3.83
data/training/sentence2phrase.train.input.tsv,sentence2phrase.train-Newswire-252-1,sentence2phrase.train-Newswire-252-2,1.33
data/training/sentence2phrase.train.input.tsv,sentence2phrase.train-Newswire-253-1,sentence2phrase.train-Newswire-253-2,1.50
data/training/sentence2phrase.train.input.tsv,sentence2phrase.train-Newswire-254-1,sentence2phrase.train-Newswire-254-2,1.92
data/training/sentence2phrase.train.input.tsv,sentence2phrase.train-Newswire-255-1,sentence2phrase.train-Newswire-255-2,2.00
data/training/sentence2phrase.train.input.tsv,sentence2phrase.train-Newswire-256-1,sentence2phrase.train-Newswire-256-2,1.25
data/training/sentence2phrase.train.input.tsv,sentence2phrase.train-Newswire-257-1,sentence2phrase.train-Newswire-257-2,3.17
data/training/sentence2phrase.train.input.tsv,sentence2phrase.train-Newswire-258-1,sentence2phrase.train-Newswire-258-2,1.17
data/training/sentence2phrase.train.input.tsv,sentence2phrase.train-Newswire-259-1,sentence2phrase.train-Newswire-259-2,0.00
data/training/sentence2phrase.train.input.tsv,sentence2phrase.train-Newswire-260-1,sentence2phrase.train-Newswire-260-2,2.42
data/training/sentence2phrase.train.input.tsv,sentence2phrase.train-Newswire-261-1,sentence2phrase.train-Newswire-261-2,2.83
data/training/sentence2phrase.train.input.tsv,sentence2phrase.train-Newswire-262-1,sentence2phrase.train-Newswire-262-2,0.67
data/training/sentence2phrase.train.input.tsv,sentence2phrase.train-Newswire-263-1,sentence2phrase.train-Newswire-263-2,1.33
data/training/sentence2phrase.train.input.tsv,sentence2phrase.train-Newswire-264-1,sentence2phrase.train-Newswire-264-2,3.50
data/training/sentence2phrase.train.input.tsv,sentence2phrase.train-Newswire-265-1,sentence2phrase.train-Newswire-265-2,1.50
data/training/sentence2phrase.train.input.tsv,sentence2phrase.train-Newswire-266-1,sentence2phrase.train-Newswire-266-2,2.33
data/training/sentence2phrase.train.input.tsv,sentence2phrase.train-Newswire-267-1,sentence2phrase.train-Newswire-267-2,0.00
data/training/sentence2phrase.train.input.tsv,sentence2phrase.train-Newswire-268-1,sentence2phrase.train-Newswire-268-2,3.00
data/training/sentence2phrase.train.input.tsv,sentence2phrase.train-Newswire-269-1,sentence2phrase.train-Newswire-269-2,0.00
data/training/sentence2phrase.train.input.tsv,sentence2phrase.train-Newswire-270-1,sentence2phrase.train-Newswire-270-2,2.33
data/training/sentence2phrase.train.input.tsv,sentence2phrase.train-Newswire-271-1,sentence2phrase.train-Newswire-271-2,2.00
data/training/sentence2phrase.train.input.tsv,sentence2phrase.train-Newswire-272-1,sentence2phrase.train-Newswire-272-2,2.33
data/training/sentence2phrase.train.input.tsv,sentence2phrase.train-Newswire-273-1,sentence2phrase.train-Newswire-273-2,3.50
data/training/sentence2phrase.train.input.tsv,sentence2phrase.train-Newswire-274-1,sentence2phrase.train-Newswire-274-2,1.83
data/training/sentence2phrase.train.input.tsv,sentence2phrase.train-Newswire-275-1,sentence2phrase.train-Newswire-275-2,2.00
data/training/sentence2phrase.train.input.tsv,sentence2phrase.train-Newswire-276-1,sentence2phrase.train-Newswire-276-2,4.00
data/training/sentence2phrase.train.input.tsv,sentence2phrase.train-Newswire-277-1,sentence2phrase.train-Newswire-277-2,2.00
data/training/sentence2phrase.train.input.tsv,sentence2phrase.train-Newswire-278-1,sentence2phrase.train-Newswire-278-2,0.00
data/training/sentence2phrase.train.input.tsv,sentence2phrase.train-Newswire-279-1,sentence2phrase.train-Newswire-279-2,1.50
data/training/sentence2phrase.train.input.tsv,sentence2phrase.train-Newswire-280-1,sentence2phrase.train-Newswire-280-2,3.67
data/training/sentence2phrase.train.input.tsv,sentence2phrase.train-Newswire-281-1,sentence2phrase.train-Newswire-281-2,0.00
data/training/sentence2phrase.train.input.tsv,sentence2phrase.train-Newswire-282-1,sentence2phrase.train-Newswire-282-2,3.50
data/training/sentence2phrase.train.input.tsv,sentence2phrase.train-Newswire-283-1,sentence2phrase.train-Newswire-283-2,2.67
data/training/sentence2phrase.train.input.tsv,sentence2phrase.train-Newswire-284-1,sentence2phrase.train-Newswire-284-2,2.50
data/training/sentence2phrase.train.input.tsv,sentence2phrase.train-Newswire-285-1,sentence2phrase.train-Newswire-285-2,0.17
data/training/sentence2phrase.train.input.tsv,sentence2phrase.train-Newswire-286-1,sentence2phrase.train-Newswire-286-2,0.33
data/training/sentence2phrase.train.input.tsv,sentence2phrase.train-Newswire-287-1,sentence2phrase.train-Newswire-287-2,0.33
data/training/sentence2phrase.train.input.tsv,sentence2phrase.train-Newswire-288-1,sentence2phrase.train-Newswire-288-2,1.00
data/training/sentence2phrase.train.input.tsv,sentence2phrase.train-Newswire-289-1,sentence2phrase.train-Newswire-289-2,0.00
data/training/sentence2phrase.train.input.tsv,sentence2phrase.train-Newswire-290-1,sentence2phrase.train-Newswire-290-2,0.00
data/training/sentence2phrase.train.input.tsv,sentence2phrase.train-Newswire-291-1,sentence2phrase.train-Newswire-291-2,0.83
data/training/sentence2phrase.train.input.tsv,sentence2phrase.train-Newswire-292-1,sentence2phrase.train-Newswire-292-2,0.00
data/training/sentence2phrase.train.input.tsv,sentence2phrase.train-Newswire-293-1,sentence2phrase.train-Newswire-293-2,2.33
data/training/sentence2phrase.train.input.tsv,sentence2phrase.train-Newswire-294-1,sentence2phrase.train-Newswire-294-2,0.00
data/training/sentence2phrase.train.input.tsv,sentence2phrase.train-Newswire-295-1,sentence2phrase.train-Newswire-295-2,0.50
data/training/sentence2phrase.train.input.tsv,sentence2phrase.train-Newswire-296-1,sentence2phrase.train-Newswire-296-2,1.17
data/training/sentence2phrase.train.input.tsv,sentence2phrase.train-Newswire-297-1,sentence2phrase.train-Newswire-297-2,0.00
data/training/sentence2phrase.train.input.tsv,sentence2phrase.train-Newswire-298-1,sentence2phrase.train-Newswire-298-2,2.00
data/training/sentence2phrase.train.input.tsv,sentence2phrase.train-Newswire-299-1,sentence2phrase.train-Newswire-299-2,2.75
data/training/sentence2phrase.train.input.tsv,sentence2phrase.train-Newswire-300-1,sentence2phrase.train-Newswire-300-2,1.67
data/training/sentence2phrase.train.input.tsv,sentence2phrase.train-Newswire-301-1,sentence2phrase.train-Newswire-301-2,0.00
data/training/sentence2phrase.train.input.tsv,sentence2phrase.train-Newswire-302-1,sentence2phrase.train-Newswire-302-2,3.83
data/training/sentence2phrase.train.input.tsv,sentence2phrase.train-Newswire-303-1,sentence2phrase.train-Newswire-303-2,2.67
data/training/sentence2phrase.train.input.tsv,sentence2phrase.train-Newswire-304-1,sentence2phrase.train-Newswire-304-2,2.25
data/training/sentence2phrase.train.input.tsv,sentence2phrase.train-Newswire-305-1,sentence2phrase.train-Newswire-305-2,0.00
data/training/sentence2phrase.train.input.tsv,sentence2phrase.train-Newswire-306-1,sentence2phrase.train-Newswire-306-2,2.00
data/training/sentence2phrase.train.input.tsv,sentence2phrase.train-Newswire-307-1,sentence2phrase.train-Newswire-307-2,3.25
data/training/sentence2phrase.train.input.tsv,sentence2phrase.train-Newswire-308-1,sentence2phrase.train-Newswire-308-2,2.50
data/training/sentence2phrase.train.input.tsv,sentence2phrase.train-Newswire-309-1,sentence2phrase.train-Newswire-309-2,0.17
data/training/sentence2phrase.train.input.tsv,sentence2phrase.train-Newswire-310-1,sentence2phrase.train-Newswire-310-2,3.33
data/training/sentence2phrase.train.input.tsv,sentence2phrase.train-Newswire-311-1,sentence2phrase.train-Newswire-311-2,3.67
data/training/sentence2phrase.train.input.tsv,sentence2phrase.train-Newswire-312-1,sentence2phrase.train-Newswire-312-2,1.50
data/training/sentence2phrase.train.input.tsv,sentence2phrase.train-Newswire-313-1,sentence2phrase.train-Newswire-313-2,3.67
data/training/sentence2phrase.train.input.tsv,sentence2phrase.train-Newswire-314-1,sentence2phrase.train-Newswire-314-2,1.17
data/training/sentence2phrase.train.input.tsv,sentence2phrase.train-Newswire-315-1,sentence2phrase.train-Newswire-315-2,0.00
data/training/sentence2phrase.train.input.tsv,sentence2phrase.train-Newswire-316-1,sentence2phrase.train-Newswire-316-2,1.00
data/training/sentence2phrase.train.input.tsv,sentence2phrase.train-Newswire-317-1,sentence2phrase.train-Newswire-317-2,2.83
data/training/sentence2phrase.train.input.tsv,sentence2phrase.train-Newswire-318-1,sentence2phrase.train-Newswire-318-2,3.42
data/training/sentence2phrase.train.input.tsv,sentence2phrase.train-Newswire-319-1,sentence2phrase.train-Newswire-319-2,3.17
data/training/sentence2phrase.train.input.tsv,sentence2phrase.train-Newswire-320-1,sentence2phrase.train-Newswire-320-2,2.25
data/training/sentence2phrase.train.input.tsv,sentence2phrase.train-Newswire-321-1,sentence2phrase.train-Newswire-321-2,2.17
data/training/sentence2phrase.train.input.tsv,sentence2phrase.train-Newswire-322-1,sentence2phrase.train-Newswire-322-2,2.67
data/training/sentence2phrase.train.input.tsv,sentence2phrase.train-Newswire-323-1,sentence2phrase.train-Newswire-323-2,0.00
data/training/sentence2phrase.train.input.tsv,sentence2phrase.train-Newswire-324-1,sentence2phrase.train-Newswire-324-2,1.67
data/training/sentence2phrase.train.input.tsv,sentence2phrase.train-Newswire-325-1,sentence2phrase.train-Newswire-325-2,3.00
data/training/sentence2phrase.train.input.tsv,sentence2phrase.train-Newswire-326-1,sentence2phrase.train-Newswire-326-2,0.00
data/training/sentence2phrase.train.input.tsv,sentence2phrase.train-Newswire-327-1,sentence2phrase.train-Newswire-327-2,3.50
data/training/sentence2phrase.train.input.tsv,sentence2phrase.train-Newswire-328-1,sentence2phrase.train-Newswire-328-2,0.00
data/training/sentence2phrase.train.input.tsv,sentence2phrase.train-Newswire-329-1,sentence2phrase.train-Newswire-329-2,3.67
data/training/sentence2phrase.train.input.tsv,sentence2phrase.train-Newswire-330-1,sentence2phrase.train-Newswire-330-2,2.00
data/training/sentence2phrase.train.input.tsv,sentence2phrase.train-Newswire-331-1,sentence2phrase.train-Newswire-331-2,2.67
data/training/sentence2phrase.train.input.tsv,sentence2phrase.train-Newswire-332-1,sentence2phrase.train-Newswire-332-2,0.00
data/training/sentence2phrase.train.input.tsv,sentence2phrase.train-Newswire-333-1,sentence2phrase.train-Newswire-333-2,2.50
data/training/sentence2phrase.train.input.tsv,sentence2phrase.train-Newswire-334-1,sentence2phrase.train-Newswire-334-2,1.00
data/training/sentence2phrase.train.input.tsv,sentence2phrase.train-Newswire-335-1,sentence2phrase.train-Newswire-335-2,0.00
data/training/sentence2phrase.train.input.tsv,sentence2phrase.train-Newswire-336-1,sentence2phrase.train-Newswire-336-2,1.00
data/training/sentence2phrase.train.input.tsv,sentence2phrase.train-Newswire-337-1,sentence2phrase.train-Newswire-337-2,3.00
data/training/sentence2phrase.train.input.tsv,sentence2phrase.train-Newswire-338-1,sentence2phrase.train-Newswire-338-2,2.50
data/training/sentence2phrase.train.input.tsv,sentence2phrase.train-Newswire-339-1,sentence2phrase.train-Newswire-339-2,2.17
data/training/sentence2phrase.train.input.tsv,sentence2phrase.train-Newswire-340-1,sentence2phrase.train-Newswire-340-2,0.00
data/training/sentence2phrase.train.input.tsv,sentence2phrase.train-Newswire-341-1,sentence2phrase.train-Newswire-341-2,2.33
data/training/sentence2phrase.train.input.tsv,sentence2phrase.train-Newswire-342-1,sentence2phrase.train-Newswire-342-2,3.33
data/training/sentence2phrase.train.input.tsv,sentence2phrase.train-Newswire-343-1,sentence2phrase.train-Newswire-343-2,2.00
data/training/sentence2phrase.train.input.tsv,sentence2phrase.train-Newswire-344-1,sentence2phrase.train-Newswire-344-2,3.00
data/training/sentence2phrase.train.input.tsv,sentence2phrase.train-Newswire-345-1,sentence2phrase.train-Newswire-345-2,2.50
data/training/sentence2phrase.train.input.tsv,sentence2phrase.train-Newswire-346-1,sentence2phrase.train-Newswire-346-2,1.50
data/training/sentence2phrase.train.input.tsv,sentence2phrase.train-Newswire-347-1,sentence2phrase.train-Newswire-347-2,3.33
data/training/sentence2phrase.train.input.tsv,sentence2phrase.train-Newswire-348-1,sentence2phrase.train-Newswire-348-2,0.25
data/training/sentence2phrase.train.input.tsv,sentence2phrase.train-Newswire-349-1,sentence2phrase.train-Newswire-349-2,0.00
data/training/sentence2phrase.train.input.tsv,sentence2phrase.train-Newswire-350-1,sentence2phrase.train-Newswire-350-2,0.00
data/training/sentence2phrase.train.input.tsv,sentence2phrase.train-Newswire-351-1,sentence2phrase.train-Newswire-351-2,2.58
data/training/sentence2phrase.train.input.tsv,sentence2phrase.train-Newswire-352-1,sentence2phrase.train-Newswire-352-2,0.00
data/training/sentence2phrase.train.input.tsv,sentence2phrase.train-Newswire-353-1,sentence2phrase.train-Newswire-353-2,2.00
data/training/sentence2phrase.train.input.tsv,sentence2phrase.train-Newswire-354-1,sentence2phrase.train-Newswire-354-2,1.00
data/training/sentence2phrase.train.input.tsv,sentence2phrase.train-Newswire-355-1,sentence2phrase.train-Newswire-355-2,3.00
data/training/sentence2phrase.train.input.tsv,sentence2phrase.train-Newswire-356-1,sentence2phrase.train-Newswire-356-2,0.00
data/training/sentence2phrase.train.input.tsv,sentence2phrase.train-Newswire-357-1,sentence2phrase.train-Newswire-357-2,0.00
data/training/sentence2phrase.train.input.tsv,sentence2phrase.train-Newswire-358-1,sentence2phrase.train-Newswire-358-2,4.00
data/training/sentence2phrase.train.input.tsv,sentence2phrase.train-Newswire-359-1,sentence2phrase.train-Newswire-359-2,3.83
data/training/sentence2phrase.train.input.tsv,sentence2phrase.train-Newswire-360-1,sentence2phrase.train-Newswire-360-2,3.50
data/training/sentence2phrase.train.input.tsv,sentence2phrase.train-Newswire-361-1,sentence2phrase.train-Newswire-361-2,2.00
data/training/sentence2phrase.train.input.tsv,sentence2phrase.train-Newswire-362-1,sentence2phrase.train-Newswire-362-2,0.00
data/training/sentence2phrase.train.input.tsv,sentence2phrase.train-Newswire-363-1,sentence2phrase.train-Newswire-363-2,2.00
data/training/sentence2phrase.train.input.tsv,sentence2phrase.train-Newswire-364-1,sentence2phrase.train-Newswire-364-2,3.33
data/training/sentence2phrase.train.input.tsv,sentence2phrase.train-Newswire-365-1,sentence2phrase.train-Newswire-365-2,0.00
data/training/sentence2phrase.train.input.tsv,sentence2phrase.train-Newswire-366-1,sentence2phrase.train-Newswire-366-2,3.00
data/training/sentence2phrase.train.input.tsv,sentence2phrase.train-Newswire-367-1,sentence2phrase.train-Newswire-367-2,2.33
data/training/sentence2phrase.train.input.tsv,sentence2phrase.train-Newswire-368-1,sentence2phrase.train-Newswire-368-2,0.00
data/training/sentence2phrase.train.input.tsv,sentence2phrase.train-Newswire-369-1,sentence2phrase.train-Newswire-369-2,3.17
data/training/sentence2phrase.train.input.tsv,sentence2phrase.train-Newswire-370-1,sentence2phrase.train-Newswire-370-2,2.67
data/training/sentence2phrase.train.input.tsv,sentence2phrase.train-Newswire-371-1,sentence2phrase.train-Newswire-371-2,3.83
data/training/sentence2phrase.train.input.tsv,sentence2phrase.train-Newswire-372-1,sentence2phrase.train-Newswire-372-2,3.00
data/training/sentence2phrase.train.input.tsv,sentence2phrase.train-Newswire-373-1,sentence2phrase.train-Newswire-373-2,4.00
data/training/sentence2phrase.train.input.tsv,sentence2phrase.train-Newswire-374-1,sentence2phrase.train-Newswire-374-2,1.00
data/training/sentence2phrase.train.input.tsv,sentence2phrase.train-Newswire-375-1,sentence2phrase.train-Newswire-375-2,3.67
data/training/sentence2phrase.train.input.tsv,sentence2phrase.train-Newswire-376-1,sentence2phrase.train-Newswire-376-2,0.00
data/training/sentence2phrase.train.input.tsv,sentence2phrase.train-Newswire-377-1,sentence2phrase.train-Newswire-377-2,3.67
data/training/sentence2phrase.train.input.tsv,sentence2phrase.train-Newswire-378-1,sentence2phrase.train-Newswire-378-2,1.92
data/training/sentence2phrase.train.input.tsv,sentence2phrase.train-Newswire-379-1,sentence2phrase.train-Newswire-379-2,3.00
data/training/sentence2phrase.train.input.tsv,sentence2phrase.train-Newswire-380-1,sentence2phrase.train-Newswire-380-2,1.00
data/training/sentence2phrase.train.input.tsv,sentence2phrase.train-Newswire-381-1,sentence2phrase.train-Newswire-381-2,2.50
data/training/sentence2phrase.train.input.tsv,sentence2phrase.train-Newswire-382-1,sentence2phrase.train-Newswire-382-2,2.17
data/training/sentence2phrase.train.input.tsv,sentence2phrase.train-Newswire-383-1,sentence2phrase.train-Newswire-383-2,0.67
data/training/sentence2phrase.train.input.tsv,sentence2phrase.train-Newswire-384-1,sentence2phrase.train-Newswire-384-2,0.67
data/training/sentence2phrase.train.input.tsv,sentence2phrase.train-Newswire-385-1,sentence2phrase.train-Newswire-385-2,3.50
data/training/sentence2phrase.train.input.tsv,sentence2phrase.train-Newswire-386-1,sentence2phrase.train-Newswire-386-2,2.83
data/training/sentence2phrase.train.input.tsv,sentence2phrase.train-Newswire-387-1,sentence2phrase.train-Newswire-387-2,1.33
data/training/sentence2phrase.train.input.tsv,sentence2phrase.train-Newswire-388-1,sentence2phrase.train-Newswire-388-2,3.33
data/training/sentence2phrase.train.input.tsv,sentence2phrase.train-Newswire-389-1,sentence2phrase.train-Newswire-389-2,1.00
data/training/sentence2phrase.train.input.tsv,sentence2phrase.train-Newswire-390-1,sentence2phrase.train-Newswire-390-2,0.00
data/training/sentence2phrase.train.input.tsv,sentence2phrase.train-Newswire-391-1,sentence2phrase.train-Newswire-391-2,0.00
data/training/sentence2phrase.train.input.tsv,sentence2phrase.train-Newswire-392-1,sentence2phrase.train-Newswire-392-2,3.25
data/training/sentence2phrase.train.input.tsv,sentence2phrase.train-Newswire-393-1,sentence2phrase.train-Newswire-393-2,3.00
data/training/sentence2phrase.train.input.tsv,sentence2phrase.train-Newswire-394-1,sentence2phrase.train-Newswire-394-2,1.00
data/training/sentence2phrase.train.input.tsv,sentence2phrase.train-Newswire-395-1,sentence2phrase.train-Newswire-395-2,0.00
data/training/sentence2phrase.train.input.tsv,sentence2phrase.train-Newswire-396-1,sentence2phrase.train-Newswire-396-2,2.58
data/training/sentence2phrase.train.input.tsv,sentence2phrase.train-Newswire-397-1,sentence2phrase.train-Newswire-397-2,2.92
data/training/sentence2phrase.train.input.tsv,sentence2phrase.train-Newswire-398-1,sentence2phrase.train-Newswire-398-2,0.67
data/training/sentence2phrase.train.input.tsv,sentence2phrase.train-Newswire-399-1,sentence2phrase.train-Newswire-399-2,1.17
data/training/sentence2phrase.train.input.tsv,sentence2phrase.train-Newswire-400-1,sentence2phrase.train-Newswire-400-2,3.00
data/training/sentence2phrase.train.input.tsv,sentence2phrase.train-Newswire-401-1,sentence2phrase.train-Newswire-401-2,3.17
data/training/sentence2phrase.train.input.tsv,sentence2phrase.train-Newswire-402-1,sentence2phrase.train-Newswire-402-2,2.25
data/training/sentence2phrase.train.input.tsv,sentence2phrase.train-Newswire-403-1,sentence2phrase.train-Newswire-403-2,1.00
data/training/sentence2phrase.train.input.tsv,sentence2phrase.train-Newswire-404-1,sentence2phrase.train-Newswire-404-2,2.83
data/training/sentence2phrase.train.input.tsv,sentence2phrase.train-Newswire-405-1,sentence2phrase.train-Newswire-405-2,2.00
data/training/sentence2phrase.train.input.tsv,sentence2phrase.train-Newswire-406-1,sentence2phrase.train-Newswire-406-2,0.00
data/training/sentence2phrase.train.input.tsv,sentence2phrase.train-Newswire-407-1,sentence2phrase.train-Newswire-407-2,2.67
data/training/sentence2phrase.train.input.tsv,sentence2phrase.train-Newswire-408-1,sentence2phrase.train-Newswire-408-2,2.67
data/training/sentence2phrase.train.input.tsv,sentence2phrase.train-Newswire-409-1,sentence2phrase.train-Newswire-409-2,4.00
data/training/sentence2phrase.train.input.tsv,sentence2phrase.train-Newswire-410-1,sentence2phrase.train-Newswire-410-2,0.00
data/training/sentence2phrase.train.input.tsv,sentence2phrase.train-Newswire-411-1,sentence2phrase.train-Newswire-411-2,0.50
data/training/sentence2phrase.train.input.tsv,sentence2phrase.train-Newswire-412-1,sentence2phrase.train-Newswire-412-2,3.25
data/training/sentence2phrase.train.input.tsv,sentence2phrase.train-Newswire-413-1,sentence2phrase.train-Newswire-413-2,3.50
data/training/sentence2phrase.train.input.tsv,sentence2phrase.train-Newswire-414-1,sentence2phrase.train-Newswire-414-2,2.50
data/training/sentence2phrase.train.input.tsv,sentence2phrase.train-Newswire-415-1,sentence2phrase.train-Newswire-415-2,3.00
data/training/sentence2phrase.train.input.tsv,sentence2phrase.train-Newswire-416-1,sentence2phrase.train-Newswire-416-2,3.00
data/training/sentence2phrase.train.input.tsv,sentence2phrase.train-Newswire-417-1,sentence2phrase.train-Newswire-417-2,2.33
data/training/sentence2phrase.train.input.tsv,sentence2phrase.train-Newswire-418-1,sentence2phrase.train-Newswire-418-2,3.83
data/training/sentence2phrase.train.input.tsv,sentence2phrase.train-Newswire-419-1,sentence2phrase.train-Newswire-419-2,1.50
data/training/sentence2phrase.train.input.tsv,sentence2phrase.train-Newswire-420-1,sentence2phrase.train-Newswire-420-2,1.33
data/training/sentence2phrase.train.input.tsv,sentence2phrase.train-Newswire-421-1,sentence2phrase.train-Newswire-421-2,0.00
data/training/sentence2phrase.train.input.tsv,sentence2phrase.train-Newswire-422-1,sentence2phrase.train-Newswire-422-2,2.67
data/training/sentence2phrase.train.input.tsv,sentence2phrase.train-Newswire-423-1,sentence2phrase.train-Newswire-423-2,0.00
data/training/sentence2phrase.train.input.tsv,sentence2phrase.train-Newswire-424-1,sentence2phrase.train-Newswire-424-2,2.67
data/training/sentence2phrase.train.input.tsv,sentence2phrase.train-Newswire-425-1,sentence2phrase.train-Newswire-425-2,2.00
data/training/sentence2phrase.train.input.tsv,sentence2phrase.train-Newswire-426-1,sentence2phrase.train-Newswire-426-2,1.25
data/training/sentence2phrase.train.input.tsv,sentence2phrase.train-Newswire-427-1,sentence2phrase.train-Newswire-427-2,0.00
data/training/sentence2phrase.train.input.tsv,sentence2phrase.train-Newswire-428-1,sentence2phrase.train-Newswire-428-2,0.00
data/training/sentence2phrase.train.input.tsv,sentence2phrase.train-Newswire-429-1,sentence2phrase.train-Newswire-429-2,2.50
data/training/sentence2phrase.train.input.tsv,sentence2phrase.train-Newswire-430-1,sentence2phrase.train-Newswire-430-2,0.00
data/training/sentence2phrase.train.input.tsv,sentence2phrase.train-Newswire-431-1,sentence2phrase.train-Newswire-431-2,0.00
data/training/sentence2phrase.train.input.tsv,sentence2phrase.train-Newswire-432-1,sentence2phrase.train-Newswire-432-2,0.00
data/training/sentence2phrase.train.input.tsv,sentence2phrase.train-Newswire-433-1,sentence2phrase.train-Newswire-433-2,1.92
data/training/sentence2phrase.train.input.tsv,sentence2phrase.train-Newswire-434-1,sentence2phrase.train-Newswire-434-2,1.50
data/training/sentence2phrase.train.input.tsv,sentence2phrase.train-Newswire-435-1,sentence2phrase.train-Newswire-435-2,3.50
data/training/sentence2phrase.train.input.tsv,sentence2phrase.train-Newswire-436-1,sentence2phrase.train-Newswire-436-2,0.00
data/training/sentence2phrase.train.input.tsv,sentence2phrase.train-Newswire-437-1,sentence2phrase.train-Newswire-437-2,0.50
data/training/sentence2phrase.train.input.tsv,sentence2phrase.train-Newswire-438-1,sentence2phrase.train-Newswire-438-2,1.00
data/training/sentence2phrase.train.input.tsv,sentence2phrase.train-Newswire-439-1,sentence2phrase.train-Newswire-439-2,0.17
data/training/sentence2phrase.train.input.tsv,sentence2phrase.train-Newswire-440-1,sentence2phrase.train-Newswire-440-2,2.50
data/training/sentence2phrase.train.input.tsv,sentence2phrase.train-Newswire-441-1,sentence2phrase.train-Newswire-441-2,2.00
data/training/sentence2phrase.train.input.tsv,sentence2phrase.train-Newswire-442-1,sentence2phrase.train-Newswire-442-2,0.00
data/training/sentence2phrase.train.input.tsv,sentence2phrase.train-Newswire-443-1,sentence2phrase.train-Newswire-443-2,0.50
data/training/sentence2phrase.train.input.tsv,sentence2phrase.train-Newswire-444-1,sentence2phrase.train-Newswire-444-2,3.83
data/training/sentence2phrase.train.input.tsv,sentence2phrase.train-Newswire-445-1,sentence2phrase.train-Newswire-445-2,3.25
data/training/sentence2phrase.train.input.tsv,sentence2phrase.train-Newswire-446-1,sentence2phrase.train-Newswire-446-2,1.00
data/training/sentence2phrase.train.input.tsv,sentence2phrase.train-Newswire-447-1,sentence2phrase.train-Newswire-447-2,2.00
data/training/sentence2phrase.train.input.tsv,sentence2phrase.train-Newswire-448-1,sentence2phrase.train-Newswire-448-2,1.25
data/training/sentence2phrase.train.input.tsv,sentence2phrase.train-Newswire-449-1,sentence2phrase.train-Newswire-449-2,2.83
data/training/sentence2phrase.train.input.tsv,sentence2phrase.train-Newswire-450-1,sentence2phrase.train-Newswire-450-2,2.75
data/training/sentence2phrase.train.input.tsv,sentence2phrase.train-Newswire-451-1,sentence2phrase.train-Newswire-451-2,2.33
data/training/sentence2phrase.train.input.tsv,sentence2phrase.train-Newswire-452-1,sentence2phrase.train-Newswire-452-2,1.67
data/training/sentence2phrase.train.input.tsv,sentence2phrase.train-Newswire-453-1,sentence2phrase.train-Newswire-453-2,3.00
data/training/sentence2phrase.train.input.tsv,sentence2phrase.train-Newswire-454-1,sentence2phrase.train-Newswire-454-2,3.00
data/training/sentence2phrase.train.input.tsv,sentence2phrase.train-Newswire-455-1,sentence2phrase.train-Newswire-455-2,2.00
data/training/sentence2phrase.train.input.tsv,sentence2phrase.train-Newswire-456-1,sentence2phrase.train-Newswire-456-2,2.33
data/training/sentence2phrase.train.input.tsv,sentence2phrase.train-Newswire-457-1,sentence2phrase.train-Newswire-457-2,1.00
data/training/sentence2phrase.train.input.tsv,sentence2phrase.train-Newswire-458-1,sentence2phrase.train-Newswire-458-2,3.92
data/training/sentence2phrase.train.input.tsv,sentence2phrase.train-Newswire-459-1,sentence2phrase.train-Newswire-459-2,0.50
data/training/sentence2phrase.train.input.tsv,sentence2phrase.train-Newswire-460-1,sentence2phrase.train-Newswire-460-2,2.00
data/training/sentence2phrase.train.input.tsv,sentence2phrase.train-Newswire-461-1,sentence2phrase.train-Newswire-461-2,2.17
data/training/sentence2phrase.train.input.tsv,sentence2phrase.train-Newswire-462-1,sentence2phrase.train-Newswire-462-2,0.25
data/training/sentence2phrase.train.input.tsv,sentence2phrase.train-Newswire-463-1,sentence2phrase.train-Newswire-463-2,0.00
data/training/sentence2phrase.train.input.tsv,sentence2phrase.train-Newswire-464-1,sentence2phrase.train-Newswire-464-2,0.17
data/training/sentence2phrase.train.input.tsv,sentence2phrase.train-Newswire-465-1,sentence2phrase.train-Newswire-465-2,3.50
data/training/sentence2phrase.train.input.tsv,sentence2phrase.train-Newswire-466-1,sentence2phrase.train-Newswire-466-2,0.00
data/training/sentence2phrase.train.input.tsv,sentence2phrase.train-Newswire-467-1,sentence2phrase.train-Newswire-467-2,0.00
data/training/sentence2phrase.train.input.tsv,sentence2phrase.train-Newswire-468-1,sentence2phrase.train-Newswire-468-2,3.50
data/training/sentence2phrase.train.input.tsv,sentence2phrase.train-Newswire-469-1,sentence2phrase.train-Newswire-469-2,1.67
data/training/sentence2phrase.train.input.tsv,sentence2phrase.train-Newswire-470-1,sentence2phrase.train-Newswire-470-2,2.50
data/training/sentence2phrase.train.input.tsv,sentence2phrase.train-Newswire-471-1,sentence2phrase.train-Newswire-471-2,1.67
data/training/sentence2phrase.train.input.tsv,sentence2phrase.train-Newswire-472-1,sentence2phrase.train-Newswire-472-2,1.25
data/training/sentence2phrase.train.input.tsv,sentence2phrase.train-Newswire-473-1,sentence2phrase.train-Newswire-473-2,0.33
data/training/sentence2phrase.train.input.tsv,sentence2phrase.train-Newswire-474-1,sentence2phrase.train-Newswire-474-2,2.67
data/training/sentence2phrase.train.input.tsv,sentence2phrase.train-Newswire-475-1,sentence2phrase.train-Newswire-475-2,2.00
data/training/sentence2phrase.train.input.tsv,sentence2phrase.train-Newswire-476-1,sentence2phrase.train-Newswire-476-2,2.33
data/training/sentence2phrase.train.input.tsv,sentence2phrase.train-Newswire-477-1,sentence2phrase.train-Newswire-477-2,2.00
data/training/sentence2phrase.train.input.tsv,sentence2phrase.train-Newswire-478-1,sentence2phrase.train-Newswire-478-2,0.00
data/training/sentence2phrase.train.input.tsv,sentence2phrase.train-Newswire-479-1,sentence2phrase.train-Newswire-479-2,2.25
data/training/sentence2phrase.train.input.tsv,sentence2phrase.train-Newswire-480-1,sentence2phrase.train-Newswire-480-2,0.00
data/training/sentence2phrase.train.input.tsv,sentence2phrase.train-Newswire-481-1,sentence2phrase.train-Newswire-481-2,2.25
data/training/sentence2phrase.train.input.tsv,sentence2phrase.train-Newswire-482-1,sentence2phrase.train-Newswire-482-2,0.00
data/training/sentence2phrase.train.input.tsv,sentence2phrase.train-Newswire-483-1,sentence2phrase.train-Newswire-483-2,0.00
data/training/sentence2phrase.train.input.tsv,sentence2phrase.train-Newswire-484-1,sentence2phrase.train-Newswire-484-2,3.50
data/training/sentence2phrase.train.input.tsv,sentence2phrase.train-Newswire-485-1,sentence2phrase.train-Newswire-485-2,3.33
data/training/sentence2phrase.train.input.tsv,sentence2phrase.train-Newswire-486-1,sentence2phrase.train-Newswire-486-2,2.00
data/training/sentence2phrase.train.input.tsv,sentence2phrase.train-Newswire-487-1,sentence2phrase.train-Newswire-487-2,1.00
data/training/sentence2phrase.train.input.tsv,sentence2phrase.train-Newswire-488-1,sentence2phrase.train-Newswire-488-2,1.50
data/training/sentence2phrase.train.input.tsv,sentence2phrase.train-Newswire-489-1,sentence2phrase.train-Newswire-489-2,2.83
data/training/sentence2phrase.train.input.tsv,sentence2phrase.train-Newswire-490-1,sentence2phrase.train-Newswire-490-2,3.33
data/training/sentence2phrase.train.input.tsv,sentence2phrase.train-Newswire-491-1,sentence2phrase.train-Newswire-491-2,2.50
data/training/sentence2phrase.train.input.tsv,sentence2phrase.train-Newswire-492-1,sentence2phrase.train-Newswire-492-2,2.00
data/training/sentence2phrase.train.input.tsv,sentence2phrase.train-Newswire-493-1,sentence2phrase.train-Newswire-493-2,3.67
data/training/sentence2phrase.train.input.tsv,sentence2phrase.train-Newswire-494-1,sentence2phrase.train-Newswire-494-2,2.50
data/training/sentence2phrase.train.input.tsv,sentence2phrase.train-Newswire-495-1,sentence2phrase.train-Newswire-495-2,0.50
data/training/sentence2phrase.train.input.tsv,sentence2phrase.train-Newswire-496-1,sentence2phrase.train-Newswire-496-2,2.50
data/training/sentence2phrase.train.input.tsv,sentence2phrase.train-Newswire-497-1,sentence2phrase.train-Newswire-497-2,3.33
data/training/sentence2phrase.train.input.tsv,sentence2phrase.train-Newswire-498-1,sentence2phrase.train-Newswire-498-2,3.17
data/training/sentence2phrase.train.input.tsv,sentence2phrase.train-Newswire-499-1,sentence2phrase.train-Newswire-499-2,0.00
data/training/sentence2phrase.train.input.tsv,sentence2phrase.train-Newswire-500-1,sentence2phrase.train-Newswire-500-2,0.50
data/training/paragraph2sentence.train.input.tsv,paragraph2sentence.train-Travel-1-1,paragraph2sentence.train-Travel-1-2,0.00
data/training/paragraph2sentence.train.input.tsv,paragraph2sentence.train-Travel-2-1,paragraph2sentence.train-Travel-2-2,3.00
data/training/paragraph2sentence.train.input.tsv,paragraph2sentence.train-Travel-3-1,paragraph2sentence.train-Travel-3-2,0.00
data/training/paragraph2sentence.train.input.tsv,paragraph2sentence.train-Travel-4-1,paragraph2sentence.train-Travel-4-2,2.50
data/training/paragraph2sentence.train.input.tsv,paragraph2sentence.train-Travel-5-1,paragraph2sentence.train-Travel-5-2,3.00
data/training/paragraph2sentence.train.input.tsv,paragraph2sentence.train-Travel-6-1,paragraph2sentence.train-Travel-6-2,2.50
data/training/paragraph2sentence.train.input.tsv,paragraph2sentence.train-Travel-7-1,paragraph2sentence.train-Travel-7-2,0.25
data/training/paragraph2sentence.train.input.tsv,paragraph2sentence.train-Travel-8-1,paragraph2sentence.train-Travel-8-2,1.00
data/training/paragraph2sentence.train.input.tsv,paragraph2sentence.train-Travel-9-1,paragraph2sentence.train-Travel-9-2,0.50
data/training/paragraph2sentence.train.input.tsv,paragraph2sentence.train-Travel-10-1,paragraph2sentence.train-Travel-10-2,0.00
data/training/paragraph2sentence.train.input.tsv,paragraph2sentence.train-Travel-11-1,paragraph2sentence.train-Travel-11-2,2.50
data/training/paragraph2sentence.train.input.tsv,paragraph2sentence.train-Travel-12-1,paragraph2sentence.train-Travel-12-2,0.50
data/training/paragraph2sentence.train.input.tsv,paragraph2sentence.train-Travel-13-1,paragraph2sentence.train-Travel-13-2,4.00
data/training/paragraph2sentence.train.input.tsv,paragraph2sentence.train-Travel-14-1,paragraph2sentence.train-Travel-14-2,2.00
data/training/paragraph2sentence.train.input.tsv,paragraph2sentence.train-Travel-15-1,paragraph2sentence.train-Travel-15-2,4.00
data/training/paragraph2sentence.train.input.tsv,paragraph2sentence.train-Travel-16-1,paragraph2sentence.train-Travel-16-2,0.00
data/training/paragraph2sentence.train.input.tsv,paragraph2sentence.train-Travel-17-1,paragraph2sentence.train-Travel-17-2,2.00
data/training/paragraph2sentence.train.input.tsv,paragraph2sentence.train-Travel-18-1,paragraph2sentence.train-Travel-18-2,0.50
data/training/paragraph2sentence.train.input.tsv,paragraph2sentence.train-Travel-19-1,paragraph2sentence.train-Travel-19-2,2.00
data/training/paragraph2sentence.train.input.tsv,paragraph2sentence.train-Travel-20-1,paragraph2sentence.train-Travel-20-2,0.75
data/training/paragraph2sentence.train.input.tsv,paragraph2sentence.train-Travel-21-1,paragraph2sentence.train-Travel-21-2,0.00
data/training/paragraph2sentence.train.input.tsv,paragraph2sentence.train-Travel-22-1,paragraph2sentence.train-Travel-22-2,0.50
data/training/paragraph2sentence.train.input.tsv,paragraph2sentence.train-Travel-23-1,paragraph2sentence.train-Travel-23-2,2.50
data/training/paragraph2sentence.train.input.tsv,paragraph2sentence.train-Travel-24-1,paragraph2sentence.train-Travel-24-2,0.50
data/training/paragraph2sentence.train.input.tsv,paragraph2sentence.train-Travel-25-1,paragraph2sentence.train-Travel-25-2,3.50
data/training/paragraph2sentence.train.input.tsv,paragraph2sentence.train-Travel-26-1,paragraph2sentence.train-Travel-26-2,0.00
data/training/paragraph2sentence.train.input.tsv,paragraph2sentence.train-Travel-27-1,paragraph2sentence.train-Travel-27-2,2.00
data/training/paragraph2sentence.train.input.tsv,paragraph2sentence.train-Travel-28-1,paragraph2sentence.train-Travel-28-2,0.00
data/training/paragraph2sentence.train.input.tsv,paragraph2sentence.train-Travel-29-1,paragraph2sentence.train-Travel-29-2,2.50
data/training/paragraph2sentence.train.input.tsv,paragraph2sentence.train-Travel-30-1,paragraph2sentence.train-Travel-30-2,3.00
data/training/paragraph2sentence.train.input.tsv,paragraph2sentence.train-Travel-31-1,paragraph2sentence.train-Travel-31-2,3.00
data/training/paragraph2sentence.train.input.tsv,paragraph2sentence.train-Travel-32-1,paragraph2sentence.train-Travel-32-2,3.50
data/training/paragraph2sentence.train.input.tsv,paragraph2sentence.train-Travel-33-1,paragraph2sentence.train-Travel-33-2,3.00
data/training/paragraph2sentence.train.input.tsv,paragraph2sentence.train-Travel-34-1,paragraph2sentence.train-Travel-34-2,0.00
data/training/paragraph2sentence.train.input.tsv,paragraph2sentence.train-Travel-35-1,paragraph2sentence.train-Travel-35-2,3.75
data/training/paragraph2sentence.train.input.tsv,paragraph2sentence.train-Travel-36-1,paragraph2sentence.train-Travel-36-2,2.75
data/training/paragraph2sentence.train.input.tsv,paragraph2sentence.train-Travel-37-1,paragraph2sentence.train-Travel-37-2,3.38
data/training/paragraph2sentence.train.input.tsv,paragraph2sentence.train-Travel-38-1,paragraph2sentence.train-Travel-38-2,3.00
data/training/paragraph2sentence.train.input.tsv,paragraph2sentence.train-Travel-39-1,paragraph2sentence.train-Travel-39-2,2.50
data/training/paragraph2sentence.train.input.tsv,paragraph2sentence.train-Travel-40-1,paragraph2sentence.train-Travel-40-2,2.00
data/training/paragraph2sentence.train.input.tsv,paragraph2sentence.train-Travel-41-1,paragraph2sentence.train-Travel-41-2,2.00
data/training/paragraph2sentence.train.input.tsv,paragraph2sentence.train-Travel-42-1,paragraph2sentence.train-Travel-42-2,2.00
data/training/paragraph2sentence.train.input.tsv,paragraph2sentence.train-Travel-43-1,paragraph2sentence.train-Travel-43-2,1.00
data/training/paragraph2sentence.train.input.tsv,paragraph2sentence.train-Travel-44-1,paragraph2sentence.train-Travel-44-2,1.00
data/training/paragraph2sentence.train.input.tsv,paragraph2sentence.train-Travel-45-1,paragraph2sentence.train-Travel-45-2,2.50
data/training/paragraph2sentence.train.input.tsv,paragraph2sentence.train-Travel-46-1,paragraph2sentence.train-Travel-46-2,0.00
data/training/paragraph2sentence.train.input.tsv,paragraph2sentence.train-Travel-47-1,paragraph2sentence.train-Travel-47-2,3.50
data/training/paragraph2sentence.train.input.tsv,paragraph2sentence.train-Travel-48-1,paragraph2sentence.train-Travel-48-2,3.00
data/training/paragraph2sentence.train.input.tsv,paragraph2sentence.train-Travel-49-1,paragraph2sentence.train-Travel-49-2,3.50
data/training/paragraph2sentence.train.input.tsv,paragraph2sentence.train-Travel-50-1,paragraph2sentence.train-Travel-50-2,2.75
data/training/paragraph2sentence.train.input.tsv,paragraph2sentence.train-Travel-51-1,paragraph2sentence.train-Travel-51-2,0.00
data/training/paragraph2sentence.train.input.tsv,paragraph2sentence.train-Travel-52-1,paragraph2sentence.train-Travel-52-2,2.00
data/training/paragraph2sentence.train.input.tsv,paragraph2sentence.train-Travel-53-1,paragraph2sentence.train-Travel-53-2,4.00
data/training/paragraph2sentence.train.input.tsv,paragraph2sentence.train-Travel-54-1,paragraph2sentence.train-Travel-54-2,0.50
data/training/paragraph2sentence.train.input.tsv,paragraph2sentence.train-Travel-55-1,paragraph2sentence.train-Travel-55-2,3.00
data/training/paragraph2sentence.train.input.tsv,paragraph2sentence.train-Travel-56-1,paragraph2sentence.train-Travel-56-2,1.50
data/training/paragraph2sentence.train.input.tsv,paragraph2sentence.train-Travel-57-1,paragraph2sentence.train-Travel-57-2,0.00
data/training/paragraph2sentence.train.input.tsv,paragraph2sentence.train-Travel-58-1,paragraph2sentence.train-Travel-58-2,3.00
data/training/paragraph2sentence.train.input.tsv,paragraph2sentence.train-Travel-59-1,paragraph2sentence.train-Travel-59-2,0.00
data/training/paragraph2sentence.train.input.tsv,paragraph2sentence.train-Travel-60-1,paragraph2sentence.train-Travel-60-2,3.00
data/training/paragraph2sentence.train.input.tsv,paragraph2sentence.train-Travel-61-1,paragraph2sentence.train-Travel-61-2,2.50
data/training/paragraph2sentence.train.input.tsv,paragraph2sentence.train-Travel-62-1,paragraph2sentence.train-Travel-62-2,3.50
data/training/paragraph2sentence.train.input.tsv,paragraph2sentence.train-Travel-63-1,paragraph2sentence.train-Travel-63-2,1.00
data/training/paragraph2sentence.train.input.tsv,paragraph2sentence.train-Travel-64-1,paragraph2sentence.train-Travel-64-2,2.00
data/training/paragraph2sentence.train.input.tsv,paragraph2sentence.train-Travel-65-1,paragraph2sentence.train-Travel-65-2,0.50
data/training/paragraph2sentence.train.input.tsv,paragraph2sentence.train-Travel-66-1,paragraph2sentence.train-Travel-66-2,0.50
data/training/paragraph2sentence.train.input.tsv,paragraph2sentence.train-Travel-67-1,paragraph2sentence.train-Travel-67-2,3.00
data/training/paragraph2sentence.train.input.tsv,paragraph2sentence.train-Travel-68-1,paragraph2sentence.train-Travel-68-2,3.00
data/training/paragraph2sentence.train.input.tsv,paragraph2sentence.train-Travel-69-1,paragraph2sentence.train-Travel-69-2,4.00
data/training/paragraph2sentence.train.input.tsv,paragraph2sentence.train-Travel-70-1,paragraph2sentence.train-Travel-70-2,0.00
data/training/paragraph2sentence.train.input.tsv,paragraph2sentence.train-Travel-71-1,paragraph2sentence.train-Travel-71-2,0.00
data/training/paragraph2sentence.train.input.tsv,paragraph2sentence.train-Travel-72-1,paragraph2sentence.train-Travel-72-2,2.00
data/training/paragraph2sentence.train.input.tsv,paragraph2sentence.train-Travel-73-1,paragraph2sentence.train-Travel-73-2,4.00
data/training/paragraph2sentence.train.input.tsv,paragraph2sentence.train-Travel-74-1,paragraph2sentence.train-Travel-74-2,0.00
data/training/paragraph2sentence.train.input.tsv,paragraph2sentence.train-Travel-75-1,paragraph2sentence.train-Travel-75-2,2.00
data/training/paragraph2sentence.train.input.tsv,paragraph2sentence.train-Travel-76-1,paragraph2sentence.train-Travel-76-2,2.00
data/training/paragraph2sentence.train.input.tsv,paragraph2sentence.train-Newswire-77-1,paragraph2sentence.train-Newswire-77-2,2.50
data/training/paragraph2sentence.train.input.tsv,paragraph2sentence.train-Newswire-78-1,paragraph2sentence.train-Newswire-78-2,0.00
data/training/paragraph2sentence.train.input.tsv,paragraph2sentence.train-Newswire-79-1,paragraph2sentence.train-Newswire-79-2,2.00
data/training/paragraph2sentence.train.input.tsv,paragraph2sentence.train-Newswire-80-1,paragraph2sentence.train-Newswire-80-2,0.00
data/training/paragraph2sentence.train.input.tsv,paragraph2sentence.train-Newswire-81-1,paragraph2sentence.train-Newswire-81-2,3.00
data/training/paragraph2sentence.train.input.tsv,paragraph2sentence.train-Newswire-82-1,paragraph2sentence.train-Newswire-82-2,0.00
data/training/paragraph2sentence.train.input.tsv,paragraph2sentence.train-Newswire-83-1,paragraph2sentence.train-Newswire-83-2,3.00
data/training/paragraph2sentence.train.input.tsv,paragraph2sentence.train-Newswire-84-1,paragraph2sentence.train-Newswire-84-2,3.50
data/training/paragraph2sentence.train.input.tsv,paragraph2sentence.train-Newswire-85-1,paragraph2sentence.train-Newswire-85-2,2.00
data/training/paragraph2sentence.train.input.tsv,paragraph2sentence.train-Newswire-86-1,paragraph2sentence.train-Newswire-86-2,2.50
data/training/paragraph2sentence.train.input.tsv,paragraph2sentence.train-Newswire-87-1,paragraph2sentence.train-Newswire-87-2,4.00
data/training/paragraph2sentence.train.input.tsv,paragraph2sentence.train-Newswire-88-1,paragraph2sentence.train-Newswire-88-2,1.00
data/training/paragraph2sentence.train.input.tsv,paragraph2sentence.train-Newswire-89-1,paragraph2sentence.train-Newswire-89-2,0.00
data/training/paragraph2sentence.train.input.tsv,paragraph2sentence.train-Newswire-90-1,paragraph2sentence.train-Newswire-90-2,3.00
data/training/paragraph2sentence.train.input.tsv,paragraph2sentence.train-Newswire-91-1,paragraph2sentence.train-Newswire-91-2,1.00
data/training/paragraph2sentence.train.input.tsv,paragraph2sentence.train-Newswire-92-1,paragraph2sentence.train-Newswire-92-2,0.00
data/training/paragraph2sentence.train.input.tsv,paragraph2sentence.train-Newswire-93-1,paragraph2sentence.train-Newswire-93-2,0.00
data/training/paragraph2sentence.train.input.tsv,paragraph2sentence.train-Newswire-94-1,paragraph2sentence.train-Newswire-94-2,4.00
data/training/paragraph2sentence.train.input.tsv,paragraph2sentence.train-Newswire-95-1,paragraph2sentence.train-Newswire-95-2,2.00
data/training/paragraph2sentence.train.input.tsv,paragraph2sentence.train-Newswire-96-1,paragraph2sentence.train-Newswire-96-2,2.50
data/training/paragraph2sentence.train.input.tsv,paragraph2sentence.train-Newswire-97-1,paragraph2sentence.train-Newswire-97-2,3.00
data/training/paragraph2sentence.train.input.tsv,paragraph2sentence.train-Newswire-98-1,paragraph2sentence.train-Newswire-98-2,2.00
data/training/paragraph2sentence.train.input.tsv,paragraph2sentence.train-Newswire-99-1,paragraph2sentence.train-Newswire-99-2,2.50
data/training/paragraph2sentence.train.input.tsv,paragraph2sentence.train-Newswire-100-1,paragraph2sentence.train-Newswire-100-2,0.50
data/training/paragraph2sentence.train.input.tsv,paragraph2sentence.train-Newswire-101-1,paragraph2sentence.train-Newswire-101-2,0.00
data/training/paragraph2sentence.train.input.tsv,paragraph2sentence.train-Newswire-102-1,paragraph2sentence.train-Newswire-102-2,3.00
data/training/paragraph2sentence.train.input.tsv,paragraph2sentence.train-Newswire-103-1,paragraph2sentence.train-Newswire-103-2,0.00
data/training/paragraph2sentence.train.input.tsv,paragraph2sentence.train-Newswire-104-1,paragraph2sentence.train-Newswire-104-2,1.50
data/training/paragraph2sentence.train.input.tsv,paragraph2sentence.train-Newswire-105-1,paragraph2sentence.train-Newswire-105-2,3.00
data/training/paragraph2sentence.train.input.tsv,paragraph2sentence.train-Newswire-106-1,paragraph2sentence.train-Newswire-106-2,2.50
data/training/paragraph2sentence.train.input.tsv,paragraph2sentence.train-Newswire-107-1,paragraph2sentence.train-Newswire-107-2,0.00
data/training/paragraph2sentence.train.input.tsv,paragraph2sentence.train-Newswire-108-1,paragraph2sentence.train-Newswire-108-2,3.38
data/training/paragraph2sentence.train.input.tsv,paragraph2sentence.train-Newswire-109-1,paragraph2sentence.train-Newswire-109-2,0.00
data/training/paragraph2sentence.train.input.tsv,paragraph2sentence.train-Newswire-110-1,paragraph2sentence.train-Newswire-110-2,3.50
data/training/paragraph2sentence.train.input.tsv,paragraph2sentence.train-Newswire-111-1,paragraph2sentence.train-Newswire-111-2,0.00
data/training/paragraph2sentence.train.input.tsv,paragraph2sentence.train-Newswire-112-1,paragraph2sentence.train-Newswire-112-2,0.00
data/training/paragraph2sentence.train.input.tsv,paragraph2sentence.train-Newswire-113-1,paragraph2sentence.train-Newswire-113-2,2.50
data/training/paragraph2sentence.train.input.tsv,paragraph2sentence.train-Newswire-114-1,paragraph2sentence.train-Newswire-114-2,0.50
data/training/paragraph2sentence.train.input.tsv,paragraph2sentence.train-Newswire-115-1,paragraph2sentence.train-Newswire-115-2,0.75
data/training/paragraph2sentence.train.input.tsv,paragraph2sentence.train-Newswire-116-1,paragraph2sentence.train-Newswire-116-2,2.00
data/training/paragraph2sentence.train.input.tsv,paragraph2sentence.train-Newswire-117-1,paragraph2sentence.train-Newswire-117-2,1.00
data/training/paragraph2sentence.train.input.tsv,paragraph2sentence.train-Newswire-118-1,paragraph2sentence.train-Newswire-118-2,0.00
data/training/paragraph2sentence.train.input.tsv,paragraph2sentence.train-Newswire-119-1,paragraph2sentence.train-Newswire-119-2,1.00
data/training/paragraph2sentence.train.input.tsv,paragraph2sentence.train-Newswire-120-1,paragraph2sentence.train-Newswire-120-2,1.00
data/training/paragraph2sentence.train.input.tsv,paragraph2sentence.train-Newswire-121-1,paragraph2sentence.train-Newswire-121-2,4.00
data/training/paragraph2sentence.train.input.tsv,paragraph2sentence.train-Newswire-122-1,paragraph2sentence.train-Newswire-122-2,0.50
data/training/paragraph2sentence.train.input.tsv,paragraph2sentence.train-Newswire-123-1,paragraph2sentence.train-Newswire-123-2,3.38
data/training/paragraph2sentence.train.input.tsv,paragraph2sentence.train-Newswire-124-1,paragraph2sentence.train-Newswire-124-2,3.25
data/training/paragraph2sentence.train.input.tsv,paragraph2sentence.train-Newswire-125-1,paragraph2sentence.train-Newswire-125-2,0.00
data/training/paragraph2sentence.train.input.tsv,paragraph2sentence.train-Newswire-126-1,paragraph2sentence.train-Newswire-126-2,0.00
data/training/paragraph2sentence.train.input.tsv,paragraph2sentence.train-Newswire-127-1,paragraph2sentence.train-Newswire-127-2,3.50
data/training/paragraph2sentence.train.input.tsv,paragraph2sentence.train-Newswire-128-1,paragraph2sentence.train-Newswire-128-2,0.00
data/training/paragraph2sentence.train.input.tsv,paragraph2sentence.train-Newswire-129-1,paragraph2sentence.train-Newswire-129-2,0.50
data/training/paragraph2sentence.train.input.tsv,paragraph2sentence.train-Newswire-130-1,paragraph2sentence.train-Newswire-130-2,3.00
data/training/paragraph2sentence.train.input.tsv,paragraph2sentence.train-Newswire-131-1,paragraph2sentence.train-Newswire-131-2,2.00
data/training/paragraph2sentence.train.input.tsv,paragraph2sentence.train-Newswire-132-1,paragraph2sentence.train-Newswire-132-2,0.00
data/training/paragraph2sentence.train.input.tsv,paragraph2sentence.train-Newswire-133-1,paragraph2sentence.train-Newswire-133-2,1.00
data/training/paragraph2sentence.train.input.tsv,paragraph2sentence.train-Newswire-134-1,paragraph2sentence.train-Newswire-134-2,0.00
data/training/paragraph2sentence.train.input.tsv,paragraph2sentence.train-Newswire-135-1,paragraph2sentence.train-Newswire-135-2,3.50
data/training/paragraph2sentence.train.input.tsv,paragraph2sentence.train-Newswire-136-1,paragraph2sentence.train-Newswire-136-2,3.25
data/training/paragraph2sentence.train.input.tsv,paragraph2sentence.train-Newswire-137-1,paragraph2sentence.train-Newswire-137-2,3.50
data/training/paragraph2sentence.train.input.tsv,paragraph2sentence.train-Newswire-138-1,paragraph2sentence.train-Newswire-138-2,0.50
data/training/paragraph2sentence.train.input.tsv,paragraph2sentence.train-Newswire-139-1,paragraph2sentence.train-Newswire-139-2,3.50
data/training/paragraph2sentence.train.input.tsv,paragraph2sentence.train-Newswire-140-1,paragraph2sentence.train-Newswire-140-2,4.00
data/training/paragraph2sentence.train.input.tsv,paragraph2sentence.train-Newswire-141-1,paragraph2sentence.train-Newswire-141-2,3.75
data/training/paragraph2sentence.train.input.tsv,paragraph2sentence.train-Newswire-142-1,paragraph2sentence.train-Newswire-142-2,3.50
data/training/paragraph2sentence.train.input.tsv,paragraph2sentence.train-Newswire-143-1,paragraph2sentence.train-Newswire-143-2,2.50
data/training/paragraph2sentence.train.input.tsv,paragraph2sentence.train-Newswire-144-1,paragraph2sentence.train-Newswire-144-2,1.00
data/training/paragraph2sentence.train.input.tsv,paragraph2sentence.train-Newswire-145-1,paragraph2sentence.train-Newswire-145-2,2.50
data/training/paragraph2sentence.train.input.tsv,paragraph2sentence.train-Newswire-146-1,paragraph2sentence.train-Newswire-146-2,0.00
data/training/paragraph2sentence.train.input.tsv,paragraph2sentence.train-Newswire-147-1,paragraph2sentence.train-Newswire-147-2,3.00
data/training/paragraph2sentence.train.input.tsv,paragraph2sentence.train-Newswire-148-1,paragraph2sentence.train-Newswire-148-2,0.00
data/training/paragraph2sentence.train.input.tsv,paragraph2sentence.train-Newswire-149-1,paragraph2sentence.train-Newswire-149-2,0.50
data/training/paragraph2sentence.train.input.tsv,paragraph2sentence.train-Newswire-150-1,paragraph2sentence.train-Newswire-150-2,3.00
data/training/paragraph2sentence.train.input.tsv,paragraph2sentence.train-Newswire-151-1,paragraph2sentence.train-Newswire-151-2,2.50
data/training/paragraph2sentence.train.input.tsv,paragraph2sentence.train-Newswire-152-1,paragraph2sentence.train-Newswire-152-2,3.00
data/training/paragraph2sentence.train.input.tsv,paragraph2sentence.train-Newswire-153-1,paragraph2sentence.train-Newswire-153-2,0.75
data/training/paragraph2sentence.train.input.tsv,paragraph2sentence.train-Newswire-154-1,paragraph2sentence.train-Newswire-154-2,0.50
data/training/paragraph2sentence.train.input.tsv,paragraph2sentence.train-Newswire-155-1,paragraph2sentence.train-Newswire-155-2,0.00
data/training/paragraph2sentence.train.input.tsv,paragraph2sentence.train-Newswire-156-1,paragraph2sentence.train-Newswire-156-2,3.50
data/training/paragraph2sentence.train.input.tsv,paragraph2sentence.train-Newswire-157-1,paragraph2sentence.train-Newswire-157-2,0.50
data/training/paragraph2sentence.train.input.tsv,paragraph2sentence.train-Newswire-158-1,paragraph2sentence.train-Newswire-158-2,0.50
data/training/paragraph2sentence.train.input.tsv,paragraph2sentence.train-Newswire-159-1,paragraph2sentence.train-Newswire-159-2,3.00
data/training/paragraph2sentence.train.input.tsv,paragraph2sentence.train-Newswire-160-1,paragraph2sentence.train-Newswire-160-2,0.00
data/training/paragraph2sentence.train.input.tsv,paragraph2sentence.train-Newswire-161-1,paragraph2sentence.train-Newswire-161-2,1.00
data/training/paragraph2sentence.train.input.tsv,paragraph2sentence.train-Newswire-162-1,paragraph2sentence.train-Newswire-162-2,1.00
data/training/paragraph2sentence.train.input.tsv,paragraph2sentence.train-Newswire-163-1,paragraph2sentence.train-Newswire-163-2,2.00
data/training/paragraph2sentence.train.input.tsv,paragraph2sentence.train-Newswire-164-1,paragraph2sentence.train-Newswire-164-2,2.75
data/training/paragraph2sentence.train.input.tsv,paragraph2sentence.train-Newswire-165-1,paragraph2sentence.train-Newswire-165-2,0.25
data/training/paragraph2sentence.train.input.tsv,paragraph2sentence.train-Newswire-166-1,paragraph2sentence.train-Newswire-166-2,1.00
data/training/paragraph2sentence.train.input.tsv,paragraph2sentence.train-Newswire-167-1,paragraph2sentence.train-Newswire-167-2,0.00
data/training/paragraph2sentence.train.input.tsv,paragraph2sentence.train-Newswire-168-1,paragraph2sentence.train-Newswire-168-2,3.00
data/training/paragraph2sentence.train.input.tsv,paragraph2sentence.train-Newswire-169-1,paragraph2sentence.train-Newswire-169-2,4.00
data/training/paragraph2sentence.train.input.tsv,paragraph2sentence.train-Newswire-170-1,paragraph2sentence.train-Newswire-170-2,2.50
data/training/paragraph2sentence.train.input.tsv,paragraph2sentence.train-Newswire-171-1,paragraph2sentence.train-Newswire-171-2,0.00
data/training/paragraph2sentence.train.input.tsv,paragraph2sentence.train-Newswire-172-1,paragraph2sentence.train-Newswire-172-2,2.50
data/training/paragraph2sentence.train.input.tsv,paragraph2sentence.train-Newswire-173-1,paragraph2sentence.train-Newswire-173-2,3.50
data/training/paragraph2sentence.train.input.tsv,paragraph2sentence.train-Newswire-174-1,paragraph2sentence.train-Newswire-174-2,1.00
data/training/paragraph2sentence.train.input.tsv,paragraph2sentence.train-Newswire-175-1,paragraph2sentence.train-Newswire-175-2,1.00
data/training/paragraph2sentence.train.input.tsv,paragraph2sentence.train-Newswire-176-1,paragraph2sentence.train-Newswire-176-2,4.00
data/training/paragraph2sentence.train.input.tsv,paragraph2sentence.train-Newswire-177-1,paragraph2sentence.train-Newswire-177-2,3.00
data/training/paragraph2sentence.train.input.tsv,paragraph2sentence.train-Newswire-178-1,paragraph2sentence.train-Newswire-178-2,0.00
data/training/paragraph2sentence.train.input.tsv,paragraph2sentence.train-Newswire-179-1,paragraph2sentence.train-Newswire-179-2,1.00
data/training/paragraph2sentence.train.input.tsv,paragraph2sentence.train-Newswire-180-1,paragraph2sentence.train-Newswire-180-2,2.50
data/training/paragraph2sentence.train.input.tsv,paragraph2sentence.train-Newswire-181-1,paragraph2sentence.train-Newswire-181-2,1.00
data/training/paragraph2sentence.train.input.tsv,paragraph2sentence.train-Newswire-182-1,paragraph2sentence.train-Newswire-182-2,2.50
data/training/paragraph2sentence.train.input.tsv,paragraph2sentence.train-Newswire-183-1,paragraph2sentence.train-Newswire-183-2,0.00
data/training/paragraph2sentence.train.input.tsv,paragraph2sentence.train-Newswire-184-1,paragraph2sentence.train-Newswire-184-2,0.00
data/training/paragraph2sentence.train.input.tsv,paragraph2sentence.train-Newswire-185-1,paragraph2sentence.train-Newswire-185-2,3.00
data/training/paragraph2sentence.train.input.tsv,paragraph2sentence.train-Newswire-186-1,paragraph2sentence.train-Newswire-186-2,0.00
data/training/paragraph2sentence.train.input.tsv,paragraph2sentence.train-Newswire-187-1,paragraph2sentence.train-Newswire-187-2,0.00
data/training/paragraph2sentence.train.input.tsv,paragraph2sentence.train-Newswire-188-1,paragraph2sentence.train-Newswire-188-2,3.00
data/training/paragraph2sentence.train.input.tsv,paragraph2sentence.train-Newswire-189-1,paragraph2sentence.train-Newswire-189-2,1.00
data/training/paragraph2sentence.train.input.tsv,paragraph2sentence.train-Newswire-190-1,paragraph2sentence.train-Newswire-190-2,0.50
data/training/paragraph2sentence.train.input.tsv,paragraph2sentence.train-Newswire-191-1,paragraph2sentence.train-Newswire-191-2,4.00
data/training/paragraph2sentence.train.input.tsv,paragraph2sentence.train-Newswire-192-1,paragraph2sentence.train-Newswire-192-2,4.00
data/training/paragraph2sentence.train.input.tsv,paragraph2sentence.train-Newswire-193-1,paragraph2sentence.train-Newswire-193-2,2.50
data/training/paragraph2sentence.train.input.tsv,paragraph2sentence.train-Newswire-194-1,paragraph2sentence.train-Newswire-194-2,1.50
data/training/paragraph2sentence.train.input.tsv,paragraph2sentence.train-Newswire-195-1,paragraph2sentence.train-Newswire-195-2,0.00
data/training/paragraph2sentence.train.input.tsv,paragraph2sentence.train-Newswire-196-1,paragraph2sentence.train-Newswire-196-2,2.50
data/training/paragraph2sentence.train.input.tsv,paragraph2sentence.train-Newswire-197-1,paragraph2sentence.train-Newswire-197-2,1.00
data/training/paragraph2sentence.train.input.tsv,paragraph2sentence.train-Newswire-198-1,paragraph2sentence.train-Newswire-198-2,1.00
data/training/paragraph2sentence.train.input.tsv,paragraph2sentence.train-Newswire-199-1,paragraph2sentence.train-Newswire-199-2,2.00
data/training/paragraph2sentence.train.input.tsv,paragraph2sentence.train-Newswire-200-1,paragraph2sentence.train-Newswire-200-2,3.50
data/training/paragraph2sentence.train.input.tsv,paragraph2sentence.train-Newswire-201-1,paragraph2sentence.train-Newswire-201-2,2.50
data/training/paragraph2sentence.train.input.tsv,paragraph2sentence.train-Newswire-202-1,paragraph2sentence.train-Newswire-202-2,2.50
data/training/paragraph2sentence.train.input.tsv,paragraph2sentence.train-Newswire-203-1,paragraph2sentence.train-Newswire-203-2,0.00
data/training/paragraph2sentence.train.input.tsv,paragraph2sentence.train-Newswire-204-1,paragraph2sentence.train-Newswire-204-2,3.00
data/training/paragraph2sentence.train.input.tsv,paragraph2sentence.train-Newswire-205-1,paragraph2sentence.train-Newswire-205-2,2.50
data/training/paragraph2sentence.train.input.tsv,paragraph2sentence.train-Newswire-206-1,paragraph2sentence.train-Newswire-206-2,1.50
data/training/paragraph2sentence.train.input.tsv,paragraph2sentence.train-Newswire-207-1,paragraph2sentence.train-Newswire-207-2,2.25
data/training/paragraph2sentence.train.input.tsv,paragraph2sentence.train-Newswire-208-1,paragraph2sentence.train-Newswire-208-2,0.00
data/training/paragraph2sentence.train.input.tsv,paragraph2sentence.train-Newswire-209-1,paragraph2sentence.train-Newswire-209-2,0.00
data/training/paragraph2sentence.train.input.tsv,paragraph2sentence.train-Newswire-210-1,paragraph2sentence.train-Newswire-210-2,0.00
data/training/paragraph2sentence.train.input.tsv,paragraph2sentence.train-Newswire-211-1,paragraph2sentence.train-Newswire-211-2,3.75
data/training/paragraph2sentence.train.input.tsv,paragraph2sentence.train-Newswire-212-1,paragraph2sentence.train-Newswire-212-2,1.00
data/training/paragraph2sentence.train.input.tsv,paragraph2sentence.train-Newswire-213-1,paragraph2sentence.train-Newswire-213-2,2.50
data/training/paragraph2sentence.train.input.tsv,paragraph2sentence.train-Newswire-214-1,paragraph2sentence.train-Newswire-214-2,0.00
data/training/paragraph2sentence.train.input.tsv,paragraph2sentence.train-Newswire-215-1,paragraph2sentence.train-Newswire-215-2,0.00
data/training/paragraph2sentence.train.input.tsv,paragraph2sentence.train-Newswire-216-1,paragraph2sentence.train-Newswire-216-2,2.00
data/training/paragraph2sentence.train.input.tsv,paragraph2sentence.train-Newswire-217-1,paragraph2sentence.train-Newswire-217-2,3.75
data/training/paragraph2sentence.train.input.tsv,paragraph2sentence.train-Newswire-218-1,paragraph2sentence.train-Newswire-218-2,3.00
data/training/paragraph2sentence.train.input.tsv,paragraph2sentence.train-Newswire-219-1,paragraph2sentence.train-Newswire-219-2,2.50
data/training/paragraph2sentence.train.input.tsv,paragraph2sentence.train-Newswire-220-1,paragraph2sentence.train-Newswire-220-2,0.00
data/training/paragraph2sentence.train.input.tsv,paragraph2sentence.train-Newswire-221-1,paragraph2sentence.train-Newswire-221-2,3.13
data/training/paragraph2sentence.train.input.tsv,paragraph2sentence.train-Newswire-222-1,paragraph2sentence.train-Newswire-222-2,2.38
data/training/paragraph2sentence.train.input.tsv,paragraph2sentence.train-Newswire-223-1,paragraph2sentence.train-Newswire-223-2,1.50
data/training/paragraph2sentence.train.input.tsv,paragraph2sentence.train-Newswire-224-1,paragraph2sentence.train-Newswire-224-2,0.00
data/training/paragraph2sentence.train.input.tsv,paragraph2sentence.train-Newswire-225-1,paragraph2sentence.train-Newswire-225-2,0.00
data/training/paragraph2sentence.train.input.tsv,paragraph2sentence.train-Newswire-226-1,paragraph2sentence.train-Newswire-226-2,3.50
data/training/paragraph2sentence.train.input.tsv,paragraph2sentence.train-Newswire-227-1,paragraph2sentence.train-Newswire-227-2,2.00
data/training/paragraph2sentence.train.input.tsv,paragraph2sentence.train-Newswire-228-1,paragraph2sentence.train-Newswire-228-2,3.00
data/training/paragraph2sentence.train.input.tsv,paragraph2sentence.train-Newswire-229-1,paragraph2sentence.train-Newswire-229-2,4.00
data/training/paragraph2sentence.train.input.tsv,paragraph2sentence.train-Newswire-230-1,paragraph2sentence.train-Newswire-230-2,2.50
data/training/paragraph2sentence.train.input.tsv,paragraph2sentence.train-Newswire-231-1,paragraph2sentence.train-Newswire-231-2,4.00
data/training/paragraph2sentence.train.input.tsv,paragraph2sentence.train-Newswire-232-1,paragraph2sentence.train-Newswire-232-2,4.00
data/training/paragraph2sentence.train.input.tsv,paragraph2sentence.train-Newswire-233-1,paragraph2sentence.train-Newswire-233-2,2.50
data/training/paragraph2sentence.train.input.tsv,paragraph2sentence.train-Newswire-234-1,paragraph2sentence.train-Newswire-234-2,0.00
data/training/paragraph2sentence.train.input.tsv,paragraph2sentence.train-Newswire-235-1,paragraph2sentence.train-Newswire-235-2,0.00
data/training/paragraph2sentence.train.input.tsv,paragraph2sentence.train-Newswire-236-1,paragraph2sentence.train-Newswire-236-2,0.00
data/training/paragraph2sentence.train.input.tsv,paragraph2sentence.train-Newswire-237-1,paragraph2sentence.train-Newswire-237-2,3.50
data/training/paragraph2sentence.train.input.tsv,paragraph2sentence.train-Newswire-238-1,paragraph2sentence.train-Newswire-238-2,2.00
data/training/paragraph2sentence.train.input.tsv,paragraph2sentence.train-Newswire-239-1,paragraph2sentence.train-Newswire-239-2,0.75
data/training/paragraph2sentence.train.input.tsv,paragraph2sentence.train-Newswire-240-1,paragraph2sentence.train-Newswire-240-2,0.00
data/training/paragraph2sentence.train.input.tsv,paragraph2sentence.train-Newswire-241-1,paragraph2sentence.train-Newswire-241-2,3.00
data/training/paragraph2sentence.train.input.tsv,paragraph2sentence.train-Newswire-242-1,paragraph2sentence.train-Newswire-242-2,0.00
data/training/paragraph2sentence.train.input.tsv,paragraph2sentence.train-Newswire-243-1,paragraph2sentence.train-Newswire-243-2,2.00
data/training/paragraph2sentence.train.input.tsv,paragraph2sentence.train-Newswire-244-1,paragraph2sentence.train-Newswire-244-2,0.00
data/training/paragraph2sentence.train.input.tsv,paragraph2sentence.train-Newswire-245-1,paragraph2sentence.train-Newswire-245-2,0.00
data/training/paragraph2sentence.train.input.tsv,paragraph2sentence.train-Newswire-246-1,paragraph2sentence.train-Newswire-246-2,3.50
data/training/paragraph2sentence.train.input.tsv,paragraph2sentence.train-Newswire-247-1,paragraph2sentence.train-Newswire-247-2,3.00
data/training/paragraph2sentence.train.input.tsv,paragraph2sentence.train-Newswire-248-1,paragraph2sentence.train-Newswire-248-2,0.00
data/training/paragraph2sentence.train.input.tsv,paragraph2sentence.train-Newswire-249-1,paragraph2sentence.train-Newswire-249-2,3.25
data/training/paragraph2sentence.train.input.tsv,paragraph2sentence.train-Newswire-250-1,paragraph2sentence.train-Newswire-250-2,0.50
data/training/paragraph2sentence.train.input.tsv,paragraph2sentence.train-Newswire-251-1,paragraph2sentence.train-Newswire-251-2,0.50
data/training/paragraph2sentence.train.input.tsv,paragraph2sentence.train-Newswire-252-1,paragraph2sentence.train-Newswire-252-2,2.00
data/training/paragraph2sentence.train.input.tsv,paragraph2sentence.train-CQA-253-1,paragraph2sentence.train-CQA-253-2,1.50
data/training/paragraph2sentence.train.input.tsv,paragraph2sentence.train-CQA-254-1,paragraph2sentence.train-CQA-254-2,0.50
data/training/paragraph2sentence.train.input.tsv,paragraph2sentence.train-CQA-255-1,paragraph2sentence.train-CQA-255-2,0.50
data/training/paragraph2sentence.train.input.tsv,paragraph2sentence.train-CQA-256-1,paragraph2sentence.train-CQA-256-2,4.00
data/training/paragraph2sentence.train.input.tsv,paragraph2sentence.train-CQA-257-1,paragraph2sentence.train-CQA-257-2,1.50
data/training/paragraph2sentence.train.input.tsv,paragraph2sentence.train-CQA-258-1,paragraph2sentence.train-CQA-258-2,3.00
data/training/paragraph2sentence.train.input.tsv,paragraph2sentence.train-CQA-259-1,paragraph2sentence.train-CQA-259-2,0.00
data/training/paragraph2sentence.train.input.tsv,paragraph2sentence.train-CQA-260-1,paragraph2sentence.train-CQA-260-2,2.00
data/training/paragraph2sentence.train.input.tsv,paragraph2sentence.train-CQA-261-1,paragraph2sentence.train-CQA-261-2,3.00
data/training/paragraph2sentence.train.input.tsv,paragraph2sentence.train-CQA-262-1,paragraph2sentence.train-CQA-262-2,2.50
data/training/paragraph2sentence.train.input.tsv,paragraph2sentence.train-CQA-263-1,paragraph2sentence.train-CQA-263-2,4.00
data/training/paragraph2sentence.train.input.tsv,paragraph2sentence.train-CQA-264-1,paragraph2sentence.train-CQA-264-2,2.50
data/training/paragraph2sentence.train.input.tsv,paragraph2sentence.train-CQA-265-1,paragraph2sentence.train-CQA-265-2,2.00
data/training/paragraph2sentence.train.input.tsv,paragraph2sentence.train-CQA-266-1,paragraph2sentence.train-CQA-266-2,0.00
data/training/paragraph2sentence.train.input.tsv,paragraph2sentence.train-CQA-267-1,paragraph2sentence.train-CQA-267-2,0.00
data/training/paragraph2sentence.train.input.tsv,paragraph2sentence.train-CQA-268-1,paragraph2sentence.train-CQA-268-2,1.00
data/training/paragraph2sentence.train.input.tsv,paragraph2sentence.train-CQA-269-1,paragraph2sentence.train-CQA-269-2,2.00
data/training/paragraph2sentence.train.input.tsv,paragraph2sentence.train-CQA-270-1,paragraph2sentence.train-CQA-270-2,0.75
data/training/paragraph2sentence.train.input.tsv,paragraph2sentence.train-CQA-271-1,paragraph2sentence.train-CQA-271-2,0.00
data/training/paragraph2sentence.train.input.tsv,paragraph2sentence.train-CQA-272-1,paragraph2sentence.train-CQA-272-2,0.00
data/training/paragraph2sentence.train.input.tsv,paragraph2sentence.train-CQA-273-1,paragraph2sentence.train-CQA-273-2,4.00
data/training/paragraph2sentence.train.input.tsv,paragraph2sentence.train-CQA-274-1,paragraph2sentence.train-CQA-274-2,3.25
data/training/paragraph2sentence.train.input.tsv,paragraph2sentence.train-CQA-275-1,paragraph2sentence.train-CQA-275-2,3.25
data/training/paragraph2sentence.train.input.tsv,paragraph2sentence.train-CQA-276-1,paragraph2sentence.train-CQA-276-2,3.00
data/training/paragraph2sentence.train.input.tsv,paragraph2sentence.train-CQA-277-1,paragraph2sentence.train-CQA-277-2,2.50
data/training/paragraph2sentence.train.input.tsv,paragraph2sentence.train-CQA-278-1,paragraph2sentence.train-CQA-278-2,1.50
data/training/paragraph2sentence.train.input.tsv,paragraph2sentence.train-CQA-279-1,paragraph2sentence.train-CQA-279-2,4.00
data/training/paragraph2sentence.train.input.tsv,paragraph2sentence.train-CQA-280-1,paragraph2sentence.train-CQA-280-2,2.00
data/training/paragraph2sentence.train.input.tsv,paragraph2sentence.train-CQA-281-1,paragraph2sentence.train-CQA-281-2,0.00
data/training/paragraph2sentence.train.input.tsv,paragraph2sentence.train-CQA-282-1,paragraph2sentence.train-CQA-282-2,4.00
data/training/paragraph2sentence.train.input.tsv,paragraph2sentence.train-CQA-283-1,paragraph2sentence.train-CQA-283-2,0.00
data/training/paragraph2sentence.train.input.tsv,paragraph2sentence.train-CQA-284-1,paragraph2sentence.train-CQA-284-2,2.50
data/training/paragraph2sentence.train.input.tsv,paragraph2sentence.train-CQA-285-1,paragraph2sentence.train-CQA-285-2,3.50
data/training/paragraph2sentence.train.input.tsv,paragraph2sentence.train-CQA-286-1,paragraph2sentence.train-CQA-286-2,2.50
data/training/paragraph2sentence.train.input.tsv,paragraph2sentence.train-CQA-287-1,paragraph2sentence.train-CQA-287-2,2.00
data/training/paragraph2sentence.train.input.tsv,paragraph2sentence.train-CQA-288-1,paragraph2sentence.train-CQA-288-2,2.00
data/training/paragraph2sentence.train.input.tsv,paragraph2sentence.train-CQA-289-1,paragraph2sentence.train-CQA-289-2,3.38
data/training/paragraph2sentence.train.input.tsv,paragraph2sentence.train-CQA-290-1,paragraph2sentence.train-CQA-290-2,0.00
data/training/paragraph2sentence.train.input.tsv,paragraph2sentence.train-CQA-291-1,paragraph2sentence.train-CQA-291-2,2.00
data/training/paragraph2sentence.train.input.tsv,paragraph2sentence.train-CQA-292-1,paragraph2sentence.train-CQA-292-2,4.00
data/training/paragraph2sentence.train.input.tsv,paragraph2sentence.train-CQA-293-1,paragraph2sentence.train-CQA-293-2,0.00
data/training/paragraph2sentence.train.input.tsv,paragraph2sentence.train-CQA-294-1,paragraph2sentence.train-CQA-294-2,3.00
data/training/paragraph2sentence.train.input.tsv,paragraph2sentence.train-CQA-295-1,paragraph2sentence.train-CQA-295-2,3.00
data/training/paragraph2sentence.train.input.tsv,paragraph2sentence.train-CQA-296-1,paragraph2sentence.train-CQA-296-2,2.00
data/training/paragraph2sentence.train.input.tsv,paragraph2sentence.train-CQA-297-1,paragraph2sentence.train-CQA-297-2,0.00
data/training/paragraph2sentence.train.input.tsv,paragraph2sentence.train-CQA-298-1,paragraph2sentence.train-CQA-298-2,0.00
data/training/paragraph2sentence.train.input.tsv,paragraph2sentence.train-CQA-299-1,paragraph2sentence.train-CQA-299-2,2.75
data/training/paragraph2sentence.train.input.tsv,paragraph2sentence.train-CQA-300-1,paragraph2sentence.train-CQA-300-2,2.00
data/training/paragraph2sentence.train.input.tsv,paragraph2sentence.train-CQA-301-1,paragraph2sentence.train-CQA-301-2,3.50
data/training/paragraph2sentence.train.input.tsv,paragraph2sentence.train-CQA-302-1,paragraph2sentence.train-CQA-302-2,3.50
data/training/paragraph2sentence.train.input.tsv,paragraph2sentence.train-CQA-303-1,paragraph2sentence.train-CQA-303-2,3.38
data/training/paragraph2sentence.train.input.tsv,paragraph2sentence.train-CQA-304-1,paragraph2sentence.train-CQA-304-2,3.00
data/training/paragraph2sentence.train.input.tsv,paragraph2sentence.train-CQA-305-1,paragraph2sentence.train-CQA-305-2,3.00
data/training/paragraph2sentence.train.input.tsv,paragraph2sentence.train-CQA-306-1,paragraph2sentence.train-CQA-306-2,3.50
data/training/paragraph2sentence.train.input.tsv,paragraph2sentence.train-CQA-307-1,paragraph2sentence.train-CQA-307-2,4.00
data/training/paragraph2sentence.train.input.tsv,paragraph2sentence.train-CQA-308-1,paragraph2sentence.train-CQA-308-2,4.00
data/training/paragraph2sentence.train.input.tsv,paragraph2sentence.train-CQA-309-1,paragraph2sentence.train-CQA-309-2,3.00
data/training/paragraph2sentence.train.input.tsv,paragraph2sentence.train-CQA-310-1,paragraph2sentence.train-CQA-310-2,3.00
data/training/paragraph2sentence.train.input.tsv,paragraph2sentence.train-CQA-311-1,paragraph2sentence.train-CQA-311-2,3.25
data/training/paragraph2sentence.train.input.tsv,paragraph2sentence.train-CQA-312-1,paragraph2sentence.train-CQA-312-2,2.00
data/training/paragraph2sentence.train.input.tsv,paragraph2sentence.train-CQA-313-1,paragraph2sentence.train-CQA-313-2,3.50
data/training/paragraph2sentence.train.input.tsv,paragraph2sentence.train-CQA-314-1,paragraph2sentence.train-CQA-314-2,0.50
data/training/paragraph2sentence.train.input.tsv,paragraph2sentence.train-CQA-315-1,paragraph2sentence.train-CQA-315-2,0.00
data/training/paragraph2sentence.train.input.tsv,paragraph2sentence.train-CQA-316-1,paragraph2sentence.train-CQA-316-2,3.00
data/training/paragraph2sentence.train.input.tsv,paragraph2sentence.train-CQA-317-1,paragraph2sentence.train-CQA-317-2,2.00
data/training/paragraph2sentence.train.input.tsv,paragraph2sentence.train-CQA-318-1,paragraph2sentence.train-CQA-318-2,0.00
data/training/paragraph2sentence.train.input.tsv,paragraph2sentence.train-CQA-319-1,paragraph2sentence.train-CQA-319-2,3.00
data/training/paragraph2sentence.train.input.tsv,paragraph2sentence.train-CQA-320-1,paragraph2sentence.train-CQA-320-2,3.00
data/training/paragraph2sentence.train.input.tsv,paragraph2sentence.train-CQA-321-1,paragraph2sentence.train-CQA-321-2,2.50
data/training/paragraph2sentence.train.input.tsv,paragraph2sentence.train-CQA-322-1,paragraph2sentence.train-CQA-322-2,3.00
data/training/paragraph2sentence.train.input.tsv,paragraph2sentence.train-CQA-323-1,paragraph2sentence.train-CQA-323-2,1.00
data/training/paragraph2sentence.train.input.tsv,paragraph2sentence.train-CQA-324-1,paragraph2sentence.train-CQA-324-2,2.50
data/training/paragraph2sentence.train.input.tsv,paragraph2sentence.train-CQA-325-1,paragraph2sentence.train-CQA-325-2,1.00
data/training/paragraph2sentence.train.input.tsv,paragraph2sentence.train-CQA-326-1,paragraph2sentence.train-CQA-326-2,1.50
data/training/paragraph2sentence.train.input.tsv,paragraph2sentence.train-CQA-327-1,paragraph2sentence.train-CQA-327-2,3.25
data/training/paragraph2sentence.train.input.tsv,paragraph2sentence.train-CQA-328-1,paragraph2sentence.train-CQA-328-2,3.25
data/training/paragraph2sentence.train.input.tsv,paragraph2sentence.train-CQA-329-1,paragraph2sentence.train-CQA-329-2,1.00
data/training/paragraph2sentence.train.input.tsv,paragraph2sentence.train-CQA-330-1,paragraph2sentence.train-CQA-330-2,4.00
data/training/paragraph2sentence.train.input.tsv,paragraph2sentence.train-CQA-331-1,paragraph2sentence.train-CQA-331-2,0.00
data/training/paragraph2sentence.train.input.tsv,paragraph2sentence.train-CQA-332-1,paragraph2sentence.train-CQA-332-2,3.00
data/training/paragraph2sentence.train.input.tsv,paragraph2sentence.train-CQA-333-1,paragraph2sentence.train-CQA-333-2,1.50
data/training/paragraph2sentence.train.input.tsv,paragraph2sentence.train-CQA-334-1,paragraph2sentence.train-CQA-334-2,3.50
data/training/paragraph2sentence.train.input.tsv,paragraph2sentence.train-CQA-335-1,paragraph2sentence.train-CQA-335-2,0.00
data/training/paragraph2sentence.train.input.tsv,paragraph2sentence.train-CQA-336-1,paragraph2sentence.train-CQA-336-2,2.50
data/training/paragraph2sentence.train.input.tsv,paragraph2sentence.train-CQA-337-1,paragraph2sentence.train-CQA-337-2,2.50
data/training/paragraph2sentence.train.input.tsv,paragraph2sentence.train-CQA-338-1,paragraph2sentence.train-CQA-338-2,3.00
data/training/paragraph2sentence.train.input.tsv,paragraph2sentence.train-CQA-339-1,paragraph2sentence.train-CQA-339-2,0.00
data/training/paragraph2sentence.train.input.tsv,paragraph2sentence.train-CQA-340-1,paragraph2sentence.train-CQA-340-2,3.00
data/training/paragraph2sentence.train.input.tsv,paragraph2sentence.train-CQA-341-1,paragraph2sentence.train-CQA-341-2,3.00
data/training/paragraph2sentence.train.input.tsv,paragraph2sentence.train-CQA-342-1,paragraph2sentence.train-CQA-342-2,1.00
data/training/paragraph2sentence.train.input.tsv,paragraph2sentence.train-CQA-343-1,paragraph2sentence.train-CQA-343-2,2.50
data/training/paragraph2sentence.train.input.tsv,paragraph2sentence.train-CQA-344-1,paragraph2sentence.train-CQA-344-2,0.75
data/training/paragraph2sentence.train.input.tsv,paragraph2sentence.train-CQA-345-1,paragraph2sentence.train-CQA-345-2,0.50
data/training/paragraph2sentence.train.input.tsv,paragraph2sentence.train-CQA-346-1,paragraph2sentence.train-CQA-346-2,2.50
data/training/paragraph2sentence.train.input.tsv,paragraph2sentence.train-CQA-347-1,paragraph2sentence.train-CQA-347-2,4.00
data/training/paragraph2sentence.train.input.tsv,paragraph2sentence.train-CQA-348-1,paragraph2sentence.train-CQA-348-2,1.00
data/training/paragraph2sentence.train.input.tsv,paragraph2sentence.train-CQA-349-1,paragraph2sentence.train-CQA-349-2,0.50
data/training/paragraph2sentence.train.input.tsv,paragraph2sentence.train-CQA-350-1,paragraph2sentence.train-CQA-350-2,3.00
data/training/paragraph2sentence.train.input.tsv,paragraph2sentence.train-CQA-351-1,paragraph2sentence.train-CQA-351-2,2.50
data/training/paragraph2sentence.train.input.tsv,paragraph2sentence.train-CQA-352-1,paragraph2sentence.train-CQA-352-2,0.50
data/training/paragraph2sentence.train.input.tsv,paragraph2sentence.train-CQA-353-1,paragraph2sentence.train-CQA-353-2,1.50
data/training/paragraph2sentence.train.input.tsv,paragraph2sentence.train-CQA-354-1,paragraph2sentence.train-CQA-354-2,3.25
data/training/paragraph2sentence.train.input.tsv,paragraph2sentence.train-CQA-355-1,paragraph2sentence.train-CQA-355-2,0.00
data/training/paragraph2sentence.train.input.tsv,paragraph2sentence.train-CQA-356-1,paragraph2sentence.train-CQA-356-2,1.50
data/training/paragraph2sentence.train.input.tsv,paragraph2sentence.train-CQA-357-1,paragraph2sentence.train-CQA-357-2,4.00
data/training/paragraph2sentence.train.input.tsv,paragraph2sentence.train-Metaphoric-358-1,paragraph2sentence.train-Metaphoric-358-2,3.50
data/training/paragraph2sentence.train.input.tsv,paragraph2sentence.train-Metaphoric-359-1,paragraph2sentence.train-Metaphoric-359-2,4.00
data/training/paragraph2sentence.train.input.tsv,paragraph2sentence.train-Metaphoric-360-1,paragraph2sentence.train-Metaphoric-360-2,0.50
data/training/paragraph2sentence.train.input.tsv,paragraph2sentence.train-Metaphoric-361-1,paragraph2sentence.train-Metaphoric-361-2,1.00
data/training/paragraph2sentence.train.input.tsv,paragraph2sentence.train-Metaphoric-362-1,paragraph2sentence.train-Metaphoric-362-2,2.00
data/training/paragraph2sentence.train.input.tsv,paragraph2sentence.train-Metaphoric-363-1,paragraph2sentence.train-Metaphoric-363-2,1.50
data/training/paragraph2sentence.train.input.tsv,paragraph2sentence.train-Metaphoric-364-1,paragraph2sentence.train-Metaphoric-364-2,0.00
data/training/paragraph2sentence.train.input.tsv,paragraph2sentence.train-Metaphoric-365-1,paragraph2sentence.train-Metaphoric-365-2,0.00
data/training/paragraph2sentence.train.input.tsv,paragraph2sentence.train-Metaphoric-366-1,paragraph2sentence.train-Metaphoric-366-2,4.00
data/training/paragraph2sentence.train.input.tsv,paragraph2sentence.train-Metaphoric-367-1,paragraph2sentence.train-Metaphoric-367-2,3.50
data/training/paragraph2sentence.train.input.tsv,paragraph2sentence.train-Metaphoric-368-1,paragraph2sentence.train-Metaphoric-368-2,2.00
data/training/paragraph2sentence.train.input.tsv,paragraph2sentence.train-Metaphoric-369-1,paragraph2sentence.train-Metaphoric-369-2,0.00
data/training/paragraph2sentence.train.input.tsv,paragraph2sentence.train-Metaphoric-370-1,paragraph2sentence.train-Metaphoric-370-2,4.00
data/training/paragraph2sentence.train.input.tsv,paragraph2sentence.train-Metaphoric-371-1,paragraph2sentence.train-Metaphoric-371-2,3.50
data/training/paragraph2sentence.train.input.tsv,paragraph2sentence.train-Metaphoric-372-1,paragraph2sentence.train-Metaphoric-372-2,3.00
data/training/paragraph2sentence.train.input.tsv,paragraph2sentence.train-Metaphoric-373-1,paragraph2sentence.train-Metaphoric-373-2,0.00
data/training/paragraph2sentence.train.input.tsv,paragraph2sentence.train-Metaphoric-374-1,paragraph2sentence.train-Metaphoric-374-2,3.00
data/training/paragraph2sentence.train.input.tsv,paragraph2sentence.train-Metaphoric-375-1,paragraph2sentence.train-Metaphoric-375-2,3.00
data/training/paragraph2sentence.train.input.tsv,paragraph2sentence.train-Metaphoric-376-1,paragraph2sentence.train-Metaphoric-376-2,2.00
data/training/paragraph2sentence.train.input.tsv,paragraph2sentence.train-Metaphoric-377-1,paragraph2sentence.train-Metaphoric-377-2,3.00
data/training/paragraph2sentence.train.input.tsv,paragraph2sentence.train-Metaphoric-378-1,paragraph2sentence.train-Metaphoric-378-2,1.00
data/training/paragraph2sentence.train.input.tsv,paragraph2sentence.train-Metaphoric-379-1,paragraph2sentence.train-Metaphoric-379-2,0.00
data/training/paragraph2sentence.train.input.tsv,paragraph2sentence.train-Metaphoric-380-1,paragraph2sentence.train-Metaphoric-380-2,1.00
data/training/paragraph2sentence.train.input.tsv,paragraph2sentence.train-Metaphoric-381-1,paragraph2sentence.train-Metaphoric-381-2,1.50
data/training/paragraph2sentence.train.input.tsv,paragraph2sentence.train-Metaphoric-382-1,paragraph2sentence.train-Metaphoric-382-2,1.00
data/training/paragraph2sentence.train.input.tsv,paragraph2sentence.train-Metaphoric-383-1,paragraph2sentence.train-Metaphoric-383-2,4.00
data/training/paragraph2sentence.train.input.tsv,paragraph2sentence.train-Metaphoric-384-1,paragraph2sentence.train-Metaphoric-384-2,4.00
data/training/paragraph2sentence.train.input.tsv,paragraph2sentence.train-Metaphoric-385-1,paragraph2sentence.train-Metaphoric-385-2,1.00
data/training/paragraph2sentence.train.input.tsv,paragraph2sentence.train-Metaphoric-386-1,paragraph2sentence.train-Metaphoric-386-2,2.00
data/training/paragraph2sentence.train.input.tsv,paragraph2sentence.train-Metaphoric-387-1,paragraph2sentence.train-Metaphoric-387-2,0.00
data/training/paragraph2sentence.train.input.tsv,paragraph2sentence.train-Metaphoric-388-1,paragraph2sentence.train-Metaphoric-388-2,4.00
data/training/paragraph2sentence.train.input.tsv,paragraph2sentence.train-Metaphoric-389-1,paragraph2sentence.train-Metaphoric-389-2,1.00
data/training/paragraph2sentence.train.input.tsv,paragraph2sentence.train-Metaphoric-390-1,paragraph2sentence.train-Metaphoric-390-2,1.00
data/training/paragraph2sentence.train.input.tsv,paragraph2sentence.train-Metaphoric-391-1,paragraph2sentence.train-Metaphoric-391-2,4.00
data/training/paragraph2sentence.train.input.tsv,paragraph2sentence.train-Metaphoric-392-1,paragraph2sentence.train-Metaphoric-392-2,0.00
data/training/paragraph2sentence.train.input.tsv,paragraph2sentence.train-Metaphoric-393-1,paragraph2sentence.train-Metaphoric-393-2,4.00
data/training/paragraph2sentence.train.input.tsv,paragraph2sentence.train-Metaphoric-394-1,paragraph2sentence.train-Metaphoric-394-2,0.00
data/training/paragraph2sentence.train.input.tsv,paragraph2sentence.train-Metaphoric-395-1,paragraph2sentence.train-Metaphoric-395-2,3.00
data/training/paragraph2sentence.train.input.tsv,paragraph2sentence.train-Metaphoric-396-1,paragraph2sentence.train-Metaphoric-396-2,4.00
data/training/paragraph2sentence.train.input.tsv,paragraph2sentence.train-Metaphoric-397-1,paragraph2sentence.train-Metaphoric-397-2,1.00
data/training/paragraph2sentence.train.input.tsv,paragraph2sentence.train-Metaphoric-398-1,paragraph2sentence.train-Metaphoric-398-2,1.00
data/training/paragraph2sentence.train.input.tsv,paragraph2sentence.train-Metaphoric-399-1,paragraph2sentence.train-Metaphoric-399-2,4.00
data/training/paragraph2sentence.train.input.tsv,paragraph2sentence.train-Metaphoric-400-1,paragraph2sentence.train-Metaphoric-400-2,4.00
data/training/paragraph2sentence.train.input.tsv,paragraph2sentence.train-Metaphoric-401-1,paragraph2sentence.train-Metaphoric-401-2,1.50
data/training/paragraph2sentence.train.input.tsv,paragraph2sentence.train-Metaphoric-402-1,paragraph2sentence.train-Metaphoric-402-2,0.00
data/training/paragraph2sentence.train.input.tsv,paragraph2sentence.train-Reviews-403-1,paragraph2sentence.train-Reviews-403-2,3.25
data/training/paragraph2sentence.train.input.tsv,paragraph2sentence.train-Reviews-404-1,paragraph2sentence.train-Reviews-404-2,1.00
data/training/paragraph2sentence.train.input.tsv,paragraph2sentence.train-Reviews-405-1,paragraph2sentence.train-Reviews-405-2,1.50
data/training/paragraph2sentence.train.input.tsv,paragraph2sentence.train-Reviews-406-1,paragraph2sentence.train-Reviews-406-2,0.50
data/training/paragraph2sentence.train.input.tsv,paragraph2sentence.train-Reviews-407-1,paragraph2sentence.train-Reviews-407-2,1.00
data/training/paragraph2sentence.train.input.tsv,paragraph2sentence.train-Reviews-408-1,paragraph2sentence.train-Reviews-408-2,4.00
data/training/paragraph2sentence.train.input.tsv,paragraph2sentence.train-Reviews-409-1,paragraph2sentence.train-Reviews-409-2,2.00
data/training/paragraph2sentence.train.input.tsv,paragraph2sentence.train-Reviews-410-1,paragraph2sentence.train-Reviews-410-2,3.00
data/training/paragraph2sentence.train.input.tsv,paragraph2sentence.train-Reviews-411-1,paragraph2sentence.train-Reviews-411-2,1.00
data/training/paragraph2sentence.train.input.tsv,paragraph2sentence.train-Reviews-412-1,paragraph2sentence.train-Reviews-412-2,3.50
data/training/paragraph2sentence.train.input.tsv,paragraph2sentence.train-Reviews-413-1,paragraph2sentence.train-Reviews-413-2,1.50
data/training/paragraph2sentence.train.input.tsv,paragraph2sentence.train-Reviews-414-1,paragraph2sentence.train-Reviews-414-2,1.00
data/training/paragraph2sentence.train.input.tsv,paragraph2sentence.train-Reviews-415-1,paragraph2sentence.train-Reviews-415-2,2.00
data/training/paragraph2sentence.train.input.tsv,paragraph2sentence.train-Reviews-416-1,paragraph2sentence.train-Reviews-416-2,4.00
data/training/paragraph2sentence.train.input.tsv,paragraph2sentence.train-Reviews-417-1,paragraph2sentence.train-Reviews-417-2,0.00
data/training/paragraph2sentence.train.input.tsv,paragraph2sentence.train-Reviews-418-1,paragraph2sentence.train-Reviews-418-2,1.00
data/training/paragraph2sentence.train.input.tsv,paragraph2sentence.train-Reviews-419-1,paragraph2sentence.train-Reviews-419-2,2.50
data/training/paragraph2sentence.train.input.tsv,paragraph2sentence.train-Reviews-420-1,paragraph2sentence.train-Reviews-420-2,1.00
data/training/paragraph2sentence.train.input.tsv,paragraph2sentence.train-Reviews-421-1,paragraph2sentence.train-Reviews-421-2,4.00
data/training/paragraph2sentence.train.input.tsv,paragraph2sentence.train-Reviews-422-1,paragraph2sentence.train-Reviews-422-2,1.00
data/training/paragraph2sentence.train.input.tsv,paragraph2sentence.train-Reviews-423-1,paragraph2sentence.train-Reviews-423-2,2.25
data/training/paragraph2sentence.train.input.tsv,paragraph2sentence.train-Reviews-424-1,paragraph2sentence.train-Reviews-424-2,1.50
data/training/paragraph2sentence.train.input.tsv,paragraph2sentence.train-Reviews-425-1,paragraph2sentence.train-Reviews-425-2,1.00
data/training/paragraph2sentence.train.input.tsv,paragraph2sentence.train-Reviews-426-1,paragraph2sentence.train-Reviews-426-2,2.50
data/training/paragraph2sentence.train.input.tsv,paragraph2sentence.train-Reviews-427-1,paragraph2sentence.train-Reviews-427-2,4.00
data/training/paragraph2sentence.train.input.tsv,paragraph2sentence.train-Reviews-428-1,paragraph2sentence.train-Reviews-428-2,2.00
data/training/paragraph2sentence.train.input.tsv,paragraph2sentence.train-Reviews-429-1,paragraph2sentence.train-Reviews-429-2,3.00
data/training/paragraph2sentence.train.input.tsv,paragraph2sentence.train-Reviews-430-1,paragraph2sentence.train-Reviews-430-2,3.50
data/training/paragraph2sentence.train.input.tsv,paragraph2sentence.train-Reviews-431-1,paragraph2sentence.train-Reviews-431-2,2.00
data/training/paragraph2sentence.train.input.tsv,paragraph2sentence.train-Reviews-432-1,paragraph2sentence.train-Reviews-432-2,3.50
data/training/paragraph2sentence.train.input.tsv,paragraph2sentence.train-Reviews-433-1,paragraph2sentence.train-Reviews-433-2,0.50
data/training/paragraph2sentence.train.input.tsv,paragraph2sentence.train-Reviews-434-1,paragraph2sentence.train-Reviews-434-2,2.00
data/training/paragraph2sentence.train.input.tsv,paragraph2sentence.train-Reviews-435-1,paragraph2sentence.train-Reviews-435-2,2.00
data/training/paragraph2sentence.train.input.tsv,paragraph2sentence.train-Reviews-436-1,paragraph2sentence.train-Reviews-436-2,3.00
data/training/paragraph2sentence.train.input.tsv,paragraph2sentence.train-Reviews-437-1,paragraph2sentence.train-Reviews-437-2,0.50
data/training/paragraph2sentence.train.input.tsv,paragraph2sentence.train-Reviews-438-1,paragraph2sentence.train-Reviews-438-2,3.75
data/training/paragraph2sentence.train.input.tsv,paragraph2sentence.train-Reviews-439-1,paragraph2sentence.train-Reviews-439-2,3.00
data/training/paragraph2sentence.train.input.tsv,paragraph2sentence.train-Reviews-440-1,paragraph2sentence.train-Reviews-440-2,0.00
data/training/paragraph2sentence.train.input.tsv,paragraph2sentence.train-Reviews-441-1,paragraph2sentence.train-Reviews-441-2,2.00
data/training/paragraph2sentence.train.input.tsv,paragraph2sentence.train-Reviews-442-1,paragraph2sentence.train-Reviews-442-2,0.00
data/training/paragraph2sentence.train.input.tsv,paragraph2sentence.train-Reviews-443-1,paragraph2sentence.train-Reviews-443-2,0.00
data/training/paragraph2sentence.train.input.tsv,paragraph2sentence.train-Reviews-444-1,paragraph2sentence.train-Reviews-444-2,3.00
data/training/paragraph2sentence.train.input.tsv,paragraph2sentence.train-Reviews-445-1,paragraph2sentence.train-Reviews-445-2,2.00
data/training/paragraph2sentence.train.input.tsv,paragraph2sentence.train-Reviews-446-1,paragraph2sentence.train-Reviews-446-2,2.50
data/training/paragraph2sentence.train.input.tsv,paragraph2sentence.train-Reviews-447-1,paragraph2sentence.train-Reviews-447-2,2.00
data/training/paragraph2sentence.train.input.tsv,paragraph2sentence.train-Reviews-448-1,paragraph2sentence.train-Reviews-448-2,3.00
data/training/paragraph2sentence.train.input.tsv,paragraph2sentence.train-Reviews-449-1,paragraph2sentence.train-Reviews-449-2,3.75
data/training/paragraph2sentence.train.input.tsv,paragraph2sentence.train-Reviews-450-1,paragraph2sentence.train-Reviews-450-2,0.00
data/training/paragraph2sentence.train.input.tsv,paragraph2sentence.train-Reviews-451-1,paragraph2sentence.train-Reviews-451-2,1.00
data/training/paragraph2sentence.train.input.tsv,paragraph2sentence.train-Reviews-452-1,paragraph2sentence.train-Reviews-452-2,1.00
data/training/paragraph2sentence.train.input.tsv,paragraph2sentence.train-Reviews-453-1,paragraph2sentence.train-Reviews-453-2,2.50
data/training/paragraph2sentence.train.input.tsv,paragraph2sentence.train-Reviews-454-1,paragraph2sentence.train-Reviews-454-2,0.00
data/training/paragraph2sentence.train.input.tsv,paragraph2sentence.train-Reviews-455-1,paragraph2sentence.train-Reviews-455-2,1.50
data/training/paragraph2sentence.train.input.tsv,paragraph2sentence.train-Reviews-456-1,paragraph2sentence.train-Reviews-456-2,0.00
data/training/paragraph2sentence.train.input.tsv,paragraph2sentence.train-Reviews-457-1,paragraph2sentence.train-Reviews-457-2,3.88
data/training/paragraph2sentence.train.input.tsv,paragraph2sentence.train-Reviews-458-1,paragraph2sentence.train-Reviews-458-2,1.00
data/training/paragraph2sentence.train.input.tsv,paragraph2sentence.train-Reviews-459-1,paragraph2sentence.train-Reviews-459-2,3.00
data/training/paragraph2sentence.train.input.tsv,paragraph2sentence.train-Reviews-460-1,paragraph2sentence.train-Reviews-460-2,0.00
data/training/paragraph2sentence.train.input.tsv,paragraph2sentence.train-Reviews-461-1,paragraph2sentence.train-Reviews-461-2,0.00
data/training/paragraph2sentence.train.input.tsv,paragraph2sentence.train-Reviews-462-1,paragraph2sentence.train-Reviews-462-2,4.00
data/training/paragraph2sentence.train.input.tsv,paragraph2sentence.train-Reviews-463-1,paragraph2sentence.train-Reviews-463-2,3.00
data/training/paragraph2sentence.train.input.tsv,paragraph2sentence.train-Reviews-464-1,paragraph2sentence.train-Reviews-464-2,2.50
data/training/paragraph2sentence.train.input.tsv,paragraph2sentence.train-Reviews-465-1,paragraph2sentence.train-Reviews-465-2,2.00
data/training/paragraph2sentence.train.input.tsv,paragraph2sentence.train-Reviews-466-1,paragraph2sentence.train-Reviews-466-2,0.75
data/training/paragraph2sentence.train.input.tsv,paragraph2sentence.train-Reviews-467-1,paragraph2sentence.train-Reviews-467-2,0.00
data/training/paragraph2sentence.train.input.tsv,paragraph2sentence.train-Reviews-468-1,paragraph2sentence.train-Reviews-468-2,3.25
data/training/paragraph2sentence.train.input.tsv,paragraph2sentence.train-Reviews-469-1,paragraph2sentence.train-Reviews-469-2,1.00
data/training/paragraph2sentence.train.input.tsv,paragraph2sentence.train-Reviews-470-1,paragraph2sentence.train-Reviews-470-2,2.00
data/training/paragraph2sentence.train.input.tsv,paragraph2sentence.train-Reviews-471-1,paragraph2sentence.train-Reviews-471-2,3.25
data/training/paragraph2sentence.train.input.tsv,paragraph2sentence.train-Reviews-472-1,paragraph2sentence.train-Reviews-472-2,1.50
data/training/paragraph2sentence.train.input.tsv,paragraph2sentence.train-Reviews-473-1,paragraph2sentence.train-Reviews-473-2,0.00
data/training/paragraph2sentence.train.input.tsv,paragraph2sentence.train-Reviews-474-1,paragraph2sentence.train-Reviews-474-2,3.25
data/training/paragraph2sentence.train.input.tsv,paragraph2sentence.train-Reviews-475-1,paragraph2sentence.train-Reviews-475-2,4.00
data/training/paragraph2sentence.train.input.tsv,paragraph2sentence.train-Reviews-476-1,paragraph2sentence.train-Reviews-476-2,0.00
data/training/paragraph2sentence.train.input.tsv,paragraph2sentence.train-Reviews-477-1,paragraph2sentence.train-Reviews-477-2,2.00
data/training/paragraph2sentence.train.input.tsv,paragraph2sentence.train-Reviews-478-1,paragraph2sentence.train-Reviews-478-2,0.50
data/training/paragraph2sentence.train.input.tsv,paragraph2sentence.train-Reviews-479-1,paragraph2sentence.train-Reviews-479-2,0.50
data/training/paragraph2sentence.train.input.tsv,paragraph2sentence.train-Reviews-480-1,paragraph2sentence.train-Reviews-480-2,0.50
data/training/paragraph2sentence.train.input.tsv,paragraph2sentence.train-Reviews-481-1,paragraph2sentence.train-Reviews-481-2,3.00
data/training/paragraph2sentence.train.input.tsv,paragraph2sentence.train-Reviews-482-1,paragraph2sentence.train-Reviews-482-2,0.00
data/training/paragraph2sentence.train.input.tsv,paragraph2sentence.train-Reviews-483-1,paragraph2sentence.train-Reviews-483-2,1.50
data/training/paragraph2sentence.train.input.tsv,paragraph2sentence.train-Reviews-484-1,paragraph2sentence.train-Reviews-484-2,0.00
data/training/paragraph2sentence.train.input.tsv,paragraph2sentence.train-Reviews-485-1,paragraph2sentence.train-Reviews-485-2,0.00
data/training/paragraph2sentence.train.input.tsv,paragraph2sentence.train-Reviews-486-1,paragraph2sentence.train-Reviews-486-2,4.00
data/training/paragraph2sentence.train.input.tsv,paragraph2sentence.train-Reviews-487-1,paragraph2sentence.train-Reviews-487-2,3.25
data/training/paragraph2sentence.train.input.tsv,paragraph2sentence.train-Reviews-488-1,paragraph2sentence.train-Reviews-488-2,3.00
data/training/paragraph2sentence.train.input.tsv,paragraph2sentence.train-Reviews-489-1,paragraph2sentence.train-Reviews-489-2,3.25
data/training/paragraph2sentence.train.input.tsv,paragraph2sentence.train-Reviews-490-1,paragraph2sentence.train-Reviews-490-2,1.50
data/training/paragraph2sentence.train.input.tsv,paragraph2sentence.train-Reviews-491-1,paragraph2sentence.train-Reviews-491-2,2.50
data/training/paragraph2sentence.train.input.tsv,paragraph2sentence.train-Reviews-492-1,paragraph2sentence.train-Reviews-492-2,2.50
data/training/paragraph2sentence.train.input.tsv,paragraph2sentence.train-Reviews-493-1,paragraph2sentence.train-Reviews-493-2,1.00
data/training/paragraph2sentence.train.input.tsv,paragraph2sentence.train-Reviews-494-1,paragraph2sentence.train-Reviews-494-2,2.50
data/training/paragraph2sentence.train.input.tsv,paragraph2sentence.train-Reviews-495-1,paragraph2sentence.train-Reviews-495-2,4.00
data/training/paragraph2sentence.train.input.tsv,paragraph2sentence.train-Reviews-496-1,paragraph2sentence.train-Reviews-496-2,2.00
data/training/paragraph2sentence.train.input.tsv,paragraph2sentence.train-Reviews-497-1,paragraph2sentence.train-Reviews-497-2,0.00
data/training/paragraph2sentence.train.input.tsv,paragraph2sentence.train-Reviews-498-1,paragraph2sentence.train-Reviews-498-2,1.00
data/training/paragraph2sentence.train.input.tsv,paragraph2sentence.train-Reviews-499-1,paragraph2sentence.train-Reviews-499-2,3.00
data/training/paragraph2sentence.train.input.tsv,paragraph2sentence.train-Reviews-500-1,paragraph2sentence.train-Reviews-500-2,4.00
data/trial/sentence2phrase.trial.input.tsv,sentence2phrase.trial-trial-s2p-1-1,sentence2phrase.trial-trial-s2p-1-2,1.75
data/trial/sentence2phrase.trial.input.tsv,sentence2phrase.trial-trial-s2p-2-1,sentence2phrase.trial-trial-s2p-2-2,0
data/trial/sentence2phrase.trial.input.tsv,sentence2phrase.trial-trial-s2p-3-1,sentence2phrase.trial-trial-s2p-3-2,3.25
data/trial/sentence2phrase.trial.input.tsv,sentence2phrase.trial-trial-s2p-4-1,sentence2phrase.trial-trial-s2p-4-2,4
data/trial/sentence2phrase.trial.input.tsv,sentence2phrase.trial-trial-s2p-5-1,sentence2phrase.trial-trial-s2p-5-2,3.75
data/trial/sentence2phrase.trial.input.tsv,sentence2phrase.trial-trial-s2p-6-1,sentence2phrase.trial-trial-s2p-6-2,0.75
data/trial/sentence2phrase.trial.input.tsv,sentence2phrase.trial-trial-s2p-7-1,sentence2phrase.trial-trial-s2p-7-2,2
data/trial/sentence2phrase.trial.input.tsv,sentence2phrase.trial-trial-s2p-8-1,sentence2phrase.trial-trial-s2p-8-2,2
data/trial/sentence2phrase.trial.input.tsv,sentence2phrase.trial-trial-s2p-9-1,sentence2phrase.trial-trial-s2p-9-2,4
data/trial/sentence2phrase.trial.input.tsv,sentence2phrase.trial-trial-s2p-10-1,sentence2phrase.trial-trial-s2p-10-2,3.125
data/trial/sentence2phrase.trial.input.tsv,sentence2phrase.trial-trial-s2p-11-1,sentence2phrase.trial-trial-s2p-11-2,0
data/trial/sentence2phrase.trial.input.tsv,sentence2phrase.trial-trial-s2p-12-1,sentence2phrase.trial-trial-s2p-12-2,2.75
data/trial/sentence2phrase.trial.input.tsv,sentence2phrase.trial-trial-s2p-13-1,sentence2phrase.trial-trial-s2p-13-2,3.75
data/trial/sentence2phrase.trial.input.tsv,sentence2phrase.trial-trial-s2p-14-1,sentence2phrase.trial-trial-s2p-14-2,2.25
data/trial/sentence2phrase.trial.input.tsv,sentence2phrase.trial-trial-s2p-15-1,sentence2phrase.trial-trial-s2p-15-2,4
data/trial/sentence2phrase.trial.input.tsv,sentence2phrase.trial-trial-s2p-16-1,sentence2phrase.trial-trial-s2p-16-2,2.75
data/trial/sentence2phrase.trial.input.tsv,sentence2phrase.trial-trial-s2p-17-1,sentence2phrase.trial-trial-s2p-17-2,0
data/trial/sentence2phrase.trial.input.tsv,sentence2phrase.trial-trial-s2p-18-1,sentence2phrase.trial-trial-s2p-18-2,2
data/trial/sentence2phrase.trial.input.tsv,sentence2phrase.trial-trial-s2p-19-1,sentence2phrase.trial-trial-s2p-19-2,3.75
data/trial/sentence2phrase.trial.input.tsv,sentence2phrase.trial-trial-s2p-20-1,sentence2phrase.trial-trial-s2p-20-2,2.75
data/trial/sentence2phrase.trial.input.tsv,sentence2phrase.trial-trial-s2p-21-1,sentence2phrase.trial-trial-s2p-21-2,1.5
data/trial/sentence2phrase.trial.input.tsv,sentence2phrase.trial-trial-s2p-22-1,sentence2phrase.trial-trial-s2p-22-2,0.75
data/trial/sentence2phrase.trial.input.tsv,sentence2phrase.trial-trial-s2p-23-1,sentence2phrase.trial-trial-s2p-23-2,1.75
data/trial/sentence2phrase.trial.input.tsv,sentence2phrase.trial-trial-s2p-24-1,sentence2phrase.trial-trial-s2p-24-2,0
data/trial/sentence2phrase.trial.input.tsv,sentence2phrase.trial-trial-s2p-25-1,sentence2phrase.trial-trial-s2p-25-2,2.5
data/trial/sentence2phrase.trial.input.tsv,sentence2phrase.trial-trial-s2p-26-1,sentence2phrase.trial-trial-s2p-26-2,0.75
data/trial/sentence2phrase.trial.input.tsv,sentence2phrase.trial-trial-s2p-27-1,sentence2phrase.trial-trial-s2p-27-2,3
data/trial/sentence2phrase.trial.input.tsv,sentence2phrase.trial-trial-s2p-28-1,sentence2phrase.trial-trial-s2p-28-2,4
data/trial/sentence2phrase.trial.input.tsv,sentence2phrase.trial-trial-s2p-29-1,sentence2phrase.trial-trial-s2p-29-2,3.5
data/trial/sentence2phrase.trial.input.tsv,sentence2phrase.trial-trial-s2p-30-1,sentence2phrase.trial-trial-s2p-30-2,2.25
data/trial/sentence2phrase.trial.input.tsv,sentence2phrase.trial-trial-s2p-31-1,sentence2phrase.trial-trial-s2p-31-2,3.75
data/trial/sentence2phrase.trial.input.tsv,sentence2phrase.trial-trial-s2p-32-1,sentence2phrase.trial-trial-s2p-32-2,0.5
data/trial/sentence2phrase.trial.input.tsv,sentence2phrase.trial-trial-s2p-33-1,sentence2phrase.trial-trial-s2p-33-2,2
data/trial/sentence2phrase.trial.input.tsv,sentence2phrase.trial-trial-s2p-34-1,sentence2phrase.trial-trial-s2p-34-2,3
data/trial/sentence2phrase.trial.input.tsv,sentence2phrase.trial-trial-s2p-35-1,sentence2phrase.trial-trial-s2p-35-2,2.5
data/trial/sentence2phrase.trial.input.tsv,sentence2phrase.trial-trial-s2p-36-1,sentence2phrase.trial-trial-s2p-36-2,2.75
