sentence2phrase.trial-trial-s2p-1-1,"After the interval between the two halves of a match teams swap ends of the field of play, in order to reduce any advantage that may be gained from wind or a slope to the pitch."
sentence2phrase.trial-trial-s2p-1-2,association football half time
sentence2phrase.trial-trial-s2p-2-1,President Obama's push for military action to punish Syria's alleged use of chemical weapons clears its first hurdle in the US Congress.
sentence2phrase.trial-trial-s2p-2-2,average walk time for a 5k
sentence2phrase.trial-trial-s2p-3-1,The hard disk could not be used due to a permanent damage on its surface.
sentence2phrase.trial-trial-s2p-3-2,bad sectors on hard disk
sentence2phrase.trial-trial-s2p-4-1,jumping from a tall structure while connected to a large elastic cord.
sentence2phrase.trial-trial-s2p-4-2,bungee jumping
sentence2phrase.trial-trial-s2p-5-1,Race bike frames are made by extremely strong and light fiber-reinforced polymer which contains carbon fibers.
sentence2phrase.trial-trial-s2p-5-2,carbon fiber bike frame
sentence2phrase.trial-trial-s2p-6-1,"The first plans for a metro system in Moscow date back to the Russian Empire but were postponed by World War I, the October Revolution and the Russian Civil War."
sentence2phrase.trial-trial-s2p-6-2,cold war era
sentence2phrase.trial-trial-s2p-7-1,"Historically, in countries where Communist Parties were struggling to attain state power, the formation of wartime alliances with non-Communist parties and wartime groups was enacted."
sentence2phrase.trial-trial-s2p-7-2,Communist Party of the Soviet Union
sentence2phrase.trial-trial-s2p-8-1,"Vladimir Ilyich Lenin served as the leader of the Russian SFSR from 1917, and then concurrently as Premier of the Soviet Union from 1922, until his death."
sentence2phrase.trial-trial-s2p-8-2,Communist Party of the Soviet Union
sentence2phrase.trial-trial-s2p-9-1,Hydroelectricity is the production of electrical power through the use of the gravitational force of falling or flowing water.
sentence2phrase.trial-trial-s2p-9-2,electricity generated by hydropower
sentence2phrase.trial-trial-s2p-10-1,Researchers at the space agency believe they have discovered vital clues that appeared to indicate that primitive aliens could be living on the moon.
sentence2phrase.trial-trial-s2p-10-2,Evidence for life in outer space
sentence2phrase.trial-trial-s2p-11-1,This set of images from NASA's Cassini mission shows the difference in the amount of spray emanating from Saturn's moon Enceladus.
sentence2phrase.trial-trial-s2p-11-2,instructions for replacing laptop keyboard
sentence2phrase.trial-trial-s2p-12-1,The US is going ahead with plans to deliver four F-16 fighter jets to Egypt despite the political unrest in the country.
sentence2phrase.trial-trial-s2p-12-2,keeping F-16 fighters in Jordan
sentence2phrase.trial-trial-s2p-13-1,He lived for over a decade without any contact with the society.
sentence2phrase.trial-trial-s2p-13-2,living in isolation
sentence2phrase.trial-trial-s2p-14-1,"Glamor photography is also about fashionable visuals, however, with a difference."
sentence2phrase.trial-trial-s2p-14-2,old style portrait photography
sentence2phrase.trial-trial-s2p-15-1,"The knotted pile carpet probably originated in the 2nd millennium BC in West Asia, perhaps the Caspian Sea area or the Armenian Highland, although there is evidence of goats and sheep being sheared for wool and hair which was spun and woven as far back at the 7th millennium."
sentence2phrase.trial-trial-s2p-15-2,origins of knotted carpet
sentence2phrase.trial-trial-s2p-16-1,Come and experience yourself: the best funparks and snowboarding slopes of the world.
sentence2phrase.trial-trial-s2p-16-2,snowboard holiday
sentence2phrase.trial-trial-s2p-17-1,"Saturn's interior is probably composed of a core of iron, nickel and rock, surrounded by a deep layer of metallic hydrogen, an intermediate layer of liquid hydrogen and liquid helium and an outer gaseous layer."
sentence2phrase.trial-trial-s2p-17-2,warm water aquarium plants
sentence2phrase.trial-trial-s2p-18-1,"Tourism is one of Italy's fastest growing and most profitable industrial sectors, with an estimated revenue of € 136.1 billion."
sentence2phrase.trial-trial-s2p-18-2,world heritage sites in italy
sentence2phrase.trial-trial-s2p-19-1,A cat which was elected mayor of an Alaskan town 15 years ago has been badly injured in a dog attack.
sentence2phrase.trial-trial-s2p-19-2,attack on the town's mayor cat
sentence2phrase.trial-trial-s2p-20-1,"An assembly of ghosts, perhaps, but one which represents French values and legitimacy as much as or more than any political body."
sentence2phrase.trial-trial-s2p-20-2,important French values and legitimacy
sentence2phrase.trial-trial-s2p-21-1,"By the way I used @altonbrown's sushi rice recipe on this week's food blog post, Breakfast Sushi."
sentence2phrase.trial-trial-s2p-21-2,eating in bed
sentence2phrase.trial-trial-s2p-22-1,"Denmark has a temperate climate, characterised by mild winters, with mean temperatures in January and February of 0.0 °C (32.0 °F), and cool summers, with a mean temperature in August of 15.7 °C (60.3 °F)."
sentence2phrase.trial-trial-s2p-22-2,boiling point
sentence2phrase.trial-trial-s2p-23-1,"He made several attempts to run away from home, finally succeeding, at age fourteen, by hiring on as a cabin boy and cook on a fishing schooner, but he soon returned home."
sentence2phrase.trial-trial-s2p-23-2,jobs on a boat
sentence2phrase.trial-trial-s2p-24-1,"I'm a multiple-time entrepreneur, living and working in the heart of Silicon Valley for the past quarter century."
sentence2phrase.trial-trial-s2p-24-2,mitral valve prolapse
sentence2phrase.trial-trial-s2p-25-1,if you play with my hair super gently I'll probably fall in love with you.
sentence2phrase.trial-trial-s2p-25-2,the feeling of twirling your hair
sentence2phrase.trial-trial-s2p-26-1,"In 1770, British sea captain Lieutenant James Cook landed at Botany Bay on the Kurnell Peninsula."
sentence2phrase.trial-trial-s2p-26-2,fake moon landing
sentence2phrase.trial-trial-s2p-27-1,"Presumably the idea was to keep competitors guessing, but also to surprise and delight the faithful at new product reveals."
sentence2phrase.trial-trial-s2p-27-2,in-store product promotion
sentence2phrase.trial-trial-s2p-28-1,Shell middens are found in coastal zones all over the world.
sentence2phrase.trial-trial-s2p-28-2,the near-universal costal shell middens
sentence2phrase.trial-trial-s2p-29-1,The image sees the two brothers seemingly giving support to one another.
sentence2phrase.trial-trial-s2p-29-2,a portrait of brotherly love
sentence2phrase.trial-trial-s2p-30-1,The one-hour series follows an optimistic high school teacher as he tries to transform the school's Glee Club and inspire a group of ragtag performers to make it to the biggest competition of them all: Nationals.
sentence2phrase.trial-trial-s2p-30-2,dreams of national competition
sentence2phrase.trial-trial-s2p-31-1,"There are several other methods of celestial navigation which will also provide position finding using sextant observations, such as the 'Noon Sight', and the more archaic 'Lunar Distance' method."
sentence2phrase.trial-trial-s2p-31-2,celestial navigation by sextant observation
sentence2phrase.trial-trial-s2p-32-1,There is a way for the Tesla Model S to be recharged throughout the country faster than you could fill a gas tank.
sentence2phrase.trial-trial-s2p-32-2,mystery machine
sentence2phrase.trial-trial-s2p-33-1,There is no chemical used to change color when you pee in the pool:.
sentence2phrase.trial-trial-s2p-33-2,color changing dyes
sentence2phrase.trial-trial-s2p-34-1,They were found in a wooden crate lying by a rubbish bin near a primary school.
sentence2phrase.trial-trial-s2p-34-2,crates by the school's garbage pile
sentence2phrase.trial-trial-s2p-35-1,We bought drugs on Silk Road's black market.
sentence2phrase.trial-trial-s2p-35-2,illegal goods
sentence2phrase.trial-trial-s2p-36-1,"When I asked Meiklejohn to try to trace Forbes’ transactions, I started by giving her the Bitcoin addresses associated with our account on the popular Bitcoin wallet service Coinbase–information could in theory be obtained by any investigating law enforcement agency that sends Coinbase a subpoena."
sentence2phrase.trial-trial-s2p-36-2,tracing monetary transactions
paragraph2sentence.trial-trial-p2s-1-1,"Gareth Bale has been presented to Real Madrid supporters following his world record £85.3m (100m euros) transfer from Tottenham. The Wales forward received a rapturous reception after stepping out on stage in a dark suit in front of more than 20,000 fans at the Bernabeu Stadium. Speaking in Spanish, the 24-year-old told fans: 'It is a dream to be here in Madrid. Thank you for this welcome.'"
paragraph2sentence.trial-trial-p2s-1-2,"A Japanese town has decided to scrap a marooned fishing boat which has become a symbol of the devastating 2011 tsunami, officials say."
paragraph2sentence.trial-trial-p2s-2-1,"Although primarily composed of flowing snow and air, large avalanches have the capability to entrain ice, rocks, trees, and other material on the slope, and are distinct from mudslides, rock slides, and serac collapses on an icefall. Avalanches are not rare or random events and are endemic to any mountain range that accumulates a standing snowpack. Avalanches are most common during winter or spring but glacier movements may cause ice and snow avalanches at any time of year. In mountainous terrain, avalanches are among the most serious objective natural hazards to life and property, with their destructive capability resulting from their potential to carry enormous masses of snow at high speeds."
paragraph2sentence.trial-trial-p2s-2-2,"Because glacial mass is affected by long-term climate changes, glacial mass changes are considered as a major source of variations in sea level."
paragraph2sentence.trial-trial-p2s-3-1,"Unlike most animals, whales are conscious breathers. All mammals sleep, but whales cannot afford to become unconscious for long because they may drown. While knowledge of sleep in wild cetaceans is limited, toothed cetaceans in captivity have been recorded to sleep with one side of their brain at a time, ostensibly so that they may swim, breathe consciously, avoid predators and social contact during their period of rest. It is thought that only one hemisphere of the whale's brain sleeps at a time, so that they rest but are never completely asleep"
paragraph2sentence.trial-trial-p2s-3-2,"Being concious breathers, whales cannot be unconscious for long."
paragraph2sentence.trial-trial-p2s-4-1,"F1 cars are the fastest multi-turn circuit-racing cars in the world, owing to very high cornering speeds achieved through the generation of large amounts of aerodynamic downforce. Formula One cars race at speeds of up to 350 km/h (220 mph) with engines limited in performance to a maximum of 18,000 revolutions per minute (RPM). The cars are capable of lateral acceleration in excess of five g in corners. The performance of the cars is very dependent on electronics – although traction control and other driving aids have been banned since 2008 – and on aerodynamics, suspension and tyres. The formula has radically evolved and changed through the history of the sport."
paragraph2sentence.trial-trial-p2s-4-2,Formula 1 is the highest class of single-seater auto racing.
paragraph2sentence.trial-trial-p2s-5-1,"Olympic champion Usain Bolt regained his 100m world title and won a fourth individual World Championships gold with a season's best of 9.77 seconds in Moscow. In heavy rain, the 26-year-old Jamaican made amends for his false start in Daegu two years ago and further cemented his status as the greatest sprinter in history. The six-time Olympic champion overtook Justin Gatlin in the final stages, forcing the American to settle for silver in 9.85. Bolt's compatriot Nesta Carter (9.95) claimed bronze, while Britain's James Dasaolu was eighth (10.21)."
paragraph2sentence.trial-trial-p2s-5-2,Germany's Robert Harting beats Iran's Ehsan Hadadi and adds the Olympic discus title to his world crown.
paragraph2sentence.trial-trial-p2s-6-1,"Worldwide, hydropower plants produce about 24 percent of the world's electricity and supply more than 1 billion people with power. The world's hydropower plants output a combined total of 675,000 megawatts, the energy equivalent of 3.6 billion barrels of oil, according to the National Renewable Energy Laboratory. There are more than 2,000 hydropower plants operating in the United States, making hydropower the country's largest renewable energy source."
paragraph2sentence.trial-trial-p2s-6-2,Hydropower plants are the mostly used form of renewable energy.
paragraph2sentence.trial-trial-p2s-7-1,"Using a reversible turbine, the plant can pump water back to the upper reservoir. This is done in off-peak hours. Essentially, the second reservoir refills the upper reservoir. By pumping water back to the upper reservoir, the plant has more water to generate electricity during periods of peak consumption."
paragraph2sentence.trial-trial-p2s-7-2,"In the off-peak time, the water is pumped from the second back to the upper reservoir by a reversible turbine so as to be used during peak hours of consumption."
paragraph2sentence.trial-trial-p2s-8-1,"K2 is known as the Savage Mountain due to the extreme difficulty of ascent and the second-highest fatality rate among the eight thousanders. For every four people who have reached the summit, one has died trying. It is more hazardous to reach K2 from the Chinese side; thus, it is mostly climbed from the Pakistani side. Unlike Annapurna, the mountain with the highest fatality-to-summit rate, K2 has never been climbed in winter."
paragraph2sentence.trial-trial-p2s-8-2,K2 holds the second place in the highest fatality rate killing one climber for every four who summit.
paragraph2sentence.trial-trial-p2s-9-1,"Mr Obama knows he has the backing of French President Francois Hollande for military action. But, because of last week's vote in the UK parliament, he has only diplomatic not military support from British Prime Minister David Cameron. Turkey has long advocated intervention in Syria, and Saudi Arabia is part of the Gulf coalition active in backing Syrian rebels."
paragraph2sentence.trial-trial-p2s-9-2,"Mr. Obama has the support of French Presidnet, Turkey and Saudi Arabia for military action."
paragraph2sentence.trial-trial-p2s-10-1,"The word 'parachute' comes from the French prefix paracete, originally from the Greek, meaning to protect against, and chute, the French word for 'fall', and it was originally coined, as a hybrid word which meant literally 'that which protects against a fall'."
paragraph2sentence.trial-trial-p2s-10-2,Parachute is a French word which literally means  'that which protects against a fall'.
paragraph2sentence.trial-trial-p2s-11-1,"The most visible meteor shower in most years are the Perseids, which peak on 12 August of each year at over one meteor per minute. NASA has a useful tool to calculate how many meteors per hour are visible from your observing location. The Leonid meteor shower peaks around 17 November of each year. Approximately every 33 years, the Leonid shower produces a meteor storm, peaking at rates of thousands of meteors per hour. Leonid storms gave birth to the term meteor shower when it was first realised, during the November 1833 storm, that the meteors radiated from near the star Gamma Leonis."
paragraph2sentence.trial-trial-p2s-11-2,"Since the company's beginnings, Ferrari has been involved in motorsport, competing in a range of categories including Formula One and sports car racing through its Scuderia Ferrari sporting division as well as supplying cars and engines to other teams and for one make series."
paragraph2sentence.trial-trial-p2s-12-1,"High interest rates encourage people to save, low interest rates encourage spending. Many banks will offer preferential interest rates on new accounts to encourage people to start saving with that institution. Savings interest rates are either placed at a fixed level, so that a set percentage of interest is paid each year. On the other side, it may track the base rate, meaning the interest received is tied more closely to the economic fortunes of the country."
paragraph2sentence.trial-trial-p2s-12-2,The base rate of interest is normally set in nearly all countries by a central bank.
paragraph2sentence.trial-trial-p2s-13-1,"In 1996, a group of scientists announced they had spotted strong evidence of microfossils on a Martian meteorite found in Antarctica showing that life may have existed on the Red Planet some 3.6 billion years ago. After years of intense debate, the issue whether the Martian meteorite contains life or not remains unresolved. If this were true, it would also give excellent evidence to support the theory of 'panspermia.' Literally meaning 'seeds everywhere,' panspermia is the idea that life came from outer space and planets exchanged life -- 'life' in this case meaning bacteria, which can be dormant and withstand harsh environments. Life could have existed on another planet, maybe even one as close as Mars, and then made its way to Earth instead of originating here."
paragraph2sentence.trial-trial-p2s-13-2,The discovery of microfossils on a Martian meteorite found in Antarctica gave excellent evidence not only on that life may have existed on the Red Planet some 3.6 billion years ago but also on the theory of 'panspermia'.
paragraph2sentence.trial-trial-p2s-14-1,"One year after a series of brutal killings which caused worldwide shock and curiosity in almost equal measures, the French town of Annecy seems, on the surface at least, to have settled back into its usual tranquil, charming rhythm. The cafes in the old town are busy, the paths around the lake are full of walkers and cyclists admiring some of France's most beautiful scenery and enjoying the late summer sun."
paragraph2sentence.trial-trial-p2s-14-2,"The first web browser, called WorldWideWeb but later renamed Nexus, was invented in 1990 by Sir Tim Berners-Lee."
paragraph2sentence.trial-trial-p2s-15-1,"The trial of the captain of the Costa Concordia cruise ship, which ran aground off Italy last year, has opened and been adjourned until next week. Capt Francesco Schettino, 52, faces charges of multiple manslaughter and abandoning ship. Thirty-two people died when the ship hit rocks off the Tuscan island of Giglio in January 2012 and then tipped onto its side. Tuesday's hearing was adjourned because of a nationwide lawyers' strike. Capt Schettino has been accused of steering the luxury liner too fast and too close to the shore, and of leaving the ship before all of the 4,229 passengers and crew were taken off."
paragraph2sentence.trial-trial-p2s-15-2,The Himalayan routes are famous for attracting a large number of trekkers.
paragraph2sentence.trial-trial-p2s-16-1,"he beginning of the Middle Ages is often called the 'Dark Ages' because the great civilizations of Greece and Rome had fallen. Life in Western Europe during the Middle Ages was very hard. Very few people could read or write and nobody expected conditions to improve. The only hope for most people during the Middle Ages was their strong belief in Christianity, and the hope that life in heaven would be better than life on earth."
paragraph2sentence.trial-trial-p2s-16-2,The history of middle ages is characterized by the fall of civilization of Greece and Rome and the hard life of the people in west Europe. 
paragraph2sentence.trial-trial-p2s-17-1,A married couple who met at work is not a particularly rare thing. Three in ten workers who have dated a colleague said in a recent survey by CareerBuilder.com that their office romance eventually led to marriage.
paragraph2sentence.trial-trial-p2s-17-2,Marrying a coworker isn't uncommon given that 30% of workers who dated a coworker ended up marrying them.
paragraph2sentence.trial-trial-p2s-18-1,"Business prospered for a few decades, but was struggling by the beginning of the 21st century. Shortly after then its frequency of publication was reduced to monthly, and it finally ceased publication following its May 2006 issue."
paragraph2sentence.trial-trial-p2s-18-2,"After its business success in the 20th century, the publication began to do poorly and ultimately closed in 2006."
paragraph2sentence.trial-trial-p2s-19-1,"Completed on March 28, 1929 at a cost of $9.5 million, Chicago Stadium was the largest indoor arena in the world at the time. Detroit's Olympia stadium, built two years earlier, was a model for the Chicago stadium and had a capacity of over 15,000 people. It was also the first arena with an air conditioning system (though the system was fairly rudimentary by modern standards, and was memorably given to filling the arena with fog during late-season games)."
paragraph2sentence.trial-trial-p2s-19-2,Detroits rennovations did nothing to keep the city from crumbling or its sports teams from looking elsewhere.
paragraph2sentence.trial-trial-p2s-20-1,"From its founding until the mid-1990s, FSF's funds were mostly used to employ software developers to write free software for the GNU Project. Since the mid-1990s, the FSF's employees and volunteers have mostly worked on legal and structural issues for the free software movement and the free software community."
paragraph2sentence.trial-trial-p2s-20-2,The FSF's case study by Lessig was invoked as justification for why GPL v3 should be preferred for new software licenses.
paragraph2sentence.trial-trial-p2s-21-1,"Gorbachev initiated his new policy of perestroika (literally 'restructuring') and its attendant radical reforms in 1986; they were sketched, but not fully spelled out, at the XXVIIth Party Congress in February–March 1986. The new policy of 'reconstruction' was introduced in an attempt to overcome the economic stagnation by creating a dependable and effective mechanism for accelerating economic and social progress."
paragraph2sentence.trial-trial-p2s-21-2,"With the USSR stagnating, Gorbachev introduced perestroika in 1986 to create more mechanisms for acellerating progress."
paragraph2sentence.trial-trial-p2s-22-1,"I spent a short time with the Galaxy Gear on Wednesday, and while no aspect of the hardware performance seemed fundamentally flawed or broken, nothing felt particularly fast, responsive or intuitive. The watch doesn't appear to have any unique function. It's just mimicking the functions of a smartphone to lesser effect."
paragraph2sentence.trial-trial-p2s-22-2,"The new Samsung Galaxy Gear 'smart watch' doesn't offer any new features compared to a smart phone, which leave it seemingly unimpressive given the unpolished user interface."
paragraph2sentence.trial-trial-p2s-23-1,"In 2007, Cisco CEO John Chambers described the long-term plan to kill the independent Linksys brand: 'It will all come over time into a Cisco brand. The reason we kept Linksys' brand because it was better known in the US than even Cisco was for the consumer. As you go globally there's very little advantage in that.'"
paragraph2sentence.trial-trial-p2s-23-2,This is one of the last Linksys routeres made.
paragraph2sentence.trial-trial-p2s-24-1,"Jackson's 1982 album Thriller is the best-selling album of all time. His other records, including Off the Wall (1979), Bad (1987), Dangerous (1991), and HIStory (1995), also rank among the world's best-selling. Jackson is one of the few artists to have been inducted into the Rock and Roll Hall of Fame twice. "
paragraph2sentence.trial-trial-p2s-24-2,"Michael Jackson is one of the biggest artists of all time, even being in the Hall of Fame twice."
paragraph2sentence.trial-trial-p2s-25-1,"Madden plays an important role in EA's library of annual releases. Last year the game was second only to Activision's (ATVI) Call of Duty: Black Ops II with over 5 million copies sold in the United States, according to the NPD Group. Electronic Arts has sold over 100 million copies of Madden games life to date, generating over $4 billion in revenue."
paragraph2sentence.trial-trial-p2s-25-2,"Madden is one of the most important video games for Electronic Arts, creating a revenue of almost four billion USD and selling millions of games. "
paragraph2sentence.trial-trial-p2s-26-1,Mannequin Two: On the Move is a 1991 romantic comedy film and a partial sequel to the 1987 film Mannequin. The film stars Kristy Swanson as a mannequin who was frozen one thousand years ago by an evil sorcerer using a magic necklace. She remains frozen until the necklace is removed and can stay permanently unfrozen if she receives a kiss from her true love.
paragraph2sentence.trial-trial-p2s-26-2,Mannequin Two is a sequel from the early nineties where a girl was frozen in ice by an evil sorceress but comes to life a thousand years later as manequin to find her true love and remove her curse.
paragraph2sentence.trial-trial-p2s-27-1,"McLaughlin took a very active role in running the team despite having no background in the sport. For most of his tenure as owner, he served as his own general manager. He was also very interested in promoting American hockey players, then very rare in professional hockey. Several of them, including Doc Romnes, Taffy Abel, Alex Levinsky, Mike Karakas, and Cully Dahlstrom, become staples with the club, and under McLaughlin, the Black Hawks were the first NHL team with an all-American-born lineup."
paragraph2sentence.trial-trial-p2s-27-2,"During the presentation of the business model, the speaker was noticeably sweating, leading to some confusion about the team's confidence in the project."
paragraph2sentence.trial-trial-p2s-28-1,"My affection for torts reflects my belief in one of the little known facts about the first year of law school. It’s really interesting. The One L year addresses the most profound issues in law — about the obligations of citizens to one another, the role of the government, the place of the courts in sorting out conflict. If you’re not fascinated by these questions, you probably shouldn’t be in law school in the first place. "
paragraph2sentence.trial-trial-p2s-28-2,The law school cafeteria is pretty good if you're starving between classes.
paragraph2sentence.trial-trial-p2s-29-1,"Other names or nicknames associated with Barbados include 'Bim' and 'Bimshire'. The origin is uncertain but several theories exist. The National Cultural Foundation of Barbados says that 'Bim' was a word commonly used by slaves and that it derives from the phrase 'bi mu' or either ('bem', 'Ndi bem', 'Nwanyi ibem' or 'Nwoke ibem') from an Igbo phrase meaning 'my people' or 'my place'"
paragraph2sentence.trial-trial-p2s-29-2,"Barbados has many nicknames, such as 'Bim' and 'Bimshire,' which derive from the languages slaves spoke on the island refer to one's own place or people."
paragraph2sentence.trial-trial-p2s-30-1,"Spiritual folkways like hoodoo are an ever-evolving process, continuously synthesizing from contact with other cultures, religions and folkways. What is striking about the hoodoo folk process is the use of biblical figures in its practices and in the lives of its practitioners.  In fact, most practitioners of Hoodoo integrate this folkway with their Christian religious faith. Icons of Christian saints are often found on hoodoo shrines or altars."
paragraph2sentence.trial-trial-p2s-30-2,"Efforts at reducing the malaria risk in Haiti have been only partially successful, partially due to transmission from the UNCR workers themselves."
paragraph2sentence.trial-trial-p2s-31-1,"The book has become a perennial best-seller, read by many students as they prepare for their first year in law school. According to a 2007 story in The Wall Street Journal, One L continues to sell 30,000 copies per year, many to first-year law students and law school applicants."
paragraph2sentence.trial-trial-p2s-31-2,"Just finished getting my books for my first year at law school, but I'm most looking forward to One L, which is supposed to be funny."
paragraph2sentence.trial-trial-p2s-32-1,"The current Dean of Harvard Law School is Martha Minow, who assumed the role on July 1, 2009. Harvard Law has 246 faculty members. Many are preeminent legal scholars; Harvard Law School faculty were responsible for more papers downloaded on the Social Science Research Network than any other law school, a fact only partially explained by the school's size."
paragraph2sentence.trial-trial-p2s-32-2,"The internet capacity at the Social Science Resarch Network (SSRN) was under stress until its upgrade in 2008 thanks to a gift from Harvard Law, whose students download more papers from the SSRN than any other school."
paragraph2sentence.trial-trial-p2s-33-1,The philosophy of human rights attempts to examine the underlying basis of the concept of human rights and critically looks at its content and justification. Several theoretical approaches have been advanced to explain how and why human rights have become a part of social expectations.
paragraph2sentence.trial-trial-p2s-33-2,My philosophy paper was on the recent Nicaraguan attempts to improve their country's human rights based on the demands of its people.
paragraph2sentence.trial-trial-p2s-34-1,"The ship that truly launched the first phase of the Portuguese discoveries along the African coast was the caravel, a development based on existing fishing boats. They were agile and easier to navigate, with a tonnage of 50 to 160 tons and 1 to 3 masts, with lateen triangular sails allowing luffing. The caravel benefited from a greater capacity to tack. The limited capacity for cargo and crew were their main drawbacks, but have not hindered its success. "
paragraph2sentence.trial-trial-p2s-34-2,"Caravels offered superior cargo storage and navigability than other ships at the time, which enabled crews such as the Portuguese to explore further into Africa."
sentence2phrase.test-Scientific-1-1,"In solid mechanics, shear flow is given in dimensions of force per length."
sentence2phrase.test-Scientific-1-2,a Banach algebra over the field of complex numbers
sentence2phrase.test-Scientific-2-1,"Also, initial random controllers may exhibit potentially harmful behaviour, such as repeatedly crashing into a wall, which may damage the robot."
sentence2phrase.test-Scientific-2-2,glitches in robot mechanics
sentence2phrase.test-Scientific-3-1,Greenstone belts have been interpreted as having formed at ancient oceanic spreading centers and island arc terranes.
sentence2phrase.test-Scientific-3-2,the formation of ancient oceanic spreading and island arcs via Greenstone belts
sentence2phrase.test-Scientific-4-1,A vibration A is considered as more severe than a vibration B if it produces a highest relative displacement (i.e. a highest stress) on this SDOF system than the vibration B.
sentence2phrase.test-Scientific-4-2,instigator of experimental medicine
sentence2phrase.test-Scientific-5-1,The clamping chuck is fitted directly into the turret of the lathe or into the bar holder.
sentence2phrase.test-Scientific-5-2,introduction to wood working
sentence2phrase.test-Scientific-6-1,Hosts can fight infections using their immune system.
sentence2phrase.test-Scientific-6-2,the function of the immune system
sentence2phrase.test-Scientific-7-1,"Sometimes pure feed-forward control without feedback is called 'ballistic', because once a control signal has been sent, it cannot be further adjusted; any corrective adjustment must be by way of a new control signal."
sentence2phrase.test-Scientific-7-2,"launching, flight, behavior, and effects of projectiles"
sentence2phrase.test-Scientific-8-1,AdaBoost is adaptive in the sense that subsequent classifiers built are tweaked in favor of those instances misclassified by previous classifiers.
sentence2phrase.test-Scientific-8-2,abbreviating Adaptive Boosting as AdaBoost
sentence2phrase.test-Scientific-9-1,Dietitians recommend ingesting specific foods rich with that dietary elements.
sentence2phrase.test-Scientific-9-2,dietitians' recommendations for eating certain foods full of dietary elements
sentence2phrase.test-Scientific-10-1,"Most fatty acids are non-essential, meaning the body can produce them as needed, generally from other fatty acids and always by expending energy to do so."
sentence2phrase.test-Scientific-10-2,generating non-essential fatty acids as needed
sentence2phrase.test-Scientific-11-1,"In reaction kinetics, a rate effect is sometimes observed between different isotopomers of the same chemical."
sentence2phrase.test-Scientific-11-2,the rate effect observed in reaction kinetics between different isotopomers of the same chemical
sentence2phrase.test-Scientific-12-1,Oscillatory activity in groups of neurons generally arises from feedback connections between the neurons that result in the synchronization of their firing patterns.
sentence2phrase.test-Scientific-12-2,neural binding patterns known as gamma waves
sentence2phrase.test-Scientific-13-1,"Current optical data storage media, such as the CD and DVD store data as a series of reflective marks on an internal surface of a disc."
sentence2phrase.test-Scientific-13-2,annual doctor check ups
sentence2phrase.test-Scientific-14-1,"More prosaically, pure electron plasmas are used to produce the microwaves in microwave ovens, via the magnetron instability."
sentence2phrase.test-Scientific-14-2,production of microwave radiation in commercial microwave ovens
sentence2phrase.test-Scientific-15-1,Farming entails a great deal of risk and uncertainties.
sentence2phrase.test-Scientific-15-2,destruction of crops from heavy rains and flooding
sentence2phrase.test-Scientific-16-1,"Most alkenes are a prochiral, meaning in this context that their hydrocyanation generates chiral nitriles."
sentence2phrase.test-Scientific-16-2,chemical properties for alkene molecules
sentence2phrase.test-Scientific-17-1,"The photosynthetic reaction can be divided into two half-reactions (oxidation and reduction), both of which are essential to producing fuel."
sentence2phrase.test-Scientific-17-2,the photosynthesis process used by plants
sentence2phrase.test-Scientific-18-1,Dark matter cannot be seen directly with telescopes; evidently it neither emits nor absorbs light or other electromagnetic radiation at any significant level.
sentence2phrase.test-Scientific-18-2,an unseen material in space known as dark matter
sentence2phrase.test-Scientific-19-1,Hyperactivation could then be followed by the acrosome reaction where the cap-like structure on the head of the cell releases the enzymes it contains.
sentence2phrase.test-Scientific-19-2,the mean density difference between the slab and the surrounding asthenosphere
sentence2phrase.test-Scientific-20-1,"As with the 1970s festivals, Deeply Vale hoped to bring together music of all styles, to create new styles and genres and maybe break a few."
sentence2phrase.test-Scientific-20-2,music in the 1970s
sentence2phrase.test-Scientific-21-1,"Of the hundreds of facet arrangements that have been used, the most famous is probably the round brilliant cut, used for diamond and many colored gemstones."
sentence2phrase.test-Scientific-21-2,one of the most famous diamond and gemstone cuts
sentence2phrase.test-Scientific-22-1,The difference in effective mass or friction coefficient between anion and cation would result in different displacement amplitudes in a longitudinal wave.
sentence2phrase.test-Scientific-22-2,longitudinal wave displacement amplitudes from the friction coefficients between anion and cation
sentence2phrase.test-Scientific-23-1,Two teams of scientists worked separately to create two 'Invisibility Cloaks' from 'metamaterials' engineered at the nanoscale level.
sentence2phrase.test-Scientific-23-2,a fully predictive mathematical model of a heliocentric system
sentence2phrase.test-Scientific-24-1,"Eugenics became an academic discipline at many colleges and universities, and received funding from many sources."
sentence2phrase.test-Scientific-24-2,the approval of and funding for eugenics as an academic discipline
sentence2phrase.test-Scientific-25-1,The Solar Orbiter observes the Sun from an eccentric orbit inside Mercury's perihelion.
sentence2phrase.test-Scientific-25-2,the first images of Mercury's dark side
sentence2phrase.test-Scientific-26-1,"The electromagnetic spectrum extends from below the low frequencies used for modern radio communication to gamma radiation at the short-wavelength (high-frequency) end, thereby covering wavelengths from thousands of kilometers down to a fraction of the size of an atom."
sentence2phrase.test-Scientific-26-2,a proposed revision of the Egyptian chronology of ancient Egypt
sentence2phrase.test-Scientific-27-1,"If a drug has already been identified for a target, that target is by definition druggable."
sentence2phrase.test-Scientific-27-2,the target's susceptibility for binding with a drug
sentence2phrase.test-Scientific-28-1,"While its critics have questioned its feasibility, proponents argue that applications in industry, biology and human sciences research have already proven the validity of the original concept."
sentence2phrase.test-Scientific-28-2,validity of an approach coming from its applied uses
sentence2phrase.test-Scientific-29-1,"Neutrinos are not electrically charged like electrons, protons and other charged particles."
sentence2phrase.test-Scientific-29-2,"the lack of charge for neutrinos, which differs from electrons and protons"
sentence2phrase.test-Scientific-30-1,"Since opposite charges attract via a simple electromagnetic force, the negatively charged electrons that are orbiting the nucleus and the positively charged protons in the nucleus attract each other."
sentence2phrase.test-Scientific-30-2,attraction of positive protons and negative electrons
sentence2phrase.test-Scientific-31-1,"It allows a milk product, such as cheese, to retain more of the original taste, but thermized foods are not considered pasteurized by food regulators."
sentence2phrase.test-Scientific-31-2,thermization of foods
sentence2phrase.test-Scientific-32-1,"In modern parlance, bureaucracy refers to the administrative system governing any large institution."
sentence2phrase.test-Scientific-32-2,the bureaucratic processes that handle administration in large organization
sentence2phrase.test-Scientific-33-1,The purpose of the incident report is to document the exact details of the occurrence while they are fresh in the minds of those who witnessed the event.
sentence2phrase.test-Scientific-33-2,appropriate kinetic and interaction terms
sentence2phrase.test-Scientific-34-1,Sexual dimorphisms in the brain and behavior among vertebrates are accounted for by the influence of gonadal steroidal androgens as demonstrated in animal models over the past few decades.
sentence2phrase.test-Scientific-34-2,easily seen in the differences in body sizes
sentence2phrase.test-Scientific-35-1,"Unlike sterilization, pasteurization is not intended to kill all micro-organisms in the food."
sentence2phrase.test-Scientific-35-2,"pasteurization killing most but not all microorganisms, unlike sterilization"
sentence2phrase.test-Scientific-36-1,AOPs rely on in-situ production of highly reactive hydroxyl radicals (·OH).
sentence2phrase.test-Scientific-36-2,the reliance of AOPs on OH production
sentence2phrase.test-Scientific-37-1,PageRank is a probability distribution used to represent the likelihood that a person randomly clicking on links will arrive at any particular page.
sentence2phrase.test-Scientific-37-2,the url address of a website
sentence2phrase.test-Scientific-38-1,"In physics, strain scanning is the general name for various techniques that aim to measure the strain in a crystalline material through its effect on the diffraction of X-rays and neutrons."
sentence2phrase.test-Scientific-38-2,a monthly peer-reviewed scientific journal
sentence2phrase.test-Scientific-39-1,"At the time the first edition of Genreflecting was written, adding popular reading materials to library collections and recommending those titles to readers were controversial practices."
sentence2phrase.test-Scientific-39-2,reading recommendations
sentence2phrase.test-Scientific-40-1,"In the course of having or being part of a medical practice, doctors may learn information they wish to share with the medical or research community."
sentence2phrase.test-Scientific-40-2,sources of information diffusion in the medical community
sentence2phrase.test-Scientific-41-1,"Deep learning algorithms are based on distributed representations, a notion that was introduced with connectionism in the 1980s."
sentence2phrase.test-Scientific-41-2,sparse vector encoding of input features to the network
sentence2phrase.test-Scientific-42-1,Connectedness is a basic measure in many areas of mathematical science and social sciences.
sentence2phrase.test-Scientific-42-2,connectiveness in both math and social sciences
sentence2phrase.test-Scientific-43-1,Liquid metal consists of gallium-containing alloys with very low melting points.
sentence2phrase.test-Scientific-43-2,low metallic melting points
sentence2phrase.test-Scientific-44-1,"For a chemical system at equilibrium, the fugacity of the chemical will be the same in each media/phase/compartment."
sentence2phrase.test-Scientific-44-2,language as the expression of the spirit of a nation
sentence2phrase.test-Scientific-45-1,"The particle in a box model provides one of the very few problems in quantum mechanics which can be solved analytically, without approximations."
sentence2phrase.test-Scientific-45-2,Humanities courses taught at a university
sentence2phrase.test-Scientific-46-1,"Lasers are used in common consumer devices such as DVD players, laser printers, and barcode scanners."
sentence2phrase.test-Scientific-46-2,a certain set of observations
sentence2phrase.test-Scientific-47-1,"Ligand efficiency is a measurement of the binding energy per atom of a ligand to its binding partner, such as a receptor or enzyme."
sentence2phrase.test-Scientific-47-2,measuring the binding energy per atom to compute ligand efficiency
sentence2phrase.test-Scientific-48-1,"In some model organisms, such as yeast and Drosophila, there is evidence that reducing oxidative damage can extend lifespan."
sentence2phrase.test-Scientific-48-2,basic engineering parameters of common objects
sentence2phrase.test-Scientific-49-1,"In mechanics, the Kinetics is deduced from Kinematics by the introduction of the concept of mass."
sentence2phrase.test-Scientific-49-2,falsifiable predictions
sentence2phrase.test-Scientific-50-1,Metabolic pathways require tight regulation so that the proper compounds get produced in the proper amounts.
sentence2phrase.test-Scientific-50-2,the strict requirements for compounds produced by metabolic pathways
sentence2phrase.test-Scientific-51-1,"In the passband, the elliptic rational function varies between zero and unity."
sentence2phrase.test-Scientific-51-2,the mathematics of elliptical curve cryptography
sentence2phrase.test-Scientific-52-1,"The precision of a measurement system, also called reproducibility or repeatability, is the degree to which repeated measurements under unchanged conditions show the same results."
sentence2phrase.test-Scientific-52-2,measuring a phenomenon repeatedly to calculate the true value
sentence2phrase.test-Scientific-53-1,"Optical fiber is especially advantageous for long-distance communications, because light propagates through the fiber with little attenuation compared to electrical cables."
sentence2phrase.test-Scientific-53-2,beyond the limit of the current laws of physics
sentence2phrase.test-Scientific-54-1,An imbalanced consumption of nutrients results in malnutition.
sentence2phrase.test-Scientific-54-2,malnutrition resulting from an imbalance of nutrients
sentence2phrase.test-Scientific-55-1,"Orthometric heights are usually used in the US for engineering work, although dynamic height may be chosen for large-scale hydrological purposes."
sentence2phrase.test-Scientific-55-2,the orthometric heights and dynamic height used for hydrological purposes in the US engineering
sentence2phrase.test-Scientific-56-1,"Many theories have been proposed to explain this redshift in line profiles of the transition region, but the problem is still unsolved, since a coherent theory should take into account all the physical observations."
sentence2phrase.test-Scientific-56-2,unsolved problems within the transition region
sentence2phrase.test-Scientific-57-1,"Photolyase is a phylogenetically old enzyme which is present and functional in many species, from the bacteria to the fungi to plants and to the animals."
sentence2phrase.test-Scientific-57-2,"the presence of Photolyse in functional species, from the most primitive to the complex"
sentence2phrase.test-Scientific-58-1,The gene pool of a species or a population is the complete set of unique alleles that would be found by inspecting the genetic material of every living member of that species or population.
sentence2phrase.test-Scientific-58-2,the unique set of alleles made from the gene pool of all a species' members
sentence2phrase.test-Scientific-59-1,The term 'expatriate' in some countries also has a legal context used for tax purposes.
sentence2phrase.test-Scientific-59-2,differences in the meaning of expatriate by country
sentence2phrase.test-Scientific-60-1,"The earliest dinosaurs were almost certainly predators, and shared several predatory features with their nearest non-dinosaur relatives."
sentence2phrase.test-Scientific-60-2,early aquatic predators in the Jurassic period
sentence2phrase.test-Scientific-61-1,"PPR is not the only algorithm used by Google to order search engine results, but it is the first algorithm that was used by the company, and it is the most well-known."
sentence2phrase.test-Scientific-61-2,rank-ordering items by quality using an algorithmic analysis
sentence2phrase.test-Scientific-62-1,"For packaging food, the use of various gases is approved by regulatory organisations."
sentence2phrase.test-Scientific-62-2,gases approved by regulatory agencies for packaging food
sentence2phrase.test-Scientific-63-1,"In 2012, IBM announced that it had achieved optical components at the 90 nanometer scale that can be manufactured using standard techniques and incorporated into conventional chips."
sentence2phrase.test-Scientific-63-2,"skepticism about other topics in medicine, such as vaccination"
sentence2phrase.test-Scientific-64-1,"Knowledge engineering is used in many computer science domains such as artificial intelligence, including databases, data mining, expert systems, decision support systems and geographic information systems."
sentence2phrase.test-Scientific-64-2,computer science domains
sentence2phrase.test-Scientific-65-1,Centres of endemism may overlap with biodiversity hotspots which are biogeographic regions characterized both by high levels of plant endemism and by serious levels of habitat loss.
sentence2phrase.test-Scientific-65-2,"all human characteristics, particularly psychological characteristics"
sentence2phrase.test-Scientific-66-1,"In another study, scientists from the University of Toronto speculated that the queen bee syndrome may be the reason that women find it more stressful to work for women managers; no difference was found in stress levels for male workers."
sentence2phrase.test-Scientific-66-2,gender-specific stresses felt by female employees when working for a female superior
sentence2phrase.test-Scientific-67-1,One simple definition of management accounting is the provision of financial and non-financial decision-making information to managers.
sentence2phrase.test-Scientific-67-2,management accounting: decision making for managers
sentence2phrase.test-Scientific-68-1,"In condensed matter physics, a pseudogap describes a state where the Fermi surface of a material possesses a partial energy gap, for example, a band structure state where the Fermi surface is gapped only at certain points."
sentence2phrase.test-Scientific-68-2,a Pseudogap in the Fermi surface of a material
sentence2phrase.test-Scientific-69-1,Aluminium nitrate is not an easy chemical compound to make.
sentence2phrase.test-Scientific-69-2,difficulties with Aluminium Nitrate
sentence2phrase.test-Scientific-70-1,The use of Gaussian orbitals in electronic structure theory (instead of the more physical Slater-type orbitals) was first proposed by Boys in 1950.
sentence2phrase.test-Scientific-70-2,Boys' 1950 proposal of Gaussian orbitals in electronic structure theory
sentence2phrase.test-Scientific-71-1,CLC bio develops widely cited desktop and backend server software for analysis of biological data.
sentence2phrase.test-Scientific-71-2,computational models for analyzing biological data
sentence2phrase.test-Scientific-72-1,"Sperm banks enable greater control, especially in relation to the access and timing of pregnancies, since they check and screen potential donors, and provide formerly infertile couples or single women the chance to have babies."
sentence2phrase.test-Scientific-72-2,broken up into tectonic plates
sentence2phrase.test-Scientific-73-1,Their use in artificial computational systems dates back to the 1950s where they were used to solve optimization problems.
sentence2phrase.test-Scientific-73-2,solving math problems in the 50s with computers
sentence2phrase.test-Scientific-74-1,The flying ice cube artifact arises from repeated rescalings of the velocities of the particles in the simulation system.
sentence2phrase.test-Scientific-74-2,a change in the velocities of particles
sentence2phrase.test-CQA-75-1,How do i email an excel attachment to more than one email-id individually (like in mail-merge)?
sentence2phrase.test-CQA-75-2,small file size on the order of a few kb
sentence2phrase.test-CQA-76-1,Is it possible to change the email of the Skype account?
sentence2phrase.test-CQA-76-2,a piece of text on the internet
sentence2phrase.test-CQA-77-1,can i watch 4od bbc iplayer etc with 10GB useage allowence?
sentence2phrase.test-CQA-77-2,online television streaming for bbc
sentence2phrase.test-CQA-78-1,Is there a music website that I pay a monthly fee and download unlimited music?
sentence2phrase.test-CQA-78-2,websites that offer unlimited music downloads
sentence2phrase.test-CQA-79-1,can i give any of my 3 email addresses to get paid with paypal?
sentence2phrase.test-CQA-79-2,my internet history
sentence2phrase.test-CQA-80-1,"pls help, how can i make call on mobile or on land line using internet.but it shold be free?"
sentence2phrase.test-CQA-80-2,free telephone calls from the internet
sentence2phrase.test-CQA-81-1,"From experience,which delivery service does Amazon Free Super Shipping use?"
sentence2phrase.test-CQA-81-2,free 7-day delivery on most packages
sentence2phrase.test-CQA-82-1,Is there any other search engine that is good other than yahoo and google search engines?
sentence2phrase.test-CQA-82-2,the existence of good search engines besides yahoo and google
sentence2phrase.test-CQA-83-1,Why can i not get on the Verizon wireless website?
sentence2phrase.test-CQA-83-2,verizon wireless from a mobile device
sentence2phrase.test-CQA-84-1,how can i connect the net with the mobile phone?
sentence2phrase.test-CQA-84-2,internet access on a smartphone
sentence2phrase.test-CQA-85-1,Why do I keep getting the 'Internet Explorer cannot display the web page?'?
sentence2phrase.test-CQA-85-2,unable to display webpage in IE
sentence2phrase.test-CQA-86-1,What are some places where you can create a Wiki absolutely free?
sentence2phrase.test-CQA-86-2,new types of wikis
sentence2phrase.test-CQA-87-1,How do I set an image/gif for my web cam at chatroulette.com?
sentence2phrase.test-CQA-87-2,the new web browser internet explorer 8 that is included with my new computer
sentence2phrase.test-CQA-88-1,Does anyone know where I can download an audio file that sounds like winding down?
sentence2phrase.test-CQA-88-2,seeking a specific audio file
sentence2phrase.test-CQA-89-1,"How do I fix it the error at the bottom of internet explorer, where it usually says 'done', it says 'error on page'?"
sentence2phrase.test-CQA-89-2,browser errors that show up on the bottom of my window
sentence2phrase.test-CQA-90-1,Will we get charged extra on our Internet bill since we got a wifi box?
sentence2phrase.test-CQA-90-2,the cost of having a wifi router
sentence2phrase.test-CQA-91-1,I need to find a friend of mine who now lives in USA but I don't have his address or contact number?
sentence2phrase.test-CQA-91-2,long lost friend contact info
sentence2phrase.test-CQA-92-1,I accidentally disabled my internet connection and don't know how to bring it back!?
sentence2phrase.test-CQA-92-2,broken picture telephone
sentence2phrase.test-CQA-93-1,can i post a picture of someone else on the internet?
sentence2phrase.test-CQA-93-2,knowing my online identity
sentence2phrase.test-CQA-94-1,Is there a firefox add on that temporary disables selected websites to stop me from procrastinating?
sentence2phrase.test-CQA-94-2,firefox add on to block websites
sentence2phrase.test-CQA-95-1,"If you have unlimited space on a website, what would you host?"
sentence2phrase.test-CQA-95-2,the ideal content of a website that has unlimited storage
sentence2phrase.test-CQA-96-1,I accidently deleted an email forever but i need it back. what do i do?
sentence2phrase.test-CQA-96-2,retrieving a permanently deleted email
sentence2phrase.test-CQA-97-1,How often do draik eggs come in Merifoods in Meridell?
sentence2phrase.test-CQA-97-2,frequency of draik eggs in Merifoods
sentence2phrase.test-CQA-98-1,Is there a website that works like Blogger but instead of being a blog it is a website?
sentence2phrase.test-CQA-98-2,the joys of Chat Roulette
sentence2phrase.test-CQA-99-1,What is the best place to safe store pictures online ?
sentence2phrase.test-CQA-99-2,professional photography
sentence2phrase.test-CQA-100-1,How do I get rid of the 'fast browser search' bar?
sentence2phrase.test-CQA-100-2,customizing my browser
sentence2phrase.test-CQA-101-1,does mobile network has any affect on wireless broadband connection?
sentence2phrase.test-CQA-101-2,interactions between wifi and my mobile network
sentence2phrase.test-CQA-102-1,Is there a way to get free shipping on ebay?
sentence2phrase.test-CQA-102-2,free ebay shipping
sentence2phrase.test-CQA-103-1,My neighbor told me to go to this website but when I do it says page not found?
sentence2phrase.test-CQA-103-2,my neighbor's advice for the internet
sentence2phrase.test-CQA-104-1,how does pay pal work on ebay (never used it before)?
sentence2phrase.test-CQA-104-2,connection between paypal and ebay
sentence2phrase.test-CQA-105-1,"I often use Firefox web browser, from time to time this browser gets extremely slow, what I can do to fix it?"
sentence2phrase.test-CQA-105-2,improving Firefox's speed when it gets slow
sentence2phrase.test-CQA-106-1,What can I do to improve my blog and promote it?
sentence2phrase.test-CQA-106-2,adding images and video or just better content
sentence2phrase.test-CQA-107-1,What are some of my options for a good VPN Program?
sentence2phrase.test-CQA-107-2,benefits under a health insurance plan
sentence2phrase.test-CQA-108-1,"which free online translator translates better : english to spanish, german,portugese,french,chinese & italian?"
sentence2phrase.test-CQA-108-2,the best online translator for romance languages and chinese
sentence2phrase.test-CQA-109-1,Can d Internet companies see which websyts ive bin visiting?
sentence2phrase.test-CQA-109-2,internet provider's knowledge of my actions
sentence2phrase.test-CQA-110-1,i have Internet Explorer and Firefox is it possible to have a home page on each?
sentence2phrase.test-CQA-110-2,multiple browser homepages
sentence2phrase.test-CQA-111-1,wihout my consent how experts exchange can take the amounts?
sentence2phrase.test-CQA-111-2,taking without consent
sentence2phrase.test-CQA-112-1,is there a truth box/honesty box i can use for myyearbook?
sentence2phrase.test-CQA-112-2,myyearbook truth/honesty box
sentence2phrase.test-CQA-113-1,Craigslist website is not working at all in my web browser at all!?
sentence2phrase.test-CQA-113-2,problems with web browser
sentence2phrase.test-CQA-114-1,One specific site won't load in my laptop (and in my laptop alone)?
sentence2phrase.test-CQA-114-2,issues with laptop
sentence2phrase.test-CQA-115-1,Whats the best website which allows people to upload 2 hour long vidoes?
sentence2phrase.test-CQA-115-2,my Internet network
sentence2phrase.test-CQA-116-1,Why do so many people keep blogging even though nobody ever comments on/cares about/reads their blogs?
sentence2phrase.test-CQA-116-2,an AIM message to someone's cell from my cell
sentence2phrase.test-CQA-117-1,Why do girls always next other girls immediately on chat roulette?
sentence2phrase.test-CQA-117-2,girls that skip chatting with other girls on chatroulette
sentence2phrase.test-CQA-118-1,Is there anyway I can record or download something when I watch it on ABC iview?
sentence2phrase.test-CQA-118-2,Breaking news report
sentence2phrase.test-CQA-119-1,What are some good (not sure what they're called) parent locks for firefox?
sentence2phrase.test-CQA-119-2,where to find a locksmith
sentence2phrase.test-CQA-120-1,is there any site like chatroulette where you do not need an account that requires a password?
sentence2phrase.test-CQA-120-2,sites similar to chatroulette
sentence2phrase.test-CQA-121-1,Is there a way to watch the 82nd Academy Awards live online?
sentence2phrase.test-CQA-121-2,internet service providers
sentence2phrase.test-CQA-122-1,How to send photos from the internet to your iPhone?
sentence2phrase.test-CQA-122-2,computer to mobile photo sharing
sentence2phrase.test-CQA-123-1,Why does Paypal deduct four extra dollars for each payment you make?
sentence2phrase.test-CQA-123-2,the e-snips homepage
sentence2phrase.test-CQA-124-1,can people put an item from the wishlist as purchased if they didn't purchase it?
sentence2phrase.test-CQA-124-2,amazon wish list
sentence2phrase.test-CQA-125-1,How do I fix this if my computer keeps logging on as a temporary user and nothing will be saved when I log off?
sentence2phrase.test-CQA-125-2,temp user account on Windows
sentence2phrase.test-CQA-126-1,Where to manually download virus defination updates for norton 360 ?
sentence2phrase.test-CQA-126-2,Norton anti-virus software update downloads
sentence2phrase.test-CQA-127-1,I don't understand how you clean the fish tanks in happy aquarium?
sentence2phrase.test-CQA-127-2,great white shark
sentence2phrase.test-CQA-128-1,What do blurbs at the bottom of emails...such as the following...mean?
sentence2phrase.test-CQA-128-2,repeated text in my emails
sentence2phrase.test-CQA-129-1,can someone show me a example of how must i fill in the address and address 2 at the lockerz website?
sentence2phrase.test-CQA-129-2,a $35 Amazon gift card
sentence2phrase.test-CQA-130-1,how many seconds should i wait before sniping on ebay?
sentence2phrase.test-CQA-130-2,ebay auction timers
sentence2phrase.test-CQA-131-1,How do you block users not on your friends list on AIM?
sentence2phrase.test-CQA-131-2,home internet connection
sentence2phrase.test-CQA-132-1,Do you have to pay to watch things like TV on windows media center?
sentence2phrase.test-CQA-132-2,Alkaline Trio's self-titled album
sentence2phrase.test-CQA-133-1,Have you actually ever gotten anything from Lockerz?
sentence2phrase.test-CQA-133-2,Lockerz actually delivering on their prize offerings
sentence2phrase.test-CQA-134-1,How much does it allow for a rapidshare premium user to download perday?
sentence2phrase.test-CQA-134-2,the best free email service for my young children
sentence2phrase.test-CQA-135-1,Why do I always have to refresh my web pages for updated page?
sentence2phrase.test-CQA-135-2,updating a web page
sentence2phrase.test-CQA-136-1,Is there a way to know how many people googled my name today?
sentence2phrase.test-CQA-136-2,google searches for my name
sentence2phrase.test-CQA-137-1,Where can I get some more social networking site accounts?
sentence2phrase.test-CQA-137-2,more social network accounts
sentence2phrase.test-CQA-138-1,What do I need to get a site up and running?
sentence2phrase.test-CQA-138-2,website set-up requirements
sentence2phrase.test-CQA-139-1,does any body know what cleanmypc.com is worth using or is it a piece of crap?
sentence2phrase.test-CQA-139-2,the benefits of cleanmypc.com
sentence2phrase.test-CQA-140-1,Does Sun wireless broadband have good reception in our area?
sentence2phrase.test-CQA-140-2,your pay pal account
sentence2phrase.test-CQA-141-1,What is a good website to use to locate someone and has accurate info?
sentence2phrase.test-CQA-141-2,websites with online GPS location facilities
sentence2phrase.test-CQA-142-1,How can I find his blog from his email address ?
sentence2phrase.test-CQA-142-2,registering a blog with my email
sentence2phrase.test-CQA-143-1,Which photo sharing websites have no banner or pop up ads even for free membership?
sentence2phrase.test-CQA-143-2,free photo sharing sites with no ads or pop ups
sentence2phrase.test-CQA-144-1,"eBay seller to cancel transaction for defective item, what do i do?"
sentence2phrase.test-CQA-144-2,canceled ebay transaction due to broken item
sentence2phrase.test-CQA-145-1,Is someone selling a blackberry for $160 on Ebay to be trusted?
sentence2phrase.test-CQA-145-2,the veracity of a $160 blackberry on ebay
sentence2phrase.test-CQA-146-1,Why is 98% of my CPU usage on an open internet browser (firefox)?
sentence2phrase.test-CQA-146-2,making calls from PC to PC
sentence2phrase.test-CQA-147-1,What program is a quick free video editor for cutting a long video into a size for YouTube (9 minutes)?
sentence2phrase.test-CQA-147-2,hollywood movie directors
sentence2phrase.test-CQA-148-1,What can I do to my internet so American websites don't know I'm outside America so I can watch their shows?
sentence2phrase.test-CQA-148-2,watching webcasted shows from a different country
sentence2phrase.test-CQA-149-1,does israel have a lot of internet outages? (ie: a day or two with no internet)?
sentence2phrase.test-CQA-149-2,telecoms in Israel
sentence2phrase.test-CQA-150-1,Does your activity on Limewire show on your Internet History?
sentence2phrase.test-CQA-150-2,music piracy evidence in Limewire
sentence2phrase.test-CQA-151-1,How do I add CNN Money RSS to Internet Explorer 8?
sentence2phrase.test-CQA-151-2,RSS feeds on IE 8
sentence2phrase.test-CQA-152-1,How can I get Google Chrome to keep me logged in to sites when I close the window?
sentence2phrase.test-CQA-152-2,the tracking info
sentence2phrase.test-CQA-153-1,Where can I download the bonus features of the Avatar movie?
sentence2phrase.test-CQA-153-2,downloading bonus features for Avatar
sentence2phrase.test-CQA-154-1,Are there any sites where you can ask a question anonymously?
sentence2phrase.test-CQA-154-2,asking a question in secret
sentence2phrase.test-CQA-155-1,Can my internet service provider track all the websites I visited?
sentence2phrase.test-CQA-155-2,video files over 30MB
sentence2phrase.test-CQA-156-1,how much money do people typically proxy bid on ebay?
sentence2phrase.test-CQA-156-2,the amount of ebay proxy bids people usually use
sentence2phrase.test-CQA-157-1,Where can I get a picture of Lysander from a Midsummer night's dream asleep or sleeping?
sentence2phrase.test-CQA-157-2,Shakespeare's collection
sentence2phrase.test-CQA-158-1,How to import my bookmarks and history from Chrome to Firefox?
sentence2phrase.test-CQA-158-2,customizing my internet browser
sentence2phrase.test-CQA-159-1,So how do I get more hits on my blog?
sentence2phrase.test-CQA-159-2,blog popularity
sentence2phrase.test-CQA-160-1,How do I delete all my recent book marks in firefox?
sentence2phrase.test-CQA-160-2,making my internet history private
sentence2phrase.test-CQA-161-1,Where can I find a free forum or how can I create a blog where I can post/host several 18+ art?
sentence2phrase.test-CQA-161-2,forum for 18+ art
sentence2phrase.test-Idiomatic-162-1,"From all the available statistics, the politician cherry-picked only those that backed up his ideas."
sentence2phrase.test-Idiomatic-162-2,just a regretful one-night stand
sentence2phrase.test-Idiomatic-163-1,"I like the people at my job, but the 60-hour work weeks are a big turn-off."
sentence2phrase.test-Idiomatic-163-2,unappealing 60-hour work weeks
sentence2phrase.test-Idiomatic-164-1,Jones pinch-hit for Smith during today's presentation.
sentence2phrase.test-Idiomatic-164-2,until he got as high as a kite
sentence2phrase.test-Idiomatic-165-1,"The day our sister eloped, she died to our mother."
sentence2phrase.test-Idiomatic-165-2,a bone to pick with the boss
sentence2phrase.test-Idiomatic-166-1,"First, the stark message to “eat less” of a particular food has been deep-sixed."
sentence2phrase.test-Idiomatic-166-2,"the strongest, pound for pound"
sentence2phrase.test-Idiomatic-167-1,"If you have never practiced at interviewing for a job, you are likely to have a few tongue-tied moments during your first interview."
sentence2phrase.test-Idiomatic-167-2,first job interview
sentence2phrase.test-Idiomatic-168-1,Send everyone a heads-up about the inspection tomorrow.
sentence2phrase.test-Idiomatic-168-2,notification before inspection occurs
sentence2phrase.test-Idiomatic-169-1,I would like to know about the day-to-day workings of the business.
sentence2phrase.test-Idiomatic-169-2,showing interest in a company's office culture
sentence2phrase.test-Idiomatic-170-1,Every year the neighbors try to one-up each other with their holiday lights.
sentence2phrase.test-Idiomatic-170-2,calling his bluff on the threats
sentence2phrase.test-Idiomatic-171-1,They teach a watered-down calculus class for non-majors.
sentence2phrase.test-Idiomatic-171-2,learning English as a second language
sentence2phrase.test-Idiomatic-172-1,One has to deal with the day-to-day chores.
sentence2phrase.test-Idiomatic-172-2,annoying household tasks
sentence2phrase.test-Idiomatic-173-1,I can do a quick-and-dirty market analysis in time for the meeting tomorrow.
sentence2phrase.test-Idiomatic-173-2,office work
sentence2phrase.test-Idiomatic-174-1,"Clinton and Dole brought different needs to the debate. For Dole it was do or die. He had to hit Clinton hard but without seeming harsh, a conundrum for him all year."
sentence2phrase.test-Idiomatic-174-2,political debates
sentence2phrase.test-Idiomatic-175-1,They sat through two back-to-back movies.
sentence2phrase.test-Idiomatic-175-2,two movies in a row
sentence2phrase.test-Idiomatic-176-1,I'll put together a quick one-off as a sample so we can taste the recipe.
sentence2phrase.test-Idiomatic-176-2,sample tasting a recipe
sentence2phrase.test-Idiomatic-177-1,"He had a down-to-earth attitude that translated into a straightforward, but effective strategy."
sentence2phrase.test-Idiomatic-177-2,"intelligent, friendly guy"
sentence2phrase.test-Idiomatic-178-1,Should we classify 'make up' as an idiom or as a phrasal verb?
sentence2phrase.test-Idiomatic-178-2,chickening out on skydiving
sentence2phrase.test-Idiomatic-179-1,The bystanders were indiscriminately gunned down by trigger-happy gang members.
sentence2phrase.test-Idiomatic-179-2,gang members gunning down anybody they saw
sentence2phrase.test-Idiomatic-180-1,Five companies offering get-rich-quick schemes to property investors have been shut down.
sentence2phrase.test-Idiomatic-180-2,to spend some time in the hospital
sentence2phrase.test-Idiomatic-181-1,The critics described the pop star's new album as very off-color.
sentence2phrase.test-Idiomatic-181-2,the usual suspects
sentence2phrase.test-Idiomatic-182-1,Ruth and Gehrig hit back-to-back home runs.
sentence2phrase.test-Idiomatic-182-2,home run hitters
sentence2phrase.test-Idiomatic-183-1,Her abrupt departure from the wedding ceremony was a fine how-d'ye-do.
sentence2phrase.test-Idiomatic-183-2,learning who someone is based on their sudden departure from the wedding
sentence2phrase.test-Idiomatic-184-1,People come here to escape the day-to-day.
sentence2phrase.test-Idiomatic-184-2,a nice vacation getaway
sentence2phrase.test-Idiomatic-185-1,He is an out-and-out idiot.
sentence2phrase.test-Idiomatic-185-2,"stupid, annoying habits"
sentence2phrase.test-Idiomatic-186-1,The subdivision was nothing but row after row of cookie-cutter houses.
sentence2phrase.test-Idiomatic-186-2,the same house styles everywhere
sentence2phrase.test-Idiomatic-187-1,Be careful when you work near him; he's trigger-happy with that chain-saw.
sentence2phrase.test-Idiomatic-187-2,dangerous workplace accidents
sentence2phrase.test-Idiomatic-188-1,Braces on a pretty girl actually aren't a turn-off for me.
sentence2phrase.test-Idiomatic-188-2,a pretty girl with braces
sentence2phrase.test-Idiomatic-189-1,I think it's hopeless to try to stop them as they are bent on one-upmanship.
sentence2phrase.test-Idiomatic-189-2,constantly trying to beat me
sentence2phrase.test-Idiomatic-190-1,It was a cop-out to say he couldn't sign the petition because he sprained his wrist.
sentence2phrase.test-Idiomatic-190-2,a bad excuse for not signing the petition due to a sprained wrist
sentence2phrase.test-Idiomatic-191-1,The blink-and-you-miss-it town is located between two major highways.
sentence2phrase.test-Idiomatic-191-2,how to keep a secret
sentence2phrase.test-Idiomatic-192-1,He was so trigger-happy that he wheeled and punched me when I brushed by him in the hall.
sentence2phrase.test-Idiomatic-192-2,abuse by school bullies
sentence2phrase.test-Idiomatic-193-1,The car broke down but we managed to do a quick-and-dirty and were back on the road in fifteen minutes.
sentence2phrase.test-Idiomatic-193-2,driving again after making bare bones fixes to the broken car
sentence2phrase.test-Idiomatic-194-1,This fridge is common-and-garden but it works fine.
sentence2phrase.test-Idiomatic-194-2,preservation of food using refrigeration
sentence2phrase.test-Idiomatic-195-1,I feel a bit off-color today.
sentence2phrase.test-Idiomatic-195-2,a gut feeling that she was lying
sentence2phrase.test-Idiomatic-196-1,"I think she will forgive an accidental slip-up, so don't worry too much about misspeaking."
sentence2phrase.test-Idiomatic-196-2,leniency towards a speaker's mistakes
sentence2phrase.test-Idiomatic-197-1,"We can build a specialized part for you, but an off-the-shelf product will probably cost less."
sentence2phrase.test-Idiomatic-197-2,custom-made product
sentence2phrase.test-Idiomatic-198-1,The mourners left the funeral heavy-hearted and silent.
sentence2phrase.test-Idiomatic-198-2,funeral ceremony
sentence2phrase.test-Idiomatic-199-1,"After she passes the bar exam, she will be a full-fledged lawyer."
sentence2phrase.test-Idiomatic-199-2,lawyers and legal theories
sentence2phrase.test-Idiomatic-200-1,The guy had some half-baked idea for getting rich in the stock market.
sentence2phrase.test-Idiomatic-200-2,opening a checking account at a bank
sentence2phrase.test-Idiomatic-201-1,"In driver's education, they used to teach students to drive in cars with a three-on-the-tree, but now the cars all have automatic transmission."
sentence2phrase.test-Idiomatic-201-2,changes to driving lessons since auto-transmission
sentence2phrase.test-Idiomatic-202-1,That song sucks major assage.
sentence2phrase.test-Idiomatic-202-2,a terrible song
sentence2phrase.test-Idiomatic-203-1,"The warrior saw a chink in her enemy's armor, and aimed her spear accordingly."
sentence2phrase.test-Idiomatic-203-2,defeating business rivals by identifying their weaknesses
sentence2phrase.test-Idiomatic-204-1,"It's a poor system, because if you want to do such-and-such you must first find that function in a long and disorderly list."
sentence2phrase.test-Idiomatic-204-2,badly designed and long winded system for finding a function
sentence2phrase.test-Idiomatic-205-1,"In his sermon, the minister didn't try to whitewash over the sins of his church."
sentence2phrase.test-Idiomatic-205-2,driving me up the wall with that music
sentence2phrase.test-Idiomatic-206-1,"After his last suggestion was laughed at by his colleagues, he was gunshy about making another suggestion."
sentence2phrase.test-Idiomatic-206-2,negative peer pressure
sentence2phrase.test-Idiomatic-207-1,The theater likes to feature up-and-coming singers and comedians.
sentence2phrase.test-Idiomatic-207-2,big break for performers from the theater
sentence2phrase.test-Idiomatic-208-1,Get-rich-quick email scams are on the increase.
sentence2phrase.test-Idiomatic-208-2,strutting around in your new jeans
sentence2phrase.test-Idiomatic-209-1,Forget that two-bit shyster. Get yourself a real lawyer.
sentence2phrase.test-Idiomatic-209-2,unprofessional courtroom etiquette
sentence2phrase.test-Idiomatic-210-1,"Out of 50 people who said they would attend, we only had three no-shows."
sentence2phrase.test-Idiomatic-210-2,nearly complete attendance
sentence2phrase.test-Idiomatic-211-1,We owe it to a small group of brave whistle-blowers that we know about the infractions at all.
sentence2phrase.test-Idiomatic-211-2,facts revealed by heroic whistleblowers
sentence2phrase.test-Idiomatic-212-1,His essay was a word-for-word copy of one on the Internet.
sentence2phrase.test-Idiomatic-212-2,student using internet for homework
sentence2phrase.test-Idiomatic-213-1,She might take offense if some Johnny-come-lately thinks he can do a better job.
sentence2phrase.test-Idiomatic-213-2,offense at the ambitions of a young upstart
sentence2phrase.test-Idiomatic-214-1,His disappearance on the day of the audition was just a cop-out.
sentence2phrase.test-Idiomatic-214-2,excuses for disappearing instead of auditioning
sentence2phrase.test-Idiomatic-215-1,Traffic was backed up for miles due to a twelve-car pile-up on the freeway earlier today.
sentence2phrase.test-Idiomatic-215-2,highway traffic jam from a multi-car pile-up
sentence2phrase.test-Idiomatic-216-1,I don't think a cookie-cutter solution will work in all cases.
sentence2phrase.test-Idiomatic-216-2,off the shelf fixes
sentence2phrase.test-Idiomatic-217-1,"We've only got 30 minutes at the stadium, so I'll give you a whistle-stop tour."
sentence2phrase.test-Idiomatic-217-2,seeing just the highlights
sentence2phrase.test-Idiomatic-218-1,That pencil-neck from systems isn't going tell me what I can't do.
sentence2phrase.test-Idiomatic-218-2,ignoring orders from an officer worker
sentence2phrase.test-Idiomatic-219-1,"My sister's eyes were full of stardust, and she'd spend hours lazily planning her future life when she would make her big break in the movies."
sentence2phrase.test-Idiomatic-219-2,unrealistic daydreaming about Hollywood success
sentence2phrase.test-Idiomatic-220-1,"After seeing all the advertisements, the show itself was quite a let-down."
sentence2phrase.test-Idiomatic-220-2,a disappointing show
sentence2phrase.test-Idiomatic-221-1,He's always a cop-out when there's hard work to be done.
sentence2phrase.test-Idiomatic-221-2,avoiding hard work when it appears
sentence2phrase.test-Idiomatic-222-1,The famous actor's blink-and-you-miss-it appearance in the short film is little known.
sentence2phrase.test-Idiomatic-222-2,just the tip of the iceberg
sentence2phrase.test-Idiomatic-223-1,"We don't have much money, but we can at least pay some of these chump-change bills."
sentence2phrase.test-Idiomatic-223-2,paying off small bills first
sentence2phrase.test-Idiomatic-224-1,Children should not nose-pick.
sentence2phrase.test-Idiomatic-224-2,a change of pace from this cold climate
sentence2phrase.test-Slang-225-1,This music really bites.
sentence2phrase.test-Slang-225-2,all bass and no lyrics
sentence2phrase.test-Slang-226-1,A pig roots the earth for truffles.
sentence2phrase.test-Slang-226-2,expensive chocolate truffles
sentence2phrase.test-Slang-227-1,Letting white have three extra queens would break chess.
sentence2phrase.test-Slang-227-2,the rules of chess
sentence2phrase.test-Slang-228-1,That referee is a right dipstick.
sentence2phrase.test-Slang-228-2,learning the rules of chess
sentence2phrase.test-Slang-229-1,When are we going to get some eats?
sentence2phrase.test-Slang-229-2,the report for all the people at the meeting
sentence2phrase.test-Slang-230-1,I am running low on paint for my marker.
sentence2phrase.test-Slang-230-2,several rainmakers among his advisers
sentence2phrase.test-Slang-231-1,An American English caper.
sentence2phrase.test-Slang-231-2,an international mystery
sentence2phrase.test-Slang-232-1,That is one slick bicycle: it has all sorts of features!
sentence2phrase.test-Slang-232-2,slick bike with all features
sentence2phrase.test-Slang-233-1,Why are you hanging out with that nerd?
sentence2phrase.test-Slang-233-2,adolescent taunting of nerds
sentence2phrase.test-Slang-234-1,Tyra said to strike a pose and make it fierce.
sentence2phrase.test-Slang-234-2,"Tyra Banks, the supermodel"
sentence2phrase.test-Slang-235-1,"Her latest novel was very steamy, but still managed to top the charts."
sentence2phrase.test-Slang-235-2,steamingly hot off the presses
sentence2phrase.test-Slang-236-1,He sold his business a couple of years ago and is just loaded.
sentence2phrase.test-Slang-236-2,huge wealth from selling his business
sentence2phrase.test-Slang-237-1,My boyfriend is such a good pasher!
sentence2phrase.test-Slang-237-2,making out in public
sentence2phrase.test-Slang-238-1,"He was steamed that the car cut him off, it took almost half an hour for him to calm down."
sentence2phrase.test-Slang-238-2,road rage
sentence2phrase.test-Slang-239-1,"The video rental place didn't have the film I was after, but I managed to torrent it."
sentence2phrase.test-Slang-239-2,downloading a movie by torrent after not finding it at the store
sentence2phrase.test-Slang-240-1,Why you got a purdy mouth boy.
sentence2phrase.test-Slang-240-2,unanimous verdict
sentence2phrase.test-Slang-241-1,You're getting on my freaking nerves!
sentence2phrase.test-Slang-241-2,every night after work
sentence2phrase.test-Slang-242-1,"Dude, you're harshing my buzz."
sentence2phrase.test-Slang-242-2,behind the shopping centre at the weekend
sentence2phrase.test-Slang-243-1,This car can turn on a dime.
sentence2phrase.test-Slang-243-2,turning radius
sentence2phrase.test-Slang-244-1,The plumber had to get all the mank out of the drain.
sentence2phrase.test-Slang-244-2,a plumber cleaning my dirty drain
sentence2phrase.test-Slang-245-1,"Wapanese characteristics may include an obsession with anime or martial arts, or inappropriate or incorrect casual use of Japanese words."
sentence2phrase.test-Slang-245-2,offense at the word Wapanese
sentence2phrase.test-Slang-246-1,"My apartment's so ghetto, the rats and cockroaches filed a complaint with the city!"
sentence2phrase.test-Slang-246-2,leaking roof and moldy walls
sentence2phrase.test-Slang-247-1,I've got a basketball jones!
sentence2phrase.test-Slang-247-2,no ball games
sentence2phrase.test-Slang-248-1,He knew he was whipped when he turned down a football game so they could shop for linens.
sentence2phrase.test-Slang-248-2,turning down social events due to being under the thumb of his girlfriend
sentence2phrase.test-Slang-249-1,Have you clocked that game yet?
sentence2phrase.test-Slang-249-2,a never-ending Monopoly game
sentence2phrase.test-Slang-250-1,We wired the suspect's house.
sentence2phrase.test-Slang-250-2,recordings of criminal wrong-doing
sentence2phrase.test-Slang-251-1,He was so loud I told him to cork it.
sentence2phrase.test-Slang-251-2,quieting a noisy individual
sentence2phrase.test-Slang-252-1,"She was cute, but all her friends were busted."
sentence2phrase.test-Slang-252-2,the presence of unattractive friends
sentence2phrase.test-Slang-253-1,His speech had no guts in it.
sentence2phrase.test-Slang-253-2,lack of gusto in a speech
sentence2phrase.test-Slang-254-1,"The layout of the prose was writerly, professional and well crafted.."
sentence2phrase.test-Slang-254-2,a well-designed prose organization
sentence2phrase.test-Slang-255-1,I think John has a little bit of sugar in him.
sentence2phrase.test-Slang-255-2,the old west one-room school
sentence2phrase.test-Slang-256-1,Ella snagged a bottle of water from the fridge before leaving for her jog.
sentence2phrase.test-Slang-256-2,a gift when he retired
sentence2phrase.test-Slang-257-1,Can I get a box of sweeties for being a good boy?
sentence2phrase.test-Slang-257-2,the message board
sentence2phrase.test-Slang-258-1,"I dunno if I could ever trust a gloryholer, their need for anonymity is just so sketchy to me."
sentence2phrase.test-Slang-258-2,uncomfortable from anonymous sexual practices
sentence2phrase.test-Slang-259-1,The wind lifted up her skirt and I caught a glimpse of her downstairs.
sentence2phrase.test-Slang-259-2,"a fleeting, voyeuristic glance due to an opportune gust"
sentence2phrase.test-Slang-260-1,It is hard to believe that she could be dateless on a Saturday night.
sentence2phrase.test-Slang-260-2,arsing around
sentence2phrase.test-Slang-261-1,We clambaked the car last night!
sentence2phrase.test-Slang-261-2,burned tyre rubber
sentence2phrase.test-Slang-262-1,"Hey man, prank me when you wanna get picked up."
sentence2phrase.test-Slang-262-2,heavy lifting
sentence2phrase.test-Slang-263-1,"If you're going to try and swiftboat me for the Petermann account, keep on dreaming."
sentence2phrase.test-Slang-263-2,sabotaging my campaign for the account
sentence2phrase.test-Slang-264-1,"He was a sawed-off runt, just a little guy, but he packed so much attitude into that little package that no one was going to make anything about it."
sentence2phrase.test-Slang-264-2,the big things that come in small packages
sentence2phrase.test-Slang-265-1,That's a seriously hench doorman.
sentence2phrase.test-Slang-265-2,a big bouncer
sentence2phrase.test-Slang-266-1,We blew an opportunity to get benign corporate sponsorship.
sentence2phrase.test-Slang-266-2,ruined opportunities
sentence2phrase.test-Slang-267-1,He was bottled at a nightclub and had to have facial surgery.
sentence2phrase.test-Slang-267-2,smashed in the face with a bottle
sentence2phrase.test-Slang-268-1,He drew nines from the deck.
sentence2phrase.test-Slang-268-2,drawing cards from a deck
sentence2phrase.test-Slang-269-1,"I always cook my frags, in case they try to grab one and throw it back."
sentence2phrase.test-Slang-269-2,timing grenade tosses to avoid retribution
sentence2phrase.test-Slang-270-1,That bloke who ripped me off was a right tosser.
sentence2phrase.test-Slang-270-2,shady used car salesman
sentence2phrase.test-Slang-271-1,I know squat about nuclear physics.
sentence2phrase.test-Slang-271-2,lack of knowledge about nuclear physics
sentence2phrase.test-Slang-272-1,He got completely kaylied last night.
sentence2phrase.test-Slang-272-2,last night's utter drunkenness
sentence2phrase.test-Slang-273-1,He took a huge bogart from the joint before finally passing it on.
sentence2phrase.test-Slang-273-2,the cryptolects of London's thieves and vagabonds
sentence2phrase.test-Slang-274-1,I need a new pair of gruds.
sentence2phrase.test-Slang-274-2,knee-high boots
sentence2phrase.test-Slang-275-1,Television reruns are often lameo.
sentence2phrase.test-Slang-275-2,boring TV reruns
sentence2phrase.test-Slang-276-1,Stop talking cobblers.
sentence2phrase.test-Slang-276-2,talking nonsense
sentence2phrase.test-Slang-277-1,We can hear the couple banging upstairs.
sentence2phrase.test-Slang-277-2,that bird over there
sentence2phrase.test-Slang-278-1,I can't believe he chugged three beers.
sentence2phrase.test-Slang-278-2,disbelief at downing three beers
sentence2phrase.test-Slang-279-1,"I may look bad, but you look dagnasty."
sentence2phrase.test-Slang-279-2,greased by the mob's money
sentence2phrase.test-Slang-280-1,"Man, I got totally fried on weed at Chad's party."
sentence2phrase.test-Slang-280-2,hungry from smoking up so much at the party
sentence2phrase.test-Slang-281-1,The sketchy repair job did not look like it would hold.
sentence2phrase.test-Slang-281-2,repair jobs on conservatories
sentence2phrase.test-Slang-282-1,She reads at a pretty good clip.
sentence2phrase.test-Slang-282-2,speed reading
sentence2phrase.test-Slang-283-1,When he drinks too much he's a gumball.
sentence2phrase.test-Slang-283-2,silliness due to alcohol consumption
sentence2phrase.test-Slang-284-1,"Hey, if you guys get the munchies, there's helluv candy in the cupboard."
sentence2phrase.test-Slang-284-2,massive amounts of candy at my house
sentence2phrase.test-Slang-285-1,That song is a bite of my song!
sentence2phrase.test-Slang-285-2,music sampling
sentence2phrase.test-Slang-286-1,I've got the munchies.
sentence2phrase.test-Slang-286-2,bowl of cereal
sentence2phrase.test-Slang-287-1,"I don't want to buy any blimming brushes, so kindly go away!"
sentence2phrase.test-Slang-287-2,brushes for hair or for canvas
sentence2phrase.test-Slang-288-1,Some pikey's chawed my bike.
sentence2phrase.test-Slang-288-2,derelicts stealing my bike
sentence2phrase.test-Slang-289-1,It really narks me when people smoke in restaurants.
sentence2phrase.test-Slang-289-2,offense at second hand smoke in public places
sentence2phrase.test-Slang-290-1,"If he keeps doing things like that, he's sure to end up in the clink."
sentence2phrase.test-Slang-290-2,getting caught doing illegal activity
sentence2phrase.test-Slang-291-1,"That tie is a bit naff, don't you think?"
sentence2phrase.test-Slang-291-2,hideous tie
sentence2phrase.test-Slang-292-1,The boss bollocked me for coming in late.
sentence2phrase.test-Slang-292-2,website where you can pimp your blog
sentence2phrase.test-Slang-293-1,Did you score tickets for the concert?
sentence2phrase.test-Slang-293-2,sold-out concert tickets
sentence2phrase.test-Slang-294-1,"I got tired of his trolling and ad hominem attacks, so I plonked him."
sentence2phrase.test-Slang-294-2,fighting back after listening to incessant verbal attacks
sentence2phrase.test-Slang-295-1,"Like I said, it's a pretty noobish question, but if someone could point me towards a workaround for this issue it would be much appreciated."
sentence2phrase.test-Slang-295-2,doorways or park benches
sentence2phrase.test-Slang-296-1,I couldn't give a toss about her.
sentence2phrase.test-Slang-296-2,hopeless romantics in love
sentence2phrase.test-Slang-297-1,You can cheese most of the game using certain exploits.
sentence2phrase.test-Slang-297-2,banning cheaters in online gaming
sentence2phrase.test-Slang-298-1,There are hella people here.
sentence2phrase.test-Slang-298-2,packed with people
sentence2phrase.test-Slang-299-1,We whizzed in the bushes.
sentence2phrase.test-Slang-299-2,putzing around
sentence2phrase.test-Travel-300-1,"He raised a revolt in Sfakiá, but the support never arrived."
sentence2phrase.test-Travel-300-2,an unsupported revolt in Sfakia
sentence2phrase.test-Travel-301-1,Top Sail Yacht Cruises takes small parties from the British Colonial Beach Dock to places like Rose Island.
sentence2phrase.test-Travel-301-2,travelling by yacht to Rose Island
sentence2phrase.test-Travel-302-1,"Most visitors to the Costa del Sol do not plan daytime activities more energetic than lazing on the beach, and save their energy for nightlife."
sentence2phrase.test-Travel-302-2,an hour along the fast Route 22 toll road
sentence2phrase.test-Travel-303-1,"A steep zig-zag road winds down to the lake: Bemos and motorcycle jockeys are ready to take anyone without transport to Kedisan, a lakeside village where you will find a few modest homestays."
sentence2phrase.test-Travel-303-2,bemos ferrying tourists down a steep winding road
sentence2phrase.test-Travel-304-1,"There are twenty-one in room 14, and nine in room 15, depicting the enigmatic Minoans at work and play, and their major influences — the bull, other animals, and the marine environment."
sentence2phrase.test-Travel-304-2,its colorful interiors
sentence2phrase.test-Travel-305-1,"With little dry land to build on, exactly why a small group of settlers chose this unpromising spot is difficult to understand."
sentence2phrase.test-Travel-305-2,a difficult place to found a city
sentence2phrase.test-Travel-306-1,"Although the riverbed here is almost perpetually dry, the town is fortunate to have a high water table."
sentence2phrase.test-Travel-306-2,a constantly barren riverbed with a high water table
sentence2phrase.test-Travel-307-1,"Another lively spot is Xinhua Square, where half the town seems to exercise and play before work, returning each evening to sample the kebabs and other Muslim fare from dozens of food stalls."
sentence2phrase.test-Travel-307-2,Muslim delicacies such as kebabs
sentence2phrase.test-Travel-308-1,"Although the Reformation and Lutherism had an impact on Poland, the country largely avoided the devastating religious wars that raged elsewhere in Europe."
sentence2phrase.test-Travel-308-2,Poland's avoidance of religious conflicts from the Reformation and later movements
sentence2phrase.test-Travel-309-1,"Boadas (c/ dels Taller, 1) is a cocktail bar that looks like a movie set for a shoot of 1940s Havana."
sentence2phrase.test-Travel-309-2,a cocktail bar with a 40's Cuban style
sentence2phrase.test-Travel-310-1,"Since Greek democracy was restored in 1975, after the military dictatorship, it is as though the population relish their country all the more."
sentence2phrase.test-Travel-310-2,the restoration of Greek democracy in the 70s
sentence2phrase.test-Travel-311-1,"There are wonderful views from here (weather permitting — which it doesn’t most of the time), including the Roque de los Muchachos and the monolithic Roque Idafe, said to have been the sacred altar of the first Guanche natives on the island."
sentence2phrase.test-Travel-311-2,the first Guanche altar on the island
sentence2phrase.test-Travel-312-1,It neatly divides itself into five key areas.
sentence2phrase.test-Travel-312-2,each area containing different flora and fauna
sentence2phrase.test-Travel-313-1,"The city offers some of the most fascinating and alluring archaeological remains in the world, yet those who visit in the 21st century find that the modern city works hard to live up to the past."
sentence2phrase.test-Travel-313-2,difficulty living up to a city's important historical prominence
sentence2phrase.test-Travel-314-1,"Currently, it is open only to guests of the Four Seasons, or members of other golf clubs with a letter of introduction."
sentence2phrase.test-Travel-314-2,a beautiful 7th green with an equally-deadly sandtrap
sentence2phrase.test-Travel-315-1,"Finally, in 1908, King Carlos and his eldest son, Luís Filipe, were assassinated as they rode in an open carriage through the Praça do Comércio (see page 31) in Lisbon."
sentence2phrase.test-Travel-315-2,the assassination in Lisbon 1908
sentence2phrase.test-Travel-316-1,"Each village has one at some time during the year, so there’s sure to be an opportunity to take part."
sentence2phrase.test-Travel-316-2,village festivals
sentence2phrase.test-Travel-317-1,"This part of Cancún has the calmest sea for swimming and snorkeling, lying as it does in the shelter of Isla Mujeres just offshore."
sentence2phrase.test-Travel-317-2,colorful tropical fish in the nearby reefs
sentence2phrase.test-Travel-318-1,"It is also home to the most eclectic array of animals including gorillas, chimpanzees, tigers, jaguars, alligators, sea-lions, dolphins and numerous other creatures that are exhibited in carefully and creatively, designed spaces."
sentence2phrase.test-Travel-318-2,a zoo with an amusing assortment of wild animals
sentence2phrase.test-Travel-319-1,"Characteristic of the Vancouver architect’s finest works, the building is conceived horizontally, only seven stories high but still the dominant focus among the skyscrapers towering above it."
sentence2phrase.test-Travel-319-2,"a commanding seven story building, even in the presence of Vancouver's surrounding skyscrapers"
sentence2phrase.test-Travel-320-1,"Superb beach, swimming lagoon, safe snorkeling, animals, horseback riding, turtles, underground river, Mayan dances — what more would you need?."
sentence2phrase.test-Travel-320-2,the eastern flank of the Agora site
sentence2phrase.test-Travel-321-1,Head for the port and the large waterfront Plaza del Ayuntamiento.
sentence2phrase.test-Travel-321-2,less built up and frenetic than Torremolinos
sentence2phrase.test-Travel-322-1,"Restrained old façades hide picturesque courtyards, and there are some half-dozen squares, each boasting a crumbling and still functioning old church."
sentence2phrase.test-Travel-322-2,old churches in a half-dozen squares throughout the city
sentence2phrase.test-Travel-323-1,"All very challenging, with tight fairways, elevated greens, blind second shots, and headwinds on steep headlands."
sentence2phrase.test-Travel-323-2,"a park of 12,300 acres (4,998 hectares)"
sentence2phrase.test-Travel-324-1,"At the Chinese Ethnic Culture Park (Beichan Lu, on the Fourth Ring Road) costumed representatives of China’s 55 minorities live in model villages and put on cultural performances."
sentence2phrase.test-Travel-324-2,"ambassadors of the fifty five minorities in China, dressed in traditional costume"
sentence2phrase.test-Travel-325-1,Hotels here provide you with cooking facilities for whatever fish you — or a generous neighbor — might catch.
sentence2phrase.test-Travel-325-2,deep sea fishing
sentence2phrase.test-Travel-326-1,On the east side of Plaza San José are two important buildings.
sentence2phrase.test-Travel-326-2,the floor plans (in color)
sentence2phrase.test-Travel-327-1,"The Sanyi Protestant Church, built by the British in 1904, is also active."
sentence2phrase.test-Travel-327-2,an active Protestant church
sentence2phrase.test-Travel-328-1,There are no straight lines anywhere in the building — the graduated curves simply create the illusion of the vertical and horizontal.
sentence2phrase.test-Travel-328-2,structural stability maintained through hidden tension rods
sentence2phrase.test-Travel-329-1,"It’s also the youngest fort on the island, built in the 18th century to plug a hole in the easterly defenses of the city."
sentence2phrase.test-Travel-329-2,island defense forces
sentence2phrase.test-Travel-330-1,The Nationalists regained the battered city after the Japanese surrender in 1945.
sentence2phrase.test-Travel-330-2,devoid of marine life
sentence2phrase.test-Travel-331-1,"Feeding sharks and turtles is great fun, and because the hole is round and small, kids can get pretty close to the action."
sentence2phrase.test-Travel-331-2,kids at the aquarium's viewing area
sentence2phrase.test-Travel-332-1,"Each district of the old quarter — Barri Gòtic, La Ribera, Las Ramblas — and the Eixample district can be covered as a walking tour."
sentence2phrase.test-Travel-332-2,a walking tour of the old quarter districts
sentence2phrase.test-Travel-333-1,"The English brochure is quite helpful, giving general information on the geology and geomorphology, flora and fauna, helpful hints on camping as well as a very useful color diagram of the hiking possibilities."
sentence2phrase.test-Travel-333-2,hiking trails that extend for miles into the wilderness
sentence2phrase.test-Travel-334-1,Its 18 percent alcohol content can sneak up on you.
sentence2phrase.test-Travel-334-2,surprising 36 proof
sentence2phrase.test-Travel-335-1,"Founded in 1692, it was named after a relative of Juan Ponce de León, not the famous explorer himself."
sentence2phrase.test-Travel-335-2,the city's 1692 founding
sentence2phrase.test-Travel-336-1,"Just look for the huge cruise ships, which dwarf the surrounding buildings."
sentence2phrase.test-Travel-336-2,massive cruise ships
sentence2phrase.test-Travel-337-1,Small motorized trains carry visitors to the distilling and bottling plants.
sentence2phrase.test-Travel-337-2,visiting the distillery and bottling facilities
sentence2phrase.test-Travel-338-1,They built a new section of the wall running for 630 km (390 miles) just north of Beijing as a massive buffer and early warning system against invaders from the north.
sentence2phrase.test-Travel-338-2,the Mongol invasions in the 13th Century
sentence2phrase.test-Travel-339-1,"In the 17th century the Jesuits, headed by Matteo Ricci, had a profound influence not so much on Chinese religion (they made few converts among Beijingers) as on science, mathematics, astronomy, art, medicine, and other forms of knowledge that had never before been infused with Western ideas in China."
sentence2phrase.test-Travel-339-2,the southernmost golf course
sentence2phrase.test-Travel-340-1,"The royal Bildergalerie (Picture Gallery) was designed to house Frederick the Great’s extensive collection of paintings by masters such as Caravaggio, and Rubens."
sentence2phrase.test-Travel-340-2,the ransacking of precious works by German troops
sentence2phrase.test-Travel-341-1,The event is remembered as El Grito de Lares (the cry of Lares).
sentence2phrase.test-Travel-341-2,the first major revolt
sentence2phrase.test-Travel-342-1,"One of the best ways to explore the hinterland, especially in the national and provincial parks, is to rent a comfortably equipped mobile home or camper."
sentence2phrase.test-Travel-342-2,the nearest gas station in a hundred miles
sentence2phrase.test-Travel-343-1,"You can also see artisans at work on the pottery wheel, producing leather goods (such as decorated saddles and bridles) and furniture."
sentence2phrase.test-Travel-343-2,clay pots available in the gift store next door
sentence2phrase.test-Travel-344-1,"Stop off at Twin Peaks (the road to get there starts near the southern end of Market Street) for an excellent panoramic view of the city and the bay, then park the car, put on a pair of comfortable walking shoes, and take to the city’s first-class public transport system (see page 120)."
sentence2phrase.test-Travel-344-2,an amazing panoramic of the city and bay from Twin Peaks
sentence2phrase.test-Travel-345-1,"At the end of this street rises a large, glassless church window."
sentence2phrase.test-Travel-345-2,parallels of Gothic design
sentence2phrase.test-Travel-346-1,"Along Rua Machado dos Santos is the handsome Igreja de Nossa Senhora da Conceição, sitting atop a small hill and incline of steps."
sentence2phrase.test-Travel-346-2,the church of Igreja de Nossa Senhora da Conceição
sentence2phrase.test-Travel-347-1,"Many visitors, especially those with only a few hours to spare, go no farther than the shops of Nassau — shopping for a bargain can be exhausting."
sentence2phrase.test-Travel-347-2,incorporating Hungarian folk art styles
sentence2phrase.test-Travel-348-1,"The Englischer Garten (beside Altonaer Straße), financed by British donations, was laid out by the Shropshire Horticultural Society, and forms part of the grounds of Schloß Bellevue."
sentence2phrase.test-Travel-348-2,a British-financed garden inside Schloß Bellevue
sentence2phrase.test-Newswire-349-1,The king might be elected for a fixed period from among the most deserving Finnish MEPs!
sentence2phrase.test-Newswire-349-2,electing a Finnish king from among the MEPs
sentence2phrase.test-Newswire-350-1,"Those of us who stand for European values in a Eurosceptic country are now being given further arguments in favour of the EU, namely more effective protection of privacy, which is important for the citizens of a modern society."
sentence2phrase.test-Newswire-350-2,the urban environment
sentence2phrase.test-Newswire-351-1,"The delay in the publication of the written conclusions - which are still not officially available, four days later - is a good illustration of the difficulty in clearly drawing up decisions taken in a state of confusion."
sentence2phrase.test-Newswire-351-2,a few explanations of votes
sentence2phrase.test-Newswire-352-1,"From the point of view of the Committee on Legal Affairs and the Internal Market, what I would like to point out is that, in actual fact, we can only treat equally what is equal."
sentence2phrase.test-Newswire-352-2,differences in the proposed amendments
sentence2phrase.test-Newswire-353-1,"Lt. Scotty Smither, a county firefighter, was struck by lightning."
sentence2phrase.test-Newswire-353-2,electrostatic discharge
sentence2phrase.test-Newswire-354-1,"We found that when complaints would come in, they'd run them through a scanner and then send them overseas."
sentence2phrase.test-Newswire-354-2,off-shore call center
sentence2phrase.test-Newswire-355-1,"Storage, networking and wireless products will be prevalent at the show."
sentence2phrase.test-Newswire-355-2,show for technology products
sentence2phrase.test-Newswire-356-1,"Microsoft presented several options at the meeting, the consortium said in the statement."
sentence2phrase.test-Newswire-356-2,growing success of Apple Inc
sentence2phrase.test-Newswire-357-1,The CIA on Monday said voice and sound analysts concluded that Saddam is probably the speaker on the tape.
sentence2phrase.test-Newswire-357-2,"audio tapes of president of Iraq, Saddam"
sentence2phrase.test-Newswire-358-1,"It must be emphasised that linguistic minorities, rather than being overwhelmed by the globalisation brought about by the Internet, have discovered that it opens up new cultural and economic horizons."
sentence2phrase.test-Newswire-358-2,a dramatic fall in the speed with which projects were approved and payments made
sentence2phrase.test-Newswire-359-1,"This is not very serious with the expiry of the Treaty very close on the horizon, but it would be worrying if the post-ECSC legal framework maintained the possibility of prolonging such practices."
sentence2phrase.test-Newswire-359-2,two proposed amendments
sentence2phrase.test-Newswire-360-1,"Although the proposal to amend the current Directive on ship inspections and the Watts report fall far short of what is actually required, they are a step in the right direction and the MEPs of the Communist Party of Greece have therefore voted in favour of the report."
sentence2phrase.test-Newswire-360-2,a vote in the Greek parliament
sentence2phrase.test-Newswire-361-1,Amendment No 4 and part of Amendment No 18 relating to point 'K' are not acceptable.
sentence2phrase.test-Newswire-361-2,unacceptable amendments
sentence2phrase.test-Newswire-362-1,"His plan would cost more than $200 billion annually, which Gephardt would pay for by repealing Bush's tax cuts."
sentence2phrase.test-Newswire-362-2,$200 billion annual plan paid through taxes
sentence2phrase.test-Newswire-363-1,"One third of high-speed trains within France will run, national railway company Societe Nationale des Chemins de Fer estimates."
sentence2phrase.test-Newswire-363-2,one third operational capacity of French high-speed trains
sentence2phrase.test-Newswire-364-1,"Its key task is providing scientific advice, for the discussion on food safety must be pure too."
sentence2phrase.test-Newswire-364-2,unfounded arguments against legislature
sentence2phrase.test-Newswire-365-1,"But the settlement also defers any payment to investors, potentially for years, until the securities lawsuits against the brokerage firms are resolved."
sentence2phrase.test-Newswire-365-2,patent on interactive-learning books for toddlers and preschoolers
sentence2phrase.test-Newswire-366-1,"It's never fun to be No. 4, especially if you've been No. 1 before,'' said Williams."
sentence2phrase.test-Newswire-366-2,television colleagues
sentence2phrase.test-Newswire-367-1,The ELF has claimed responsibility for a slew of arson attacks against commercial entities that members say threaten or damage the environment.
sentence2phrase.test-Newswire-367-2,cars burnt in arson attacks
sentence2phrase.test-Newswire-368-1,One can therefore deplore the fact that the Commission proposal has not taken up the idea of the establishment of a European surveillance body on the model of the coastguards in the United States.
sentence2phrase.test-Newswire-368-2,American coastguards as a model for surveillance programmes
sentence2phrase.test-Newswire-369-1,(The sitting was suspended at 6.55 p.m. and resumed at 9.00 p.m.).
sentence2phrase.test-Newswire-369-2,the suspension and resumption of the sitting
sentence2phrase.test-Newswire-370-1,"Mr President, in the absence of any other results, the horse-trading in Nice has at least clearly shown the intentions of the European Union' s key players."
sentence2phrase.test-Newswire-370-2,the room for growth provided to them
sentence2phrase.test-Newswire-371-1,This is said to be in conflict with respect for national identity (Article 6(3) of the Treaty on European Union).
sentence2phrase.test-Newswire-371-2,security and justice
sentence2phrase.test-Newswire-372-1,"A new song by the British rock band The Rolling Stones titled 'Sweet Neo Con' has been stirring a controversy over its lyrics, which are highly critical of the Bush administration."
sentence2phrase.test-Newswire-372-2,effort to localize products
sentence2phrase.test-Newswire-373-1,"The new Finance Agreement is of no use, and I see that mistrust of EU politicians is growing."
sentence2phrase.test-Newswire-373-2,an astonishing decision
sentence2phrase.test-Newswire-374-1,"Scientists reported a 90 percent decline in large predatory fish in the world's oceans since a half-century ago, a dire assessment that drew immediate skepticism from commercial fishers."
sentence2phrase.test-Newswire-374-2,skepticism from fishermen over scientific report on fish statistics
sentence2phrase.test-Newswire-375-1,It was one of the few times in my life when I felt that we were truly being treated as Americans.
sentence2phrase.test-Newswire-375-2,the way people treat Americans
sentence2phrase.test-Newswire-376-1,"Subject: Tax on financial transactions In recent months there have been growing calls for a tax on financial speculation, with ATTAC committees (association for a tax on financial transactions and aid for citizens) springing up in France and Europe, as well as the amendments tabled in the French National Assembly and Senate."
sentence2phrase.test-Newswire-376-2,proposals for taxes on speculative financial transactions in European countries
sentence2phrase.test-Newswire-377-1,"Bush said in a statement that he ordered the U.S. Treasury Department to act following Tuesday's suicide bombing attack in Jerusalem, which killed 20 people."
sentence2phrase.test-Newswire-377-2,latest attack in the multi-cultural district
sentence2phrase.test-Newswire-378-1,"Peck died peacefully at his Los Angeles home early Thursday with his wife of 48 years, Veronique, by his side."
sentence2phrase.test-Newswire-378-2,peaceful death next to wife
sentence2phrase.test-Newswire-379-1,And so we must think about how to solve this problem.
sentence2phrase.test-Newswire-379-2,worrying about problems
sentence2phrase.test-Newswire-380-1,Seven Air Force Academy cadets face punishment for drinking with two high school girls in the latest incident to embarrass the academy.
sentence2phrase.test-Newswire-380-2,earlier reports of carousing by cadets
sentence2phrase.test-Newswire-381-1,"Irrespective of the technical measures that will be adopted, one of the major reasons for this lack of safety will remain as long as the exponential growth in traffic linked to the overdevelopment of the North Sea ports is not balanced in the Channel and North Atlantic areas."
sentence2phrase.test-Newswire-381-2,balance between the Channel and North Atlantic areas
sentence2phrase.test-Newswire-382-1,"Predictions ranged from 16 cents a share to 27 cents a share, according to Thomson First Call."
sentence2phrase.test-Newswire-382-2,user interfaces and user interface elements
sentence2phrase.test-Newswire-383-1,The board is investigating whether a shortage of funds in the shuttle program compromised safety.
sentence2phrase.test-Newswire-383-2,compromised space shuttle safety due to inadequate funding
sentence2phrase.test-Newswire-384-1,This is a breathtaking discovery and renews hope for the recovery of the species.
sentence2phrase.test-Newswire-384-2,academic fashions
sentence2phrase.test-Newswire-385-1,"Mr Commissioner, I can understand that you do not wish to change your decision despite the fact that ten Member States are against such a duty."
sentence2phrase.test-Newswire-385-2,opposition of 10 member states on the commissioner's position
sentence2phrase.test-Newswire-386-1,No data exists to indicate that the situation with repair stations poses a safety concern.
sentence2phrase.test-Newswire-386-2,online data storage
sentence2phrase.test-Newswire-387-1,"I love the Catholic Church with all my heart, mind, soul and strength, he said."
sentence2phrase.test-Newswire-387-2,legitimate online music
sentence2phrase.test-Newswire-388-1,Osborne's speech also stated that the government intends to continue with reforms to the welfare system and to require those who have been unemployed for more than two years to take part in work placements in order to get benefits.
sentence2phrase.test-Newswire-388-2,unemployment benefits
sentence2phrase.test-Newswire-389-1,The existing machinery for transposing rules into Community law needs to be improved in order to increase legal certainty and to overcome its current sluggishness.
sentence2phrase.test-Newswire-389-2,needed improvents to the legal processes for converting rules into Community law to improve speed and decision certainty
sentence2phrase.test-Newswire-390-1,"Report (A5-0337/2000) by Mrs Sauquillo Pérez del Arco, on behalf of the Committee on Development and Cooperation, on the effectiveness of relations between the European Union and the developing countries and the impact of reform of the Commission on these relations [2000/2051(INI)]."
sentence2phrase.test-Newswire-390-2,"relations between the European Union, the developing countries and the Commission"
sentence2phrase.test-Newswire-391-1,Legato stockholders will get 0.9 of a share of EMC stock for every share of Legato they own.
sentence2phrase.test-Newswire-391-2,shareprices for Legato stockholders
sentence2phrase.test-Newswire-392-1,The total complaints against Sallie Mae for September of this year is 2 fewer than the same time last year.
sentence2phrase.test-Newswire-392-2,complaints against Sallie Mae diminish
sentence2phrase.test-Newswire-393-1,I think it will be one more statement that people who love each other and want to live together should be able to enjoy the blessings and the strife in the marriage relationship.
sentence2phrase.test-Newswire-393-2,newly married couple on their honeymoon
sentence2phrase.test-Newswire-394-1,Two groups of researchers have independently identified the the protein responsible for malaria transmission to mosquitoes in studies published in journal Nature on Sunday.
sentence2phrase.test-Newswire-394-2,"the first studies showing the protein by which malaria is transmitted to mosquitos, published in Nature"
sentence2phrase.test-Newswire-395-1,"Mills yesterday admitted, 'We made some mistakes with this exam and it's up to us to identify and correct them."
sentence2phrase.test-Newswire-395-2,"building smart, connected, media rich applications in Longhorn"
sentence2phrase.test-Newswire-396-1,The lack of common standards in the European Union has caused situations of clearly unfair competition between airports and a lack of equality among the citizens of different Member States.
sentence2phrase.test-Newswire-396-2,lack of common standards between Member States of the EU
sentence2phrase.test-Newswire-397-1,"The new gadget would be served on 14 routes connecting Hawaii with mainland USA, Asia, and the South Pacific."
sentence2phrase.test-Newswire-397-2,connecting flights to and from Hawaii
sentence2phrase.test-Newswire-398-1,We would like to offer our heartfelt thanks to everyone who supported Wee W and who will be impacted by this announcement.
sentence2phrase.test-Newswire-398-2,the financial reasons causing the website's closure
sentence2phrase.test-Newswire-399-1,Mr Blair and Jack Straw refutted Ms Short's contention regarding the reconstruction of Iraq.
sentence2phrase.test-Newswire-399-2,the rebuffing of Ms Short's comments on Iraqi reconstruction efforts by Misters Blair and Straw
sentence2phrase.test-Newswire-400-1,"I can assure you that if a shipowner thinks of registering a ship on these registers, he should think twice after our proposal."
sentence2phrase.test-Newswire-400-2,offer to a shipowner
sentence2phrase.test-Newswire-401-1,"Mr President of the Court of Auditors, I for one warmly welcome the fact that you have announced your intention to prepare a special report, to carry out a special audit on this."
sentence2phrase.test-Newswire-401-2,IRS audits and tax evasion
sentence2phrase.test-Newswire-402-1,"If the Council took a flexible position, we could reach an agreement at second reading in order to close the budget."
sentence2phrase.test-Newswire-402-2,the need for flexibility in agreement over the budget
sentence2phrase.test-Newswire-403-1,"Proposal for a European Parliament and Council decision concerning a set of actions relating to the trans-European network for the collection, production and dissemination of statistics on the trading of goods within the Community and between the Community and non-member countries (Edicom) [COM(2000) 458 - C5­0401/2000 - 2000/0201(COD)] (Committee on Economic and Monetary Affairs)."
sentence2phrase.test-Newswire-403-2,proposal for a decision from the European Parliament and Council regarding economic statistics and proposed actions
sentence2phrase.test-Newswire-404-1,"That is to be welcomed and I would like to thank you most sincerely, Mr Karlsson, and also the Members of the Court of Auditors and its officials, for supporting the reform of the Commission in your report."
sentence2phrase.test-Newswire-404-2,obstinate government officials
sentence2phrase.test-Newswire-405-1,But she was expected to be a victim in a forthcoming ministerial reshuffle.
sentence2phrase.test-Newswire-405-2,ministerial reshuffle victim
sentence2phrase.test-Newswire-406-1,"In recent months the disease has been detected, inter alia, in various areas of France."
sentence2phrase.test-Newswire-406-2,European diseases invading France
sentence2phrase.test-Newswire-407-1,Suspected rebels also blew up an oil pipeline in north-east Colombia.
sentence2phrase.test-Newswire-407-2,devastating oil spill
sentence2phrase.test-Newswire-408-1,The questions that I and other Members asked are very specifically related to the situation in Colombia.
sentence2phrase.test-Newswire-408-2,specific questions related to the Colombian situation
sentence2phrase.test-Newswire-409-1,"The driver, as well as the passenger, alighted as six members of the team carried eVe over the stairs of University Mall."
sentence2phrase.test-Newswire-409-2,transportation issues in urban environments
sentence2phrase.test-Newswire-410-1,The 30-year-old woman has had 'no contact with the outside world'.
sentence2phrase.test-Newswire-410-2,30-year-old female recluse
sentence2phrase.test-Newswire-411-1,"Elsewhere in the diary, Truman showed a more familiar side, colorful and outspoken in his disdain for life in the White House."
sentence2phrase.test-Newswire-411-2,presidential history
sentence2phrase.test-Newswire-412-1,"The commission must work out the plan's details, but the average residential customer paying $840 a year would get a savings of about $30 annually."
sentence2phrase.test-Newswire-412-2,the commission's plan to save residents money
sentence2phrase.test-Newswire-413-1,That leads to my third remark on what now faces us.
sentence2phrase.test-Newswire-413-2,dirty money
sentence2phrase.test-Newswire-414-1,I would just like to thank the rapporteur for his constructive contribution and for his willingness to take on board the recommendations from other Committees.
sentence2phrase.test-Newswire-414-2,lack of collaboration between senators
sentence2phrase.test-Newswire-415-1,"In a statement later, he said it appeared his side had fallen a bit short."
sentence2phrase.test-Newswire-415-2,failing to reach a desired goal by just a bit
sentence2phrase.test-Newswire-416-1,Highlights of the tournament are scheduled to be shown on Foxtel Sports in Australia on September 28 and 29.
sentence2phrase.test-Newswire-416-2,September Foxtel Sports’ tournament highlights
sentence2phrase.test-Newswire-417-1,"Amendment No 18 introduces port state control in relation to the seafarers' rest period, however the enforcement of the provisions in respect of seafarers' hours of work is already fully covered by existing Directive 99/95."
sentence2phrase.test-Newswire-417-2,rights for overworked seamen
sentence2phrase.test-Newswire-418-1,"This family-friendly nature ramble meandered along the mountain's ridge, with locals enjoying the forest, sharing a cup of billy tea and knowledge about the local forest's ecology and history."
sentence2phrase.test-Newswire-418-2,attraction of Dzur’s embrace of administrative democratic legitimacy
sentence2phrase.test-Newswire-419-1,The number of errors occurring is too great for a guarantee of this kind to be given.
sentence2phrase.test-Newswire-419-2,promises made by the government
sentence2phrase.test-Newswire-420-1,Seven Air Force Academy cadets face punishment for allegedly drinking with two high school girls.
sentence2phrase.test-Newswire-420-2,meeting with the cadets
sentence2phrase.test-Newswire-421-1,An amendment by Rep. Ellen Tauscher of California to create a special committee to investigate Iraq intelligence failures was rejected on procedural grounds.
sentence2phrase.test-Newswire-421-2,in the clash with police
sentence2phrase.test-Newswire-422-1,"Now I would like to ask, while the French representative of the country holding the presidency is here, whether this slaughter of cows will be paid for out of the EU budget or will you be paying for them out of your national budget, and whether, in your opinion, it is indeed appropriate that they should be paid for out of the EU budget."
sentence2phrase.test-Newswire-422-2,national budgeting for animal slaughter
sentence2phrase.test-Newswire-423-1,"The Commission feels that it is only fair to subject farmers who participate in the fund to some sort of discipline, because they receive a certain income guarantee in return, whereas others, who do not participate, have no such guarantee."
sentence2phrase.test-Newswire-423-2,hedging against bad economic times for farmers
sentence2phrase.test-Newswire-424-1,"To prevent this provisional situation from turning into a permanent one, on 13 July of last year, the Commission reminded the Member States concerned in a letter, of their obligation to designate courts for the Community trade mark."
sentence2phrase.test-Newswire-424-2,question regarding the same subject are together
sentence2phrase.test-Newswire-425-1,"We want to drive democratisation processes forward, and we want to strike a balance between the traditional political fields of foreign policy now before us."
sentence2phrase.test-Newswire-425-2,bringing people together and balancing their interests
sentence2phrase.test-Newswire-426-1,This new requirement does not imply any substantial additional responsibility in the case of these kinds of shops.
sentence2phrase.test-Newswire-426-2,neither appropriate nor consistent
sentence2phrase.test-Newswire-427-1,Once Member States have provided the comparable information then the Commission will consider the question of Community limit values and other measures to reduce the numbers of people affected by noise and report back to the Council and Parliament.
sentence2phrase.test-Newswire-427-2,noise causing unhappy people
sentence2phrase.test-Newswire-428-1,He said: 'For the first time there is an easy and affordable way of making this treasure trove of BBC content available to all.'
sentence2phrase.test-Newswire-428-2,CNN's nightly broadcast
sentence2phrase.test-Newswire-429-1,Blair has said there is not ``a shred of truth'' in allegations that the government manipulated evidence about Iraq's weapons programs.
sentence2phrase.test-Newswire-429-2,Blair's denial of governmental involvement
sentence2phrase.test-Newswire-430-1,A university education is more important for a boy than for a girl.
sentence2phrase.test-Newswire-430-2,the importance of a college education
sentence2phrase.test-Newswire-431-1,"Joanie Harper and Brothers were granted an annulment in September 2001, and Harper was given sole custody of Marques and Lyndsey, court records show."
sentence2phrase.test-Newswire-431-2,court custody agreement for the children
sentence2phrase.test-Newswire-432-1,"In 1995, a convention to protect the EU' s economic interests was adopted."
sentence2phrase.test-Newswire-432-2,money laundering in Europe
sentence2phrase.test-Newswire-433-1,"The agency could put no exact date on the tape, though the voice says he is speaking on June 14."
sentence2phrase.test-Newswire-433-2,uncertainty about when a recording was made
sentence2phrase.test-Newswire-434-1,"The airline has the option to buy 380 more, split evenly between the two manufacturers."
sentence2phrase.test-Newswire-434-2,"buying 380 more planes for an airline, split between manufacturers"
sentence2phrase.test-Newswire-435-1,"Just as the law courts in Düsseldorf, Munich and elsewhere in Germany have specialised in the law of patents and there is also a specialised court in London, a Community court to sit upon and judge cases concerning Community patents would have to be very specialised."
sentence2phrase.test-Newswire-435-2,specialized German and London judicial requirements for community patents
sentence2phrase.test-Newswire-436-1,"If this statement is made, the Commission will accept the scope of the regulation being limited exclusively to first pillar activities."
sentence2phrase.test-Newswire-436-2,regulations on the press and free speech
sentence2phrase.test-Newswire-437-1,"For that reason, the objective behind public subsidies for the EU' s content industry must also be the achievement of high levels of education and culture in all its diversity."
sentence2phrase.test-Newswire-437-2,better EU education
sentence2phrase.test-Newswire-438-1,"The willingness of all the institutions concerned to discuss the matter resulted in exemplary cooperation which, it is my fervent hope, will make it possible for us to reach a consensus at the first reading."
sentence2phrase.test-Newswire-438-2,programme for sustainable development
sentence2phrase.test-Newswire-439-1,"Based on the history and success of The Winston in Charlotte, I believe there's no place but Lowe's Motor Speedway that can do it justice."
sentence2phrase.test-Newswire-439-2,longtime success of The Winston Race
sentence2phrase.test-Newswire-440-1,Further inquiries by police revealed the location of the house and with the help of sensitive negotiations conducted by the charity the three women were all rescued.
sentence2phrase.test-Newswire-440-2,the three women who were rescued by the charity and police
sentence2phrase.test-Newswire-441-1,"Metro, bus and local rail services in France's four largest towns -- Paris, Lyon, Lille and Marseille -- were severely disrupted, Europe 1 radio reported."
sentence2phrase.test-Newswire-441-2,huge public transport disruption in France's four largest cities
sentence2phrase.test-Newswire-442-1,The Presidency-in-Office therefore has no answer to give with regard to this point.
sentence2phrase.test-Newswire-442-2,no reply yet from the President
sentence2phrase.test-Newswire-443-1,"Sixteen days later, as superheated air from the shuttle’s re-entry rushed into the damaged wing, ‘‘there was no possibility for crew survival,’’ the board said."
sentence2phrase.test-Newswire-443-2,emergency landing of a plane in rural area
sentence2phrase.test-Newswire-444-1,"The mood throughout the event was jovial, with humourous questions such as 'can you guys PLEASE release a CM build for my toaster? I'm not sure what model it is, but it's white and I got it at Savers.'"
sentence2phrase.test-Newswire-444-2,toaster specifications joke
sentence2phrase.test-Newswire-445-1,"No matter who becomes the sponsor for stock-car racing's top series, NASCAR will need an all-star event, Wheeler said in a statement."
sentence2phrase.test-Newswire-445-2,the need for a high-profile NASCAR event
sentence2phrase.test-Newswire-446-1,"The sixty-six year old is best known for a series of novels themed around espionage, military affairs and geopolitical intrigue, many of which have been adapted into movies and video games."
sentence2phrase.test-Newswire-446-2,"a novelist well known for his espionage and military-themed novels, which were adapted to movies"
sentence2phrase.test-Newswire-447-1,I am happy to see that the rapporteur has introduced a reference in Amendment No 21 to the condition assessment scheme and we agree with the main thrust of the approach suggested but there is need for some fine tuning of the wording to make it clearer.
sentence2phrase.test-Newswire-447-2,revising the reference in Amendment No 21 to make it more clear
sentence2phrase.test-Newswire-448-1,"With more than 6.1 million likes, Guinness World Records has recognised 'Gangnam Style' as being the most liked YouTube video ever."
sentence2phrase.test-Newswire-448-2,strong performance from a seasoned campaigner
sentence2phrase.test-Newswire-449-1,"Canadian researchers ordered the slaughter of more than 2,000 cows and conducted an extensive investigation but were not able to find evidence of any other infected animals."
sentence2phrase.test-Newswire-449-2,scholars in medical ethics
sentence2phrase.test-Newswire-450-1,"NITED NATIONS, Aug. 26 International inspectors have found traces of highly enriched uranium at an Iranian facility, according to a new confidential report distributed today."
sentence2phrase.test-Newswire-450-2,TSA officials at the airport
sentence2phrase.test-Newswire-451-1,Rumsfeld is awaiting recommendations from his commanders about troop needs in Iraq.
sentence2phrase.test-Newswire-451-2,effective troops
sentence2phrase.test-Newswire-452-1,"This is a truly extraordinary initiative, especially at first reading, and one that is bound to be unsuccessful, for in the present circumstances it cannot possible gain a majority of votes in favour."
sentence2phrase.test-Newswire-452-2,unhopeful government project due to lack of political support
sentence2phrase.test-Newswire-453-1,"We also have reservations on Amendments Nos 17, 18, 27, 30 and 31, being not convinced that they are WTO compatible."
sentence2phrase.test-Newswire-453-2,north of the Rhine
sentence2phrase.test-Newswire-454-1,The amount of fixed assets has been set EUR 240 million too low.
sentence2phrase.test-Newswire-454-2,managing a balance sheet
sentence2phrase.test-Newswire-455-1,What conditions need to exist in the US for Paralympic athletes to get sponsorship similar to their Olympic counterparts?
sentence2phrase.test-Newswire-455-2,equality between sponsorship of Paralympians and Olympians
sentence2phrase.test-Newswire-456-1,"By analysing the bones and other remains, like hair and nails, of Portugal's founder, the investigators would be able to determinate his stature, genetic profile, diet and any diseases that he might have had."
sentence2phrase.test-Newswire-456-2,"the physical and genetic characteristics of Portugal's founder, as revealed from his remains"
sentence2phrase.test-Newswire-457-1,"Mr President, in previous years' debates I spoke for the Committee on Culture, Youth, Education, the Media and Sport, where we heard from Mrs Iivari this afternoon."
sentence2phrase.test-Newswire-457-2,speaking to the President on behalf of third parties
sentence2phrase.test-Newswire-458-1,"As they deal with the same subject, Question Nos 6, 7, 8, 9, 10, 11, 12 and 13 will be taken together."
sentence2phrase.test-Newswire-458-2,taking questions 6-13 at the same time
sentence2phrase.test-Newswire-459-1,"What we need to do is to rectify this situation by fostering and encouraging multilingual content, as this is absolutely crucial to the success of the European content industry."
sentence2phrase.test-Newswire-459-2,the necessity of fostering multilingual content in order for European content industries to succeed
sentence2phrase.test-Newswire-460-1,"In this respect, the tenor of the common resolution is far too one-sided."
sentence2phrase.test-Newswire-460-2,the over-production of agricultural produce
sentence2phrase.test-Newswire-461-1,"As an MEP who cares about that majority, how can I endorse the spending of GBP 11.5 billion of UK taxpayers' money - that is our current annual contribution - when it does not have broad public approval?"
sentence2phrase.test-Newswire-461-2,endorsement of tax payers money by public approval
sentence2phrase.test-Newswire-462-1,There are many other problem areas which require some pragmatic evaluation if they are to be practicable.
sentence2phrase.test-Newswire-462-2,legislation in animal nutrition
sentence2phrase.test-Newswire-463-1,"With regard to these three new proposals on maritime safety, I can only congratulate the three rapporteurs, who in a very short time have shown how determined our Parliament is to adopt new measures to enhance safety at sea, controls and construction standards, and that it is no longer tolerable that similar incidents should occur again."
sentence2phrase.test-Newswire-463-2,new proposals to promote and improve maritime safety
sentence2phrase.test-Newswire-464-1,"The company had announced in January that it would have to restate earnings for 2002, 2001 and perhaps 2000."
sentence2phrase.test-Newswire-464-2,"the company's fiscal review of the years 2000,2001, 2002"
sentence2phrase.test-Newswire-465-1,"The International Watch Company (IWC) is organizing an on-line auction to take place in the period from December 13 to December 20, 2006."
sentence2phrase.test-Newswire-465-2,Australian Immigration Minister Scott Morrison
sentence2phrase.test-Newswire-466-1,The Commissioner spoke for 18 minutes and during this time she cited dozens and dozens of items and gave a breakdown of the position of the Commission.
sentence2phrase.test-Newswire-466-2,the breakdown of the position of the Commission
sentence2phrase.test-Newswire-467-1,"In order successfully to complete the ambitious development of this European e-content programme, the procedures envisaged need to be simplified and made secure."
sentence2phrase.test-Newswire-467-2,daring European website development
sentence2phrase.test-Newswire-468-1,Any action by the two governments concerned is therefore limited by this international law.
sentence2phrase.test-Newswire-468-2,international limitations of the law
sentence2phrase.test-Newswire-469-1,"It is clear that the free world, those who love freedom and peace, must deal harshly with Hamas and the killers, he said."
sentence2phrase.test-Newswire-469-2,justice for those killed and wounded by Hamas and their allies
sentence2phrase.test-Newswire-470-1,"With data not available for yesterday, the first four days of the shutdown had daily totals of 37, 16, 13, and 3 complaints."
sentence2phrase.test-Newswire-470-2,daily complaints statistics during the shutdown
sentence2phrase.test-Newswire-471-1,I now see that my own country is to alter the law relating to personal data which deprives elected representatives of any influence at all over the Commission' s decisions.
sentence2phrase.test-Newswire-471-2,combating organised crime
sentence2phrase.test-Newswire-472-1,"Six months ago, the IMF and Argentina struck a bare-minimum $6.8-billion debt rollover deal that expires in August."
sentence2phrase.test-Newswire-472-2,the accounting charge
sentence2phrase.test-Newswire-473-1,It is an important section as it relates to classification societies.
sentence2phrase.test-Newswire-473-2,classification society
sentence2phrase.test-Newswire-474-1,Dowdell was transported to Boston Medical Center with nonlife-threatening injuries.
sentence2phrase.test-Newswire-474-2,dangerous but non-fatal wounds
sentence2phrase.test-Newswire-475-1,The value added tax-based resources represent 36% and the traditional own resources are 15% of the total.
sentence2phrase.test-Newswire-475-2,a variable total
sentence2phrase.test-Newswire-476-1,Puretunes has also lost a distribution deal with the popular Grokster file-swapping software company.
sentence2phrase.test-Newswire-476-2,competition between software companies
sentence2phrase.test-Newswire-477-1,The United States will remain firm in its commitment to Israel.
sentence2phrase.test-Newswire-477-2,USA and Israeli's firm commitments
sentence2phrase.test-Newswire-478-1,Both staff and students came to the send-off event in the early afternoon.
sentence2phrase.test-Newswire-478-2,classroom party
sentence2phrase.test-Newswire-479-1,The family and existing shareholders do not have the heart or desire to try and fill Ann’s shoes.
sentence2phrase.test-Newswire-479-2,Ann’s empty and unfulfilled shoes
sentence2phrase.test-Newswire-480-1,I voted against in protest at the fact that the European Union is still not managing to intervene in this matter as it should.
sentence2phrase.test-Newswire-480-2,ineffective management in the EU
sentence2phrase.test-Newswire-481-1,"As for the revival of the diversification of the economy, we have made progress in a number of key areas."
sentence2phrase.test-Newswire-481-2,under lock and key
sentence2phrase.test-Newswire-482-1,"Your report, Mrs Sudre, quite rightly stresses the need to take long-term action."
sentence2phrase.test-Newswire-482-2,reports on the ethics of data collection
sentence2phrase.test-Newswire-483-1,A tiny piece of rock 4.4 billion years old went on display in Wisconson (USA) Sunday for one day only.
sentence2phrase.test-Newswire-483-2,open-source contributions
sentence2phrase.test-Newswire-484-1,Another element of the reform that corresponds closely to a key priority identified by the Court is the increased focus to be placed on results and performance measurement within a framework of resource allocation that is consistent with predetermined priorities and objectives that are clearly defined and measurable.
sentence2phrase.test-Newswire-484-2,immeasurable backlash from the constituents
sentence2phrase.test-Newswire-485-1,"By preserving this strategic approach in the way we address the budget this year and in years to come, the European Parliament will fully play its role in the budgetary process."
sentence2phrase.test-Newswire-485-2,budgeting within the EU
sentence2phrase.test-Newswire-486-1,"Bob Richter, a spokesman for House Speaker Tom Craddick, had no comment about the ruling."
sentence2phrase.test-Newswire-486-2,spokesman for a politician
sentence2phrase.test-Newswire-487-1,We must therefore support all the measures designed to boost small and medium-sized enterprises.
sentence2phrase.test-Newswire-487-2,small businesses measures
sentence2phrase.test-Newswire-488-1,He also noted that Tenet has provided the committee with 19 volumes of documents on prewar intelligence which has been made available to House members.
sentence2phrase.test-Newswire-488-2,a standing ovation
sentence2phrase.test-Newswire-489-1,"The reality as described in the annual report is, however, more sobering."
sentence2phrase.test-Newswire-489-2,exciting prospects for oil futures
sentence2phrase.test-Newswire-490-1,"The loss of the Erika, which occurred in December 1999, put the issue of maritime safety on the Community' s political agenda and it was due to pressure from the European Parliament that the European Commission proposed the texts we voted on today, almost a year after the accident."
sentence2phrase.test-Newswire-490-2,"the European Commission proposals on issues to improve maritime safety,  year after the accident and the loss of Enrika"
sentence2phrase.test-Newswire-491-1,House Democrats renewed their push Wednesday for a deeper investigation into the handling of intelligence on Iraq's weapons program.
sentence2phrase.test-Newswire-491-2,"about 1,000 demonstrators"
sentence2phrase.test-Newswire-492-1,This is a form of globalisation that scorns the most basic human rights.
sentence2phrase.test-Newswire-492-2,the creation of a European area of freedom
sentence2phrase.test-Newswire-493-1,The university asked students to 'shelter in place' and warned students who are off-campus to stay away from the university.
sentence2phrase.test-Newswire-493-2,official instructions to stay safe where you are and not come near campus
sentence2phrase.test-Newswire-494-1,Is the fact the US Olympic Committee is the national Paralympic Committee a hinderance or help in the development of the Paralympic movement in the US?
sentence2phrase.test-Newswire-494-2,"Paralympic Committee being influenced by leadership of US Olympic Committee, thus affecting US Paralympic movement"
sentence2phrase.test-Newswire-495-1,"Brian Stokes Mitchell, who stars in a revival of Man of La Mancha, Malcolm Gets from Amour and John Selya of Movin Out fill out the category."
sentence2phrase.test-Newswire-495-2,a category that includes Brian Stokes Mitchell and John Selya as competition
sentence2phrase.test-Newswire-496-1,Few of the complaints originate from people with problems with federal student loans.
sentence2phrase.test-Newswire-496-2,few student complaints
sentence2phrase.test-Newswire-497-1,"The first game, held immediately after the Opening Ceremony, was between the United States and Australia."
sentence2phrase.test-Newswire-497-2,opening games between the United States and Australia
sentence2phrase.test-Newswire-498-1,"Mr President, today we are discussing maritime safety on the basis of three reports, on which I would like to congratulate the rapporteurs warmly on."
sentence2phrase.test-Newswire-498-2,maritime safety discussion with the president
sentence2phrase.test-Newswire-499-1,It would be to the credit of the acting President-in-Office of the Council if he were to set things right in his own country too.
sentence2phrase.test-Newswire-499-2,government improvement
sentence2phrase.test-Newswire-500-1,"He said they were in distress, said Kingsville Police Chief Sam Granato."
sentence2phrase.test-Newswire-500-2,"a report of distress, noted by the Police Chief"
paragraph2sentence.test-CQA-1-1,Well what I want to know is that is it possible for me to order another Verizon FiOS modem? My parents already have the internet set up in my house but the connection in my room is really low and things are kind of slow. Is there anyway i can set up another modem in my room? Or would i have pay for that monthly? I mean for some reason i think it would be extra on their bill but i am not sure. And i mean if it is then i'll settle for the slowness! Lol
paragraph2sentence.test-CQA-1-2,I have heard that Verizon has the fastest speeds in the country with Quantum Internet that redefines high speed Internet. Is this true?
paragraph2sentence.test-CQA-2-1,"Hello everyone, I just made a blog on blogger. Now, I'm not getting much viewers and i would like to know how i can do that. Based on the few articles I've written so far, my blog needs to attract the kind of people that like to think about anything. People that just sometimes sit down during work and just think about the world. I'm wondering how can i be able to bring those people to my blog? Can anyone help please?"
paragraph2sentence.test-CQA-2-2,How can my blog be more popular?
paragraph2sentence.test-CQA-3-1,"On a certain site, my friend was using my comp. and typed in his password to a site, and then when asked clicked on 'Never Remember Passwords On This Site'. However I really want my password to be remembered. Is there a way to reverse this?"
paragraph2sentence.test-CQA-3-2,"If I have set a website to never remember my password, can I reverse this so that my password is remembered?"
paragraph2sentence.test-CQA-4-1,"OKay, so i am interested in blogging, although, i desperately need a topic to write (blog) about. i thought about doing my personal life, and using code names. and have profiles of the people i write about. (almost like role playing with the profiles and descriptions. no pictures of course because its anonymous) but, yet i still need something to write about?! i could focus on high school drama. and observations on people...but truly, i don't know who would be interested in reading it. lol. any ideas??"
paragraph2sentence.test-CQA-4-2,how do you know if your twitter account is being block?
paragraph2sentence.test-CQA-5-1,The donations page for a legit church site that I maintain for my client has been added to IE's phishing filter. How can I get it removed ? Thanks.
paragraph2sentence.test-CQA-5-2,How can i get rid of an image on imageshack without an account?
paragraph2sentence.test-CQA-6-1,I'm not looking to get rich or anything. I just want to know if there is an actual somewhat easy way to make at least some money online with relatively low effort. Please no pyramid scams or referral services or any of that B.S. Oh and also none of those schemes that demands money up front to start and then does nothing for you. So is there an actual way to get at least some money?
paragraph2sentence.test-CQA-6-2,"Online scams have been known to be very dangerous, even leading to stolen identities, credit card fraud, and critical computer viruses."
paragraph2sentence.test-CQA-7-1,"I uploaded a few images on imageshack when I had no account so I could not delete them. I want to delete them now and you can do that when you have an account. Is there any way I can claim the images I uploaded when I had no account, as mine?"
paragraph2sentence.test-CQA-7-2,How can I delete photos from imageshack i put up when i had no account?
paragraph2sentence.test-CQA-8-1,"a while ago i saw this facebook ad that said something like this: 'every lost season is free' on the title. then the description said something like 'trade in your old unwanted movies for new ones' at the time i didn't need to do that, but now i like the idea of the website, but can't find the ad on facebook any more! does anyone have any idea what the site might be?"
paragraph2sentence.test-CQA-8-2,"I am trying to find a movie website that I saw on a facebook ad that I didn't need it then but now I do, can anybody help me?"
paragraph2sentence.test-CQA-9-1,"Ive just started a blog, and I'd like to be able to make it my own. How do I do things like add music to my page, or upload a new background for the blog itself? Please and Thanks."
paragraph2sentence.test-CQA-9-2,Anyone can start their own blog using one of the many websites out there created for beginner and advanced bloggers alike.
paragraph2sentence.test-CQA-10-1,How do I tag someone on a tweet? Like I've seen people and they say @BLAHBLAH is amazing. I want to know how you do that? Might be a stupid question but I just got Twitter.
paragraph2sentence.test-CQA-10-2,I'm new to tweeter and am wonder how to tag somone like you can do with @BLAHBLAH.
paragraph2sentence.test-CQA-11-1,"I purchased a software, Windows Password Recovery Tool, but I don't need it anymore. I emailed them 4 times already saying that I want a refund but they keep saying 'Tell us more about your problem, that way we can help you further.' And I keep telling them I want a refund, but they keep saying the same thing. It said it on the website that there was a 30-day money back guarantee. Is there anything I can do but to keep emailing them? Thanks......."
paragraph2sentence.test-CQA-11-2,I purchased software and have decided I want a refund but when I have contacted the company they had no reply - what can I do?
paragraph2sentence.test-CQA-12-1,I just got Firefox 3.5 but I cannot use my awesome Mario theme. I realize that 3.5 isn't much different from 3.6. so how can I go back?
paragraph2sentence.test-CQA-12-2,Sometimes the world seems screwed up.
paragraph2sentence.test-CQA-13-1,"Recently my wireless internet connection randomly drops then reconnects a few seconds to a minute later. Its a 2wire router, and the internet drops on my laptop and on my PS3. I've had this wireless internet for a few years now, and this problem did happen until recently. Anyone know what i can do to fix this?"
paragraph2sentence.test-CQA-13-2,"I only have my laptop and PS3 connected to my old 2wire router, but lately the wireless connection keeps dropping for a few seconds, so how do I fix it?"
paragraph2sentence.test-CQA-14-1,So I have this strange thing going on on my computer. Recently in the history its been saying that I've logged onto Facebook. I know my sister has used this computer a long time ago to log on to her account but not in a long time. I've noticed that facebook keeps showing up in the history. Can anyone explain this?
paragraph2sentence.test-CQA-14-2,Mark Zuckerberg launched facebook from his Harvard dorm room in 2004.
paragraph2sentence.test-CQA-15-1,"hello , i know is weird impossible question? but .. i want to get free internet in my house with my laptop , how do i do that?"
paragraph2sentence.test-CQA-15-2,I want free internet.
paragraph2sentence.test-CQA-16-1,What is MyEasyGPT.com? How does it reward you?
paragraph2sentence.test-CQA-16-2,What is MyEasyGPT.com and its rewards?
paragraph2sentence.test-CQA-17-1,My friends AIM screen name was his last name with 3 numbers in the end of his name. I deleted him by accident and were in a fight so i don't want to ask him. Plus non of my friends have his screen name. Is there a search engine that can find his screen name?
paragraph2sentence.test-CQA-17-2,what is the best category to put this story I made up on fanfiction?
paragraph2sentence.test-CQA-18-1,im looking for a free ancestry website or an adoption website for the UK..... no sign up....Please if anyone could help me?
paragraph2sentence.test-CQA-18-2,Can someone help me find a free ancestry website or adoption site in the UK?
paragraph2sentence.test-CQA-19-1,"message boards, e-mails, etc. I mean we erase spam messages because we hate them, right? Doesn't benefit us and it can't benefit spammers either because we don't fall for them and erase them. So what IS the point? Why does spam even exist? Seems to me like a waste of time, for both sides."
paragraph2sentence.test-CQA-19-2,There are spam-filtering techniques that search for patterns in the headers or the messages themselves so why do we need this?
paragraph2sentence.test-CQA-20-1,"i need to have a site. is there free websites are available? if so, what they expect in return or what they are getting by giving free websites?"
paragraph2sentence.test-CQA-20-2,"I'm looking for a free website, but i want to know what the catch is for places that give them out for free."
paragraph2sentence.test-CQA-21-1,I use firefox but internet explorer still opens my hotmail and some other programs. How do i get to just firefox?
paragraph2sentence.test-CQA-21-2,How do I eliminate internet explorer from my computer?
paragraph2sentence.test-CQA-22-1,"I try to combine the turkish version of the books with the original-ones, but cannot figure how. Any ideas?"
paragraph2sentence.test-CQA-22-2,How can I combine two versions of one book?
paragraph2sentence.test-CQA-23-1,Do I really Need internet explorer in my windows? I use firefox more than often (safer). Is it ok to just deinstall internet explorer?
paragraph2sentence.test-CQA-23-2,"When using a safer, better web browser such as Firefox, is it possible to uninstall others such as Internet Explorer?"
paragraph2sentence.test-CQA-24-1,"I'm looking at stats for a website. What's the difference between page impressions and actual hits, if there is a distinction?"
paragraph2sentence.test-CQA-24-2,GIF of a model plane crashing into a dude and making him faceplant?
paragraph2sentence.test-CQA-25-1,"Ok so i just sold an item on ebay. In the item description i clearly stated i could only deliver to the U.K. But now the guy who has won the auction is from portugal and is asking me for the total payment. the guy who was second in the auction is from the U.K and only bidded 50p less. So what do i do , Can i just tell the winning bidder he can't have it and make a second chance offer to the second person?"
paragraph2sentence.test-CQA-25-2,how can i view my webcam at home on my phone when i am at work?
paragraph2sentence.test-CQA-26-1,"I lost the password to my twitter account and I really want to see the things I posted on there. Sadly, no one followed me except me and a couple of my friends. Now I want to find my twitter page but there's no real twitter user search. What can I do?"
paragraph2sentence.test-CQA-26-2,Why cant i delete the virus in my computer with kaspersky?
paragraph2sentence.test-CQA-27-1,"I've noticed while using chatango that certain smileys can be used that arn't listed on the smiley page. So far, I've seen *burger* and *poop* <---( yeah that one is weird.) I was wondering if there are anymore? Just curious."
paragraph2sentence.test-CQA-27-2,What smileys can you use with chatango?
paragraph2sentence.test-CQA-28-1,Someone told me about a website where you could do the above. You have a job you want done and you go to this website and people will bid to do it and then you can pick the lowest price. Does anyone know this website? Thanks.
paragraph2sentence.test-CQA-28-2,Is there a website where I can offer a job and people can respond with estimates in order to chose?
paragraph2sentence.test-CQA-29-1,"the status bar that is in my internet explorer page down under thats say's ' done but with errors' and there is yellow sign with it. How can I fix it because sometimes I cant for example click back botton and it responds, so what should I do?"
paragraph2sentence.test-CQA-29-2,How can I fix the 'done but with errors' status that is appearing on my internet page?
paragraph2sentence.test-CQA-30-1,"There are a few hours left on my item, and I have about 8 watchers but no one has bidded yet. I'm just worried that they will all snipe the auction, and then the person with the highest snipe bid will win and it will still go for a low price. I know it's against the policies, but should I shill bid just to get a war going?"
paragraph2sentence.test-CQA-30-2,Does Comcast throttle me down because I use bittorrent client?
paragraph2sentence.test-CQA-31-1,"I am subscribed to the Freshome.com newsletter, and I find it interesting. I think email newsletters are easier than remembering to go to the website every other day. Do you have any good newsletters that are interesting and worthwhile? (FYI: I don't find Holiday's Inn newsletter interesting)"
paragraph2sentence.test-CQA-31-2,"The newsletter on the table contained recipes for winter time, devised by Jamie Oliver."
paragraph2sentence.test-CQA-32-1,"I have a site in which there are a lot of difficult words in the content. Is it possible to add a feature which will let people read meanings of words upon hovering over a word / double clicking it? If yes, how?"
paragraph2sentence.test-CQA-32-2,Is there a site where i can download latest korean movies 2009/10?
paragraph2sentence.test-CQA-33-1,I have a $35 gift card but I can't decide what to spend it on. What would you get?
paragraph2sentence.test-CQA-33-2,Choosing what to buy with a $35 gift card is a hard decision.
paragraph2sentence.test-CQA-34-1,"I am currently using a computer that I enabled with a wifi adapter that he doesn't know has internet connectivity. I'm afraid to log onto our house's network (I know the password) that has the best signal strength just because when I was on the computer I'm supposed to be using he could enable or disenable internet via *his* computer. Does this give him the ability to see what computers are on the connection, including foreign computers? He is using Windows Vista Parental Controls (or something that comes with windows Vista)"
paragraph2sentence.test-CQA-34-2,I am unsure whether using Windows Vista Parental control with a wifi connection will weaken or strengthen my privacy and security online.
paragraph2sentence.test-CQA-35-1,"I was very skeptical of a site called 'chatroulette' where you can vid with people. i was stupid and decided to try it out. well i got paired with a perv older man who was jacking off on camera! I've been to all of those internet safety classes and stuff, but am really creeped out by this. Could he find my from a pic of my face and hunt me down? I'm very nervous. I know I should'nt have gone on that site..."
paragraph2sentence.test-CQA-35-2,"I'm regretting going on suspicious website Chatroulette because of bad experiences with mature men masturbating, and having further fears of being tracked down by participants."
paragraph2sentence.test-CQA-36-1,"I am looking for a website where I can see 'My Wife and Kids'. I have tried Hulu, Fox and a few others. Where is a safe site that you can see this show?"
paragraph2sentence.test-CQA-36-2,"In England, the television license is a fee paid by all television-watching citizens in the country."
paragraph2sentence.test-CQA-37-1,"I use to use Internet Explorer, hated it. Too slow, too many problems. I currently use Firefox, but it's starting to go downhill too. I'm thinking of trying Google Chrome, but don't know how it compares to these other ones? Are there any others besides these three that you like better?"
paragraph2sentence.test-CQA-37-2,I would like to be a medieval explorer in the iron age.
paragraph2sentence.test-CQA-38-1,"I have IE 6.0 on my work computer and it runs fine. But when I close the window, it freezes up and I have to force it to close every time? Can someone help me fix this problem? Thank you."
paragraph2sentence.test-CQA-38-2,Internet Explorer is produced by Microsoft and is one of the most widely used web browsers worldwide.
paragraph2sentence.test-CQA-39-1,"I was just wondering when Lockerz PTZ are redeemable. I want to know when I get enough PTZ to get an iTouch, how to get it. I hear there's some kind of thing where you can redeem your PTZ for a day. But when will that be? Tell me how to view when the redemption day thing is, and when this months will take place. Thanks."
paragraph2sentence.test-CQA-39-2,Points schemes are used to create loyal customers by giving them rewards for being faithful to the brand.
paragraph2sentence.test-CQA-40-1,"There is a cool little website called There.com that let's you interact with people all over the world and dress your avatar and fun things like that (something like Sims but on a website). I hadn't gone on there.com for quite a while but felt like trying it again today, when, unfortunately, it said 'closed' when i went to the website. Will there.com ever re-open? or is it closed permanently?"
paragraph2sentence.test-CQA-40-2,The avatar website There.com appears to be permanently closed.
paragraph2sentence.test-CQA-41-1,"Hey, I live in the USA but I am obsessed with Hiplife music in Ghana. :) I REALLY want to watch the Ghana Music Awards Festival on April 10, 2010 to see if my favorite performers win any (hopefully ALL) the five awards they've been nominated for. Is there ANY way to watch Ghana TV so I can see the show too??? THANKS."
paragraph2sentence.test-CQA-41-2,"On ebay, is there a fee to revise your listing?"
paragraph2sentence.test-CQA-42-1,"I'm using Firefox 2.0.0.2 (the last release for my Windows 98SE operating system), and Yahoo! Avatars don't show up on screen. Do I have some settings wrong, or is it a glitch? IE 6.5 displays the Avatars but is ungodly slow."
paragraph2sentence.test-CQA-42-2,"Firefox web browser is a well-trusted brand, while Internet Explorer is less trusted by users."
paragraph2sentence.test-CQA-43-1,"it has been happening alot recently(all i get is the good ole red X) in IE so i tried out firefox to see if IE was the issue and it wasn't it did the same thing in firefox, i have done everything microsoft has mentioned on their website and also tried what this person has said (http://forums.majorgeeks.com/showthread.php?t=30885) and ive check to see what format the picture is in it's jpg and sill nothing just a red x followed by some text that says 'IPB picture'"
paragraph2sentence.test-CQA-43-2,I can't get rid of the big red X in IE that appears where the picture should.
paragraph2sentence.test-CQA-44-1,"I just recently started a tumblr, and i have 6 followers so far. The only thing is, I can only see 5 of those followers, I cannot see the 6th person. Why is this?"
paragraph2sentence.test-CQA-44-2,Why am I having such a hard time opening websites via my phone service 'high speed internet'?
paragraph2sentence.test-CQA-45-1,"has anyone got the ipod touch 8 gb from lockerz yet? im saving up for it and i wanted to know what generation it is. Also, does it come with the built in wifi? and has anyone ordered one and not recieved it?"
paragraph2sentence.test-CQA-45-2,"Wifi allows computers, smartphones, and other devices to connect to wirelessly connect to the internet."
paragraph2sentence.test-CQA-46-1,"Whenever I boot up my computer, AOL pops up in my web browser before I even open the web browser. I've tried resetting my home page and it doesn't work. I've tried logging out, that doesn't work either. It also just logs me back on after five minutes. Virus, maybe? I have no clue. I can close my laptop's screen, keep the web browser open, and when I open my laptop back up, it opens a new tab to AOL. Any clue on how to fix this? It's really starting to get annoying. :/ Thanks for your time."
paragraph2sentence.test-CQA-46-2,AOL pop ups are driving me crazy even after i thought i removed it from the system.
paragraph2sentence.test-CQA-47-1,calling from Australia to Italy is really REALLY bad! the picture's bad and things come late and have to repeat myself... How can i make things better so i can have a proper convo???
paragraph2sentence.test-CQA-47-2,How can I improve my connection when calling Australia from Italy?
paragraph2sentence.test-CQA-48-1,"Any ideas about what's causing the crash? It doesn't matter which site I'm on (Youtube, Hulu, etc.) my computer always freezes after a few minutes and then I have to restart it."
paragraph2sentence.test-CQA-48-2,I have to restart my computer a lot.
paragraph2sentence.test-CQA-49-1,"I've been allowed access to my neighbours internet connection which is unsecured...it's in the middle of no where so no one else will be able to get on but i was wondering if my nieghbours could see what i'm doing, my email, the sites i'm on and stuff like that?"
paragraph2sentence.test-CQA-49-2,Is there a website where you can anonymously post thoughts or experiences?
paragraph2sentence.test-CQA-50-1,"i mean there are other poor countries around the world that could do this. so why is nigeria behind just about all of them, is the government in on it??"
paragraph2sentence.test-CQA-50-2,"Is the Nigerian government responsible for its low position behind many poorer countries, or is there an alternate explanation?"
paragraph2sentence.test-CQA-51-1,"I just downloaded Internet Explorer 8 onto my laptop, but now I want to delete it, so I can Download Google Chrome (which I hear is better)... Can someone help me?"
paragraph2sentence.test-CQA-51-2,How can I delete Internet Explorer?
paragraph2sentence.test-CQA-52-1,"ok so i have a tumblr account. i want to private my tumblr now because i don't want people to see it. how do i do so? i know i can create a new blog under the tumblr im using now, but i don't want that. i want people to be required to type a password to view my tumblr. how do i do that?"
paragraph2sentence.test-CQA-52-2,How do I make my tumblr private?
paragraph2sentence.test-CQA-53-1,I'd like to know the steps to add a chat room to my web site that integrates voice and possibly video chatting. What software do I need? Do I need a host? ETC....
paragraph2sentence.test-CQA-53-2,How can I speak with my relatives through video chatting?
paragraph2sentence.test-CQA-54-1,So I want to buy some zippo lighter fluid from amazon but I don't know what via ground is. Is it ups or usps?
paragraph2sentence.test-CQA-54-2,Im looking to sell my dvds on ebay..can you help?
paragraph2sentence.test-CQA-55-1,"My boyfriend is at work doing medical billing, and he talks to me via Aim Express. can his employers track our conversation?"
paragraph2sentence.test-CQA-55-2,"Generally, a course at a medical school will take at least 5 years to complete."
paragraph2sentence.test-CQA-56-1,"Me and my brother each have our own Lockerz account. If we were to get alot of PTZ and get a prize, can we send it to the same house? Basicly, are we allowed to have more than one account per household?"
paragraph2sentence.test-CQA-56-2,Me and my brother live in the same house.
paragraph2sentence.test-CQA-57-1,"I would like to start a blog, but I am pretty confused on what domain shall I write. So what is better in terms of customization and easiness? It would be a great help if you can tell both the pros and cons..."
paragraph2sentence.test-CQA-57-2,What are good blogging websites to use?
paragraph2sentence.test-CQA-58-1,I type what web site I want in my browser and when the results come up I then clink on the link and a different web site comes up. I then have to click the back button and click the link again and then it will take me where I wanted to go in the first place. This is happening a lot now. Why?
paragraph2sentence.test-CQA-58-2,The little brown fox jumped over the burning log.
paragraph2sentence.test-CQA-59-1,"I have the letters L,i,B,E,and S. Anybody know the word?"
paragraph2sentence.test-CQA-59-2,I need help with a world puzzle.
paragraph2sentence.test-CQA-60-1,"This guy is really interested in the cell phone that i am selling, the thing is that he has no records of buying anything before. I heard of scamers where they buy something and pay you but when you send the product to them, they somehow take out the money again. is that true?"
paragraph2sentence.test-CQA-60-2,"I am trying to sell a phone on the internet however I am unsure about how to package it, could somebody recommend the safest way?"
paragraph2sentence.test-CQA-61-1,"Ok, so I want your SERIOUS advice. Meaning, I need you to do some thinking for me. There's a comedian I like, I won't say who but you've most likely never heard of him. He's pretty successful online, and like most good comedians, he has a twitter. And it's hilarious. Only problem is, he never 'tweets' at anybody, just writes funny things. If I keep tweeting funny things at him do you think eventually he'll notice me? Or think I'm a stalker? I just think he's the coolest and I want him and I to meet. He's not Tom Cruise but he has been in some major things. I also know he's single. Other prob-- he lives in LA and I live in NY but it's not that big of a prob...."
paragraph2sentence.test-CQA-61-2,"I really want to meet my favorite comedian because I think he's the coolest and I know he's single, but he lives in CA and I live in NY."
paragraph2sentence.test-CQA-62-1,"I don't have any use for another premium megaupload account, I have a life-time account there. Also, I wanted to try to upload files on rapidshare to get some points but then I saw that rapidshare is evil and requires you to buy an account before trying to obtain points... So lets see with hotfile, netload, depositfiles, or other hosts have to offer? Thanks"
paragraph2sentence.test-CQA-62-2,"What do hotfile, netload, depositfiles, and other hosts have to offer?"
paragraph2sentence.test-CQA-63-1,"Hey, how do I view network security cameras at my school? At my school, I am able to view all the network security cameras on a school computer. How do I do this at home? I know my school's IP address..."
paragraph2sentence.test-CQA-63-2,Where can i download Dj Earworm mash up 2009 blame it on the pop?
paragraph2sentence.test-CQA-64-1,"After being banned by gmail, Yahoo seems to magically know this, and prevents me from posting on Yahoo answers because of 'unusual network activity' coming from my IP. Is Google passing information about my usage to Yahoo?"
paragraph2sentence.test-CQA-64-2,Can one email account send information to another to not allow me to get in?
paragraph2sentence.test-CQA-65-1,"I need to find out who lives at a particular address such as names, phone number etc...is there an online search that can help with this?"
paragraph2sentence.test-CQA-65-2,I need to find a particular address.
paragraph2sentence.test-CQA-66-1,"So basically, the house I'm renting a room in has DirecTV cable and AT&T for an internet service provider. But, I want to get Time Warner Cable internet in my room. Would this be at all possible? Thanks for any help!"
paragraph2sentence.test-CQA-66-2,"I am looking at red xbox 360 controllers on eBay and it says condition: As-is, what does that mean?"
paragraph2sentence.test-CQA-67-1,"Hi, I wanna be an hacker but I don't know how to become one. Are there an guide on internet? Or can some one help me to become one? Please help me :) I really need help :O"
paragraph2sentence.test-CQA-67-2,Why does my friend have such a bad connection to mw2?
paragraph2sentence.test-CQA-68-1,"Well i just rebooted my whole computer, wiping out everything. Well somehow i got this virus, and when i search anything and click the link, it brings me to the wrong links that are scams, also with my internet pop up blocker put on, pop ups about scams come up. And even if i have internet, my google chrome will not load. I ran my symantec anti virus, and it cant pick it up. neither can malware bytes, or spyware doctor, or avira. can anyone help?"
paragraph2sentence.test-CQA-68-2,I can't get rid of a virus on my computer so I'm looking for help or advice!
paragraph2sentence.test-CQA-69-1,"Just for kicks, I'm thinking about creating a fake dating profile and uploading some pics of a really hot male model just to see what kind of responses I get from women. I woudn't respond or lead them on or anything. I'm not that cruel. Would this be funny as hell or over the line, or both, or neither?"
paragraph2sentence.test-CQA-69-2,A first date tends to be a one on one meeting in a public place so that participants can get to know each other better and to see if they are compatible.
paragraph2sentence.test-CQA-70-1,Do you think they will start charging us to use the internet. I mean charge us when we switch to different pages. Will they charge us because they are running out of domain names?
paragraph2sentence.test-CQA-70-2,Will internet become cost prohibitive?
paragraph2sentence.test-CQA-71-1,"If I'm discussing 'how to help people', world issues and the like - what topics would you like to see blogged about? Also, could you have a look at it and see if it's okay? outsideyourbubble.wordpress.com I just don't know what to talk about or if I'm on the right track :("
paragraph2sentence.test-CQA-71-2,I can ping the websites but no browser can show the web pages?
paragraph2sentence.test-Metaphoric-72-1,"Two men were traveling together, when a Bear suddenly met them on their path. One of them climbed up quickly into a tree and concealed himself in the branches. The other, seeing that he must be attacked, fell flat on the ground, and when the Bear came up and felt him with his snout, and smelt him all over, he held his breath, and feigned the appearance of death as much as he could. The Bear soon left him, for it is said he will not touch a dead body. When he was quite gone, the other Traveler descended from the tree, and jocularly inquired of his friend what it was the Bear had whispered in his ear. 'He gave me this advice,' his companion replied. 'Never travel with a friend who deserts you at the approach of danger.'"
paragraph2sentence.test-Metaphoric-72-2,Never travel with a friend who deserts you at the approach of danger.
paragraph2sentence.test-Metaphoric-73-1,"A doe blind in one eye was accustomed to graze as near to the edge of the cliff as she possibly could, in the hope of securing her greater safety. She turned her sound eye towards the land that she might get the earliest tidings of the approach of hunter or hound, and her injured eye towards the sea, from whence she entertained no anticipation of danger. Some boatmen sailing by saw her, and taking a successful aim, mortally wounded her. Yielding up her last breath, she gasped forth this lament: 'O wretched creature that I am! to take such precaution against the land, and after all to find this seashore, to which I had come for safety, so much more perilous.'"
paragraph2sentence.test-Metaphoric-73-2,Hunting by sea is an usual technique for surprising animals in the littoral regions.
paragraph2sentence.test-Metaphoric-74-1,"An Eagle made her nest at the top of a lofty oak; a Cat, having found a convenient hole, moved into the middle of the trunk; and a Wild Sow, with her young, took shelter in a hollow at its foot. The Cat cunningly resolved to destroy this chance-made colony. To carry out her design, she climbed to the nest of the Eagle, and said, 'Destruction is preparing for you, and for me too, unfortunately. The Wild Sow, whom you see daily digging up the earth, wishes to uproot the oak, so she may on its fall seize our families as food for her young.' Having thus frightened the Eagle out of her senses, she crept down to the cave of the Sow, and said, 'Your children are in great danger; for as soon as you go out with your litter to find food, the Eagle is prepared to pounce upon one of your little pigs.' Having instilled these fears into the Sow, she went and pretended to hide herself in the hollow of the tree. When night came she went forth with silent foot and obtained food for herself and her kittens, but feigning to be afraid, she kept a lookout all through the day. Meanwhile, the Eagle, full of fear of the Sow, sat still on the branches, and the Sow, terrified by the Eagle, did not dare to go out from her cave. And thus they both, along with their families, perished from hunger, and afforded ample provision for the Cat and her kittens."
paragraph2sentence.test-Metaphoric-74-2,Instilling fear in those that might hinder you can benefit you.
paragraph2sentence.test-Metaphoric-75-1,"One day a countryman going to the nest of his Goose found there an egg all yellow and glittering. When he took it up it was as heavy as lead and he was going to throw it away, because he thought a trick had been played upon him. But he took it home on second thoughts, and soon found to his delight that it was an egg of pure gold. Every morning the same thing occurred, and he soon became rich by selling his eggs. As he grew rich he grew greedy; and thinking to get at once all the gold the Goose could give, he killed it and opened it only to find nothing."
paragraph2sentence.test-Metaphoric-75-2,A magic goose lays eggs of pure gold.
paragraph2sentence.test-Metaphoric-76-1,"A dog was walking home with his dinner, a large slab of meat, in his mouth. On his way home, he walked by a river. Looking in the river, he saw another dog with a handsome chunk of meat in his mouth. 'I want that meat, too,' thought the dog, and he snapped at the dog to grab his meat which caused him to drop his dinner in the river."
paragraph2sentence.test-Metaphoric-76-2,"Those who pretend to be what they are not, sooner or later, find themselves in deep water."
paragraph2sentence.test-Metaphoric-77-1,"An Eagle was soaring through the air when suddenly it heard the whizz of an Arrow, and felt itself wounded to death. Slowly it fluttered down to the earth, with its life-blood pouring out of it. Looking down upon the Arrow with which it had been pierced, it found that the shaft of the Arrow had been feathered with one of its own plumes. 'Alas!' it cried, as it died, 'We often give our enemies the means for our own destruction.'"
paragraph2sentence.test-Metaphoric-77-2,Enemies are often able to take advantage of things we give them or reveal about ourselves.
paragraph2sentence.test-Metaphoric-78-1,"A Groom used to spend whole days in currycombing and rubbing down his Horse, but at the same time stole his oats and sold them for his own profit. 'Alas!' said the Horse, 'if you really wish me to be in good condition, you should groom me less, and feed me more."
paragraph2sentence.test-Metaphoric-78-2,Horses need food to look their best.
paragraph2sentence.test-Metaphoric-79-1,"A man and his wife owned a very special goose. Every day the goose would lay a golden egg, which made the couple very rich. 'Just think,' said the man's wife, 'If we could have all the golden eggs that are inside the goose, we could be richer much faster.' 'You're right,' said her husband, 'We wouldn't have to wait for the goose to lay her egg every day.' So, the couple killed the goose and cut her open, only to find that she was just like every other goose. She had no golden eggs inside of her at all, and they had no more golden eggs."
paragraph2sentence.test-Metaphoric-79-2,Quality is better than quantity.
paragraph2sentence.test-Metaphoric-80-1,"A Mule, frolicsome from lack of work and from too much corn, galloped about in a very extravagant manner, and said to himself: 'My father surely was a high-mettled racer, and I am his own child in speed and spirit.' On the next day, being driven a long journey, and feeling very wearied, he exclaimed in a disconsolate tone: 'I must have made a mistake; my father, after all, could have been only an ass.'"
paragraph2sentence.test-Metaphoric-80-2,"Because of the high price of horses, donkey racing was popular in the Middle Ages."
paragraph2sentence.test-Metaphoric-81-1,"A miser sold all that he had and bought a lump of gold, which he buried in a hole in the ground by the side of an old wall and went to look at daily. One of his workmen observed his frequent visits to the spot and decided to watch his movements. He soon discovered the secret of the hidden treasure, and digging down, came to the lump of gold, and stole it. The Miser, on his next visit, found the hole empty and began to tear his hair and to make loud lamentations. A neighbor, seeing him overcome with grief and learning the cause, said, 'Pray do not grieve so; but go and take a stone, and place it in the hole, and fancy that the gold is still lying there. It will do you quite the same service; for when the gold was there, you had it not, as you did not make the slightest use of it.'"
paragraph2sentence.test-Metaphoric-81-2,The workman used the gold to buy a new house.
paragraph2sentence.test-Metaphoric-82-1,"A Heifer saw an Ox hard at work harnessed to a plow, and tormented him with reflections on his unhappy fate in being compelled to labor. Shortly afterwards, at the harvest festival, the owner released the Ox from his yoke, but bound the Heifer with cords and led him away to the altar to be slain in honor of the occasion. The Ox saw what was being done, and said with a smile to the Heifer: 'For this you were allowed to live in idleness, because you were presently to be sacrificed.'"
paragraph2sentence.test-Metaphoric-82-2,People who live idly may serve a yet-unknown purpose.
paragraph2sentence.test-Metaphoric-83-1,"A Farmer placed nets on his newly-sown plowlands and caught a number of Cranes, which came to pick up his seed. With them he trapped a Stork that had fractured his leg in the net and was earnestly beseeching the Farmer to spare his life. 'Pray save me, Master,' he said, 'and let me go free this once. My broken limb should excite your pity. Besides, I am no Crane, I am a Stork, a bird of excellent character; and see how I love and slave for my father and mother. Look too, at my feathers-- they are not the least like those of a Crane.' The Farmer laughed aloud and said, 'It may be all as you say, I only know this: I have taken you with these robbers, the Cranes, and you must die in their company.'"
paragraph2sentence.test-Metaphoric-83-2,People will be judged according to the company they keep.
paragraph2sentence.test-Metaphoric-84-1,"A hound having started a Hare on the hillside pursued her for some distance, at one time biting her with his teeth as if he would take her life, and at another fawning upon her, as if in play with another dog. The Hare said to him, 'I wish you would act sincerely by me, and show yourself in your true colors. If you are a friend, why do you bite me so hard? If an enemy, why do you fawn on me?'"
paragraph2sentence.test-Metaphoric-84-2,Acting both friendly and aggressive is confusing.
paragraph2sentence.test-Metaphoric-85-1,"A Hunter, not very bold, was searching for the tracks of a Lion. He asked a man felling oaks in the forest if he had seen any marks of his footsteps or knew where his lair was. 'I will,' said the man, 'at once show you the Lion himself.' The Hunter, turning very pale and chattering with his teeth from fear, replied, 'No, thank you. I did not ask that; it is his track only I am in search of, not the Lion himself.'"
paragraph2sentence.test-Metaphoric-85-2,"Lions inspire fear, even for hunters."
paragraph2sentence.test-Metaphoric-86-1,"A Deer hotly pursued by the hounds fled for refuge into an ox-stall, and buried itself in a truss of hay, leaving nothing to be seen but the tips of his horns. Soon after the Hunters came up and asked if any one had seen the Deer. The stable boys, who had been resting after their dinner, looked round, but could see nothing, and the Hunters went away. Shortly afterwards the master came in, and looking round, saw that something unusual had taken place. He pointed to the truss of hay and said: 'What are those two curious things sticking out of the hay?' And when the stable boys came to look they discovered the Deer, and soon made an end of him. He thus learnt that nothing escapes the master's eye."
paragraph2sentence.test-Metaphoric-86-2,Deer antlers make it difficult for the animal to camouflage itself in urban settings.
paragraph2sentence.test-Metaphoric-87-1,"A man whose hair was turning gray had two wives. One wife was much younger than the man, and the other wife was much older. The older wife was embarrassed at being married to man much younger than herself. At night, whenever he was with her, she would pluck out all of his hairs that were not gray. The younger woman was equally embarrassed at being married to a man so much older than herself. At night, whenever he was with her, she would pluck out all of hairs that were gray. Between the two wives, the man was soon left without a hair on his head."
paragraph2sentence.test-Metaphoric-87-2,Appearances are deceptive.
paragraph2sentence.test-Metaphoric-88-1,"The Monkey, it is said, has two young ones at each birth. The Mother fondles one and nurtures it with the greatest affection and care, but hates and neglects the other. It happened once that the young one which was caressed and loved was smothered by the too great affection of the Mother, while the despised one was nurtured and reared in spite of the neglect to which it was exposed."
paragraph2sentence.test-Metaphoric-88-2,Neglected monkey babies often perish from exposure to the elements.
paragraph2sentence.test-Metaphoric-89-1,"A man who wanted to buy an Ass went to market, and, coming across a likely-looking beast, arranged with the owner that he should be allowed to take him home on trial to see what he was like. When he reached home, he put him into his stable along with the other asses. The newcomer took a look round, and immediately went and chose a place next to the laziest and greediest beast in the stable. When the master saw this he put a halter on him at once, and led him off and handed him over to his owner again. The latter was a good deal surprised to seem him back so soon, and said, 'Why, do you mean to say you have tested him already?' 'I don't want to put him through any more tests,' replied the other. 'I could see what sort of beast he is from the companion he chose for himself.'"
paragraph2sentence.test-Metaphoric-89-2,Your choice in friends reveals a lot about who you are.
paragraph2sentence.test-Metaphoric-90-1,"A sailor, bound on a long voyage, took with him a Monkey to amuse him while on shipboard. As he sailed off the coast of Greece, a violent tempest arose in which the ship was wrecked and he, his Monkey, and all the crew were obliged to swim for their lives. A Dolphin saw the Monkey contending with the waves, and supposing him to be a man (whom he is always said to befriend), came and placed himself under him, to convey him on his back in safety to the shore. When the Dolphin arrived with his burden in sight of land not far from Athens, he asked the Monkey if he were an Athenian. The latter replied that he was, and that he was descended from one of the most noble families in that city. The Dolphin then inquired if he knew the Piraeus (the famous harbor of Athens). Supposing that a man was meant, the Monkey answered that he knew him very well and that he was an intimate friend. The Dolphin, indignant at these falsehoods, dipped the Monkey under the water and drowned him."
paragraph2sentence.test-Metaphoric-90-2,Monkeys cannot swim for long distances and avoid open water.
paragraph2sentence.test-Metaphoric-91-1,"The Deer was once drinking from a pool and admiring the noble figure he made there. 'Ah,' said he, 'where can you see such noble horns as these, with such antlers! I wish I had legs more worthy to bear such a noble crown; it is a pity they are so slim and slight.' At that moment a Hunter approached and sent an arrow whistling after him. Away bounded the Deer, and soon, by the aid of his nimble legs, was nearly out of sight of the Hunter; but not noticing where he was going, he passed under some trees with branches growing low down in which his antlers were caught, so that the Hunter had time to come up. 'Alas! alas!' cried the Deer: 'We often despise what is most useful to us.'"
paragraph2sentence.test-Metaphoric-91-2,Deer have nimble legs which let the quickly escape from dangerous situations.
paragraph2sentence.test-Metaphoric-92-1,"The ass and the Fox, having entered into partnership together for their mutual protection, went out into the forest to hunt. They had not proceeded far when they met a Lion. The Fox, seeing imminent danger, approached the Lion and promised to contrive for him the capture of the Ass if the Lion would pledge his word not to harm the Fox. Then, upon assuring the Ass that he would not be injured, the Fox led him to a deep pit and arranged that he should fall into it. The Lion, seeing that the Ass was secured, immediately clutched the Fox, and attacked the Ass at his leisure."
paragraph2sentence.test-Metaphoric-92-2,Selling out a friend can come back to bite you in the end.
paragraph2sentence.test-Metaphoric-93-1,"An wold woman found an empty jar which had lately been full of prime old wine and which still retained the fragrant smell of its former contents. She greedily placed it several times to her nose, and drawing it backwards and forwards said, 'O most delicious! How nice must the Wine itself have been, when it leaves behind in the very vessel which contained it so sweet a perfume!'"
paragraph2sentence.test-Metaphoric-93-2,"Properly cleaned, a wine bottle may be recycled and used to age new wine."
paragraph2sentence.test-Metaphoric-94-1,"A very hungry rooster was scratching and digging in the dirt looking for food. He scratched and dug and finally found a beautiful jewel. He was amazed at how the gem shone glittered. 'This is a very fine and beautiful thing,' he thought, 'but I would rather have one tasty kernel of corn instead.'"
paragraph2sentence.test-Metaphoric-94-2,"You may share the labours of the great, but you will not share the spoil."
paragraph2sentence.test-Metaphoric-95-1,"A man was leading his donkey down a road, when the donkey got free and ran to the edge of high cliff. The man ran as fast as he could to the donkey and grabbed his tail to stop the donkey from going off the edge of the cliff. But the donkey was stubborn; the more the man tried to stop him, the more the donkey pulled the other way. 'Oh well,' said the man, 'if you are determined to go your own way, I cannot stop you.'"
paragraph2sentence.test-Metaphoric-95-2,The memory of a good deed lives on.
paragraph2sentence.test-Metaphoric-96-1,"A fly bit the bare head of a Bald Man who, endeavoring to destroy it, gave himself a heavy slap. Escaping, the Fly said mockingly, 'You who have wished to revenge, even with death, the Prick of a tiny insect, see what you have done to yourself to add insult to injury?' The Bald Man replied, 'I can easily make peace with myself, because I know there was no intention to hurt. But you, an ill-favored and contemptible insect who delights in sucking human blood, I wish that I could have killed you even if I had incurred a heavier penalty.'"
paragraph2sentence.test-Metaphoric-96-2,People will go to great lengths -even injuring themselves- to repay perceived injustices.
paragraph2sentence.test-Metaphoric-97-1,"The mice, frustrated by the constant dangers of the cat, meet in council to determine a solution to their tiring challenge. They discussed, and equally rejected, plan after plan. Eventually, a very young mouse raised up on his hind legs, and proposed that a bell should be hung around the cat's neck. 'What a splendid idea!' they cried. 'Excellent suggestion!' 'Oh yes, that would very well warn of the cat's presence in time to escape!' They were accepting the proposal with great enthusiasm and applause, until a quiet old mouse stood up to speak. 'This is, indeed, a very good suggestion and would no doubt solve our problems,' he said, 'Now, which one of us will put the bell around the cat's neck?'"
paragraph2sentence.test-Metaphoric-97-2,Honesty is the best policy.
paragraph2sentence.test-Review-98-1,Please watch the code dates. Check as soon as you get them. I realized too late I would not be able to use them before expiration date. I should have sent them back immediately.
paragraph2sentence.test-Review-98-2,Take caution to examine the expiration dates of shipped products before you use them.
paragraph2sentence.test-Review-99-1,"I didn't think that this Copper Moon Panama Bouquete Coffee would be all that great because of the low price, but low and behold it fooled me good. This is an excellet whole bean coffee, real nice roast that delivers a great mellow taste. Good coffee all around, sure will recomend to other coffee lover's out there. Thank you Amazon.com for another excellent product at a super low price."
paragraph2sentence.test-Review-99-2,"Despite its low price offered by amazon.com, Copper Moon Bouquete Coffee is a whole bean coffee offering a really high level of a great mellow roasted taste sure to satisfy coffee lovers."
paragraph2sentence.test-Review-100-1,"If you have a nostalgia store (or other shop that might have nostalgia candy), go there. For $18, you don't get a whole lot of candy. Yeah, some of it is really fantastic and delicious, but it seems to have just been repackaged from recent productions of the candy. The box is also somewhat small and contains that crinkle paper confetti stuff for effect (I guess?), but it takes up a lot of space in the box.In all: I wish there was enough candy to justify paying $18 for it, but there really wasn't."
paragraph2sentence.test-Review-100-2,Nostalgia candy is overpriced for the amount that you actually get.
paragraph2sentence.test-Review-101-1,"Better Than Milk powder is the best soy product on the market. It's great tasting, nutritious, and easy to use in other recipes. I can't even get it locally and a local store used to stock it."
paragraph2sentence.test-Review-101-2,"Soy product - Better Than Milk powder, is tasty, nutritious and versatile."
paragraph2sentence.test-Review-102-1,"This product is not a gimmick. I was hesitant to spend yet more money on my Keurig coffee maker. I love the idea behind the Keurig, I dont have a issue with some of the k-cups but I really wanted the freedom to use Peets or Starbucks blends primarily.The my K cap works so much better then the my K cup that is made for Keurig.The my k cup filter is awful, it produces a watery cup of coffee that isnt really coffee at all, more like tea.My k cap is a much better solution for using your favorite coffee in your Keurig. Highly recommend."
paragraph2sentence.test-Review-102-2,My k cap is a great alternative to the Keurig K cup since you can use your favorite coffee.
paragraph2sentence.test-Review-103-1,"I have been eating this oatmeal for a few years now and still love it! It's great starting the day off right with some healthy carbs, plenty of fiber and a full tummy. This oatmeal cooks in 1 ½ minutes, so it's fast and easy. Here's the nutrition breakdown:Grams 45Calories 160Total fat 2 gramsCholesterol 0 gramsSodium 260 mgTotal carbs 34gFiber 10 gramsProtein 4 gramsOverall, this is really great. I add a few raisins for some variety and voila, a perfect breakfast."
paragraph2sentence.test-Review-103-2,This oatmeal with some raisins is really great.
paragraph2sentence.test-Review-104-1,I've planted the first batch of wheat grass for my cat. Germination is fast and rate is high. My cat loves his little salary bowl. The price is hard to beat - the best price I found on the internet. I plan to order some other seeds for myself for sprouting.
paragraph2sentence.test-Review-104-2,Wheat grass has a fast germination rate and my cat loves it.
paragraph2sentence.test-Review-105-1,"love this popcorn, just a hint of butteriness and not too salty. definitely not artificial tasting-because there is nothing artificial in it! that's why we eat it. popcorn has good fiber, and is a healthy snack not full of white flour or sugar."
paragraph2sentence.test-Review-105-2,This popcorn is not too buttery!
paragraph2sentence.test-Review-106-1,"I bought this product as part of my quest to find a really buttery topping for microwave popcorn. This is the third brand of oil that I have purchased and I think I will keep looking.What one gets is a thick, creamy emulsion with a faint buttery taste. I found pronounced creamy overtones in a raw tasting. It will slightly separate on standing so, even though the label does not say so, Shake Well Before Using.As expected, adding this oil to freshly popped popcorn produces an oily, semi-creamy, and very slightly buttery finished product. Adding plain popping salt completes the process for a very likeable popcorn.This product is not in the same class a movie-theater style popcorn, but would easily satisfy someone looking for an alternative flavor profile. The creamy texture of the oil gives the finished popcorn a nice, silky mouth-feel."
paragraph2sentence.test-Review-106-2,"In my quest to find a really buttery topping for microwave popcorn, I discovered that the oil, the salt you use and to shake well before serving are important factors to obtain that fragrant silky buttery taste."
paragraph2sentence.test-Review-107-1,"Best energy drink ever. Great for giving long lasting energy through the day. Less expensive than redbull, and much more effective ( and better tasting). DRINK AND BE HAPPY :)"
paragraph2sentence.test-Review-107-2,This is an energy drink that gives long lasting energy -- it's better than redbull in every respect!
paragraph2sentence.test-Review-108-1,"I really love this soup so much I have it on automatic order refill. I will be getting a box every three months! Nice and spicy and great flavor. I like to throw a few pieces of leftover chicken or pork in the bowl and it is delicious. Move over Ramen Noodles, there is a new kid on the block and he is big!...If you don't like hot chillies don't buy this one it really does have a bite to it!!"
paragraph2sentence.test-Review-108-2,Hot chilli soup hits high sales figures in Eastern Asia.
paragraph2sentence.test-Review-109-1,"This coffee doesn't taste good at all. I cannot even describe what I am really tasting, but it doesn't taste like coffee or vanilla coffee. The only good thing my co-workers say about this coffee is when its brewed it smells like pancakes and syrup. I will never buy this again."
paragraph2sentence.test-Review-109-2,It makes my hair a lot less frizzy and it smells so good!
paragraph2sentence.test-Review-110-1,"If you like a tangy bite to sweetness in candy, these are worth the buy. They have the consistency of a fruit chew inside, with a thick coating of dark chocolate that's not cloyingly sweet. Quite filling, too. I've seen other products by this company, but this candy seems to be a seasonal item and not so easily found in stores; it was nice to be able to buy it online."
paragraph2sentence.test-Review-110-2,"A type of candy that can be purchased online is filling, not too sweet and has fruit chew inside."
paragraph2sentence.test-Review-111-1,"We just discovered these and can't live without them as an emergency snack for the car, purse and in backpacks - the protein is what fills you up when you're starving, and will keep you full, vs. another snack that isn't worth the calories. 200 calories, 9 grams protein, 27 grams carbs and 6 grams fat - carbs are high but worth it. Super high protein and they are very light. I found them cheaper at a local store ($6 for 6), but they sell out quickly so I've had to order from amazon. The other Oskri bars are tasty, but low in protein, so we only get the ones labelled protein bars. Happy to finally find a bar that everyone likes, with a light texture - other protein bars we've tried have been chemical tasting or gross flavors."
paragraph2sentence.test-Review-111-2,We love the Oskri protein bars because they are a perfect on the go snack!
paragraph2sentence.test-Review-112-1,"Kitchens of India is the closest to a homemade curry we have ever had. We love it. The sauce is great and it is fast, so curry a few times a week is possible. We often make a curry from scratch but it is time consuming and now we can have a good curry whenever we want. We have also tried the Rogan Josh as well as the Korma. Add some onions and raisins, or a bit of honey. The ingredients have little or no preservatives. The Best!!"
paragraph2sentence.test-Review-112-2,I checked the expiration date which is two years from now.
paragraph2sentence.test-Review-113-1,Great tea. Love the packaging. Gave many away for Christmas gifts. Also use to make ice tea down here in Texas where it gets real HOT most of the time. Thanks for a great product.
paragraph2sentence.test-Review-113-2,I gave many packets of tea away for Christmas gifts.
paragraph2sentence.test-Review-114-1,"I have searched for a natural diet soda that I like, but kept going back to the nutrasweet diet sodas because of the variety. I recently discovered Zevia sodas (because of the Belly Fat Cure book/diet plan). I am SO happy with these sodas, especially the Dr. Zevia, it is very similar to the nutrasweet-sweetened dr soda, but without that very unhealthy sweetener.I have tried several of the Zevia soda flavors, and I like the cola, lemon lime and orange; the cream soda and black cherry flavors are really, really good. The Mountain Zevia tastes nothing like its nutrasweet counterpart (I thought it tasted much like the Airborne cold medicine)."
paragraph2sentence.test-Review-114-2,Nutrasweet soda taste like cold medicine.
paragraph2sentence.test-Review-115-1,"All I can say is that I love me some Kraft Macaroni and Cheese! I've eaten it since I was a little kid, and still eat it with my kids! Easy to prepare, great tasting, and can go with almost any meal!"
paragraph2sentence.test-Review-115-2,All were terrible.
paragraph2sentence.test-Review-116-1,"Overall this is a good seasoning not only on meats, but I put on fries, mashed potatoes, steamed veggies.. you name it. Someone introduced me to this rub and thought it was ok.. there are better ones out there.."
paragraph2sentence.test-Review-116-2,"Although there are some preferable spices out there, this one is good on both meat and vegetables."
paragraph2sentence.test-Review-117-1,"Not only does this tea aid in digestion, but it worked wonders on my 10 year old daughter's sore throat. She was experiencing moderate pain, and after trying Ibuprofen and Lozenges, I made her this tea. I added honey, and the tea had an instant effect. She claims that it did something to numb her throat. She continuted drinking it every night through the course of her cold. I am so pleased to have found this product! Excellent tea!"
paragraph2sentence.test-Review-117-2,I didn't have time to add it before.
paragraph2sentence.test-Review-118-1,I think this is my most favorite cereal ever. The bits of Fruit and Yogurt are just crunchy enough as well as Sweet enough! Can't go wrong with this Special K !!!
paragraph2sentence.test-Review-118-2,Health cereal has become very popular with modern dieters.
paragraph2sentence.test-Review-119-1,"This box of green tea has the tea bags packaged 4 per wrapper. So unless you plan on brewing a whole pot at a time, do not buy this! Nowhere in the item description does it say anything about being packaged that way and this is a NON-RETURNABLE item!"
paragraph2sentence.test-Review-119-2,I'm furious that the tea packaging never mentions it's for brewing large pots and amazon won't let me return it.
paragraph2sentence.test-Review-120-1,"These were the worst flowers I ever received in the mail. The flowers were mostly dead, with the bulbs falling off. The advertisement claimed 10 stems, but I only received 5 stems. The flowers also arrived late."
paragraph2sentence.test-Review-120-2,Mick Jagger and Keith Richards of the rock and roll band The Rolling Stones wrote a song called 'Dead Flowers.'
paragraph2sentence.test-Review-121-1,"Light and tasty, probably the best feature of this carbonated juice is that it does not have any added sugar. Apple Juice is sweet enough as it is. It also features some added vitamins but ultimately, I was taken by the slightly tart taste and the 90 calories per 8.4 ounce can. Very reasonable. So go ahead and get this product for your kids (and yourself). It beats soda, cool aid, and many so called juice drinks that are mostly sugar and water with 10% or so actual juice."
paragraph2sentence.test-Review-121-2,This juice is only 90 calories per 8.4 oz can.
paragraph2sentence.test-Review-122-1,"Below is the review for regular white granulated sugar twin, i bought the brown at the same time, after making the cake i tasted the brown sugar and it had the same off taste. Ive been following the Atkins plan and have been trying various no calorie sweeteners trying to find my favorite. I made a cake with this and it was awful, i used 1 cup in the recipe for the whole cake, which i have done before with splenda. I tried Sugar twin because it is a lot cheaper. The whole cake was in-edible, it had a very sweet chemical like taste. even after adding frosting it was awful and left my stomach in knots. I recommend splenda or ez sweetz. Cheers!"
paragraph2sentence.test-Review-122-2,"Dietary sugar alternatives have recently been questioned as to their actual health benefits, even being accused of being derogatory to one's health."
paragraph2sentence.test-Review-123-1,"Blue Agave sweetener is the best I've ever used. Been using it for over a year now, and has assisted in helping me lose the weight I've needed to. Compared to using regular sugar as a sweetener, I only have to use 3 teaspoons of Blue Agave, whereas, I would have to use a minimum of 5-6 teaspoons of sugar to get the equivalent taste. Blue Agave does not cause an increase in blood sugar like real sugar can.I use this on other foods such as, pancakes, waffles, as an ice cream topping and to sweeten just about anything one would normally use sugar for.You can't go wrong with Blue Agave."
paragraph2sentence.test-Review-123-2,Blue Agave sweetener assists weight loss and you can use less than regular sugar and there are health benefits too because you can use it as a sugar substitute in a lot of food and drink.
paragraph2sentence.test-Review-124-1,"These were perfect for medium-sized canned escarot. I could bake them in these shells, so it makes an impressive treat. Be aware most cans of snails this size (appropriate for these shells) will contain 20 or so snails. One of the shells I received was rather brittle, and I am concerned about serving it, afraid some could come off into the food."
paragraph2sentence.test-Review-124-2,I really liked the Mango one so I tried the blackberry/pomegranate one and liked it less.
paragraph2sentence.test-Review-125-1,"I sampled the marinade at St. Jean winery in CA, bought a bottle ($1 more than at Amazon), and intended to make the chicken salad recipe on the label of the marinade. Eventually I asked my friend Jean, an excellent cook, to make the chicken salad for me. She doubled the recipe, and followed the directions on the bottle exactly. We both thought the result was fabulous. I'll buy it again even though it's on the expensive side. The chicken salad was terrific. It is definitely worthy of serving to company. I love the distictive flavor of this sauce."
paragraph2sentence.test-Review-125-2,I bought a rather expensive marinade from a winery in CA but my friend and I loved the chicken salad that we made from the recipe on the side of the bottle!
paragraph2sentence.test-Review-126-1,"I love salt water taffy and thought I recognized the Sweets brand name. It comes in 3 nice 1-lb boxes and is melt-in-your-mouth soft - no chewing required. The colors are bright and unusual for taffy. But this is not traditional taffy as far as the flavors. They are almost all a little weird, hard to define and kind of awful, in my opinion. I can tolerate the blue, the chocolate and peppermint taste accurate but the others are kind of unnatural, some with weird petroleum/chemical aftertastes. They are all much sweeter than I had expected as well. So I won't be reordering this brand. I like the flavor and price of the Energy Club brand sold on amazon, so I'll probably just go back to that."
paragraph2sentence.test-Review-126-2,"Sweets salt water taffy is a soft, brightly coloured taffy with predominantly unusual and unnatural, overly sweet flavourings, therefore less appetizing than the Energy Club brand."
paragraph2sentence.test-Review-127-1,"These organic buckwheat groats are easy to toast and cook. I enjoy them combined with cabbage, carrots and onions. They make wonderful salads, too, and at the price, they are a real bargain."
paragraph2sentence.test-Review-127-2,These bargain-priced organic buckwheat groats are easy to prepare and combine well with vegetables and salads.
paragraph2sentence.test-Review-128-1,I buy this for my Grandson who is autistic and on a gluten free diet. This is one of the few cereals he will eat and really likes. Autistic children have problems with texture and this cereal seems to be the right texture for him.
paragraph2sentence.test-Review-128-2,"If one is autistic and has problems with food texture or on a gluten free diet, this cereal is not only satisfactory, it is also delicious."
paragraph2sentence.test-Review-129-1,"I received the Krupps coffee maker for Mother's day this year, and have used it daily since. It makes an excellent cup of coffee; the very best I've ever had with these single serving machines.The coffees are much better than the 'milk' pods that come with some of them; I won't be buying any more of those.The only complaint I've had with this is that Macy's is the only store I can find this in; otherwise, I have to order the coffee online. (And Macy's has had the coffee on sale, so I'm afraid that may not last much longer.)"
paragraph2sentence.test-Review-129-2,"Coffee is a caffeinated drink, very popular with the Italian culture."
paragraph2sentence.test-Review-130-1,"This is the best thing I have done for my health. This organic delicious, slightly coconut flavored oil is all I use: to fry, to 'butter,' as an ingredient, for my face and skin. Wondrous! I can even eat peanut butter sandwiches every day--with coconut oil spread on sprouted bread--and not gain weight, put on fat! Yahoo! Just google 'benefits of coconut oil,' then buy a quality brand. Thank you Nutiva!"
paragraph2sentence.test-Review-130-2,I get nutty for coconut oil.
paragraph2sentence.test-Review-131-1,"I have tried all of the Gracious Gourmet products and can't find a single one that isn't fantastic! The best part of these spreads is that you can use them so many different ways. I have cooked with them, used them as spreads on crackers and sandwiches and mixed them with sour cream to make a dip. So easy and so delicious!"
paragraph2sentence.test-Review-131-2,Gracious Gourmet spreads are easy to use and yummy.
paragraph2sentence.test-Review-132-1,"I rate this sauce as hot as 357 Silver edition and Da Bomb ground zero. It is supposedly hotter than Blairs hottest (non-a.m.) sauce, Ultra Death. I have a bottle of Ultra Death and I love it, but it still is not as hot as this. These Zack Wylde sauces feature the same great quality and taste that you would come to expect with all the Blair Products. I cannot believe how unpopular it is! try it, you won't be disappointed!"
paragraph2sentence.test-Review-132-2,Humans have used hot spices and chili peppers for thousands of years to spice up their food.
paragraph2sentence.test-Review-133-1,"It is almost impossible to find this dressing in the stores anymore! It is so good and is delightful on a salad made with lettuce, Romano cheese, almond, and sesame seeds - a recipe that was used at a popular restaurant in my area that is now closed. Try it."
paragraph2sentence.test-Review-133-2,This tasty dressing is made with real ingredients however it is almost impossible to find in stores!
paragraph2sentence.test-Review-134-1,"I was a bit skeptical at first because my kids love peanut butter but are very picky about it. Skippy Natural passed the test easily. They love it! Will continue with the autoship as it will be gone before the next shipment. Good job, Skippy and thanks Amazon for the easy purchase"
paragraph2sentence.test-Review-134-2,Peanut butter is a great source of unsaturated fat.
paragraph2sentence.test-Review-135-1,this product is a COMPLETE waste of money i have put them in several areas of high spider activity have not caught a single spider. i hate when a product promises so much and it is false.sorry i didnt save box i would send back to this company.
paragraph2sentence.test-Review-135-2,Itsy bitsy spiders come crawling up my walls.
paragraph2sentence.test-Review-136-1,"We love the flavor of this Cappuccino! It is creamy and just great tasting. We, at times, mix just a bit of whole milk in with it too, very good!"
paragraph2sentence.test-Review-136-2,Adding whole milk to the cappuccino is really good too!
paragraph2sentence.test-Review-137-1,"These panetonnes are out of this world! and we do not have to say more, except to fill in space! This is the reason that I do not want to write reviews."
paragraph2sentence.test-Review-137-2,Panetonnes so good they don't warrant a review.
paragraph2sentence.test-Review-138-1,These little honey sticks are little bits of heaven. My friends were laughing at me because you get so many but I gave some of the packages out and they're not laughing anymore. They are sooo yummy and such the perfect idea!
paragraph2sentence.test-Review-138-2,Okay - I was expecting that French Market flavor I'm used to in the Red Can and its the white can...
paragraph2sentence.test-Review-139-1,"One of my favorite types of K-cups. Very good in the morning or as an after dinner coffee. There is a subtle chocolate flavor, but this coffee is not bitter like most flavored coffees usually are."
paragraph2sentence.test-Review-139-2,"K cup coffee, good in the morning, good in the evening, adds a subtle chocolate flavor which cancels any bitterness."
paragraph2sentence.test-Review-140-1,This is the tastiest protein drink I've ever had. I'm particularly sensitive to the taste of most of protein drinks and can't handle them as they are so dense to drink. This one is great and doesn't have the after taste of other products. I have tried it both hot and cold and they were both great.
paragraph2sentence.test-Review-140-2,"Being sensitive to the density of liquid products, I am usually wary of protein drinks."
paragraph2sentence.test-Review-141-1,"This is a convenient snack to take on the run for the children. It is made out of all fruit juice concentrate and does not have any added sugar (corn syrup, etc). My 14month old and 3 year old both love them. They do leave a sticky face and hands, but that is easy to clean."
paragraph2sentence.test-Review-141-2,This is a convenient healthy fruit snack for kids.
paragraph2sentence.test-Review-142-1,"This coffee will make you smile each time you take your first sip. It is a favorite over all instants and most brewed coffees. It is smooth, rich, and presents no after-taste with just the right amount of caffeine. It provides a lift to get the creative spirit and physical energies flowing. The moment my box of six bottles arrived I felt like a child on Christmas morning.I do not spend money frivolously and this is no exception. The quality of this coffee, along with the low per cup cost, is so outstanding that it puts this purchase in the can't go wrong bargain class. Four of the six bottles will be gifts when visiting friends and relatives this summer, like a fine bottle of wine but providing many more tasteful moments for weeks to come."
paragraph2sentence.test-Review-142-2,"Coffee is toxic to some insects such as slugs but it has a different effect on bees. In fact, it is believed bees get a 'buzz' from caffeine in the flowers of plants."
paragraph2sentence.test-Review-143-1,"Just like canned crab, this lobster may be lobster but the taste and texture of canned is nasty. In no way does it resemble the fresh product. Do not waste money for this. Better buy fresh or frozen."
paragraph2sentence.test-Review-143-2,It's even better in a modified Manhattan.
paragraph2sentence.test-Review-144-1,"This tasted old and dry - I found it to taste stale, like old, instant coffee. It was a disappointment because I got this machine for my son to take to college, and had hoped the coffees would taste good.I am still hopeful that other manufacturers will start to make capsules for this machine. But, currently, this is probably the strongest flavor available, and is just not very flavorful."
paragraph2sentence.test-Review-144-2,I am disappointed in this capsule because it's not very flavorful.
paragraph2sentence.test-Review-145-1,"I try to drink several cups of green tea every day, and I like a little variety in flavor. The Jasmine Blossom flavor is subtle and light. I used to be able to find this in stores, but I can't find any local stores that carry it now. This is really good tea, and buying in bulk makes it less expensive than purchasing the individual bags."
paragraph2sentence.test-Review-145-2,"I now buy my favorite green Jasmine Blossom tea in bulk because it is no longer sold in most stores, but I save money this way!"
paragraph2sentence.test-Review-146-1,"Peanut lovers rejoice! This is one chewy, nutty, delicious treat. It's bigger than those granola/power/protein bars and loaded with peanuts on top of a peanut buttery/yogurty base that's sweet but not too sweet. This yummy snack is a good source of protein - and fat. At 220 calories, it's not for the dieter, but is tasty and satisfying. Highly recommended."
paragraph2sentence.test-Review-146-2,It was a damper.
paragraph2sentence.test-Review-147-1,I grew up in south India drinking coconut water regularly. The brands that come from Brazil taste more like natural coconut water. Not this one. This more tastes like the tender coconut meat blended into the coconut water.
paragraph2sentence.test-Review-147-2,This particular Brazilian coconut water drink tastes not only like nature but has a tender sensation of the coco pulp.
paragraph2sentence.test-Review-148-1,"This tea is amazing! One of the ingredients (I'm guessing slippery elm) totally coats an irritated throat, and also tastes sweet in the back of your mouth. The first ingredient is licorice, but it doesn't taste like licorice -- the blend of flavors is delicious."
paragraph2sentence.test-Review-148-2,"When I have a cold, I drink warm tea."
paragraph2sentence.test-Review-149-1,"I started feeding my over-weight cat Wellness canned and stopped all other foods including any dry. No more vomiting, no more shedding like crazy, no more begging for food all day long and waking me up in the night. She's lost a little bit (not much), but she looks great and I have not stepped in a pile of vomit in months.Love this food!!"
paragraph2sentence.test-Review-149-2,"Switching my cat's food to Wellness canned helped to reduce her weight, her vomiting, her shedding, and her persistent hunger."
paragraph2sentence.test-Review-150-1,"When I got the cereal, I was excited because I got it for so much cheaper than the grocery store charge. but the cereal tasted a little stale. Not sure if it was just this one box. I'll get another box just to make sure."
paragraph2sentence.test-Review-150-2,These do not make them cough at all.
paragraph2sentence.test-Review-151-1,"I've always loved amaretto, but it was unavailable in my locality.The beauty of it lies in the fact that it needs no refrigeration ( it stores between 35 and 80 degreesF) so you can buy in bulk.It is a little pricey, but worth it to me."
paragraph2sentence.test-Review-151-2,Any perishable food that have been above 40 degrees F for over 2 hours should be discarded.
paragraph2sentence.test-Review-152-1,"What a yummy coffee, strong but not bitter, full flavor but not dense, and you can choose your roasting preference (I chose dark). Cute packaging too, for those of us who care! It's shipped directly, and I got the package within 2 days. Try it, you'll like it!"
paragraph2sentence.test-Review-152-2,"It's not a horrible smell, it's just something you have to get used to."
paragraph2sentence.test-Review-153-1,"I love this coffee, but what is with these prices? My local walmart sells it for $3.00 and some time on sale for $2.50 and here its like $4.15 each? why is that? and why would any one buy it from here?"
paragraph2sentence.test-Review-153-2,"Good coffee is overpriced at $4.15, compared to Walmart at $3.00 with a sale price of $2.50."
paragraph2sentence.test-Review-154-1,"This tastes amazing! The only thing is that I wish there was a little more piney and/or peppermint/menthol taste to them. It has a wonderful soft center with very little aftertaste, unlike any other cough drops I have ever tried. They ALL have an aftertaste and dry my mouth out a little."
paragraph2sentence.test-Review-154-2,There is neither a before or after taste with these cough drops.
paragraph2sentence.test-Review-155-1,"I started buying Henry and Lisa's Tuna about a year ago and it was excellent. It was seriously a solid tuna loin in a can that had no fishy smell- you can't beat that. Unfortunately it's gotten progressively less quality with each shipment. At first there was some less quality filler tuna around the edges, and now it seems the cans more frequently only contain the less quality meat. Some of the glowing reviews here are from about a year ago and in my experience the product has changed since then.It is still better than most other brands that I have tried and it's the only tuna I can eat without having to hide the smell and taste with tons of condiments. The extra cost of the tuna is partially offset by what I save in condiments. I'm giving it 4 stars for the BPA -free can, dolphin safe, and that it's still comparatively good tuna."
paragraph2sentence.test-Review-155-2,"Tuna is one of the most widely eaten fish in the world, often served as a steak or in a can."
paragraph2sentence.test-Review-156-1,"Your dog would love these smoky bacon flavored treats! Soft but chewy, these treats are a big hit around our house! We highly recommend them for your dog!"
paragraph2sentence.test-Review-156-2,Will probably re order later in the year.
paragraph2sentence.test-Review-157-1,"I was first introduced to this truffle salt a few years ago when my sister sent me a jar for a gift. After the jar was used, (I love it sprinkled on my homemade pizza!) I bought a couple other jars of different brands in a local gourmet shoppe, but neither was as good as FungusAmongUs. I purchased a third brand from an online gourmet shop...still not as flavorful. I was so glad to finally find FungusAmongUs on Amazon at a very reasonable price (compared to what I had paid for others). The jar arrived in a few days. I made my pizza and opened the jar...oh, the delight! Lots of Truffle specs and that same delicious flavor I remembered from a few years back. Thank you Amazon and thank you FungusAmongus!"
paragraph2sentence.test-Review-157-2,Homemade pizza is a great alternative to ordering pizza because it saves you quite a bit of money!
paragraph2sentence.test-Review-158-1,"This is a very flavorful tea. The pomegranate flavor comes through. It isn't as earthy as plain green tea. It is fruity. I don't feel like I'm missing anything a traditional tea bag has to offer. I've made green tea using whole leaf, tea bags and k-cups. The k-cup makes it all the more enjoyable because it is fast and there is no clean-up. I think the tea tastes fresh with every cup because it isn't like opening a box and having it sit around waiting for me to use the rest of it. I will definitely purchase this tea k-cup again."
paragraph2sentence.test-Review-158-2,I will make this many times and try the raisin and cinnamon additions mentioned on the box.
paragraph2sentence.test-Review-159-1,"Based on reviews, and the fact that I have NOT loved any of the many Timothy coffees I've tried (but I keep trying b/c of the fab prices here!), I was not expecting to like this at all. But I love Bailey's Irish Cream so I ordered a single k-cup of this flavor (from another website). What a lovely surprise! It really does taste like it has a shot of Bailey's in it, and the coffee underneath is quite tasty as well, at least, it doesn't get in the way of the Bailey's taste! I will be ordering the 2 box pack from here!"
paragraph2sentence.test-Review-159-2,"Cocktails are a combination of one or more alcohols, mixed with a soft drink/and or other ingredients to create a unique, excitingly flavoured drink."
paragraph2sentence.test-Review-160-1,Pacific Chai coconut Chai Latte is so good. I have a cup every morning with my coconut oil in it. Also getting it through Amazon is much cheaper than at the store. I live about an hour from any grocery store and so it is nice to be able to have it shipped to my door.
paragraph2sentence.test-Review-160-2,Amazon brings my favorite Pacific coconut Chai Latte right to my door at a lower price!
paragraph2sentence.test-Review-161-1,"These treats are well liked by dogs, the right size and don't smell or feel too gross in your hands. Not really sure what else to say about them except that if organic is important to you, then these seem to be one of the few options for dog treats out there. I will buy them again."
paragraph2sentence.test-Review-161-2,Organic dog treats have good texture and feel.
paragraph2sentence.test-Review-162-1,"A bit skeptical, I purchased some flavored salt as a gift and got this one for myself.It turns out the smokiness adds a nice dimension of flavor, especially to soups like split pea or to a recipe for BBQ sauce. Worth a try!"
paragraph2sentence.test-Review-162-2,I bought flavoured salt for myself and I think its worth a try!
paragraph2sentence.test-Review-163-1,"I like the convenience and taste of all Suddenly Salad products. However, this Chipotle Ranch is my favorite. It has just the right amount of zing without going overboard. It's creamy and flavorful. It didn't take my family long to go through a pack of 12! I highly recommend it!"
paragraph2sentence.test-Review-163-2,Chipotle Ranch Suddenly Salad creamy and zingy salad dressing is a recommended family favourite.
paragraph2sentence.test-Review-164-1,These cookies are super soft and very yummy. The spices make me think of my grandma and her baking cookies! Yum.
paragraph2sentence.test-Review-164-2,"Unfortunately, my local commissary isn't carrying these yet."
paragraph2sentence.test-Review-165-1,"My husband and I both enjoyed the flavor of this tea so much! We often receive oolong tea from our relatives in Taiwan as a present, but we have not been to Taiwan for a while so we ran out. I ordered this tea hoping to fill the gap until our next trip. It is of good quality with nothing but large whole leaves. It has a delicate flavor and lovely aroma. It is as good as the high mountain oolong tea we get in Taiwan. I would recommend this tea to anyone who loves oolong tea or is interested in trying it."
paragraph2sentence.test-Review-165-2,My husband and I ran out of our favorite tea.
paragraph2sentence.test-Review-166-1,"Just had my first cup of this tea today. I use milk and sugar in my tea and while it is a good tea, there is a slight bitter aftertaste. And no, I did not leave it sit on the grounds too long. I wish I could have bought one canister at a time instead of three. Not sure I will be able to go through all that tea. However I do applaud the enlightened owner of the plantation according to the written information which came with the tea. I only would like to enjoy the taste of the tea more."
paragraph2sentence.test-Review-166-2,The coffee started to drip and my kitchen started smelling very nice which gave me high hopes for a very nice cup of coffee.
paragraph2sentence.test-Review-167-1,"I love Eden chocolate soymilk heated for hot chocolate. Doesn't need refrigeration, not too sweet (and no refined sugar), just the right amount of chocolaty, creamy texture. I love the individual packages so that I can have hot chocolate occasionally without having an entire container to use up. Check the label on the cocoa mix you're using and you'll want to make a shift fast! First time it tasted different - though not unpleasantly so - than traditional hot chocolate, but I tried it again and now it's my go to hot chocolate!"
paragraph2sentence.test-Review-167-2,"Eden chocolate flavoured soymilk comes in individual packets and makes for a healthier, alternative version of a tasty, creamy hot chocolate, without needing refrigeration."
paragraph2sentence.test-Review-168-1,"For the 3 seconds the flavor lasts (the outside strawberry flavored gum mixed with a lime liquid center) it's pretty enjoyable. After that, it's all downhill. Not since chewing Fruit Strips gum as a child, can I remember a gum losing flavor this quickly. You maybe get 5-10 minutes of flavor and after that it's like chewing rubber.The packaging is another annoyance it's a foil blister pack with a cardboard sleeve containing nine pieces of gum. It's a waste of packaging if you consider the whole thing could have been put in a Mentos-like package.I made the mistake of buying a 3 pack. If you must, go with a single pack. It will be enough to turn you off."
paragraph2sentence.test-Review-168-2,Fruit Strips chewing gum quickly loses flavour and the packaging is wasteful.
paragraph2sentence.test-Review-169-1,"i can't get enough of this jelly, i use it on chicken, pork, you name it...i take chicken sandwiches to work a lot and this jelly is soooo good on chicken sandwiches...great product"
paragraph2sentence.test-Review-169-2,"Beyond its tastiness, this jelly adds a perfect touch to both chicken and pork."
paragraph2sentence.test-Review-170-1,"Excellent chili, healthful ingredients, a wonderful choice for those trying to make wise choices in their diet. Just read the label!!"
paragraph2sentence.test-Review-170-2,Food labelling regulations have been severely reviewed in the past 5 years.
paragraph2sentence.test-Review-171-1,"I've never been one to like jams or preserves. I thought I'd try this one though because I do like ginger. This is DELICIOUS!! Not too overpowering from the ginger(like some of the other ginger jam blends out there), and not too tangy or sour from the rhubarb; it's just perfect! I will definitely buy this one again. I love it on toast for breakfast with a cup of coffee or as an afternoon snake with a cup of tea."
paragraph2sentence.test-Review-171-2,Eating breakfast is usually associated with lower body weight and improved academic performance.
paragraph2sentence.test-Review-172-1,"The liquid smells of chemicals and the clams taste the same. I doubt these are safe to eat. Either the clams themselves, or the waters they are packed in, are coming from some polluted source. Since Amazon won't take responsibility to refund on these, I am throwing them into the municipal waste."
paragraph2sentence.test-Review-172-2,"I'm mostly vegetarian (I try to avoid as much meat as I can), and I love savory and spicy foods."
paragraph2sentence.test-Review-173-1,"Great taste without the kick of regular java. I miss the buzz, but not the acidity. For anyone who suddenly has to stop drinking coffee either temporarily or long-term, this will work. I use it in my cappuccino machine. Great price, fast shipping."
paragraph2sentence.test-Review-173-2,"I miss the buzz of regular java, but not the acidity."
paragraph2sentence.test-Review-174-1,"This energy drink is extremely hard to find.I called Hansen's to find it. It is made in small amounts at a time with great ingredients, natural.It's the only energy drink my husband and I drink. It's pricey but worth it."
paragraph2sentence.test-Review-174-2,"Energy drinks contain water, sugar and caffeine, but very high doses of caffeine can cause health problems."
paragraph2sentence.test-Review-175-1,"My fiance' loves fortune cookies so I figured this would be a great creative way to pop the question. Well, she loved the idea when I finally did it last friday (although, somehow she had me figured out from the beginning lol).Anyway, I wasn't particularly thrilled about the quality of these cookies. The seams weren't completely shut. I could see the word Will through the backside of the cookie.Also, a huge warning for someone looking for an authentic cookie to give.... the wrapper is just that, a plain plastic wrapper. I was expecting some Chinese lettering or some kind of design to make it a little more believeable.And last but not least, the price. For the quality you're getting, I'd be more inclined to try the trick (tutorials online) of opening up a cookie and placing the message inside myself. At least then I could put exactly what I wanted. They are way overpriced for what you're getting.Buy only out of desperation."
paragraph2sentence.test-Review-175-2,The fortune cookie came in a plastic wrapper instead of an authentic Chinese wrapper which was disappointing.
paragraph2sentence.test-Review-176-1,"I just received this today in the mail, and tried out my first cup. Much to my surprise, the taste was very good, and I hardly needed any sweetener to actually drink it. This has spearmint and kombucha in it, and I don't know what major effect those had on the tea overall, but I'm fully aware of additional benefits it can provide. I actually like this way better than the Celestial Seasonings green tea. This tastes more authentic and it's organic which is a big thing for me. I'll definitely have to recommend this to anyone I know who drinks green tea. So far, so good with this one. Thanks Amazon for carrying this."
paragraph2sentence.test-Review-176-2,"First try of spearmint and kombucha green tea from Amazon which is healthier, tastier, organic, and better than other brands."
paragraph2sentence.test-Review-177-1,"Catnip doesn't affect all cats the same. Mine, a mother and her two daughters, all seem to be immune to the effects. The product smells strong so I am assuming it would work well for other cats. I will give it away and hope some other cats will enjoy it."
paragraph2sentence.test-Review-177-2,"My cat, a mother and her two daughters seem to be immune to catnip."
paragraph2sentence.test-Review-178-1,The chocolate chips give this delectible shortbread cookie a great twist. Highly recommend this cookie but these cookies are somewhat fragile and don't travel all that well in the mail to their final destination so expect some of the cookies to arrive broken but taste great all the same.
paragraph2sentence.test-Review-178-2,I switched to decaf coffee a while back and was looking for a great sampler pack.
paragraph2sentence.test-Review-179-1,"I use a lot of boullion. Until I found these little cubes of goodness, I used Better than Boullion, mostly chicken flavored which is great but I'm not so in love with some of the ingredients even though I use the organic version. The veggie boullion cubes from Gourmet Organic are absolutely delicious and I feel good about using them."
paragraph2sentence.test-Review-179-2,I like using the veggie boullion cubes from Gourmet Organic because they're delicious and I feel better about the ingredients!
paragraph2sentence.test-Review-180-1,I really like the hazelnut coffee. If you are looking for strong coffee this is not it. There is a bolder version and that might be more suited to you. But this is really good coffee. It is what I drink on a day to day basis. Very good stuff.
paragraph2sentence.test-Review-180-2,My husband could eat his Costco muffin and I had my own muffin.
paragraph2sentence.test-Review-181-1,This product tasted like chalk and there wasn't the slightest sour taste to it. I called the distributor who received my payment and they said that I would have to take it up with the candy manufacturer.As far as I am concerned the product was terrible and the service lousy to say the least
paragraph2sentence.test-Review-181-2,The sour candy wasn't even sour and it tasted terrible!
paragraph2sentence.test-Review-182-1,"If you like carob and you like baking, this is an excellent product. You can substitute this in any recipe that calls for molasses and it will add a rich carob flavor. It's not quite as sweet as regular molasses so you may have to adjust recipes accordingly (some people recommend substituting 1/4 of the molasses with honey).I had no problems with the shipping, all jars arrived intact and without leaking."
paragraph2sentence.test-Review-182-2,This product can be used to substitute carob in any recipe that needs it. It has rich flavour however is not quite as sweet.
paragraph2sentence.test-Review-183-1,"This cereal is great! Finally, I can get it without driving around hoping that it will be in stock where I've seen it before. That has been tough. Better yet-- it is less expensive on Amazon! AND it ships Prime!Thanks, Amazon!"
paragraph2sentence.test-Review-183-2,"Amazon Prime has many shipping benefits, including FREE Two-Day Shipping."
paragraph2sentence.test-Review-184-1,"Overall a nice blend, but given the different sizes of the seeds, the sprouting ratio was a bit mixed. Taste was good, might prefer the seeds not in a blend, which is what I will try the next time I buy seeds. Used them with the sprout house and it worked well."
paragraph2sentence.test-Review-184-2,The use of a sprouting hose is most effective when watering seeds yet the sprouting rate will vary according to the size of each seed.
paragraph2sentence.test-Review-185-1,We love this Southwest Chipotle Seasoning. We use it to make our salsa. I'm glad I was able to get it from here.
paragraph2sentence.test-Review-185-2,"We are major Ah-Choo disciples, and have been using it for several months now on our toddlers."
paragraph2sentence.test-Review-186-1,"Every review I'd read of this pasta was glowing, so we thought we'd try it. I've been gluten free for almost two years, and so far, we've tried Trader Joe's, Tinkyada, Schar, Bionaturae, and Le Veneziane pastas. We assumed Jovial would quickly become our favorite. Instead, we found it somewhat disappointing. The flavor is very nice, but the texture was disappointingly similar to the other brown rice pastas we'd tried. We were careful to follow the timing recommendations on the box too. I have several more boxes, so if I make Jovial again with better results, I'll update this review. Meanwhile, our favorite pasta remains Le Veneziane."
paragraph2sentence.test-Review-186-2,Pasta and pizza are two of the main Italian dietary staples.
paragraph2sentence.test-Review-187-1,These Lara bars are absolutely delicious! A great healthful alternative to a candy bar. The cookie dough flavor tastes much like real cookie dough without the harmful sugars and artificial flavorings. Brownie flavor is excellent as well.
paragraph2sentence.test-Review-187-2,Lara bar was created to make a 'very healthy product that tasted delicious.'
paragraph2sentence.test-Review-188-1,"Great mints, not too strong with rich dark chocolate. Unfortunately, they are overpriced by 400% here. That's right - they are only $1.39 in the supermarket. Which leads me to believe their other products are also overpriced here. No sale."
paragraph2sentence.test-Review-188-2,The mints are good but I believe a lot of products are overpriced here.
paragraph2sentence.test-Review-189-1,"I received about a teaspoon of kefir grains in the mail a little more than a week ago. They have since multiplied into well over a tablespoon. I've bought several kefir cultures before and none ever grew nearly that quickly. These grains make a good potent kefir too! This can also be used to make a very flavorful, yummy cheese. Be sure to follow the seller's instructions closely, as these little buggers are potent!The flavor of this is much stronger than store-bought kefir. If you aren't used to the taste you can try mixing it with fruit juice.If you end up with too many grains, and can't give them away, you can eat the extras. They're good with honey. (If you're not used to eating kefir grains you should start with a small amount.)If you have any problems, the seller is very nice and extremely helpful. Probably the nicest person I've dealt with on Amazon."
paragraph2sentence.test-Review-189-2,"Kefir grains are a culture that once bought, can be multiplied at home."
paragraph2sentence.test-Review-190-1,"For someone who loves Girl Scout's Thin Mint cookies but are frustrated at the fact that you can't buy them just any time, Mint Oreos provides a satisfying replacement for the times you can't have a Thin Mint. When I first tried this, Thin Mints was the first thing to come to my mind, because the taste of chocolate, flour, and mint make for an awesome flavor. If you're a fan of Thin Mints or just mint-flavored stuff in general, give Mint Oreos a try, you won't be disappointed! And the mint filling is great to lick off the cookie! Yum!"
paragraph2sentence.test-Review-190-2,"Mint Oreos are a satisfying replacement for Girl Scout's Thin Mint cookies, which you cannot buy at any time of the year."
paragraph2sentence.test-Review-191-1,I have been eating loma linda products since 1970 and i love them all. These are the best hot dogs I've tasted. Amazon has prices lower than the Seventh Day Advenst stores too.
paragraph2sentence.test-Review-191-2,Amazon offers my favorite hot dogs at the lowest prices.
paragraph2sentence.test-Review-192-1,This is the best store bought salsa I have tasted. I love that it isn't super chunky like most salsa you find in stores. I do find that the price here on Amazon is too high though. If you're a Costco member buy it at your local store.
paragraph2sentence.test-Review-192-2,The other flavors my son refused to eat.
paragraph2sentence.test-Review-193-1,"I use all the dynamic health juice concentrates.Great way to get the benefits without the sugars. We use to flavor foods like yogurt, make our own flavored water, and the popular fat flush program uses the cranberry juice, but some times I'll add another flavor for a slight change sometimes, all the flavored concentrate juices are good and I buy them all."
paragraph2sentence.test-Review-193-2,I buy and use all the flavored dynamic health juice concentrates to flavor foods or even water.
paragraph2sentence.test-Review-194-1,"I have always loved chocolate, very milky chocolate. Then I was diagnosed with a cow dairy allergy and thought I had to give up chocolate all together because I could never eat dark chocolate even with a very low percentage of cocoa, like the sugary dark chocolates. I was bold enough to try the 90% as my first dark chocolate bar and while it was way too bitter at first, it only took three squares before I was hooked. I loved the snap while also letting the square melt in my mouth. I started eating half a bar each day for a few weeks until I slowed myself down and had to switch to this 85% but it is still great. I also use it in baking cookies and it works really well. I usually order from whatever seller amazon lists on the product page, but wanted to comment on the direct shipment from amazon. I ordered these bars during 90 degree weather in southern CA and was worried they would arrive melted (couldn't resist, I needed my chocolate fix), but amazon shipped them with two ice packs surrounded by styrofoam at no additional charge. The packs were obviously melted by the time they arrived, but the chocolate was perfectly fine. Thank you amazon :)."
paragraph2sentence.test-Review-194-2,"If you find yourself hard up for a chocolate fix and have to ship chocolate in the heat, remember to use ice packs when posting."
paragraph2sentence.test-Review-195-1,"I've started buying Go Raw products. I'm not vegan but I don't eat most commercially processed foods because they're no longer natural. However Go Raw produces what I consider properly processed foods and for that I'm very grateful. I'm not fond of the two types of chips I've bought but I love, and will continue buying, their seeds. I use the Go Raw products for traveling since I won't eat in restaurants or eat what most grocery stores carry."
paragraph2sentence.test-Review-195-2,I eat GoRaw products while traveling.
paragraph2sentence.test-Review-196-1,I bought duck rillettes from Amazon because my usual favorite duck rillette was not carried anymore by chefshop.com. I was expecting a really good rillette. Full flavored rillette. What I got was a rellette that lacked even flavor of duck and herbs/spices. The texture was good however. Tasted more like a pork rillette. I would not recommend Rouge Perigord Duck Rillettes.
paragraph2sentence.test-Review-196-2,The ugly duckling is a fable in which the moral teaches the reader not to judge others on their appearance.
paragraph2sentence.test-Review-197-1,"These groats have worked out very well for sprouting and I have been able to make wonderful buckwheat waffles from the flour created from the ground, sprouted groats. The lid seals well, so there should not be any problems regarding freshness. The quality of the groats is very good- I have not found any off groats. Whenever the time comes that I actually get through all five pounds, I would definitely purchase this product again!"
paragraph2sentence.test-Review-197-2,"When I first opened the bag, I was thrown off by the strong aroma, somewhat reminiscent of sage."
paragraph2sentence.test-Travel-198-1,"Inland, just off the main road, is the attractive little village of Porches, with some classic, white Algarvian houses and filigreed chimneys. Porches is famous throughout Port-ugal for its hand-painted pottery, though you won’t find much in the village itself. The shops of greatest renown are along the EN 125 route."
paragraph2sentence.test-Travel-198-2,Medieval Moat: A 12th-century fortress’ foundations and drawbridge support uncovered while excavating new entrance halls.
paragraph2sentence.test-Travel-199-1,"Roller skating has become a way of life in Berlin; so much so that from spring to August, every second Wednesday in the month has been designated “Blade Night.” The streets of Mitte are closed to cars and open freely to in-line skaters. In the winter, the fun moves indoors — “Blade Night” is held in the Arena concert hall in Treptow."
paragraph2sentence.test-Travel-199-2,"Skateboarding is an extreme sport which has been popular over many years, more recently becoming a fashion statement amongst certain groups."
paragraph2sentence.test-Travel-200-1,"The Chinese hospitably assume that foreigners can’t bear more than about ten minutes of traditional Chinese opera. You might, indeed, find the voices shrill and the mannerisms maddening (many characters seem to spend most of the time fussing with their sleeves, which can unroll to the floor). So you should not mind if your guide or host rushes you out of the theater into the early evening traffic."
paragraph2sentence.test-Travel-200-2,Long sleeves are generally worn in cold weather.
paragraph2sentence.test-Travel-201-1,"Fishing. Trout fishing in the Sierra Nevada is one of the many outdoor pursuits you can enjoy in the national parks. Obtain a fishing license and head out on a camping expedition along the Tuolumne River in Yosemite, or try Merced Lake, a three-day trip from Yosemite Valley. In Sequoia there are also good fishing trips to take from Bearpaw Meadow."
paragraph2sentence.test-Travel-201-2,Many outdoor pursuits await adventurers in the national parks in Sierra Nevada.
paragraph2sentence.test-Travel-202-1,"This location had many natural attributes in its favor. Twenty-seven kilometers (17 miles) long and less than a kilometer wide, the island is shaped like the number seven, and separated from the Yucatán peninsula by only 10 m (33 ft) of water. Its eastern shoreline is one long beach of fine white sand (there are seven named beaches along the strip), which is washed by the translucent azure waters of the Caribbean. Between the island and the mainland is Laguna Nichupté, a huge seawater lagoon bounded by mangrove swamps that are havens to numerous species of wildlife."
paragraph2sentence.test-Travel-202-2,The island's scenic geographic benefits from being so close to the mainland (separated by only 10m-deep water) and having fantastic white sand beaches on one side and a wildlife-packed mangrove swamp on the other.
paragraph2sentence.test-Travel-203-1,"The 500-year-old Qianmen (Front Gate), one of the original nine gates of the city wall, still stands at the south end of Tiananmen Square (next to the Arrow Tower). Most of the other gates fell when the wall was demolished during the modernization of Beijing in 1958–1959. This towering edifice, which houses a photographic exhibition of old Beijing, can be climbed for a view of the capital. The imperial court once passed through here on its annual procession to the Temple of Heaven."
paragraph2sentence.test-Travel-203-2,"The Front Gate of the city wall of Beijing is one of the last standing, and now plays host to exhibitions and tourists who climb the 500-year-old Qianmen, overlooking Tiananmen Square and views of the capital."
paragraph2sentence.test-Travel-204-1,"To the north of Pejeng Region the road climbs for 10 km (6 miles) to Tampaksiring, where craft shops compete to entice tour buses to stop on their way to Batur (see page 59). In the middle of the long village street, look for a sign pointing down a road to the right to Gunung Kawi, 11⁄2 km (1 mile) away. A long flight of steps descends into a valley lined by stalls selling bright sarongs, carved coconut shells, and cold drinks. The drink vendors can afford to be patient — hot, thirsty, and tired tourists toiling back up are a captive market."
paragraph2sentence.test-Travel-204-2,"Tampaksiring and Gunung Kawi are popular areas for street vendors selling sarongs, carved coconut shells and cold drinks to entice passing tourists."
paragraph2sentence.test-Travel-205-1,"Vallarta’s original hotels were constructed along the stretch of wide, soft sandy strand that extends from the airport into the central downtown area. Along the Hotel Zone, there’s an ample mix of excellent hotels, and this area is also a great place for recreational watersports and convenient to Vallarta’s many treasures. This is also the section of town where the Terminal Marítima (Marine Terminal) is located, docking point for cruise ships as well as the numerous excursion boats."
paragraph2sentence.test-Travel-205-2,"Vallarta, spanning from the airport to the central downtown area, has many excellent hotels and is a popular spot for recreational watersports and cruise ship stops."
paragraph2sentence.test-Travel-206-1,"As the winds of perestroika blew in from Moscow, Kádár was removed from power in 1988, and, in 1989, the formation of opposition parties was legalized. Hungary was the first country to draw back its Iron Curtain, dismantling the barbed wire along its Austrian border and allowing East Germans to escape to the West. In 1990 the country held its first free elections in 43 years and was called a republic again; in 1991 it became an associate member of the European Community. In 1997 Hungary was offered membership in the NATO."
paragraph2sentence.test-Travel-206-2,Member countries of NATO rejected the Soviet Union's proposal to join this alliance in 1954.
paragraph2sentence.test-Travel-207-1,"Eventually the road meets the coast at Ágios Nikólaos, probably the prettiest town in eastern Crete. Though Ágios Nikólaos — known to everyone as Ag. Nik — suffered from a sudden rush of ugly building in the 1970s and has a young and noisy crowd, it has made a concerted effort to keep its character and offers a more Greek atmosphere than the Mália/Hersónissos strip."
paragraph2sentence.test-Travel-207-2,"Home to the Minoans, the ancient island of Crete was made up of several city-states with intense rivalries."
paragraph2sentence.test-Travel-208-1,"Guilin was settled more than 2,000 years ago when the Ling canal was built, effectively linking the great Yangzi and Pearl rivers. Guilin’s connection with one of mankind’s most ambitious engineering projects was important, but otherwise little was heard from the town. It served as provincial capital for several hundred years, and in modern times, thanks to the profusion of caves to hide in, Guilin was a center for resistance during the war with Japan. Today, rebuilt from the rubble of war, the city is thriving, thanks in large measure to its spectacular scenery."
paragraph2sentence.test-Travel-208-2,"The Ling canal is often called the magic canal and links the Yangzi and Pearl rivers together, being the first of its kind to ever be built."
paragraph2sentence.test-Travel-209-1,"In 1846, during the course of an unsavory palace intrigue involving an unsolved murder, meddling by the queen, and the massacre of some 100 high-ranking court figures who had been lured to a palace courtyard, the instigator of these events became the power behind the throne. He was an ambitious and unscrupulous 29-year-old named Jung Bahadur Rana. Before long he had exiled the king, replaced him with the youthful crown prince, and arranged to have himself and his family made hereditary prime ministers."
paragraph2sentence.test-Travel-209-2,"In 1846, Jung Bahadur Rana became the power behind the throne after he masterminded a massacre of around 100 high-ranking court figures."
paragraph2sentence.test-Travel-210-1,"A night cruise along the canals with dinner is a wonderful and romantic way to get a different view of Amsterdam. Many of the bridges and historic buildings are lit at night, and the city is more peaceful. Lovers company (see page 116) has small and large boats and offers wine and cheese cruises or full dinner cruises.For a more private cruise (and one in which you can arrange your own itinerary) you can hire a water taxi in the smaller waterways."
paragraph2sentence.test-Travel-210-2,Gondolas were the most common means of transportation on the canals of Venice for centuries.
paragraph2sentence.test-Travel-211-1,"Amsterdam is a gold mine for those who like to browse. The city has thankfully not yet been taken over by the international chain stores and the narrow streets of the center, the canal rings, and the Jordaan area are home to myriad small, independent boutiques — here you can wander for hours in search of that individual gift. The nearest street you have to “international” shopping, Kalverstraat, is home to the young fashion outlets and department stores."
paragraph2sentence.test-Travel-211-2,Amsterdam is an excellent city in which to buy gifts for friends and relatives while abroad.
paragraph2sentence.test-Travel-212-1,"Continuing west along Calle Oficios, you’ll come to a splendidly restored square, Plaza de San Francisco, with upscale shops, restaurants, and the imposing 18th-century Iglesia y Convento de San Francisco de Asís. The convent contains a museum with Spanish treasures, and you can climb the belltower for spectacular views of Old Havana. Concerts are frequently held here. Nearby, you’ll find several impeccable colonial-era houses with brilliantly colored façades."
paragraph2sentence.test-Travel-212-2,The colonial-era houses nearby Plaza de San Francisco are a worthwhile stop on your tour.
paragraph2sentence.test-Travel-213-1,"Shenzhen (Shumchun), Guangdong Province. Veteran travelers remember Shumchun merely as an undistinguished border town on the Hong Kong–Canton railway line. However, it is now the center of a Special Economic Zone for joint industrial ventures with capitalists from Hong Kong and Macau. With beaches and hot springs, its tourist potential is also rapidly being developed. Day tours from Hong Kong offer Shenzhen as a glimpse of life in China, but its position in an economic buffer zone makes it atypical."
paragraph2sentence.test-Travel-213-2,"Although previously undistinguished, Shumchun, a town in the Guangdong Province, is now the center of a Special Economic Zone with rapidly developing tourist potential."
paragraph2sentence.test-Travel-214-1,"Poros lies less than 152 m (500 ft) from the Greek mainland, off the northeastern coast of the Argolid Peninsula and 55 minutes from Piraeus by hydrofoil. Small sailboats crowd the narrow straits and it’s a yachtsman’s paradise in the summer months. Poros Town — the only settlement on the island — is a maze of narrow winding streets rising up a small hill. The seafront is the hub of all activity with tavernas and cafés lining the waterside. The rest of Poros is covered with verdant pine forest and the coastline is dotted with small rocky coves — great for swimming and snorkeling."
paragraph2sentence.test-Travel-214-2,"The coastline of Cornwall, in the southwest of the UK, plays host to many holiday makers every year with its grand beaches and seaside attractions, including sailing, surfing and camping."
paragraph2sentence.test-Travel-215-1,"The hutongs can be toured on your own — on foot, by rented bicycle, or by hiring one of the canopied pedicabs in the area. But most visitors prefer a guided tour. The Beijing Hutong Tourist Agency (Tel. 6615-9097), which books tours through hotel desks, has a fleet of red-canopied pedicabs led by an English-speaking guide. Its hutong tour combines many of the sights in the Back Lakes District with the opportunity to step inside a courtyard house and talk with its modern-day residents."
paragraph2sentence.test-Travel-215-2,"Tour guides are employed to inform and guide a group of tourists around a site of interest, usually with a specifically advanced knowledge of the site's history, culture, layout etc."
paragraph2sentence.test-Travel-216-1,"The most significant expedition under Manuel’s flag was Vasco da Gama’s legendary sea voyage from Lisbon in the summer of 1497 — immortalized in The Lusiads (1572), the epic poem by Portugal’s national poet, Luís de Camões (1524–1580). Rounding what is now known as the Cape of Good Hope, da Gama found what Columbus had been searching for in 1492 (although in the wrong direction): the sea-route to the lucrative spices of the East. The Portuguese thus ended the Venetian monopoly on Eastern trade and began attracting merchants from all over Europe to Lisbon."
paragraph2sentence.test-Travel-216-2,"The Lusiads, written in 1572, is an epic poem by the Portuguese poet, Luís de Camões."
paragraph2sentence.test-Travel-217-1,"Back on the mainland, a turn-off of the main road east (EN-125, still!) of Tavira leads a small number of visitors to Cacela Velha, a perfectly enchanting little white-washed village overlooking the sea. It has an 18th-century church, a telephone booth, a cemetery, an old well, and a handful of well-tended, blue-and-white houses festooned with flowers."
paragraph2sentence.test-Travel-217-2,"The Enlightenment saw the rise and cultivation of philosophy and science during the 18th, specifically during the French and American Revolutions."
paragraph2sentence.test-Travel-218-1,"West of the oldest sections and intimate streets of Old Havana is an area of wide boulevards and grand palaces. The loveliest avenue, the Prado (formally known as Paseo de Martí), runs from Parque Central to the sea. Grand but run-down buildings, with fading flamingo-pink and lime-green façades and ornate columns, flank a raised promenade of laurels, gas lamps, and marble benches. In the 19th century this was the city’s most fashionable strolling ground. Now it serves as a minipark for habaneros (as Havana’s citizens are called), from coupling lovers and children playing on homemade skateboards to parading prostitutes."
paragraph2sentence.test-Travel-218-2,"The Prado, a lovely avenue in Old Havana serves as a minipark for Havana's citizens."
paragraph2sentence.test-Travel-219-1,"Follow the long avenue de la Grande-Armée down from l’Etoile and the battery of towers looms bigger and bigger beyond the elegant, leafy suburb of Neuilly. Cross the river and you are in a mini-Manhattan that has sprouted since 1969 to become a city in its own right. In the process, it has somehow managed to get a soul, in spite of the inhuman scale of some of its windswept spaces."
paragraph2sentence.test-Travel-219-2,"After following avenue de la Grande-Armée from l'Etoile and crossing the river, you will find yourself in a miniature Manhattan that sprouted from the wind-swept plains into a thriving city with a soul."
paragraph2sentence.test-Travel-220-1,"Start on top of the rock, where the city’s principal landmark is a hotel, the Château Frontenac, looming over the town since 1892 like the protective fortress it no longer needs. Because of its dramatic location and the fairytale turrets of its Gothic-Renaissance architecture, the Frontenac is one of the most charmingly bombastic of all the many grand hotels that the Canadian Pacific and Canadian National railways put up across the country as symbols of their commercial power. It is named after Count Louis de Frontenac, a rascally 17th-century French governor who upset the clergy by encouraging the sale of brandy to the native peoples. Take a look inside at the stucco carvings, tapestries, and handsome wood paneling."
paragraph2sentence.test-Travel-220-2,"The Chateau Frontenac is one of the most charming, fairytale-like hotels put up by the Canadian Pacific and Canadian National railways."
paragraph2sentence.test-Travel-221-1,"Greece was invaded by Nazi Germany in April 1941; by June the Germans controlled the entire country, with Italian forces placed in Athens. The people suffered greatly, but the city’s monuments escaped serious damage. Unfortunately, the Greek resistance movement formed during the war was so politically divided that the guerrillas expended almost as much energy fighting each other as against the Germans. In October 1944, the Allied forces moved into Athens and much of Greece, encountering little opposition from the retreating Germans."
paragraph2sentence.test-Travel-221-2,The Greek resistance movement during WWII was plagued by divisive factions.
paragraph2sentence.test-Travel-222-1,"Much of restored Old Havana is concentrated in only a few blocks at the eastern end of these streets. On the corner of Mercaderes and Obispo is the recently renovated, 1920s-era Hotel Ambos Mundos; Hemingway lived on and off in room 511 for a couple of years during the 1930s. The room contains original artifacts from Hemingway’s many years in Cuba, including the typewriter he used to write most of For Whom the Bell Tolls (those not staying in the hotel can visit the room for US$2)."
paragraph2sentence.test-Travel-222-2,Earnest Hemingway lived on and off in the 1920s-era Hotel Ambos Mundos where his typewriter is currently on display.
paragraph2sentence.test-Travel-223-1,"Negara, 23 km (14 miles) farther west, is known for its water-buffalo racing. The season traditionally ran in September and October, and the championships still take place then, but races for the benefit of visitors are now staged year-round on a track at Perencak, outside Negara. Tour agencies offer excursions from Kuta, Sanur, and the other resorts."
paragraph2sentence.test-Travel-223-2,"The view from the terrace of downtown Beijing, the Forbidden City, and Tiananmen Square is superb."
paragraph2sentence.test-Travel-224-1,"Almost too perfect to be true, the high medieval walls of Óbidos completely encircle a jewel of a town. Equally hard to believe, this inland town was once a port and coastal fortress until the sea inlet here silted up, leaving the quiet Óbidos lagoon cut off and the shoreline nearly 10 km (6 miles) away."
paragraph2sentence.test-Travel-224-2,There are also views east and west along the bay.
paragraph2sentence.test-Travel-225-1,"The Islamic Museum in the Pergamon’s south wing exhibits the grand façade of the 8th-century Palace of Mshatta (from what is now modern Jordan). It is embellished with intricately incised or perforated animal and plant motifs. In fact, a German art historian rescued this tour de force of early Islamic decoration at the turn of the century by persuading the Sultan of Turkey not to use it as building material for a railway link to Mecca. He made quite a save! Among the other precious exhibits you will find some exquisite Indian Mogul miniatures."
paragraph2sentence.test-Travel-225-2,The emperor’s bedroom is located in the Refreshing Mist-Veiled Waters Pavilion.
paragraph2sentence.test-Travel-226-1,"Continue south towards Agaete, which is the most attractive of the small northern towns. Agaete’s port, Puerto de las Nieves, is a haven of calm among the formidable rocky cliffs that make up this inhospitable stretch of coast. From here the coast road ascends very sharply amid sparse, windblown greenery, and the drop seawards can be frighteningly steep. An alternative route is to drive 7 km (4 miles) inland to the fine viewpoint at Los Berrazales."
paragraph2sentence.test-Travel-226-2,"One route is by way of Agaete, a small, attractive port town that provides a calm haven from the formidable rocky cliffs."
paragraph2sentence.test-Travel-227-1,"During the American Revolution, New Orleans plunged in on the revolutionist side. It wasn’t only enthusiasm for the Yankees; Spain declared war on England in 1779. The governor of New Orleans, 23-year-old Don Bernardo de Gálvez, seized the chance to help the colonists in their struggle against George III, and led raiding parties that kept the British outposts along the Mississippi on the defensive."
paragraph2sentence.test-Travel-227-2,The Mississippi river is one of the largest rivers running through America.
paragraph2sentence.test-Travel-228-1,"There’s not that much to do or see on the seven islands that make up Boston Harbor Islands State Park, but an afternoon spent here offers gentle strolls, picnics, and bird-watching — a welcome respite from urban frenzy. From May to mid-October, the Boston Harbor Cruise Company (Tel. 723-7800) operates a ferry from Long Wharf to Georges Island, the core of the group. Fort Warren, a 19th-century star-shaped fortress in which Confederate prisoners were incarcerated during the Civil War occupies most of the island. It’s an atmospheric and spooky place, with old gun emplacements, lookout posts, and chilly alleys."
paragraph2sentence.test-Travel-228-2,Winter sports have traditionally played a big part in the lives of Amsterdammers and people from North Holland.
paragraph2sentence.test-Travel-229-1,"The atmospheric and intensely Portuguese village of Monsanto, located about 50 km (31 miles) to the northeast of Castelo Branco, balances on a dramatic rocky outcrop between massive boulders. The streets are too narrow for cars, but a short walk to the castle at the top is worth the effort for the impressive stonework and the view. A beautiful, but roofless, 13th-century Romanesque church can also be seen. A new pousada has just opened here."
paragraph2sentence.test-Travel-229-2,A historical site known as an Old Town is typically an urban neighborhood which has been preserved due to its significant age.
paragraph2sentence.test-Travel-230-1,"Spaniards have earned a reputation as consummate partiers, and while Barcelona may not be as fanatical about late nights as Madrid, it is still a place that really swings when the sun goes down. It has virtually every kind of nightlife diversion, from cool cabarets to live jazz, rock, flamenco, and world beat to opera, and a thriving bar and disco scene. At night, some streets, like the Rambla and Passeig de Gràcia, become slow-moving rivers of strollers. The main churches and monuments are illuminated, and the city takes on a new and graceful aspect."
paragraph2sentence.test-Travel-230-2,"The nightlife in Barcelona is diverse, ranging from jazz and rock to flamenco and opera, whilst the streets are illuminated by the landmarks of the city."
paragraph2sentence.test-Travel-231-1,"One unique aspect of Zákros are the water features found in the east wing behind the royal apartments. The cistern hall contains a circular cistern still full of water, which is now inhabited by a population of turtles. Nearby is a ceremonial spring chamber with steps leading to a small square pool. You can then follow the traces of the paved road leading from the city to the ancient harbor, now lost beneath the waves."
paragraph2sentence.test-Travel-231-2,"The word 'fountain' comes from the ancient Latin word 'fons,' meaning 'source' or 'spring.'"
paragraph2sentence.test-Travel-232-1,"The third of the Danube Bend towns, Esztergom, situated a farther 20 km (12 miles) upriver, is linked by hydrofoil to Budapest, and by boat or bus to Szentendre and Visegrád. Take the boat if you have two hours to spare, as the river’s most scenic stretch lies between Visegrád and Esztergom."
paragraph2sentence.test-Travel-232-2,A boat ride through the scenic stretch between Visegrad and Esztergom takes about 2 hours.
paragraph2sentence.test-Travel-233-1,"Next door to the Abbey Church, housed in the old priory, is the Tihany Historical Museum (closed November to February). This museum features regional folk items and art, three small rooms where Hungary’s last king, Károly IV, lived for five days in 1921, and, in the basement, an atmospheric lapidarium containing Roman remains. In front of the church, King András is commemorated in a typically offbeat Imre Varga statue, wrapped in an aluminium cloak."
paragraph2sentence.test-Travel-233-2,The Tihany HIstorical Museum contains some interesting Roman remains within the lapidarium in its basement.
paragraph2sentence.test-Travel-234-1,"The drive then circles around the immaculate gardens and fine mansions of Rockcliffe Park. The park’s driveway takes you out to the Rockcliffe Lookout for a spectacular view of the Ottawa River and the mouth of the Gatineau. In the Royal Canadian Mounted Police Barracks, at the north end of St. Laurent Boulevard, you can see some of the horses performing or training for the popular RCMP Musical Ride, the one occasion when the Mounties are still Mounties."
paragraph2sentence.test-Travel-234-2,Rockcliffe Park is home to many beautiful gardens and stunning mansions.
paragraph2sentence.test-Travel-235-1,"From the Parc de l’Esplanade, drive up the Côte de la Citadelle hill road and through a tunnel for a guided tour around a powerful bastion of fears long gone. The French built the starshaped Citadel in 1750 to resist the British. The British enlarged it in 1820 to defend Québec City against the Americans, but their cannons never fired a shot in anger. The garrison was British-manned for only 20 years before being handed over to Canadian troops. Today it is the home of Canada’s crack Royal 22nd Regiment."
paragraph2sentence.test-Travel-235-2,Today the Cote de la Citadelle is home to Canada's crack Royal 22nd Regiment but was built by the French in 1750 to resist the British.
paragraph2sentence.test-Travel-236-1,"On carrer d’Aragó between Passeig de Gràcia and Rambla de Catalunya is the Fundació Antoni Tàpies, a museum dedicated to the work of Spain’s foremost living artist, the abstract materialist from Catalonia. In addition to Tàpies’s work, the Fundació has interesting rotating international exhibits, but at least half the reason to visit is to see the gorgeous 1880 Domènech i Montaner building that houses the museum (one of the first examples of modernisme) and Tàpies’s whimsical, tangled wire sculpture (called “Cloud and Chair”) on the roof."
paragraph2sentence.test-Travel-236-2,"The Fundacio Antoni Tapies, housed in the beautiful 1880 Domenech i Montaner building, is a museum in Spain dedicated to the work of Tapies but also contains rotating international exhibits."
paragraph2sentence.test-Travel-237-1,"If you want to take back an edible souvenir, make sure you know your country’s regulations governing the import of certain types of food. Among the pastries and cakes which travel best are Lebkuchen (gingerbread), Spekulatius (spiced Christmas cookies), and marzipan. KaDeWe’s Feinschmeckeretage offers 500 different breads, and 1,500 different types of cheese plus rare eastern delicacies, exotic teas, handmade chocolates, and Beluga caviar. Berlin has no local wine, but plenty of wine shops to satisfy all connoisseurs of the best Rhine, Mosel, and Baden Württemberg vintages."
paragraph2sentence.test-Travel-237-2,Pride of place goes to a 15-century icon of the prophet Elijah.
paragraph2sentence.test-Travel-238-1,"In typical North American style, Toronto’s ethnic communities move around as they grow more affluent or as new construction pushes them out. The high-rises and parking garages behind the New City Hall forced Chinatown to move west. This is the largest Chinatown in Canada, if not in all of North America. The community has set up restaurants, hardware stores, and herbal medicine shops along Dundas Street and Spadina Avenue. Look in at the pagoda-roofed China Court shops grouped around a little Chinese garden."
paragraph2sentence.test-Travel-238-2,"Now a well established community with pagoda-roofed shops, a Chinese garden, restaurants, hardware stores and herbal medicine shops, Toronto's Chinatown, the largest in Canada, was previously forced to move west due to new construction behind the New City Hall."
paragraph2sentence.test-Travel-239-1,"Vale do Lobo is a maze-like villa community with a nice beach and a variety of golf and tennis resort hotels. Quinta do Lago, a few miles down the coast, has one of the finest golf courses on the Algarve, designed delicately along the Ria Formosa Nature Preserve. The beach can be reached across a long, nostalgic wooden bridge that crosses over wetlands and bird sanctuaries."
paragraph2sentence.test-Travel-239-2,International tourism receipts climbed to 1 trillion U.S. dollars in 2011.
paragraph2sentence.test-Travel-240-1,"At Doheny Drive, the western edge of Hollywood merges with the slopes of Laurel Canyon and Beverly Hills, dotted with the sumptuous mansions of the movie moguls. While these homes are heavily guarded and hidden from view, you can sense the opulent atmosphere as you drive through the plush, carefully manicured avenues. The architecture is an astounding mixture of Spanish, Gothic, Bauhaus, and Renaissance, in every pastel shade under the sun. Don’t bother slowing down for the street vendors selling “official” maps showing the homes of the rich and famous — unless you get a kick out of security gates."
paragraph2sentence.test-Travel-240-2,"It is closed to tourists at present, as work continues on exploring the inner chambers, but it is possible to study the whole façade from the courtyard in front of the pyramid."
paragraph2sentence.test-Travel-241-1,"This was further enhanced by the Great Elector’s son, who in 1701 crowned himself in Königsberg (now Kaliningrad) King Friedrich in (not of) Prussia. Prompted by Sophie Charlotte, his wife, the king founded academies for the arts and sciences in Berlin. Baroque master Andreas Schlüter (see page 48) was commissioned to redesign the royal palace, which was knocked down in 1951 to make way for East Germany’s Palast der Republik. Sophie Charlotte’s residence, the grand Schloß Charlottenburg, has survived as a model of the era’s elegance."
paragraph2sentence.test-Travel-241-2,"In Kaliningrad, 1701, the Great Elector's son, later prompted by his wife, resident of Schloß Charlottenburg, to found arts and science academies in Berlin, crowned himself King in Prussia, commissioning Andreas Schlüter to design the royal palace, later knocked down to make way for the Palast der Republik."
paragraph2sentence.test-Travel-242-1,"Take the Rickenbacker Causeway from Miami to Key Biscayne to get to one of Miami’s star attractions, the 60-acre (148-hectare) Seaquarium. You’ll see dozens of exotic creatures from the ocean depths. Watch them being fed in the gigantic aquarium tanks, then join up with the crowd outside to see one of the shows. The most spectacular of them features a 9,500-pound (4,318-kg) killer whale who leaps gracefully more than 20 ft (6 m) out of the water, only to fall back again in a thunderous crescendo of dazzling spray."
paragraph2sentence.test-Travel-242-2,The inn now occupying the 14th-century Convento de Flôr da Rosa is extraordinary.
paragraph2sentence.test-Travel-243-1,"A Christian king, Alfonso XI, built Córdoba’s Alcázar de los Reyes Cristianos, overlooking the river to the southwest of the mosque. The ramparts offer a fine view over the old town and the river, the islets in midstream each occupied by a ruined Moorish mill, and the ridges of the Sierra de Córdoba low on the northern horizon. The Catholic Monarchs received Columbus and planned the invasion of Granada while residents here."
paragraph2sentence.test-Travel-243-2,"Most stars were obliged to get on their knees and make a hand-print, but it was natural for Fred Astaire to leave a foot-print, John Wayne to leave a fist-print, and cowboy Tom Mix to leave his horse’s hoof-print."
paragraph2sentence.test-Travel-244-1,"The war left Greece utterly devastated, and the factions squabbled ceaselessly in an attempt to gain political advantage. Communist and royalist partisans moved steadily toward a military confrontation as the United States, under the Truman Doctrine, sent the first economic aid. Two years of savage civil war ended in late 1949 with Communist defeat, but political instability persisted."
paragraph2sentence.test-Travel-244-2,Communist and royalist partisans fought to gain political advantage in Greece while the U.S. sent economic aid and political instability persisted even after the war's end.
paragraph2sentence.test-Travel-245-1,"Although generally treated well throughout some five centuries of Pax Romana, Athens suffered severely on one occasion. In 86 b.c., Roman general Sulla sacked the city in retribution for its unwise alliance with Mithridates, King of Pontus and bitter enemy of Rome. Many Athenian treasures were carried off to Italy."
paragraph2sentence.test-Travel-245-2,Athens suffered severely after the sack of the city by the Roman general Sulla in 86 BC where many of their treasures were plundered.
paragraph2sentence.test-Travel-246-1,"Traveling south from Fajardo you have the option of using Route 53 (a new toll road) or continuing on Route 3. Both roads lead past to the town of Humacao, and on toward the south coast. Just south of the Humacao is a left turn for Palmas del Mar, a growing resort area on the southeast coastline. A residential resort community built around wonderful stretches of beach, the resort offers numerous activities, including horseback-riding, fishing, golf (two courses), and a casino."
paragraph2sentence.test-Travel-246-2,"Route 53 and Route 3 lead south from Fajardo, past Humacao toward the south coast, and on to the southeast residential resort community of Palmas del Mar where various activities take place beach-side."
paragraph2sentence.test-Travel-247-1,"From the provincial capital of Chengdu, a three-hour drive via a new expressway through populous Sichuan (Szechuan) Province ends at the town of Leshan, the base for visits to a monumental riverside Buddha and to one of four sacred mountains of Chinese Buddhism, Emeishan. A 13th-century poet wrote that the most beautiful scenery of China is found in Sichuan, and, indeed, some of the best of that scenery is concentrated in Leshan. Here, three rivers converge and flow along the city wall, and far away in the mist rises Mt. Emei."
paragraph2sentence.test-Travel-247-2,"Tobacco (of slightly lesser quality than in the Vuelta Abajo) grows here in a patchwork of fields and dries in bohíos, constructed with shaggy thatch."
paragraph2sentence.test-Newswire-248-1,"Local residents of Dungog, a small country town in New South Wales (NSW), Australia, held a celebratory nature walk on Sunday after they received assurance that their local forest was deemed worthy of 'enduring protection.' Previously, a proposal before the NSW government to log over one million hectares of protected national park forests had caused alarm among nature conservationists."
paragraph2sentence.test-Newswire-248-2,"Nature conservationists are relieved to discover that the local forest of Dungog, NSW, Australia, will not be felled, but instead protected."
paragraph2sentence.test-Newswire-249-1,"European Community (EC) members of the International Tin Council, except Britain, have said they are prepared to back an extension of the International Tin Agreement, an EC spokesman said. He said at a meeting of EC states' representatives here yesterday, Britain undertook to communicate its own decision to its partners today. It said it was not ready yesterday to take a stand but did not say why. He added nine other EC states backed an extension. Spain and Portugal, which are not members of the International Tin Council, raised no objections to a common EC stance in favour."
paragraph2sentence.test-Newswire-249-2,The International Tin Council acts on behalf of the primary tin producers in Cornwall and Malaysia.
paragraph2sentence.test-Newswire-250-1,"The Church of Wells, based in the small town of Wells, Texas has been at the center of significant media activity in recent days. Wikinews spoke with a Tyler, Texas minister who had an encounter with Church of Wells members recently."
paragraph2sentence.test-Newswire-250-2,The Church of Wells in Texas has been in the media recently.
paragraph2sentence.test-Newswire-251-1,"Kent Toys Inc said it signed an agreement with Lorimar-Telepictures Corp to produce a television game show called Lottery. Under terms of the agreement, Kent said it will receive a share of the above the line production, a percentage of net profits and a percentage of first-run syndication fees."
paragraph2sentence.test-Newswire-251-2,"Wilson, who was chairing the news conference, made it clear Jamaica itself would not be hit by the tax as it does not export oils and fats."
paragraph2sentence.test-Newswire-252-1,(Rhone Poulenc Pharma Inc) said it plans to spend 29 mln dlrs over the next five years for research and development in Canada. It said the investment depends upon passage of a federal government bill which proposes greater protection for holders of drug patents. The company said it will spend 7.9 mln dlrs to upgrade its Montreal operations. It said the new patent law would give drug companies reasonable protection from generic drug copying of new compounds.
paragraph2sentence.test-Newswire-252-2,"Based on new patent law protections from generic drug competitors, Rhone Poulenc Pharma Inc announced plans to spend 29M on R&D in Canada and 7.9M on upgrading its Montreal operations."
paragraph2sentence.test-Newswire-253-1,"LME silver ended the morning with the three months large contract trading at a new five month high of 420 pence per troy ounce, compared with 415/418 pence indicated on yesterday's afternoon kerb close. Traders said the market is continuing to be largely marked-up in sympathy with bullion movements but investors have been generally reluctant to participate in LME silver trading ever since the traumatic period some seven years ago when the market was subjected to massive speculative manipulation."
paragraph2sentence.test-Newswire-253-2,"Despite investors' reluctance of LME silver trading, LME ended the morning at a new five month high of 420 pence per troy as opposed to yesterday's 415-418 pence rate."
paragraph2sentence.test-Newswire-254-1,"Heidi Hopkins, a taxonomic researcher and PhD candidate at the Museum of Southwestern Biology of the University of New Mexico, in Albuquerque, New Mexico, United States, conducted a four-year study revising the Arenivaga genus of cockroaches, discovering 39 new species in the genus previously thought to contain 9 species. ZooKeys journal published her findings Wednesday."
paragraph2sentence.test-Newswire-254-2,"After a four-year analysis of the Arenivaga genus, researcher Heidi Hopkins discovered 39 new cockroach species in a genus that was originally thought to have only nine."
paragraph2sentence.test-Newswire-255-1,"As of Monday, over 200 New York City area bars and restaurants had committed to boycotting Russian vodka in response to anti-homosexuality related laws passed by the country's government. The boycott follows another event that took place on Monday where bottles of vodka were poured onto the streets of the city, as part of a protest by the President of United Restaurant and Tavern Owners Association, Paul Hurley."
paragraph2sentence.test-Newswire-255-2,Bottles of vodka are being poured away onto the streets by homosexuals.
paragraph2sentence.test-Newswire-256-1,"Three consecutive days of talks between management and unions aimed at ending the three month old strike at Cargill U.K. Ltd's oilseed processing plant at Seaforth, ended yesterday without resolving the situation, although some progress was made, a company spokesman said. Fresh talks have been scheduled for next Tuesday, he said."
paragraph2sentence.test-Newswire-256-2,"Negotiation talks between workers and Cargill U.K. Ltd. were rescheduled for next Tuesday after three days of talks ended without resolution, though the company said some progress was made."
paragraph2sentence.test-Newswire-257-1,"24 people from Kinglake and Kinglake West have died and hundreds of houses have burnt to the ground. Over 1,500 people in Kinglake alone have been left homeless, left with a town which has mostly burned to the ground. Many people have been caught in the terrifying position of staying and fighting for their houses or fleeing before the fires arrive."
paragraph2sentence.test-Newswire-257-2,"Germany's Chancellor Angela Merkel gave yesterday's opening address to the 42nd meeting of the World Economic Forum (WEF), which is facing a distinctly different geo-political landscape from twelve months ago."
paragraph2sentence.test-Newswire-258-1,In a controlled trial of pre-natal corticosteroids Liggins worked with Professor Ross Howie. The pair’s study showed a dramatic reduction in respiratory distress syndrome in premature babies. The study was published in 1972. Liggins's research was the first treatment available to give a chance of life to premature babies.
paragraph2sentence.test-Newswire-258-2,"Earlier today, Thailand's Prime Minister Yingluck Shinawatra formally dissolved the country's parliament and called for new elections."
paragraph2sentence.test-Newswire-259-1,"California Micro Devices Corp said it has signed an agreement with Grumman Corp's Tachonics Corp unit to develop and product gallium arsenide semiconductor chips. Under the pact, California Micro Devices will design the chips and Tachonics will manufacture them. Initial products to be developed will be gate arrays with 500 to 2,500 gate complexity and radiation hardening capabilities, the company said."
paragraph2sentence.test-Newswire-259-2,The complexity of radiation has hard effects.
paragraph2sentence.test-Newswire-260-1,"Courier Corp said it expects to report a small loss for the second fiscal quarter against a profit of 828,000 dlrs a year ago. The company attributed the loss to competitive pressures which have cut gross margins. In addition, it said it is incurring significant expenses from management programs aimed at reducing costs and boosting productivity. It said its Murray Printing Co unit has undertaken a program of extended work hours, and salary and job cuts which will save more than 1.5 mln dlrs annually."
paragraph2sentence.test-Newswire-260-2,Murray Printing Co has made cuts which will save more than $1.5 million annually.
paragraph2sentence.test-Newswire-261-1,"German non-profit organization Definetz announced on Friday the development of the 'Defikopter': a medical drone, launched by smartphone app, designed to be able to fly defibrillators to heart attack victims in remote areas quicker than an ambulance."
paragraph2sentence.test-Newswire-261-2,Smartphone apps can control transport.
paragraph2sentence.test-Newswire-262-1,"The American Stock Exchange said the units of Americus Trust for Merck Shares and an equal number of prime and score components of the units, began trading today on a 'when issued' basis. The trust is a unit investment trust sponsored by Americus Shareowner Service Corp and is issuing the units in exchange for shares of Merck and Co <MRK> stock tendered to the trust. The units opened on a bid and offer of 165 to 166, and the prime components, trading under ticker symbol <MKPWI>, opened on 100 primes at 119-1/2, the Exchange said. Also, the score components opened on 1,000 scores at 48, it said."
paragraph2sentence.test-Newswire-262-2,"The American Stock Exchange is also known as AMEX and is based in New York City, New York."
paragraph2sentence.test-Newswire-263-1,Escagen Corp said an initial offering of two mln common shares is underway at nine dlrs each through underwriters led by <Prudential-Bache Group Inc>. The company is purchasing the assets and business of International Plant Research Institute and will apply plant biotechnology to developing food products and planting materials.
paragraph2sentence.test-Newswire-263-2,Plants can make great ingredients for natural food products.
paragraph2sentence.test-Newswire-264-1,"North Korea said it welcomed new contacts between Korean and U.S. Diplomats and would impose no restrictions on them, the New China News Agency reported from Pyongyang. A North Korean Foreign Ministry statement said it hoped diplomatic contact would help 'promote sincere conversations with goodwill and broad-mindedness,' the agency said. The United States on March 9 lifted its ban on its diplomats speaking with North Korean diplomats on neutral territory."
paragraph2sentence.test-Newswire-264-2,"After the US lifted its ban on diplomatic contact with North Korea, the country released a statement welcoming the move and stating they would not restrict their own contact in an effort to promote conversation and goodwill."
paragraph2sentence.test-Newswire-265-1,"A massive fire is feared to have killed residents and destroyed more than one hundred homes in the Blue Mountains region of New South Wales, Australia. The blaze is one of the worst New South Wales have seen in more than a decade, said Premier Barry O'Farrell. Emergency services attempted to evaluate the extent of the devastation on Thursday night, and determined that up to 30 homes in the area of Springwood had been lost. Mr O'Farrell says it will be a miracle if lives were not lost in the blaze. Rural Fire Service Commissioner, Shane Fitzimmons said that it could take some time to assess the true extent of the damage, however, and fears it could be much worse."
paragraph2sentence.test-Newswire-265-2,The biggest fire in New South Wales in longer than a decade has caused great destruction.
paragraph2sentence.test-Newswire-266-1,"Diamond-Star Motors Corp, the joint-venture company owned by Chrysler Corp <C> and Mitsubishi Motors, said it has additional product suppliers for the all-new vehicle to be produced at the company's plant now under construction. It said Globe Industries Inc, Chicago Heights, Ill., was picked to supply roof silencer pads and dash panel pads, and Fabricon Products of River Rouge, Mich., for hood insulators."
paragraph2sentence.test-Newswire-266-2,"Hewlett Packard Co said it unveiled the HP LaserJet Series II printer, the next generation of its laser printer line."
paragraph2sentence.test-Newswire-267-1,The Federal Communications Commission voted at a meeting to ease a requirement that cable television firms must provide a signal-selector switch free of charge to all customers. The so-called A/B switch is attached to a television set and permits a viewer to turn from cable programs to over-the-air broadcast stations which cable companies must carry. After the rule was criticized the FCC changed it so that cable firms would have to provide the switch only if a customer requested it and could charge a fee.
paragraph2sentence.test-Newswire-267-2,There are recent conflicts between cable TV firms and TV consumers.
paragraph2sentence.test-Newswire-268-1,"The Luxembourg-based European Investment Bank issued a 300 mln Danish crown bullet Eurobond, an official at lead manager Den Danske Bank af 1871 A/S told Reuters. The seven-year bond pays 11 pct and is being issued at 101 of par, payment date is May 20. Denominations are 20,000 crowns, the bond is registered in Luxembourg and total fees are 1 7/8 pct."
paragraph2sentence.test-Newswire-268-2,"As the dollar today slipped to a record low below 145 yen, making Japanese exporters and holders of dollar investments grit their teeth harder, Finance Minister Kiichi Miyazawa said there was a perception Japan had reneged on its promise."
paragraph2sentence.test-Newswire-269-1,"Anadarko Petroleum Corp said it filed with the Securities and Exchange Commission a registration statement covering a 100 mln dlr issue of convertible subordinated debentures due 2012. Proceeds will be used for the partial repayment of outstanding indebtedness, Anadarko said. The company named Kidder, Peabody and Co Inc as underwriter of the offering."
paragraph2sentence.test-Newswire-269-2,Anadarko Petroleum Corp has money problems.
paragraph2sentence.test-Newswire-270-1,"Unlike some parts of the US Federal Government, the Consumer Financial Protection Bureau (CFPB) has been open during the federal government shutdown and recording a record-low number of complaints submitted by consumers against mortgage companies, credit card companies, student loan providers, banks, money transfer providers, companies who provide credit reports, and other companies providing consumer loans."
paragraph2sentence.test-Newswire-270-2,Since the federal government shutdown the Consumer Financial Protection Bureau (CFPB) has recorded a record-low number of complaints regarding companies providing consumer loans.
paragraph2sentence.test-Newswire-271-1,"Bow Valley Industries Ltd said it agreed to sell its wholly owned Norwegian subsidiary to Elf Aquitaine Norge A/S of Stavanger, Norway for 13 mln Canadian dlrs. The principal asset of the subsidiary, Bow Valley Exploration Norge A/S, is an eight pct interest in the Heimdal gas and condensate field offshore Norway. The sale is expected to conclude by the middle of April, Bow Valley said."
paragraph2sentence.test-Newswire-271-2,"Bow Valley Industries sells its Norwegian subsidiaries to Elf Aquitaine A\S of Stavanger, Norway."
paragraph2sentence.test-Newswire-272-1,"The Illinois House of Representatives voted 61–54 yesterday to approve a law allowing for same-sex marriage. Governor Pat Quinn is expected to sign the bill and ceremonies for same-sex couples are expected to start in June of next year. State Represeptative Greg Harris, the bill's sponsor, said, 'what this bill is about is love, it's about family, it's about commitment'."
paragraph2sentence.test-Newswire-272-2,The Illinois House of Representatives approved a law for same-sex marriage expected to start in June of next year.
paragraph2sentence.test-Newswire-273-1,"The Bank of Tokyo Ltd is issuing a 100 mln dlr convertible eurobond due March 31, 2002 paying an indicated coupon of two pct and priced at par, lead manager Bank of Tokyo International Ltd said. The coupon will be fixed on April 8 while the conversion price and foreign exchange rate will be set on April 9. The selling concession is 1-1/2 pct while management and underwriting each pay 1/2 pct. The issue is available in denominations of 5,000 dlrs and is convertible from May 20, 1987 until March 20, 2002. The payment date is April 30 and there will be a short first coupon period."
paragraph2sentence.test-Newswire-273-2,"Reagan, in imposing the curbs, said they would be lifted as soon as there was evidence of a pattern that Japan was adhering to the pact."
paragraph2sentence.test-Newswire-274-1,"British-born astronaut, Michael Foale, has retired from NASA after dedicating the past 26 years to space exploration. Considered the most experienced British-born astronaut in human spaceflight, Foale is said to have spent 375 days in orbit, visiting the International Space Station, Mir platform and completing work on the Hubble Space Telescope."
paragraph2sentence.test-Newswire-274-2,"The Ghost and Mrs, Muir could be a fun film for sailors."
paragraph2sentence.test-Newswire-275-1,"On Tuesday, the World Wide Fund for Nature (WWF) announced that a living saola, or 'Asian unicorn', has been photographed in Central Vietnam. The picture was recorded last September by a camera trap placed by the Vietnamese government and the WWF."
paragraph2sentence.test-Newswire-275-2,"WWF have announced a living soala, or 'Asian Unicorn' has been photographed."
paragraph2sentence.test-Newswire-276-1,"Motorola Inc's Microcomputer Division said it has reduced the price on 28 of its computer board products based on the VMEbus architecture. The company said it was decreasing the price to consumers because falling component prices, increased volumes and manufacturing efficiency have achieved savings of 700 dlrs per board."
paragraph2sentence.test-Newswire-276-2,Motorola drops prices due manufacturing efficiency.
paragraph2sentence.test-Newswire-277-1,"The Ministry of Home Affairs has declared the explosions an act of terrorism. In October members of the Indian Mujahideen claimed to have visited Mahabodhi Temple to plan a terrorist attack. That led to the arrests of four suspects involved in the Indian Mujahideen, who were believed to have been involved in the 2012 Pune bombings. The four suspects named other members of the terrorist group and claimed that they planned to attack Mahabodhi Temple. The police in Delhi claim to have told the police in Bihar about the potential of a terrorist attack. Political conflict has risen in the wake of the attacks between the Bharatiya Janata Party (BJP) and Indian National Congress. BJP is accusing the United Progressive Alliance, which is under the umbrella of the Indian National Congress, of ignoring the Indian Mujahideen's threats about attacking the temple."
paragraph2sentence.test-Newswire-277-2,Fireworks are merely controlled explosions.
paragraph2sentence.test-Newswire-278-1,"On Thursday, the Allahabad High Court in India published a key judgment relating to the the Public Interest Litigation (PIL) suit filed by the Kautilya Society, an Indian public interest organization, that accuses the State of Uttar Pradesh of negligence in protecting the heritage of the historic city of Varanasi. The dispute is increasingly polarising public opinion."
paragraph2sentence.test-Newswire-278-2,"The Allahabad High Court in India published a key judgment relating to the suit filed by the Kautilya Society, which accuses Uttar Pradesh of negligence in protecting the heritage of the historic city of Varanasi."
paragraph2sentence.test-Newswire-279-1,"Moody's Investors Service Inc said it raised to Aa-2 from Aa-3 the long-term deposit obligations of Citizens Fidelity Bank and Trust Co because its parent, Citizens Fidelity Corp, has merged into PNC Financial Corp. Moody's said the merger should strengthen the bank's earnings potential through the acquired access to PNC's product lines. It should also result in significantly more financial flexibility to Citizens Fidelity, Moody's said. The bank's Prime-1 rating for short-term deposits was not affected."
paragraph2sentence.test-Newswire-279-2,"Assets used to secure the debt included auto loans, credit cards, computer leases and corporate loans, S and P noted."
paragraph2sentence.test-Newswire-280-1,"Groupement pour le financement des Ouvrages de Batiment, Travaux Publics et activites annexes (GOBTP) plans to launch two variable-rate domestic bonds totalling 700 mln francs, lead managers Credit Commercial de France (CCF) and Caisse Centrale des Banques Populaires (CCBP) said. The first 500 mln franc 12-year bond, led by CCF, will be issued at 99 pct with interest based on the annualised money market rate (TAM) and payable on April 21 every year with the first coupon paid next year. The second 200 mln franc 12-year bond, led by CCBP, will be issued at 99 pct with interest also based on TAM with the same coupon payment date. Both bonds will in principle be redeemable at par on April 21, 1999."
paragraph2sentence.test-Newswire-280-2,"GOBTP plans to launch two variable-rate domestic bonds which will be redeemable at par on April 21, 1999."
paragraph2sentence.test-Newswire-281-1,"<United Savings and Loan Association> said an initial public offering of 537,609 common shares is underway at 8.75 dlrs a share through underwriters led by Robinson-Humphrey Co Inc and Interstate Securities Corp. Underwriters have been granted an option to buy up to 254,285 more shares to cover over allotments. United Savings issued a total of 1,780,000 shares in converting from mutual form."
paragraph2sentence.test-Newswire-281-2,When a person buys shares from a company they are then entitled to information and participation within the business.
paragraph2sentence.test-Newswire-282-1,"Manny, Moe and Jack Inc said its board declared a three-for-one stock split and raised the quarterly dividend to six cts presplit from 5-1/2 cts. Both are payable July 27 to holders of record July One and the The split is subject to shareholder approval at the May 18 annual meeting of an increase in authorized common shares to 500 mln from 40 mln, the company said."
paragraph2sentence.test-Newswire-282-2,Moe and Jack company has no direct link to The Three Stooges.
paragraph2sentence.test-Newswire-283-1,"Pakistani officials placed the capital, Islamabad, on red alert after they received information of possible terrorist attacks on Pakistan Air Force headquarters. Action was taken quickly, with Air Force and Navy helicopters seen above Islamabad shortly after the officials were notified."
paragraph2sentence.test-Newswire-283-2,Possible terrorist attacks have caused people to be on red alert.
paragraph2sentence.test-Newswire-284-1,"Sunday, Peter Capaldi was named as the twelfth Doctor on BBC's Doctor Who. The announcement was made as part of a live broadcast by the BBC. Capaldi had been considered by executive producer Steven Moffat for the role of the eleventh doctor before Matt Smith was ultimately chosen."
paragraph2sentence.test-Newswire-284-2,There has now been 12 Doctors for BBC's Doctor Who.
paragraph2sentence.test-Newswire-285-1,1986 Year Net loss after exceptional charges 198 mln francs vs profit 250 mln Exceptional provisions for closure of Viviez electrolysis Plant 187 mln francs vs exceptional gain 22 mln Sales and services 16.51 billion francs vs 20.20 billion Proposed net dividend on ordinary shares nil vs 110 francs Company's full name is Vieille Montagne SA <VMNB.BR>.
paragraph2sentence.test-Newswire-285-2,Queen Margrethe opened the hydrogen supply from a central electrolysis plant to five test houses in Denmark.
paragraph2sentence.test-Newswire-286-1,"Brazilian President Jose Sarney will reshuffle part of his cabinet next month but will preserve his finance minister, a presidential source said. The cabinet reshuffle, expected since the resignation of Minister of Planning Joao Sayad eight days ago, is due to take place within the next two to three weeks, the source said. The source, who asked not to be identified, said that 'in principle, the reshuffle would not affect Finance Minister Dilson Funaro.'"
paragraph2sentence.test-Newswire-286-2,The reshuffling of the Brazilian cabinet by President Sarney will not include the Minister of Finance.
paragraph2sentence.test-Newswire-287-1,"Many people are trapped in damaged buildings or under rubble, but emergency services have been hampered by gridlock as motorists and pedestrians evacuated the CBD. The main hospital remains operational despite one damaged ward being closed, and three triage centres have been set up to provide medical aid. Several hundred delegates attending a medical conference in the city, the great majority from Australia, have been trapped in the city; some of these are assisting with tending to the injured."
paragraph2sentence.test-Newswire-287-2,"According to Mohammed Issa Aliou, a spokesman for the Rezeigat tribe in Darfur, Sudan, at least 55 people have been killed in the city after clashes with the Southern Sudanese army."
paragraph2sentence.test-Newswire-288-1,The Bolivian President Evo Morales announced Thursday he will file legal charges against the United States President Barack Obama for crimes against humanity. President Morales announced he was preparing litigation after Venezuelan President Nicholas Maduro's plane was allegedly denied entry into U.S. airspace over Puerto Rico.
paragraph2sentence.test-Newswire-288-2,The Bolivian President announced that he will file legal charges against Barack Obama for crimes against humanity.
paragraph2sentence.test-Newswire-289-1,"Entre Computer Centers Inc said it is discontinuing its European and Australian operations. The company today reported a loss for the second quarter ended February 28 of 2,733,000 dlrs, after a 6,705,000 dlr pretax provision for the shutdown of the overseas units and a 2,511,000 dlr tax credit. A year earlier it earned 911,000 dlrs. It said the overseas operations lost 400,000 dlrs in the second quarter and did not appear strong enough to provide for future growth."
paragraph2sentence.test-Newswire-289-2,Entre Computer Centers Inc will discontinue business with Europe and Australia after reporting big losses and analysing that these partnerships did not look promising for the future.
paragraph2sentence.test-Newswire-290-1,"Grumman Corp said it was awarded a 28 mln dlr contract by McDonnell Douglas Corp <MD> to develop flight control surfaces for the United States Air Force's new C-17 transport aircraft. Grumman said it will design, develop and build the ailerons, rudders and elevators for the transport. The company said the production phase of the contract has a potential value of about 300 mln dlrs."
paragraph2sentence.test-Newswire-290-2,"Grumman Corp was awarded a contract by McDonnell Douglas Corp <MD> to develop flight control surfaces, design, and build the ailerons, rudders and elevators for the transport for the United States Air Force's new C-17 transport aircraft."
paragraph2sentence.test-Newswire-291-1,"The Reynolds and Reynolds Co said it will fight a suit filed against it by <Advanced Voice Technologies> alleging misappropriation of trade secrets. The company reiterated its denial of the charges, stating there was no merit for the suit. The company said it will file a response to the suit with Federal court in Detroit by April 7."
paragraph2sentence.test-Newswire-291-2,"Advanced Voice Technologies have tried to sue The Reynolds and Reynolds Co for misappropriation of trade secrets, although the accusal was denied and will be responded to by April 7."
paragraph2sentence.test-Newswire-292-1,"Citadel Holding Corp said it has settled its litigation with Great Western Financial corp. The company said under the terms, Great Western has agreed not to acquire or seek to acquire any voting securities of Citadel or propose a merger with Citadel for five years, and Citadel has paid Great Western six mln dlrs. Citadel said it is continuing to pursue its claims against Salomon Inc <SB>, which represented it in connection with the disputed proposed merger with Great Western that was the subject of the litigation."
paragraph2sentence.test-Newswire-292-2,The pattern of the agency's lending has also shown a distinct shift away from infrastructure-related industry - such as cement plants - to capital-intensive projects.
paragraph2sentence.test-Newswire-293-1,"The ACT previously passed a bill providing for civil unions in 2006, which was disallowed by the Governor General of Australia on the advice of then-Prime Minister John Howard. The bill was passed again after Howard lost office in 2007, but marriage-like provisions were removed from the act under threat of being disallowed by Prime Minister Kevin Rudd. Rudd now supports same-sex marriage."
paragraph2sentence.test-Newswire-293-2,"While many officials anticipated the flu season to peak in January, it has seemingly arrived much earlier in many parts of the state."
paragraph2sentence.test-Newswire-294-1,"TCW Convertible Securities Fund Inc said its board declared an initial quarterly dividend of three cents per share, payable April 30 to shareholders of record April 17. TCW said it anticipates paying a regular quarterly dividend. The company made its initial public stock offering March five."
paragraph2sentence.test-Newswire-294-2,Convertible cars often comprise of a 'soft top' roof which can be folded and stowed in the boot area of the vehicle.
paragraph2sentence.test-Newswire-295-1,"This outage comes at a sensitive time for China, with the trial of Bo Xilai, a former government official, having just ended. The attack also comes amidst rumors that the Chinese government will be cracking down on social media commentators, according the The Wall Street Journal."
paragraph2sentence.test-Newswire-295-2,The Great Wall of China is visited by many tourists each year.
paragraph2sentence.test-Newswire-296-1,"An eight-day-old national bank strike started to crumble following a warning from the federally-owned Banco do Brasil that it could dismiss employees who did not return to work, a union spokesman said. Banco do Brasil's staff in several major cities, including Brasilia, Rio de Janeiro and Curitiba, had decided to return to work. Probably about half of the country's bank staff would be working, he added."
paragraph2sentence.test-Newswire-296-2,The bank staff of Brasil are backing out of their strike as the union spokesman declared that it could put their jobs at risk.
paragraph2sentence.test-Newswire-297-1,"Dow Chemical Co, <Guy F. Atkinson Co> and <Woodward-Clyde Consultants> said they formed a venture to combat groundwater contamination. The venture, called AWD Technologies Inc, will offer site analysis, planning, engineering and construction services for restoration of groundwater."
paragraph2sentence.test-Newswire-297-2,European companies have new concern over threats to oil shipments in the Gulf.
paragraph2sentence.test-Newswire-298-1,"Phoenix Re Corp said an initial public offering of 2,500,000 common shares is under way at 13 dlrs each through underwriters led by American Express Co's <AXP> Shearson Lehman Brothers Inc subsidiary and Advest Group Inc <ADV>. Phoenix Re was formed by Phoenix Mutual Life Insurance Co."
paragraph2sentence.test-Newswire-298-2,Underwriting has nothing to do with ghost writing.
paragraph2sentence.test-Newswire-299-1,"Peripheral Systems Inc said it agreed in principle to acquire the outstanding shares of <Nucell Inc>. The agreement calls for an exchange of one share of Peripheral for each share of Nucell, subject to approval by both companies' boards, it said. Peripheral said its increased involvement in the development of Nucell's nuclear battery technology made the merger practical."
paragraph2sentence.test-Newswire-299-2,The result of the technological involvement of Peripheral Systems Inc. in the development of Nucell's nuclear battery has been an agreement in principle to eventually merge.
paragraph2sentence.test-Newswire-300-1,"Inspector Gary Davy made a statement on behalf of New Zealand Police, saying that it was 'with tremendous sorrow' that the body had been found. He also said: 'It is too early at this stage to know how the child got there, or in fact, how long the child was in the drain."
paragraph2sentence.test-Newswire-300-2,"As a prerequisite for the peace talks between the Israelis and the Palestinians led by the US, Israel committed in July to free 104 prisoners imprisoned before the Oslo accords."
paragraph2sentence.test-Newswire-301-1,Bank of Japan Governor Satoshi Sumita said the present foreign exchange market instability will not last long as there is caution in the market regarding the rapid decline of the U.S. Unit. He told reporters the major currency nations are determined to continue their concerted intervention whenever necessary to stave off speculative dollar selling in line with their February 22 currency stability agreement in Paris. Sumita also said he did not see the recent dollar drop as anything like a free-fall.
paragraph2sentence.test-Newswire-301-2,"We aren't sure any other regulatory changes are needed at this point, Phillips said."
paragraph2sentence.test-Newswire-302-1,"Sesostris, the Spanish subsidiary of the international grain trader Dreyfus, sold 18,000 tonnes of barley to Greece for delivery from Mediterranean ports from April 14 to 30, a company spokesman said. He gave no details on price. The barley has a 14 pct humidity."
paragraph2sentence.test-Newswire-302-2,"Through their Spanish subsidiary Sesostris, Dreyfus, the international grain trader, sold 18000 tons of Barley to Greece during 2 weeks in April."
paragraph2sentence.test-Newswire-303-1,"Southeast Banking Corp said it filed with the Securities and Exchange Commission a registration statement covering a 50 mln dlr issue of convertible subordinated capital notes due 1999. The notes are designed to qualify as primary capital for Federal Reserve Board regulatory purposes, the bank said. It will apply to list the notes on the New York Stock Exchange. The company named Lazard Freres and Co as lead manager of the deal."
paragraph2sentence.test-Newswire-303-2,Lazard Freres and Co will be the lead manager of the deal.
paragraph2sentence.test-Newswire-304-1,"First Financial Management Corp said it acquired Confidata Corp, a unit of <North Ridge Bank>, paying 500,000 dlrs in cash and pledging a guarantee on a 500,000 dlr Confidata note held by North Ridge. First Financial, which provides data processing services to community banks and other financial institutions, said the acquisition will expand its customer base."
paragraph2sentence.test-Newswire-304-2,First Financial Management expansion of Confidata Corp improves customer services.
paragraph2sentence.test-Newswire-305-1,"Nationwide Building Society said it is issuing 30 mln stg of index-linked loan stock due 2021 by way of a placing on a yield basis in the domestic sterling market. The issue's real rate of return, price and the amount of the first interest payment will be fixed at 1400 gmt today. The real rate of return will be the sum of 0.60 pct plus the gross real rate of return on the 2-1/2 pct index-linked Treasury stock due 2020. The issue will be partly paid with 25 stg pct payable on acceptance and the balance on July 1, 1987."
paragraph2sentence.test-Newswire-305-2,But the western media are wrong to classify the leadership into reformers and conservatives.
paragraph2sentence.test-Newswire-306-1,"Hewlett-Packard Co said it reduced prices by up to 15 pct on two models of its HP Vectra PC, an International Business Machines Corp PC/AT-compatible personal computer. The company said the move reflects lower material costs, streamlined production processes and reduced manufacturing costs. Hewlett-Packard said it cut the price for its Vectra PC Model 50 to 3,995 dlrs from 4,695 dlrs and lowered the price for its Model 60 to 4,795 dlrs from 5,495 dlrs. In addition, the company said it reduced prices by up to 29 pct for pre-configured HP Vectra systems used in specific applications."
paragraph2sentence.test-Newswire-306-2,"Lower material costs, streamlined production processes and reduced manufacturing costs has enabled Hewlett-Packard to reduce prices from 15 % to 29 % on certain computers, and systems and applications."
paragraph2sentence.test-Newswire-307-1,"Hendrick Motorsports driver Jeff Gordon won the NASCAR Sprint Cup Series 2013 Goody's Headache Relief 500 on Sunday at Martinsville Speedway in Martinsville, Virginia. Gordon started the race in ninth, and eventually won his first race of 2013 and snapping a 32-race winless streak. The race, contested over 500 laps, featured a season-high 17 caution flags for 111 laps and involving 21 drivers, and 15 different race leaders."
paragraph2sentence.test-Newswire-307-2,In Martinsville Virginia the NASCAR Sprint Cup Series 2013 Goody's Headache Relief Motor race was won by driver Jeff Gordon.
paragraph2sentence.test-Newswire-308-1,"German weekly publication Der Spiegel yesterday accused the United States' National Security Agency (NSA) of spying on the United Nations headquarters in New York. The magazine claims to have access to official NSA documents, provided by former NSA and CIA computer specialist and current fugitive Edward Snowden."
paragraph2sentence.test-Newswire-308-2,Collins began smoking at seventeen but had stopped by the time he was diagnosed with throat cancer in 2008.
paragraph2sentence.test-Newswire-309-1,"The ultimatum was due to the hundreds of thousands of people that protested in Egyptian cities including Alexandria, {Cairo, Port Said, and Suez yesterday, the first anniversary of Morsi's inauguration, and today, demanding Morsi resign. Some estimate the turnout was tens of thousands, some hundreds of thousands, and a military source estimated the number at almost fourteen million. In Cairo, the protesters were massed at Tahrir Square and outside the presidential palace. At least sixteen people died and 780 were injured in the protests, according to Egyptian Health Ministry spokesman Yehya Moussa."
paragraph2sentence.test-Newswire-309-2,The accountability of persons attending the protests varied on each TV channel.
paragraph2sentence.test-Newswire-310-1,"Combustion Engineering Inc said its C-E Environmental Systems and Services Inc unit agreed to work with Keeler/Dorr-Oliver, a unit of Standard Oil Co <SRD>, to develop systems to destroy hazardous wastes. Under the teaming arrangement, Keeler/Dorr-Oliver will supply fluid bed technology, equipment and services. C-E Environmental will provide environmental consulting and site investigations, engineering and construction services and operation, maintenance and training services."
paragraph2sentence.test-Newswire-310-2,"Combustion Engineering Inc has teamed up with Standard Oil Co to develop systems to destroy hazardous wastes, with both companies contributing key resources and services."
paragraph2sentence.test-Newswire-311-1,"Brazilian President Jose Sarney will reshuffle part of his cabinet next month but will preserve his finance minister, a presidential source said. The cabinet reshuffle, expected since the resignation of Minister of Planning Joao Sayad eight days ago, is due to take place within two to three weeks, the source said. The source, who asked not to be identified, said that 'in principle, the reshuffle would not affect Finance Minister Dilson Funaro.' Rumours circulating here yesterday said Funaro was on his way out of the cabinet, but both he and Sarney denied this."
paragraph2sentence.test-Newswire-311-2,"Political scandal has been an issue in England, particularly with members of Parliament claiming expenses on unnecessary purchases."
paragraph2sentence.test-Newswire-312-1,"Eduardo Lizano, President of Costa Rica's central bank and the country's chief debt negotiator, has tendered his resignation and will be leaving the government next month, a central bank spokesman said. Spokesman Manuel Melendez said Lizano announced his decision to leave the bank late yesterday during a meeting of its board of directors. 'Lizano has always been an educator and he intends to dedicate himself to teaching at the university of Costa Rica,' Melendez said."
paragraph2sentence.test-Newswire-312-2,Eduardo Lizano has always been an educator.
paragraph2sentence.test-Newswire-313-1,"Pakistani Prime Minister Nawaz Sharif put all state executions on hold on Sunday, having been urged to do so by President Asif Ali Zardari. In due deference to the wish of the president, it has been desired that all executions of death sentences may be held in abeyance till the discussion takes place, a statement from the government said."
paragraph2sentence.test-Newswire-313-2,"Corporal punishment, including the death penalty, is still existent today in certain countries around the world."
paragraph2sentence.test-Newswire-314-1,"A 'terrorist attack' took place yesterday in the form of reportedly at least four explosions at the Mahabodhi Temple in Bodh Gaya, India. Four other explosions took place in the vicinity, including one near an eighty-foot tall statue of Buddha and three at Tergar Monastery. Three other bombs were discovered and all were diffused. Early reports claim little damage was done to the temple. Two Buddhist monks were injured. Police commented that Sundays are quiet days at the temple, or more could have been injured. One suspect has been arrested based on closed circuit television that recorded two men placing bombs at the temple."
paragraph2sentence.test-Newswire-314-2,Karnak temple is an ancient Egyptian religious site.
paragraph2sentence.test-Newswire-315-1,"The Bank of Tokyo Ltd is issuing 100 mln Swiss francs of convertible notes due September 30, 1992, paying an indicated 1-1/4 pct, lead manager Swiss Bank Corp said. Terms will be set on April 9 with payment due April 30. The conversion period is from May 20, 1987 until September 20, 1992."
paragraph2sentence.test-Newswire-315-2,"Total volume was 238,287 lots against 235,665 in March 1986 and 233,403 in February 1987."
paragraph2sentence.test-Newswire-316-1,"The European Community Commission confirmed it granted export licences for 59,000 tonnes of current series white sugar at a maximum export rebate of 45.678 European Currency Units (ECUs) per 100 kilos. Out of this, traders in West Germany received 34,750 tonnes, in the U.K. 13,000, in Denmark 7,250 tonnes and in France 4,000 tonnes."
paragraph2sentence.test-Newswire-316-2,White sugar is crystalline sucrose and comes in many varieties.
paragraph2sentence.test-Newswire-317-1,"Texaco Inc said it obtained a temporary restraining order from the Texas court of appeals against Pennzoil Co <PZL> taking action to enforce a multi-billion dlr judgment against Texaco. A Texas jury last year found that Texaco interfered with Pennzoil's attempt to acquire Getty Oil Co last year and awarded Pennzoil more than 10 billion dlrs in damages. Texaco said the temporary restraining order was a positive initial step. A spokesman said arguments will begin in the Texas State Court of Appeal in Houston on April 13 on Texaco's request for relief from the full bond and lien requirement, which equal the amount of the judgment."
paragraph2sentence.test-Newswire-317-2,Famous oil paintings include Mona Lisa by Da Vinci and The Starry Night by Van Gogh.
paragraph2sentence.test-Newswire-318-1,"Kidnapped Japanese businessman Nobuyuki Wakaoji has been released after four months in captivity, Presidential spokesman Teodoro Benigno said. Benigno told reporters the 53-year-old Mitsui and Co Ltd executive was freed yesterday and is being held in an undisclosed hospital. He gave no further details on the release, which was confirmed minutes earlier by a Mitsui spokesman in Tokyo."
paragraph2sentence.test-Newswire-318-2,"Earnings had been accentuated by tax rates but the group had increased share to become volume market leader, Holmes added."
paragraph2sentence.test-Newswire-319-1,"Schools in the Blue Mountains were evacuated last night, with many residents seeking refuge at emergency evacuation centres around the area. Around 600 students were transported to Springwood Sports Club for shelter."
paragraph2sentence.test-Newswire-319-2,"Several airlines have already suspended commercial services into Syria, including Etihad who did so a year ago."
paragraph2sentence.test-Newswire-320-1,"New Zealand yesterday legalised same-sex marriage, with a surge in marriage applications, according to New Zealand’s Department of Internal Affairs. New Zealand is now the first country in the Asia-Pacific region to legalise same-sex marriage, and the fourteenth country to do so worldwide."
paragraph2sentence.test-Newswire-320-2,"Same sex marriages are gradually becoming more widely accepted in modern society, particularly in countries where it is legalised, such as New Zealand."
paragraph2sentence.test-Newswire-321-1,"The amendment to New Zealand’s marriage act has received some opposition from both the Catholic Church and the Anglican Church. Anglican Church leaders have insisted that ministers refuse to conduct same-sex marriage ceremonies until their annual Synod takes place next year. The Reverend Matt Tittle, who conducted on of the first same-sex ceremonies, said however 'All love is holy.'"
paragraph2sentence.test-Newswire-321-2,Some religions are against homosexuality due to their interpretations of the holy scripture.
paragraph2sentence.test-Newswire-322-1,"Today the Egyptian military issued an ultimatum to Mohammed Morsi that gives him 48 hours, until Wednesday, to meet the demands of the hundreds of thousands of people protesting his presidency, by announcing a snap election, resigning, and allowing a provisional government to take over, or they will force a political transition."
paragraph2sentence.test-Newswire-322-2,A 2-day challenge with tranquilizers is not a solution.
paragraph2sentence.test-Newswire-323-1,"Apollo Computer Inc said it entered into a joint marketing agreement with <Palladian Software Inc> to distribute an artificial intelligence software package. Apollo said it will market the Palladian Management Advisor, formerly known as the Financial Advisor, on Apollo workstations. Apollo said the agreement signals the first time a general business expert system is available for professional workstations."
paragraph2sentence.test-Newswire-323-2,Apollo is one of the most important Greek gods.
paragraph2sentence.test-Newswire-324-1,"The Province of Quebec is issuing a 30 billion yen eurobond due May 7, 1997 paying five pct and priced at 102-1/2 pct, lead manager Bank of Tokyo International Ltd said. The non-callable bond is available in denominations of one mln yen and will be listed in Luxembourg. The selling concession is 1-1/4 pct, while management and underwriting combined pays 3/4 pct. The payment date is May 7."
paragraph2sentence.test-Newswire-324-2,The Bank of Tokyo International Ltd serves is the commercial banking arm of the Mitsubishi UFJ Financial Group.
paragraph2sentence.test-Newswire-325-1,"Peoples Ban Corp said it expects to report first quarter earnings of over six mln dlrs, including a gain of 1,600,000 dlrs from the settlement of a dispute with the Internal Revenue Service and the sale of four banking offices in Vancouver, Wash. The company said it expects to report 'normal' earnings for the rest ofd the year of 4,500,000 to five mln dlrs per quarter. Peoples earned 105,000 dlrs in last year's first quarter and in all of 1986 lost 1,768,000 dlrs."
paragraph2sentence.test-Newswire-325-2,"Those who came tried to cut back on expenses, chiefly by curtailing shopping, it said."
paragraph2sentence.test-Newswire-326-1,"The Federal Reserve is buying one billion dlrs of Treasury bills for customer account for delivery today, a spokesman for the bank said. Fed funds were trading at 6-3/16 pct at the time of the purchase, which came several hours before the Fed normally transacts business for its customers. Economists said the purchase was almost certainly related to the investment of proceeds from recent central bank intervention in the foreign exchanges. The Bank of Japan alone is estimated to have bought about six billion dlrs in March in a bid to prop up the dollar."
paragraph2sentence.test-Newswire-326-2,The Bank of Japan bought about six billion dollars from the Federal Reserve in March.
paragraph2sentence.test-Newswire-327-1,"Swissair <SWSZ.Z> said it was confirming six orders for the new MD-11 long-haul jet of McDonnell Douglas Corp <MD> and had taken options for a further 12 planes. The order, which involved rejecting the A-340 plane being built by the European Airbus consortium, is to replace the airline's fleet of DC-10 aircraft in the early 1990s. Swissair said in December it was giving the MD-11 'primary' consideration, and had reserved six places for delivery, pending a final order."
paragraph2sentence.test-Newswire-327-2,"After rejecting planes from Airbus, Swissair said it plans to purchase six new MD-11 planes from McDonnell Douglas to replace with options to purchase more."
paragraph2sentence.test-Newswire-328-1,Russia's Interior Ministry confirmed yesterday that the police will enforce the law banning 'propaganda of nontraditional sexual relations' during the 2014 Winter Olympics to be held in Sochi in February.
paragraph2sentence.test-Newswire-328-2,An iron silence filled the ambient.
paragraph2sentence.test-Newswire-329-1,Prime Computer Inc said tomorrow it will introduce two new high-end superminicomputers. The company said the machines will significantly expand the performance of its 50 Series product line. It gave no further details.
paragraph2sentence.test-Newswire-329-2,Prime Computer Inc have developed innovative computers that will improve performance of the 50 Series product line.
paragraph2sentence.test-Newswire-330-1,"Saitama Bank Ltd is issuing 100 mln Swiss francs of convertible notes due September 30, 1992, paying an indicated 1-1/4 pct, lead manager Credit Suisse said. Terms will be set on April 15 with payment due May 6. The conversion period is from May 20, 1987 until September 18, 1992."
paragraph2sentence.test-Newswire-330-2,"The Swiss Franc is the currency of not only Switzerland, but also Liechtenstein."
paragraph2sentence.test-Newswire-331-1,"Tokyo Electric Power Company, owner of the Fukushima Nuclear Power Plant in Japan, has for the first time released figures on how much radioactive waste the facility has emitted, since being damaged by a 9.0 magnitude earthquake on March 11, 2011. Approximately 20 trillion to 40 trillion becquerels of nuclear energy has leaked since the disaster occurred, TEPCO said when releasing their data on August 5, 2013."
paragraph2sentence.test-Newswire-331-2,Radioactive waste is being emitted by facilities and causing earthquakes and more has leaked even after the disaster.
paragraph2sentence.test-Newswire-332-1,"Anchor Savings Bank said it expects to start trading on the NASDAQ system on a when-issued basis on April Seven under the ticker symbol <ABKR>. Anchor recently went public in a subscription offering of 17,595,000 shares that was oversubscribed and increased by 2,295,000 shares from the number originally planned."
paragraph2sentence.test-Newswire-332-2,"Anchor Savings Bank offered 17,595,000 shares to the public, a figure which it had to increase to accommodate it's oversubscription."
paragraph2sentence.test-Newswire-333-1,"Oak Industries Inc said it agreed to buy the stock of Electronic Technologies Inc of New York for an undisclosed amount of cash. Electronic Technologies manufactures quartz crystal components, Oak said. It said the acquisition is part of its ongoing strategy to restructure its core businesses through cost reduction programs and the purchase of compatible companies."
paragraph2sentence.test-Newswire-333-2,Oak Industries Inc purchased quartz crystal component manufacturer Electronic Technologies Inc of New York as a part of its on-going restructuring strategy.
paragraph2sentence.test-Newswire-334-1,"Energy Development Partners Ltd said it has completed the acquisition of May Energy Partners Ltd for 1,817,697 depositary units following approval yesterday by May Energy unitholders. Energy Development said May Petroleum Inc <MAYP>, general partner of May Energy, will distribute about 35 Energy Development units for each 100 May Energy Partners units to holders of 100 May Energy Partnners units or more and cash to others. Energy Development said the transaction increases its units outstanding to 12.6 mln and raises total proved reserves as of the end of 1986 27 pct. Angeles Corp <ANG> is general partner of Energy Development."
paragraph2sentence.test-Newswire-334-2,"Energy Development Partners Ltd has bought out May Energy Partners Ltd, stating that they will control the distribution of Energy Development units and, in some cases, give out cash to particular unit holders."
paragraph2sentence.test-Newswire-335-1,"Saturday in a game played at Colegio San Agustin in Madrid in Spain's top level wheelchair basketball league, CD Fundosa ONCE decisively beat Getafe BSR 86–36. ONCE, with 2012 Summer Paralympics Australian international Bill Latham and British international Terry Bywater, came into the game with a multi-game winning streak in which they averaged 79 points while holding their opponents to an average of 31.5 points."
paragraph2sentence.test-Newswire-335-2,"In the Spanish wheelchair basketball league game, CD Fundosa ONCE decisively beat Getafe BSR 86–36, extending its multi-game winning streak."
paragraph2sentence.test-Newswire-336-1,Former Syrian minister of defense General Ali Habib has reportedly defected to Turkey. The Syrian government denies the reports; United States secretary of state John Kerry confirmed the defection during a House Committee on Foreign Affairs hearing on military intervention in Syria this afternoon.
paragraph2sentence.test-Newswire-336-2,"Despite denial from the Syrian government, General Ali Habib has renounced his position as minister of defense, according to the US secretary of state."
paragraph2sentence.test-Newswire-337-1,"Vista Organization Ltd said its board has formed an office of the president. The company said the office includes Mark S. Germain, who is primarily responsible for administration and corporate policy, Herb Jaffe, who heads motion picture operations, and Gabriel Katzka, who is in charge of television operations."
paragraph2sentence.test-Newswire-337-2,The presidential seal was designed over a long period.
paragraph2sentence.test-Newswire-338-1,"Bahrain is the first Gulf Arab country to introduce an obligatory five-day working week for its commercial banks ending a traditional six-day week. The Bahrain Monetary Agency (BMA) said the regulation applied only to the domestic sector comprising about 20 commercial banks and was not obligatory for the island's approximately 70 offshore banks. BMA Banking Services Director, Sulman Bin Khalifa Al Khalifa, said commercial banks will now open from Sunday to Thursday and added that twenty-one offshore banking units had also requested and been given permission for a five-day week."
paragraph2sentence.test-Newswire-338-2,"We need time for those actions and the earlier depreciation to work their effects, he said."
paragraph2sentence.test-Newswire-339-1,"Fair Lanes Inc said its shareholders approved the previously announced merger with Maricorp Inc, a unit of <Northern Pacific Corp>. Under terms of the merger, Fair Lanes said each of its shares of common stock will be converted into the right to receive 1.3043 shares of <BTR Realty Inc>, which is owned by Fair Lines."
paragraph2sentence.test-Newswire-339-2,Approval of the merge by shareholders of Fairlanes inc.
paragraph2sentence.test-Newswire-340-1,"Maroochydore have defeated Noosa 15 to 10 to win the 2013 Sunshine Coast Rugby Union premiership yesterday afternoon at the Sunshine Coast Stadium, Bokarina, Queensland. Noosa had won both the Reserve grade and Under 19s Grand Finals against Maleny, 36–11 and 22–5 respectively."
paragraph2sentence.test-Newswire-340-2,"Maroochydore won the 2013 Sunshine Coast Rugby Union premiership defeating Noosa, who had won both the Reserve grade and Under 19s Grand Finals."
paragraph2sentence.test-Newswire-341-1,"The Australian data said adult literacy skills did not strongly impact on social inequality, and literacy is not a barrier to social mobility. This contrasts to some other countries like the United States where literacy skills correlate to social mobility. Further, it shows an adult's socio-economic background is not tied very strongly to skills proficiency."
paragraph2sentence.test-Newswire-341-2,"On Friday, the sheriff of Pickens County, South Carolina Rick Clark refused to lower the flag to honor Nelson Mandela after US President Barack Obama made an executive order that all US flags to be flown at half mast in honor of Mandela until sunset today."
paragraph2sentence.test-Newswire-342-1,"A group led by Dallas investor Harold Simmons told the Securities and Exchange Commission it had reduced its stake in McDermott International Inc by one pct, to under five pct. The group had said in a March 10 filing, announcing acquisition of 5.4 pct of the firm's stock, that it might consider seeking control of the company."
paragraph2sentence.test-Newswire-342-2,A small company group has been struggling with their finances.
paragraph2sentence.test-Newswire-343-1,"Yesterday, the Organisation for Economic Co-operation and Development (OECD), a 34 member international economic organization founded in 1961 that traces its origins back to the World War II-era Marshall Plan, published results on the state of adult skills in 24 countries, most of them European. Compared to other countries surveyed, Japan ranks as one of the best-performing surveyed countries in both literacy and numeracy."
paragraph2sentence.test-Newswire-343-2,"A survey was held on the state of adult skills in 24 countries by the Organisation for Economic Co-operation and Development (OECD, founded in 1961, now with 34 members), with results indicating Japan as one of the best-performing in literacy and numeracy."
paragraph2sentence.test-Newswire-344-1,"The Iran-Pakistan gas pipeline project is at risk of cancellation as negotiations between the government of Iran and the Pakistani government remain unresolved. The Iranian Oil Minister, Bijan Namdar Zangenah, doubts its future."
paragraph2sentence.test-Newswire-344-2,"The Iranian Oil Minister, Bijan Namdar Zangenah is dubious of the realization of Iran-Pakistan gas pipeline project, due to conflicts between Iran and Pakistan."
paragraph2sentence.test-Newswire-345-1,"The Chicago Board of Trade's (CBT) April Major Market Index (MMI) stock index futures will expire 1515 CDT Thursday instead of Friday because of the Good Friday holiday, the exchange said. The Chicago Board Options Exchange said April options on the Standard and Poor's 100 and 500 stock indexes, currency options and about one-third of the listed individual equity options will expire at their normal time Saturday, April 18, although the last day of trading will be Thursday in those contracts."
paragraph2sentence.test-Newswire-345-2,"Due to Good Friday, MMI stock index future from the The Chicago Board of Trade will expire on Thursday, though options on the S&P's 100 and 500 indices will expire at the usual Saturday time."
paragraph2sentence.test-Newswire-346-1,"Senate majority leader Robert Byrd said the vote today to override President Reagan's veto of a major highway bill was very close. The Democratic leader told reporters he could not tell them whether the Senate would override or sustain the veto. The House voted to override yesterday. 'If the veto is sustained, it won't be because of pork, it will be because of politics,' Byrd said. He has contended the White House was applying pressure on Republicans to vote with Reagan."
paragraph2sentence.test-Newswire-346-2,Senator Robert Byrd announced that the vote to override President Reagan's veto of a major highway bill was close.
paragraph2sentence.test-Newswire-347-1,"Prime Minister Jean-Claude Juncker of the Grand Duchy of Luxembourg called for early elections after the Luxembourg Socialist Workers' Party, part of the coalition government, supported a no-confidence motion in Luxembourg's Chamber of Deputies on Wednesday, following a scandal which involved the Grand Duchy's intelligence service."
paragraph2sentence.test-Newswire-347-2,"The Luxembourg Socialist Workers' Party, although primarily social democratic, has a strong working class identity."
paragraph2sentence.test-Newswire-348-1,"The Bundesbank will not hold a press conference after its regular fortnightly council meeting tomorrow, a spokesman said in answer to enquiries. Bundesbank vice-president Helmut Schlesinger will chair the meeting, as president Karl Otto Poehl has a private engagement. The next meeting is scheduled for April 16."
paragraph2sentence.test-Newswire-348-2,"The Bundesbank will not hold a press conference after their meeting tomorrow, which will be held by the vice-president, due to the absence of their president."
paragraph2sentence.test-Newswire-349-1,"Union Carbide Overseas Finance Corp N.V., a unit of Union Carbide Corp, said it plans to redeem on May one all outstanding 14-3/4 pct notes due May 1, 1989. The notes will be bought back at par. Interest will cease to accrue on May one, the unit said."
paragraph2sentence.test-Newswire-349-2,Union Carbide Overseas Finance Corp N.V said it plans to redeem all outstanding 14-3/4 pct notes for face value.
paragraph2sentence.test-Newswire-350-1,"Early last night, massive attacks targeted China's Internet, slowing access to a crawl. The Chinese .cn domain was targeted in the latest of many denial of service attacks against China. According to the China Internet Network Information Center, which manages the .cn domain, this attack was the largest of its kind."
paragraph2sentence.test-Newswire-350-2,Internet usage has increased during the past 5 years.
paragraph2sentence.test-Newswire-351-1,"LME zinc was quiet throughout the morning with very little dealing after some light trade selling on the pre-market, dealers said. Three months delivery ended official ring dealings quoted at 454.50/455 stg a tonne, down around two stg from yesterday afternoon's kerb close. The pre-market dollar based trade selling pushed three months down to a 730 dlrs equivalent but attracted no follow through selling and the price held at that level for the rest of the morning."
paragraph2sentence.test-Newswire-351-2,"LME zinc received little buying and selling attention in the morning, despite some light trading during the pre-market period which pushed the three month price down to 730 dollars."
paragraph2sentence.test-Newswire-352-1,"The Australian Wheat Board (AWB) expects to sell about 900,000 tonnes of wheat to the Japanese Food Agency this year after renewing its annual supply agreement, AWB general manager Ron Paice said. Under the agreement, the AWB makes the wheat available and sells into the Food Agency's regular tenders, he said in a statement. He noted that the Board has sold more than three mln tonnes to Japan in the past three years."
paragraph2sentence.test-Newswire-352-2,"The Japanese Food Agency is expected to purchase around 900K tonnes of wheat from the Australian Wheat Board this year, which is consistent with its past purchases of around 3M tonnes in the past three years."
paragraph2sentence.test-Newswire-353-1,"A review this week by Wikinews of US Consumer Financial Protection Bureau (CFPB) complaints about student loans in the United States shows Sallie Mae leads all lending institutions in complaints. Of the 4,851 complaints dating back to March 2012 when the CFPB first began collecting student loan data, 2,262 or 46.6% of all complaints were about the lender. US Federal Reserve data from 2010/2011 shows Sallie Mae is the nation's largest student loan lender, responsible for 25% of the market"
paragraph2sentence.test-Newswire-353-2,"Sallie Mae, the nation's largest student loan lender, responsible for 25% of the market is also according to a review in Wiki news of the US Consumer Financial Protection Bureau (CFPB) the most complained about lending institution."
paragraph2sentence.test-Newswire-354-1,"Authorities are investigating the fires, some 20% of them are being called arson or have being started by human error, leaving much of the scorched land a crime scene of ashes. Some of the fires were reignited by arsonists after firefighters had already taken control of them, according to one fire official in Victoria. Others are believed to have been started by lighting tires on fire."
paragraph2sentence.test-Newswire-354-2,"U.S. First Lady Michelle Obama and Secretary of State Hillary Clinton yesterday presented the 2012 International Women of Courage Awards, marking the 101st anniversary of International Women's Day."
paragraph2sentence.test-Newswire-355-1,"The Indian Navy has said that two explosions yesterday on INS Sindhurakshak, a Russian-built Kilo-class submarine, have trapped up to eighteen of its sailors. Navy officials have warned the families of trapped sailors to 'prepare for the worst'."
paragraph2sentence.test-Newswire-355-2,Big noises disturb still waters.
paragraph2sentence.test-Newswire-356-1,"The Japanese Finance Ministry said it plans to hold formal financial talks with France on April 17 in Tokyo, the second such meeting after a first session in May last year. The agenda has not yet been decided. The Japanese side will be headed by Toyoo Gyohten, Vice Finance Minister for International Affairs, while the French delegation will include Daniel Lebegue, Director General of the Treasury."
paragraph2sentence.test-Newswire-356-2,The Director General of the Treasury is responsible for ensuring the issuance and management of public debt.
paragraph2sentence.test-Newswire-357-1,"Drilling activity slowed down substantially in Canada. The number of active rotary rigs fell by 19 in the week ended today, Hughes Tool Co reported. A total of 66 rigs were working during the week, compared with 71 one year ago, it said."
paragraph2sentence.test-Newswire-357-2,"According to a recent report by Hughes Tool Co, drilling activity in Canada has slowed down substantially in the past year."
paragraph2sentence.test-Newswire-358-1,"The Bank of England said it provided the money market with a further 284 mln stg assistance in the afternoon session. This takes the bank's total help so far today to 508 mln stg and compares with its revised estimate of a 900 mln stg shortage in the system which it earlier revised up from 850 mln. The central bank made outright purchases of bank bills comprising 100 mln stg in band one at 9-7/8 pct, 56 mln stg in band two at 9-13/16 pct, 112 mln stg in band three at 9-3/4 pct and 16 mln stg in band four at 9-11/16 pct."
paragraph2sentence.test-Newswire-358-2,In one day the bank of England has provided the money market stg assistance off 508 mln.
paragraph2sentence.test-Newswire-359-1,"Quantum Diagnostics Ltd said it has been granted a patent for a new imaging technology it has developed that uses electromagnetic radiation. It said it sees applications in airport security screening devices, medical diagnostic imaging systems and quality control devices."
paragraph2sentence.test-Newswire-359-2,A new patent has been granted for electromagnetic radiation technology.
paragraph2sentence.test-Newswire-360-1,"GMAC (Australia) Finance Ltd is issuing a 50 mln Australian dlr eurobond due May 6, 1991 paying 14-1/4 pct and priced at 101 pct, sole lead manager Hambros Bank Ltd said. The issue is guaranteed by General Motors Acceptance Corp. The non-callable bond is available in denominations of 1,000 Australian dlrs and will be listed in London. The selling concession is 1-1/8 pct while management and underwriting combined pays 5/8 pct. The payment date is May 6."
paragraph2sentence.test-Newswire-360-2,"Donaldson, Lufkin and Jenrette co-managed the deal."
paragraph2sentence.test-Newswire-361-1,"British Petroleum Co PLC said it has started its previously announced 7.4 billion dlr offer to purchase the 45 pct interest in Standard Oil Co that it does not already own for 70 dlrs per share. In a newspaper advertisement, the company said the offer, which is not conditioned on receipt of any minimum number of shares, and associated withdrawal rights will expire April 28 unless extended. BP said it is asking Standard Oil for the use of its shareholder list in disseminating the offer, on which the Standard board has not yet taken a position."
paragraph2sentence.test-Newswire-361-2,Lawrence believes SEC intervention could be meaningful but acknowledged it could also have no effect.
paragraph2sentence.test-Newswire-362-1,"The Australian Capital Territory (ACT) yesterday legalised same-sex marriage, the first time a jurisdiction in Australia has done so. The ACT Legislative Assembly passed the legalising bill 8–7, with seven Australian Labor Party members being joined by the ACT Greens' Member of the Legislative Assembly (MLA), Shane Rattenbury. It was opposed by six Liberal Party of Australia members. Two of the Assembly's seventeen members, one Liberal and one Labor, were absent."
paragraph2sentence.test-Newswire-362-2,Same sex marriages were legalised in Australia however it was opposed by some party members.
paragraph2sentence.test-Newswire-363-1,"Yesterday, Ruth Bader Ginsburg became the first United States Supreme Court justice to officiate a same-sex marriage. The ceremony took place in the District of Colombia, in the atrium of the John F. Kennedy Center for the Performing Arts. The center's President Michael M. Kaiser married economist John Roberts before a group of around 200 guests."
paragraph2sentence.test-Newswire-363-2,Michael M. Kaiser and John Roberts was married by Ruth Bader Ginsburg the first United States Supreme Court to officiate a same-sex marriage.
paragraph2sentence.test-Newswire-364-1,"A euro-commercial paper program for Provinsbanken A/S of Denmark has been increased to 250 mln dlrs from the original 100 mln, Merrill Lynch Capital Markets said. The program allows the Danish bank to issue euro-certificates of deposit with maturities of up to 365 days. Merrill Lynch will continuue to act as dealer for the program, with Shearson Lehman Brothers International and S.G. Warburg and Co Ltd as co-dealers."
paragraph2sentence.test-Newswire-364-2,Merrill Lynch acts with Shearson Lehman Brothers International and S.G. Warburg and Co Ltd as co-dealers for a euro-commercial paper program for Provinsbanken A/S which allows the Danish bank to issue euro-certificates of deposit with maturities of up to 365 days.
paragraph2sentence.test-Newswire-365-1,"Brazilian consumer prices rose 13.9 pct in February, compared with January's record rate of 16.8 pct, the Brazilian Geography and Statistics Institute (IBGE) said in a statement. The February rise brought the increase in consumer prices since the introduction of the anti-inflation Cruzado Plan a year ago to 62.5 pct."
paragraph2sentence.test-Newswire-365-2,"Brazilian prices have continued to increase steadily despite the start of the Cruzado Plan, which was aimed to curb inflation."
paragraph2sentence.test-Newswire-366-1,"Spain ranks last amongst all surveyed countries in numeracy proficiency amongst adults aged 16 to 65 years. The country's mean score is comparable to Italy. When only 16 to 24 year-olds are included, Spain's overall relative performance increases by two spots, as a result of beating out Italy and the United States. The performance of this age group is comparable to Ireland, Italy, England and Northern Ireland. Individual performance on numeracy and literacy correlates highly in Spain at 0.887."
paragraph2sentence.test-Newswire-366-2,"Spain and Italy are ranked as lowest in a survey of adult numeracy proficiency, with a strong correlation to the level of literacy proficiency, although Spain's young adults appear to have a higher level of performance, similar to that of England and Ireland."
paragraph2sentence.test-Newswire-367-1,"Baldwin Piano and Organ Co said it has filed for a secondary offering of 630,000 common shares, including 490,000 to be sold by General Electric Co <GE> and 140,000 by other shareholders. Lead underwriters are William Blair and Co and McDonald and Co Investments <MDD>."
paragraph2sentence.test-Newswire-367-2,"Two instrument companies have filed for common shares, some to be sold by other shareholders."
paragraph2sentence.test-Newswire-368-1,"On September 2 police contacted him and he stated there was no sign of his wife. The day after he went to his local police station to report that he had found his wife's glasses and wedding ring had been posted through his letterbox overnight. However, upon questioning he admitted the killings. Police then searched his house and found the bodies."
paragraph2sentence.test-Newswire-368-2,"Since South Sudan's 2011 independence from Sudan, ethnic conflicts have caused hundreds of deaths."
paragraph2sentence.test-Newswire-369-1,"Medicins Sans Frontieres (MSF) have announced a partial withdrawal from Libya. The medical charity announced they will no longer work at Libyan detention centres due to facing treating torture victims in order to make them well enough to be further tortured. MSF General Director Christopher Stokes said: 'Our role is to provide medical care to war casualties and sick detainees, not to repeatedly treat the same patients between torture sessions'."
paragraph2sentence.test-Newswire-369-2,"The first email leaked was called a 'teaser', from the Syrian embassy in Tehran on November 20, to the British embassy in Belarus."
paragraph2sentence.test-Newswire-370-1,"International airlines have responded to potential United States military escalation in Syria in the past several days by planning to reroute their airplanes around the region. Airlines with plans include Abu Dhabi-based Etihad Airways, Bahrain-based Gulf Air, Kuwait-based Al Jazeera Airways, Dubai-based Emirates Airlines, and United Kingdom-based British Airways."
paragraph2sentence.test-Newswire-370-2,International Airlines are making provisions in response to the growing military intervention of the US in Syria.
paragraph2sentence.test-Newswire-371-1,"Mansour plans to form a panel within fifteen days to review and suggest changes to the now-suspended constitution. Those amendments would be voted on in a referendum within four months. Parliamentary elections would then be held, perhaps in early 2014, followed by presidential elections upon the forming of a new parliament."
paragraph2sentence.test-Newswire-371-2,The suffragettes were a group of women who fought for women's right to vote.
paragraph2sentence.test-Newswire-372-1,"The French government won, as expected, a vote of parliamentary confidence sought by Prime Minister Jacques Chirac on his general policies. Votes from Chirac's Gaullist RPR party and its junior partner in the ruling coalition, the centre-right UDF, gave Chirac's cabinet a slim majority in the National Assembly. A total of 294 deputies in the 577-member assembly voted to support Chirac, with 282 voting against. One member was absent. The Socialists, Communists and the extreme-right National Front voted against the prime minister's call."
paragraph2sentence.test-Newswire-372-2,"The French flag consists of 3 colours: red, white and blue."
paragraph2sentence.test-Scientific-373-1,"Among avid iceboaters and racers, safety always comes first, including consideration for one's fellow competitor. The sailing and Rights-of-Way rules are written, enforced and are expected to be known and conformed with by everyone who sails. Speeds reached, parallel, crossing and closing, are often very high."
paragraph2sentence.test-Scientific-373-2,"Though the sport is dangerous, iceboating competitors put safety first in writing their rules for how competitors must interact."
paragraph2sentence.test-Scientific-374-1,Iron-rich hypersaline water sporadically emerges from small fissures in the ice cascades. The saltwater source is a subglacial pool of unknown size overlain by about 400 m of ice at several km from its tiny outlet at Blood Falls.
paragraph2sentence.test-Scientific-374-2,The source of the hypersaline water is the subglacial pool covered by a thick layer of ice.
paragraph2sentence.test-Scientific-375-1,"Force is the action of one body on another. A force is either a push or a pull. A force tends to move a body in the direction of its action. The action of a force is characterized by its magnitude, by the direction of its action, and by its point of application. Thus force is a vector quantity, because its effect depends on the direction as well as on the magnitude of the action."
paragraph2sentence.test-Scientific-375-2,Seismic waves are mechanical perturbations that travel in the Earth at a speed governed by the acoustic impedance of the medium in which they are travelling.
paragraph2sentence.test-Scientific-376-1,"The Nefertiti bust was found on 6 December 1912 at Amarna by the German Oriental Company (Deutsche Orient-Gesellschaft – DOG), led by German archaeologist Ludwig Borchardt. It was found in what had been the sculptor Thutmose's workshop, along with other unfinished busts of Nefertiti."
paragraph2sentence.test-Scientific-376-2,"The ancient sculptor Thutmose created many busts of Nefertiti, some of which were never finished."
paragraph2sentence.test-Scientific-377-1,"Pressure vessels can theoretically be almost any shape, but shapes made of sections of spheres, cylinders, and cones are usually employed. A common design is a cylinder with end caps called heads. Head shapes are frequently either hemispherical or dished (torispherical). More complicated shapes have historically been much harder to analyze for safe operation and are usually far more difficult to construct."
paragraph2sentence.test-Scientific-377-2,Pressure vessels are usually spherical or cylindrical with hemispherical or dished heads.
paragraph2sentence.test-Scientific-378-1,"The flu vaccine is typically made using chicken embryo, and as a result the final vaccine does contain egg proteins. Egg-allergic individuals may react to egg protein(s) in the vaccine (or to gelatin or neomycin if they are allergic to that). If an individual is unable to take the vaccine, vaccinating all other members of their family can help protect them from the flu."
paragraph2sentence.test-Scientific-378-2,"For egg-allergic persons, it is recommended to vaccinate all other members of their family to avoid flu."
paragraph2sentence.test-Scientific-379-1,"These ships carried gases in a semi-pressurized/semi-refrigerated state however due to further development semi-pressurised/fully refrigerated gas carriers had become the shipowners' choice by providing high flexibility in cargo handling. These carriers, incorporating tanks either cylindrical, spherical or bi-lobe in shape, are able to load or discharge gas cargoes at both refrigerated and pressurised storage facilities."
paragraph2sentence.test-Scientific-379-2,"The company was founded in the mid-18th century, with leading founding shareholders being Stephen Ralli and Michael Rodocanachi, whose families were from the Chian Diaspora."
paragraph2sentence.test-Scientific-380-1,"Some predictions of general relativity differ significantly from those of classical physics, especially concerning the passage of time, the geometry of space, the motion of bodies in free fall, and the propagation of light. Examples of such differences include gravitational time dilation, gravitational lensing, the gravitational redshift of light, and the gravitational time delay. The predictions of general relativity have been confirmed in all observations and experiments to date. Although general relativity is not the only relativistic theory of gravity, it is the simplest theory that is consistent with experimental data."
paragraph2sentence.test-Scientific-380-2,"General relativity, a revolution in physics especially in fields such as time passage and space geometry, has so far been consistent with all experimental data."
paragraph2sentence.test-Scientific-381-1,"DNA Banking is the secure, long term storage of an individual’s genetic material. DNA is most commonly extracted from blood, but can also be obtained from cheek cells, saliva, or other tissues. DNA can be banked at any time during a person’s life, but it is particularly urgent for the elderly and terminally ill. Once a person is buried or cremated, it is difficult or impossible to obtain a DNA sample."
paragraph2sentence.test-Scientific-381-2,DNA Banking is aimed at storing the genetic material and can be done at any age.
paragraph2sentence.test-Scientific-382-1,"Because the saddle chair is higher than a normal office chair, the desk has to be higher as well. For this purpose there are desks that can be electronically or mechanically adjusted to fit the user. A saddle chair can also be used with a normal office desk, but then the desk has to be lifted up with height extension pieces. The saddle chair seat is either solid or divided. A divided seat reduces pressure on the genitals and lowers the temperature in the genital area. A divided seat is thought to be healthier, especially for men, than a solid seat."
paragraph2sentence.test-Scientific-382-2,Sitting on a saddle chair differs from sitting on a conventional chair.
paragraph2sentence.test-Scientific-383-1,"In many bottom feeders, a mechanism to deal with substrate is often necessary. In the case of some organisms such as sea cucumbers, the sand is usually passed through the body. In fish, sand will be pumped out of the mouth through the gill slit."
paragraph2sentence.test-Scientific-383-2,Bottom feeders generally have some means of dealing with sand.
paragraph2sentence.test-Scientific-384-1,"This is a special form of cast and mold formation. If the chemistry is right, the organism (or fragment of organism) can act as a nucleus for the precipitation of minerals such as siderite, resulting in a nodule forming around it. If this happens rapidly before significant decay to the organic tissue, very fine three-dimensional morphological detail can be preserved. Nodules from the Carboniferous Mazon Creek fossil beds of Illinois, USA, are among the best documented examples of such mineralisation."
paragraph2sentence.test-Scientific-384-2,Nodules from the Carboniferous Mazon Creek fossil beds are among the best documented examples because the organisms caused the precipitation and subsequent nodule shortly after decay due to the ideal chemistry of the area.
paragraph2sentence.test-Scientific-385-1,"Scientific studies have found that numerous brain areas show altered activity in patients suffering from depression, and this has encouraged advocates of various theories that seek to identify a biochemical origin of the disease, as opposed to theories that emphasize psychological or situational causes. Among the theories of a biologically based cause of depression are those involving genetics and circadian rhythms, but the most prominent and widely researched is the monoamine hypothesis."
paragraph2sentence.test-Scientific-385-2,"As multiple studies have shown, the brains of individuals suffering from depression show altered neurological activity, leading researchers to hypothesize multiple biological causes of depression such as genetics, circadian rhythms, and monoamines."
paragraph2sentence.test-Scientific-386-1,"Black holes of stellar mass are expected to form when very massive stars collapse at the end of their life cycle. After a black hole has formed it can continue to grow by absorbing mass from its surroundings. By absorbing other stars and merging with other black holes, supermassive black holes of millions of solar masses may form. There is general consensus that supermassive black holes exist in the centers of most galaxies."
paragraph2sentence.test-Scientific-386-2,"Black holes, believed to be at the centers of galaxies and continuously grow, are formed when massive stars die."
paragraph2sentence.test-Scientific-387-1,"The Laser Camera System (LCS) is short-range, high precision autosynchronous triangulation scanner. The camera uses a laser to measure the distance between itself and points on a target and is able to create a three-dimensional representation of the area it has scanned."
paragraph2sentence.test-Scientific-387-2,LCS is a short-range autosynchronous triangulation scanner able of producing 3D models of scanned area.
paragraph2sentence.test-Scientific-388-1,"The Iron Hypothesis has been considered as a means of global engineering, because a small amount of hematites (micrometre-sized iron particles) could potentially have a considerable effect on the atmosphere. 'Give me a half a tanker of iron and I'll give you the next ice age,' Martin once said jokingly. The reality may be much more modest: tests in 2002 suggested that between 10,000 and 100,000 carbon atoms are sunk for each iron atom added to the water, which means that it might be possible to sequester 1 billion tonnes of CO2 for as little as 30,000 tonnes of iron. To put this number into perspective, this is about 10% of CO2 humans have produced in year 2011 alone."
paragraph2sentence.test-Scientific-388-2,"Though micrometer-sized iron particles can have drastic effects on atmosphere, their extent of pollution is negligable in comparison to CO2 made by humans."
paragraph2sentence.test-Scientific-389-1,"There are typically 40 million bacterial cells in a gram of soil and a million bacterial cells in a millilitre of fresh water. There are approximately 5×10^30 bacteria on Earth, forming a biomass that exceeds that of all plants and animals. Bacteria are vital in recycling nutrients, with many steps in nutrient cycles depending on these organisms, such as the fixation of nitrogen from the atmosphere and putrefaction."
paragraph2sentence.test-Scientific-389-2,Bacteria play a key role in the recycling process of nutrients and there exists a huge number of bacteria on our planet such that a milliliter of fresh water can contain up to a million bacterial cells.
paragraph2sentence.test-Scientific-390-1,"The mental lexicon differs from the lexicon in that it is not just a general collection of words; instead, it deals with how those words are activated, stored, processed, and retrieved by each speaker. An individual’s mental lexicon changes and grows as new words are learned and is always developing, but there are several theorists that argue exactly how this occurs. Some theories about the mental lexicon include the Spectrum Theory, the Dual-coding theory, Chomsky’s Nativist theory, as well as the Semantic Network Theory."
paragraph2sentence.test-Scientific-390-2,The development of the mental lexicon in bilingual children has increased in research over recent years.
paragraph2sentence.test-Scientific-391-1,"Dietary fiber is a carbohydrate (or a polysaccharide) that is incompletely absorbed in humans and in some animals. Like all carbohydrates, when it is metabolized it can produce four calories (kilocalories) of energy per gram. But in most circumstances it accounts for less than that because of its limited absorption and digestibility."
paragraph2sentence.test-Scientific-391-2,Dietary fiber usually produces less than four calories.
paragraph2sentence.test-Scientific-392-1,"While 'radius' normally is a characteristic of perfect spheres, the term as used in this article more generally means the distance from some 'center' of the Earth to a point on the surface or on an idealized surface that models the Earth. It can also mean some kind of average of such distances, or of the radius of a sphere whose curvature matches the curvature of the ellipsoidal model of the Earth at a given point."
paragraph2sentence.test-Scientific-392-2,"In this article, by earth's radius we mean the average distance from the center to the surface of the earth or a sphere with the same curvature."
paragraph2sentence.test-Scientific-393-1,"In asexual reproduction, an individual can reproduce without involvement with another individual of that species. The division of a bacterial cell into two daughter cells is an example of asexual reproduction. Asexual reproduction is not, however, limited to single-celled organisms. Most plants have the ability to reproduce asexually and the ant species Mycocepurus smithii is thought to reproduce entirely by asexual means."
paragraph2sentence.test-Scientific-393-2,Another constraint on switching from sexual to asexual reproduction would be the concomitant loss of meiosis and the protective recombinational repair of DNA damage afforded as one function of meiosis.
paragraph2sentence.test-Scientific-394-1,"A heritage tree is typically a large, individual tree with unique value, which is considered irreplaceable. The major criteria for heritage tree designation are age, rarity, and size, as well as aesthetic, botanical, ecological, and historical value. Heritage tree ordinances are developed to place limits upon the removal of these trees; the ordinances are oriented towards a specific tree, not a woodland. Heritage trees in Singapore are protected by law under the Heritage Trees Scheme adopted on 17 August 2001. The oak is depicted as England's heritage tree."
paragraph2sentence.test-Scientific-394-2,"Unlike woodland protection laws, heritage tree ordinances are designed limit removal or destruction of specific trees."
paragraph2sentence.test-Scientific-395-1,"A woman needing artificial insemination to achieve pregnancy can obtain a sperm sample from her male partner or sperm from sperm donation may be used if, for example, the woman's partner produces too few motile sperm, or if he carries a genetic disorder, or if the woman has no male partner. Sperm is usually obtained through masturbation or the use of an electrical stimulator, although a special condom, known as a collection condom, may be used to collect the semen during intercourse."
paragraph2sentence.test-Scientific-395-2,Artificial insemination can help conception if the woman has a sperm allergy or if the man has reproductive difficulties such as a low sperm count or poor sperm motility.
paragraph2sentence.test-Scientific-396-1,"Many variations of the monoamine hypothesis involve the neurotransmitter serotonin, regulated by the serotonin transporter, which assists the modulation of feelings and behavior such as anxiety, anger, appetite, sexuality, sleep, mood, etc. People with depression may have differences in serotonin transporter gene length. People with both alleles that are long are less likely to become depressed, while people with one short and one long or two short alleles are more likely to develop depression."
paragraph2sentence.test-Scientific-396-2,"Serotonin transponders assist in modulating feelings and behaviors (e.g., anxiety, hunger, sleep) and abnormalities in the gene length responsible for serotonin have been shown to be associated with depression."
paragraph2sentence.test-Scientific-397-1,"Zipf's law states that given some corpus of natural language utterances, the frequency of any word is inversely proportional to its rank in the frequency table. Thus the most frequent word will occur approximately twice as often as the second most frequent word, three times as often as the third most frequent word, etc. For example, in the Brown Corpus of American English text, the word 'the' is the most frequently occurring word, and by itself accounts for nearly 7% of all word occurrences (69,971 out of slightly over 1 million)."
paragraph2sentence.test-Scientific-397-2,"The word 'the' is the most frequently occurring word in English, and accounts for nearly 7% of all word occurrences in the Brown Corpus of American English text."
paragraph2sentence.test-Scientific-398-1,"It was rightly assumed from the start of the Framingham Heart Study that cardiac health can be influenced by lifestyle and environmental factors, and by inheritance. The Framingham Heart Study is the origin of the term risk factor. Before the Framingham Heart Study, doctors had little sense of prevention. In the 1950s, it was believed that clogging of arteries and narrowing of arteries (atherosclerosis, arteriosclerosis) was a normal part of aging and occurred universally as people became older. High blood pressure (hypertension) and elevated serum cholesterol (hypercholesterolemia) were also seen as normal consequences of aging in the 1950s, and no treatment was initiated. These and further risk factors, e.g., homocysteine, were gradually discovered over the years."
paragraph2sentence.test-Scientific-398-2,"The orbits of Earth trojans could make them less energetically costly to reach than the Moon, even though they are hundreds of times more distant."
paragraph2sentence.test-Scientific-399-1,"Although the Blu-ray Disc specification has been finalized, engineers continue to work on advancing the technology. By 2005, quad-layer (128 GB) discs had been demonstrated on a drive with modified optics and standard unaltered optics. Hitachi stated that such a disc could be used to store 7 hours of 32 Mbit/s video (HDTV) or 3 hours and 30 minutes of 64 Mbit/s video (Cinema 4K). In August 2006, TDK announced that they had created a working experimental Blu-ray Disc capable of holding 200 GB of data on a single side, using six 33 GB data layers."
paragraph2sentence.test-Scientific-399-2,"Bluray, despite having its specification finalized, is still an active field of research where companies such as Hitachi and TDK have achieved significantly higher capacity discs in recent years."
paragraph2sentence.test-Scientific-400-1,"An alternate theory of deriving the meaning of a newly learned words by young children during language acquisition stems from John Locke's 'associative proposal theory'. Compared to the 'intentional proposal theory', associative proposal theory refers to the deduction of meaning by comparing the novel object to environmental stimuli. A study conducted by Yu & Ballard (2007), introduced cross-situational learning, a method based on Locke's theory. Cross-situtational learning theory is a mechanism in which the child learns meaning of words over multiple exposures in varying contexts in attempt eliminate uncertainty of the word's true meaning on an exposure-by-exposure basis."
paragraph2sentence.test-Scientific-400-2,"A study conducted by Yu & Ballard (2007), introduced cross-situational learning based on the theory that a child learns word meaning through multiple exposures in different settings in order to remove uncertainty of a word's true meaning on an exposure-by-exposure basis."
paragraph2sentence.test-Scientific-401-1,"Social deficits distinguish autism and the related autism spectrum disorders (ASD; see Classification) from other developmental disorders. People with autism have social impairments and often lack the intuition about others that many people take for granted. Noted autistic Temple Grandin described her inability to understand the social communication of neurotypicals, or people with normal neural development, as leaving her feeling 'like an anthropologist on Mars'."
paragraph2sentence.test-Scientific-401-2,"Autism is characterized by social impairment, i.e., the inability to understand the social communication of neurotypicals."
paragraph2sentence.test-Scientific-402-1,"The electrical resistivity of a metallic conductor decreases gradually as temperature is lowered and at the same time its conductivity becomes infinite. Thus a current in a superconductor flows without any change in magnitude. In ordinary conductors, such as copper or silver, this decrease is limited by impurities and other defects. Even near absolute zero, a real sample of a normal conductor shows some resistance."
paragraph2sentence.test-Scientific-402-2,"Magnetic fields are produced by moving electric charges and the intrinsic magnetic moments of elementary particles associated with a fundamental quantum property, their spin."
paragraph2sentence.test-Scientific-403-1,"In biodiversity studies, the checkerboard score or C-score is a statistic which determines the randomness of the distribution of two or more species through a collection of biomes. The statistic, first published by Stone and Roberts in 1990, expands on the earlier work of Diamond that defined a notion of 'checkerboard distributions' as an indicator of species competition."
paragraph2sentence.test-Scientific-403-2,"First published by Stone and Roberts in 1990, the checkerboard score extends statistics in earlier biodiversity research to reflect the randomness of the distribution of two or more species through a set of biomes."
paragraph2sentence.test-Scientific-404-1,"Submarine channels and their flanking levees are commonly referred to as channel levee systems (Flood and Damuth, 1987). They are significant geomorphological features that may run for thousands of kilometres across the ocean floor. Often, they coalesce and overlap to form channel levee complexes which are the building blocks of many major submarine fans. (Kane, 2010) This makes them one of several geological processes responsible for the transport of coarse grained sediment into deep water as well as being a chief conduit for the transfer of carbon from continental shelf to the deeper parts of the continental margins. (Bull et al., 2009; Frey- Martinez et al., 2005; Gee et al., 2006; Masson et al., 2006; Shipp et al., 2004)."
paragraph2sentence.test-Scientific-404-2,Submarine channels are one of the reasons for the transportation of sediments into deep waters.
paragraph2sentence.test-Scientific-405-1,"The concept of creating machines that can operate autonomously dates back to classical times, but research into the functionality and potential uses of robots did not grow substantially until the 20th century. Throughout history, robotics has been often seen to mimic human behavior, and often manage tasks in a similar fashion."
paragraph2sentence.test-Scientific-405-2,"The first electronic scanning format, 405 lines, was the first 'high definition' television system, since the mechanical systems it replaced had far fewer."
paragraph2sentence.test-Scientific-406-1,"Adaptation to weightlessness involves not just the Sensory-motor coupling functions, but some autonomic nervous system functions as well. Sleep disorders and orthostatic intolerance are also common during and after spaceflight. There is no hydrostatic pressure in a weightless environment. As a result, the redistribution of body fluids toward the upper body causes a decrease in leg volume, which may affect muscle viscosity and compliance."
paragraph2sentence.test-Scientific-406-2,"A spaceflight typically begins with a rocket launch, which provides the initial thrust to overcome the force of gravity and propels the spacecraft from the surface of the Earth."
paragraph2sentence.test-Scientific-407-1,"Most avian brood parasites will remove a host egg when they lay one of their own in a nest. Depending upon the species, this can happen either in the same visit to the host nest or in a separate visit before or after the parasitism. This both prevents the host species from realizing their nest has been parasitized and reduces competition for the parasitic nestling once it hatches."
paragraph2sentence.test-Scientific-407-2,"To prevent the host species from detecting parasite eggs, avian brood parasites will replace the original egg with their own, keeping the same number at all times."
paragraph2sentence.test-Scientific-408-1,"Heat flux or thermal flux is the rate of heat energy transfer through a given surface. The SI derived unit of heat rate is joule per second, or watt. Heat flux is the heat rate per unit area. In SI units, heat flux is measured in W/m2. Heat rate is a scalar quantity, while heat flux is a vectorial quantity. To define the heat flux at a certain point in space, one takes the limiting case where the size of the surface becomes infinitesimally small."
paragraph2sentence.test-Scientific-408-2,"Heat flux is the vectorial analog of the scalar heat rate, whereas heat rate is joules per second, heat flux is the heat rate per unit area, measured in W/m2."
paragraph2sentence.test-Scientific-409-1,"Iron oxides and oxide-hydroxides are widespread in nature, play an important role in many geological and biological processes, and are widely utilized by humans, e.g., as iron ores, pigments, catalysts, in thermite (see the diagram), Hemoglobin. Common rust is a form of iron(III) oxide. Iron oxides are widely used as inexpensive, durable pigments in paints, coatings and colored concretes. Colors commonly available are in the 'earthy' end of the yellow/orange/red/brown/black range."
paragraph2sentence.test-Scientific-409-2,Iron oxides play an important role in biological processes in nature and in fact common rust is a type of iron oxide.
paragraph2sentence.test-Scientific-410-1,"The principle of faunal succession, also known as the law of faunal succession, is based on the observation that sedimentary rock strata contain fossilized flora and fauna, and that these fossils succeed each other vertically in a specific, reliable order that can be identified over wide horizontal distances. A fossilized Neanderthal bone will never be found in the same stratum as a fossilized Megalosaurus, for example, because neanderthals and megalosauruses lived during different geological periods, separated by many millions of years. This allows for strata to be identified and dated by the fossils found within."
paragraph2sentence.test-Scientific-410-2,"Because fossils appear in a specific, vertical order in geological strata, the principle of faunal succession states that the reliable vertical order can be used to reliably date fossils, showing for example that a fossilized Megalosaurus and Neanderthal bones will never be found in the same stratum because the two lived during different geological periods."
paragraph2sentence.test-Scientific-411-1,"Historically, species have been classified into the binary categories of vocal learner or vocal non-learner based on their ability to produce novel vocalizations or imitate other species, with evidence from social isolation, deafening studies, and cross-fostering experiments. However, vocal learners exhibit a great deal of plasticity or variation between species, resulting in a spectrum of ability. The vocalizations of songbirds and whales have a syntactic-like organization similar to that of humans but are limited to Finite-State Grammars (FSGs), where they can generate strings of sequences with limited structural complexity."
paragraph2sentence.test-Scientific-411-2,"Although species are typically divided into either vocal learner or non-learner according to their vocalization and imitation capabilities, vocal learns show a spectrum of capabilities, with some species such as song birds using limited syntactic constructions to produce vocal sequences with some structural complexity."
paragraph2sentence.test-Scientific-412-1,"As the ratio pyrometer came into popular use, it was determined that many materials, of which metals are an example, do not have the same emissivity at two wavelengths. For these materials, the emissivity does not cancel out and the temperature measurement is in error. The amount of error depends on the emissivities and the wavelengths where the measurements are taken."
paragraph2sentence.test-Scientific-412-2,"The ratio pyrometer revealed that many materials do not have the same emissivity at two wavelengths, which causes errors in the temperature measurement."
paragraph2sentence.test-Scientific-413-1,"The area was first settled in the 19th century, by mostly Irish immigrants. The place may have been named after a prominent settler family, as religious records indicated the death of a certain Richard Shannon in 1831 and Simon Shannon the next year. Further impetus to its development came around 1850 when the timber industry began and in 1860 when a sawmill was built. Around 1861, about two thirds of the population was Irish, and by 1900, half the population."
paragraph2sentence.test-Scientific-413-2,The near side of the Moon is characterised by large dark areas that were believed to be seas by the astronomers who first mapped them.
paragraph2sentence.test-Scientific-414-1,"Not all modern notions of spirituality embrace transcendental ideas. Secular spirituality emphasizes humanistic ideas on moral character (qualities such as love, compassion, patience, tolerance, forgiveness, contentment, responsibility, harmony, and a concern for others). These are aspects of life and human experience which go beyond a purely materialist view of the world without necessarily accepting belief in a supernatural reality or divine being."
paragraph2sentence.test-Scientific-414-2,The concept of melody and the artistic pursuit of musical composition were unknown to early players of musical instruments.
paragraph2sentence.test-Scientific-415-1,"Benthos are the organisms which live in the benthic zone, and are different from those elsewhere in the water column. Many are adapted to live on the substrate (bottom). In their habitats they can be considered as dominant creatures, but they are often a source of prey for Carcharhinidae such as the lemon shark. Many organisms adapted to deep-water pressure cannot survive in the upper parts of the water column. The pressure difference can be very significant (approximately one atmosphere for each 10 meters of water depth)."
paragraph2sentence.test-Scientific-415-2,"Organisms which live in the benthic zone of the ocean are called benthos, the dominant creatures in their habitat which are the main prey for carcharhinidae."
paragraph2sentence.test-Scientific-416-1,"Although its use was vital to cross the oceans, the Marine glass was not such an accurate instrument to measure the passage of time. Many factors could affect the duration of sand's flow: the humidity inside the 'glass', the uniformity in fineness of the sand, the inner diameter of the connecting tube with a possible wear caused by the flow of sand, the more or less horizontal position, the effect of acceleration or deceleration of the ship's movements, all could influence the flow of sand and hence the time measured."
paragraph2sentence.test-Scientific-416-2,"Maars are shallow, flat-floored craters that scientists interpret as having formed above diatremes as a result of a violent expansion of magmatic gas or steam; deep erosion of a maar presumably would expose a diatreme."
paragraph2sentence.test-Scientific-417-1,"The Ring of Fire is a direct result of plate tectonics and the movement and collisions of lithospheric plates. The eastern section of the ring is the result of the Nazca Plate and the Cocos Plate being subducted beneath the westward moving South American Plate. The Cocos Plate is being subducted beneath the Caribbean Plate, in Central America."
paragraph2sentence.test-Scientific-417-2,"The volcanic activity surrounding the Pacific, known as the Ring of Fire, is due to plate techtonics in the lithosphere where the in the east, the Nazca and Cocos plates are being subducted by the South American and Caribbean plates."
paragraph2sentence.test-Scientific-418-1,"A certain amount of land will inevitably be lost in this process while beaches are being built up resulting in settlements, farmland and other property being destroyed. Because of this, managed retreat is often not a socially acceptable plan and may invoke the need for compensation to land-owners. Intertidal sites are often a rich archaeological resource and the loss of heritage is a factor to be weighed in managed retreat projects."
paragraph2sentence.test-Scientific-418-2,"Though managed retreat often create rich archaeological resources, the process does involve a loss of land, which can cause property destruction and possibly as a result, require monetary compensation to the owners."
paragraph2sentence.test-Scientific-419-1,"In appropriate contexts, diatomic carbon can be viewed either as ethyne with two hydrogen atoms removed, ethene with four hydrogens removed, or as ethane with six hydrogens removed; and as such, ethynylidene, ethenediylidene, or ethanetriylidene, respectively, may be used as context-specific systematic names, according to substitutive nomenclature."
paragraph2sentence.test-Scientific-419-2,Valence bond theory predicts a quadruple bond as the only way to satisfy the octet rule for carbon.
paragraph2sentence.test-Scientific-420-1,"A visual binary star is a binary star for which the angular separation between the two components is great enough to permit them to be observed as a double star in a telescope, or even high-powered binoculars. The angular resolution of the telescope is an important factor in the detection of visual binaries, and as better angular resolutions are applied to binary star observations increasing number of visual binaries will be detected. The relative brightness of the two stars is also an important factor, as glare from a bright star may make it difficult to detect the presence of a fainter component."
paragraph2sentence.test-Scientific-420-2,A binary star is considered as a visual binary if its stars have relatively similar brightness and enough angular separation that can permit an observer to resolve them within a normal telescope.
paragraph2sentence.test-Scientific-421-1,"Fish measurement is the measuring of the length of individual fish and of various parts of their anatomy. These data are used in many areas of ichthyology, including taxonomy and fisheries biology."
paragraph2sentence.test-Scientific-421-2,Fish measurement is nothing but the process of measuring the dimensions of different parts of a fish.
paragraph2sentence.test-Scientific-422-1,"In UIT, ultrasonic waves are produced by an electro-mechanical ultrasonic transducer, and applied to a workpiece. An acoustically tuned resonator bar is caused to vibrate by energizing it with a magnetostrictive ultrasonic transducer. The energy generated from these high frequency impulses is imparted to the treated surface through the contact of specially designed steel pins. These transfer pins are free to move axially between the resonant body and the treated surface."
paragraph2sentence.test-Scientific-422-2,"Ultrasonic impact treatment uses ultrasonic waves produced by an electro-mechanical ultrasonic transducer, which are applied to the treatment surface using metal pins."
paragraph2sentence.test-Scientific-423-1,"In addition to the general purpose, the study was designed to gather information to test specific hypotheses concerning demographic and socioeconomic differentials in fertility, the prevalence of contraceptive practice and the methods employed, the extent to which subfecundity and sterility may have contributed to low fertility, and the timing patterns and childbearing pace of the time. The interview collected information on each respondent's family planning, contraception usage, pregnancy history, fecundity, infertility, fertility, and maternal and infant health. Besides demographic characteristics and background information about the respondents, information was also gathered on their household composition, their husband(s), marriages, and areas of residency."
paragraph2sentence.test-Scientific-423-2,The simultaneous oscillation can be called plasmon hybridization where the tunability of the oscillation is associated with mixture of the inner and outer shell where they hybridize to give a lower energy or higher energy.
paragraph2sentence.test-Scientific-424-1,"For skin prick tests, a tiny board with protruding needles is used. The allergens are placed either on the board or directly on the skin. The board is then placed on the skin, in order to puncture the skin and for the allergens to enter the body. If a hive appears, the person will be considered positive for the allergy. This test only works for IgE antibodies. Allergic reactions caused by other antibodies cannot be detected through skin prick tests."
paragraph2sentence.test-Scientific-424-2,Skin prick tests cannot be used for non-IgE antibodies.
paragraph2sentence.test-Scientific-425-1,"Water bodies are often affected by geosmin and 2-Methylisoborneol, affecting the flavour of water for drinking and of fish growing in that water. Haloanisoles similarly affect water bodies, and are a recognised cause of off-flavour in wine. Cows grazing on weeds such as wild garlic can produce a ‘weedy’ off-flavour in milk."
paragraph2sentence.test-Scientific-425-2,The flavour of water and wine can be affected by Haloanisoles.
paragraph2sentence.test-Scientific-426-1,For very precise work the pH meter should be calibrated before each measurement. For normal use calibration should be performed at the beginning of each day. The reason for this is that the glass electrode does not give a reproducible e.m.f. over longer periods of time. Calibration should be performed with at least two standard buffer solutions that span the range of pH values to be measured. For general purposes buffers at pH 4.01 and pH 10.00 are acceptable.
paragraph2sentence.test-Scientific-426-2,The calibration of the pH meter should be done every morning.
paragraph2sentence.test-Scientific-427-1,"The causal effect of a treatment on a single unit at a point in time is the difference between the outcome variable with the treatment and without the treatment. The Fundamental Problem of Causal Inference is that it is impossible to observe the causal effect on a single unit. You either take the aspirin now or you don't. As a consequence, assumptions must be made in order to estimate the missing counterfactuals."
paragraph2sentence.test-Scientific-427-2,Engine was originally a term for any mechanical device that converts force into motion.
paragraph2sentence.test-Scientific-428-1,"One caveat to this calculation is that the original work was concerned with the hydrography of the East China Sea, where cooling plays the dominant role in the formation of dense shelf water, and that this mechanism may not apply in other regions. However, it has been suggested that other processes may drive the pump under different climatic conditions. For instance, in polar regions, the formation of sea-ice results in the extrusion of salt that may increase seawater density. Similarly, in tropical regions, evaporation may increase local salinity and seawater density."
paragraph2sentence.test-Scientific-428-2,"The continental shelf pump is caused my varied oceanic, such as near the poles where the sea-ice formation results in the extrusion of salt that may increase seawater density."
paragraph2sentence.test-Scientific-429-1,"Researchers in Japan have successfully regrown fully functional teeth in mice. Epithelial and mesenchymal cells were extracted from the mice, cultured to produce a tooth 'germ', and the germ was then implanted into the bone at the space of a missing tooth. A tooth of the correct external and internal structure, hardness, strength, and sensitivity later erupted in the space, eventually meeting the opposing tooth in a manner similar to an original natural tooth. This technique may be a possible future treatment for replacement of missing teeth."
paragraph2sentence.test-Scientific-429-2,"The development, appearance, and classification of teeth fall within its field of study, though dental occlusion, or contact among teeth, does not."
paragraph2sentence.test-Scientific-430-1,"Baby talk and imitations of it may be used by one noninfant to another as a form of verbal abuse, in which the talk is intended to infantilize the victim. This can occur during bullying, when the bully uses baby talk to assert that the victim is weak, cowardly, overemotional, or otherwise submissive."
paragraph2sentence.test-Scientific-430-2,Baby talk may be used as a form of flirtation between sexual or romantic partners.
paragraph2sentence.test-Scientific-431-1,"In the field of Energetics, an energy carrier corresponds only to an energy form (not an energy system) of energy input required by the various sectors of society to perform their functions. Energy carriers (EC) are produced by the energy sector using primary energy sources (PES). The distinction between 'Energy Carriers' and 'Primary Energy Sources' is extremely important since these two labels refer to energy forms of different quality so that they cannot be aggregated: 1 megajoule (MJ) of EC is not the same as 1 MJ of PES."
paragraph2sentence.test-Scientific-431-2,Beryllium-containing alloys create an inhalation hazard during manufacturing due to their toxic properties.
paragraph2sentence.test-Scientific-432-1,"Anatomically, the cerebellum has the appearance of a separate structure attached to the bottom of the brain, tucked underneath the cerebral hemispheres. Its surface is covered with finely spaced parallel grooves, in striking contrast to the broad irregular convolutions of the cerebral cortex. These parallel grooves conceal the fact that the cerebellum is actually a continuous thin layer of tissue (the cerebellar cortex), tightly folded in the style of an accordion. Within this thin layer are several types of neurons with a highly regular arrangement, the most important being Purkinje cells and granule cells."
paragraph2sentence.test-Scientific-432-2,The brainstem provides the main motor and sensory innervation to the face and neck via the cranial nerves.
paragraph2sentence.test-Scientific-433-1,"If there are any particles suspended in the water, they will increase the scattering of light. In coastal areas, runoff from rivers, resuspension of sand and silt from the bottom by tides, waves and storms and a number of other substances can change the color of the near-shore waters. Some types of particles can also contain substances that absorb certain wavelengths of light, which alters its characteristics."
paragraph2sentence.test-Scientific-433-2,Particle naturally suspended in water sources can change the color of coastline waters.
paragraph2sentence.test-Scientific-434-1,"Structured observation represents a compromise between the passive nonintervention of naturalistic observation, and the systematic manipulation of independent variables and precise control characterized by lab experiments. Structured observation may occur in a natural or laboratory setting. Within structured observation, often the observer intervenes in order to cause an event to occur, or to “set up” a situation so that events can be more easily recorded than they would be without intervention. Such a situation often makes use of a confederate who creates a situation for observing behavior. Structured observation is frequently employed by clinical and developmental psychologists, or for studying animals in the wild. One benefit to structured observation is that it allows researchers to record behaviors that may be difficult to observe using naturalistic observation, but that are more natural than the artificial conditions imposed in a lab. However, problems in interpreting structured observations can occur when the same observation procedures are not followed across observations or observers, or when important variables are not controlled across observations."
paragraph2sentence.test-Scientific-434-2,"The word 'viscosity' is derived from the Latin 'viscum', meaning 'anything sticky, birdlime made from mistletoe, mistletoe'."
paragraph2sentence.test-Scientific-435-1,"Cancer cluster suspicions usually arise when members of the general public report that their family members, friends, neighbors, or coworkers have been diagnosed with the same or related cancers. State or local health departments will investigate the possibility of a cancer cluster when a claim is filed. In order to justify investigating such claims, health departments conduct a preliminary review. Data will be collected and verified regarding: the types of cancer reported, numbers of cases, geographic area of the cases, and the patients clinical history. At this point, a committee of medical professionals will examine the data and determine whether or not an investigation (often lengthy and expensive) is justified."
paragraph2sentence.test-Scientific-435-2,The exact components of FAN will vary from composition of the wort or grape must.
paragraph2sentence.test-Scientific-436-1,"Ridley examines the history of different attempts which have been made to explain the fact that humans in society do not defect, looking at various computer generated models which have been used to explain how such behaviour could arise. In particular he looks at systems based on the idea of Tit-for-Tat, where members of the group only cooperate with those who also cooperate and exclude those who do not. This allows altruistic behaviour to develop, and causes the optimum solution to the dilemma, to no longer be to defect but instead to cooperate."
paragraph2sentence.test-Scientific-436-2,"Sociobiology investigates social behaviors, such as mating patterns, territorial fights, pack hunting, and the hive society of social insects."
paragraph2sentence.test-Scientific-437-1,"Erupting volcanoes can pose many hazards, not only in the immediate vicinity of the eruption. Volcanic ash can be a threat to aircraft, in particular those with jet engines where ash particles can be melted by the high operating temperature; the melted particles then adhere to the turbine blades and alter their shape, disrupting the operation of the turbine."
paragraph2sentence.test-Scientific-437-2,"The Internet, and consequently its backbone networks, do not rely on central control or coordinating facilities, nor do they implement any global network policies."
paragraph2sentence.test-Scientific-438-1,"In humans, mature sexual desire usually begins to appear with the onset of puberty. Sexual expression can take the form of masturbation or sex with a partner. Sexual interests among adolescents, as among adults, can vary greatly. Sexual activity in general is associated with various risks including unwanted pregnancy and sexually transmitted diseases including HIV/AIDS. The risks are elevated for young adolescents because their brains are not neurally mature; several brain regions in the frontal lobe of the cerebral cortex and in the hypothalamus important for self-control, delayed gratification, and risk analysis and appreciation are not fully mature."
paragraph2sentence.test-Scientific-438-2,Self-control is essential in behavior to achieve goals and to avoid impulses and/or emotions that could prove to be negative.
paragraph2sentence.test-Scientific-439-1,"The God gene hypothesis is based on a combination of behavioral genetic, neurobiological and psychological studies. The major arguments of the hypothesis are: (1) spirituality can be quantified by psychometric measurements; (2) the underlying tendency to spirituality is partially heritable; (3) part of this heritability can be attributed to the gene VMAT2; (4) this gene acts by altering monoamine levels; and (5) spiritual individuals are favored by natural selection because they are provided with an innate sense of optimism, the latter producing positive effects at either a physical or psychological level."
paragraph2sentence.test-Scientific-439-2,"Although it is always difficult to determine the many interacting functions of a gene, VMAT2 appears to be involved in the transport of monoamine neurotransmitters across the synapses of the brain."
paragraph2sentence.test-Scientific-440-1,"Scientology teaches that people are immortal beings who have forgotten their true nature. Its method of spiritual rehabilitation is a type of counselling known as auditing, in which practitioners aim to consciously re-experience painful or traumatic events in their past in order to free themselves of their limiting effects. Study materials and auditing courses are made available to members in return for specified donations. Scientology is legally recognized as a tax-exempt organization in the United States and some other countries, and the Church of Scientology emphasizes this as proof that it is a bona fide religion. In other countries, notably France, Germany and the United Kingdom, Scientology does not have comparable religious status."
paragraph2sentence.test-Scientific-440-2,"Stations usually have staffed ticket sales offices, automated ticket machines, or both, although on some lines tickets are sold on board the trains."
paragraph2sentence.test-Scientific-441-1,"Vaccines do not guarantee complete protection from a disease. Sometimes, this is because the host's immune system simply does not respond adequately or at all. This may be due to a lowered immunity in general (diabetes, steroid use, HIV infection, age) or because the host's immune system does not have a B cell capable of generating antibodies to that antigen."
paragraph2sentence.test-Scientific-441-2,Vaccines can be ineffective in case of weak immune system or lack of B cells.
paragraph2sentence.test-Scientific-442-1,"Osmond iron was made by melting pig iron in a hearth that is narrower and deeper than a typical finery in an English finery forge. The hearth had a charcoal fire blown with bellows through a tuyere. As the iron melted, the drops fell though the blast and congealed. They were then lifted with an iron bar into the blast. As they melted they were caught on the end of a large staff, held in the fire and turned rapidly so that the drops spread out, forming a ball."
paragraph2sentence.test-Scientific-442-2,"Osmond iron was made by melting pig iron in a hearth heated by a charcoal fire and when melted, caught on the end of a large staff, held in the fire and turned rapidly to form a sphere."
paragraph2sentence.test-Scientific-443-1,"There are many different types of personality tests. The most common type is the self-report inventory, also commonly referred to as objective personality tests. Self-report inventory tests involve the administration of many questions/items to test-takers who respond by rating the degree to which each item reflects their behaviour and can be scored objectively. The term 'item' is used because many test questions are not actually questions; they are typically statements on questionnaires that allow respondents to indicate level of agreement (using a Likert scale or, more accurately, a Likert-type scale)."
paragraph2sentence.test-Scientific-443-2,"The first personality tests were developed in 1920s and were intended to ease the process of personnel selection, particularly in the armed forces."
paragraph2sentence.test-Scientific-444-1,"Evolutionary biology, as an academic discipline in its own right, emerged during the period of the modern evolutionary synthesis in the 1930s and 1940s. It was not until the 1970s and 1980s, however, that a significant number of universities had departments that specifically included the term evolutionary biology in their titles, often in conjuction with ecology and behavior."
paragraph2sentence.test-Scientific-444-2,Charles Darwin was the first to formulate a scientific argument for the theory of evolution by means of natural selection.
paragraph2sentence.test-Scientific-445-1,"There are several tests for polysemy, but one of them is zeugma: if one word seems to exhibit zeugma when applied in different contexts, it is likely that the contexts bring out different polysemes of the same word. If the two senses of the same word do not seem to fit, yet seem related, then it is likely that they are polysemous. The fact that this test again depends on speakers' judgments about relatedness, however, means that this test for polysemy is not infallible, but is rather merely a helpful conceptual aid."
paragraph2sentence.test-Scientific-445-2,"Testing for polysemy often relies on speakers' relatedness judgments, which also means that certain tests for polysemy -though helpful- can be wrong due to factors such as fluency and background knowledge."
paragraph2sentence.test-Scientific-446-1,"A typical parser generator associates executable code with each of the rules of the grammar that should be executed when these rules are applied by the parser. These pieces of code are sometimes referred to as semantic action routines since they define the semantics of the syntactic structure that is analyzed by the parser. Depending upon the type of parser that should be generated, these routines may construct a parse tree (or abstract syntax tree), or generate executable code directly."
paragraph2sentence.test-Scientific-446-2,"One of the earliest (1964), surprisingly powerful, versions of compiler-compilers is META II, which accepted grammars and code generation rules, and is able to compile itself and other languages."
paragraph2sentence.test-Scientific-447-1,CMOS is also sometimes referred to as complementary-symmetry metal–oxide–semiconductor (or COS-MOS). The words 'complementary-symmetry' refer to the fact that the typical digital design style with CMOS uses complementary and symmetrical pairs of p-type and n-type metal oxide semiconductor field effect transistors (MOSFETs) for logic functions.
paragraph2sentence.test-Scientific-447-2,"Radium, in the form of radium chloride, was discovered by Marie Curie and Pierre Curie in 1898."
paragraph2sentence.test-Scientific-448-1,The eutectoid composition of austenite is approximately 0.76% carbon; steel with less carbon content will contain a corresponding proportion of relatively pure ferrite crystallites that do not participate in the eutectoid reaction and cannot transform into pearlite. Likewise steels with higher carbon contents will form cementite before reaching the eutectoid point. The proportion of ferrite and cementite forming above the eutectoid point can be calculated from the iron/iron—carbide equilibrium phase diagram using the lever rule.
paragraph2sentence.test-Scientific-448-2,Austenite contains less than one percent carbon but steel with less carbon content will contain a corresponding proportion of relatively pure ferrite crystallites that cannot transform into pearlite.
paragraph2sentence.test-Scientific-449-1,"Cabin fever is an idiomatic term, first recorded in 1918, for a claustrophobic reaction that takes place when a person or group is isolated and/or shut in a small space, with nothing to do for an extended period. Cabin fever describes the extreme irritability and restlessness a person may feel in these situations. A person may experience cabin fever in a situation such as being in a simple country vacation cottage. When experiencing cabin fever, a person may tend to sleep, have distrust of anyone they are with, and an urge to go outside even in the rain, snow, dark or hail. The phrase is also used humorously to indicate simple boredom from being home alone."
paragraph2sentence.test-Scientific-449-2,"Claustrophobia is typically classified as an anxiety disorder and often results in panic attack, and can be the result of many situations or stimuli, including elevators crowded to capacity, windowless rooms, and even tight-necked clothing."
paragraph2sentence.test-Scientific-450-1,"Tongoa and Epi islands once formed part of a larger island called Kuwae. Local folklore tells of a cataclysmic eruption that destroyed this island, leaving the two smaller islands and an oval-shaped 12 x 6 km caldera in between (but the story tells of an eruption south of Tongoa). Collapse associated with caldera formation may have been as much as 1,100 metres. Around 32–39 cubic km of magma was erupted, making the Kuwae eruption one of the largest in the last 10,000 years."
paragraph2sentence.test-Scientific-450-2,Kuwae eruption was massive and caused a caldera of 6 km.
paragraph2sentence.test-Scientific-451-1,"Astrology has been rejected by the scientific community as having no explanatory power for describing the universe (see pseudoscience). Scientific testing of astrology has been conducted, and no evidence has been found to support any of the premises or purported effects outlined in astrological traditions. Where astrology has made falsifiable predictions, it has been falsified. There is no proposed mechanism of action by which the positions and motions of stars and planets could affect people and events on Earth that does not contradict well understood, basic aspects of biology and physics."
paragraph2sentence.test-Scientific-451-2,"Reuben's next release, Hindsight (2002), continues his use of a wide variety of musical genres and thoughtful, often funny lyrics."
paragraph2sentence.test-Scientific-452-1,"Colliding galaxies are common in galaxy evolution. Due to the extremely tenuous distribution of matter in galaxies, these are not collisions in the normal sense of the word, but rather gravitational interaction. Colliding may lead to merging. This occurs when two galaxies collide and do not have enough momentum to continue traveling after the collision. Instead, they fall back into each other and eventually merge after many passes through each other, forming one galaxy. If one of the colliding galaxies is much larger than the other, it will remain largely intact after the merger; that is, the larger galaxy will look much the same while the smaller galaxy will be stripped apart and become part of the larger galaxy."
paragraph2sentence.test-Scientific-452-2,"After the collision of two galaxies if they do not have enough momentum to continue travelling, a galaxy merging takes place resulting in a single galaxy which usually looks very similar to the larger of the two colliding galaxies if it was significantly bigger in dimension."
paragraph2sentence.test-Scientific-453-1,"In 2000-2001 a second cohort was established (RS-II). Another 3,011 inhabitants of Ommoord aged 55 years and over agreed to participate. The participants of this second cohort visited the research center for a follow-up examinations in 2004-2005 and 2011-2012."
paragraph2sentence.test-Scientific-453-2,The change in rotational period of the neutron star comes from the transition region between the magnetosphere and the plasma flow from the companion star.
paragraph2sentence.test-Scientific-454-1,"Unlike semantics, which examines meaning that is conventional or 'coded' in a given language, pragmatics studies how the transmission of meaning depends not only on structural and linguistic knowledge (e.g., grammar, lexicon, etc.) of the speaker and listener, but also on the context of the utterance, any pre-existing knowledge about those involved, the inferred intent of the speaker, and other factors. In this respect, pragmatics explains how language users are able to overcome apparent ambiguity, since meaning relies on the manner, place, time etc. of an utterance."
paragraph2sentence.test-Scientific-454-2,"In pragmatics, there are two different types of meaning to consider: semantico-referential meaning and indexical meaning."
paragraph2sentence.test-Scientific-455-1,"A satellite is a subviral agent composed of nucleic acid that depends on the co-infection of a host cell with a helper or master virus for its multiplication. When a satellite encodes the coat protein in which its nucleic acid is encapsidated it is referred to as a satellite virus. A satellite virus of mamavirus that inhibits the replication of its host has been termed a virophage. However, the usage of this term remains controversial due to the lack of fundamental differences between virophages and classical satellite viruses."
paragraph2sentence.test-Scientific-455-2,A satellite virus in biology is a subviral agent made of nucleic acid which encodes the coat protein in which its nucleic acid is encapsidated.
paragraph2sentence.test-Scientific-456-1,"Usually the purposes behind watercraft designs and skills are for seafaring education or leisure activities, fishing and resource extraction, transportation of cargo or passengers, and for conducting combat or salvage operations. In general, the purpose of a water vehicle identifies its utility with a maritime industry sub-sector."
paragraph2sentence.test-Scientific-456-2,Cities and towns usually have legal restrictions on where bars may be located and on the types of alcohol they may serve to their customers.
paragraph2sentence.test-Scientific-457-1,"Linguistics had made considerable advances in the half-century since Korais' time. The decipherment of ancient writing systems, the publication of Grimm's Law of sound-changes in 1822, Bopp's tracing of the inter-relationships of the Indo-European languages, Diez's work on the development of the Romance languages from Vulgar Latin, Schleicher's demonstration of an evolutionary tree of languages, and finally the announcement of Verner's Law in 1875, had all made it clear that the changes a language undergoes as time passes are not simply accumulations of random damage, like copying errors in a manuscript."
paragraph2sentence.test-Scientific-457-2,"Linguistic developments have shown that languages evolve and grow in common ways, rather than change due to seemingly random errors (such as are found in manuscript copies) as earlier theorists suggested."
paragraph2sentence.test-Scientific-458-1,"Fossil beaches may be discovered where a limestone quarry or strip mining operation is present. For example, Miami has numerous fossil beaches which have been exposed by limestone mining. A famous example is the Pinecrest beds — a fossil-bearing rock formation found in the south of the city which is a segment of a much larger geological formation — the Tamiami Formation."
paragraph2sentence.test-Scientific-458-2,Fossil beaches are usually found as a result of mining operations such as Miami limestone mining or Pinecrest beds.
paragraph2sentence.test-Scientific-459-1,"Debris flows have volumetric sediment concentrations exceeding about 40 to 50%, and the remainder of a flow's volume consists of water. By definition, “debris” includes sediment grains with diverse shapes and sizes, commonly ranging from microscopic clay particles to great boulders. Media reports often use the term mudflow to describe debris flows, but true mudflows are composed mostly of grains smaller than sand. On Earth's land surface, mudflows are far less common than debris flows. However, underwater mudflows are prevalent on submarine continental margins, where they may spawn turbidity currents."
paragraph2sentence.test-Scientific-459-2,"Debris flows can be triggered by intense rainfall or snowmelt, by dam-break or glacial outburst floods, or by landsliding that may or may not be associated with intense rain."
paragraph2sentence.test-Scientific-460-1,"Allergic reactions to fruit and vegetables are usually mild and often just affect the mouth, causing itching, a rash, or blisters where the food touches the lips and mouth. This is called oral allergy syndrome. (A number of people who react in this way to fruit or vegetables will also react to pollen from some trees and weeds. So, for example, people who are allergic to birch pollen are also likely to be allergic to apples.) Another symptom may include slight swelling in the throat, making it feel like it is closing. The ability to breathe is still present though, so it is not fatal."
paragraph2sentence.test-Scientific-460-2,"The oral allergy syndrome, that sometimes causes swelling in the throat, can be triggered by fruits, pollen from trees or weeds."
paragraph2sentence.test-Scientific-461-1,"Generative linguists think that for native speakers of natural languages, grammaticality is a matter of linguistic intuition, a competence learned by language acquisition in childhood. Therefore, generative linguistics strives to predict grammaticality exhaustively. On the other hand, there is a gradual abandonment of grammaticality in favour of acceptability by linguists that stress the social acquisition of language in contrast to innate factors (and who will seldom rely on phrase structure grammar) in the tradition of Hopper 1987."
paragraph2sentence.test-Scientific-461-2,Prescriptive grammars of controlled natural languages define grammaticality as a matter of explicit consensus.
paragraph2sentence.test-Scientific-462-1,"A hydrometer is usually made of glass and consists of a cylindrical stem and a bulb weighted with mercury or lead shot to make it float upright. The liquid to be tested is poured into a tall container, often a graduated cylinder, and the hydrometer is gently lowered into the liquid until it floats freely. The point at which the surface of the liquid touches the stem of the hydrometer is noted. Hydrometers usually contain a scale inside the stem, so that the specific gravity can be read directly. A variety of scales exist, and are used depending on the context."
paragraph2sentence.test-Scientific-462-2,A hydrometer is often made from a glass tube filled with some liquid and a bulb that can be read where it touches the side when free floating in order to measure the specific gravity.
paragraph2sentence.test-Scientific-463-1,"IQ scores are also used to study IQ distributions in populations and the correlations between IQ and other variables. Raw scores on IQ tests for many populations have been rising at an average rate that scales to three IQ points per decade since the early 20th century, a phenomenon called the Flynn effect. Investigation of differing patterns of increases in IQ battery subtest scores informs current research on human intelligence."
paragraph2sentence.test-Scientific-463-2,"Among different studies that have investigated the correlation of IQ scores with other variables, one is the Flynn effect according to which the average IQ of populations grows linearly by time."
paragraph2sentence.test-Scientific-464-1,"By the modern definition, the term binary star is generally restricted to pairs of stars which revolve around a common centre of mass. Binary stars which can be resolved with a telescope or interferometric methods are known as visual binaries."
paragraph2sentence.test-Scientific-464-2,"A binary star, i.e., two stars orbiting the same center, is called a visual binary if it can be resolved with a telescope."
paragraph2sentence.test-Scientific-465-1,Human error and performance are two sides of the same coin: 'human error' mechanisms are the same as 'human performance' mechanisms; performance later categorized as 'error' is done so in hindsight: therefore actions later termed 'human error' are actually part of the ordinary spectrum of human behaviour. The study of absent-mindedness in everyday life provides ample documentation and categorization of such aspects of behavior.
paragraph2sentence.test-Scientific-465-2,"A basic example of the hindsight bias is when, after viewing the outcome of a potentially unforeseeable event, a person believes he or she 'knew it all along'."
paragraph2sentence.test-Scientific-466-1,"If a sheet of glass is placed in the tank, the depth of water in the tank will be shallower over the glass than elsewhere. The speed of a wave in water depends on the depth, so the ripples slow down as they pass over the glass. This causes the wavelength to decrease. If the junction between the deep and shallow water is at an angle to the wavefront, the waves will refract. In the diagram above, the waves can be seen to bend towards the normal. The normal is shown as a dotted line. The dashed line is the direction that the waves would travel if they had not met the angled piece of glass."
paragraph2sentence.test-Scientific-466-2,"When directly generated and affected by local winds, a wind wave system is called a wind sea and after the wind ceases to blow, wind waves are called swells."
paragraph2sentence.test-Scientific-467-1,"The Internet backbone refers to the principal data routes between large, strategically interconnected networks and core routers on the Internet. These data routes are hosted by commercial, government, academic and other high-capacity network centers, the Internet exchange points and network access points, that interchange Internet traffic between the countries, continents and across the oceans of the world."
paragraph2sentence.test-Scientific-467-2,"The core of the internet comes from strategically-interconnected routers, known as the Internet backbone, which connect large institutions such as universities or businesses that have high-capacity network centers."
paragraph2sentence.test-Scientific-468-1,"Sleep as a phenomenon appears to have very old evolutionary roots. The nematode C. elegans is the most primitive organism in which sleep-like states have been observed. Here, a lethargus phase occurs in short periods preceding each moult, a fact which may indicate that sleep primitively is connected to developmental processes. Raizen et al.'s results furthermore suggest that sleep is necessary for changes in the neural system."
paragraph2sentence.test-Scientific-468-2,Studies show that sleeping is an old phenomenon whose roots goes back to nematodes.
paragraph2sentence.test-Scientific-469-1,"The sphenopalatine artery passes through the sphenopalatine foramen into the cavity of the nose, at the back part of the superior meatus. Here it gives off its posterior lateral nasal branches which spread forward over the conchæ and meatuses, anastomose with the ethmoidal arteries and the nasal branches of the descending palatine, and assist in supplying the frontal, maxillary, ethmoidal, and sphenoidal sinuses."
paragraph2sentence.test-Scientific-469-2,"The sphenopalatine artery passes into the cavity of the nose where it gives off its posterior lateral nasal branches that spread forward and help to supply the frontal, maxillary, ethmoidal, and sphenoidal sinuses."
paragraph2sentence.test-Scientific-470-1,"Typical steps involve recording, transcribing (often using the International Phonetic Alphabet and/or a 'practical orthography' made up for that language), annotation and analysis, translation into a language of wider communication, archiving and dissemination. Critical to the project of Language Documentation is the creation of good records in the course of doing language description. These materials can be archived, though not all archives are equally adept at handling language materials preserved in varying technological formats, nor are they all equally accessible to potential users."
paragraph2sentence.test-Scientific-470-2,Language documentation is the process by which a language is documented from a documentary linguistics perspective.
paragraph2sentence.test-Scientific-471-1,"There are two types of preconditions for unsafe acts: those that relate to the human operator's internal state and those that relate to the human operator's practices or ways of working. Adverse internal states include those related to physiology (e.g., illness) and mental state (e.g., mentally fatigued, distracted). A third aspect of 'internal state' is really a mismatch between the operator's ability and the task demands; for example, the operator may be unable to make visual judgments or react quickly enough to support the task at hand."
paragraph2sentence.test-Scientific-471-2,"Unsafe acts have two preconditions, those that come from an individual's state of mind or physiology, and those that come from their habits, practices and way of working."
paragraph2sentence.test-Scientific-472-1,"The Townsend discharge is a gas ionization process where free electrons, accelerated by a sufficiently strong electric field, give rise to electrical conduction through a gas by avalanche multiplication caused by the ionization of molecules by ion impact. When the number of free charges drops or the electric field weakens, the phenomenon ceases."
paragraph2sentence.test-Scientific-472-2,The Townsend discharge is the process of electrical conduction through gas as a result of ionization.
paragraph2sentence.test-Scientific-473-1,"According to the director of the project, the Holometer should be capable of detecting fluctuations in the light of a single attometer, meeting or exceeding the sensitivity required to detect the smallest units in the universe called Planck units. Fermilab states: 'Everyone is familiar these days with the blurry and pixelated images, or noisy sound transmission, associated with poor internet bandwidth."
paragraph2sentence.test-Scientific-473-2,"Holometers surpass current measuring devices to record at the scales of the smallest unit, Planck units."
paragraph2sentence.test-Scientific-474-1,"Arborists who climb (as not all do) can use a variety of techniques to ascend into the tree. The least invasive, and most popular technique used is to ascend on rope. When personal safety is an issue, or the tree is being removed, arborists may use 'spikes', (also known as 'gaffs' or 'spurs') attached to their chainsaw boots with straps to ascend and work. Spikes wound the tree, leaving small holes where each step has been."
paragraph2sentence.test-Scientific-474-2,"Climbing arborists use a variety of techniques, from the least invasive involving ropes, to the most invasive involving chainsaw boots, though the latter injures the tree and is usually only used in cases where the tree is due for removal."
paragraph2sentence.test-Scientific-475-1,"Connectivity based clustering is a whole family of methods that differ by the way distances are computed. Apart from the usual choice of distance functions, the user also needs to decide on the linkage criterion (since a cluster consists of multiple objects, there are multiple candidates to compute the distance to) to use. Popular choices are known as single-linkage clustering (the minimum of object distances), complete linkage clustering (the maximum of object distances) or UPGMA ('Unweighted Pair Group Method with Arithmetic Mean', also known as average linkage clustering)."
paragraph2sentence.test-Scientific-475-2,Cluster analysis approaches that are based on distance functions and linkage criterion are called connectivity-based clustering.
paragraph2sentence.test-Scientific-476-1,"According to the constant velocity hypothesis proposed by Jones and Huang (1982), perception incorporates a prior expectation for constant speed. Therefore, given the temporal intervals marked by sequential stimuli, the brain expects spatial intervals that would yield constant velocity movement (i.e., uniform motion). One limitation of this theory, pointed out by Goldreich (2007), is that it does not explain why even two stimuli pressed in rapid succession against the skin are perceived as closer together the shorter the temporal interval between them is."
paragraph2sentence.test-Scientific-476-2,The kappa effect appears to depend strongly on phenomenal rather than physical extent because the kappa effect gets bigger as stimuli move faster.
paragraph2sentence.test-Scientific-477-1,"Today, anthropometry plays an important role in industrial design, clothing design, ergonomics and architecture where statistical data about the distribution of body dimensions in the population are used to optimize products. Changes in life styles, nutrition and ethnic composition of populations lead to changes in the distribution of body dimensions (e.g. the obesity epidemic), and require regular updating of anthropometric data collections."
paragraph2sentence.test-Scientific-477-2,"Due to changes in life style, activity levels, and large scale changes in body composition, anthropometry still plays a current role in all areas where the dimensions of the human body must be taken into account such as ergonomics or clothing design."
paragraph2sentence.test-Scientific-478-1,"World War II however, perhaps marked the most frantic period of weapons development in the history of humanity. Massive numbers of new designs and concepts were fielded, and all existing technologies were improved between 1939 and 1945. The most powerful weapon invented during this period was the atomic bomb, however many more weapons influenced the world in different ways."
paragraph2sentence.test-Scientific-478-2,The data that is stored within a cache might be values that have been computed earlier or duplicates of original values that are stored elsewhere.
paragraph2sentence.test-Scientific-479-1,"The spin of the electron and proton can be in either direction - in the classical analogy they are rotating clockwise or anticlockwise around a given axis. They may have their spin oriented in the same direction or in opposite directions. Because of magnetic interactions between the particles, a hydrogen atom that has the spins of the electron and proton aligned in the same direction (parallel) has slightly more energy than one where the spins of the electron and proton are in opposite directions (anti-parallel)."
paragraph2sentence.test-Scientific-479-2,"Electrons and protons may spin in either direction (clockwise or anti-clockwise) and because of the magnetic interaction between the two, hydrogen atoms having both spinning in the same direction will have slightly more energy."
paragraph2sentence.test-Scientific-480-1,"Situation sampling involves the study of good people of behavior in many different locations, and under different circumstances and conditions. By sampling different situations, researchers reduce the chance that the results they obtain will be particular to a certain set of circumstances or conditions. For this reason, situation sampling significantly increases the external validity of observational findings. Furthermore, situation sampling significantly increases the generalizability of findings. Compared to when researchers only observe particular types of individuals, researchers using situation sampling can increase the diversity of subjects within their observed sample. Researchers may determine which subjects to observe by either selecting subjects systematically (every 10th student in a cafeteria, for example) or randomly, with the goal of obtaining a representative sample of all subjects."
paragraph2sentence.test-Scientific-480-2,A chemical system is said to be in equilibrium when the quantities of the chemical entities involved do not and cannot change in time without the application of an external influence.
paragraph2sentence.test-Scientific-481-1,"The R-value of a material is determined when the material is in a state of saturation such that water will be exuded from the compacted test specimen when a 16.8 kN load (2.07 MPa) is applied. Since it is not always possible to prepare a test specimen that will exude water at the specified load, it is necessary to test a series of specimens prepared at different moisture contents."
paragraph2sentence.test-Scientific-481-2,The R-Value test measures the response of a compacted sample of soil or aggregate to a vertically applied pressure under specific conditions.
paragraph2sentence.test-Scientific-482-1,"The uranium isotope 235U is used as the fuel for nuclear reactors and nuclear weapons. It is the only isotope existing in nature to any appreciable extent that is fissile, that is, fissionable by thermal neutrons. The isotope 238U is also important because it absorbs neutrons to produce a radioactive isotope that subsequently decays to the isotope 239Pu (plutonium), which also is fissile."
paragraph2sentence.test-Scientific-482-2,"Uranium 235 is the only isotope existing in nature to any appreciable extent that is fissile, and eventually decays to the plutonium 239, which also is fissile."
paragraph2sentence.test-Scientific-483-1,"Biogeochemistry is the scientific discipline that involves the study of the chemical, physical, geological, and biological processes and reactions that govern the composition of the natural environment (including the biosphere, the cryosphere, the hydrosphere, the pedosphere, the atmosphere, and the lithosphere). In particular, biogeochemistry is the study of the cycles of chemical elements, such as carbon and nitrogen, and their interactions with and incorporation into living things transported through earth scale biological systems in space through time. The field focuses on chemical cycles which are either driven by or have an impact on biological activity. Particular emphasis is placed on the study of carbon, nitrogen, sulfur, and phosphorus cycles. Biogeochemistry is a systems science closely related to systems ecology."
paragraph2sentence.test-Scientific-483-2,Biogeochemistry focuses on cycles of chemical elements such as carbon and nitrogen and is related to systems ecology.
paragraph2sentence.test-Scientific-484-1,"The equivalent term 'awakening' has also been used in a Christian context, namely the Great Awakenings, several periods of religious revival in American religious history. Historians and theologians identify three or four waves of increased religious enthusiasm occurring between the early 18th century and the late 19th century. Each of these 'Great Awakenings' was characterized by widespread revivals led by evangelical Protestant ministers, a sharp increase of interest in religion, a profound sense of conviction and redemption on the part of those affected, an increase in evangelical church membership, and the formation of new religious movements and denominations."
paragraph2sentence.test-Scientific-484-2,"The geology of the Swabian Jura is mostly limestone, which formed the seabed during the Jurassic period."
paragraph2sentence.test-Scientific-485-1,"Ecological traps are thought to occur when the attractiveness of a habitat increases disproportionately relative to its value for survival and reproduction. The result is preference of falsely attractive habitat and a general avoidance of high-quality but less-attractive habitats. For example, Indigo Buntings typically nest in shrubby habitat or broken forest transitions between closed canopy forest and open field. Human activity can create 'sharper', more abrupt forest edges and buntings prefer to nest along these edges. However, these artificial sharp forest edges also concentrate the movement of predators which predate their nests. In this way, Buntings prefer to nest in highly altered habitats where their nest success is lowest."
paragraph2sentence.test-Scientific-485-2,"In addition to removing carbon dioxide, breathing results in loss of water from the body."
paragraph2sentence.test-Scientific-486-1,"An additional problem with carbon-14 dates from archeological sites is known as the 'old wood' problem. It is possible, particularly in dry, desert climates, for organic materials such as from dead trees to remain in their natural state for hundreds of years before people use them as firewood or building materials, after which they become part of the archaeological record. Thus dating that particular tree does not necessarily indicate when the fire burned or the structure was built. For this reason, many archaeologists prefer to use samples from short-lived plants for radiocarbon dating. The development of accelerator mass spectrometry (AMS) dating, which allows a date to be obtained from a very small sample, has been very useful in this regard."
paragraph2sentence.test-Scientific-486-2,"Carbon-14 dating is made problematic for trees in dry climates that can exist for centuries before being burned (leading to wrong dates), so many scientists prefer to date using short-lived plants and use mass spectrometry, which can be done on very small samples."
paragraph2sentence.test-Scientific-487-1,"Isostatic depression is the term used by geologists for the sinking of large parts of the Earth's crust into the asthenosphere. The sinking is caused by a heavy weight placed on the Earth's surface. Often this is caused by the heavy weight of glacial ice due to continental glaciation, a process in which permanent ice places pressure on the Earth's crust thereby depressing it with its weight."
paragraph2sentence.test-Scientific-487-2,"Isostatic depression is caused by a heavy weight placed on the Earth's surface, often due to glaciers."
paragraph2sentence.test-Scientific-488-1,"Shoulders that exhibit stiffness, secondary to capsular tightness, contribute to contracture and hypertrophy of the teres major. Hence, restricted external rotation can encourage adaptive shortening and thickening of the internal rotators of the shoulder principally the teres major and subscapularis. One may speculate that the lateral arm pain presented in shoulder dysfunctions may be of a nerve origin secondary to adverse neural tension of the radial nerve. The triceps brachii has a potential to entrap the radial nerve in the triangular interval secondary to hypertrophy. The presence of a fibrous arch in the long head and lateral head further complicates the situation. Repeated forceful extension seen in weight training and sport involving punching may be a precedent to this scenario. The radial nerve is vulnerable as it passes through this space, for all of the reasons mentioned above."
paragraph2sentence.test-Scientific-488-2,"Light weight training of the teres major can mitigate the entrapment by strengthening the muscles responsible for interior rotation, though any nerve trauma may take several weeks to recover from."
paragraph2sentence.test-Scientific-489-1,"Jupiter is primarily composed of hydrogen with a quarter of its mass being helium, although helium only comprises about a tenth of the number of molecules. It may also have a rocky core of heavier elements, but like the other gas giants, Jupiter lacks a well-defined solid surface. Because of its rapid rotation, the planet's shape is that of an oblate spheroid (it possesses a slight but noticeable bulge around the equator)."
paragraph2sentence.test-Scientific-489-2,"Jupiter, a giant plant with oblate spheroid shape and no solid surface, has a rocky core while being mainly composed of hydrogen and helium."
paragraph2sentence.test-Scientific-490-1,"Froth flotation is practised by mixing chemicals known as collectors with the ore slurry. The collectors adsorb onto the surfaces of the particles of select minerals (usually the valuable mineral that is targeted for concentration), making these minerals hydrophobic. Air is passed through the slurry in a tank known as a flotation cell. The air is broken into tiny bubbles by various mechanisms (depending on the design of the flotation cell), and the now-hydrophobic minerals attach to the bubbles, rising with them to the surface of the flotation cell, where they form a froth. The froth flows over the top edge (or 'lip') of the flotation cell and forms the flotation concentrate. Ideally, none of the unwanted mineral particles float, and they remain behind as the flotation tailings."
paragraph2sentence.test-Scientific-490-2,Froth flotation is practised by mixing chemicals known as collectors with the ore slurry.
paragraph2sentence.test-Scientific-491-1,"Organisms in the intertidal zone are adapted to an environment of harsh extremes. Water is available regularly with the tides but varies from fresh with rain to highly saline and dry salt with drying between tidal inundations. The action of waves can dislodge residents in the littoral zone. With the intertidal zone's high exposure to the sun, the temperature range can be anything from very hot with full sun to near freezing in colder climates."
paragraph2sentence.test-Scientific-491-2,"Since the salt and temperature conditions in intertidal zone can vary considerably, organisms in that zone should be adapted to such variations."
paragraph2sentence.test-Scientific-492-1,"Long polyyne chains are said to be inherently unstable in bulk because they can cross-link with each other in an exothermal (indeed explosive) reaction. Explosions are a real hazard in this area of research. They can be fairly stable, even against moisture and oxygen, if they are end-capped with suitable groups inert groups (such as tert-butyl or trifluoromethyl) rather than hydrogen atoms, especially bulky ones that can keep the chains apart. In 1995 the preparation of carbyne chains with over 300 carbons was reported using this technique. However the report has been contested by a claim that the detected molecules were fullerene-like structures rather than long polyynes."
paragraph2sentence.test-Scientific-492-2,Long polyene chains may explode if put together due to cross-linking between the molecules and therefore researchers must take suitable care to prepare the molecules for transport or experiments using neutralizing capping techniques.
paragraph2sentence.test-Scientific-493-1,"In present-day academia, the term 'Aryan' has been replaced in most cases by the terms 'Indo-Iranian' and 'Indo-European', and 'Aryan' is now mostly limited to its appearance in the term 'Indo-Aryan' for Indic languages and their speakers. Western notions of an 'Aryan race' rose to prominence in late-19th and early-20th century racialist thought, an idea most notably embraced by Nazi ideology (see master race)."
paragraph2sentence.test-Scientific-493-2,"Improvisation can be thought of as an 'on the spot' or 'off the cuff' spontaneous moment of sudden inventiveness that can just come to mind, body and spirit as an inspiration and no preparation or training is needed."
paragraph2sentence.test-Scientific-494-1,"A dark galaxy is a hypothetical galaxy composed of dark matter. Dark galaxies receive their name because they have no detectable stars and are theoretically invisible. They are not able to generate stars because their density of gas is too high. Some scientists have theorized that dark galaxies were actually common in the early stages of the universe. Originally, these galaxies had trouble creating stars because of their density, but as time progressed galaxies began to create stars. An influential community of scientists conjecture the existence of dark galaxies to support theories based on other well-studied celestial bodies. There is experimental evidence to support the existence of dark galaxies, although scientists have no conclusive evidence and continue their research."
paragraph2sentence.test-Scientific-494-2,"According to astronomical theories, dark galaxies, i.e., highly dense invisible galaxies composed of dark matter, were common in the early stages of the universe and experimental evidence can now support their existence."
paragraph2sentence.test-Scientific-495-1,"Overmatching is matching for an apparent confounder that actually is a result of the exposure. True confounders are associated with both the exposure and the disease, but if the exposure itself leads to the confounder, or has equal status with it, then stratifying by that confounder will also partly stratify by the exposure, resulting in an obscured relation of the exposure to the disease. Overmatching thus causes statistical bias."
paragraph2sentence.test-Scientific-495-2,"Control of plant diseases is crucial to the reliable production of food, and it provides significant reductions in agricultural use of land, water, fuel and other inputs."
paragraph2sentence.test-Scientific-496-1,"Morgan was reacting to interpretations of animal behaviour - specifically the anecdotal approach of George Romanes - that he deemed excessively anthropomorphic. The prestige of Lloyd Morgan's canon partly derives from cases he described where behaviour that might at first seem to involve higher mental processes could in fact be explained by simple trial-and-error learning (what we would now call operant conditioning). A famous example is the skilful way in which Morgan's terrier Tony opened the garden gate, easily taken by someone seeing the final behaviour as an insightful act; Lloyd Morgan, however, had watched and recorded the series of approximations by which the dog had gradually learned the response, and could demonstrate that no insight was required to explain it."
paragraph2sentence.test-Scientific-496-2,"The skillfulness of Morgan's studies stems from his careful analysis of how seemingly mentally-complex actions could in reality be explained in terms of operant conditioning, famously illustrated by the case where Morgan's dog was able to open a gate, but which Morgan was able to demonstrate was due to the dog's learning after many case of trial and error."
paragraph2sentence.test-Scientific-497-1,"There are two subcategories: insoluble and soluble fiber. Insoluble dietary fiber consists mainly of cellulose, a large carbohydrate polymer that is indigestible by humans who do not have the required enzymes to disassemble it nor do their digestive systems harbor sufficient quantities of the types of microbes that can do so either. Soluble dietary fiber comprises a variety of oligosaccharides, waxes, esters, resistant starches and other carbohydrates that dissolve or gelatinize in water."
paragraph2sentence.test-Scientific-497-2,Insoluble and soluble types of fiber mainly contain cellulose abd oligosaccharides respectively.
paragraph2sentence.test-Scientific-498-1,"A micrometeorite is an extraterrestrial particle, ranging in size from 50 µm to 2 mm, collected on the Earth's surface. Micrometeorites are micrometeoroids which have survived entry through the Earth's atmosphere. They differ from meteorites in being smaller, more plentiful and different in composition and are a subset of cosmic dust, which also includes the smaller interplanetary dust particles (IDPs). Fred Lawrence Whipple first coined the term 'micro-meteorite' to describe dust-sized objects that fall to the Earth."
paragraph2sentence.test-Scientific-498-2,"Micrometeoroids of size from 50 µm to 2 mm which can reach the Earth's surface are referred to as micrometeorite, extraterrestrial particles which are smaller."
paragraph2sentence.test-Scientific-499-1,"Most countries of the world operate fleets of merchant ships. However, due to the high costs of operations, today these fleets are in many cases sailing under the flags of nations that specialize in providing manpower and services at favourable terms. Such flags are known as 'flags of convenience'. Currently, Liberia and Panama are particularly favoured. Ownership of the vessels can be by any country, however."
paragraph2sentence.test-Scientific-499-2,"During wars, merchant ships may be used as auxiliaries to the navies of their respective countries, and are called upon to deliver military personnel and material."
paragraph2sentence.test-Scientific-500-1,"Audiograms in humans are produced using an audiometer, which presents different frequencies to the subject, usually over calibrated headphones, at specified levels. The levels are weighted with frequency relative to a standard graph known as the minimum audibility curve, which is intended to represent 'normal' hearing. The threshold of hearing is set at around 0 phon on the equal-loudness contours, but is standardised in an ANSI standard to 1 kHz. There are several of the minimal audibility curve, defined in different international standards; different audiometers thus give rise to differences in audiograms. The ASA-1951 standard, for example, used a level of 16.5 dB SPL (sound pressure level) at 1 kHz, whereas the later ANSI-1969/ISO-1963 standard uses 6.5 dB SPL.A 10 dB correction is allowed for older people."
paragraph2sentence.test-Scientific-500-2,"An audiometer produces human audiograms by playing different frequencies to a subject, where frequencies are selected according to the expected 'normal' range of human hearing and include many frequencies at the minimal level of audibility."
sentence2phrase.train-Travel-1-1,"The oldest department store is Trimingham’s, which has a comprehensive range of designer goods such as perfume and clothing, but other stores act as exclusive agents for certain producers (for example, Bluck’s and Cooper’s specialize in china and crystal)."
sentence2phrase.train-Travel-1-2,an assortment of designer goods sold by Trimingham's department store
sentence2phrase.train-Travel-2-1,"The finer the thread, and the more complex the pattern, the more expensive the piece."
sentence2phrase.train-Travel-2-2,silk manufacturing techniques
sentence2phrase.train-Travel-3-1,"The main entrance to the circular old town, near the harbor, is the 19th-century Arco da Vila, a charming arch and bell tower habitually crowned by a venerable family of nesting storks."
sentence2phrase.train-Travel-3-2,storks making their nests in a picturesque bell tower and arch
sentence2phrase.train-Travel-4-1,Herring Cove gives you a good view and detailed explanations of the tides.
sentence2phrase.train-Travel-4-2,100% operated by tidal power
sentence2phrase.train-Travel-5-1,"Each spring, provided that weather conditions are favorable, it becomes a home to flamingos."
sentence2phrase.train-Travel-5-2,a spring home to flamingos in good weather
sentence2phrase.train-Travel-6-1,"He chose his oak and walnut from North America, teak from Asia, paneling, marble, and glass from Europe."
sentence2phrase.train-Travel-6-2,different building materials from all over the world
sentence2phrase.train-Travel-7-1,"In summer months there are sightseeing launches and, for the brave, swimming."
sentence2phrase.train-Travel-7-2,swimming in the summer months
sentence2phrase.train-Travel-8-1,Beijing’s grandest modern shopping mall is Sun Dong An Plaza.
sentence2phrase.train-Travel-8-2,both modern and classic Chinese goods
sentence2phrase.train-Travel-9-1,"Surrounding the marina are numerous boutiques, restaurants, and travel agencies, plus all types of services to accommodate arriving cruisers."
sentence2phrase.train-Travel-9-2,perennial spirit of celebration
sentence2phrase.train-Travel-10-1,"Across the western tip of Bali, mangrove swamps surround Gillimanuk, not much more than one wide street, a few homestays, and the ferry terminal for Java."
sentence2phrase.train-Travel-10-2,the all-encompassing mangrove swamps all over Bali's western coast
sentence2phrase.train-Travel-11-1,"An island of wonderful sandy beaches and farmland, it is also home to a large US military reserve."
sentence2phrase.train-Travel-11-2,wonderful sandy island beaches
sentence2phrase.train-Travel-12-1,"You are sure to find your own favorites, but here are a few acknowledged highlights."
sentence2phrase.train-Travel-12-2,a clear tidal lake
sentence2phrase.train-Travel-13-1,"The heart of the city is Plaza Major (also known by a variety of names such as Plaza des Armas, Plaza Principal, Plaza de la Independencia, and Plaza de la Revolucion)."
sentence2phrase.train-Travel-13-2,"Revolution Plaza, also known locally as Plaza Major"
sentence2phrase.train-Travel-14-1,"A nice excursion from Tavira is to the nearby island Ilha de Tavira, where there is a huge and thoroughly appealing beach backed by sand dunes."
sentence2phrase.train-Travel-14-2,sand dunes leading to a giant ocean beach
sentence2phrase.train-Travel-15-1,It cannot be seen fully until you enter its precincts through a narrow passage from the street.
sentence2phrase.train-Travel-15-2,a narrow alley from the main street
sentence2phrase.train-Travel-16-1,"After a second Dutch landing at Padangbai Bay, the puputan ritual was repeated when the Raja of Karangasem and his family threw themselves on the enemy guns."
sentence2phrase.train-Travel-16-2,"the puputan ritual of self-sacrifice, as demonstrated by the Raja of Karangasem and his family"
sentence2phrase.train-Travel-17-1,"Nearby, the “Peak That Flew from Afar” (Feilaifeng) shelters 380 Buddhist stone carvings created during the Yuan Dynasty and four sacred caves."
sentence2phrase.train-Travel-17-2,victory against them at Nándorfehérvár (now Belgrade) in 1456
sentence2phrase.train-Travel-18-1,"Here on the night of 18 April, 1775, sexton Robert Newman climbed the tower and hung the two lanterns (“one, if by land, and two, if by sea”) warning the colonists in Concord of British troop movements."
sentence2phrase.train-Travel-18-2,classical Americana forming the basis for a rich legend of Paul Revere
sentence2phrase.train-Travel-19-1,"In Ontario and Québec, where encroaching forests gradually dispersed the herds of caribou, the Iroquois ousted the Algonquin and settled down to cultivate maize, beans, and squash, living in rectangular, multifamily longhouses."
sentence2phrase.train-Travel-19-2,cultivation crops and living in houses
sentence2phrase.train-Travel-20-1,"Many provincial towns and villages hold Sunday markets where haggling is, of course, all part of the fun."
sentence2phrase.train-Travel-20-2,Sunday markets
sentence2phrase.train-Travel-21-1,The Film Museum in Vondelpark also has special showings and film festivals.
sentence2phrase.train-Travel-21-2,film festivals and special movie showings
sentence2phrase.train-Travel-22-1,The Spanish Aero cable car gives you a bird’s-eye view of the Niagara Whirlpool rapids.
sentence2phrase.train-Travel-22-2,an aerial look on the rapids
sentence2phrase.train-Travel-23-1,It is thought that large wooden doors were fitted between the pillars and that these could be removed to create a stoa (open fronted arcade) if the King wished it.
sentence2phrase.train-Travel-23-2,"removable, large wooden doors"
sentence2phrase.train-Travel-24-1,Do look beyond the tempting shop fronts to really get the most out of your tour.
sentence2phrase.train-Travel-24-2,shopping while on vacation
sentence2phrase.train-Travel-25-1,Take the cable car across the gorge for a close-up view of the rapids.
sentence2phrase.train-Travel-25-2,a close-up view of the rapids
sentence2phrase.train-Travel-26-1,"It covers 21⁄2 hectares (6 acres), and various collections are housed in the old brick military buildings, most of which date from the Victorian era."
sentence2phrase.train-Travel-26-2,the armory in the southwest corner
sentence2phrase.train-Travel-27-1,William Charles Cole Claiborne was a Protestant from Virginia who needed interpreters to communicate in both French and Spanish.
sentence2phrase.train-Travel-27-2,those who followed radical Pedro Albizu Campos
sentence2phrase.train-Travel-28-1,The War of 1812 was fostered by accumulated American grievances.
sentence2phrase.train-Travel-28-2,the War of 1812
sentence2phrase.train-Travel-29-1,The Hall of Benevolent Longevity (Renshou Dian) is where Empress Dowager Cixi received court members from her Dragon Throne (which is still in place).
sentence2phrase.train-Travel-29-2,the centuries-old dragon throne
sentence2phrase.train-Travel-30-1,There is also a room dedicated to the families who settled in Cozumel in the 19th century — after the War of the Castes — and who have developed the island since that time.
sentence2phrase.train-Travel-30-2,the development and revitalization of Cozumel in the 1800s
sentence2phrase.train-Travel-31-1,"It’s an easy day trip from Acapulco to this famed silver-mining town, and worthwhile for anyone interested in experiencing more of this country’s historical past."
sentence2phrase.train-Travel-31-2,Mexico's mining history
sentence2phrase.train-Travel-32-1,"The center of Lisbon is small, compact, and easy to get around in just a few days."
sentence2phrase.train-Travel-32-2,the sites of Portugal
sentence2phrase.train-Travel-33-1,"You’ll also find lots of older pieces — not quite antique but still exquisite — in collectibles shops around the town in the form of pretty spoons, ornate pill and snuff boxes, or letter openers."
sentence2phrase.train-Travel-33-2,"older collectable items like spoons, letter openers, and pill boxes"
sentence2phrase.train-Travel-34-1,Each member would organize a fortnightly banquet of game and fish he had caught himself.
sentence2phrase.train-Travel-34-2,seating arrangement for the banquet
sentence2phrase.train-Travel-35-1,"Venizelos was in power during the epic population exchange with Turkey (1922), under which almost one million repatriated Greeks flooded Athens."
sentence2phrase.train-Travel-35-2,immigration from Turkey to Athens
sentence2phrase.train-Travel-36-1,"This guard tower, built in 1345, is decorated in Buddhist carvings, with inscriptions in Chinese, Tibetan, Sanskrit, and languages of the northern tribes."
sentence2phrase.train-Travel-36-2,an exquisite old Moorish village with a sturdy ruined castle
sentence2phrase.train-Travel-37-1,"Have at least a drink at the Keltic Lodge hotel, an old Nova Scotia landmark worth a visit for its view of Cape Smokey."
sentence2phrase.train-Travel-37-2,the historic Keltic Lodge and its view of Cape Smokey
sentence2phrase.train-Travel-38-1,"Remnants of an underwater plateau that collapsed in the Jurassic period, they are part of a geological formation at least 150 million years old."
sentence2phrase.train-Travel-38-2,million year old remains of an underwater plateau from the Jurassic age
sentence2phrase.train-Travel-39-1,"The Sierra Morena This nearly 480 km (300-mile) mountain range runs from the mountains of southern Portugal in the west to the border of the Provincia de Murcia in the east, effectively forming the border between Andalucía and most of the rest of Spain."
sentence2phrase.train-Travel-39-2,in the center of a stairway
sentence2phrase.train-Travel-40-1,"In summertime the garrison comes to life with the Changing of the Guard (10am daily, June 24–first week of Sept.)."
sentence2phrase.train-Travel-40-2,a year-long tour of duty in London
sentence2phrase.train-Travel-41-1,"Creeping plants now climb the sheer walls, providing a new home to numerous birds, lizards, and frogs."
sentence2phrase.train-Travel-41-2,the exception that proves the rule
sentence2phrase.train-Travel-42-1,"The National Theater is located here, and across the road is the Estação do Rossio (with trains to Sintra and other places), which looks something like a Moorish palace with horseshoe arches, just west of the square."
sentence2phrase.train-Travel-42-2,the Moor design style of horseshoe arches
sentence2phrase.train-Travel-43-1,"Here is the true pulse of Budapest: large hotels, museums, government buildings, shopping streets, nightlife, and thunderously busy boulevards."
sentence2phrase.train-Travel-43-2,the many activities and attractions in Budapest
sentence2phrase.train-Travel-44-1,"When there are rebaixas, or sales happening, wading through the crowds here is no easy task."
sentence2phrase.train-Travel-44-2,impenetrable shopping crowds
sentence2phrase.train-Travel-45-1,"Just a little way north of the palace site is the chrysólakkas or ‘pit of gold,’ where the ‘golden bee’ pendant was discovered among a greater cache of jewels."
sentence2phrase.train-Travel-45-2,the earliest settlers from a previous church in England
sentence2phrase.train-Travel-46-1,The main house dates from the 17th century and has been owned by the present family since 1864.
sentence2phrase.train-Travel-46-2,"a family-owned house for centuries, dating back to the 17th century"
sentence2phrase.train-Travel-47-1,You’ll be able to buy everything from fruit and vegetables to textiles.
sentence2phrase.train-Travel-47-2,availability of fruit for purchase
sentence2phrase.train-Travel-48-1,"Thanks to the wells, Turpan grows cotton, melons, and grapes of great sweetness and renown."
sentence2phrase.train-Travel-48-2,"cotton, melon and grape farming in Turpan"
sentence2phrase.train-Travel-49-1,A sacbé links the palace to other parts of the site.
sentence2phrase.train-Travel-49-2,royal gardens
sentence2phrase.train-Travel-50-1,"Lured by the promise of treasure galleons and stores of ammunition, some pirates worked independently; others, however, were employed by the various European crowns, particularly the British, to help carry on their power struggles in the colonial world."
sentence2phrase.train-Travel-50-2,the allure of treasure and ammo for pirates
sentence2phrase.train-Travel-51-1,The side streets hold some good art (and craft) galleries and plenty of rewards for exploration.
sentence2phrase.train-Travel-51-2,exploring small side streets
sentence2phrase.train-Travel-52-1,"The silhouette of Gunung Merapi, still an active volcano, is often visible in the mist across the water."
sentence2phrase.train-Travel-52-2,morning mists across the lake
sentence2phrase.train-Travel-53-1,"Buildings inlcude M Pei’s Weisner Building, Green, Dreyfus and Landau Buildings, and Eduardo Catalano’s Stratton Student Center."
sentence2phrase.train-Travel-53-2,behind the athletic center
sentence2phrase.train-Travel-54-1,"A vibrant café-restaurant comprises one side of the square, but the dominant building is the splendid Vigadó theatre."
sentence2phrase.train-Travel-54-2,the magnificent Vigadó theater building
sentence2phrase.train-Travel-55-1,"To the north of Alexanderplatz, behind the Volksbühne theater, Schönhauser Allee is one of the most characteristic avenues of Old Berlin leading to the center of Prenzlauer Berg, the 19th century working-class quarter — now a lively, bohemian area with colorful nightlife."
sentence2phrase.train-Travel-55-2,Berlin's laborer housing
sentence2phrase.train-Travel-56-1,"Northeast of Stadhiou is Panepistimiou (University Street), officially named Elefthería Venizélou after the Cretan statesman."
sentence2phrase.train-Travel-56-2,designer of the Cretan constitution
sentence2phrase.train-Travel-57-1,Walk through the loggia to find the Church of Ágios Títos.
sentence2phrase.train-Travel-57-2,the nation’s main north-south railway
sentence2phrase.train-Travel-58-1,"You don’t need to travel all the way to Herend to buy Herend ceramics, as there is a specialist shop on József Nádor tér (behind the Gerbeaud café on Vörösmarty tér)."
sentence2phrase.train-Travel-58-2,the shop of József Nádor tér for buying Herend ceramics
sentence2phrase.train-Travel-59-1,"From 1950, a promotion campaign under Sir Stafford Sands was hugely successful in attracting tourists to the Bahamas."
sentence2phrase.train-Travel-59-2,the center of activity along this beach hinterland
sentence2phrase.train-Travel-60-1,"There are numerous excursions to Santorini to the north, and this tiny rock in the Aegean makes an interesting contrast to its larger cousin."
sentence2phrase.train-Travel-60-2,the most beautiful Greek isles
sentence2phrase.train-Travel-61-1,"The battlements afford good views over the harbor, and there are craft shops upstairs."
sentence2phrase.train-Travel-61-2,the gift shop in the basement
sentence2phrase.train-Travel-62-1,"Bars, restaurants, and late-night brasseries line the adjoining rue Berger and the streets leading off it."
sentence2phrase.train-Travel-62-2,businesses just off Berger street
sentence2phrase.train-Travel-63-1,"Try to visit before noon or after 4pm, especially in summer as most farming activity stops in the heat of the afternoon."
sentence2phrase.train-Travel-63-2,the precious image of Cristo de la Viña (Christ of the Vineyard)
sentence2phrase.train-Travel-64-1,"The Bagatelle, once a royal retreat, has a very lovely English garden, bursting with flowers during spring and early summer."
sentence2phrase.train-Travel-64-2,in Europe and North Africa
sentence2phrase.train-Travel-65-1,"The trail is especially good during early spring or summer mornings, when the waters are perfectly still, capturing the most breathtaking colors from the trees and the cliffs of Mount Watkins behind it."
sentence2phrase.train-Travel-65-2,the giant of the flea markets is St-Ouen just north of Porte de Clignancourt métro station
sentence2phrase.train-Travel-66-1,"However, if you have the time it is much more rewarding to do the circular journey along the north coast to Sitía then south around the Sitía and Ornón Mountain ranges approaching Ierápetra from the east — the landscape is much more exciting."
sentence2phrase.train-Travel-66-2,striking a 17th-century copper bell with coins
sentence2phrase.train-Travel-67-1,A legend arose that the cross may have been left by an ancient saint — perhaps even the Apostle Thomas — some fifteen centuries earlier.
sentence2phrase.train-Travel-67-2,a centuries-old ancient cross
sentence2phrase.train-Travel-68-1,"Just past here is Puente Diamante, the Acapulco Princess Golf Club, and a row of luxury hotels that fronts the open Pacific Ocean."
sentence2phrase.train-Travel-68-2,buried in coffins within coffins in subterranean royal tombs
sentence2phrase.train-Travel-69-1,A compact straw and vegetable market sits at the main crossroads.
sentence2phrase.train-Travel-69-2,businesses at the intersection
sentence2phrase.train-Travel-70-1,"Though no one is really sure of the precise landing site (Columbus is renowned for having been less than accurate in documenting his landing sites), the small park with its column and naïve paintings depicting Spanish colonization serves its purpose well."
sentence2phrase.train-Travel-70-2,a quaint park with paintings of the Spanish arrival and colonisation
sentence2phrase.train-Travel-71-1,"Two popular stops are La Coca Falls, on the right after the 5-mile (8-km) point, and the Yokahú Observation Tower, at the 51⁄2-mile (9-km) point."
sentence2phrase.train-Travel-71-2,La Coca Falls and the Yokahú Observation Tower
sentence2phrase.train-Travel-72-1,"But Britain backed this vested interest with tough diplomacy and a powerful navy, while Louis XIV was too wrapped up in his European power plays to pay much attention to French Canada."
sentence2phrase.train-Travel-72-2,Britain's vested interest in French Canada
sentence2phrase.train-Travel-73-1,"In the fourth century, the first Christian church, St-Etienne, was built, joined two centuries later by a second church, dedicated to Notre-Dame."
sentence2phrase.train-Travel-73-2,the church of Notre-Dame
sentence2phrase.train-Travel-74-1,"When Adolf Hitler arrived in Paris as a conqueror in 1940, the Arc de Triomphe was the first place he wanted to see."
sentence2phrase.train-Travel-74-2,distaste for the Eiffel tower
sentence2phrase.train-Travel-75-1,"Cistercian monks protested that such a sumptuous structure was an insult to the godly virtue of poverty, and today, architectural purists still find Notre-Dame a bit “too much."
sentence2phrase.train-Travel-75-2,religious orders
sentence2phrase.train-Idiomatic-76-1,I mopped up the kitchen floor so it was spick-and-span.
sentence2phrase.train-Idiomatic-76-2,friends in high places
sentence2phrase.train-Idiomatic-77-1,John Major was described by his opponents as a dyed-in-the-wool Conservative.
sentence2phrase.train-Idiomatic-77-2,attacks from Liberal politicians
sentence2phrase.train-Idiomatic-78-1,Mother and Father learned to drive in a car with a 3-on-the-tree.
sentence2phrase.train-Idiomatic-78-2,manual transmission automobile
sentence2phrase.train-Idiomatic-79-1,"What kind of a harebrained, off-the-wall idea is that?"
sentence2phrase.train-Idiomatic-79-2,proposals for action
sentence2phrase.train-Idiomatic-80-1,"He gave a tongue-in-cheek explanation of why the sky was blue, offering a theory about some primordial discount on light blue paint."
sentence2phrase.train-Idiomatic-80-2,playfully explaining science
sentence2phrase.train-Idiomatic-81-1,"My efforts lately have been catch-as-catch-can, not carefully planned."
sentence2phrase.train-Idiomatic-81-2,working out for the best
sentence2phrase.train-Idiomatic-82-1,The broken window and overturned plant pots were a tip-off that something was wrong.
sentence2phrase.train-Idiomatic-82-2,hints of a break-in
sentence2phrase.train-Idiomatic-83-1,"We are working at cross-purposes here, if you're trying to reduce the count and I'm trying to increase it."
sentence2phrase.train-Idiomatic-83-2,conflicting increases and decreases
sentence2phrase.train-Idiomatic-84-1,"Not wanting to reveal where she got the gift, his mother had to stretch the truth a bit."
sentence2phrase.train-Idiomatic-84-2,a present hidden in the closet
sentence2phrase.train-Idiomatic-85-1,He is a nose-picker.
sentence2phrase.train-Idiomatic-85-2,an uncouth young man
sentence2phrase.train-Idiomatic-86-1,The head-in-the-sand approach to environmentalism seldom improves matters.
sentence2phrase.train-Idiomatic-86-2,ignoring the problem
sentence2phrase.train-Idiomatic-87-1,"When the fire alarm went off, it was a free-for-all."
sentence2phrase.train-Idiomatic-87-2,total chaos due to the fire alarm
sentence2phrase.train-Idiomatic-88-1,24 hours of TV coverage of the US election verged on overkill.
sentence2phrase.train-Idiomatic-88-2,incessant coverage of the election
sentence2phrase.train-Idiomatic-89-1,The police received a tip-off about a recent bank robbery.
sentence2phrase.train-Idiomatic-89-2,clues about who was responsible for a robbery
sentence2phrase.train-Idiomatic-90-1,"After hours of mind-numbing work sorting hundreds of nearly identical form, he needed to stop and do something else."
sentence2phrase.train-Idiomatic-90-2,office paper work
sentence2phrase.train-Idiomatic-91-1,"It's like whack-a-mole: as soon as you fix one, another appears."
sentence2phrase.train-Idiomatic-91-2,a constant stream of new problems
sentence2phrase.train-Idiomatic-92-1,"She's very popular and good with numbers, so I expect she'll be a shoo-in for treasurer."
sentence2phrase.train-Idiomatic-92-2,well-liked and financially savvy
sentence2phrase.train-Idiomatic-93-1,It's really a toss-up between the red skirt with blue stripes and the blue skirt with red stripes.
sentence2phrase.train-Idiomatic-93-2,a tough decision on which skirt to choose
sentence2phrase.train-Idiomatic-94-1,"When I see that weird house, I get the heebie-jeebies."
sentence2phrase.train-Idiomatic-94-2,shivers down my spine from seeing that spooky house
sentence2phrase.train-Idiomatic-95-1,a head-on approach to a problem.
sentence2phrase.train-Idiomatic-95-2,pussyfooting around the problem
sentence2phrase.train-Idiomatic-96-1,"The opposing team was so soundly trounced, they left directly from the game with their tail between their legs and avoided the locker room entirely."
sentence2phrase.train-Idiomatic-96-2,avoiding further humiliation by immediately departing for home
sentence2phrase.train-Idiomatic-97-1,The story described the main character's wristwatch in mind-numbing detail.
sentence2phrase.train-Idiomatic-97-2,second hands on the watch
sentence2phrase.train-Idiomatic-98-1,We completely agree and there's no daylight between us on the issue.
sentence2phrase.train-Idiomatic-98-2,complete agreement
sentence2phrase.train-Idiomatic-99-1,He has an ankle sprain and his status is day-to-day.
sentence2phrase.train-Idiomatic-99-2,increase to sports-related injuries
sentence2phrase.train-Idiomatic-100-1,Madrid had to keep an eye on their loose canons after the game to avoid any further penalities from player fights.
sentence2phrase.train-Idiomatic-100-2,players who are inclined towards violence
sentence2phrase.train-Idiomatic-101-1,"Now, over to our man in Tokyo for an on-the-spot report."
sentence2phrase.train-Idiomatic-101-2,Japanese news updates
sentence2phrase.train-Idiomatic-102-1,He gave a blow-by-blow account of the entire trip.
sentence2phrase.train-Idiomatic-102-2,recollection of events
sentence2phrase.train-Idiomatic-103-1,Do some back-of-the-envelope calculations before all the facts come in.
sentence2phrase.train-Idiomatic-103-2,waiting for final details
sentence2phrase.train-Idiomatic-104-1,Their soup-to-nuts approach left us with few questions.
sentence2phrase.train-Idiomatic-104-2,questions about designs
sentence2phrase.train-Idiomatic-105-1,One of the most upper-crust districts of Paris.
sentence2phrase.train-Idiomatic-105-2,step out of line
sentence2phrase.train-Idiomatic-106-1,My wife makes the best little old apple pie in Texas.
sentence2phrase.train-Idiomatic-106-2,hammer home
sentence2phrase.train-Idiomatic-107-1,He took her to the park where they first met before popping the question.
sentence2phrase.train-Idiomatic-107-2,engagement ring
sentence2phrase.train-Idiomatic-108-1,Pretty eyes have always been a turn-on.
sentence2phrase.train-Idiomatic-108-2,attractive eyes
sentence2phrase.train-Idiomatic-109-1,"Although they are still available, I think we would be hard-pressed to find one on short notice."
sentence2phrase.train-Idiomatic-109-2,bricks and mortar
sentence2phrase.train-Idiomatic-110-1,He never got used to the cut-and-thrust of political debate.
sentence2phrase.train-Idiomatic-110-2,objective political discussion
sentence2phrase.train-Idiomatic-111-1,He told an off-color joke.
sentence2phrase.train-Idiomatic-111-2,a crick in my back all night
sentence2phrase.train-Idiomatic-112-1,"He's more of a lone wolf, always programming on his own and rarely talking to others about what he's up to."
sentence2phrase.train-Idiomatic-112-2,software development by a single individual
sentence2phrase.train-Idiomatic-113-1,"She told me to ask so-and-so, but he didn't know, either."
sentence2phrase.train-Idiomatic-113-2,asking a specific person
sentence2phrase.train-Idiomatic-114-1,Tom Pitella is a go-getter and does not rely on others to prove things in the field of mathematics to him.
sentence2phrase.train-Idiomatic-114-2,solving mathematics problems himself
sentence2phrase.train-Idiomatic-115-1,The government contract forces us to stick to hard-and-fast rules.
sentence2phrase.train-Idiomatic-115-2,penalties for violating export control
sentence2phrase.train-Idiomatic-116-1,The 'closet can be a scary place for a gay teenager.
sentence2phrase.train-Idiomatic-116-2,hiding one's sexuality
sentence2phrase.train-Idiomatic-117-1,They're aiming for a more upper-crust clientele.
sentence2phrase.train-Idiomatic-117-2,whale of a time
sentence2phrase.train-Idiomatic-118-1,This isn't your run-of-the-mill refrigerator; you'll find the extra features well worth the price.
sentence2phrase.train-Idiomatic-118-2,high and dry
sentence2phrase.train-Idiomatic-119-1,"I was making a cake but when I added too much sugar, it became the balls-up of my cooking career."
sentence2phrase.train-Idiomatic-119-2,the worst cooking mistake I've made
sentence2phrase.train-Idiomatic-120-1,The streaker's wet dream was to be on TV butt-naked on a rainy day.
sentence2phrase.train-Idiomatic-120-2,personal best-case scenario
sentence2phrase.train-Idiomatic-121-1,He made a few off-the-cuff remarks before launching into his prepared speech.
sentence2phrase.train-Idiomatic-121-2,precipitated into a riot
sentence2phrase.train-Idiomatic-122-1,Obtaining financing was a life-or-death matter for the research.
sentence2phrase.train-Idiomatic-122-2,labour of love
sentence2phrase.train-Idiomatic-123-1,The term black sanctus was originally anglicized from Latin.
sentence2phrase.train-Idiomatic-123-2,the Latin vulgate
sentence2phrase.train-Idiomatic-124-1,My slave-driving boss expects me to work over the weekend - what a ball-breaker!
sentence2phrase.train-Idiomatic-124-2,unappealing work on the weekend
sentence2phrase.train-Idiomatic-125-1,"For us it's been a real Catch-22; when we have the time to take a vacation, we don't have enough money and when we have enough money, we don't have the time."
sentence2phrase.train-Idiomatic-125-2,the time and money required for vacation
sentence2phrase.train-Idiomatic-126-1,No wonder it doesn't work. The whole design is ass-backwards.
sentence2phrase.train-Idiomatic-126-2,designed by committee
sentence2phrase.train-Idiomatic-127-1,The politician was unnerved by the journalist's quick-fire questioning.
sentence2phrase.train-Idiomatic-127-2,a breaking report by 60 Minutes
sentence2phrase.train-Idiomatic-128-1,Congress frequently meets behind closed doors to avoid public scrutiny of their bargaining process.
sentence2phrase.train-Idiomatic-128-2,congress dodging criticism using secret meetings
sentence2phrase.train-Idiomatic-129-1,He sent flowers in a last-ditch effort to keep her from leaving.
sentence2phrase.train-Idiomatic-129-2,flowers for a loved one
sentence2phrase.train-Idiomatic-130-1,His touch-and-go condition kept his wife at the hospital for days.
sentence2phrase.train-Idiomatic-130-2,precarious health
sentence2phrase.train-Idiomatic-131-1,He preferred the clarity of science and left the touchy-feely stuff to others.
sentence2phrase.train-Idiomatic-131-2,attraction to cognitive science research
sentence2phrase.train-Idiomatic-132-1,He's been on his soapbox all day about the new football coach.
sentence2phrase.train-Idiomatic-132-2,complaining about the coach
sentence2phrase.train-Idiomatic-133-1,The earthquake left the residents hard-pressed.
sentence2phrase.train-Idiomatic-133-2,beyond one's wildest dreams
sentence2phrase.train-Idiomatic-134-1,"I hate this poor, polluted, ignorant pissass town!"
sentence2phrase.train-Idiomatic-134-2,power behind the throne
sentence2phrase.train-Idiomatic-135-1,That pencil-necked geek isn't going to stop me.
sentence2phrase.train-Idiomatic-135-2,eyes in the back of your head
sentence2phrase.train-Idiomatic-136-1,The media published a blow-by-blow of the trial as it happened.
sentence2phrase.train-Idiomatic-136-2,extremely detailed court reporting
sentence2phrase.train-Idiomatic-137-1,They caught us flat-footed.
sentence2phrase.train-Idiomatic-137-2,fiddling while Rome burns
sentence2phrase.train-Idiomatic-138-1,We're doomed if this wee jumped-up monkey gets Gordon Smith's blessing.
sentence2phrase.train-Idiomatic-138-2,bad planning
sentence2phrase.train-Idiomatic-139-1,She's rather thin-skinned when it comes to comments about her work.
sentence2phrase.train-Idiomatic-139-2,constructive criticism
sentence2phrase.train-CQA-140-1,can a bad registry cause links not to work and can the 'cleaners' cause all the problems?
sentence2phrase.train-CQA-140-2,problems with the Windows registry
sentence2phrase.train-CQA-141-1,"Websites that if i type in something, it will say it aloud, but in differnet accents?"
sentence2phrase.train-CQA-141-2,hearing different accents for the same piece of text
sentence2phrase.train-CQA-142-1,anyone know any good sites 4 listen to music for free other than playlist?
sentence2phrase.train-CQA-142-2,free music sites
sentence2phrase.train-CQA-143-1,Does it cost anything to post a sale on ebay?
sentence2phrase.train-CQA-143-2,multiple items for sale
sentence2phrase.train-CQA-144-1,"INTERNET CONNECTED, BUT BROWSING TROUGH EXPLORER WONT WORK -- help plz!?"
sentence2phrase.train-CQA-144-2,problems connecting to internet
sentence2phrase.train-CQA-145-1,whn i vsit sum websites t says 'sorry ths website s nt availbl fr u r country' i'm frm india wt 2 do?
sentence2phrase.train-CQA-145-2,blocking websites on a per-country basis
sentence2phrase.train-CQA-146-1,How we can come to know whether the article we are writing is orignal or not?
sentence2phrase.train-CQA-146-2,measuring writing originality
sentence2phrase.train-CQA-147-1,What is a music website that will not be blocked at schools?
sentence2phrase.train-CQA-147-2,blocks on most streaming music sites
sentence2phrase.train-CQA-148-1,"comcast internet works, then doesnt work, then works,then doesnt work..?"
sentence2phrase.train-CQA-148-2,Comcast internet provider
sentence2phrase.train-CQA-149-1,Can you give me some feedback to make my blog better?
sentence2phrase.train-CQA-149-2,improvements to my blog
sentence2phrase.train-CQA-150-1,What is the best way to promote your web hosting website?
sentence2phrase.train-CQA-150-2,advertisements or word of mouth
sentence2phrase.train-CQA-151-1,Is it rude to ask for a lower offer on ebay?
sentence2phrase.train-CQA-151-2,internet explorer 8
sentence2phrase.train-CQA-152-1,Is it illegal to download Japanese/Korean/Taiwanese TV shows in the UK?
sentence2phrase.train-CQA-152-2,the legality of downloading Asian TV shows
sentence2phrase.train-CQA-153-1,I keep getting re-directed to other sites when I open up my broswer?
sentence2phrase.train-CQA-153-2,problems with browser redirecting to sites when opened
sentence2phrase.train-CQA-154-1,What is a better browser to use: Mozilla Firefox or Internet Explorer?
sentence2phrase.train-CQA-154-2,preference for Opera
sentence2phrase.train-CQA-155-1,"Can't access website, could someone help me get this in?"
sentence2phrase.train-CQA-155-2,submitting web forms
sentence2phrase.train-CQA-156-1,Can a virus/trojan/keylogger ect. corrupt or get into my connection?
sentence2phrase.train-CQA-156-2,a malicious program changing my computer's settings
sentence2phrase.train-CQA-157-1,"Why can I download torrents fine, but internet pages don't load properly (if at all)?"
sentence2phrase.train-CQA-157-2,problems view webpages but not downloading torrents
sentence2phrase.train-CQA-158-1,How do I restore previous websites in the address bar in Firefox?
sentence2phrase.train-CQA-158-2,restoring Firefox browser history
sentence2phrase.train-CQA-159-1,"I sold an item on ebay and the money went in my paypal account, now i want to use it to pay for a dvd i brough?"
sentence2phrase.train-CQA-159-2,wireless laptop
sentence2phrase.train-CQA-160-1,what are some photosharing websites where people can pay u to download your pics?
sentence2phrase.train-CQA-160-2,amateur photographer with a nice camera
sentence2phrase.train-CQA-161-1,"If my friend has a webcam, can i still do 'video call' with them if I have a Skype account, but not a webcam?"
sentence2phrase.train-CQA-161-2,video chat with a friend
sentence2phrase.train-CQA-162-1,how do i get employment information on someone i took to court.they owe me money.?
sentence2phrase.train-CQA-162-2,website where teenagers can walk around and chat
sentence2phrase.train-CQA-163-1,"IN opera browser, i tried to change colour to Blue but it is still grey bars?"
sentence2phrase.train-CQA-163-2,change colors in Opera
sentence2phrase.train-CQA-164-1,"I recently blocked a site through my router, then unblocked it why can i still not access it?"
sentence2phrase.train-CQA-164-2,router configuration
sentence2phrase.train-CQA-165-1,How can I make more money as a webcam girl?
sentence2phrase.train-CQA-165-2,that website that looks like Twitter
sentence2phrase.train-CQA-166-1,Could this girl be lying or is she really telling the truth?
sentence2phrase.train-CQA-166-2,Buy Now button
sentence2phrase.train-CQA-167-1,How much is adultfriendfinder and virtuagirlhd making and why are its ads everywhere?
sentence2phrase.train-CQA-167-2,advertising revenues for common banner ads
sentence2phrase.train-CQA-168-1,When I close one internet Explorer Window all the other open IE Windows get Closed !?
sentence2phrase.train-CQA-168-2,closing IE browser windows
sentence2phrase.train-CQA-169-1,"If I buy something with PayPal, how will the purchase appear on my credit card statement?"
sentence2phrase.train-CQA-169-2,the full product name
sentence2phrase.train-CQA-170-1,I have a virus that i cannot get rid of....HELP!!!!!?
sentence2phrase.train-CQA-170-2,an unremovable virus
sentence2phrase.train-CQA-171-1,"After upgrading from IE 6 to IE 8 I appear to have lost my Bookmarks, on the toolbar Bookmarks is shaded out?"
sentence2phrase.train-CQA-171-2,losing all my bookmarks after upgrading to IE8
sentence2phrase.train-CQA-172-1,Why I cannot connect to the Web using any browser but can connect using the My Computer icon?
sentence2phrase.train-CQA-172-2,problems connecting to the Internet
sentence2phrase.train-CQA-173-1,Is there a website to make money working at home?
sentence2phrase.train-CQA-173-2,guide for self employment
sentence2phrase.train-CQA-174-1,"Has anyone used HappyBidders before and won something before, Is a scam or not. www.happybidders.com?"
sentence2phrase.train-CQA-174-2,veracity of happybidders prize claims
sentence2phrase.train-CQA-175-1,Why don't they have a six month premium membership on deviantART?
sentence2phrase.train-CQA-175-2,lack of a six-month premium deviantART membership
sentence2phrase.train-CQA-176-1,How do I get more vistors to come to my website?
sentence2phrase.train-CQA-176-2,advertisements or word of mouth
sentence2phrase.train-CQA-177-1,Where can I find low-size (1 GB or so) torrent movies?
sentence2phrase.train-CQA-177-2,downloading movies with small file size
sentence2phrase.train-CQA-178-1,Whats the website where it lists phone numbers to companys so you arent on hold?
sentence2phrase.train-CQA-178-2,server hosting service providers with WordPress
sentence2phrase.train-CQA-179-1,How do I get rid of the 'Favorites' and 'History' sections on the Internet Explorer Address bar?
sentence2phrase.train-CQA-179-2,clearing the information in the IE address bar
sentence2phrase.train-CQA-180-1,do i have to have paypal to buy something on e-bay?
sentence2phrase.train-CQA-180-2,requirement for using PayPal
sentence2phrase.train-CQA-181-1,if u have 2 blackberries do u have to pay double internet?
sentence2phrase.train-CQA-181-2,AT&T terms of service
sentence2phrase.train-CQA-182-1,Is there a site you can advertise stuff what are up for bidding free?
sentence2phrase.train-CQA-182-2,advertising items online
sentence2phrase.train-CQA-183-1,HOW TO MAKE CALLS TO MOBILE & LAND LINE PHONES USING INTERNET BROAD BAND?
sentence2phrase.train-CQA-183-2,VoIP phone
sentence2phrase.train-CQA-184-1,How do you transfer your itunes library to another drive (such as an external hard drive)?
sentence2phrase.train-CQA-184-2,proxy list for use at school
sentence2phrase.train-CQA-185-1,What's the name of that website that looks like Twitter?
sentence2phrase.train-CQA-185-2,a block on Twitter in my country
sentence2phrase.train-CQA-186-1,Does Formspring ever take a while to publish your answers?
sentence2phrase.train-CQA-186-2,lockerz prices
sentence2phrase.train-CQA-187-1,Can you buy straight out on Ebay or do you always have to make a bid?
sentence2phrase.train-CQA-187-2,Ebay bidding versus buying
sentence2phrase.train-CQA-188-1,Don't we use the internet because we don't want to see commercials?
sentence2phrase.train-CQA-188-2,avoiding commercials
sentence2phrase.train-CQA-189-1,where can I do a reverse phone number look up that is 100% FREE and DISCREET?
sentence2phrase.train-CQA-189-2,an unknown number that called my phone
sentence2phrase.train-CQA-190-1,do you now where i can watch free older movies online without download?
sentence2phrase.train-CQA-190-2,streaming vintage movies for free
sentence2phrase.train-CQA-191-1,how do i watch a show thats restricted to a certain country?
sentence2phrase.train-CQA-191-2,located in the UK
sentence2phrase.train-CQA-192-1,How do I get this magnification box to go away?
sentence2phrase.train-CQA-192-2,2 kids in a sandbox
sentence2phrase.train-CQA-193-1,Why am I getting referrers on wordpress from random facebook links?
sentence2phrase.train-CQA-193-2,best answer best points
sentence2phrase.train-CQA-194-1,how do i get the text in the textbox back after accidentally pressing the back button!!!?
sentence2phrase.train-CQA-194-2,restoring textbox text after changing pages
sentence2phrase.train-CQA-195-1,Where on the internets can I find an unstaged video of a girl dancing and stripping naked on a bar room table?
sentence2phrase.train-CQA-195-2,videos of strip dancing on a bar room table
sentence2phrase.train-CQA-196-1,Why is it someone always beats me to answering first?
sentence2phrase.train-CQA-196-2,pictures of what people would look like as the opposite sex
sentence2phrase.train-CQA-197-1,i just sold something on ebay and now im confused on what to do next?
sentence2phrase.train-CQA-197-2,what to do after selling an item
sentence2phrase.train-CQA-198-1,What is the best and safest place to setup an email account for my 14 year old teenager?
sentence2phrase.train-CQA-198-2,everywhere i go on-line
sentence2phrase.train-CQA-199-1,Does Paypal make me pay right away when I send money?
sentence2phrase.train-CQA-199-2,timing of PayPal's actions
sentence2phrase.train-CQA-200-1,Is there really a reverse phone search that is free?
sentence2phrase.train-CQA-200-2,reverse phone lookup
sentence2phrase.train-CQA-201-1,What would be my best bet to surviving a raptor attack?
sentence2phrase.train-CQA-201-2,fleeing for my life or fighting
sentence2phrase.train-CQA-202-1,When will lockerz Launch come and what will it be like?
sentence2phrase.train-CQA-202-2,prizes back in stock
sentence2phrase.train-CQA-203-1,does anybody know of any web sites that has a list of all the flowers they have?
sentence2phrase.train-CQA-203-2,list of all flowers available on a website
sentence2phrase.train-CQA-204-1,is there a website where I can create a creature?
sentence2phrase.train-CQA-204-2,creative design websites
sentence2phrase.train-CQA-205-1,"What is the best FREE, ONLINE video converter that actually works?"
sentence2phrase.train-CQA-205-2,online streaming
sentence2phrase.train-CQA-206-1,does anyone know an untie filter that works on Mozilla firefox3.6?
sentence2phrase.train-CQA-206-2,untie filter browser plugin
sentence2phrase.train-CQA-207-1,How to take snapshots of you and the person your talking to on skype?
sentence2phrase.train-CQA-207-2,Amazon Free Super Shipping
sentence2phrase.train-CQA-208-1,How do I make a new tab in Firefox NOT open as my last tab?
sentence2phrase.train-CQA-208-2,Firefox tab preferences
sentence2phrase.train-CQA-209-1,What is a Proxy and how do I get rid of it?
sentence2phrase.train-CQA-209-2,little known sites
sentence2phrase.train-CQA-210-1,I cant send mail from my alternative address to any Yahoo address?
sentence2phrase.train-CQA-210-2,blocked email address
sentence2phrase.train-CQA-211-1,On Twitter if u reply to a tweet posted by sum1 u follow do u they see ur reply if they aren't following u?
sentence2phrase.train-CQA-211-2,without the files actually being on my computer
sentence2phrase.train-CQA-212-1,Why does Verizon DSL not offer promotional discounts to current customers?
sentence2phrase.train-CQA-212-2,Verizon promotional discounts
sentence2phrase.train-CQA-213-1,can you pay for stuff on ebay with mutiple cards?
sentence2phrase.train-CQA-213-2,credit card payments online
sentence2phrase.train-CQA-214-1,"is www.listia.com a scam, or do you really get the stuff you win?"
sentence2phrase.train-CQA-214-2,taking forever to load
sentence2phrase.train-CQA-215-1,How do I get my once a year free credit report?
sentence2phrase.train-CQA-215-2,interest rates based on my credit scores
sentence2phrase.train-CQA-216-1,How long does it take to receive a payment to Paypal account when selling on Ebay?
sentence2phrase.train-CQA-216-2,contacting the buyer for proof of payment
sentence2phrase.train-CQA-217-1,"Looking for Advice about an eBayer Seller, sending me empty boxes.?"
sentence2phrase.train-CQA-217-2,advice on empty boxes sent by eBay seller
sentence2phrase.train-CQA-218-1,If i give Points2shop my addres will they send me stuff i didn't ask for?
sentence2phrase.train-CQA-218-2,only the cookies you want
sentence2phrase.train-CQA-219-1,How to block audio on  commercial on a webpage ?
sentence2phrase.train-CQA-219-2,muting sound
sentence2phrase.train-CQA-220-1,Computer shows that internet is working but get DNS failure on every website I try?
sentence2phrase.train-CQA-220-2,constant DNS failure
sentence2phrase.train-CQA-221-1,How do I watch videos on Megavideo without the time limit?
sentence2phrase.train-CQA-221-2,watching videos on Megavideo
sentence2phrase.train-CQA-222-1,do prizes on lockerz decrease points over time or do they stay the same?
sentence2phrase.train-CQA-222-2,lockerz prizes point values
sentence2phrase.train-CQA-223-1,Can we print Deviantart pics on a printer if it's not a paying picture?
sentence2phrase.train-CQA-223-2,printing non-paying Deviantart pictures
sentence2phrase.train-CQA-224-1,how to remove this error that's skype IE plugin error?
sentence2phrase.train-CQA-224-2,configuring the Skype IE plugin
sentence2phrase.train-CQA-225-1,Suggest me a good wireless internet connection with unlimited usage?
sentence2phrase.train-CQA-225-2,unlimited wireless internet provider
sentence2phrase.train-CQA-226-1,When you submit a Best Offer on Ebay does it count as a Buy It now purchase?
sentence2phrase.train-CQA-226-2,waiting for purchase to complete
sentence2phrase.train-CQA-227-1,My twitter search tool works with IE but not with Firefox?
sentence2phrase.train-CQA-227-2,Twitter search tool
sentence2phrase.train-Newswire-228-1,"Only this year, six years overdue, and under enormous pressure from the French Government, has the Commission at last proposed European harmonised noise indicators."
sentence2phrase.train-Newswire-228-2,European harmonised noise indicators
sentence2phrase.train-Newswire-229-1,"I believe the future of fishing in international waters depends on these organisations, and the Commission must make every possible effort."
sentence2phrase.train-Newswire-229-2,the future of fishing in international waters depending on organisations
sentence2phrase.train-Newswire-230-1,The Commission considers that such adjustments go in the right direction towards the establishment of fairer charging systems which give also an incentive for a more rational and efficient use of the road network.
sentence2phrase.train-Newswire-230-2,on the back of the taxpayer
sentence2phrase.train-Newswire-231-1,"I am committed to ensuring that the food consumers have available, whether it comes from within or outside the European Union, meets the highest standards."
sentence2phrase.train-Newswire-231-2,a thorny issue
sentence2phrase.train-Newswire-232-1,"If the financial perspective is not revised, we will inevitably be caught up in 'financial engineering' , in redeploying resources and in cuts, either in general expenditure, social and environmental spending or in cooperation."
sentence2phrase.train-Newswire-232-2,preventative measures
sentence2phrase.train-Newswire-233-1,"I will, of course, inform the President of what you have said."
sentence2phrase.train-Newswire-233-2,espionage within government
sentence2phrase.train-Newswire-234-1,We now have a harmonised scheme to draft country strategy papers and indicative cooperation programmes in all developing countries.
sentence2phrase.train-Newswire-234-2,a brisk pace
sentence2phrase.train-Newswire-235-1,Current compensation funds have been inadequately funded and this was all too apparent in the case of the Braer disaster where the Shetland Islands fishing industry was inadequately compensated for its losses.
sentence2phrase.train-Newswire-235-2,inadequate funding after the Braer Disaster
sentence2phrase.train-Newswire-236-1,"In paragraph 26, moreover, it called for the establishment of an international arbitration organisation to cancel the debts of the countries of the South."
sentence2phrase.train-Newswire-236-2,document stating the necessity of international arbitration organisation to eliminate debt in the South
sentence2phrase.train-Newswire-237-1,We have heard the justifications for them and for the reprise of the industrial arguments which we heard in committee.
sentence2phrase.train-Newswire-237-2,called for jury
sentence2phrase.train-Newswire-238-1,It is also unfortunate that a large number of programmes have been put in the so-called performance reserve.
sentence2phrase.train-Newswire-238-2,performance reserve
sentence2phrase.train-Newswire-239-1,I am sure that the Albanian political prisoners will also be released soon.
sentence2phrase.train-Newswire-239-2,a considerable number of Albanians
sentence2phrase.train-Newswire-240-1,Pressure also came last night from religious circles as three Anglican bishops said it was time for their former colleague to step down.
sentence2phrase.train-Newswire-240-2,pressure from three Anglican bishops to abdicate
sentence2phrase.train-Newswire-241-1,"I believe that some rethinking will certainly have to be done between the Council and Parliament on the liability limit for classification societies, irrespective of what is decided today."
sentence2phrase.train-Newswire-241-2,rethinking liability limits
sentence2phrase.train-Newswire-242-1,"At the very long end, the 30-year bond US30YT=RR lost 2/32 for a yield of 4.41 percent."
sentence2phrase.train-Newswire-242-2,raising its targets for chip sales on Friday
sentence2phrase.train-Newswire-243-1,"Mr President, I have Mr Nicholson's problem in an even more acute form."
sentence2phrase.train-Newswire-243-2,in the political sector
sentence2phrase.train-Newswire-244-1,"The American Anglican Council, which represents Episcopalian conservatives, said it will seek authorization to create a separate group in North America."
sentence2phrase.train-Newswire-244-2,battle over gay rights
sentence2phrase.train-Newswire-245-1,That is why I believe there is a tremendous role for the Commission to play in going out there and encouraging the fishermen to come forward and cooperate with it and come forward with a solution that we can all agree to.
sentence2phrase.train-Newswire-245-2,the commission's cooperation and support for an agreement with the fishermen
sentence2phrase.train-Newswire-246-1,IBM of the US and Infineon Technologies of Germany will today announce a technological development that could threaten multi-billion dollar memory chip markets.
sentence2phrase.train-Newswire-246-2,a tech advancement from IBM and Infineon
sentence2phrase.train-Newswire-247-1,"Parliament must be regularly consulted and updated on progress, and it is this, the second of the rapporteurs' requests, which we must all support."
sentence2phrase.train-Newswire-247-2,progress consultation
sentence2phrase.train-Newswire-248-1,"For example, with regard to our aid to Mediterranean countries, we have a backlog which has accumulated over many years of budgets."
sentence2phrase.train-Newswire-248-2,hot countries with bad budgeting
sentence2phrase.train-Newswire-249-1,What do you think the impact will be for the Paralympic movement will be with the Games being televised live in the United States for first time?
sentence2phrase.train-Newswire-249-2,implications of broadcasting Paralympic games in USA on Paralympic movement.
sentence2phrase.train-Newswire-250-1,I think it was an excellent political declaration but we still have a few problems here.
sentence2phrase.train-Newswire-250-2,solid political allegations with  troubles
sentence2phrase.train-Newswire-251-1,"Mr. Holden toured Northmoor, where between 25 and 30 homes were either damaged or destroyed and the town hall and police station also were damaged."
sentence2phrase.train-Newswire-251-2,damage to dozens of homes as well as the police station and town hall
sentence2phrase.train-Newswire-252-1,How can we even consider reviving this partnership without first resolving the conflict?
sentence2phrase.train-Newswire-252-2,relationship break-up
sentence2phrase.train-Newswire-253-1,"As regards MEDA, the Council said that the commitments are not a problem owing to the eight years of payment backlogs."
sentence2phrase.train-Newswire-253-2,equating owing money with debt
sentence2phrase.train-Newswire-254-1,"The important thing now is that a good number of projects are presented under the SPDs, but also, alongside this grass-roots action, we must consider in depth the specific needs of each of the outermost regions in relation to access to the information society."
sentence2phrase.train-Newswire-254-2,grass-roots movements in rural America
sentence2phrase.train-Newswire-255-1,"The new service was planned to be introduced on flights connecting Honolulu with Oakland, San Jose, Sacramento, Seattle, Phoenix, Fukuoka, Sendai, Seoul, Brisbane, Papeete, and Pago Pago; and Kahului with San Jose, Oakland, and Seattle."
sentence2phrase.train-Newswire-255-2,national and international flights
sentence2phrase.train-Newswire-256-1,"As Commissioner Schreyer has already mentioned, there are many political announcements coming out of this year' s Budget: the reorganisation of agricultural policy, new structural programmes, measures to ensure better implementation of the structural policy, and steps designed to follow up the decisions taken at the Lisbon Summit for creating a stronger and more competitive EU and for combating social exclusion."
sentence2phrase.train-Newswire-256-2,an obstruction to the proper running of the market
sentence2phrase.train-Newswire-257-1,"This shows that, in this area more than any other, we have a tremendous responsibility and we must, it seems to me, stifle any institutional pride we may have."
sentence2phrase.train-Newswire-257-2,putting aside institutional pride
sentence2phrase.train-Newswire-258-1,Provided the vendor can always inform the buyer of the nature of the goods and the limitations on the information that should be sufficient.
sentence2phrase.train-Newswire-258-2,false advertising
sentence2phrase.train-Newswire-259-1,"Branson said that his preference would be to operate a fully commercial service on routes to New York, Barbados and Dubai."
sentence2phrase.train-Newswire-259-2,federal offices
sentence2phrase.train-Newswire-260-1,The Fox Movie Channel has banned Charlie Chan.
sentence2phrase.train-Newswire-260-2,banning actors from appearing
sentence2phrase.train-Newswire-261-1,"I reliably receive reminders when my dog needs a vaccination, writes Steinberg, of Johns Hopkins University."
sentence2phrase.train-Newswire-261-2,vaccinating the family pet
sentence2phrase.train-Newswire-262-1,I would also like to pick on the Council by asking why it is not moving forward on Article 24 of the Financial Regulation.
sentence2phrase.train-Newswire-262-2,online banking
sentence2phrase.train-Newswire-263-1,"Immigrants to the United States from Southeast Asia and India have higher than expected male to female birth ratios, which the report authors suggest is partially deliberate sex selection based on cultural attitudes from home countries."
sentence2phrase.train-Newswire-263-2,birth rates in the U.S.
sentence2phrase.train-Newswire-264-1,"This brings me to our group' s strategy, because at the core of our belief is the wish to get value for money for the European citizen."
sentence2phrase.train-Newswire-264-2,failed strategies for maintaining the value of the euro in this crisis
sentence2phrase.train-Newswire-265-1,And what is his opinion of Mr Cem's position - the President-in-Office did not reply here - that there can be no link-up between the Cyprus question and furthering the Accession Partnership between Turkey and the European Union?
sentence2phrase.train-Newswire-265-2,the President neglecting to answer a question
sentence2phrase.train-Newswire-266-1,"Some amendments, such as Nos 1 and 18, deal with questions that basically concern the United Kingdom, and it must be said that all the groups from the United Kingdom, whether socialist, popular or green, have supported them vehemently and they have been approved in the Committee on the Environment."
sentence2phrase.train-Newswire-266-2,"Socialist, Popular and Green common viewpoints."
sentence2phrase.train-Newswire-267-1,"The Court, as in other years, has failed to point out exactly where those failures occurred."
sentence2phrase.train-Newswire-267-2,successful management of the EU's finances
sentence2phrase.train-Newswire-268-1,"The question is: who should these students apply to in order to confirm that, if they take these courses and complete their studies in Britain, they are entitled to have results?"
sentence2phrase.train-Newswire-268-2,British students confirming that their degrees will yield results
sentence2phrase.train-Newswire-269-1,The website of international news service Al Jazeera was hacked Tuesday by a group idenitified only as Al-Rashedon.
sentence2phrase.train-Newswire-269-2,trapping four people
sentence2phrase.train-Newswire-270-1,Bank of America leads Consumer Financial Protection Bureau complaints about mortgages.
sentence2phrase.train-Newswire-270-2,rising mortgages
sentence2phrase.train-Newswire-271-1,"I never thought I'd say this, but I almost missed Vin Diesel at first."
sentence2phrase.train-Newswire-271-2,Vin Diesel's movie character
sentence2phrase.train-Newswire-272-1,"The event features brand new attractions including a high dive show, a wolf pack exhibit and an Old West exhibit."
sentence2phrase.train-Newswire-272-2,howling wolves on show
sentence2phrase.train-Newswire-273-1,It is the prerogative of those handing out money to stipulate the political objectives and the Commissioner has done so on several occasions.
sentence2phrase.train-Newswire-273-2,the Commissioner's role in distributing money to stipulate political objectives
sentence2phrase.train-Newswire-274-1,"On the other hand, we have the communications networks which need a constant supply of content in order to fill their web pages and which see nothing wrong in subordinating the content, in ransoming it and using it without paying any particular attention to the rules of production."
sentence2phrase.train-Newswire-274-2,filling web pages with content
sentence2phrase.train-Newswire-275-1,Budget policy needs to instil public confidence in European policy.
sentence2phrase.train-Newswire-275-2,public confidence
sentence2phrase.train-Newswire-276-1,"You will be aware that this was a deliberate decision taken in Amsterdam to clearly distinguish the two roles, with the High Representative, as opposed to the Commission, not speaking from a completely independent viewpoint, but under a remit to coordinate the common foreign and security policies that lie within the competence of the Member States, and there we should leave perhaps ample scope for an intergovernmental approach."
sentence2phrase.train-Newswire-276-2,an intergovernmental approach toward the common foreign and security policies within the Member States
sentence2phrase.train-Newswire-277-1,Charlie Chan is off the case for the Fox Movie Channel.
sentence2phrase.train-Newswire-277-2,Fox movie channel
sentence2phrase.train-Newswire-278-1,The elections in Yugoslavia have shown two things: that the people have finally had enough of the dictator Milosevic and that they have confidence in Professor Kostunica.
sentence2phrase.train-Newswire-278-2,making access to support and information
sentence2phrase.train-Newswire-279-1,"At the same time, the Union continues to provide substantial material aid to both countries through its various programmes, in particular its TACIS programme."
sentence2phrase.train-Newswire-279-2,union collaboration
sentence2phrase.train-Newswire-280-1,I too would like to welcome Mr Prodi' s forceful and meaningful intervention.
sentence2phrase.train-Newswire-280-2,Prodi' s welcome intervention
sentence2phrase.train-Newswire-281-1,"This may also enable the Council Presidency to have discussions with the Member States with a view to obtaining the Council' s approval of your proposals and to adopting the text at first reading, if necessary by qualified majority voting."
sentence2phrase.train-Newswire-281-2,conversion from fossil fuels
sentence2phrase.train-Newswire-282-1,"Provision for social, cultural and charitable causes must be included in Article 87 so that the future of these important institutions can also be permanently safeguarded."
sentence2phrase.train-Newswire-282-2,"protection and appreciation of social, cultural and charitable causes"
sentence2phrase.train-Newswire-283-1,"Instead of pursuing the most imminent and real threats - international terrorists - this Bush administration has chosen to settle old scores, Graham said."
sentence2phrase.train-Newswire-283-2,"international terrorists, the most pressing and valid security threat"
sentence2phrase.train-Newswire-284-1,This initiative is based upon a Council regulation amending the regulation which defines the current GSP.
sentence2phrase.train-Newswire-284-2,Amending current GSP regulation
sentence2phrase.train-Newswire-285-1,"Mr President, Commissioner, ladies and gentlemen, let me begin straight away by saying that, in principle, I welcome the Commission's proposal to set up a compensation fund, even from the point of view of Austrian agriculture."
sentence2phrase.train-Newswire-285-2,many meetings with Russia at all levels
sentence2phrase.train-Newswire-286-1,"The actions reflect our strong forward momentum as we intensify our business focus and work to achieve profitability,' said Katsumi Ihara, president of Sony Ericsson."
sentence2phrase.train-Newswire-286-2,retailers J.C. Penney Co. Inc. and Walgreen Co.
sentence2phrase.train-Newswire-287-1,"The extra EU subsidy proposed in Mr Garot' s report would, in my view, be quite unreasonable in a year such as this when, with Agenda 2000 and the forthcoming enlargement to include Central and Eastern Europe, we are to reform agricultural policy."
sentence2phrase.train-Newswire-287-2,an independent commission of inquiry
sentence2phrase.train-Newswire-288-1,"Commissioner, ladies and gentlemen, these are the solutions advocated by the Committee on Agriculture and Rural Development."
sentence2phrase.train-Newswire-288-2,the compromise amendment
sentence2phrase.train-Newswire-289-1,But we will have a chance to go through all that.
sentence2phrase.train-Newswire-289-2,untangled time
sentence2phrase.train-Newswire-290-1,"Ladies and gentlemen, as I am sure you will have noticed, the last part of the speech by the President of the Court of Auditors was marred by an unfortunate bug that intruded between his speech and this Chamber."
sentence2phrase.train-Newswire-290-2,unlucky insects getting squashed
sentence2phrase.train-Newswire-291-1,Both Estrada and Honasan have denied any involvement in the failed military rebellion.
sentence2phrase.train-Newswire-291-2,claimed dozens of lives
sentence2phrase.train-Newswire-292-1,Perhaps some European Union common sense will help sort out the problem and give George Bush his rightful place in history - its dustbin!
sentence2phrase.train-Newswire-292-2,basketball court
sentence2phrase.train-Newswire-293-1,The port state control Directive is designed to check compliance with international requirements and not to introduce new rules.
sentence2phrase.train-Newswire-293-2,compliance with requirements
sentence2phrase.train-Newswire-294-1,This swift and focused approach resulting in the two 'Erika' packages and six proposals has created an enormous momentum.
sentence2phrase.train-Newswire-294-2,no access to learning
sentence2phrase.train-Newswire-295-1,"By acting in this way in the name of subsidiarity, the Union is, in actual fact, shirking one of its responsibilities, as it has in recent weeks both in northern Italy and in Spain."
sentence2phrase.train-Newswire-295-2,the behaviour resulting in irresponsibility with appurtenances
sentence2phrase.train-Newswire-296-1,The Commission would first and foremost like to highlight the commitment we made to the citizens of Europe to ensure protection of the personal data processed by the institutions of Europe.
sentence2phrase.train-Newswire-296-2,internal reforms
sentence2phrase.train-Newswire-297-1,"The fact is, even though, as early as the Treaty of Rome, reference was made to the French overseas departments, we had to wait until 1989 and the programme of options specific to the remote and insular nature of these regions, the notorious POSEI programmes, for the European Union to at long last acknowledge that the permanence and combination of structural handicaps affecting the outermost regions justified special treatment in comparison with the other regions of the Community."
sentence2phrase.train-Newswire-297-2,spa treatments including massages and facial cleansing procedures
sentence2phrase.train-Newswire-298-1,An amendment to remove such protections failed by a vote of 186 to 237.
sentence2phrase.train-Newswire-298-2,failure in removing protections
sentence2phrase.train-Newswire-299-1,"We are working on these in committee, but no decisions were taken on the matter this week, as Poul Nielson was absent on a visit to the Balkans."
sentence2phrase.train-Newswire-299-2,the committee's indecisiveness
sentence2phrase.train-Newswire-300-1,"In measurable terms, the liberal rationale is effectively opposed to a high level of maritime safety."
sentence2phrase.train-Newswire-300-2, irrational sea nature and logical safety precaution
sentence2phrase.train-Newswire-301-1,The Duke of Edinburgh missed numerous royal occasions while he was in the private building.
sentence2phrase.train-Newswire-301-2,Justice Minister Tzipi Livni notes on Saudi Arabia
sentence2phrase.train-Newswire-302-1,Why does the US media provide so little coverage of the Paralympics compared to other sports?
sentence2phrase.train-Newswire-302-2,US media's lack of paralympic coverage
sentence2phrase.train-Newswire-303-1,I should like to reiterate that the urgent action upon which you are now insisting is not necessary.
sentence2phrase.train-Newswire-303-2,unnecessary actions
sentence2phrase.train-Newswire-304-1,We’ll be able to work on so many cool things.
sentence2phrase.train-Newswire-304-2,a fun job
sentence2phrase.train-Newswire-305-1,Before that the division was known as the NASCAR Grand National Series.
sentence2phrase.train-Newswire-305-2,the oath of office ceremony
sentence2phrase.train-Newswire-306-1,Iraqi officials here insist that the attacks are being carried out by 'outsiders' who slip into Fallujah and attack at night.
sentence2phrase.train-Newswire-306-2,attacks on Fallujah markets and people
sentence2phrase.train-Newswire-307-1,In its report adopted on 15 November the Commission concluded that operating aid under Regulation 1540/98 has not provided a solution to the problem of South Korean pricing practices.
sentence2phrase.train-Newswire-307-2,no solution to South Korea's troubles of pricing practices
sentence2phrase.train-Newswire-308-1,"Ramiro Zapata was the latest of 25 human rights activists to be murdered and, recently, the Colombian press condemned the paramilitary groups' 'Plan 100' to kill one hundred human rights activists."
sentence2phrase.train-Newswire-308-2,the condemnation of Colombian paramilitary groups' 'Plan 100' to kill one hundred human rights activists
sentence2phrase.train-Newswire-309-1,"Both this food authority and the legislative proposals being proposed, which aim to guarantee food safety, will receive the support of this House, Commissioner."
sentence2phrase.train-Newswire-309-2,poor conditions in sweat shops
sentence2phrase.train-Newswire-310-1,"This can also be regarded as a competition-related issue, as duty-free goods can continue to be sold in the southern part of the Baltic on the crossing between Stockholm and Helsinki, whereas they are not permitted to be sold on the journey between Umeå and Vasa."
sentence2phrase.train-Newswire-310-2,regulation on the sale of duty-free goods around the Baltic Sea
sentence2phrase.train-Newswire-311-1,Nobody will believe a word he says.
sentence2phrase.train-Newswire-311-2,no credibility
sentence2phrase.train-Newswire-312-1,"A black box, a blacklist: we are in complete agreement with all these things, but there are still a few points I would like to bring to your attention."
sentence2phrase.train-Newswire-312-2,forbidden list
sentence2phrase.train-Newswire-313-1,The responsible clarified that the investigation will be authorized as soon that 'all formalities are fulfilled'.
sentence2phrase.train-Newswire-313-2,investigation pending on formal documents
sentence2phrase.train-Newswire-314-1,"Airports such as Orly, Schiphol and Barcelona already meet strict requirements."
sentence2phrase.train-Newswire-314-2,airport delays
sentence2phrase.train-Newswire-315-1,"It is a gravity dam, which holds back the waters through sheer mass."
sentence2phrase.train-Newswire-315-2,rise in the price of black tea
sentence2phrase.train-Newswire-316-1,The point that the honourable Member makes is an important one.
sentence2phrase.train-Newswire-316-2,its institutional structure and policies
sentence2phrase.train-Newswire-317-1,"Jeter, who dislocated his left shoulder in a collision March 31, took batting practice on the field for the first time Monday."
sentence2phrase.train-Newswire-317-2,the first time in batting practice since the injury
sentence2phrase.train-Newswire-318-1,"In 2002, Forbes magazine estimated Clancy's earnings at US$47.8m."
sentence2phrase.train-Newswire-318-2,Forbes magazine's estimation of Clancy's income
sentence2phrase.train-Newswire-319-1,"It should thus promote the setting-up of new regional organisations, beginning where the Community already has a presence, such as in the western Pacific and south Pacific."
sentence2phrase.train-Newswire-319-2,community expansion of new regional organisations
sentence2phrase.train-Newswire-320-1,Leaders agreed to an expanded and updated Asia-Europe cooperation framework 2000 which forms the work programme for the coming decade.
sentence2phrase.train-Newswire-320-2,Asia-Europe framework expansion
sentence2phrase.train-Newswire-321-1,"(Since more than 12 Members of Parliament stood up, the oral amendment was not retained)."
sentence2phrase.train-Newswire-321-2,Parliament voting
sentence2phrase.train-Newswire-322-1,"Mrs Chairman, a series of high-profile ship disasters, particularly involving oil tankers, has hit our continent in the recent past."
sentence2phrase.train-Newswire-322-2,ship accidents
sentence2phrase.train-Newswire-323-1,"Prince Philip, who is aged 92, was hospitalised on June 6 to be given exploratory surgery on his abdomen."
sentence2phrase.train-Newswire-323-2,the international risks of global warming
sentence2phrase.train-Newswire-324-1,"I should also like to add that these two texts focus, in particular, on strengthening the framework of criminal law in order to fight organised rings of facilitators."
sentence2phrase.train-Newswire-324-2,organised crime
sentence2phrase.train-Newswire-325-1,"It must be remembered that the fisheries agreement with Morocco is much more than a simple fisheries agreement; as he knows, if this agreement were not reached, bearing in mind its significance, this fact might conceal a deterioration in the relations between the European Union and Morocco."
sentence2phrase.train-Newswire-325-2,fisheries agreements between the EU and Morocco
sentence2phrase.train-Newswire-326-1,"As part of peace talks between Israel and the Palestinian National Authority, Israel released on Tuesday early in the morning 26 Palestinian prisoners imprisoned before the 1994 Oslo accords for murder or attempted murder of Israelis."
sentence2phrase.train-Newswire-326-2,skiing business
sentence2phrase.train-Newswire-327-1,"Tartan Day was designated as a holiday by the US Senate, 'National Tartan Day', in 1998."
sentence2phrase.train-Newswire-327-2,US Senate's 'National Tartan Day' holiday est.1998
sentence2phrase.train-Newswire-328-1,"In the undergraduate case, Rehnquist said the use of race was not 'narrowly tailored' to achieve the university's asserted interest in diversity."
sentence2phrase.train-Newswire-328-2,fears about a further softening of the market.
sentence2phrase.train-Newswire-329-1,But a state judge has ruled that the so-called 'double jeopardy' protections do not apply in the case.
sentence2phrase.train-Newswire-329-2,inapplicability of double-jeopardy provisions
sentence2phrase.train-Newswire-330-1,"I think that reminded us in Europe of the important role that we have in Asia, not just in economic and trade terms, though it has to be said that one of the reasons for Asia's recovery has been that we have kept our word to keep our markets open to Asian exports over the last two years."
sentence2phrase.train-Newswire-330-2,market trade between continents
sentence2phrase.train-Newswire-331-1,The heads of government have also confirmed the Union's determination to back this process with technical and economic assistance.
sentence2phrase.train-Newswire-331-2,Support within economics
sentence2phrase.train-Newswire-332-1,"Just across a river, St. Joseph has trendy restaurants, boutiques, offices and a picturesque beachfront."
sentence2phrase.train-Newswire-332-2,all four pages of the Constitution
sentence2phrase.train-Newswire-333-1,He wanted the Presidency to outline the way forward at Nice.
sentence2phrase.train-Newswire-333-2,Important person controlling Nice
sentence2phrase.train-Newswire-334-1,The question raised therefore provides the Presidency-in-Office with an opportunity to clarify several points.
sentence2phrase.train-Newswire-334-2,the White House
sentence2phrase.train-Newswire-335-1,"We are not looking for scapegoats, either in our institutions or in our Member States."
sentence2phrase.train-Newswire-335-2,delicious Goat cheese
sentence2phrase.train-Newswire-336-1,"That is why, in my opinion, the amendments tabled by Mr Bernd Lange are so important."
sentence2phrase.train-Newswire-336-2,the importance of Mr Bernd Lange
sentence2phrase.train-Newswire-337-1,"In Europe, France's CAC-40 rose 0.6 percent, Britain's FTSE 100 slipped 0.02 percent and Germany's DAX index advanced 0.8 percent."
sentence2phrase.train-Newswire-337-2,rising stock prices
sentence2phrase.train-Newswire-338-1,"In the same vein, at the time of the vote on the resolution on the embargo as part of the Third Commission of the General Assembly of the United Nations which met on 9 November 2000, we launched an appeal to the Cuban authorities to cooperate fully with international organisations defending human rights."
sentence2phrase.train-Newswire-338-2,a campaign for the international defense of human rights
sentence2phrase.train-Newswire-339-1,could be interpreted as a sign that Britain is not interested in creating a better world.
sentence2phrase.train-Newswire-339-2,Britain's disinterest in a better world
sentence2phrase.train-Newswire-340-1,"At Bletchley Park, Turing had worked on breaking the Enigma code used by the Nazis during World War II."
sentence2phrase.train-Newswire-340-2,Ossie Ardiles's car accident in Falkland Islands
sentence2phrase.train-Newswire-341-1,"One of Scotland's national treasures, William Wallace's sword, left Scotland for the first time in 700 years."
sentence2phrase.train-Newswire-341-2,"Scottish sword, a national treasure"
sentence2phrase.train-Newswire-342-1,"A year or two later, 259, or 10 per cent, of the youths reported that they had started to smoke, or had taken just a few puffs."
sentence2phrase.train-Newswire-342-2,mild tobacco use by youth
sentence2phrase.train-Newswire-343-1,"Further to the comment which Danielle Auroi made just now on the subject of the countries of the South, I would add that there are some expert estimates which provide some interesting figures, for instance, a range between USD 50 and 250 billion, which could be recovered by a Tobin-type tax, whereas, at the same time, the UNDP [United Nations Development Programme] amounts to USD 40 billion per annum, which would be sufficient to guarantee minimum living conditions for the hundreds of millions of deprived people in the countries of the third world."
sentence2phrase.train-Newswire-343-2,tax revenues covering third world living costs
sentence2phrase.train-Newswire-344-1,"Along with the name change, the airline has redesigned its website, and changed the name of each of its classes of service."
sentence2phrase.train-Newswire-344-2,"new website, new classifications"
sentence2phrase.train-Newswire-345-1,"However, we ought not to focus on Kosovo alone."
sentence2phrase.train-Newswire-345-2,focusing on Kosovo
sentence2phrase.train-Newswire-346-1,"I can simply point out the fact that France and Germany - and here I am no longer speaking as President-in-Office of the Council - raised these questions during a bilateral summit in Vittel last week, where it was decided to form a working group in order to find a solution to the problem."
sentence2phrase.train-Newswire-346-2,EU co-operation
sentence2phrase.train-Newswire-347-1,"The Australian team, known as the Steelers, is ranked second in the world."
sentence2phrase.train-Newswire-347-2,the Steelers' #2 worldwide team ranking
sentence2phrase.train-Newswire-348-1,"We have a common organisation of the market in pigmeat and we should not make the mistake of questioning the present common organisation of the market in pigmeat which, basically, works."
sentence2phrase.train-Newswire-348-2,the lack of good will
sentence2phrase.train-Newswire-349-1,"Given the importance of fisheries to the outermost regions, I can only be saddened by this."
sentence2phrase.train-Newswire-349-2,"the 3 little fishes, a big hit 1950s song"
sentence2phrase.train-Newswire-350-1,The NATO war destroyed too much and left too much suffering in its wake.
sentence2phrase.train-Newswire-350-2,gigantic finance pumps
sentence2phrase.train-Newswire-351-1,Hundreds of thousands of Iranians reportedly watched coverage of the negotiations through the Iranian night.
sentence2phrase.train-Newswire-351-2,negotiation coverage
sentence2phrase.train-Newswire-352-1,"This strategy has already been introduced by Joan Colom i Naval, the Vice-President for buildings."
sentence2phrase.train-Newswire-352-2,increased opportunities to act
sentence2phrase.train-Newswire-353-1,"Right now, Madam President, I should like to stop talking and wait for someone from the Council to come here."
sentence2phrase.train-Newswire-353-2,continued conversation with the president
sentence2phrase.train-Newswire-354-1,I am concerned about the possibility of a general failure of numerous machines and rules which would then call the decisions of the House into question.
sentence2phrase.train-Newswire-354-2,unprecedented success in government initiatives
sentence2phrase.train-Newswire-355-1,"Next week, a meeting of the European Conference will take place on my invitation in France, in other words a meeting with the candidate countries."
sentence2phrase.train-Newswire-355-2,meeting of the European Conference
sentence2phrase.train-Newswire-356-1,This question will become that much more relevant the closer EU enlargement towards the East becomes.
sentence2phrase.train-Newswire-356-2,Chinese zodiac
sentence2phrase.train-Newswire-357-1,"As the honourable Member of your House is aware, the lodging of a complaint has in itself no bearing on the progress of the project."
sentence2phrase.train-Newswire-357-2,the main homeowner's project is not affected by complaints
sentence2phrase.train-Newswire-358-1,"For example, for Finland it is vitally important that Russia is included in these agreements."
sentence2phrase.train-Newswire-358-2,Russia's critical presence in Finnish agreements
sentence2phrase.train-Newswire-359-1,Let us have the political courage of our ecological ambitions.
sentence2phrase.train-Newswire-359-2,political courage to promote environmental protection
sentence2phrase.train-Newswire-360-1,I must therefore express my scepticism about the result.
sentence2phrase.train-Newswire-360-2,personal skepticism
sentence2phrase.train-Newswire-361-1,"Another important proposal we have made, which will be of particular significance in the context of aviation noise, is that there should be an additional noise indicator over and above those that the rapporteur has enumerated."
sentence2phrase.train-Newswire-361-2,aeroplanes creating loud noise
sentence2phrase.train-Newswire-362-1,"It is a document which my team and I feel is full of ideas and proposals, which goes to the heart of the issues and does not dodge any of the areas of concern of the peoples of the outermost communities."
sentence2phrase.train-Newswire-362-2,coronary heart disease
sentence2phrase.train-Newswire-363-1,"The number of Americans with Scottish or Scotch-Irish ancestry according to the 2000 US Census is about 9.2 million, comprising 3.2% of the US population."
sentence2phrase.train-Newswire-363-2,Americans with Scottish ancestry
sentence2phrase.train-Newswire-364-1,". (EL) We will not achieve safety at sea or protect human life at sea and the environment unless we address the unaccountability of shipowners, introduce strict controls on the state of ships, impose heavy penalties on shipping companies in breach of safety regulations, improve working times for seamen, train them properly and ensure that ships are crewed in keeping with their enhanced requirements."
sentence2phrase.train-Newswire-364-2,from top to bottom of the sea - an accountability to improve safety.
sentence2phrase.train-Newswire-365-1,Defence Force chief David Hurley also claimed professional behaviour of board officers and the Navy when handling arriving refugees boats.
sentence2phrase.train-Newswire-365-2,hundreds of volunteers
sentence2phrase.train-Newswire-366-1,It's been a busy couple of days for security gurus assigned to keep their companies safe and sound.
sentence2phrase.train-Newswire-366-2,security IT professionals' actions
sentence2phrase.train-Newswire-367-1,"The President in no way, shape or form directed the Marine Corps to change our uniform cover."
sentence2phrase.train-Newswire-367-2,Marine Corps uniforms
sentence2phrase.train-Newswire-368-1,"BEA Systems Inc. BEAS.O said on Thursday second-quarter profits rose 28 percent, as revenues grew slightly more than Wall Street expected amid a contracting overall market for business software."
sentence2phrase.train-Newswire-368-2,the outgoing coalition of Social Democrats
sentence2phrase.train-Newswire-369-1,"I should also like to have answers to the question of what influence it would have on the volatility of the exchange markets, particularly what would be the effect of a tax of 0.1 per thousand on speculators expecting devaluation in the order of 20 to 50%."
sentence2phrase.train-Newswire-369-2,the effect of taxes on exchange market volatility
sentence2phrase.train-Newswire-370-1,The American Film Institute recently named her the top female screen legend.
sentence2phrase.train-Newswire-370-2,best female actress
sentence2phrase.train-Newswire-371-1,I would like to thank Mr Liikanen for what was in all respects a very positive and excellent reply.
sentence2phrase.train-Newswire-371-2,grateful for a nice reply
sentence2phrase.train-Newswire-372-1,Fiji's national airline Air Pacific has now officially returned to its original name: Fiji Airways.
sentence2phrase.train-Newswire-372-2,the official return of Air Pacific's original name
sentence2phrase.train-Newswire-373-1,"We should examine that very carefully and then pursue the implementation of both parts of the combined approach, namely the establishment of limit values for the various sources of noise on the one hand and quality standards for noise sources on the other."
sentence2phrase.train-Newswire-373-2,combining limit values with quality standards of the various sources of noise
sentence2phrase.train-Newswire-374-1,"That applies both to the stricter requirements on the design of oil tankers, better rules on port state control and the tightening up of the rules on classification societies that will also result from this."
sentence2phrase.train-Newswire-374-2,improving regulation to help the environment
sentence2phrase.train-Newswire-375-1,"I am a bit happier with the attitude of the Council today than I was in July because, as on many occasions in situations of crisis, the European Union seems always to be the last authority to arrive on the international scene and make its voice heard."
sentence2phrase.train-Newswire-375-2,happier to see the EU make its voice heard internationally in critical situation
sentence2phrase.train-Newswire-376-1,"In order to honour the political agreement made with the Council and the rapporteur to enable the regulation to be adopted at first reading, the Commission rejects all other amendments which were not part of the Paciotti report adopted by the Committee on Citizens' Freedoms and Rights, Justice and Home Affairs, except for Amendment No 69 which is a correction to Amendment No 41."
sentence2phrase.train-Newswire-376-2,rejection and disappointment
sentence2phrase.train-Newswire-377-1,A panel of the 9th US Circuit Court of Appeals upheld California's assault weapons ban in a 2-1 ruling last December.
sentence2phrase.train-Newswire-377-2,upholding California ban on assault weapons
sentence2phrase.train-Newswire-378-1,"The report that was adopted by the Turkish cabinet on 21 September as a reform programme contains several planned amendments to the law, such as the inclusion of measures in the Civil Code that are designed to enhance effective equality between men and women in social and educational fields, ways to better combat domestic violence by training judges that specialise in family matters and, lastly, measures to prevent people that have committed crimes of honour from serving reduced sentences."
sentence2phrase.train-Newswire-378-2,the need for criminals' rehabilitation
sentence2phrase.train-Newswire-379-1,It escapes me how the Commission can give this estimate as early as February and the Council in July.
sentence2phrase.train-Newswire-379-2,unreasonable estimates and untimely council
sentence2phrase.train-Newswire-380-1,"The show's tower stands eight stories high, with performers attempting to dive into a pool just 9.5 feet deep."
sentence2phrase.train-Newswire-380-2,splashing in paddling pool
sentence2phrase.train-Newswire-381-1,"Thirdly, when we discuss dossiers of this kind, I think it becomes clear that we do not make the connection between our oil supply, on the one hand, and the fact that we are still using fossil fuels on the other."
sentence2phrase.train-Newswire-381-2,the connection between oil and fossil fuels
sentence2phrase.train-Newswire-382-1,"Fans of the artist joined his music industry peers in an outpour on social media, honouring the New York singer."
sentence2phrase.train-Newswire-382-2,fan appreciation
sentence2phrase.train-Newswire-383-1,"Madam President, the enlargement of the European Union is looming, and the report by the Court of Auditors leaves us in no doubt that there is still a great deal of work to be done in the candidate countries too."
sentence2phrase.train-Newswire-383-2,voting booth
sentence2phrase.train-Newswire-384-1,"Despite what has been agreed, I sometimes wonder if it is possible to achieve this objective within existing budget constraints without undermining the agricultural budget necessary for a sustainable rural sector in existing Member States."
sentence2phrase.train-Newswire-384-2,proprietors and shareholders
sentence2phrase.train-Newswire-385-1,"Naturally there is a need to budget carefully, we support this and should not try to get round it."
sentence2phrase.train-Newswire-385-2,being conscientious of the budget
sentence2phrase.train-Newswire-386-1,I will discuss that issue with my services once the budget resources for next year are clear.
sentence2phrase.train-Newswire-386-2,yet-unclear budget resources
sentence2phrase.train-Newswire-387-1,The problem I am mainly concerned with is that small enterprises do not always have sufficient guarantees and a proven business track record to offer investors.
sentence2phrase.train-Newswire-387-2,credit reports
sentence2phrase.train-Newswire-388-1,"Police stated the information leading to the alert was likely a prank, and if so they intended to find and prosecute the responsible party."
sentence2phrase.train-Newswire-388-2,police prosecution of pranksters
sentence2phrase.train-Newswire-389-1,The only pilot who interviewed seeked anonymity.
sentence2phrase.train-Newswire-389-2,a pilot's cap
sentence2phrase.train-Newswire-390-1,"Nobody really knows what happened there except for me and the guard, and I can assure you that what he said happened didn't happen, Kaye said."
sentence2phrase.train-Newswire-390-2,median household income
sentence2phrase.train-Newswire-391-1,"This information must be made available to the European, State and port authorities, and to interested members of the public."
sentence2phrase.train-Newswire-391-2,in terms of both quality and quantity
sentence2phrase.train-Newswire-392-1,SCO said it terminated Sequent's contract due to improper transfer of the company's source code and development methods into Linux.
sentence2phrase.train-Newswire-392-2,claims of proprietary code in the Linux kernel
sentence2phrase.train-Newswire-393-1,"The Swedes haven't celebrated their National day much at all, compared to e.g. the Norwegians."
sentence2phrase.train-Newswire-393-2,low Swedish national pride
sentence2phrase.train-Newswire-394-1,"Mr President, first of all I must say that I welcome this report."
sentence2phrase.train-Newswire-394-2,attentiveness to the President
sentence2phrase.train-Newswire-395-1,"For small tankers, we have adopted a compromise position between the 5000-tonne limit set by the ÉÌÏ and the 600-tonne limit set by the Commission."
sentence2phrase.train-Newswire-395-2,the democratic development of his country
sentence2phrase.train-Newswire-396-1,One Member of Parliament used the term 'traceability' .
sentence2phrase.train-Newswire-396-2,a new term used in Parliament
sentence2phrase.train-Newswire-397-1,"We do not think, as the House knows, that it is necessary to make an explicit reference to this in the regulation."
sentence2phrase.train-Newswire-397-2,unnecessary referencing
sentence2phrase.train-Newswire-398-1,"I fully understand why people want market organisation for intensive livestock farming, and why they should want to scrap agricultural policy for land-based production."
sentence2phrase.train-Newswire-398-2,small and medium-sized businesses
sentence2phrase.train-Newswire-399-1,The Commission and the Member States should see it in this light and use the findings of this report as a tool for improving their performance in managing the EU's finances.
sentence2phrase.train-Newswire-399-2,managing one's personal finances
sentence2phrase.train-Newswire-400-1,Baz Luhrmann's opulent version of the Puccini opera will fold June 29 after a disappointing seven-month run and losses of about $6 million.
sentence2phrase.train-Newswire-400-2,the Puccini opera going dark after seven months
sentence2phrase.train-Newswire-401-1,Nature protection organisations are also included in cooperation at local level.
sentence2phrase.train-Newswire-401-2,local nature protection
sentence2phrase.train-Newswire-402-1,He was chief executive of BOCHK until he was suddenly recalled to Beijing last month.
sentence2phrase.train-Newswire-402-2,a recalled chief executive
sentence2phrase.train-Newswire-403-1,"Ms. Kethley, who has repeatedly denied any infidelity, has recounted a similar story."
sentence2phrase.train-Newswire-403-2,testimony before the senate
sentence2phrase.train-Newswire-404-1,If we treat the area as a region of political antagonism we shall be making a big mistake.
sentence2phrase.train-Newswire-404-2,political antagonism in an area
sentence2phrase.train-Newswire-405-1,"Health Minister Peter Coleman said about 300 people had been killed and 1,000 injured as the rebels fought into the capital."
sentence2phrase.train-Newswire-405-2,wanton destruction and death caused by rebellion
sentence2phrase.train-Newswire-406-1,I should like to thank the rapporteur for his report.
sentence2phrase.train-Newswire-406-2,the committee chaired by Mrs Palacio
sentence2phrase.train-Newswire-407-1,Freddie Mac shares were down more than 16 per cent at $50.18 at midday yesterday.
sentence2phrase.train-Newswire-407-2,Freddie Mac share prices
sentence2phrase.train-Newswire-408-1,With the transfer of EUR 175 million we have estimated EUR 25 million more than we expected.
sentence2phrase.train-Newswire-408-2,poor estimations
sentence2phrase.train-Newswire-409-1,BOCHK chief executive Liu Jinbao was transferred abruptly to Beijing last month.
sentence2phrase.train-Newswire-409-2,an abrupt transfer of BOCHK CEO Liu Jinbao
sentence2phrase.train-Newswire-410-1,The Commission is also required to carry out a huge amount of work in connection with negotiations held within the framework of regional fisheries organisations.
sentence2phrase.train-Newswire-410-2,the fight against serious organised crime
sentence2phrase.train-Newswire-411-1,"Madam President, I have already mentioned that I have been to sea in the past."
sentence2phrase.train-Newswire-411-2,presidential pirate adventures
sentence2phrase.train-Newswire-412-1,This means therefore that the Commission will only deploy the legal aids it has at its disposal within the meaning of the regulation.
sentence2phrase.train-Newswire-412-2,the Commission's intended use of available lawyers
sentence2phrase.train-Newswire-413-1,We know that the Commission values ASEM extremely highly and it has our wholehearted support on that score.
sentence2phrase.train-Newswire-413-2,full support of the Asia–Europe Meeting
sentence2phrase.train-Newswire-414-1,"The transboundary nature of the marine environment, which means that pollution in one area can impact on a wider region, leads to the need for a Community-wide framework for cooperation in the field of accidental marine pollution."
sentence2phrase.train-Newswire-414-2,marine pollution impact
sentence2phrase.train-Newswire-415-1,They were freed on October 25 after one of the women reported her situation to a non-profit dealing with forced marriage cases.
sentence2phrase.train-Newswire-415-2,Non Profit’s fight for freedom from forced marriages
sentence2phrase.train-Newswire-416-1,I represent some growers and I am thus very concerned indeed.
sentence2phrase.train-Newswire-416-2,worried farmers
sentence2phrase.train-Newswire-417-1,"The Council did not receive a copy of this letter but the Presidency has, of course, replied to Mr Cem and all of the Member States were informed about the content of the reply given."
sentence2phrase.train-Newswire-417-2,the President's response
sentence2phrase.train-Newswire-418-1,"At present, the efforts of myself and my offices are focused on limiting the effects which the distance between the parties and the future tribunal may have."
sentence2phrase.train-Newswire-418-2,effort to improve relations between the parties and future tribunal
sentence2phrase.train-Newswire-419-1,"Only 66 years old, Brooks was killed on Monday, Aug. 11, 2003 in an automobile accident in his native Minnesota."
sentence2phrase.train-Newswire-419-2,treacherous Minnesotan roadways
sentence2phrase.train-Newswire-420-1,The European Union was right to react positively to President Kostunica's accession to power.
sentence2phrase.train-Newswire-420-2,good president
sentence2phrase.train-Newswire-421-1,"I would like to remind Members that, in air safety, the amounts of compensation paid in Europe and North America are not equal to the amounts paid in other countries."
sentence2phrase.train-Newswire-421-2,status-enhancing terms such as modernisation
sentence2phrase.train-Newswire-422-1,The rapporteur' s proposals aimed at harmonisation on a European scale can only be positive.
sentence2phrase.train-Newswire-422-2,proposals for harmonization
sentence2phrase.train-Newswire-423-1,"Mr President, in March this year we adopted the directive on cableway installations designed to carry persons."
sentence2phrase.train-Newswire-423-2,connectivity and cables
sentence2phrase.train-Newswire-424-1,I believe that Mr Duff was present this morning when we discussed the European Council in Biarritz.
sentence2phrase.train-Newswire-424-2,discussing the European Council
sentence2phrase.train-Newswire-425-1,"The chain, which has been under new management since late 1999, has more than 3,400 stores and $15.8 billion in annual revenue."
sentence2phrase.train-Newswire-425-2,nearly sixteen billion in annual revenue
sentence2phrase.train-Newswire-426-1,"Amending the directive in terms of greater stringency in its application and the harmonisation of legislation, especially regarding the selection of ships for inspection and the scope of the different types of selection is clearly a positive step."
sentence2phrase.train-Newswire-426-2,positive movements
sentence2phrase.train-Newswire-427-1,"It should be noted that this right to be different is nothing more than a demonstration of the principle of equality, which also requires different treatment for anything that is different."
sentence2phrase.train-Newswire-427-2,a recipe requiring equal parts of milk to water
sentence2phrase.train-Newswire-428-1,"Mr President, I thank the Commissioner for her continuing commitment in the field of maritime safety."
sentence2phrase.train-Newswire-428-2,application for membership
sentence2phrase.train-Newswire-429-1,"I am indeed grateful for the support which the Christian-Democrats and, in fact, part of the Liberal Group, have lent to this one specific amendment to curb all aircraft noise."
sentence2phrase.train-Newswire-429-2,liberals against aircraft noise
sentence2phrase.train-Newswire-430-1,"Ferrari driver Felipe Massa for the third consecutive year won from pole the FIA Formula One 2008 Petrol Ofisi Turkish Grand Prix at Istanbul Racing Circuit, Istanbul, Turkey."
sentence2phrase.train-Newswire-430-2,Iran nuclear deal entering into force
sentence2phrase.train-Newswire-431-1,"We have sometimes even wondered to what extent the cyclical market crisis itself may not be caused by the speculative action of these business structures, which thus gradually take control of the sector for their own interests."
sentence2phrase.train-Newswire-431-2,a brief question for the Commission about Article 4
sentence2phrase.train-Newswire-432-1,"Canada has just decided to legalize same-sex marriage, and they have high hope that Massachusetts' high court will take a similar step within a few weeks."
sentence2phrase.train-Newswire-432-2,the vast majority of trades on Eurex US
sentence2phrase.train-Newswire-433-1,"Furthermore, in the communication adopted on 4 October 2000 on the European Union' s oil supply, the Commission indicated that, at the European Council of Göteborg, it was planning to present a plan to save energy and to promote the diversification of energy sources, which should help to boost energy efficiency, especially in buildings and transport."
sentence2phrase.train-Newswire-433-2,energy saving
sentence2phrase.train-Newswire-434-1,At least 61 people were killed and dozens injured across Afghanistan yesterday in the worst outbreak of violence for more than a year.
sentence2phrase.train-Newswire-434-2,when a bomb exploded nearby
sentence2phrase.train-Newswire-435-1,"The question, Mr President, and I shall end here, is whether there is a solution that would exert greater pressure than that proposed by the President in his statement and whether the aid we are going to give will be entirely different from that of the United States, in other words, not intended for crop-spraying, but for crop replacement and also for social, rather than military, purposes."
sentence2phrase.train-Newswire-435-2,request to the President for aid for crop replacement and to solve military and social issues
sentence2phrase.train-Newswire-436-1,"Secondly, I would say that it is French law which will have the power to confiscate or freeze the assets of a specific company in order to compensate for damages or anything else, and it could establish liabilities beyond those laid down according to the objective criteria provided for in current international legislation on hydrocarbon pollution."
sentence2phrase.train-Newswire-436-2,a certain pessimism
sentence2phrase.train-Newswire-437-1,"First of all, on the procedure for presenting the annual report to Parliament and the Budgetary Control Committee, I am happy to listen to the assurances from Members of Parliament that the situation this year is more satisfactory than before."
sentence2phrase.train-Newswire-437-2,by letter it looks better
sentence2phrase.train-Newswire-438-1,I am sorry to have to tell you that I am not satisfied with your reply.
sentence2phrase.train-Newswire-438-2,complicated and difficult
sentence2phrase.train-Newswire-439-1,"BEA Systems Inc. BEAS.O on Thursday said second-quarter profits rose 28 percent, as revenues grew amid a contracting overall market for business software."
sentence2phrase.train-Newswire-439-2,statements from its competitors
sentence2phrase.train-Newswire-440-1,"On the contrary, we must work for a Parliament which campaigns for openness, efficiency and effective democratic control of the European institutions."
sentence2phrase.train-Newswire-440-2,parliamentary control of European Institutions
sentence2phrase.train-Newswire-441-1,His last post was link to a poster of him on a closed door.
sentence2phrase.train-Newswire-441-2,door poster
sentence2phrase.train-Newswire-442-1,I know that this report and the work that Parliament is about to embark on in the context of the discharge procedure will contribute to greater vigilance when it comes to Community spending.
sentence2phrase.train-Newswire-442-2,monitoring oil prices
sentence2phrase.train-Newswire-443-1,"Madam President, Commissioner, ladies and gentlemen, I was especially keen to be with you today for the debate in the European Parliament on the first maritime package because you are about to examine three important texts which are a vital step in an issue which recent events have unfortunately made into headline news."
sentence2phrase.train-Newswire-443-2,all key stakeholders
sentence2phrase.train-Newswire-444-1,He faces an additional 25 years in prison on the federal charges when he is sentenced July 7.
sentence2phrase.train-Newswire-444-2,an additional twenty five years in jail from federal charges
sentence2phrase.train-Newswire-445-1,Dos Reis is scheduled to be sentenced in Danbury Superior Court this morning on charges of first-degree manslaughter and second-degree sexual assault.
sentence2phrase.train-Newswire-445-2,convictions of 1st-degree manslaughter and 2nd-degree sexual assault
sentence2phrase.train-Newswire-446-1,Ryanair had told pilots anybody signing a 'so-called safety petition' might be dismissed.
sentence2phrase.train-Newswire-446-2,aeroplane food
sentence2phrase.train-Newswire-447-1,We believe that in such cases the trade should not be burdened with manufacturer's duties under product safety legislation.
sentence2phrase.train-Newswire-447-2,health and safety laws
sentence2phrase.train-Newswire-448-1,Police advised residents Friday not to travel alone to convenience stores and to be watchful.
sentence2phrase.train-Newswire-448-2,on the lookout for the suspect
sentence2phrase.train-Newswire-449-1,"Yesterday in Geneva, Iran and the P5+1 nations — the five permanent members of the UN Security Council; United States, United Kingdom, China, France, and Russia; plus Germany — reached a six-month deal over Iran's nuclear enrichment programme."
sentence2phrase.train-Newswire-449-2,nuclear enrichment deal
sentence2phrase.train-Newswire-450-1,"So far, since an interdepartmental group was set up for the outermost regions under the presidency of Mr Delors, we have travelled a long and fruitful road, and I must express the deepest gratitude of the Europeans from the outermost regions to those who have presided over that group."
sentence2phrase.train-Newswire-450-2,a long journey yielding ripe adventures
sentence2phrase.train-Newswire-451-1,It was Parliament which supported the Commission's proposal to create the European Agency for Reconstruction.
sentence2phrase.train-Newswire-451-2,supported proposal
sentence2phrase.train-Newswire-452-1,"I should like to remind you that the main priorities of the CARDS programme are the strengthening of institutions with regard to democracy and the rule of law, economic development and reconstruction, and regional cooperation."
sentence2phrase.train-Newswire-452-2,improving the country
sentence2phrase.train-Newswire-453-1,His symbolic presence here could open up prospects for the overall policy which we are pursuing.
sentence2phrase.train-Newswire-453-2,the importance of the Commissioner's presence
sentence2phrase.train-Newswire-454-1,A new installer app is planned to be released in the coming weeks.
sentence2phrase.train-Newswire-454-2,app premiere
sentence2phrase.train-Newswire-455-1,"Many of the countries affected, like Colombia and Ecuador, are considered critical to the administration's efforts to bring stability to the Western Hemisphere."
sentence2phrase.train-Newswire-455-2,regional political stability
sentence2phrase.train-Newswire-456-1,That is why I support the amendments calling for specific steps to be taken in the field of new technologies.
sentence2phrase.train-Newswire-456-2,fast moving technology
sentence2phrase.train-Newswire-457-1,"It is worth pointing out that the principle of the mutual recognition of criminal decisions, in accordance with the conclusions of the Tampere European Council, must make it possible to reinforce cooperation between Member States while at the same time reinforcing the protection of human rights."
sentence2phrase.train-Newswire-457-2,protection of human rights
sentence2phrase.train-Newswire-458-1,"I believe that the intentions as a whole are hugely reassuring, but the reality is that meanwhile our dockyards are closing down."
sentence2phrase.train-Newswire-458-2,"the death of the dockyards, despite the best of intentions"
sentence2phrase.train-Newswire-459-1,I beg your indulgence to hear the answer please.
sentence2phrase.train-Newswire-459-2,speaking audibly
sentence2phrase.train-Newswire-460-1,"First, on the social and cultural function of digital content, the Commission welcomes the fact that Parliament emphasises the social and cultural dimension of digital content."
sentence2phrase.train-Newswire-460-2,digital social media
sentence2phrase.train-Newswire-461-1,President Bush signed a waiver exempting 22 countries because they had signed but not yet ratified immunity agreements.
sentence2phrase.train-Newswire-461-2,President Bush signing laws
sentence2phrase.train-Newswire-462-1,"That being the case, the level of funding allocated to Kosovo is not without certain problems."
sentence2phrase.train-Newswire-462-2,money lending
sentence2phrase.train-Newswire-463-1,"His next play, 'Will Success Spoil Rock Hunter?' a satire on Hollywood, lasted more than a year on Broadway."
sentence2phrase.train-Newswire-463-2,the largest US lender for students
sentence2phrase.train-Newswire-464-1,"In this connection, efforts are required to solve the major social problems, for example unemployment."
sentence2phrase.train-Newswire-464-2,rapid technological developments
sentence2phrase.train-Newswire-465-1,"That, in principle, was the idea behind Amendment No 36, although I believe the idea has not been fully developed yet."
sentence2phrase.train-Newswire-465-2,the benefit to the 36th amendment from a re-examination
sentence2phrase.train-Newswire-466-1,We have been instructed to vigorously prosecute these libel proceedings.
sentence2phrase.train-Newswire-466-2,manufacturer's instructions
sentence2phrase.train-Newswire-467-1,"Axelrod died of heart failure while asleep at his Los Angeles home, said his daughter, Nina Axelrod."
sentence2phrase.train-Newswire-467-2,more than an hour
sentence2phrase.train-Newswire-468-1,"If anyone needs convincing, just look at the evidence."
sentence2phrase.train-Newswire-468-2,convincing graphs
sentence2phrase.train-Newswire-469-1,"If it ain't broke, don't fix it, said Senate Minority Leader Tom Daschle, D-S.D. 'I don't see much broken.'"
sentence2phrase.train-Newswire-469-2,Senate Minority Leader Tom Daschle
sentence2phrase.train-Newswire-470-1,"I am especially glad that we have been able to safeguard financing for the Socrates, Youth and Culture 2000 programmes that were decided at the end of last year."
sentence2phrase.train-Newswire-470-2,Finance available for programming
sentence2phrase.train-Newswire-471-1,"Highly versatile, Frost would prove confident at both serious political journalism as well as light entertainment and comedy, hosting sketch show The Frost Report in the mid-60s."
sentence2phrase.train-Newswire-471-2,newspaper editor in the 1960s
sentence2phrase.train-Newswire-472-1,"Mr President, I very much welcome this e-content programme and should like to refer to two aspects of it."
sentence2phrase.train-Newswire-472-2,addressing parliament issues
sentence2phrase.train-Newswire-473-1,There must be a clear signal to sub-standard ships that we will not tolerate them in European waters or in European ports.
sentence2phrase.train-Newswire-473-2,humanitarian aid
sentence2phrase.train-Newswire-474-1,I don't think he'll ever totally recover from this.
sentence2phrase.train-Newswire-474-2,personal recovery
sentence2phrase.train-Newswire-475-1,Our declaration of rights is the first of this millennium.
sentence2phrase.train-Newswire-475-2,Rights movements
sentence2phrase.train-Newswire-476-1,"Mr President, since the breaking up of the tanker Erika, a package of measures has been devised, under political pressure, with a view to improving the safety of ships at sea."
sentence2phrase.train-Newswire-476-2,improving the safety of ships at sea
sentence2phrase.train-Newswire-477-1,The agency has been able to stay open during the government shutdown because it is funded by the Federal Reserve.
sentence2phrase.train-Newswire-477-2,government issues
sentence2phrase.train-Newswire-478-1,"Major British charity Comic Relief has invested money in arms, alcohol and tobacco firms, according to a BBC Panorama investigation to be broadcast this evening."
sentence2phrase.train-Newswire-478-2,playing as striker in Germany's national football team
sentence2phrase.train-Newswire-479-1,Other changes in the US military uniforms are scheduled to take place by the end of the year.
sentence2phrase.train-Newswire-479-2,U.S. military uniforms
sentence2phrase.train-Newswire-480-1,Moreover the creation of SEM provided no solution to the continuing mismatch between 8 voluminous administrative resources.
sentence2phrase.train-Newswire-480-2,opening the system to third countries
sentence2phrase.train-Newswire-481-1,"The opening of the tomb would allow investigators to reconstruct a biological profile of the first King of Portugal, who died 821 years ago."
sentence2phrase.train-Newswire-481-2,first Portuguese King to be biologically profiled
sentence2phrase.train-Newswire-482-1,"On the one hand, the largest producers, or those integrated with processing industries downstream, would distance themselves from this measure, preferring the systems they already have: individual savings; bank loans and redistribution funds."
sentence2phrase.train-Newswire-482-2,the early part of next year
sentence2phrase.train-Newswire-483-1,"His family are devastated, and ask for privacy at this difficult time."
sentence2phrase.train-Newswire-483-2,family reunion
sentence2phrase.train-Newswire-484-1,The vote will take place tomorrow at 11.30 p.m.
sentence2phrase.train-Newswire-484-2,tomorrow's voting
sentence2phrase.train-Newswire-485-1,It is therefore up to NATO to take the steps it deems necessary to prevent further accidents of this kind.
sentence2phrase.train-Newswire-485-2,NATO's response to the accidents
sentence2phrase.train-Newswire-486-1,But stocks have rallied sharply over the past 3-1/2 months amid hopes for an economic rebound later this year.
sentence2phrase.train-Newswire-486-2,hope for a better financial situation
sentence2phrase.train-Newswire-487-1,"I think you'll see a lot of job growth in the next two years, said Mankiw."
sentence2phrase.train-Newswire-487-2,consistent GDP increases and revitalized manufacturing sector
sentence2phrase.train-Newswire-488-1,The most difficult problems in the new budget concern external action.
sentence2phrase.train-Newswire-488-2,accurate budgeting
sentence2phrase.train-Newswire-489-1,"The safeguard clause is currently being worked upon and, if Mr Clegg needs background arguments in order to talk with the sugar beet farmers, I shall make these available to him."
sentence2phrase.train-Newswire-489-2,arguments between Mr Clegg and sugar beet farmers
sentence2phrase.train-Newswire-490-1,Some people think that it is possible to create an internal market in Europe without agreeing on fundamental values and principles.
sentence2phrase.train-Newswire-490-2,building internal markets with no common ground
sentence2phrase.train-Newswire-491-1,"Indeed this is what has happened in the case of the euro over the year, whether we like it or not."
sentence2phrase.train-Newswire-491-2,unchangeable euro eventualities
sentence2phrase.train-Newswire-492-1,"It is a moderate proposal, for Scandinavia already has stricter standards in place than those proposed for the year 2012."
sentence2phrase.train-Newswire-492-2,strict rules in foreign countries
sentence2phrase.train-Newswire-493-1,"Bombardier and Embraer will each deliver 85 jets by September 2006, U.S. Airways said in a release."
sentence2phrase.train-Newswire-493-2,the delivery of eighty five jets from Bombardier and Embraer
sentence2phrase.train-Newswire-494-1,"Mr President, ladies and gentlemen, we recently reached an agreement with the Court of Auditors under which we would be able to obtain advance information from the Court's annual report on a totally confidential basis, and we also agreed that we would be discreet about this."
sentence2phrase.train-Newswire-494-2,legal secrecy
sentence2phrase.train-Newswire-495-1,"April of this year was the next highest month with 493 complaints, edging out May of last year with 488 complaints."
sentence2phrase.train-Newswire-495-2,Easter complaints
sentence2phrase.train-Newswire-496-1,"More than 80% of accidents are associated with human error, but there are reasons for human error, which are social in nature."
sentence2phrase.train-Newswire-496-2,accidents due to human error
sentence2phrase.train-Newswire-497-1,"When it is relevant, from the audit point of view, we mention everything that has to be mentioned."
sentence2phrase.train-Newswire-497-2,auditing encompassing the unmentionable
sentence2phrase.train-Newswire-498-1,"Faced with the disastrous and anarchic situation in maritime transport, Europe has taken up the challenge and, just 11 months after the loss of the Erika, will be in a position to announce that never has a procedure been worked out quite as quickly."
sentence2phrase.train-Newswire-498-2,Europe’s  modernization and Improvement of  maritime transport
sentence2phrase.train-Newswire-499-1,I have no doubt but that the proposals which the Commission will submit to the Council will be characterised by these qualities.
sentence2phrase.train-Newswire-499-2,wedding bells
sentence2phrase.train-Newswire-500-1,I really do think that what the rapporteur has done here is a brilliant achievement; it shows just what you can do with administration when you set your sights on a specific objective and the objective is clearly specified here.
sentence2phrase.train-Newswire-500-2,a sufficient level of flexibility with regard to the basic rules
paragraph2sentence.train-Travel-1-1,"Little St-Julien-le-Pauvre, a jewel of early Gothic architecture dating from between 1165 and 1220, hosts recitals of chamber and religious music. With its wafting incense and masses said in Greek or Arabic (the church belongs to the Melchite sect of the Greek Orthodox Church), St-Julien is not out of place in an area packed with Middle Eastern restaurants. Just across rue St-Jacques stands the exquisite 13th- to 15th-century Flamboyant Gothic church of St-Séverin, in which Dante is said to have prayed and Saint-Saëns asked to be made honorary organist."
paragraph2sentence.train-Travel-1-2,Bricks fired on the spot are the valley’s main building material.
paragraph2sentence.train-Travel-2-1,"Next to the castle is the impressive Gothic Sé Velha (Old Cathedral) of Silves, built by the liberating Crusaders, some of whom are buried within, in the 13th century. The remains of a Moorish mosque are hidden behind the altar. Opposite the Sé is the 16th-century Igreja da Misericórdia, with a classic Manueline-style side door."
paragraph2sentence.train-Travel-2-2,"During the Crusades, Portuguese Crusaders often razed mosques and built churches on top, as is the case for Sé Velha of Silves, which features a Moor mosque hidden behind its altar."
paragraph2sentence.train-Travel-3-1,"Manzanillo initially drew the interest of international visitors for its excellent fishing. An important annual fishing tournament prompted the construction of modest hotels and condos. In the 1970s, the development, along with the new airport, of the Club Maeva and Las Hadas resorts, with their striking Moorish design, began to bring in a steady flow of tourists. Then the movie Ten, starring Bo Derek and Dudley Moore and filmed in Las Hadas, put Manzanillo squarely in the spotlight."
paragraph2sentence.train-Travel-3-2,"Nearby, on Calle Pío Rosado, the Museo Emilio Bacardí has wide-ranging art, archaeological, and more recent historical collections (including a small, grotesque collection of mummies)."
paragraph2sentence.train-Travel-4-1,"Alongside a landmark water tower is a good open-air theatre which presents concerts, opera, and ballet performances in the summer. Nearby are the ruins of a 13th-century Dominican Convent that was founded by King Béla IV. Here he enrolled his 11-year-old daughter, Margit, in fulfilment of a vow he had made should he live to survive the Mongol invasion. Princess (and later saint) Margit stayed on the island for the rest of her life; it was subsequently named after her. Her burial place is marked by a marble plaque."
paragraph2sentence.train-Travel-4-2,"Following a Mongol invasion, King Belá IV made good on his vow to have his daughter Margit join a convent if he survived, on whose island grounds she remained for the rest of her life, ultimately becoming Saint Margit and having the convent's island named after her."
paragraph2sentence.train-Travel-5-1,"Most beaches protected from the open ocean have rowboats, canoes, or pedalos for rent by the hour. Experienced sailors in search of a more seaworthy craft should ask at the local yacht harbor. In the Algarve, dinghies and sailing instruction are available at Praia de Luz, Quinta do Lago, and Portimão. For bigger craft try the marina at Vilamoura or the Carvoeiro Club. Boat cruises are available in virtually every settlement along the Algarve."
paragraph2sentence.train-Travel-5-2,"Boat cruises offer a care free way to enjoy the Algarve coasts of Portugal, though rowboats and canoes are available for the adventurous who want to explore the harbor up close."
paragraph2sentence.train-Travel-6-1,"Shaolin offers one more treat for the more adventurous. It is located at the foot of the western range of the Songshan mountains, part of the mountain cluster that was traditionally regarded as the Central Mountain at the center of the Chinese empire. A gondola now whisks visitors to the top, where hiking trails are abundant and views of the Shaolin complex and the vast desert plains of Henan are impressive. On the far side of the range, sheer walls of stone 300 m (1,000 ft) high tower over the plains, where a series of catwalks and carved footpaths wander through old temples and pavilions into the silence and emptiness beyond."
paragraph2sentence.train-Travel-6-2,Visitors may ride a gondola to the mountain top with its extended hiking trails and unparalleled views of the desert and the Shaolin complex.
paragraph2sentence.train-Travel-7-1,"Lake Voulisméni is connected to the sea by an artificial channel. Across the road bridge at its mouth is the main tourist office, and beyond are the harbor and port. Sea breezes here often make this stroll cooler than around the lake. From the port you can take caïque (small colorful wooden boats) trips to nearby attractions, most notably Spinalónga Island."
paragraph2sentence.train-Travel-7-2,"A short walk west along the waterfront brings you to the remains of the Dominican Monastery of Áyios Pétros (St. Peter), which is in the process of renovation, and beyond that is the Historical Museum of Crete, housed in a remarkable building — part Venetian mansion and part modern glass edifice."
paragraph2sentence.train-Travel-8-1,"The Nanjing Museum (Nanjing Bowuguan), founded in 1933, is located inside Zhongshan Gate, the main eastern portal of the city wall. Among art and artifacts from prehistoric times to the end of the empire, the museum displays colorful ancient pottery, elegant figurines, and a famous jade burial suit 2,000 years old. "
paragraph2sentence.train-Travel-8-2,"Boxwood, mahogany, or bamboo screens, chairs, and chests with elaborately carved designs re-create the atmosphere of old China."
paragraph2sentence.train-Travel-9-1,"Watch the birdie (and the dolphins). There are several animal/bird parks in the islands, Tenerife’s Loro Park, Gran Canaria’s Palmitos Park, or Lanzarote’s Guinate Tropical Park are all described in the Where To Go section of this guide. Others include the Parque Las Aguilas, Los Cristianos, Arona (Tenerife), which as the name implies, has an eagle show, all kinds of other birds and animals, and the new JungleRaid where kids of all ages can work their way through all kinds of obstacles."
paragraph2sentence.train-Travel-9-2,"Older children are sure to be fascinated by the Guanche skulls, skeletons, and mummies kept at both the Museo Canario in Las Palmas and the Museo Arqueológico at Santa Cruz on Tenerife."
paragraph2sentence.train-Travel-10-1,"There are plenty of possibilities for excursions in the vicinity of Guardalavaca. To the west is Bahía de Bariay, which has a monument claiming Columbus’s landing (a fact contested chiefly by Baracoa, farther east). Beyond the bay is Gibara (27 km/17 miles north of Holguín), a captivating if sleepy little port town. You can take a boat trip into the middle of Bahía de Naranjo to a simple aquarium, where you can swim with the dolphins."
paragraph2sentence.train-Travel-10-2," The 750,000-volume collection is amazing, but so too is the interior of the 1849 building, which is exquisitely furnished with antiques, busts of Benjamin Franklin, Daniel Webster, and others, and several paintings by John Singer Sargent and Gilbert Stuart."
paragraph2sentence.train-Travel-11-1,"The teahouse pond marks one corner of the Old Chinese City (Nanshi), once deemed a danger zone for European visitors. You might still get lost in this maze of backstreets, reminiscent of a North African souk, but much of it has been renovated, tastefully, into the Yuyuan Shopping Center. There are still shops from the old bazaar days selling chopsticks, medicines, bamboo fans, silk, and incense."
paragraph2sentence.train-Travel-11-2,"The Yuyuan Shopping center, located in the Old Chinese City (Nanshi) is recently renovated much easier for tourists to navigate than if trying to shop in the maze of backstreets in the area."
paragraph2sentence.train-Travel-12-1,"The apostle Paul arrived in a.d. 59 with his disciple Titus, whom he left behind to convert the islanders to Christianity. Titus had a hard time combating the Cretans’ pagan beliefs, and was martyred for his overzealous efforts. But Christianity eventually triumphed to achieve the strong Orthodoxy of today, and Titus became Crete’s patron saint."
paragraph2sentence.train-Travel-12-2,"Proudly emblazoned with the Lion of St. Mark, the ports and fortifications of Iráklion (called Candia under Venetian rule, as was the whole of Crete), Chaniá, and Réthymnon bear witness to the Venetians’ ambitious public building program."
paragraph2sentence.train-Travel-13-1,"The walls look directly onto the Igreja de Santa Maria do Castelo (Church of St. Mary of the Castle), most likely built on the site of the old mosque. The Gothic portal is the only original 13th-century part of the building to have survived the devastating 1755 earthquake. In the chancel is the large tomb of Dom Paio Peres Correia, who drove the Moors out of Tavira in 1242."
paragraph2sentence.train-Travel-13-2,"Igreja de Santa Maria do Castelo, built over the location of mosque, contains two significant architectural features: a Gothic portal, which is the only original part of the building to survive 1755 earthquake, and a cancel containing the tomb of Dom Paio Peres Correia who liberated Tavira from the Moors in the 13th century."
paragraph2sentence.train-Travel-14-1,"The political status quo under the United Bermuda Party continued until November 1998, when the PLP (Progressive Labour Party) won an unexpected landslide victory in the general elections. This not only surprised the old school but ushered in a new era full of opportunity for development as the island keeps up with a rapidly changing world. Challenges include environmental and housing issues as well as problems of unemployment, unknown in modern Bermuda until the final years of the 20th century. Positive long-term solutions will ensure that Bermuda continues to enjoy the wealth, security, and comfort it has created for itself."
paragraph2sentence.train-Travel-14-2,"Bermuda's Progressive Labour party championed many progressive causes, including environmental issues, housing, and unemployment, which helped prepare the island for continued prosperity."
paragraph2sentence.train-Travel-15-1,"Zihuatanejo was claimed for the Spanish crown by Juan Alvarez Chico in 1522. The town and port saw little action during colonial days and it slumbered quietly, hosting a few lost galleons and pirate ships that happened to stop for repairs or supplies. Local lore tells how one such ship, upon returning from its travels to China, lost hundreds of rolls of silk. The name La Ropa (“the Clothing”) was given to the beach where the silk later washed ashore."
paragraph2sentence.train-Travel-15-2,"Spain claimed Zihuatanejo in the 16th century but the town was hardly visited during colonial times, except for a few wayward galleons and pirate ships needed repairs, of which one reportedly lost hundreds of silk rolls that later washed up on short, giving the name La Ropa ('the Clothing') to the town's nearby beach."
paragraph2sentence.train-Travel-16-1,"The Museu Romàntic displays the furniture and accoutrements of a wealthy 18th century, as well as a large family of antique dolls. On the hillsides and lanes are the villas of wealthy Barcelona families, while the streets between the beach and railway station are geared for food and frolic. In late spring, the streets are carpeted with flowers for the procession of Corpus Christi. Sitges is home to one of Spain’s largest gay communities, and is a magnet for gay travelers year-round, but particularly during carnaval. Gay and nudist beaches are just beyond the town beaches. "
paragraph2sentence.train-Travel-16-2, The compound buildings have walls decorated with photographs and paintings of abbots and partisans; one room has a battle-plan relief map of the 1866 incident.
paragraph2sentence.train-Travel-17-1,"Another restful spot is the River Viewing Pavilion (Wangjianglou), in a park along the south bank of the Jin River. More than 100 kinds of bamboo grow here. As in other traditional Chengdu parks, there are pavilions and towers, rock gardens, ponds, and shady paths. River viewing of a different type is recommended at the site of the Dujiangyan Irrigation System, 57 km (35 miles) northwest of Chengdu. This ambitious irrigation and flood-control project, built in the third century b.c., is still in use. The lush hills along the shore provide a poetic setting for an engineering wonder."
paragraph2sentence.train-Travel-17-2,"The Dujiangyan Irrigation System was built in the third centurcy B.C. to control flooding of the Jin River, which enabled later designers to build such wonders as the River Viewing Pavilion (Wangjianglou) in a scenic park to the southeast in Chengdu."
paragraph2sentence.train-Travel-18-1,"Although the first mention of the town dates back to 1498, there is really nothing here of historical significance. The town itself, especially Calle San Miguel, is simply a profusion of shops. At the bottom of San Miguel a series of winding stairways, lined by shops of course, lead down towards a 7 km (nearly 5 mile) sweep of golden coastline. This consists of six beaches connected by the wonderful Paseo Maritimo (beach promenade) and broken only by the rocky promontory of Castillo de Santa Clara, which separates the Bajondillo (east) and Carihuela (west) sections of town."
paragraph2sentence.train-Travel-18-2,The national park of El Torcal de Antequera is a high limestone plateau that has been eroded by rainwater into a fantasy landscape of fluted pinnacles and towers.
paragraph2sentence.train-Travel-19-1,"The Costa Blanca’s reputation for magnificent beaches and lively resorts comes from the northern stretch of coast. Take the N-332 from Alicante and drive through Campello to the fishing port of Villajoyosa. This picturesque village, some 30 km (18 miles) from the provincial capital, is more authentically Spanish in character than Benidorm, its cosmopolitan neighbour. "
paragraph2sentence.train-Travel-19-2,"Due to its core working class, the fishing village of Villajoyosa maintains more of a classic Spanish character."
paragraph2sentence.train-Travel-20-1,"As an essentially 19th-century phenomenon, Shanghai matured too late to contribute to classical Chinese art or culture. If historic monuments are relatively rare here, it doesn’t mean the city lacks for sights. In Shanghai the interest shifts to relics of uninhibited prewar capitalism and scenes of the city’s contemporary energy and flair."
paragraph2sentence.train-Travel-20-2,Chinese performances combine amusement with edification in a glittering package few Western impresarios could afford to mount.
paragraph2sentence.train-Travel-21-1,"Perched on the edge of the Bairro Alto is one of Lisbon’s most evocative sights, the shell of the 14th-century Igreja do Carmo, which was packed with worshippers on All Saints’ Day, 1755, when the terrible earthquake brought the roof down. The church remains deliberately preserved as an atmospheric ruin. Nearby, the sumptuous 16th-century Igreja de São Roque features a lavish baroque chapel of São João Baptista (St. John the Baptist) and a small museum of sacred art."
paragraph2sentence.train-Travel-21-2," However, you don’t have to go in search of snow to ski; the Glacier ski center in Pankow has the longest indoor ski course in the world."
paragraph2sentence.train-Travel-22-1,"Eco- and adventure-tourism fans will feel they’ve reached nirvana here. With an increasing number of tourists looking for these options, the Mexican Association of Adventure Travel and Eco-tourism (AMTAVE; Tel. (5) 663-5381, or www.amtave.com.mx) was formed to offer information about the most qualified guides and authentic service providers in each area of Mexico, and can direct you to qualified members in the area."
paragraph2sentence.train-Travel-22-2,"One of the town’s main attractions is the natural phenomenon of the Bay of Fundy’s extraordinary tides, with a variation from low to high tide of 8."
paragraph2sentence.train-Travel-23-1,"Sailing: Weekend and summer sailing is very popular with Athenians as the crowded marinas such as those at Pireaus testify. Tournaments occur regularly throughout the summer, and even the children have their own league competitions. Several companies have boats to rent — with crew or “bare” if you have a skipper’s certificate. Contact the Hellenic Sailing Federation, Odos Xenofondos 15, Tel. 01-3235560 for more details."
paragraph2sentence.train-Travel-23-2,"Athens features a very active sailing community, especially in the summer which features tournaments both for adults and children."
paragraph2sentence.train-Travel-24-1,"To the west of the Acropolis stands another small range of hills now cut by footpaths and covered in trees offering cooling shade in the heat of summer. This area, reached by crossing Odós Rovertou Gali and walking up behind the Dionysus restaurant, offers splendid views across to the Acropolis (it’s the best place for afternoon overviews), and the Sound and Light Show auditorium is located here for this reason. Several archaeological sites can be seen and the area is much less crowded than the Acropolis itself. You’ll also see the 16th century church, Ayios Dimítrios Loumbardhi, nestling under the woodland canopy."
paragraph2sentence.train-Travel-24-2,"Following this, new defensive walls were constructed that included elements of the ruined old Temple of Athena and the old Parthenon."
paragraph2sentence.train-Travel-25-1,"As a delightful alternative to driving, you can travel from Vancouver to Squamish aboard the Royal Hudson 2860 steam train, a regular old puffer giving you a close-up view of mountain and forest. The round trip takes 6 hours, including a 2-hour stopover in Squamish allowing for a walk over to Shannon Falls. You also have the option of making one leg of the trip by sea (30 minutes longer). Board the morning train in North Vancouver at the bottom of Pember Street and return from Squamish on the MV Britannia ferry — or vice versa, starting from Vancouver’s Harbor Ferry dock at the bottom of Denman Street."
paragraph2sentence.train-Travel-25-2,Common scenic options from Squamish to Vancouver are the Royal Hudson 2860 steam train that provides a great view of the famed Pacific Northwest landscape along with a stop to see Shannon Falls or traveling by sea on the MV Britannia ferry.
paragraph2sentence.train-Travel-26-1,"At the beginning of the 19th century, Napoleon managed to drag Portugal into the heat of Europe’s conflicts. France invaded in 1807 when Portugal refused to close its ports to British shipping. The royal family fled to Brazil aboard a British ship and the British general, Arthur Wellesley (later the Duke of Wellington), countered the invasions. The final battle came in 1810–1811, when the French, unable to pass the huge fortifications at Torres Vedras, retreated back to Spain."
paragraph2sentence.train-Travel-26-2, Two of the more popular of Budapest’s first division football teams are currently Kispest-Honvéd and Ferencváros.
paragraph2sentence.train-Travel-27-1,"Wood carvings are made from a variety of native trees. Some of the best are made from the lignum vitae, the Bahamian national tree, and from the wild tamarind. The carvings come in a bewildering variety, though animal and fish motifs seem to predominate. Always check a piece thoroughly before you buy as they are vary in quality. Don’t buy wood if it looks green — this usually means the wood has not been allowed to season, and it may split as it dries."
paragraph2sentence.train-Travel-27-2,"The wild tamarind, the Bahamian national tree, is popular with local artisans for carving a variety of trinkets available for purchase."
paragraph2sentence.train-Travel-28-1,"The Chinese arrived in the wake of the great Taiping Rebellion of 1851, seeking security and prosperity in what they were told were California’s “Golden Mountains.” They suffered both exploitation by Chinese entrepreneurs, who used them as indentured labor, and discriminatory taxation by the state legislature. The worst-treated, however, were the Native Americans, whose numbers dwindled rapidly not only as a result of disease and malnutrition but also because of systematic massacres in the 1850s by Californian militia."
paragraph2sentence.train-Travel-28-2,"You can get to almost all these places by train or bus, and air travel is quite cheap."
paragraph2sentence.train-Travel-29-1,"Fishing: You don’t need to be a professional angler to enjoy a relaxing day’s fishing. Just about every male over the age of five can be found sitting on the sea wall waiting for a bite and it is amazingly relaxing to be letting the rod do all the work. Or you can rent a small boat and head out into deeper water. Contact the Amateur Anglers and Maritime Sports Club at Moutsopoulou Quay, Tel. 01-4515731 for more details."
paragraph2sentence.train-Travel-29-2,Fishing is a popular and relaxing pastime enjoyed by the locals who sit out on the sea wall angling for a bite.
paragraph2sentence.train-Travel-30-1,"On the site of the Gothic complex of the Hospital de la Santa Creu (Hospital of the Holy Cross), a hospital and refuge for pilgrims stood for a thousand years. Gaudí died here in 1926. The present structures were begun in 1401. Look for the frieze of 16th-century tiles on the life of St. Paul in the entryway of the Institut d’Estudis Catalans. The hospital’s courtyard is restful, with benches near orange trees ripe with fruit in summer. Exhibitions of art and books are held in the various halls off the cloister."
paragraph2sentence.train-Travel-30-2,"Though over a millenium old, the current hospital structure was started in 1401 and contains wonderful elements like a frieze of St. Paul's life from 16th century and a quaint courtyard with inviting benches and fresh orange blossoms in the summer."
paragraph2sentence.train-Travel-31-1,"Waterwheels have been operating in the Murcia region for over a thousand years. You can see one at La Ñora, 6 km (31⁄2 miles) from the Murcia city centre. The original wheel has been replaced with a steel one, but the Moorish system is otherwise unchanged. A few kilometres (a couple of miles) farther, in the direction of Granada on the N-340, the Museo de la Huerta (Agriculture Museum) at Alcantarilla adjoins a second waterwheel, also of steel. Museum exhibits present all aspects of Murcian country life, including traditional furnishings."
paragraph2sentence.train-Travel-31-2,"Waterwheels have been in use in the Murcia region for over a millenia and though the original wooden wheels have been replaced with a steel wheels (as at La Ñora and the Museo de la Huerta), the Moorish waterwheel system remains largely the same."
paragraph2sentence.train-Travel-32-1,"Since the time of the First Opium War (1839–1842), Western nations had been pushing China to open its doors to foreign trade. In 1860, during the Second Opium War, British and French troops forcibly occupied Beijing and exacted treaty rights. Foreign delegations, businesses, and missionaries poured into the capital, taking up residence in the Legation Quarter, located just southeast of the Forbidden City."
paragraph2sentence.train-Travel-32-2,"After years of pressure to allow foreign trade, the French succeed in acquiring treaty rights from Beijing after the Second Opium War, releasing an outpouring of delegates, missionaries, and business into the city."
paragraph2sentence.train-Travel-33-1,"This is an ideal island to put on your walking boots and take to the countryside. You will be well-rewarded, with small remote villages, hidden churches, and a rural lifestyle to explore. Though Cretans are bemused as to why anyone would want to hike without any purpose but the pleasure of it, they have a genuine welcome for travelers on foot. Itineraries can range from easy flat short walks to steep mountain hikes, though it’s not advisable to head into the high peaks without a guide."
paragraph2sentence.train-Travel-33-2,"Hikes in Crete are filled with much to see amongst the hidden villages, churches, and idyllic scenery - not to mention the friendly interactions with the locals you will meet on the way."
paragraph2sentence.train-Travel-34-1,"Tourists can choose between ordinary Chinese passenger ships or more deluxe luxury cruise ships that cater to overseas visitors. The river boats that the Chinese use lack frills, amenities, and guides. The luxury craft charge much more but offer a good range of tourist services, including decent meals. Often reserved in part for package tours, these ships are also open to independent travelers, and staterooms can even be booked in advance overseas with such lines as Victoria Cruises."
paragraph2sentence.train-Travel-34-2," Once there, you should be able to count off all the other Canary Islands and, on a good day, see North Africa."
paragraph2sentence.train-Travel-35-1,"This stark mountain landscape of pine forest progressively thinning out to more arid, craggy canyons above the fast-flowing river is the pioneer country that “made” British Columbia. Driving east from Vancouver on the Trans-Canada Highway and following the Fraser River north to its tributary, the Thompson, you are backtracking along the great exploration route traced by intrepid fur traders from the prairies to the Pacific. It’s also the route unerringly followed by millions of Pacific salmon between the ocean and their spawning grounds far inland. And, against all the odds of the terrain, it’s the route the railways chose to carry the riches of lumber, mining — and the first tourists — across the continent."
paragraph2sentence.train-Travel-35-2,"Driving eastward from Vancouver through the stark mountain landscape that defines British Columbia, you retrace the not only the steps of the original fur traders on their way to the pacific, but also Pacific salmon on their migratory journeys and the railroad itself."
paragraph2sentence.train-Travel-36-1,"Just around the corner and up a curving alleyway of vendors, the Great Mosque (Qingzhensi) traces its history to a.d. 742. The serene and spacious complex consists of gardens, temples, and pavilions, largely in the Chinese style. The side galleries contain beautifully carved furniture and screens. The triple-eaved Introspection Tower (Shengxin) is a minaret from which many of Xi’an’s sizeable Muslim minority, including descendants of Silk Road travelers, are called to prayer. The prayer hall holds over 1,000."
paragraph2sentence.train-Travel-36-2,"Xi'an contains a sizable Muslim community originating from exchange along the Silk Road, with its most famous mosque, Qingzhensi, containing sizable grounds with Chinese-influenced temples and gardens, among its room for over a thousand in its main prayer hall."
paragraph2sentence.train-Travel-37-1,"Candlesticks, pots and pans, old-fashioned scales, bowls, and trays can be found across Portugal. Cataplanas make a delightful decorative or functional souvenir. The Moorish tradition of producing cooking utensils from beaten metal is maintained in the town of Loulé, in the Algarve. "
paragraph2sentence.train-Travel-37-2,"Portugal is a treasure trove for artisanal-yet-functional souvenir's like bows, trays, and candlesticks, which are often made in the old Moorish traditions."
paragraph2sentence.train-Travel-38-1,Sukarno’s association with the PKI led to his being forced to yield most of his powers. Only his honored role in the independence struggle saved him from trial. In 1968 Suharto took over the presidency. 
paragraph2sentence.train-Travel-38-2,Suharto took over Bali's presidency in 1968 after Sukarno was forced to abdicate due to his ties with the PKI.
paragraph2sentence.train-Travel-39-1,"The neighboring suburb of San Marino was once owned by railroad tycoon Henry E. Huntington (1850–1927), and his fine mansion now houses the Huntington Library (1151 Oxford Road). Its collection of rare books includes one of the First Folios of Shakespeare, a Gutenberg Bible, and a first edition of Benjamin Franklin’s autobiography. The most seductive attraction is perhaps the 130-acre (50-hectare) Botanical Garden, with its magnificent Rose, Desert, and Japanese gardens."
paragraph2sentence.train-Travel-39-2,"San Marino contains two main attractions: the Huntington Library with its large collection of books and the Botanical Gardens, which range over a hundred acres -a rarity in the Los Angeles area- and contains several gardens dedicated to specific styles."
paragraph2sentence.train-Travel-40-1,"From the Golden Temple, continue descending the narrow lane and you will come to temple complex dominated by a five-tiered pagoda, the Kumbheshwar Temple, which is dedicated to Shiva and dates to 1392. Two ponds in the temple compound are said to be fed by waters from the holy Gosainkund Lake high in the Himalayas. During summer, thousands of devotees come to bathe in these ponds beneath a richly ornamented Shiva lingam."
paragraph2sentence.train-Travel-40-2,"In summer months, Shiva devotees come to the ponds at the Kumbheshwar Temple to bath."
paragraph2sentence.train-Travel-41-1,"The museum looks out on East Lake (Dong Hu), vaunted as the largest lake in any municipal park in China, with 33 sq km (nearly 13 sq miles) of invitingly clear water. Boating, swimming, and fishing are popular here. Of course, no Chinese lake would be complete without its artificial islands, causeways, and pavilions, several of which serve as teahouses festooned with peach and plum blossoms, orchids or osmanthus, depending on the season."
paragraph2sentence.train-Travel-41-2,"Common sights in Chinese lakes include artificial islands, causeways, and pavilions, which may also serve as teahouses festooned with flowers, depending on the season."
paragraph2sentence.train-Travel-42-1,"Southwest of the Invalides is the Ecole Militaire, where officers have trained since the middle of the 18th century. Their former parade ground, the vast Champ de Mars, is now a green park stretching all the way to the Tour Eiffel. Horse races were held here in the 1780s, and also five World Fairs between 1867 and 1937. In the 20th century, it has become the front lawn of the Left Bank’s most luxurious residences. It’s also popular with American expatriates, who often can be seen playing touch football or softball games."
paragraph2sentence.train-Travel-42-2,"The vast park Champ de Mars stretches to the Tour Eiffel, big enough for hosting five World Fairs and even horse races, and inviting enough for expatriates to take up popular foreign sports like softball or football on its lawns."
paragraph2sentence.train-Travel-43-1,"Near the town of Lisse are the celebrated Keukenhof Gardens, a 28-hectare (69-acre) showpiece flower garden which opens its doors to the public. You’ll find crocus, hyacinth, and narcissus blooms along with the tulip, in colors you normally only see in your imagination. The landscape at Keukenhof is enhanced by pretty windmills, adding to the authentic Dutch feel. There is also a restaurant and a gift shop where you can buy bulbs, blooms, and other Dutch souvenirs."
paragraph2sentence.train-Travel-43-2,"It also has some of the oldest waterways, once so important for the delivery of goods from around the Dutch colonial world."
paragraph2sentence.train-Travel-44-1,"Two of Beijing’s top attractions, the Summer Palace and the Western Hills, are located northwest of the capital’s relentless urban sprawl. This is the beautiful, hilly countryside of the Haidian District (home to China’s top universities and computer technology developers). And closer to city center, the western precincts of Beijing are the site of four major temples, the Beijing Art Museum, and the Beijing Zoo."
paragraph2sentence.train-Travel-44-2,"Near the northern gate to the Forbidden City is the Imperial Garden (Yu Hua Yuan), filled with small pavilions, ancient cypress trees, and complex rookeries, all built during the Ming Dynasty."
paragraph2sentence.train-Travel-45-1,"German Qingdao suffered a curious fate during World War I. Japan, which joined the Allied forces, invaded the city, imprisoned the survivors of the German garrison, and occupied Qingdao for the duration of the war. China wasn’t able to regain sovereignty until 1922. After the Communists came to power in 1949, industrial development went forward. However, even though the population now exceeds 4 million (including the outlying regions), Qingdao keeps its quiet allure."
paragraph2sentence.train-Travel-45-2,"Japan invaded Qingdao during WWI for the duration of the war, only returning the region to China in 1922."
paragraph2sentence.train-Travel-46-1,"In Lombok, ritual fights long ago took the place of war. The Balinese and Sasaks hurl packets of cooked rice at each other in the October perang ketupet festival. Large crowds gather regularly in villages in Lombok to watch peresehan contests in which men armed with rattan canes and leather shields lash at each other until the referee declares one of them the victor."
paragraph2sentence.train-Travel-46-2," There are more fine beaches towards the southern tip of the island, but you will need a four-wheel-drive vehicle to get there."
paragraph2sentence.train-Travel-47-1,"South of Hollywood Boulevard is L.A.’s most famous street, Sunset Boulevard. The section between Hollywood and Beverly Hills, known simply as “The Strip,” continues to be the playground of the rich, famous, young, and hip. A drive down Sunset can be dangerous, as the billboards touting the latest movies and records may make it difficult to keep your eyes on the road."
paragraph2sentence.train-Travel-47-2,"LA's most famed street, Sunset Blvd., is filled with activities and people, though be aware that if driving, the boulevard is also filled with enticing animated billboards known to distract tourist drivers!"
paragraph2sentence.train-Travel-48-1,"National unity and strength were renewed under the Sui Dynasty (a.d. 581–618), a brief prelude to the highest achievements of Chinese art. The Sui built a stately new metropolis at Chang’an, near the site of the old Han capital (present-day Xi’an, in Shaanxi Province). They also began work on the Grand Canal, which was to link the rice-growing areas of the Yangzi valley with Beijing, an engineering achievement comparable to the construction of the Great Wall."
paragraph2sentence.train-Travel-48-2,"The Sui Dynasty significantly improved national unity, building a new city at Chang'an and starting the work on the Grand Canal that connected Beijing with the rice fields in the Yangzi."
paragraph2sentence.train-Travel-49-1,Diexodos is a company that organizes guided hiking tours either by the day or longer. They can supply equipment and extra insurance if you need it. Contact them at Tel./fax (0841) 28098.
paragraph2sentence.train-Travel-49-2,The Diexodos company organizes guided hikes for one or more days and can even supply your equipment and insurance if you need them.
paragraph2sentence.train-Travel-50-1,"Except for quotations on the walls from the New Testament and Christian Science founder, Mary Baker Eddy, there’s no decoration. Some stained glass windows are found in the older church, which also contains founder Mary Baker Eddy’s chair. She only addressed the congregation twice, as she wished to avoid any personal idolatry. A guided tour is highly recommended (you can only visit the original church by joining a tour)."
paragraph2sentence.train-Travel-50-2,The church is only visitable by guided tour and is itself sparsely decorated with a few New Testament verses on the wall and stained glass windows in the older church.
paragraph2sentence.train-Travel-51-1,"Towards the northeast of the Beira Alta is the barren plateau of the Planalto (“High Plain”), a wild, cold, and sparsely populated region, but important enough to have been fought over by Portugal and Spain. The plateau’s isolation attracted many Jews fleeing the Inquisition. The atmospheric walled town of Trancoso (43 km/26 miles to the north of Guarda) records this heritage in the stone carvings above the doorways of Jewish houses. From miles around, you can see the powerful castle walls and strong keep built by Dom Dinis to fortify the border against Spain."
paragraph2sentence.train-Travel-51-2," An unexpected bargain is cashmere sweaters, in all styles and colors."
paragraph2sentence.train-Travel-52-1,"Of all the springs in Jinan, the one with the most historical associations is the Jet Spring (Baotuquan). It was from this spring in the 17th century that the Qing Dynasty Emperor Kangxi took a swig and pronounced it the “First Spring Under Heaven.” It is now surrounded by a carefully landscaped park. A short walk away is Black Tiger Spring (Heihuquan), its sweet water roaring from the mouths of three tigers carved in a black stone cliffside."
paragraph2sentence.train-Travel-52-2,The park containing Baotuquan (Jet Spring) dates back to the 17th century when Emperor Kangxi of the Qing Dynasty tasted the spring's water and declared it to be the 'First Spring Under Heaven.'
paragraph2sentence.train-Travel-53-1,"Champlain’s Abitation of 1608 — two wooden houses and a storehouse for furs surrounded by a stockade and a ditch — stood on the Place Royale, now a beautifully restored square of elegant 17th- and 18th-century houses. In the center is a replica of a 1686 bust of Louis XIV. Facing the Place Royale, the church of Notre-Dame-des-Victoires celebrates French victories over the British before 1759."
paragraph2sentence.train-Travel-53-2,"The two houses and storehouse were the original habitation of Champlain upon which now stands the restored central square with 18th and 17th century houses, the church of Notre-Dame-des-Victoires, and in the center a bust of Louis XIV."
paragraph2sentence.train-Travel-54-1,"The National Museum of Science and Technology (1867 St. Laurent Boulevard) is in the style of science through fun and games. In Canada’s largest museum, there are views of the heavens through a huge refracting telescope, do-it-yourself demonstrations of balance and optics, and a plastic bubble with live chicks hatching in front of your eyes. But with all the new-fangled razzmatazz, the museum hasn’t forgotten the charm of mint-condition antique cars and, above all, old train engines — behemoths from the great era of steam that truly “made” Canada."
paragraph2sentence.train-Travel-54-2,"Providing a cultural counterpoint a block north of the Convention Center, Vancouver architect Arthur Erickson’s transparent Roy Thomson Hall glows at night to show off the throngs of smart concert-goers attending the Toronto Symphony Orchestra."
paragraph2sentence.train-Travel-55-1,"With his ambition of uniting the states of Brandenburg and Prussia, it was the Great Elector Friedrich Wilhelm (1640–1688) who prepared Berlin to become a strong capital, and fortified it as a garrison town. The first newcomers were 50 wealthy Jewish families who had been expelled from Vienna in 1671. Then 14 years later 5,600 Huguenot Protestants arrived after being driven out of France by the revocation of the Edict of Nantes. At a time when France was considered the cultural master of Europe, these sophisticated merchants and highly skilled craftsmen — among them jewelers, tailors, chefs, and restaurant-owners — brought a new refinement to the town."
paragraph2sentence.train-Travel-55-2,"Friedrich Wilhelm was instrumental in the development of Berlin, shepherding in 50 affluent Jewish families initially, and later, thousands of Huguenot Protestants fleeing France, who together greatly increased the towns upper class with more refined crafts such as culinary arts, tailoring, and jewelry making."
paragraph2sentence.train-Travel-56-1,"From behind the Ajuntament, take the short carrer d’Hèrcules to the Plaça de Sant Just for a quick peek at the church of Sants Just i Pastor and the small, charming, quiet square it sits on, evocative of a bygone Barcelona. The church is one of the oldest in the city, though often remodeled. It is said that any will to which one swears before the church’s altar is recognized as valid by the courts of Barcelona, a practice that dates to the tenth century."
paragraph2sentence.train-Travel-56-2,"Set back from the street is one of La Rambla’s great attractions and a constant in the life of Barcelonans: the Mercat de Sant Josep, also called La Boquería."
paragraph2sentence.train-Travel-57-1,"Tomar’s pleasant central square, Praça da Republica, is flanked by the elegant Manueline church of São João Baptista, with an unusual octagonal belfry and intricate portico, and the 17th-century town hall. The statue in the center of the plaza tells the real story of the town, though. Beneath a colony of ever-present pigeons, it depicts Gualdim Pais, Grand Master of the Portuguese branch of the crusading Order of the Knights Templar, to whom the town was granted in 1157."
paragraph2sentence.train-Travel-57-2," From Kathmandu, take a car or bus up the Trisuli River valley (an adventure in itself) to Dhunche, the entrance to Langtang National Park (there is a small fee to enter, so keep the ticket: it may be requested en route)."
paragraph2sentence.train-Travel-58-1,"Poland’s war-torn and almost incomprehensibly fractured history plays out like an epic novel — occasionally triumphant, frequently sad and tragic. Over a millennium, Poland evolved from a huge and imposing, economically powerful kingdom to a partitioned nation that ceased to exist on world maps for over 120 years, and finally to a people and land at the center of the 20th century’s greatest wars and most horrific human tragedies. But Poland has survived, with its culture, language and most of its territory intact, and today Poles look forward with optimism to taking their place at the forefront of the new, post-Communist Central Europe."
paragraph2sentence.train-Travel-58-2,"Polands emerging economy today masks the ups and downs of its history, including being wiped off the map for over a century but also being one of the most powerful European kingdoms at one point."
paragraph2sentence.train-Travel-59-1,"At the summit is one of the oldest stupas in the world, an immense white mound surmounted by a golden cube, on the four sides of which are the astonishing all-seeing eyes of Buddha. Above this rises a tower of 13 diminishing golden disks symbolizing the 13 steps to enlightenment, then a golden royal parasol topped by a bell-shaped crown. Strings of prayer flags stretch from the tower’s pinnacle, and around the base are hundreds of small prayer wheels. While pilgrims circumambulate the stupa, monkeys, dogs, and pigeons clamber about and forage for scraps of food offerings in small altars set in the foundation."
paragraph2sentence.train-Travel-59-2,Freak Street is no longer Kathmandu’s hub for the backpacking crowd; today’s budget travelers seem to be willing to spend a bit more than their hippie predecessors did.
paragraph2sentence.train-Travel-60-1,"As the Roman empire began to crumble, however, Huns and Vandals swarmed over the river, and during the early fifth century Aquincum fell to the tribes of Attila. It is believed that the town on the west side of the river was named after Attila’s brother (or possibly his brother-in-law), Buda, who was banished there. When Attila died in 453 the Huns were overthrown and the Avars became the dominant power, occupying the region from the middle of the sixth century to the early ninth century."
paragraph2sentence.train-Travel-60-2,"The Huns and Vandals ruled the river after the Romans, even naming a city after Attila's brother, until the rise of Avars after Attila died."
paragraph2sentence.train-Travel-61-1,"In 1897, in an attempt to curb the worst excesses of the Big Easy, Alderman Sidney Story created a city ordinance outlawing prostitution everywhere in the city except for a small, specific area just beyond the French Quarter, where it could be contained and controlled. This area, known as Storyville, became a legend in its own time, where the mixture of glamour, depravity, and color in the local brothels attracted almost every visiting celebrity, and where saloon drinkers, gamblers, and rakes waiting their turn could tap their feet to a developing style of music — jazz. Louis Armstrong started playing his bent, nickel-plated cornet in the dives of Storyville. He improvised from evening to daybreak for 15 cents a night."
paragraph2sentence.train-Travel-61-2,"Located in the French Quarter of New Orleans, Storyville attracted almost every visiting celebrity and was one of the birthplaces of jazz, where Louis Armstrong first got his start and developed his bent-horn trumpet playing."
paragraph2sentence.train-Travel-62-1,"The mountains you see off in the distance on Benidorm’s horizon are fragrant with wild herbs and lavender, and in July and August the hedges are lush with blackberries that few local people bother to pick. Drive south on the motorway to Villajoyosa, then take the road that leads to Sella. The countryside is undistinguished, until suddenly you look down on the emerald-green waters of the Amadorio Dam, a favourite haunt of fishermen and discerning picnickers. Within another 5 km (3 miles) you arrive at Sella village, dwarfed beneath an extraordinary plateau."
paragraph2sentence.train-Travel-62-2,"Passing in the distance on your way to Benidorm, lush mountains with many herbs and -in summer- blackberries, your drive continues through the countryside to Villajoyosa and Sella until you reach Amadorio Dam, which features fantastic picnicking and fishing with a fabulous view of the plateau."
paragraph2sentence.train-Travel-63-1,"After exploring the fort, walk back across the grassy lawns. (At the small traffic circle at the end of the driveway you’ll find refreshment stalls where you can get a cool drink or snack before moving on.) Young Puertorriqueños have taken to skateboarding and rollerblading on nearby Plaza del Quartel Ballajá. They gather every day at this square to compete with their peers and show off their skills to passersby."
paragraph2sentence.train-Travel-63-2,"After visiting the fort continue west along Boulevard del Valle, which becomes Calle Norzagaray and here you’ll be tempted by fine views of the sea; you may even catch sight of a cruise ship sailing gracefully into port."
paragraph2sentence.train-Travel-64-1,"The grey-green Danube cuts straight through the heart of the city — neatly separating the ancient cobblestone streets of Buda from the late-19th-century boulevards of Pest. If you love history you’ll probably head for the Buda side of the river, but if you’re a keen shopper and enjoy lively nightlife, then Pest will certainly oblige. "
paragraph2sentence.train-Travel-64-2,"Budapest was originally two cities, Buda and Pest, which still retain distinct characteristic in their modern incarnations, having historical flair or a livelier shopping, respectively."
paragraph2sentence.train-Travel-65-1,"The 90-minute drive from Toronto to Niagara Falls (130 km/81 miles south of Toronto) curves around the west end of Lake Ontario through the province’s industrial heartland — Mississauga, Hamilton, and St. Catharines, known as the Golden Horseshoe. If you want to see the Falls without getting entangled overnight in the mob scene of the tourists (12 million visitors annually), stay over in the quieter town of Niagara-on-the-Lake, a mere half-hour drive away."
paragraph2sentence.train-Travel-65-2,"You might very easily walk right past the unprepossessing façade of the Metro Toronto Library (on Yonge one block north of Bloor), but the subtly interconnected areas of architect Raymond Moriyama’s striking interior may tempt you to give up your vacation and get down to some solid study."
paragraph2sentence.train-Travel-66-1,"The café life in Dali is one of its chief delights. Cafés are perfect spots to wile away the sunny hours over coffee or beer or to meet local Bai people as well as other travelers. Perhaps the most famous of the dozens of cafés is Mr. China Son’s Cultural Exchange Café, run by Uncle Li (Heliyi), the first Bai in history to go abroad. His autobiography, on sale at his café, is an epic soap opera."
paragraph2sentence.train-Travel-66-2,"Since the distribution system is unpredictable, old China hands say you shouldn’t take a chance: if you find something you like, buy it, for it might not be on sale anywhere else."
paragraph2sentence.train-Travel-67-1,"The museum documents the achievements of the most progressive 20th-century European school of architecture and design. Architects Walter Gropius, Mies Van der Rohe, and Marcel Breuer, along with artists Paul Klee, Vasili Kandinsky, Lyonel Feininger, Oskar Schlemmer, and Laszlo Moholy-Nagy attempted to integrate arts, crafts, and architecture into mass industrial society. On view here is a selection of the objects they created: tubular steel chairs, cups and saucers, teapots, desks, new weaves for carpets, chess pieces, and children’s building blocks, as well as some pioneering architectural plans and sketches."
paragraph2sentence.train-Travel-67-2,"At the museum, a display captures the highlights of the most progressive artists and architects of the 20th century, displaying examples of their creation: tubular steel chairs, new carpet weaves, children's toys, and even a few architectural designs."
paragraph2sentence.train-Travel-68-1,"There’s the sparkling Atlantic coastline, with its delightful little fishing ports. Or rolling green hills across the interior to the orchards and dairy farms of Annapolis Valley. This western side of the peninsula is rich in the poignant history of French Acadia. The province’s northern island is the site of one of Canada’s best-loved national parks, Cape Breton Highlands, where you’ll drive the spectacular Cabot Trail along the coast and in and out of the forest."
paragraph2sentence.train-Travel-68-2,"French Arcadia's richness stems from its many sights: the scintillating Atlantic shores, port cities, rolling farmlands, and -most loved- the Cape Breton Highlands, which contains the must-see Cabot Trail along the coast and through the forests."
paragraph2sentence.train-Travel-69-1,"Walk through the Cooperage to reach the Victualing Yard, where you will find the Tourist Information Bureau, then across the park and around the dry dock area, which is still used to repair the boats and buoys so vital to ship safety. On the left is the Bermuda Pottery, where you’ll find experts crafting and firing ceramics with a series of island motifs. "
paragraph2sentence.train-Travel-69-2,"Once arrived, walk to the tourist information bureau (through the Cooperage in the Victualing Yard) and then to the dry dock to see boats and buoys being repaired, though the less nautical traveling may be interested in the nearby Bermuda Pottery store with many fine crafts and ceramics."
paragraph2sentence.train-Travel-70-1,"Return to the city center on Point Grey Road and stop off near Jericho Beach to visit the Old Hastings Mill Store (1575 Alma Road). Carried here lock, stock, and barrel from downtown in the 1930s, this is the town’s oldest surviving building — a post office, general store, and the only remnant from the original Gastown to have escaped the 1886 fire. It has been restored as a museum for turn-of-the-century paraphernalia. Closest that wholesome Vancouvrites get to being Bohemian, the Kitsilano neighborhood here is popular with students, young and old."
paragraph2sentence.train-Travel-70-2," Its capacity is printed on its side: 227 gallons, 2 quarts, 1 pint, 3 gills (some 868 liters)."
paragraph2sentence.train-Travel-71-1,"Little is known of the earliest Stone Age inhabitants of Europe’s southwestern extremity. The ancient Greeks called them the Cynetes (or Cunetes). Whatever their origins, their culture evolved under the pressure and influence of foreign forces. Among the many invading armies that settled here and contributed to nascent Portuguese culture were Phoenicians, who settled in the area around 1,000 b.c., followed by the Celts, Iberians, Greeks, and Carthaginians."
paragraph2sentence.train-Travel-71-2,Canada’s national unity remains a dynamic “work in progress.
paragraph2sentence.train-Travel-72-1,"The last town on the north shore, Keszthely (pronounced kest-hey), was once owned entirely by the wealthy Festetics family, and their palace is one of Hungary’s most important Baroque monuments (open all year round). Here, among a selection of its 101 rooms, you can see something of the aristocratic life the family enjoyed during the 18th and 19th centuries. The highlight is the Helikon library, claimed to be the greatest in the country, and it alone is worth the palace entrance charge (which is hefty by Hungarian standards)."
paragraph2sentence.train-Travel-72-2,"The Helikon library, once owned by the Festetics family, is considered by some to be the best in Hungary and easily accessible on the tour of the original family's palace."
paragraph2sentence.train-Travel-73-1,"A Liberation Monument (Szabadsag szobor), visible from all parts of the city, stands below the citadel. It was erected by the Russians in honour of their troops who fell while “liberating” Budapest from the Germans. The monument is loathed by most locals as a symbol of Soviet domination, but it has become too much of a city landmark to remove."
paragraph2sentence.train-Travel-73-2,"A highly-visible landmark from everywhere in the city, the Liberation Monument was originally installed by Russians to honor their fallen when 'freeing' Budapest from Germany, but is now disdained by many residents for this connection - though its landmark status largely prevents its removal."
paragraph2sentence.train-Travel-74-1,"One of the most picturesque towns in the province is the lovely village Alte, about 30 km (18 miles) north of Albufeira. The architectural highlight of the village is the beautiful 16th-century Igreja Matriz, entered through a classic Manueline portal. The rest of Alte is the Algarve of picture postcards — white-washed houses along narrow streets, colorful windows, filigreed chimney pots, and red-tiled roofs. "
paragraph2sentence.train-Travel-74-2,The west wall was restored in the early 20th century after it fell down in 1852.
paragraph2sentence.train-Travel-75-1,"Batur was rebuilt in its present position on the crater rim after a 1926 eruption buried the old site down below. One long street is lined with ugly concrete houses and sheds, relieved by Pura Ulun Danu, the new temple of black volcanic stone started in 1927 that is still being extended. Kintamani, adjoining Batur, is brightened up only by its market, on Monday and Thursday mornings."
paragraph2sentence.train-Travel-75-2,"Batur was devastated by the nearby volcanic eruption in 1926, which buried part of the town completely, forcing its residents to rebuild on top of the remains."
paragraph2sentence.train-Travel-76-1,"All was not totally lost, however. In 1867, under a compromise designed to curtail home-rule agitation, the Austro-Hungarian empire was established and Hungary was finally granted its own government, though key ministries were shared with the Austrians. This “Dual Monarchy” saw out the 19th century on a bright note, with splendid boulevards and proud buildings erected to create the Pest we recognize today. The Chain Bridge became the first permanent link across the river, the Pest metro and the Pest-Vienna railway opened, and, in 1873, the towns of Pest, Buda, and Obuda merged to become Budapest."
paragraph2sentence.train-Travel-76-2,"The development of the splendid, historical Pest part of Budapest owes much to the Dual Monarchy government created during the Austro-Hungarian empire."
paragraph2sentence.train-Newswire-77-1,"Following an Independent Police Complaints Commission (IPCC) ruling on Tuesday, UK Prime Minister David Cameron and other senior British politicians have criticised the actions of three police forces in England for allegedly covering up the behaviour of police officers involved in the investigation of former Cabinet Minister Andrew Mitchell."
paragraph2sentence.train-Newswire-77-2,England police forces have allegedly covered up the behaviours of police officers.
paragraph2sentence.train-Newswire-78-1,"The lack of snow delayed the opening of a number of ski resorts in the area, with only six open by November 16. Copper Mountain required use of snow machines to keep snow on their ski runs. The lack of quality snow was a factor in a downturn by about 12% in visitors to Colorado's ski resorts. Currently, the snow is machine groomed and the majority of ski lifts and trails are not open."
paragraph2sentence.train-Newswire-78-2,"The secession idea came about last week as the commissioners from the northeastern Colorado counties of Weld, Morgan, Logan, Sedgwick, Phillips, Washington, Yuma, and Kit Carson expressed interest in withdrawing from Colorado due to differences with the state government over gun control and the perceived overregulation of agriculture and the oil and gas industries."
paragraph2sentence.train-Newswire-79-1,"The British broadcaster and journalist Sir David Frost has died of a heart attack, aged 74. Best known for an interview with former President Richard Nixon following the Watergate scandal, Frost died on Saturday night aboard the Queen Elizabeth cruise ship, where he was due to give a speech. 'His family are devastated, and ask for privacy at this difficult time,' said a statement released from Frost's family."
paragraph2sentence.train-Newswire-79-2,74-year-old British TV presenter Sir David Frost died of a heart attack before he could deliver his speech. 
paragraph2sentence.train-Newswire-80-1,Fighting broke out between Palestinian guerrillas and Shi'ite Moslem Amal militiamen near camps in south lebanon as Syria prepared to extend its military presence at Beirut's settlements. Security sources in the southern port of Sidon said the clashes erupted in villages to the southeast between Amal and guerrillas loyal to Palestinian leader Yasser Arafat. Syria stepped in yesterday to halt battles at two Beirut refugee camps but Amal said it would only lift its siege after Arafat withdrew his men from the villages near Sidon.
paragraph2sentence.train-Newswire-80-2,"In addition, Multifoods is seeking to stop Bregman Partners from acquiring any more stock, or voting the shares it reportedly owns, the suit said.     "
paragraph2sentence.train-Newswire-81-1,"Live Hog futures were expected to open steady to mostly higher after yesterday's mostly higher close. Traders anticipate carryover demand prompted by firmer live calls and the continued discount of futures to cash. Hog runs are light as farmers are starting spring fieldwork in some areas, they noted. Private reports of steady to firm cash pork products and a rise in the cutout yesterday was adding to packer interest for cash hogs, they said. Spillover strength from higher cattle pits is also likely again today, they added."
paragraph2sentence.train-Newswire-81-2,Live Hog futures were expected to open steady to higher because anticipate carryover demand prompted by firmer live calls and the continued discount of futures to cash and possibly some related spillover from cattle futures.
paragraph2sentence.train-Newswire-82-1,"Isuzu Motor Ltd <ISUM.T> will pay no dividend for the first half year ending April 30, 1987, as the company is expected to mark a 12 billion yen parent company current loss in the first half due to slow exports caused by the yen's appreciation, a company spokesman said. The company has paid no dividend since the year ended October 31, 1983, when it paid five yen. It had a 4.44 billion yen current profit in the first half of 1985/86."
paragraph2sentence.train-Newswire-82-2,Total mortgages outstanding for New York members were 58.8 billion dlrs on December 31 versus 50.7 billion at end-1985.  
paragraph2sentence.train-Newswire-83-1,"Pakistan's Taliban announced Thursday they had chosen Mullah Fazlullah as their new leader. A US drone attack last week killed their previous leader, Hakimullah Mehsud. Fazlullah, who takes credit for ordering the attack on schoolgirl Malala Yousafzai in 2012, is known for his rejection of peace talks."
paragraph2sentence.train-Newswire-83-2,"After the death of Hakimullah Mehsud. Fazlullah by US drone attacks, Pakistan's Taliban announced Mullah Fazlullah as their new leader."
paragraph2sentence.train-Newswire-84-1,"National Computer Systems Inc said its board authorized the company to repurchase up to 2.0 mln shares of its common stock in the open market. The company currently has about 19 mln shares outstanding. It said the shares will be retained for use in the employee stock purchase plan, stock option plans and for general corporate use."
paragraph2sentence.train-Newswire-84-2,"National Computer Systems authorized the repurchase of two of the nineteen million outstanding shares for use in stock options and employee stock purchase plans, among other things."
paragraph2sentence.train-Newswire-85-1,"A man and a woman have been killed in a road traffic accident near Connel in the west of Scotland. Seven people, including three children, were also injured in the head-on collision on the A85 road in Argyll at approximately 1830 BST (1730 UTC) yesterday."
paragraph2sentence.train-Newswire-85-2,There was a head on collision and three children were involved.
paragraph2sentence.train-Newswire-86-1,"AAR Corp said its AAR Technical Service Center unit signed a major maintenance agreement with Continental Airlines to provide a wide range of support for components operated on Continental's expanding fleet of B727, B737, DC9, MD80 and DC10 aircraft. It said it is the largest component repair service agreement reached by Continental Airlines with an independent repair facility."
paragraph2sentence.train-Newswire-86-2,AAR Corp have formed a substantial maintenance contract with Continental Airlines regarding component repairs. 
paragraph2sentence.train-Newswire-87-1,"Earlier today, the Prime Minister of Bangladesh Sheikh Hasina chaired a cabinet meeting which decided to grant official government recognition of people who gender identify as Hijras, people who identify as neither male nor female."
paragraph2sentence.train-Newswire-87-2,"An official Bangladesh government decision has been made today by the cabinet and Prime Minister Sheikh Hasina to recognize Hijras, people who gender identify as neither male nor female."
paragraph2sentence.train-Newswire-88-1,"The cub, born out of an artificial insemination given in March, is under intensive care for its first week of life. It was the seventh attempt to get the nine-year old Yuan Yuan pregnant in a three year period. Yuan Yuan, and her mate, Tuan Tuan, were a gift from China to Taiwan in December, 2008, as a gesture of goodwill due to historical conflicts between the island of Taiwan and mainland China. The two pandas have failed to mate successfully through natural pregnancy, hence the use of artificial insemination. Yuan Yuan showed signs of pregnancy in early June and towards the end of the month caretakers believed she would soon give birth. Caretakers spent the night at the zoo, keeping a constant watch over Yuan Yuan during her birth."
paragraph2sentence.train-Newswire-88-2,A panda's diet consists mainly of bamboo.
paragraph2sentence.train-Newswire-89-1,"Major said that there won't be a currency union between a newly independent Scotland and a post-split United Kingdom: 'A currency union, which the SNP [Scottish National Party] assume is negotiable, would require the UK to underwrite Scottish debts. That cannot, will not, happen if Scotland leaves the Union. There can be no halfway house, no quasi-independence underpinned by UK institutions.'"
paragraph2sentence.train-Newswire-89-2,"Earlier today, the Prime Minister of Bangladesh Sheikh Hasina chaired a cabinet meeting which decided to grant official government recognition of people who gender identify as Hijras, people who identify as neither male nor female."
paragraph2sentence.train-Newswire-90-1,"Australian solar racing team Sunswift paraded their fifth car, eVe, on the Kensington campus of the University of New South Wales, Sydney, yesterday. They are leaving for the 2013 World Solar Challenge this weekend. Both staff and students came to the send-off event in the early afternoon."
paragraph2sentence.train-Newswire-90-2,"Sunswift displayed their car for the 2013 World Solar Challenge yesterday at the University of New South Wales, Sydney."
paragraph2sentence.train-Newswire-91-1,"First National Supermarkets said its annual sales are running at a rate of 1.58 billion dlrs, compared with 1.39 billion dlrs 18 months ago, when the company was taken private by its management. The company said it is commencing a four-year capital program that will include the opening 20 new stores as well as the enlargement and remodeling of selected existing stores. It said it will continue its practice of closing some smaller, less productive stores, converting those assets into larger stores in its core market areas."
paragraph2sentence.train-Newswire-91-2,"One of the leading supermarkets in the UK, Tesco, has a variety of different stores, including the express stores that serve a smaller community as well as larger stores that are focused on a large market area."
paragraph2sentence.train-Newswire-92-1,"The volume of mark eurobond issues fell in the period March 16 to 31 to 900 mln marks from 1.37 billion in the period March 1 to 15, the Bundesbank said. Issues comprised three bonds, including two fixed-interest bonds totaling 700 mln marks and one equity warrant bond totaling 200 mln marks. In addition, one Australian dollar bond was issued totaling 220 mln dlrs, with a portion of interest and principal payments to be met in marks."
paragraph2sentence.train-Newswire-92-2,"Goodrich Co said it will phase-out the production of aircraft tires, missile and marine products and molded rubber products in Akron, Ohio, by the end of 1987, laying off about 790 salaried, production, maintenance and support services employees.     "
paragraph2sentence.train-Newswire-93-1,"The plane reportedly had a crew of six and 27 or 28 passengers. Ten of the passengers were Mozambique nationals, while nine were from Angola and five were from Portugal. One passenger from each of France, Brazil and China were also onboard."
paragraph2sentence.train-Newswire-93-2,"New York One quotes Hurley as saying the reason for the boycott as , 'We're not stupid, we're reading papers, we're reading what's going on over there, they've got to stop what's happened.'"
paragraph2sentence.train-Newswire-94-1,"Enterra Corp said it has completed the sale of its Hale Fire Pump co and Macomson Machine Co subsidiaries to a company formed by Los Angeles investment firm McBain, Rose Partners for about 27 mln dlrs in cash. Both Hale and Macomson make fire pumps and related equipment."
paragraph2sentence.train-Newswire-94-2,"Enterra Corp has sold its Hale Fire Pump co and Macomson Machine Co subsidiaries to a company formed by Los Angeles investment firm McBain, Rose Partners for about 27 mln dlrs in cash."
paragraph2sentence.train-Newswire-95-1,"The developers of CyanogenMod, an open source free Android-based operating system for smartphones, announced yesterday their incorporation following a successful venture capital campaign which netted the open-source project a US$7 million nest egg, and plan to roll out a simple installation app on Google Play for their Android firmware."
paragraph2sentence.train-Newswire-95-2,Developers of CyanogenMod plans to roll out a new installation app for their Android firmware.
paragraph2sentence.train-Newswire-96-1,"Ameritech Publishing, a unit of Ameritech, the midwest-based telephone services company, said it has named Barry Allen president effective April. Ameritech Publishing said Allen will succeed Leo Egan, who will become chairman and chief executive officer until he retires on June 1."
paragraph2sentence.train-Newswire-96-2,Barry Allen became the president of Ameritech company by April.
paragraph2sentence.train-Newswire-97-1,"Nettles was walking with transgender friends early on August 17 when they met a group of men opposite a local police building. Police say a fight ensued after the men discovered the group was transgender and local man Paris Wilson, 20, was arrested at the scene."
paragraph2sentence.train-Newswire-97-2,Paris Wilson was arrested after a fight between a group of men and transgenders.
paragraph2sentence.train-Newswire-98-1,"The Kuwaiti government and private sector will study investments in Egyptian projects worth more than four billion dlrs, said the deputy-director for Egypt's Public Authority for Investment, Mohye al-Deen Gharib. The chairman of the Kuwait Chamber of Commerce and Industry, Abdul-Aziz al-Saqr, said the visitors had submitted 40 proposals for study. These included 'economic, industrial and real estate projects, in addition to the investment field,' he said, adding that a holding company may be established to oversee investments."
paragraph2sentence.train-Newswire-98-2,A holding company may be established to oversee investments in the 40 submitted proposals for Egyptians projects.
paragraph2sentence.train-Newswire-99-1,"Allied Supermarkets Inc said it filed with the Securities and Exchange Commission a registration statement covering 240 mln dlrs of debt securities. The company plans to offer 140 mln dlrs of senior subordinated discount debentures and 100 mln dlrs of subordinated debentures. Proceeds will be used to finance Allied's acquisition of Vons Cos Inc. Allied named Drexel Burnham Lambert Inc and Donaldson, Lufkin and Jenrette Securities Corp as co-underwriters of both offerings."
paragraph2sentence.train-Newswire-99-2,Allied Supermarkets Inc said it filed  a registration statement with the SEC covering 240M USD of debt securities that will be used to  finance its acquisition of Vons Cos Inc.
paragraph2sentence.train-Newswire-100-1,"George Zimmerman, a Florida man charged with the shooting of seventeen-year-old Trayvon Martin, was found not guilty of second-degree murder late Saturday night following 16 hours of deliberation. The case has drawn national attention in the United States because of questions it raises over 'stand your ground' self-defense laws."
paragraph2sentence.train-Newswire-100-2,"In 2011, Zimmerman participated in a citizen forum to protest the beating of a homeless black man by the white son of Sanford police officer."
paragraph2sentence.train-Newswire-101-1,The invention has received cautious praise from German medical services; the drone is still in the development and testing stage. Definetz and collaborating drone builder Height Tech have not issued any information about the release of the smartphone app or about when the drone will be available for medical services to purchase.
paragraph2sentence.train-Newswire-101-2,idlers and pretzel eaters use smartphones.
paragraph2sentence.train-Newswire-102-1,"3Com Corp said it supports International Business Machines Corp's personal System/2 series of computers, and will provide network operating software and interfaces. The software and interfaces will allow the new machines to be integrated into existing 3System workgroup systems, 3Com said. 3Com said it is modifying its 3+ network software to work under DOS 3.3, ensuring compatibility with current Personal Snd IBM's new Token Ring adaps Micro Channel architecture."
paragraph2sentence.train-Newswire-102-2,"3Com Corp will collaborate with International Business Machines Corp's personal System/2 series of computers by providing software and interfaces, and therefore making it compatible with other systems."
paragraph2sentence.train-Newswire-103-1,"Civil Defence originally stated there were two dead and fourteen known injuries, but later revised the death toll to one. North Shore Hospital is currently treating up to twelve casualties, including one man who has critical injuries, while others are in Waitakere and Auckland Hospitals."
paragraph2sentence.train-Newswire-103-2,"As news broke today of the death of legendary Portuguese footballer Eusébio, the government of Portugal declared three national days of mourning."
paragraph2sentence.train-Newswire-104-1,"The National Association for the Advancement of Colored People (NAACP) have launched a petition calling on the US government to bring federal civil rights charges against Zimmerman. NAACP president Benjamin Jealous stated, 'We are outraged and heartbroken over today's verdict. [...] We will pursue civil rights charges with the Department of Justice, we will continue to fight for the removal of Stand Your Ground laws in every state, and we will not rest until racial profiling in all its forms is outlawed.'"
paragraph2sentence.train-Newswire-104-2,"The NAACP has made a collaborative agreement with some Florida Public Schools, law enforcement, and community partners to end the school to prison pipeline."
paragraph2sentence.train-Newswire-105-1,"National Intergrup Inc said its Permian Partners LP subsidiary, recently formed to take over the business of its Permian Corp unit, plans to make a public offering of cumulative convertible preferred partnership units. Permian buys, transports and resells crude oil. Lead underwriters are American Express Co's <AXP> Shearson Lehman Brothers Inc and <Donaldson, Lufin and Jenrette Securities Corp> will be lead underwriters."
paragraph2sentence.train-Newswire-105-2,"Permian Partners LP, a subsidiary of National Intergroup Inc, is set to make a public offering of cumulative preferred partnership units."
paragraph2sentence.train-Newswire-106-1,"Genetics Institute Inc, earlier reporting an increased first quarter net loss, said it expects to incur losses in fiscal 1987 'that are somewhat higher than those reported in fiscal 1986.' It had a loss of 4,504,000 dlrs for fiscal 1986 ended November 30, compared to a fiscal 1985 loss of 1,732,00 dlrs. The company said the losses result from its strategic decision to invest prudent levels of equity in development of products the company can manufacture and bring to market. Genetics earlier said first quarter ended February 28 losses rose to 1,309,000 dlrs from year-ago loss of 937,000 dlrs."
paragraph2sentence.train-Newswire-106-2,Genetics Institute Inc. is declaring expected losses for 1987 from strategic investment decisions following its losses in 1985 and 1986.
paragraph2sentence.train-Newswire-107-1,"Swedish Export Credit is issuing 75 mln New Zealand dlr eurobonds due April 28, 1989, paying 19 pct and priced at 101-1/4 pct, lead manager Credit Suisse First Boston said. The bond is available in denominations of 1,000 and 5,000 dlrs and will be listed in Luxembourg. Fees comprise 7/8 pct selling concession and 3/8 pct management and underwriting."
paragraph2sentence.train-Newswire-107-2,New Zealand is one of the only countries in the world in which you can experience every type of climate. 
paragraph2sentence.train-Newswire-108-1,"Diamond-Star Motors Corp, the joint-venture company owned by Chrysler Corp <C> and Mitsubishi Motors, named additional production suppliers for the new vehicle to be produced at the company's plant under construction in Bloomington, Ill. It said Amtex Inc, Sidney, Ohio, was selected to supply trunk floor carpets and Bluewater Plastics Inc, Marysville, Mich., duct assemblies and column covers."
paragraph2sentence.train-Newswire-108-2,"Diamond-Star Motors Corp, the collaboration of Chrysler Corp and Mitsubishi Motors, will receive specific parts for their new car: trunk floor carpets, duct assemblies and column covers, from Amtex Inc and Bluewater Plastics."
paragraph2sentence.train-Newswire-109-1,"An Asiana Airlines Boeing 777 airplane crashed upon landing at San Francisco International Airport around 11:30 AM local time today. Flight #214, coming from Seoul, carrying 291 passengers — including one infant, and 16 crew members — crashed on runway 28L. Two deaths are reported and 10 passengers were taken to San Francisco General Hospital critically injured. In total, officials report 181 people were hospitalized and one person remains unaccounted for."
paragraph2sentence.train-Newswire-109-2,San Francisco is home to the Golden Gate bridge.
paragraph2sentence.train-Newswire-110-1,McGraw-Hill Inc said it has sold its McGraw-Hill Book Co South Africa Pty Ltd subsidiary to a local management group for an undisclosed amount of cash and halted the sale of all products and services to South Africa. The company said the divestiture follows a resolution of its board in February that cited increased political and social unrest within South Africa and the refusal of the South African government to abolish the apartheid system.
paragraph2sentence.train-Newswire-110-2,"Based on South Africa's continued struggles with apartheid, McGraw-Hill Inc said it has divested itself completely of its South African subsidiary, selling it to a local management group."
paragraph2sentence.train-Newswire-111-1,"NEC Corp is establishing a 150 mln dlr euro-commercial paper program with a sterling option, Morgan Guaranty Ltd said as arranger. Paper will be issued by NEC Industries Netherlands BV under the guarantee of NEC Corp. Dealers will be Morgan Guaranty, Chase Investment Bank Ltd, Shearson Lehman Brothers International and Swiss Bank Corp International Ltd. Issuing and paying agent will be Chase Manhattan Bank NA, London."
paragraph2sentence.train-Newswire-111-2,Every cloud has a silver lining.
paragraph2sentence.train-Newswire-112-1,"In recent years, several significant injuries have occurred during the melee that often ensued when stores opened their doors for Black Friday events. In 2011, a woman shot pepper spray at 20 people who were waiting to purchase the newest Xbox system."
paragraph2sentence.train-Newswire-112-2,"The Eagle County Coroner reported the avalanche happened around 11:30 A.M. local time (1830 UTC) in an area known as the East Vail Chutes, near the ski resort of Vail."
paragraph2sentence.train-Newswire-113-1,"London-based sugar operator Kaines Ltd confirmed it sold two cargoes of white sugar to India out of an estimated overall sales total of four or five cargoes in which other brokers participated. The sugar, for April/May and April/June shipment, was sold at between 214 and 218 dlrs a tonne cif, it said."
paragraph2sentence.train-Newswire-113-2,Sugar operators based in London and other brokers have sold white sugar to India.
paragraph2sentence.train-Newswire-114-1,"The New York Stock Exchange said trading in the units of BenEquity Holdings, a California Limited Partnership, was suspended before the opening and an application will be made to the Securities and Exchange Commission to delist the issue. The Exchange said it normally considers suspending and removing from its list the securities of a company when fewer than 600,000 units are held by the public. As a result of a tender offer by <Renouf Corp International>, which expired March 24, 1987, fewer than 600,000 units of BenEquity remained publicly held."
paragraph2sentence.train-Newswire-114-2,New York shopping centres have been running low on stock.
paragraph2sentence.train-Newswire-115-1,"Tanzania will need about 1.2 billion dlrs of hard currency investment to support its 1987-1992 five-year plan which begins in July, Minister of State for Finance Damas Mbogoro said. He told an economic planning seminar in the northern town of Arusha yesterday that the new plan would concentrate on rehabilitating Tanzania's existing infrastructure, with a minimum of investment in new development projects. The aim is to boost agricultural production by five pct a year and industrial output by 6.4 pct, he said."
paragraph2sentence.train-Newswire-115-2,"By creating a plan to increase the agricultural production and industrial output of a country, you are improving that country's future chances of becoming economically independent and sustainable. "
paragraph2sentence.train-Newswire-116-1,"Earlier this week the World Bank released the 2012 World Development Report on Gender Equality and Development. The report noted relatively high numbers of women participating in Finnish politics, and credited the Council for Equality between Men and Women in Finland with progress."
paragraph2sentence.train-Newswire-116-2,The 2012 World Development Report on Gender Equality and Development was released by the World Bank this week.
paragraph2sentence.train-Newswire-117-1,"During an official visit to Romania on Tuesday, Moldovan premier Iurie Leancă invited his Romanian counterpart, Victor Ponta, to attend Moldovan Independence Day on August 27. On that occasion, the two neighbouring countries are to start building a cross-border gas pipeline between cities Iași, Romania, and Ungheni, Moldova."
paragraph2sentence.train-Newswire-117-2,Moldovan Independence Day on August 27th commemorates the adoption of the Declaration of Independence from the Soviet Union in 1991.
paragraph2sentence.train-Newswire-118-1,"The Province of Quebec is issuing a 30 billion yen eurobond due May 7, 1997 paying five pct and priced at 102-1/2 pct, lead manager Bank of Tokyo International Ltd said. The non-callable bond is available in denominations of one mln yen and will be listed in Luxembourg. The selling concession is 1-1/4 pct, while management and underwriting combined pays 3/4 pct. The payment date is May 7."
paragraph2sentence.train-Newswire-118-2,"Winter rape plantings were forecast at 627,000 ha against a previous estimate of 621,000 and 375,000 rpt 375,000 harvested in 1985/86.  "
paragraph2sentence.train-Newswire-119-1,"The issue price of the European Investment Bank's 300 mln guilder 6.25 pct bullet bond due 1995, announced on April 1, has been set at par, lead manager Amro bank said. Subscriptions remain open until 1300 gmt tomorrow, April 9. Payment is due May 14 and coupon date is May 15."
paragraph2sentence.train-Newswire-119-2,A bullet bond is considered riskier than an amortizing bond.
paragraph2sentence.train-Newswire-120-1,"Hawaiian Airlines Inc said it will continue to expand services to Pacific Islands this year. The company said it will increase its South Pacific services to daily service, from the current four flights per week, and beginning May 21 it will fly twice a week to the Western Pacific to Guam. Hawaiian Airlines also said it has applied with the Department of Transportation for an emergency exemption to provide service to Tahiti, with connecting services to American Samoa, New Zealand and Cooke Islands."
paragraph2sentence.train-Newswire-120-2,Flying is a popular method of transport chosen by business men.
paragraph2sentence.train-Newswire-121-1,"Bethlehem Steel Corp said its base price for carbon plates and high-strength and low-alloy plates will be increased by 25 dlrs to 405 dlrs a short ton, effective July one. The company said its composite prices for alloy plates will also be increased 25 dlrs per ton on the same date, adding it does not publish its prices for this product. Bethlehem Steel said its composite prices for strip mill plates will be increased 15 dlrs a ton."
paragraph2sentence.train-Newswire-121-2,"Bethlehem Steel Corp announced price increases for its plates: 25 dollars per short ton for carbon plates, 25 for alloy plates, and 15 for strip mill plates."
paragraph2sentence.train-Newswire-122-1,"<Novamin Inc> said it received a proposed takeover offer from Breakwater Resources Ltd involving a swap of one Breakwater share for two Novamin common shares. It said the proposal also called for conversion of outstanding Novamin warrants into Breakwater common shares on the same basis, provided the exercise price was paid by the warrant holders. Novamin, a mineral exploration company, said directors would meet next Tuesday to deal with the proposal, which, it said, was subject to approval by Breakwater directors."
paragraph2sentence.train-Newswire-122-2,To share gives great satisfaction. 
paragraph2sentence.train-Newswire-123-1,"Moody's Investors Service Inc said it may downgrade 950 mln dlrs of debt of Irving Bank Corp and lead bank Irving Trust Co. The rating agency said it will assess Irving's ability to substantially improve operating results in increasingly competitive markets. The review will also focus on Irving's shifting risk profile in light of its modest capital base. Moody's cited the bank's significant exposure to less developed countries. Under review are the parent's Aa-3 senior debt, A-1 subordinated debt and Aa-3 preferred stock and Irving Trust's Aa-1 long-term desposits and letters of credit."
paragraph2sentence.train-Newswire-123-2,"Moody's Investors Services is reviewing, rating, and assessing Irving Bank Corp and lead bank Irving Trust Co. with a focus on Irving's shifting risk profile and exposure to less developed countries."
paragraph2sentence.train-Newswire-124-1,"Deak International, a foreign currency and precious metals firm, announced the acquisition of Johnson Matthey Commodities of New York from Minories Finance Limited, a unit of the Bank of England. The purchase valued at 14.8 mln dlrs follows the recent acquisition of London's Johnson Matthey Commodities Limited, Deak said. The New York firm will be known as Deak International Trading Ltd, the company said. Arkadi Kuhlmann, president and chief executive officer of Deak International said the purchase will expand Deak's operations into the precious metals and wholesale non-ferrous metals trading arenas."
paragraph2sentence.train-Newswire-124-2,Deak International has expanded its operations into the precious metals and wholesale non-ferrous metals trading arenas with acquisitions of New York’s and London's Johnson Matthey Commodities Limited.
paragraph2sentence.train-Newswire-125-1,"Nine year old giant panda Yuan Yuan has given birth to a cub in a zoo in Taipei, Taiwan on Saturday at 8:05pm local time. The female cub was born weighing 6.4 ounces and measuring 6.1 inches. The cub won't be on public display for another three to five months."
paragraph2sentence.train-Newswire-125-2,The majority of nine year olds like to play video games.
paragraph2sentence.train-Newswire-126-1,"Sunshine Beach, Queensland — Maroochydore denied Caboolture a shot at back-to-back Sunshine Coast Rugby Union A-grade premierships today defeating them 24 points to 7 at Dolphin Oval, Sunshine Beach, Australia. Caboolture qualified for this match by beating Caloundra in the Minor Semi Final; Maroochydore lost the Major Semi Final against Noosa."
paragraph2sentence.train-Newswire-126-2,Dolphins have larger brains than a human.
paragraph2sentence.train-Newswire-127-1,"Nelson Mandela has left hospital to return to his home in Johannesburg, in a critical condition, South African officials said on Sunday. The 95-year-old anti-apartheid leader and former South African president has spent nearly three months in hospital for treatment of a recurring lung infection and has returned to his residence in Johannesburg where he will continue to recover."
paragraph2sentence.train-Newswire-127-2,95-year-old former South African president Nelson Mandela has returned home from hospital to recover from his recurring lung infection.
paragraph2sentence.train-Newswire-128-1,"A number of businesses in the CBD had complained about men using storefronts and streets to relieve themselves despite the possibility of AU$200 on-the-spot fines. 277 people have been fined in the territory in the past year, with 228 of them being fined for public urination in the CBD."
paragraph2sentence.train-Newswire-128-2,"The head of the team investigating the causes of Arafat's death from the Palestinian authority, Tawfiq Tirawi, was interviewed on Tuesday on Palestine Today television and said 'I promise that the next press conference will be the last, and will cast into the light of day everyone who perpetrated, took part in or conspired in the matter'."
paragraph2sentence.train-Newswire-129-1,"According to state-run Syrian Arab News Agency (SANA), during a battle with rebels yesterday the Syrian army seized a stockpile of chemicals, canisters, weapons and gear located in a warehouse tunnel in Jobar, a suburb of Damascus. In a post on the social networking website Twitter, SANA claims some soldiers involved in the battle were exposed to some kind of chemical agent and in some cases 'suffocated,' but the number of those killed, if any, was not reported."
paragraph2sentence.train-Newswire-129-2,All sorts of weapons can be used when committing a murder.
paragraph2sentence.train-Newswire-130-1,"Mountain States Resources Corp said it acquired two properties to add to its strategic minerals holdings. The acquisitions include a total of 5,100 acres of titanium, zirconium and rare earth resources, the company said. Both properties, located in southern Utah, consist of approximately 1,430 acres of unpatented mining claims and one state lease, it said. The company also announced the formation of Rare Tech Minerals Inc, a wholly-owned subsidiary."
paragraph2sentence.train-Newswire-130-2,Two beneficial properties in Utah bearing thousands of acres of minerals have been acquired by Mountain States Resources Corp.
paragraph2sentence.train-Newswire-131-1,"Bank of New England Corp said it filed with the Securities and Exchange Commission a registration statement covering a 200 mln dlr issue of subordinated capital notes due 1999. Proceeds will be used primarily to retire short-term debt, finance possible acquisitions and fund investments in or extensions of credit to its subsidiaries, the company said. Bank of New England said Morgan Stanley, Keefe Bruyette, Goldman Sachs and Merrill Lynch will underwrite the issue."
paragraph2sentence.train-Newswire-131-2,"Morgan Stanley, among other financial institutions, will underwrite the issue filed with the SEC by the Bank of New England Corp."
paragraph2sentence.train-Newswire-132-1,Hauser Chemical Research Inc said it has been contracted by Allied Signal Inc's Allied Fibers division for research consulting on further development of improved adhesion of polyolefin fiber through photografting. Hauser said it previously completed the successful first phase of this research effort.
paragraph2sentence.train-Newswire-132-2,Agriculture Secretary Richard Lyng said he believes proposed legislation calling for mandatory acreage reductions has little support in Congress and voiced Reagan administration opposition to it. 
paragraph2sentence.train-Newswire-133-1,"42 or more people have died, the Lebanese health ministry says, and over 500 wounded, from two car bomb explosions yesterday in the largely Sunni Muslim Lebanese city of Tripoli. The blasts occurred outside of the Taqwa and al-Salam mosques while hundreds of worshipers were gathered for Friday noon prayer. There has been reportedly no claim for responsibility as yet."
paragraph2sentence.train-Newswire-133-2,Worshipers attend Mosques which are large religious buildings.
paragraph2sentence.train-Newswire-134-1,"A group of supporters of the Bill held a celebration outside Parliament yesterday during the debate and carrying on into the evening. A small number of opponents of the Bill turned up to protest. The celebrations included musical performances by the London Gay Big Band and the London Gay Men's Chorus, and Ben & Jerry's provided free ice cream and cake."
paragraph2sentence.train-Newswire-134-2,"Our correspondent is based in Scotland and has been advised by a lawyer not to identify anybody detained until they have appeared in court, even if they have been arrested and charged."
paragraph2sentence.train-Newswire-135-1,"The Michigan Attorney General said it reached a settlement with Michigan Bell Telephone Co, a subsidiary of American Information Technologies Corp, which will reduce rates, resulting in 79.6 mln dlrs lower revenues to Michigan Bell. The settlement reflects Michigan Bell's reduced federal income taxes resulting from tax reform legislation, and will be submitted for approval to the Public Service Commission, the Attorney General's office said. The lower rates are expected to become effective July one, when Michigan Bell's tax rate falls to 34 pct from 46 pct."
paragraph2sentence.train-Newswire-135-2,"After a settlement with the Michigan Attorney General, Michigan Bell Telephone Co. announced lower revenues of 79.6M USD, with will be partially offset by the upcoming decrease in the company's tax rate from 46% to 34% on July 1st."
paragraph2sentence.train-Newswire-136-1,Both the United States House of Representatives and Senate agreed to a bill yesterday to end the government shutdown and to raise the debt limit of the federal government. President Barack Obama has signed the bill into law.
paragraph2sentence.train-Newswire-136-2,The debt limit of the federal government has been raised to end government shutdown.
paragraph2sentence.train-Newswire-137-1,"First Chicago Corp's American National Bank unit said it completed the acquisition of four suburban Chicago banks with combined assets of about 231 mln dlrs. The banks are National Bank of North Evanston, Elgin National bank, First National Bank of Schiller Park and Merchants and Manufacturers State Bank in Melrose Park. American National now owns nine banks."
paragraph2sentence.train-Newswire-137-2,"First Chicago Corp's American National Bank unit bought four suburban Chicago banks, totalling at nine banks and combined assets of about 231 mln dlrs."
paragraph2sentence.train-Newswire-138-1,"The move confirms the carrier's expression of intent to sue Channel 4 after the UK broadcaster screened Secrets of the Cockpit, a documentary about safety at the airline, on Monday night. Part of the Dispatches series, the show reported on an incident in Spain last year where three Ryanair jets declared fuel emergencies after being diverted to Valencia. Fuel policy was a strong focus for the documentary."
paragraph2sentence.train-Newswire-138-2,"If an aeroplane crash lands on water, passengers are provided with a life jacket with a light and a whistle."
paragraph2sentence.train-Newswire-139-1,"The government proposal seeks to make it so the Royal Charter can be amended by Parliament, with a two-thirds majority from both houses, while the press proposal gives industry trade bodies a say on changes to the Charter. In both proposals, an arbitration service would be provided as an alternative to going to court, but the government wishes to make the arbitration service free for claimants while the newspapers want it to be 'inexpensive' because they believe free arbitration could lead to a rush in claims going to arbitration. Both proposals would allow the regulator to fine the industry up to £1 million and demand the prominent publication of corrections and apologies to news stories."
paragraph2sentence.train-Newswire-139-2,"The government proposal differs from the press proposal in that it requires a two-thirds majority from both houses of Parliament to amend the Royal Charter and that the arbitrations service would be free to claimants, but both proposals allow the regulator to fine the press industry up to £1 million."
paragraph2sentence.train-Newswire-140-1,"The bestselling US novelist Tom Clancy died yesterday in a hospital in Baltimore, according to his publisher. The sixty-six year old is best known for a series of novels themed around espionage, military affairs and geopolitical intrigue, many of which have been adapted into movies and video games."
paragraph2sentence.train-Newswire-140-2,"Military and geopolitical novelist Tom Clancy, whose works have been made into movies and video games, died yesterday in hospital at 66 years old."
paragraph2sentence.train-Newswire-141-1,"General Public Utilities corp said its Three Mile Island Unit One's power output has been cut to 81 pct of reactor power, or 730 megawatts of electricity, due to mineral deposits on the secondary or non-nuclear side of its two steam generators. The company said the deposits do not affect the safe operation of the plant but interfere with the production of steam. It said the unit was similarly limited in power in late 1985."
paragraph2sentence.train-Newswire-141-2,General Public Utilities corp has cut its Three Mile Island Unit One's power output due to mineral deposits its two steam generators which interfere with the production of steam. 
paragraph2sentence.train-Newswire-142-1,"A jury awarded Julie Miller of Marion County, Oregon $18.6 million last Friday in a federal lawsuit against Equifax. The lawsuit claimed she spent two years trying to get Equifax Information Services to fix major mistakes on her credit report which cost her the opportunities to get new credit."
paragraph2sentence.train-Newswire-142-2,Julie Miller of Oregon won several millions in a federal lawsuit against Equifax regarding mistakes on her credit report.
paragraph2sentence.train-Newswire-143-1,"Showboat Inc said the New Jersey Casino control commission has directed its new Altnatic City Showboat Casino, Hotel and Bowling Center to conduct a limited bet day today, in accordance with commission regulations. Each new casino must conduct a limited bet day before opening for regular gaming. Showboat has saiud it expects to open for regular gaming on Friday."
paragraph2sentence.train-Newswire-143-2,Each new casino in New Jersey must conduct a limited bet day before opening.
paragraph2sentence.train-Newswire-144-1,"Irish budget airline Ryanair have dismissed pilot John Goss, who has worked with the airline for 25 years, over remarks he made in a documentary about safety at the airline. Ryanair issued a statement confirming legal proceedings have been begun against Goss."
paragraph2sentence.train-Newswire-144-2,"Recently, the competition between budget airlines for the cheapest flights has risen dramatically. "
paragraph2sentence.train-Newswire-145-1,"International Mobile Machines Corp said it filed for a public offering of one mln shares of convertible preferred stock. The company said it filed a registration statement with the Securities and Exchange Commission, and Drexel Burnham Inc and Butcher and Singer Inc will co-manage the offering."
paragraph2sentence.train-Newswire-145-2,International Mobile Machine Corp filed for a public offering of one million shares with the SEC.
paragraph2sentence.train-Newswire-146-1,"The Ghana Cocoa Board said it purchased 214 tonnes of cocoa in the 24th week, ended March 19, of the 1986/87 main crop season, compared with 456 tonnes the previous week and 372 tonnes in the 24th week ended March 27 of the 1985/86 season. Cumulative purchases so far this season stand at 217,449 tonnes, ahead of the 204,256 tonnes purchased by the 24th week of last season."
paragraph2sentence.train-Newswire-146-2,"The expansion, with an estimated pre-start up cost of 200 mln dlrs, will add 15,000 barrels a day to current capacity of 8,000 barrels a day.     "
paragraph2sentence.train-Newswire-147-1,"This is the first deal that Iran has made with the International Atomic Energy Agency (IAEA) since 2007. The announcement came after talks between Iran and world leaders from the United States, France, China, Russia and Germany in Geneva, over the amount of access that the IAEA should have to Iranian nuclear sites. The negotiations stalled, but are set to resume next week."
paragraph2sentence.train-Newswire-147-2,The first deal with the International Atomic Energy Agency has been made regarding the amount of access that the IAEA should have to Iranian nuclear sites.
paragraph2sentence.train-Newswire-148-1,"Nixdorf Computer AG <NIXG.F> said its supervisory board has appointed Sven Kado to the new position of deputy member of the managing board, increasing the number of board members to seven. Kado, 42, will be responsible for finance and purchasing. Until now finance has been the responsibility of Klaus Luft, who was named chairman of the board following the death of company founder Heinz Nixdorf in March 1986. Kado, whose appointment takes effect from today, joined Nixdorf in 1984 and was previously the company's head of controlling and purchasing."
paragraph2sentence.train-Newswire-148-2,"Preparatory work for construction of a 450 mln dlr alumina plant near the village of Aghia Efthymia in the Greek province of Fokida will begin at the end of next month and the plant will be operational by 1992, Industry Undersecretary George Petsos said.     "
paragraph2sentence.train-Newswire-149-1,"The Yugoslav power industry yesterday floated its second issue of domestic bonds in three months, after an experimental issue in January, official sources said. Associated Electric Power Enterprises in the Yugoslav republic of Serbia issued the bonds to raise eight billion dinars for the construction of new power facilities. The sources said the bonds mature in eight months with 55 pct interest but no further details were available. January's bonds were oversubscribed as their interest rate was two points above savings deposit rates and were the first bonds that could be exchanged or converted before maturity."
paragraph2sentence.train-Newswire-149-2,"Dollar and capital inflow into local gold stocks and securities boosted demand, dealers said.     "
paragraph2sentence.train-Newswire-150-1,"Le Matin, the French-language tabloid launched here in February, said it is shutting down its operations because it can no longer get financing. The paper, launched by private investors, was Montreal's fourth French-language newspaper and was aimed at readers with above average incomes and educations. It had a daily circulation of about 20,000 copies. Le Matin was printed and distributed by (Southam Inc)'s Montreal Gazette newspaper. A Gazette spokesman said his newspaper is Le Matin's biggest creditor but he declined to reveal the amount of debt Acting publisher Jean-Pierre Bordua said the newspaper's bank blocked its lines of credit after three of the paper's senior managers resigned Friday."
paragraph2sentence.train-Newswire-150-2,"One of Montreal's French newspapers, Le Matin, distributed by the Gazette newspaper, has been shut down due to a lack of financing."
paragraph2sentence.train-Newswire-151-1,"Medar Inc said it acquired Automatic Inspection Devices Inc, a subsidiary of Owens-Illinois Inc, Toledo, Ohio, through an exchange of stock for 80 pct of the company. Automatic Designs and manufactures a line of machine vision systems for the packaging, pharmaceutical, electronics and consumer goods industries."
paragraph2sentence.train-Newswire-151-2,Medar Inc acquired a subsidiary of Owens-Illinois Inc: Automatic Inspection Devices Inc.
paragraph2sentence.train-Newswire-152-1,"DSC Communications Corp said it amended an existing long term supply contract with MCI Communications Corp <MCIC> for deliveries of a new tandem switch. Deliveries of the switch, the DEX 600E, are scheduled to begin in third quarter of 1988 and end by year-end 1989, the telecommunications systems company said. The new switch increases the port capacity of DSC's existing 600 switches, it said. Under the amended agreement, DSC will also deliver signal point transfer products to MCI."
paragraph2sentence.train-Newswire-152-2,"DSC Communications Corp amended a contract with MCI Communications Corp for a new tandem switch, of which deliveries are scheduled to begin in the third quarter of 1988."
paragraph2sentence.train-Newswire-153-1,"Bangladesh is expected to draw up a 47 billion taka development plan for the 1987/88 fiscal year beginning July 1, Finance Ministry officials said. This is a rise of six pct over the current year. They said 86.5 pct of the funds would come from foreign sources. Bangladesh will seek nearly two billion dlrs to be used for development projects and imports in 1987/88 at a donors' meeting in Paris later this month, the officials said."
paragraph2sentence.train-Newswire-153-2,"Bangladesh Bank, the central Bank of Bangladesh, regulates currency, banking, and foreign exchange."
paragraph2sentence.train-Newswire-154-1,"<Rolls-Royce Ltd> said it signed an agreement with the Boeing Company <BA.N> to install its RB 211-524 D4D engine on the B767 family of aircraft. The engine, currently under development, will be ready for service by early 1990, the company said in a statement. Boeing 747s are also powered with the engine, and its use in B767 craft too could bring significant operating benefits, Rolls-Royce said."
paragraph2sentence.train-Newswire-154-2,significant benefits are due to developments of new installations.
paragraph2sentence.train-Newswire-155-1,"The French government won, as expected, a vote of parliamentary confidence sought by Prime Minister Jacques Chirac on his general policies. Votes from Chirac's Gaullist RPR party and its junior partner in the ruling coalition, the centre-right UDF, gave Chirac's cabinet a slim majority in the National Assembly. A total of 294 deputies in the 577-member assembly voted to support Chirac, with 282 voting against. One member was absent. The Socialists, Communists and the extreme-right National Front voted against the prime minister's call."
paragraph2sentence.train-Newswire-155-2,"Fifty-nine pct of the 325 retailers questioned for the latest Distributive Trades Survey expected sales to be higher in March than they were in March 1986, with only six pct expecting lower sales.     "
paragraph2sentence.train-Newswire-156-1,"Following incorrect statements by media organizations that include Fox News and the New York Post earlier in the week that the US Marine Corps were changing their hats in order to make them more gender neutral, the Corps issued a statement yesterday countering the claim, saying they are only changing the dress hat for women. In a statement on their website, they said this change is only 'for female Marines because the current manufacturer is going out of business'."
paragraph2sentence.train-Newswire-156-2,"The US Marine Corps corrected media statements regarding the new styling of gender neutral hats, saying they are only changing the dress hat for female Marines."
paragraph2sentence.train-Newswire-157-1,"Hadson Corp said it has signed a definitive agreement to acquire 85 pct of the outstanding common stock of Seaxe Energy Corp. The company said it will buy the 85 pct interest in Seaxe from shareholders owning restricted or controlled shares for less than 200,000 Hadson common shares. It said closing is subject to the approval of title assignments by the French government. Seaxe is involved in oil and natural gas exploration and development in the Paris Basin of France."
paragraph2sentence.train-Newswire-157-2,Professional stock-brokers continually gamble on the fact that the stock market could boom or crash at any minute.
paragraph2sentence.train-Newswire-158-1,"Boston Edison Co chairman Stephen Sweeney said two of the company's senior officers will take early retirements, and the company is looking for a new president and chief financial officer. Sweeney, who also holds the titles of president and chief executive officer, said James Lydon, executive vice president and chief operating officer, Joseph Tyrrell, executive vice president and chief financial officer, have asked to take early retirements following a transition period. Lydon and Tyrrell have each been with the company more than 35 years, Sweeney said."
paragraph2sentence.train-Newswire-158-2,Elections take place to decide the new president.
paragraph2sentence.train-Newswire-159-1,"Conrac Corp said its board has rejected MArk IV Industries Inc's tender offer for all Conract shares at 25 dlrs each, and no Conract director of officer plans to tender any shares. The company said financial advisor <Goldman, Sachs and Co> determined the price to be inadequate. It said its board has instructed management to explore and develop with financial and legal advisors alternative courses of action to maximize shareholder values."
paragraph2sentence.train-Newswire-159-2,The board of Conrac Corp has rejected MArk IV Industries INc's tender offer because the price was determined inadequate.
paragraph2sentence.train-Newswire-160-1,"GMAC (Australia) Finance Ltd is issuing a 50 mln Australian dlr eurobond due May 6, 1991 paying 14-1/4 pct and priced at 101 pct, sole lead manager Hambros Bank Ltd said. The issue is guaranteed by General Motors Acceptance Corp. The non-callable bond is available in denominations of 1,000 Australian dlrs and will be listed in London. The selling concession is 1-1/8 pct while management and underwriting combined pays 5/8 pct. The payment date is May 6."
paragraph2sentence.train-Newswire-160-2,"It said the Soviet economy grew by 4.2 pct in 1986, Gorbachev's first full year in power, twice the average rate of growth over the previous 10 years.     "
paragraph2sentence.train-Newswire-161-1,"Bell Canada Enterprises (BCE)'s most recent bid to buy Astral Media's television and radio services for CAD$3.4 billion has been approved on Thursday by the Canadian Radio-television and Telecommunications Commission (CRTC), the Canadian regulatory body which supervises broadcasting and telecommunications. The CRTC rejected BCE's initial bid for Astral in October, citing concerns over market competition. According to Jean-Pierre Blais, Chairman of the CRTC, BCE's most recent bid protects Canadians' interests because BCE will have to invest in new Canadian programming to the tune of $246.9 million in addition to selling almost two dozen of Astral's services."
paragraph2sentence.train-Newswire-161-2,Astral Media introduced a new logo in May of 2010 to remodel its image.
paragraph2sentence.train-Newswire-162-1,"Argentine port workers began an indefinite protest against safety conditions at the port of Buenos Aires, stopping work for one hour per shift, a press spokesman said. He said three port workers had died over the last month in accidents. He said the decision to take action was made after a port worker died yesterday after being electrocuted."
paragraph2sentence.train-Newswire-162-2,Shocking news comes into the docks in Buenos Aires.
paragraph2sentence.train-Newswire-163-1,"A man and his wife, aged 87 and 84, have died after a car hit them in North Ayrshire in Scotland. The couple, who have yet to be publicly identified, were walking across Greenock Road in the town of Largs when they were hit by a red Toyota at approximately 9:15am BST (0815 UTC) yesterday."
paragraph2sentence.train-Newswire-163-2,An elderly couple have died however they have not yet been identified.
paragraph2sentence.train-Newswire-164-1,"The Senate voted to sustain President Reagan's veto of an 88 billion dlr highway and mass transit funding bill, but Senate Democratic leader Robert Byrd of West Virginia called for a second vote to reconsider the outcome. The first vote ended with 65 Senators voting for the bill and 35 voting to sustain the veto, two short of the two-thirds majority needed to override. One of those voting to sustain the veto was North Carolina Democrat Terry Sanford."
paragraph2sentence.train-Newswire-164-2,A second senatorial vote is called to reconsider sustaining Reagan’s veto of Highway and Mass Transit funding.
paragraph2sentence.train-Newswire-165-1,"David McLetchie, a former leader of the Scottish Conservatives, died today in a hospice in Edinburgh whilst suffering cancer. He was 61. In 1997, a general election produced no Conservative Members of Parliament from within Scotland for the UK's joint parliament in London. McLetchie took over the Scottish Conservatives the following year and in 1999 eighteen Conservatives were elected to the newly-formed devolved Scottish Parliament."
paragraph2sentence.train-Newswire-165-2,Cancer is conservative in Scotland.
paragraph2sentence.train-Newswire-166-1,"The Finnish national airline <Finnair> said in a statement today it ordered two McDonnell Douglas Corp <MD.N> MD-11 passenger planes for delivery in October 1990 and May 1991 and had taken an option to buy on two more. Finnair chief Gunnar Korhonen would not discuss the price further than telling reporters the planes were 'inexpensive,' though market sources said the airline could expect a price cut as an earlier customer. Korhonen said Finnair had not opted for Europe's A-340 plane because of uncertainty about the manufacturing of its engines, which may have delayed production of the jet."
paragraph2sentence.train-Newswire-166-2,"There are many varieties of aeroplane, including propellor plane, jet and jumbo jet engine, which are usually used according to the distance they are required to travel."
paragraph2sentence.train-Newswire-167-1,"State holding company <Societa Finanziaria Telefonica Spa> (STET) said it was forming a new telecommunications company, <Teleo Spa> that intends to offer electronic mail systems among its services. Teleo plans initial investments of 18 billion lire and estimates annual sales could reach 90 billion lire within five years, STET officials said at a news conference. STET will have a 10 pct stake in the new firm, with the remaining share capital held by two STET subsidiaries."
paragraph2sentence.train-Newswire-167-2,"Lire was the official currency of Italy until 2002, when it was taken over by the Euro. "
paragraph2sentence.train-Newswire-168-1,"Australia's Prime Minister-elect Tony Abbott announced his new ministry appointments yesterday. The list shows former deputy leader of the Liberal Party Julie Bishop MP as the new Minister for Foreign Affairs, whilst Warren Truss MP, the leader of the National Party of Australia, has been positioned as the deputy prime minister."
paragraph2sentence.train-Newswire-168-2,Australia's Prime Minister-elect announced his new appointments for the Minister of Foreign Affairs and the deputy prime minister yesterday.
paragraph2sentence.train-Newswire-169-1,The British government have rejected a proposed plan for press self-regulation from a group of newspaper publishers and have said they intend to proceed with a Royal Charter supported by the three main political parties. The culture secretary Maria Miller said Tuesday in the House of Commons the proposal by the newspaper industry failed to implement fundamental parts of the recommendations of the Leveson Inquiry into behaviour and ethical standards of the press last year.
paragraph2sentence.train-Newswire-169-2,"A press self-regulation plan was rejected by the British Government because, as the culture secretary explained, the press industry failed to incorporate fundamental parts of the regulatory recommendations of the Leveson Inquiry."
paragraph2sentence.train-Newswire-170-1,"Rent-A-Center Inc is raising 35 mln dlrs via an offering of convertible subordinated debentures due 2012 with a 5-3/4 pct coupon and par pricing, said sole manager Morgan Stanley and Co Inc. The debentures are convertible into the company's common stock at 40.50 dlrs per share, representing a premium of 25.58 pct over the stock price when terms on the debt were set. Non-callable for two years, the issue is rated Ba-3 by Moody's Investors Service Inc and BB-minus by Standard and Poor's Corp."
paragraph2sentence.train-Newswire-170-2,Rent-A-Center Inc is raising 35 mln dlrs via an offering of convertible subordinated debentures which are convertible into the company's common stock at 40.50 dlrs per share. 
paragraph2sentence.train-Newswire-171-1,"The seized boxes, which had been loaded onto five freight pallets, contained 120 one-kilogram bags of cannabis, 50 one-kilogram bags of MDMA, and five one-kilogram bricks of cocaine. In a press release, West Midlands Police described what happened after officers found the drugs as they were being unloaded in the operation."
paragraph2sentence.train-Newswire-171-2,"The cabinet of the island nation of Nauru endorsed rise of the cost of an application for single-entry three-month media visa from AU$200 to $8,000 last Thursday."
paragraph2sentence.train-Newswire-172-1,"State bank Banca Commerciale Italiana (BCI) said it is launching a 50 billion lire eurobond on behalf of Merrill Lynch & Co. Due May 26, 1992 paying 10 pct and priced at 100 -1/2 pct. BCI said in a statement that it is leading an international underwriting consortium of 25 banks and financial institutions. The bank said Merrill Lynch International and Co is co-lead manager. The non-callable bond is available in denominations of two mln lire and will be listed in Luxembourg, BCI said."
paragraph2sentence.train-Newswire-172-2,"Banca Commerciale Italiana (BCI), alongside Merrill Lynch & Co., is leading an international underwriting consortium of 25 financial institutions."
paragraph2sentence.train-Newswire-173-1,"Internationally, Australia ranks fourth amongst surveyed countries for literacy proficiency amongst adults. At the highest proficiency level, level 5, Australia ranks as the second highest percentage of surveyed nations at 1.3%. It is tied with the Netherlands. Only Finland is higher at 2.2%. Readers at this level synthesize text, compare and contrasts ideas and points of view, and process information across multiple sources. Australia, at 9.4%, has one of the smallest percentages of their population at reading proficiency level 1. This means adults have a basic understanding of what they read, can fill out forms and can understanding the meaning of sentences. Overall, Australia's mean reading proficiency score puts them on par with Norway and Sweden."
paragraph2sentence.train-Newswire-173-2,"Overall, Australia ranks highly amongst surveyed countries for adult literacy proficiency, tied with the Netherlands and behind Finland at the highest proficiency level and with one of the smallest percentages of their population at the lowest proficiency level."
paragraph2sentence.train-Newswire-174-1,"Stefan Millar, one of the two men jailed for life last month for the murder of 16-year-old male Liam Aitchison in the Outer Hebrides of Scotland, is to appeal his conviction. Submission of notice of intent to appeal has been confirmed by the Court of Appeal in Edinburgh. Millar's solicitors are to prepare documents to back his case for appeal across the next two months. The two convicted were given until Friday to submit any plan to appeal. It is not yet known when Millar's appeal hearing would commence."
paragraph2sentence.train-Newswire-174-2,"The High Court of Justiciary, the supreme criminal court of Scotland, is both a court of first instance and court of appeal. "
paragraph2sentence.train-Newswire-175-1,"Rescuers are still searching for the bodies of three children, presumed dead, after an eruption by an Indonesian volcano on Saturday. Located on the Palu'e Island, Mount Rokatenda threw rock and ash into the sky causing local destruction. Lava spilled onto the beach, killing three adults and three children in their sleep. Rescuers have recovered the bodies of the adults but the children’s remains have still not been found."
paragraph2sentence.train-Newswire-175-2,Indonesian ash can be used to clean very well. 
paragraph2sentence.train-Newswire-176-1,"Senior Editor for Australia's Cleo magazine Sharri Markson confirmed on Wednesday that she will not be competing for the role of editor between the sudden merger of Dolly and Cleo titles. The news came only days after German-based Bauer Media announced the merger of two of their most popular Australian magazines, with an expected loss of half the production staff by early next year."
paragraph2sentence.train-Newswire-176-2,"After Bauer Media announced the merger of two most popular Australian magazines, with an eventual 50% production staff loss, Senior Editor Sharri Markson confirmed that she will not be competing for the role of editor."
paragraph2sentence.train-Newswire-177-1,"BancTec Inc said it received an order for image processing equipment valued at six mln dlrs, its largest order ever. BancTec said the order, expected to be shipped during the current fiscal year, was placed by a major international company, which it did not name."
paragraph2sentence.train-Newswire-177-2,"BancTec gets, as its largest order ever, an order of six million dollars for image processing equipments."
paragraph2sentence.train-Newswire-178-1,"The Bank of England said it provided the market with further help totalling 166 mln stg during the afternoon. In band one, it bought 31 mln stg of treasury bills and three mln stg of bank bills at 9-7/8 pct, while in band two it bought 69 mln stg of bank bills at 9-13/16 pct. In addition, it bought 63 mln stg of band three bank bills at 9-3/4 pct. This brings the total assistance by the Bank so far today to 219 mln stg against a liquidity shortage it has estimated at around 300 mln stg."
paragraph2sentence.train-Newswire-178-2,"An Importers Association official said that 'even if the Department no longer imports sugar, we would not necessarily buy more.'     "
paragraph2sentence.train-Newswire-179-1,"Malaysia has decided to postone development of a five billion dlr hydroelectric power project in Sarawak, East Malaysia, until the economy improves, deputy Minister of Energy, Telecoms and Post Zainal Abidin Zin said. He told reporters a shortage of funds forced the government to shelve the project, which involved building several dams and a 20,000 megawatt capacity undersea cable. Malaysia originally planned to export electricity generated by the project to Singapore, Brunei and Indonesia by 2000 if the project could be started before 1996, Zainal said."
paragraph2sentence.train-Newswire-179-2,Energy import is about three times the primary energy in Singapore.
paragraph2sentence.train-Newswire-180-1,"This past Sunday, Illinois Governor Pat Quinn signed into law a bill known as 'Rocky’s Law' that requires Illinois high schools, through the local school district, to buy catastrophic injury insurance up to US$3 million or medical costs for up to five years, whichever one comes first, that covers student athletes. The insurance must cover student athletes while they are competing."
paragraph2sentence.train-Newswire-180-2,Injury insurance must now be purchased if you are a competing student athlete.
paragraph2sentence.train-Newswire-181-1,"At least five people have died and sixteen were injured in a train derailment in Tabasco, Mexico yesterday, according to the director of Tabasco civil protection. The cargo train is often used by migrants."
paragraph2sentence.train-Newswire-181-2,In Mexico mules are transported by cargo trains.
paragraph2sentence.train-Newswire-182-1,"A Brazilian seamen's strike, which began on February 27 and has been tapering off for weeks, has now ended, a seamen's spokesman said. The spokesman said the seamen had signed an agreement with the state-owned Lloyd Brasileiro company on Saturday for a 120 pct salary rise. The national strike had been tailing off since mid-March as seamen struck individual accords with companies. At the height of the stoppage, seamen said about 200 ships were strike-bound."
paragraph2sentence.train-Newswire-182-2,"The national Brazilian seamen's strike, has now ended with an agreed 120 % salary rise with the state-owned Lloyd Brasileiro company . "
paragraph2sentence.train-Newswire-183-1,"About a year after Savile's death in October 2011, ITV broadcast a documentary where several women claim to have been sexually abused by the former TV star. Since then, many more people have come forward with statements claiming abuse by Savile. In addition, a number of other celebrities and public figures have been arrested in connection with claims of sexual abuse and rape."
paragraph2sentence.train-Newswire-183-2,"The Australian Royal Navy towed back arriving asylum seekers to Rote Island, Indonesia, after claiming Christmas Island destination, Indonesian National Police reported Monday of last week."
paragraph2sentence.train-Newswire-184-1,"First Interstate Bancorp is offering 200 mln dlrs of subordinated capital notes due 1999 with an 8-5/8 pct coupon and par pricing, said lead manager Goldman, Sachs and Co. That is 140 basis points more than the yield of comparable Treasury securities. Non-callable to maturity, the issue is rated A-1 by Moody's Investors Service Inc and A-plus by Standard and Poor's Corp. First Boston, Salomon Brothers and Shearson Lehman co-managed the deal."
paragraph2sentence.train-Newswire-184-2,Coupons are generally offered to the public in order to receive a discount on the company's product. 
paragraph2sentence.train-Newswire-185-1,"With the United States flu season having started this month, the Centers for Disease Control and Prevention (CDC), The Weather Channel and Google's FluTrends websites report today low flu levels."
paragraph2sentence.train-Newswire-185-2,"Even though flu season has started in the United States, reports declare flu level to be low. "
paragraph2sentence.train-Newswire-186-1,"140,000 women in Australia are involved with rugby league as players, sport administrators, coaches, employees, club members, or volunteers. Karen Hardy of The Canberra Times estimates this number could easily be quadrupled if wives, girlfriends, mothers, and other female family members who support male players were included."
paragraph2sentence.train-Newswire-186-2,"Entering the event, skiers had the opportunity to qualify through eight World Cup events held with only two disciplines on the program, Giant Slalom and Slalom. "
paragraph2sentence.train-Newswire-187-1,"Yesterday, the United Kingdom's House of Lords passed the Marriage (Same Sex Couples) Bill at Third Reading, the last major step in changing the law to allow marriages between same-sex partners in England and Wales. The bill is to become law this week and same-sex marriage ceremonies are likely to start in 2014."
paragraph2sentence.train-Newswire-187-2,"Sharon was elected to the Knesset in 1973, then took a number of ministerial roles in the government including as a security adviser to Yitzhak Rabin, terms as minister of agriculture, defence, trade and industry, construction and housing, and national infrastructure."
paragraph2sentence.train-Newswire-188-1,"Manufacturers Hanover Trust Co became the third major U.S. bank to increase its prime rate to 7-3/4 pct from 7-1/2, matching a move initiated yesterday by Citibank and Chase Manhattan. The bank, the main subsidiary of Manufacturers Hanover Corp, said the new rate is effective today."
paragraph2sentence.train-Newswire-188-2,Hanover Trust Co became the third major U.S. bank (after citibank and Chase Manhattan) to increase it's prime rate.
paragraph2sentence.train-Newswire-189-1,"The airline is already suing the UK's Channel 4 over Monday night's broadcast of Secrets of the Cockpit, part of the Dispatches series, in which Goss appeared. The programme discussed the airline's safety with a focus on fuel policy, investigating allegations Ryanair uses a bare minimum of fuel and intimidates pilots who raise concerns."
paragraph2sentence.train-Newswire-189-2,"Channel 4 are known for their cutting-edge documentaries, based on controversial issues. "
paragraph2sentence.train-Newswire-190-1,The Secretary of State for Trade and Industry said he had decided not to refer the proposed acquisition by Reed International Plc <REED.L> of <Technical Publishing Company Inc> to the Monopolies and Mergers Commission. The proposed acquisition by <Rosehaugh Plc> of <The General Funds Investment Trust Plc> was also cleared.
paragraph2sentence.train-Newswire-190-2,"If they choose not to, he threatened to again draft a budget behind closed doors with only Democrats present, as had been done the previous two years.     "
paragraph2sentence.train-Newswire-191-1,"VMS Strategic Land Trust said it delcared an initial quarterly cash dividend of 30 cts a share, payable May 15 to shareholders of record April 20. The company also said that effective today it will be trading on the NASDAQ system under the symbol <VLANS>."
paragraph2sentence.train-Newswire-191-2,"VMS Strategic Land Trust (now trading under VLANS on NASDAQ) stated an initial cash dividend of 30 cents per share, payable on May 15."
paragraph2sentence.train-Newswire-192-1,"Centerre Bancorp said it completed the acquisition of Benefit Plan Services Inc, Maryland Heights, Mo., which specializes in designing and administering small and moderately sized pension plans. Terms were not disclosed."
paragraph2sentence.train-Newswire-192-2,"Centerre Bancorp privately acquired Benefit Plan Services Inc, a pension plan co-ordinator in Maryland Heights, Mo. "
paragraph2sentence.train-Newswire-193-1,"Woodward and Lothrop Inc said president David Mullen resigned, and will be replaced by Tom Roach effective April 20, 1987. Woodward and Lothrop, a privately held retailer, said Mullen has stated his desire to pursure other business interests. Roach joined J.W. Robinson Inc of Los Angeles as chairman in March, 1986, resigning shortly after parent company Associated Dry Goods was acquired by May Co."
paragraph2sentence.train-Newswire-193-2,"David Mullen, the president of Woodward and Lothrop Inc has resigned and is set to be replaced  by Tom Roach starting April 20, 1987."
paragraph2sentence.train-Newswire-194-1,"The American Stock Exchange said it today opened put and call options trading in the common stock of Harcourt Brace Jovanovice Inc. The exchange said Harcourt Brace is a replacement selection for LTV Corp. The Amex said the initial expiration months for HBJ options are April, May, July and October."
paragraph2sentence.train-Newswire-194-2,"HBJ options will expire in April, May, July, and October."
paragraph2sentence.train-Newswire-195-1,"Cincinnati Bell Inc said it has started its previously-announced 15.75 dlr per share tender offer for all shares of Auxton Computer Enterprises Inc. In a newspaper advertisement, the company said the tender and withdrawal rights will expire May Five unless extended. The offer, which has been approved by the Auxton board and is to be followed by a merger at the same price, is conditioned on receipt of a majority of Auxton's voting stock on a fully diluted basis."
paragraph2sentence.train-Newswire-195-2,"The source said Ongpin is unlikely to come to the U.S. to press his case and was expecting the Philippines' bank advisory committee, headed by Manufacturers Hanover Trust Co, to negotiate the spread reduction by telex.     "
paragraph2sentence.train-Newswire-196-1,"Household International Inc said it expects its fully diluted earnings per share for the first quarter to be about 35 pct above the same year-ago period. It also looks for 1987 full-year fully diluted earnings to be about 20 pct higher than the record 4.31 dlrs a share reported for 1986. Chairman Donald Clark, in remarks prepared for delivery to New York security analysts, cited increased earnings from Household Financial Services and 'excellent return on equity from Household Manufacturing, combined with the impact of our share repurchase program, will result in higher earnings per share and improved return on equity in 1987.' "
paragraph2sentence.train-Newswire-196-2,"At a meeting with New York security analysts, Chairman of Household International Inc. Donald Clark cited increased earnings from Household Financial Services with excellent equity return which when combined with the share repurchase program, will improve higher earnings per share and return on equity."
paragraph2sentence.train-Newswire-197-1,"CPI Corp said American Telephone and Telegraph has authorized its Business Telephone Systems division to represent its computer product line to the St. Louis and Chicago business markets. CPI said the products included in the agreement are computers, printers, telephone modems and fax machines."
paragraph2sentence.train-Newswire-197-2,Communication technology can be used for companies across seas to contact each other.
paragraph2sentence.train-Newswire-198-1,"Malaysia is launching a 100 mln Swiss franc 5-3/4 pct 10-year notes issue priced at 100.2 pct, lead manager Swiss Bank Corp said. Payment date is expected to be April 22. Early redemption is not allowed. Swiss Bank Corp said this is the first time Malaysia has tapped the Swiss capital market since it issued a bond here in July 1985."
paragraph2sentence.train-Newswire-198-2,Swiss Bank Corp merged with Union Bank of Switzerland to form UBS in 1998.
paragraph2sentence.train-Newswire-199-1,"A previous attempt by the UN to end the violence in Syria failed. In May of 2012, a UN convoy was hit by an IED (improvised explosive device) while a human rights group reported a Syrian military attack on civilians at a nearby funeral in the town of Khan Sheikhoun in Idlib province. Later that year in August, a 300 person team left the country after their mandate expired, and was never renewed. Commander of the 2012 observation team General Babacar Gaye expressed frustration against both the Syrian armed forces and rebels for not allowing the UN to complete its mission."
paragraph2sentence.train-Newswire-199-2,A UN convoy was hit by an improvised explosive device in Idlib  province in May of 2012.
paragraph2sentence.train-Newswire-200-1,Radiation at Japan's damaged Fukushima Nuclear Power Plant yesterday spiked to lethal levels around a leaking tank. Today the national Nuclear Regulation Authority (NRA) said contaminated water may be pumped into the sea.
paragraph2sentence.train-Newswire-200-2,"A radiation leak at Fukushima Nuclear Power Plant reached lethal levels, with authorities warning of contaminated water reaching the sea."
paragraph2sentence.train-Newswire-201-1,"Americanture Inc said it has purchased American Adventure Inc <GOAQC> for cash, the assumption of liabilities and the issuance of American Adventure Inc common and preferred stock to creditors, shareholders and members. The acquisition was pursuant of a Chapter 11 reorganization plan of American Adventure. The company said the transaction involved assets valued at more than 83 mln dlrs."
paragraph2sentence.train-Newswire-201-2,Americanture Inc purchased American Adventure Inc as a part of its plan in Chapter 11 reorganization.
paragraph2sentence.train-Newswire-202-1,"McDonalds Corporation is issuing a 75 mln Canadian dlr eurobond due May 14, 1992 paying 8-1/2 pct and priced at 101-5/8 pct, lead manager Morgan Guaranty Ltd said. The non-callable bond is available in denominations of 1,000 and 10,000 Canadian dlrs and will be listed in Luxembourg. The selling concession is 1-1/4 pct while management and underwriting combined pays 5/8 pct. The payment date is May 14."
paragraph2sentence.train-Newswire-202-2,"McDonalds Corporation is issuing a new 75 mln Canadian dlr eurobond on May 14, 1992. "
paragraph2sentence.train-Newswire-203-1,"<Consolidated Norex Resources Ltd> said it agreed to acquire all issued and outstanding shares of Triweb Resources Ltd, a privately held oil and gas company with land holdings and production base in Alberta and Saskatchewan. The company said specific details relating to purchase price and other terms will be released on closing of the transaction, expected by May 15."
paragraph2sentence.train-Newswire-203-2,"Before electricity, sources of light were created by burning oil in oil lamps. "
paragraph2sentence.train-Newswire-204-1,"Surgidyne Inc said it filed a registration statement for a proposed initial public offering of its common stock. The company proposes to offer 1,125,000 common shares at about 2.00 dlrs a share. The offering would be underwritten by Westonka Investments Inc. Surgidyne develops and markets specialty medical and surgical products."
paragraph2sentence.train-Newswire-204-2,"Surgidyne Inc, producers of medical equipment, are planning to open a large part of their shares up to the public."
paragraph2sentence.train-Newswire-205-1,"VMS Strategic Land Trust declared an initial dividend of 30 cts a share payable May 15 to shareholders of record April 20. The dividend represents a 12 pct annual return based on the company's original offering price in December of 10 dlrs a share. The return is guaranteed through December 31, 1988, the company said. The trust invests in short term junior preconstruction mortgage loans and has total principal amount of investments of approximately 105.7 mln dlrs."
paragraph2sentence.train-Newswire-205-2,"VMS Strategic Land Trust declared a dividend with return guaranteed through December 31, 1988."
paragraph2sentence.train-Newswire-206-1,"Cash grain dealers reported slow country movement of corn and soybeans across the Midwest, with even corn sales from PIK-and-roll activity seen earlier this week drying up. Some dealers said the USDA may further adjust the posted county price at the Gulf to take into account high barge freight rates as a way to keep corn sales flowing, but added the current plan probably will be given a few weeks to see if it will work as hoped. Corn and soybean basis values continued to drop on the Illinois and MidMississippi River due to the strong barge freight rates. Toledo and Chicago elevators were finishing loading the first corn boats of the new shipping season, supporting spot basis values at those terminal points."
paragraph2sentence.train-Newswire-206-2,Strong barge freight rates hinder the movement of corn and soybeans.
paragraph2sentence.train-Newswire-207-1,"Treasury Secretary James Baker said he hopes yesterday's small increase in two major money center banks' prime rate was a temporary phenomenon. 'I hope it was a temporary blip upward,' he told a House Appropriations subcommittee. He said the decline in interest rates since President Reagan took office remains 'one of the significant accomplishments, in the economic area, of this administration.' "
paragraph2sentence.train-Newswire-207-2,The decline of interest rates is a significant accomplishment and a recent increase in two money center banks prime rates is just temporary according to a treasury secretary.
paragraph2sentence.train-Newswire-208-1,Immigration policy and same-sex marriage have been among the issues discussed in the first debate that took place yesterday between Australian Prime Minister and Labor Party leader Kevin Rudd and Liberal leader Tony Abbott.
paragraph2sentence.train-Newswire-208-2,Homophobia and valentines are redundant.
paragraph2sentence.train-Newswire-209-1,"The Philadelphia Stock Exchange will soon open offices in Hong Kong and Tokyo to help boost Far Eastern participation in foreign currency options before it starts evening trading in four or five months time, exchange president Nicholas Giordano told reporters. Japanese institutions are already major players in foreign currency options traded in Philadelphia, using subsidiaries or agents to trade during the current daytime session."
paragraph2sentence.train-Newswire-209-2,"Insurers could face more than 30 mlnstg of insurance claims following the Zeebrugge ferry disaster, a spokesman for Lloyds of London said.     "
paragraph2sentence.train-Newswire-210-1,"NMR Centers Inc said it has started building five mln dlr multi-modality Ocean Medical Imaging Center in Toms River, N.J., and completion is scheduled for November. It said the center should generate more than five mln dlrs in annual revenues when fully operational. NMR said it is providing about 3,500,000 dlrs in equipment and working capital and will manage the center, while Center State Health Services Corp is financing construction of the 1,600,000 dlr building."
paragraph2sentence.train-Newswire-210-2,Kodak said the plant will cost more than 200 mln dlrs to build and will be staffed by about 250 people who will be transferred from existing manufacturing operations. 
paragraph2sentence.train-Newswire-211-1,"Following Gambia's sudden withdrawal last week from the Commonwealth of Nations, the country confirmed today they have withdrawn from the Glasgow-hosted Commonwealth Games scheduled to take place next year. This leaves 70 countries and territories competing in the Games."
paragraph2sentence.train-Newswire-211-2,"Gambia withdraw from the Commonwealth of Nations, and, therefore, the Commonwealth Games, in which 70 countries and territories will be competing."
paragraph2sentence.train-Newswire-212-1,"An Atlas Centaur rocket launching a military communications satellite went out of control a minute after launch and was destroyed, a NASA spokesman said. The Atlas Centaur blasted off in rainy and overcast conditions. Within seconds controllers reported it was out of control and the order to blow it up was given. NASA spokesperson Lisa Malone said the rocket may have been struck by lightening. The failure is the first for NASA since May 1986, when a Delta rocket failed."
paragraph2sentence.train-Newswire-212-2,NASA aircraft has the capability to enter space and reach the moon.
paragraph2sentence.train-Newswire-213-1,"MidCon Corp, a unit of Occidental Petroleum Corp, said that effective May 1, Dan Grubb will be the unit's president and chief operating officer, taking over the title of president from O.C. Davis, who will remain chairman and chief executive officer. MidCon said Robert Hodge, Midcon senior vice president for planning and administration, will take over for Grubb as president of Midcon Services when he assumes his new duties. Also, Midcon said that Philip Gasparac, Midcon senior vice president and chief financial officer, will take on the additional responsibilities of planning, rates and joint ventures."
paragraph2sentence.train-Newswire-213-2,MidCon Corp introduces Dan Grubb as its new president who replaces O.C. Davis.
paragraph2sentence.train-Newswire-214-1,"At least four camping tents were set up outside the Best Buy store in the Dallas, Texas area, during pre-dawn hours on Thanksgiving morning. Years ago, it was seen as something special for retail stores to open at 6am on the so-called 'Black Friday' following Thanksgiving Day; that time would be considered 'late' by modern standards. Many retailers use barricades to organize those who gather at their storefronts."
paragraph2sentence.train-Newswire-214-2,Media organisations in the United Kingdom have been focused on Edinburgh this week following the disappearance of three-year-old Mikaeel Kular. 
paragraph2sentence.train-Newswire-215-1,"North Star Uranium Inc said it has changed its name to West Coast Traders Inc to reflect its business, the bulk importing of olive oil. The company said it plans to start distributing its Italia Olive Oil brand, now sold on the West Coast, nationally. North Star Uranium had been inactive until it acquired West Coast Traders in June 1986."
paragraph2sentence.train-Newswire-215-2,It did not say what the amendments would be.  
paragraph2sentence.train-Newswire-216-1,Dexter Corp's Hysol Aerospace and Industrial Products Division said it agreed to license its engineering adhesives to Toyota Motor Co's Toyoda Gosei unit. The two units will jointly develop a line of structural adhesive and application techniques for the automotive and certain other industries.
paragraph2sentence.train-Newswire-216-2,Dexter Corp sticks to Toyota for development.
paragraph2sentence.train-Newswire-217-1,Manufacturers National Corp's Manufacturers Bank-Wilmington said it increased the interest rate on its no-fee variable rate MasterCard to 13.6 pct from 13.3 pct. The new interest rate applies to the second quarter. The rate on the card is set quarterly.
paragraph2sentence.train-Newswire-217-2,The second quarter interest rate has risen 0.3% on Manufacturers National Corp's Manufacturers Bank-Wilmington's no-fee variable rate MasterCard.
paragraph2sentence.train-Newswire-218-1,"Iran agreed on Monday to allow the United Nations (UN) increased access to nuclear facilities according to a government announcement on state television. UN monitors will gain access to a heavy water reactor still being built, as well as the largest uranium reactor in Iran. The government announcement also stated that Iran would clarify its plans to build new uranium-enrichment facilities and technologies."
paragraph2sentence.train-Newswire-218-2,"The United Nations will have increased access to nuclear facilities in Iran, including some new technologies which are still being built."
paragraph2sentence.train-Newswire-219-1,"Nettles was interested in a fashion career, working as an intern for local fashion firm Ay'Medici. 'Fashion became a definite decision for my life after my first show with my hand designed garments in highschool', she wrote on LinkedIn, where she described herself as 'anti-violence'. She has previously instructed fashion at Harlem Children's Zone, undertaking studies at New York College of Technology and the Bread and Roses Integrated Arts High School."
paragraph2sentence.train-Newswire-219-2,Nettles has taught fashion at Harlem Children's Zone after studying at New York College of Technology and the Bread and Roses Integrated Arts High School.
paragraph2sentence.train-Newswire-220-1,The Bank of England said it provided the money market with 53 mln stg assistance in the morning session. This compares with the bank's estimate of a shortage in the system of around 300 mln stg which it earlier revised up from 250 mln. The central bank made outright purchases of bank bills comprising 46 mln stg in band three at 9-3/4 pct and seven mln stg in band four at 9-11/16 pct.
paragraph2sentence.train-Newswire-220-2,It said about 500 individual claims against it and certain of its units remain pending as disputed claims in bankruptcy court. 
paragraph2sentence.train-Newswire-221-1,"The Fremantle Dockers defeated the Sydney Swans 99 to 74 this past Saturday in their Australian Football League preliminary final at Patersons Stadium, Perth, Western Australia. Fremantle will play the Hawthorn Hawks in their first Grand Final appearance in their 19 year history."
paragraph2sentence.train-Newswire-221-2,The Fremantle Dockers defeated the Sydney Swans in their Australian Football League preliminary final.
paragraph2sentence.train-Newswire-222-1,"Norstar Bancorp said it is combining its banks on Long Island and New York City into one institution to be called Norstar Bank. The combined bank, with headquarters on Long Island, will have assets of two billion dlrs and 80 branches, Norstar said. It added that the combination will provide important administrative and operating efficiencies to its customers. Norstar said the combination will also make it easier to manage its bank network as it prepares to merge with Fleet Financial Group <FLT> through a 1.3 billion dlr stock transaction."
paragraph2sentence.train-Newswire-222-2,Norstar Bancorp  combines its branches in Long Island and New York City into one institution.
paragraph2sentence.train-Newswire-223-1,"In Sweden a report into a Ryanair emergency landing concluded this week an airline employee wiped the cockpit voice recorder and flight data recorder to prevent the investigation accessing them. The aircraft had returned to an airport near Stockholm shortly after takeoff suffering electrical malfunctions. Ryanair reject the Swedish Accident Investigation Authority's take on the missing data, telling newspaper Södermanlands Nyheter recordings were reset by a technician trying to repair the aircraft after consultation with Ryanair's technical department, who did not think the recordings needed saving."
paragraph2sentence.train-Newswire-223-2,"The cockpit voice recorder is used to keep record of what is said within the cockpit during a flight, particularly when something goes wrong in the air, which can then be assessed and analysed through recorded conversations. "
paragraph2sentence.train-Newswire-224-1,Both the Australian teams went through the tournament undefeated. The Gliders defeated China in the gold medal game 57–35. The Rollers then took to the court and defeated Korea 63–46. Iran and Japan won the men's and women's bronze medal matches.
paragraph2sentence.train-Newswire-224-2,"The local mayor near the Pontville detention centre, Tony Foster, said the centre was opened only three years ago and revived the local economy."
paragraph2sentence.train-Newswire-225-1,"Caisse Nationale des Telecommunications is issuing a 20 billion yen eurobond due May 29, 1992 paying 4-3/8 pct and priced at 101-1/2 pct, lead manager IBJ International Ltd said. The non-callable bond is available in denominations of one mln yen and is guaranteed by France. The selling concession is 1-1/4 pct while management and underwriting combined pays 5/8 pct. The payment date is May 29 and the issue will be listed in Luxembourg."
paragraph2sentence.train-Newswire-225-2,It was uncertain whether the court would reach any decision on the request today. 
paragraph2sentence.train-Newswire-226-1,Whittaker Corp said it has completed the previously-announced sale of its wholly-oiwned Whittaker General Medical Corp subsidiary to R.A.B. Holdings Inc for undisclosed terms. Whittaker General Medical has annual revenues of about 450 mln dlrs.
paragraph2sentence.train-Newswire-226-2,Whittaker Corp has sold its wholly-owned Whittaker General Medical Corp subsidiary to R.A.B. Holdings Inc for undisclosed terms. 
paragraph2sentence.train-Newswire-227-1,"Reports say anywhere between 100 and 1,300 people were killed in Wednesday's alleged chemical attack, but there are no reports of injuries or deaths in yesterday's bombings. Many of those killed appeared to be children. Some of the pictures and video coming out of the country don't show blood and dismembered bodies, but instead show, according to witnesses, those who died from apparent suffocation; some were foaming at the mouth and others were having convulsions. One video posted to YouTube purportedly shows a young girl who survived the alleged attack, yelling 'I’m alive, I’m alive.' At one point, according to The Washington Post, the girl even tries to convince the hospital official she is still alive."
paragraph2sentence.train-Newswire-227-2,A YouTube video apparently shows a young girl trying to convince hospital officials that she is in fact alive after the alleged chemical attack.
paragraph2sentence.train-Newswire-228-1,"Public officials and other experts gave presentations earlier this week regarding lessons learned during the aftermath of an explosion which struck the small town of West, Texas in April of this year. The event, which was live-streamed to various locations across Texas, was sponsored by the Texas Department of State Health Services as a part of its Grand Rounds seminar offerings. Three officials, each of whom were heavily involved in responding to the event, gave individual presentations."
paragraph2sentence.train-Newswire-228-2,"After an explosion in Texas, presentations were given and broadcasted regarding lessons learnt during the aftermath at a sponsored event."
paragraph2sentence.train-Newswire-229-1,"Approximately four thousand people rallied in an anti-government protest in Baku, Azerbaijan on Saturday. The protest took place on the outskirts of the city to oppose alleged electoral fraud during the most recent presidential election that returned President Ilham Aliyev to office for his third consecutive term. The protesters accused the government of voter intimidation and ballot stuffing, and were rallying in a demand for a new poll."
paragraph2sentence.train-Newswire-229-2,"A large anti-government protest took place in Baku, Azerbaijan on Saturday over alleged electoral fraud in the presidential election that returned President Ilham Aliyev to office for his third term."
paragraph2sentence.train-Newswire-230-1,"Live cattle futures were expected to continue their upward climb to new season's highs and highest levels in years as fundamentals continue to point upward, traders said. They cited steady to higher live calls as the main buying factor. Market-ready supplies remain tight and packer interest has been improving, they noted. A firm tone to cash wholesale beef and moderate boxed beef movement at higher cutout prices were also cited as supporting factors. Stopping of deliveries by strong hands will likely add to strength in spot April, they added."
paragraph2sentence.train-Newswire-230-2,"Live cattle futures were expected to continue increasing in price due to higher live calls, tight cattle supplies, and increasing packer interest."
paragraph2sentence.train-Newswire-231-1,Tourists were evacuated from Paris' Eiffel Tower just before 4:00pm (1800 GMT) yesterday following a threatening phone call. Security forces covered the area after the phone call was received and the Eiffel Tower was reopened about an hour and half later after the threats were dismissed.
paragraph2sentence.train-Newswire-231-2,"The Eiffel Tower was temporarily closed yesterday after a threatening phone call, but reopened to tourists after security forces dismissed dismissed the threats an hour and a half later."
paragraph2sentence.train-Newswire-232-1,"Swift Independent Packing Co said it agreed in principle to sell its Huron, South Dakota, pork plant to Huron Dressed Beef, for undisclosed terms. Completion of the proposed transaction is subject to Huron's ability to hire an experienced work force at competitive rates, and receive government approval of the purchase and operation of the plant, Swift said."
paragraph2sentence.train-Newswire-232-2,"Swift Independent Packing Co tentatively agreed to sell its pork plant in Huron, SD to Huron Dressed Beef, conditional on the latter's ability to source employees and on government approval."
paragraph2sentence.train-Newswire-233-1,"The eight major New York City banks did not borrow from the Federal Reserve in the week ended Wednesday March 25, a Fed spokesman said. It was the second half of a two-week bank statement period that ended on Wednesday. The banks did not borrow in the first week of the period."
paragraph2sentence.train-Newswire-233-2,"The Federal Reserve did not lend to the eight major NYC banks in the week beginning on Weds., March 21."
paragraph2sentence.train-Newswire-234-1,"ASIX Systems, a developer of test systems for ASIC devices, said it has received 4,800,000 dlrs in a second round of equity financing. The company said investors include first round participants Paragon Partners, Citicorp <CCI>, Vista Ventures, Rust Ventures and Orien Ventures, plus new investors North Carolina Bank Venture Co LP, RepublicBankCorp <RPT> and ECI Ventures. It said it has now raised total capitalization of 8,600,000 dlrs."
paragraph2sentence.train-Newswire-234-2,Epitope Inc said it has developed a Western Blot AIDS test and it will begin worldwide marketing efforts immediately.  
paragraph2sentence.train-Newswire-235-1,"Mines and Energy Minister Subroto confirmed Indonesian support for an extension of the sixth International Tin Agreement (ITA), but said a new pact was not necessary. Asked by Reuters to clarify his statement on Monday in which he said the pact should be allowed to lapse, Subroto said Indonesia was ready to back extension of the ITA. 'We can support extension of the sixth agreement,' he said. 'But a seventh accord we believe to be unnecessary.' The sixth ITA will expire at the end of June unless a two-thirds majority of members vote for an extension."
paragraph2sentence.train-Newswire-235-2,OPEC Secretary General Subroto warned that the world faces a daily oil shortage.
paragraph2sentence.train-Newswire-236-1,"Inflation was by 8.8 pct in Indonesia during fiscal 1986/87 to March 31, compared to 5.66 pct the previous year, Information Minister Harmoko said after a cabinet session to discuss the economic situation."
paragraph2sentence.train-Newswire-236-2,"One dealer said the Bank of Japan probably intervened in Australia before the opening here, but could not confirm this.  "
paragraph2sentence.train-Newswire-237-1,"Cyprus Minerals Co said it was awarded a five year contract to supply 360,000 tons of steam coal to Niagara Mohawk Power Co <NMK>. The company is currently shipping 240,000 tons of steam coal a year to Niagara Mohawk under a contract signed in 1985. The coal comes from the Emerald mine in Southwestern Pennsylvania."
paragraph2sentence.train-Newswire-237-2,"Cyprus Minerals Co was awarded a five year contract to supply 360,000 tons of steam coal from the Emerald mine in Southwestern Pennsylvania to Niagara Mohawk Power Co <NMK>."
paragraph2sentence.train-Newswire-238-1,"PDA Engineering said it has temporarily deferred shipmetns of its PATRAN software for IBM computers, due to a technical problem with the program. The company said the deferral will reduce its thrid quarter revenues and earnings. PDA said it anticipates resuming shipments in the fourth quarter."
paragraph2sentence.train-Newswire-238-2,PDA's technical problems halt software shipments for IBM.
paragraph2sentence.train-Newswire-239-1,"The break-up took place after she lost to Simona Halep of Romania in the third round at last week's Cincinnati Masters. 'I think we both were kind of feeling that we'd almost come to the end. Unfortunately, it happened to be last week,' she declared."
paragraph2sentence.train-Newswire-239-2,loser admits defeat too late in the game.
paragraph2sentence.train-Newswire-240-1,"In the capital of American Samoa, Pago Pago, the tsunami measured 1.57 meters in height. The superintendent of the National Park of American Samoa Mike Reynolds reported four waves as high as six meters. People who experienced the quake said it was long, lasting from 90 seconds to three minutes. 'Pago Pago city streets were strewn with overturned vehicles, cars, and debris. Some buildings located only slightly above sea level were completely destroyed by the waves, and power in some locations is not expected to be restored for up to a month,' Wikinews reported at the time."
paragraph2sentence.train-Newswire-240-2,"In a wheelchair basketball game Saturday night at Colegio San Agustin in Madrid in Spain's top level league, La Liga de Honor, CD Fundosa ONCE defeated Servigest Burgos 80–20."
paragraph2sentence.train-Newswire-241-1,"Tuesday, the Organisation for Economic Co-operation and Development (OECD), a 34 member international economic organization founded in 1961 that traces its origins back to the World War II-era Marshall Plan, published results on the state of adult skills in 24 countries, most of them European. Australia had mixed rankings for literacy and numeracy amongst adults, finishing amongst the top for literacy and in the middle for numeracy."
paragraph2sentence.train-Newswire-241-2,Australian adults placed amongst the top in rankings for literacy and in the middle for numeracy according to the research results of the Organization for Economic Co-operation and Development.
paragraph2sentence.train-Newswire-242-1,"Canadian Airlines International said it agreed to purchase six Boeing Co 767-300ER (extended range) aircraft, and options on eight more, for 1.6 billion Canadian dlrs, including spare parts and training. Delivery will begin in April 1988 and run through April 1989, the company said. The airline said it plans to finance the new aircraft by means of oeprating leases. Canadian Airlines was recently formed through the merger of Canadian Pacific Airlines and Pacific Western Airlines."
paragraph2sentence.train-Newswire-242-2,"Other factors supporting this bullish view were growing expectations that Federal Reserve Chairman Paul Volcker would be reappointed for a third four-year term in August, Japan's larger-than-expected economic stimulus package last week and  more favorably technical chart signals, analysts said.     "
paragraph2sentence.train-Newswire-243-1,"Viacom International Inc said it set April 6 as the record date for shareholders entitled to vote at a special meeting to be held to vote on the proposed merger of Arsenal Acquiring Corp, a wholly-owned subsidiary of <Arsenal Holdings Inc> into Viacom. It said the date of the special meeting has not yet been determined."
paragraph2sentence.train-Newswire-243-2,Viacom International Inc set a meeting for Arsenal Acquiring Corp.
paragraph2sentence.train-Newswire-244-1,"The report, written by the National Research Council, describes the length of time between the earthquake and the initial tsunami warning being issued as 'relatively long', and states that the standard time for such a warning to be issued to be around two minutes. The study also revealed that one third of tsunami sensors are not working at any given time."
paragraph2sentence.train-Newswire-244-2,"The city of New York came under a winter storm warning late yesterday evening, with nine inches of snow predicted to fall."
paragraph2sentence.train-Newswire-245-1,"Dennison Manufacturing Co said it has signed a letter of intent to sell its Dunn Paper Co subsidiary to James River Corp <JR> for an undisclosed amount of cash, resulting in a first quarter charge against earnings. The company said the loss on the sale may be partly reduced by contingent payments over the next five years and will in the first quarter be more than offset by the gain from the previously-announced sale of its Hygeia Sciences Inc shares. Dunn had sales last year of about 65 mln dlrs. In Richmond, Va., James River said closing is expected by the end of April, subject to approval by both boards and on the reaching of satisfactory labor agreements."
paragraph2sentence.train-Newswire-245-2,"If a business is declining or has gone bankrupt, often another company will buy it out and establish it as a new branch of their own company. "
paragraph2sentence.train-Newswire-246-1,"Pop band Fleetwood Mac has cancelled its upcoming tour of Australia and New Zealand following diagnosis of their bassist John McVie with cancer. The tour was expected to begin on November 10 at the Sydney Entertainment Centre and continue through the Hunter Valley, Geelong, Melbourne, Adelaide, Brisbane and Perth over the following two weeks."
paragraph2sentence.train-Newswire-246-2,Fleetwood Mac has cancelled its upcoming of Australia and New Zealand tour due to his bassist John McVie’s diagnosis of cancer. 
paragraph2sentence.train-Newswire-247-1,"With Halloween approaching, numerous haunted attractions all over Texas are preparing for the big 'haunt' season. Directors and staff of such attractions must invest significant time preparing their buildings; such efforts gear up significantly during September. Wikinews caught up with some owners of these attractions to learn more about the hard work it takes to prepare for opening night."
paragraph2sentence.train-Newswire-247-2,Directors and staff of haunted attractions all over Texas are gearing up for Halloween and preparing for the 'haunt' season.
paragraph2sentence.train-Newswire-248-1,"Tirunesh Dibaba won her first World Championship title in six years, coming first in the 10,000 meter race at the IAAF World Championships in Moscow, Russia last night. Dibaba finished with a time of 30 minutes and 43.37 seconds, giving her the third World Championship victory of her career."
paragraph2sentence.train-Newswire-248-2,The constitution recognises Islam as the religion of Tunisia but also includes provisions guaranteeing freedom of conscience and equality between men and women.
paragraph2sentence.train-Newswire-249-1,"First of America Bank Corp said it completed its affiliation with Lewiston State Bank of Lewiston, Mich. The Lewiston bank, which has been renamed First of America Bank-Lewiston, has assets of 54.9 mln dlrs. First of America has assets of more than 7.9 billion dlrs."
paragraph2sentence.train-Newswire-249-2,"With total assets of 54.9 mln dlrs, First of America Bank Corp is affiliated with Lewiston State Bank, now called First of America Bank-Lewiston."
paragraph2sentence.train-Newswire-250-1,"Former British Prime Minister Tony Blair said the intervention by the army was necessary to prevent 'chaos', and said the protests that led to the downfall of Morsi are due to dissatisfaction with the efficacy of government: 'When governments don't deliver, people protest. They don't want to wait for an election.' Blair also blamed the 'ideology and intolerance of the Muslim Brotherhood': 'People felt that the Brotherhood was steadily imposing its own doctrines on everyday life'. Blair advised Western governments to 'engage with the new de facto power and help the new government make the changes necessary, especially on the economy, so they can deliver for the people. In that way, we can also help shape a path back to the ballot box that is designed by and for Egyptians'."
paragraph2sentence.train-Newswire-250-2,"Some Islamist organizations are establishing closer ties with European governments, but many are joining with non-Muslim activists in opposition to certain government policies. "
paragraph2sentence.train-Newswire-251-1,"India is reported to have bought two white sugar cargoes for April/May shipment at its tender today near 227 dlrs a tonne cost and freight and could be seeking a third cargo, traders said. A British operator is believed to have sold one of the cargoes, while an Austrian concern is thought to have featured in the second cargo sale, they said."
paragraph2sentence.train-Newswire-251-2,white sugar is empty calories.
paragraph2sentence.train-Newswire-252-1,"Around 115 pilgrims were killed Sunday in a stampede in India's Madhya Pradesh region. Some 50,000 pilgrims were attempting to visit the Ratangarh temple as part of an annual Hindu festival. Sources indicate that rumors spread through the crowd that the bridge over the Sindh River could collapse, which caused widespread panic."
paragraph2sentence.train-Newswire-252-2,Pilgrims were killed during a stampede whilst visiting a temple.
paragraph2sentence.train-CQA-253-1,"Is there a website where job seekers can discuss with others applying to the same companies, ect about the application and hiring process? I've tried the forums on indeed.com and dont really find it useful. thanks!"
paragraph2sentence.train-CQA-253-2,How do I apply for a job successfully?
paragraph2sentence.train-CQA-254-1,I'd like to get in touch with someone around my age in Wales (to learn a bit of Cymraeg and have a friend there before I travel) but I discovered that the website I was attempting to use requires you to pay in order to contact other members. I'm 17. Where should I go?
paragraph2sentence.train-CQA-254-2,can my gf's parents find out on the computer what time she talks to me?
paragraph2sentence.train-CQA-255-1,"Every now and then, I lose the ability to right-click in Firefox. Usually restarting FF or my computer solves the problem, but now it's not working. It's definitely not a problem with my computer itself because right-click works fine in all my programs and Google Chrome. What should I do?"
paragraph2sentence.train-CQA-255-2,What's the best browser for gaming besides firefox opera and chrome?
paragraph2sentence.train-CQA-256-1,"I have 2 emails my real email and my spam email. A spam email is an email that you give out to websites, people or groups where you have to give your email but you're uninterested or you know that for sure you'll get 'spammed'. Opinions,comments,concerns?"
paragraph2sentence.train-CQA-256-2,Is it bad or good to have two email addresses: one for regular email and one for using when you think you'll get spam?
paragraph2sentence.train-CQA-257-1,"While looking on fanfiction.net I saw several stories  that are being written by a member called 'JusSonic' who parodies movies with cartoon characters, I personally think that these so-called fanmake stories I have seen should be deleted and fanfiction.net create a rule from these kinds of stories from appearing on their sites. Does anyone agree or disagree with me on if fanfiction.net should ban fanmake stories of movies from their site?"
paragraph2sentence.train-CQA-257-2,What counts as fanfiction?
paragraph2sentence.train-CQA-258-1,"I use Internet Explorer and on any site that I go on, the bar at the top and the bottom of my screen (I think they are called status bars) are not visible unless I put my mouse on it. I want it visible all the time. How do I change this?"
paragraph2sentence.train-CQA-258-2,How do I make my status bar visible all the time?
paragraph2sentence.train-CQA-259-1,I have an HP Pavilion dv6000 running Windows Vista Premium with the HP Wireless Assistant. I broke my wireless switch and I can't afford to fix it right now. Is there any other way to turn it on?
paragraph2sentence.train-CQA-259-2,Im very angry at amazon can anyone help me!!! ?
paragraph2sentence.train-CQA-260-1,"I have been looking for these really rare action figures on ebay. I couldn't find them there or on amazon. So i searched google, and this guy in Chicago came up selling a lot of the for a grand total of $70. It's a really great price for these particular figures, but the only way I know to pay is with paypal (as i live in FL and he is all the way up in IL). When you send a payment on paypal, it gives you the option of business or personal. If you select business it asks if it is a bill or an item you are buying. If I say it is an item I am buying, will it be covered?"
paragraph2sentence.train-CQA-260-2,"If I buy an item from eBay and pay with PayPal, should I select that it is a business bill and will the item be covered?"
paragraph2sentence.train-CQA-261-1,"I am entering a contest on Twitter to win a new bicycle. All I have to do is hash a certain phrase repeatedly. It is unlimited entry. I attempted to repeatedly tweet the phrase to win, but it wouldn't permit me. So how often may I rehash the phrase?"
paragraph2sentence.train-CQA-261-2,What is the rate limit for me tweeting and does it change if I use the same tweet or hashtag?
paragraph2sentence.train-CQA-262-1,"I'm giving away the old family computer to a friend. I was wanting to know if, after I've deleted the history from Internet Options or Properties can anyone see what our family has looked up?"
paragraph2sentence.train-CQA-262-2,I want to keep our family histories completely private.
paragraph2sentence.train-CQA-263-1,"does anyone know any good websites on internet safety apart from thinkuknow? help would be greatly appreciated. please help me, thanks xx hugsChloe"
paragraph2sentence.train-CQA-263-2,"Aside from thinkyouknow, what other good websites talk about internet safety?"
paragraph2sentence.train-CQA-264-1,I have domain name 'be1.cc'. What should I make the website do or be?
paragraph2sentence.train-CQA-264-2,What names are good for websites?
paragraph2sentence.train-CQA-265-1,"where can i find good f/f, m/f tickling videos? foot tickling mostly. but none of that fake stuff   and besides youtube and dailymotion i have accounts for both of them"
paragraph2sentence.train-CQA-265-2,Are there other video site besides youtube and dailymotion?
paragraph2sentence.train-CQA-266-1,"We both enjoy playing mw2 on the xbox360 but she always has really bad lag and so when we are on special ops, we ALWAYS lose connection, its so irritating. Any suggestions as to what she can do to improve her connection? Thanks if you reply :)"
paragraph2sentence.train-CQA-266-2,Has anyone actually ever got those free offer deals online?
paragraph2sentence.train-CQA-267-1,"If you send someone an @reply on Twitter as a message, then decide you dont want them to receive it afterall- so you delete it from your tweets. Will they still get it?"
paragraph2sentence.train-CQA-267-2,"What is a better free stuff site lockerz, swagbucks or Points2shop?"
paragraph2sentence.train-CQA-268-1,"Rule 34 of the Internet says that if you can imagine it, there's porn of it. But what are rules 1-33? Or did someone just pick a random number?"
paragraph2sentence.train-CQA-268-2,Rule 1: Do not talk about rules 2-33.
paragraph2sentence.train-CQA-269-1,I have recently joined lockerz and have enough points for a 360 game. Everything is out of stock. how do i buy stuff? i also heard something about redemption. whats that??/
paragraph2sentence.train-CQA-269-2,Can you still get prizes from lockerz?
paragraph2sentence.train-CQA-270-1,"Is there an add-on for Firefox that manages your other add-ons? I searched google for nearly an hour looking for one, but I could not find anything. Also, I tried to find the mozilla page that lists all the add-ons for firefox by categories and such, to see if I could find it there, but I couldn't find that either."
paragraph2sentence.train-CQA-270-2,"I have a lot of plug-ins like Adblock, but keep losing track of what they're doing."
paragraph2sentence.train-CQA-271-1,I currently have MSN and Yahoo. I am looking for a provider that has more options for layout and formatting for newsletter type emails. Does anyone know of a good provider? Thanks! =]
paragraph2sentence.train-CQA-271-2,Is there a faster way to delete a tab/window in IE?
paragraph2sentence.train-CQA-272-1,"When I click on my IE it says page can not be displayed but firefox is working perfectly, Its not blocked by a firewall either. is there a way I can fix this ?"
paragraph2sentence.train-CQA-272-2,"Is there a program that will let me update my MySpace, Facebook, and Twitter?"
paragraph2sentence.train-CQA-273-1,so i bought an item a couple weeks ago on eBay and i still havent even been notified that my item has been shipped yet.. what do i do?
paragraph2sentence.train-CQA-273-2,What should I do when my eBay purchase still hasn't shipped after two weeks?
paragraph2sentence.train-CQA-274-1,"I can not understand why when I try Internet Explorer, Firefox and Opera none of them will display a web page and get the standard error message when there is no connection, although I have established a wireless connection, yet when I open Real Player it works fine.  Also I tried Ubuntu and Firefox and I can also get internet this way.  How might I get internet through other browsers in Windows?"
paragraph2sentence.train-CQA-274-2,Why can I only access the internet on Windows through Real Player when it works fine on Ubuntu with Firefox?
paragraph2sentence.train-CQA-275-1,"What are some websites that I can listen to music for free? I do not want to have to download anything onto my computer for it to work, and I would like to not have to create any account either. Also, do not mention youtube.com, because the sound quality sucks."
paragraph2sentence.train-CQA-275-2,Where can I stream music for free on the internet?
paragraph2sentence.train-CQA-276-1,I really need to go to a certain web site but it says the link is broken. How do I fix that? Just a few days ago I could go to that site but now I can't. I also tried to view it with my phone and it was working! However on my phone I can't view certain things I need. Is something wrong with my computer because the web site is working on my phone?
paragraph2sentence.train-CQA-276-2,"Why can I view parts of a website from my phone, but when I try with a browser, it says the link is broken?"
paragraph2sentence.train-CQA-277-1,"Been wondering this for a while. Do they still exist somewhere? When you delete them, where do they go? They don't get stored in your computer; they have to go to some place online don't they? Thanks ;)"
paragraph2sentence.train-CQA-277-2,Where do they go after deletion?
paragraph2sentence.train-CQA-278-1,I made a few psp themes and I know people can upload them on psp-themes.net  but will we be credited for it?  Such as like who created it  and stuff?  I don't want someone else claiming my work.  Oh and if you know somewhere else where I can upload my psp themes and get credited for it then let me know. Thanks.
paragraph2sentence.train-CQA-278-2,I'm hoping to make more of these themes but I want to make sure no one is getting known for my work.
paragraph2sentence.train-CQA-279-1,It just shows a little gray box with shapes inside. Do I need to download a new flash player or something?
paragraph2sentence.train-CQA-279-2,Does a gray box with shapes inside mean I need to download a new Flash player?
paragraph2sentence.train-CQA-280-1,I'm helping a friend start an internet cafe. I was wondering if live cd's would be the best way to go. If computers are setup with live cd's wouldn't they still need a hard drive. The web pages still need to be cached?.
paragraph2sentence.train-CQA-280-2,What are some best practices for setting up internet cafe computers?
paragraph2sentence.train-CQA-281-1,"I am trying to upload a video file to photobucket, but every time I try, it only uploads to 60% and then stops. I have tried on several different occasions, with the same results every time. Does anyone know what the problem is?"
paragraph2sentence.train-CQA-281-2,i have al shamil internet connection 512kbps speed but i checked with the net supply company etisalat they?
paragraph2sentence.train-CQA-282-1,"Pretty much what the question asks. I have a Tumblr account, but I often hear people saying stuff about having a 'Tumblr Crush'. I have no idea what that is, can anyone explain what it is and how I can find it out or whatev? Thank you :)"
paragraph2sentence.train-CQA-282-2,What is a Tumblr Crush?
paragraph2sentence.train-CQA-283-1,my internet browser history states sites visited i am not aware i have been on. if they are there is that a 100% deffinate answer that that particular site has been visited ?
paragraph2sentence.train-CQA-283-2,"Where can I watch TV/movies online for free, good quality, no surveys?"
paragraph2sentence.train-CQA-284-1,"I'm a 14 year old girl who is going to blog about her highschool life and well, everything. Problem? I have no idea what to name it. So, check out these names and feel free to suggest some too:"
paragraph2sentence.train-CQA-284-2,What should I call my blog?
paragraph2sentence.train-CQA-285-1,"There are a few sites that my friends can access on there internet that take a really long time to load but eventually do. But my internet gives up on those sites before they have the chance to load and gives me a 'The connection has timed out' message. Is there a way to make it keep loading for as long as it takes, or at least longer then its trying? I prefer Mozilla but if you only know internet explorer that's fine too."
paragraph2sentence.train-CQA-285-2,Is there a way to increase the maximum time my browser will spend trying to load a website so that it still completes slow-loading sites?
paragraph2sentence.train-CQA-286-1,"I usually go to this website createblog.com to get all my DIV layouts. i've recently gone to the site and none of the layouts show up. is there something wrong with my computer or the site? I figured if the site was messed up i could find another div layout website but to be honest, they're all crap. can someone either direct to me to a div layouts website or tell me if its just my computer not loading the site's layouts?"
paragraph2sentence.train-CQA-286-2,Is there something wrong with createblog.com or is it me?
paragraph2sentence.train-CQA-287-1,"I'm thinking about putting my laptop for sale on craigslist because I think I can get more money there than ebay but craigslist just seems so sketchy. How exactly does it work? Is there an aunction? Do people email me bids and I accept whatever bid I want, can I just decide not to sell it once I'v listed it?"
paragraph2sentence.train-CQA-287-2,Is craigslist sketchy?
paragraph2sentence.train-CQA-288-1,"Whenever I post a question on any forum or question & answer site about my WIRED internet, I always get answers referring to WIRELESS internet. Why? Is WIRELESS internet used by absolutely everybody or something?"
paragraph2sentence.train-CQA-288-2,Is there an advantage to wired internet over wireless internet?
paragraph2sentence.train-CQA-289-1,"I'm using PC but have no internet connection. I just want to know some sites which provide free downloads that i can use... For example, where can i download an entire novel free of cost & then can i study in home later ?"
paragraph2sentence.train-CQA-289-2,Where can I download a book so I can read it on my PC when i'm offline?
paragraph2sentence.train-CQA-290-1,"I remember one time I was on Flickr and I tried to right-click and save a picture and it's saved this empty file titled 'Spaceball'. I was wondering if there's a way (or a different way to get the same effect) to do this on a site other than Flickr and if so, how? Thanks :)"
paragraph2sentence.train-CQA-290-2,Is there a way to make VoIP (Voice over Internet Protocol) calls for free?
paragraph2sentence.train-CQA-291-1,My desktop cannot connect thru the internet from the ethernet cord in the wall. This cord is good cause I used it to connect my laptop to go online and the internet works. I think my desktop might have a virus that is preventing me from going online. It is a dell. Does anyone know how to fix it and make it read the network connection and go online?
paragraph2sentence.train-CQA-291-2,Can a virus prevent me from getting online?
paragraph2sentence.train-CQA-292-1,"Does anybody know any ways to LEGALLY maximize swagbucks on Swagbucks.com? I'm not on facebook or twitter or anything like that,and i don't have anybody to refer,but i'm thinking about starting a blog,would this help?"
paragraph2sentence.train-CQA-292-2,"Are there legal ways to maximize my swagbucks on swagbucks.com, like starting a blog?"
paragraph2sentence.train-CQA-293-1,I was watching the news and I heard them saying something about a site that's like this or Twitter or Tag. It starts with an S like Sky... I cant remember does anyone know the name??
paragraph2sentence.train-CQA-293-2,What is Peerguardian and if i use it can my internet provider still see what i'm downloading?
paragraph2sentence.train-CQA-294-1,I was on this website and my arm was on the keyboard and it hit some buttons so now when I go on that website the screen is small.How do I fix this?
paragraph2sentence.train-CQA-294-2,How do I change the browser's font size?
paragraph2sentence.train-CQA-295-1,"A day after selling the item (leather shoes), we had a flood in our basement and the shoes are pretty much ruined. The buyer hasn't paid as they told me they were going to pay on Saturday, it's only Friday. Anyways, I mailed the buyer and told them about it. Now, what's the next step?"
paragraph2sentence.train-CQA-295-2,"If an item's damaged before sending it to the buyer, what should a seller do?"
paragraph2sentence.train-CQA-296-1,"i just logged out for five mins and now it says its not connected but the other sites are, and before i logged out, aall my friends were offline. what is happening ????"
paragraph2sentence.train-CQA-296-2,"Is it normal that before I logged out, all my friends went offline?"
paragraph2sentence.train-CQA-297-1,If I sign up for the 1 month free trial of amazon prime then I get 2-day shipping on my eligible items. Does 2-day shipping mean that they ship the item within 2 days or does it mean that it arrives within 2 days?
paragraph2sentence.train-CQA-297-2,when ever i try to go to a certain site i get this what can i do about it?
paragraph2sentence.train-CQA-298-1,I like the picture that Bing.com has as its background. I would like to put it as my computer's background. But I cannot figure out how to do it. Anyone know how?
paragraph2sentence.train-CQA-298-2,Any good websites that i can play games at school through proxies?
paragraph2sentence.train-CQA-299-1,"Is there a website that you can like pick a job, and see how much money you make, and buy like a house to see how much you would have to make to live life?? im so paranoid about getting a job, and paying bills. i just want something to tell me ill be ok."
paragraph2sentence.train-CQA-299-2,Are there websites that help you figure out what job is best for you?
paragraph2sentence.train-CQA-300-1,"I used torrents only for downloading games.But now,I found that the torrents don't work anymore and my friend told me that our ISP blocks the use of torrents.Is there a way to fix this without my ISP knowing them?"
paragraph2sentence.train-CQA-300-2,Where can I download torrents that work for games?
paragraph2sentence.train-CQA-301-1,"A few of my friends have been posting 'bit.ly' links on Facebook. Will my friends know when I've clicked on the link? I know that bit.ly tracks the number of clicks, but will my friends know WHO is clicking the links?"
paragraph2sentence.train-CQA-301-2,What information does bit.ly provide about who clicks the link?
paragraph2sentence.train-CQA-302-1,"Okay, for some reason, my internet explorer isn't working. When i try 2 open it i get the usual 'Internet Explorer cannot display the webpage.' Firefox works just fine but without internet explorer some of my programs are acting up. i tried re-installing IE but still, same problem. =( any suggestions?"
paragraph2sentence.train-CQA-302-2,"Why would Internet Explorer not work when Firefox does, even after I tried reinstalling it?"
paragraph2sentence.train-CQA-303-1,I think I'm gonna sell my old ps2 games on Ebay. What do you think it's the most I can get out of them (I have about 10 to sell) and do I lose any profit in the shipping?
paragraph2sentence.train-CQA-303-2,"If i sell my old Playstation 2 games on eBay, how much should I ask for them?"
paragraph2sentence.train-CQA-304-1,Whats the quickest/best/coolest/fun internet browser. I use firefox an its fast but is there a faster one?
paragraph2sentence.train-CQA-304-2,Is Firefox the best browser?
paragraph2sentence.train-CQA-305-1,"I'm a person that has always used Amazon and only amazon, but apparently I can only find what I currently want on eBay. I have no checking account or a credit card so I can't verify. But I do online surveys that pay me via paypal. Can I purchase something through eBay without a verified Paypal? And can I be payed via paypal if it isn't verified, because I haven't cashed out yet."
paragraph2sentence.train-CQA-305-2,Can I make a purchase on eBay without a verified PayPal account?
paragraph2sentence.train-CQA-306-1,"Why am I not able to watch videos at NDTV.com? I am able to navigate the site well, without any problems but the video does not play."
paragraph2sentence.train-CQA-306-2,Why does my video not play on NDTV.com.
paragraph2sentence.train-CQA-307-1,"When I request a website or try to go to a favorite site, it blocks my internet page and says window is not responding, anmd at bottom of page it shows on toolbar (spydomain.com)  Do I have a virus? I have rebooted and shut down to no avail, Everytime I try to get on internet my page is blocked. Can you help me?"
paragraph2sentence.train-CQA-307-2,"Am I infected with a virus because when I try to connect online, website don't respond and I see my computer is trying to connect to 'spydomain.com' (and rebooting doesn't help)."
paragraph2sentence.train-CQA-308-1,I am new to podcasting and I want to create a feed I can use to post a podcast on iTunes. My videos are on youtube. I used FeedBurner and tried to post my feed on iTunes but it said the feed has no episodes. I have four episodes currently on youtube. Can you tell me if something is wrong or if I need to use a different site??? Please help as much as possible!
paragraph2sentence.train-CQA-308-2,How do I connect my FeedBurner podcasts and YouTube videos to my feed on iTunes?
paragraph2sentence.train-CQA-309-1,"ok, so every time i go on the internet doing research, games etc. it always stops working. There's this thing that pops up and says internet explorer is not working. Microsoft is checking for a solution. Internet is restarting. i mean , like what the heck??  it get really annoying. please help. is there any ways i can fix this without having to download anything? thnx"
paragraph2sentence.train-CQA-309-2,Why does my computer show a pop-up saying the internet is not working whenever I use it and how do I make it stop?
paragraph2sentence.train-CQA-310-1,"I'm going on a trip overseas and would like to keep a blog, but will only really have access to my blackberry to update the blog I'd like to keep with. What is a site that would work well on a blackberry, preferably to even add photos?"
paragraph2sentence.train-CQA-310-2,What website support writing a blog with pictures directly from a blackberry phone?
paragraph2sentence.train-CQA-311-1,I wanna know if JaveScript is turned on. How can I check it? (<- on mozilla firefox)
paragraph2sentence.train-CQA-311-2,How can I tell if JavaScript is enabled?
paragraph2sentence.train-CQA-312-1,ok so Ive watched porn on my iPod for a long time bow and one day I tried to watch a vid and this strange page full of numbers and symbols came up. it happens on every site. my parents have control of the wifi times and stuff so I'm wondering if they blocked it? or do I have a virus? need an update? please I'd you know anything tell me below
paragraph2sentence.train-CQA-312-2,What exactly do parental filters do and how do they affect how websites are displayed?
paragraph2sentence.train-CQA-313-1,"I know how to delete the history afterwards, but how do I prevent the history being shown in the first place? I have Internet Explorer 8 and whenever I open a new tab, the page always shows the history under the guise of: 'View tabs that you've closed since starting Internet Explorer.' Without even trying, anyone can see exactly what I've been looking at. How can I stop it showing a list or previously visited websites? The information is quite detailed; for example, it doesn't just show answers.yahoo.com; rather it shows the exact title of the question I was looking at. Bah, it's annoying the h*ll out of me. Thanks."
paragraph2sentence.train-CQA-313-2,How do I stop IE 8 from showing the specific websites I last visited when I open a new tab?
paragraph2sentence.train-CQA-314-1,"I want to open a paypal account so I can use ebay, but I'm not sure which type of account to get. I want to buy things, but also to sell some of the stuff I no longer need or use. So can anyone tell me which sort? I know it's not business, but which one of the other two?"
paragraph2sentence.train-CQA-314-2,problem signing into ebay can any give me some advice?
paragraph2sentence.train-CQA-315-1,I accidentally bid on something and I'll probably be the winner. Is there any ways to withdraw from bidding on the item? What would happen if I just don't pay for it? I'm not sure what to do...
paragraph2sentence.train-CQA-315-2,What are the best free pop ringtones that are on Myxer and work with Verizon?
paragraph2sentence.train-CQA-316-1,im on a mac running snow leopard (10.6) and sometimes have minor problems with safari so im looking to download a secondary browser. ive used firefox before and thought it was fine but never used chrome can someone with experience on either of these browsers on a mac tell me the ups and downs of them?
paragraph2sentence.train-CQA-316-2,Does Chrome work better than Safari on a mac?
paragraph2sentence.train-CQA-317-1,"I have safari, google chrome, opera, camino, firefox, and flock on my mac. Are there any other REALLY fast web browsers?"
paragraph2sentence.train-CQA-317-2,What browsers are supported on a mac?
paragraph2sentence.train-CQA-318-1,"Say i recieve a gift of money on paypal, and i keep it in my paypal account. Next time i buy something on ebay and pay through paypal, is the gifted money used or does the money come from my debit card as it does normally?"
paragraph2sentence.train-CQA-318-2,Is there an English website with a biography on Dr. Gerhard Stalling?
paragraph2sentence.train-CQA-319-1,I'd like to know good sites to download files such as videos or music. Any recommendations?
paragraph2sentence.train-CQA-319-2,Which sites are best for downloading stuff?
paragraph2sentence.train-CQA-320-1,"1. Can a seller on ebay accept a payment from a credit card, or do all payments on Ebay now have to go through PayPal? I'm trying to find out if you can use a credit card to make a payment without having a PayPal account. I realize that when you pay a seller you are sending the payment to the seller's PayPal address."
paragraph2sentence.train-CQA-320-2,"Can I buy things on eBay with a credit card, or do I need a PayPal account?"
paragraph2sentence.train-CQA-321-1,"I use it to get an embed code so that I can publish podcasts on my blog. However, I don't want everyone to be able to hear them, and archive.org makes them public. Is there an alternative to archive or somewhere else I can get an embed code for my podcast? (Or can I make my archive.org account private?) Thank you!"
paragraph2sentence.train-CQA-321-2,"Where can I list to private webcasts or podcasts, or do I need some kind of code to make them work?"
paragraph2sentence.train-CQA-322-1,"alright, i'm with Bell for my internet, and ever since last night, my internet has been HORRID. no ones downloading anything in my house, and right now, the internet is being used for my xbox (but not even playing online) by brother on msn, and me, on yahoo answers. this should not make my internet this slow! any idea on what's going on? Maybe something on Bell's end? if it is, what are they doing? Because this happens to me like 3 times a month. It's so bad that i'd have to wait 30 minutes just to load a youtube video that 3 1/2 minutes long"
paragraph2sentence.train-CQA-322-2,Is my internet so slow because of my provider (Bell) or is it something I am doing like connecting my Xbox?
paragraph2sentence.train-CQA-323-1,I use Windows Vista in my Compaq laptop.Last time I am going to install Norton anti-virus I failed.After that time I cannot access internet but can call with Skype.What is the problem?Please solve my problem.
paragraph2sentence.train-CQA-323-2,I tried using ClamAV but it didn't work.
paragraph2sentence.train-CQA-324-1,AppCrack and crackulous for iphone dosnt work. is there an alternative for Pc?
paragraph2sentence.train-CQA-324-2,What are some good jailbreaking solutions for my iPhone?
paragraph2sentence.train-CQA-325-1,"Some people on that website have their question posted on someone else's site, with their username next to it. Will that happen to me if I make an account? Because for now, without making an account no one knows it is me asking the question."
paragraph2sentence.train-CQA-325-2,Question anonymity allows people to be unrestrained in their explanations and avoid fearing peer judgment or retribution.
paragraph2sentence.train-CQA-326-1,My cellphone comes with no radio and I was wondering if I can download it somehow.. is that possible?
paragraph2sentence.train-CQA-326-2,How do radios work on cellphones?
paragraph2sentence.train-CQA-327-1,"I have been a member of a few web site forums and every one seems to be taken over by a group of bitching women who act like school bullies and need other idiots to join in with them to be part of the gang as they're too stupid or scared to speak for themselves. The first one was a message board about hair and make-up and the latest one is a fan page on facebook for Craig Busch the lion man. It isn't just me. I see other people being bullied and when I speak out against it, I just get attacked by the gang members to become bullied myself. Why are groups of supposedly adult women like that?"
paragraph2sentence.train-CQA-327-2,Why do group of adult women become like bullies when interacting on online forums?
paragraph2sentence.train-CQA-328-1,I just custom ordered a video game from ebay through prizerebel. How long will it take for processing/delivery? Will they contact me through phone? What if somebody purchases it before they process it? Thanks for your help.
paragraph2sentence.train-CQA-328-2,How does the process work when purchasing through prizerebel on Ebay?
paragraph2sentence.train-CQA-329-1,I am reading reviews on survey sites and keep hearing people complain about 'OTX surveys'. What are they talking about and how can you tell if a survey you are taking is an OTX?
paragraph2sentence.train-CQA-329-2,Survey respondents come from a balanced pool of paid and OTX.
paragraph2sentence.train-CQA-330-1,"I don't have a Formspring account, so it doesn't provide the 'Anonymous' option when I want to ask a question. Will it still be anonymous if I ask a question, even if I ask it while signed on to my Facebook account?"
paragraph2sentence.train-CQA-330-2,"If I don't have a Formspring account, will I be anonymous if I ask a question when also signed into Facebook?"
paragraph2sentence.train-CQA-331-1,Megavideo's limit is supposed to be 72 mins but sometimes after just about 10 mins the video stops and it tells me that I've reached te 72 mins limit.  Does this happen to someone else? And is there a way that I can avoid the limit?
paragraph2sentence.train-CQA-331-2,Is regular phone cord OK to use to connect my DSL modem?
paragraph2sentence.train-CQA-332-1,"Looking for somewhere with web-based voice chat where I can get a group of ~20 people max who can all talk on mic without having to get everyone to d/l a client. Any suggestions? Don't suggest vent/teamspeak etc, I know they're a better idea but not an option."
paragraph2sentence.train-CQA-332-2,I need a web-based voice conference solution for a group of around twenty people.
paragraph2sentence.train-CQA-333-1,I am currently making a story for a little (i guess here in america you would call it a 'cartoon') anime/manga thing. i wanted to send it in to deviantart because then i could send the chapter's corresponding cover pics as well. But it would seem im a noob at deviantart. how do i submit stories? (i need really good detail as i have almost no idea what to do here.)
paragraph2sentence.train-CQA-333-2,"Also, are there good places to get writing/story feedback?"
paragraph2sentence.train-CQA-334-1,"I've got that svchost.exe virus, i managed to stop it using up all the CPU but it keeps putting trojans in my C:\WINDOWS\Temp folder. AVG keeps popping up every 5 minutes with a new one and i dont know how to stop it! I've ran Malaware, Spybot S&D, AVG and ESET that only find the viruses in the temp folder not the source of it.. can anyone helpppp?x"
paragraph2sentence.train-CQA-334-2,"How do I get rid of the svchost.exe virus when none of the anti-virus softwares seem to work (AVG, Malaware, etc.)?"
paragraph2sentence.train-CQA-335-1,"Yesterday, a woman came to my house to notify me that my house is on Craigslist! She said it was probably Nigerian's and some sort of scam. There is pictures of my house (inside/and out) on there. It has all the info, number of bedrooms, bathrooms, year built, etc. I for sure did not put my house on there, and it says 'For Rent' and the price. What should I do?!?!"
paragraph2sentence.train-CQA-335-2,How do you know how much to charge for shipping when selling on Ebay?
paragraph2sentence.train-CQA-336-1,I always go on postsecret [dot ]blogspot [dot] com but I have no clue how to go to the next page...I don't see anything that I could click...Can someone tell me how to go to the next page? I really don't get it...
paragraph2sentence.train-CQA-336-2,Does PostSecret's blog have a second page?
paragraph2sentence.train-CQA-337-1,"For example, I have a very old and VERY heavy piano that I'm thinking of trying to sell on eBay. But what I'm wondering is, something that big, can I just ship it with USPS? How do I go about shipping big things?"
paragraph2sentence.train-CQA-337-2,What is the biggest thing the US postal service will ship?
paragraph2sentence.train-CQA-338-1,"One of my other schools had a website in which I can upload files to. Any File. Like Microsoft Word document, A Powerpoint Slideshow, A JPEG picture from Microsoft Paint,...whatever. But now I dont have access to my account there anymore. So...is there another website that I can upload things to and open it up from another computer and download it from there???"
paragraph2sentence.train-CQA-338-2,Is there a website where I can store my files and then download them on a different computer?
paragraph2sentence.train-CQA-339-1,Just wondering what those people who write chain letters that threaten you get out of it?  Like the ones that say 'send this to 10 people or something bad will happen.'  Is it just pure immaturity or do they get something out of it?
paragraph2sentence.train-CQA-339-2,"If you had a $35 Amazon gift card, what would you spend it on?"
paragraph2sentence.train-CQA-340-1,"I just feel like meeting people online, used to be on Yahoo! messenger but that fell out, so anything you'd recommend? Sort of miss the fellowship from IM. Thank you very much."
paragraph2sentence.train-CQA-340-2,Where can I chat with new people online?
paragraph2sentence.train-CQA-341-1,every time i tryy to search someone it saaays ; there was an error processing the request:search is currently unavailable . help ? how do ii makkee it availablle ? haha:) thaaanks<3
paragraph2sentence.train-CQA-341-2,How do I search for someone online?
paragraph2sentence.train-CQA-342-1,I want to buy skype credit. I am in canada. Can I call Africa/Nigeria too??
paragraph2sentence.train-CQA-342-2,Can we do video conference with more than one people at the same moment using skype?
paragraph2sentence.train-CQA-343-1,"Just recently my tweets got cut out and won't show up. Yesterday I was at 224 tweets, today I'm at 204 tweets. Why is this happening? O.o"
paragraph2sentence.train-CQA-343-2,What makes tweet volume decline?
paragraph2sentence.train-CQA-344-1,At what are obviously busy times on the net.  I use Firefox via Orange.  Anybody else had a problem please?
paragraph2sentence.train-CQA-344-2,My internet is slowing to a crawl.
paragraph2sentence.train-CQA-345-1,hi i have a few small things i want to sell online. i wanted to use paypal but i guess i lose money when i sell somehing (or something like that) so i dont want to lose that small profit. im a student right now and i would like that money so i can invest it into a laptop for when i go to university (1 1/2 years more to go). is there a website where i can sell things so i get all the money i ask for? and its a more customer seller kinda thing?
paragraph2sentence.train-CQA-345-2,How much percentage does PayPal make off of every purchase?
paragraph2sentence.train-CQA-346-1,"Hello, I live in a very rural area, and I am interested in getting a wireless internet card that I can just hook into my computer without worrying about reception. How do these work? Can I get them by themselves or do I have to also buy a phone, etc.? I've looked at Sprint and AT&T and it looks like they want you to get it with a phone, as well. Is this just a gimmick to try and sell phones? I will be needing another phone company, anyway, so should I get them together? What company do you suggest?"
paragraph2sentence.train-CQA-346-2,Do I need a phone to get a wireless internet card?
paragraph2sentence.train-CQA-347-1,"Ok, on the Poptropica store, I bought the free Haunted House. I visited it, but now I wanna go out of it!How do I do this??"
paragraph2sentence.train-CQA-347-2,How do I exit the Haunted House on Poptropica?
paragraph2sentence.train-CQA-348-1,"What do you all the think the impact on the British internet providers has been since the release of online media streaming, not so much youtube but more BBCi player, they allow streamed content of HD and it is hugely popular... surely this has put a lot of strain on the providers servers.  Have they had to spend a fortune to upgrade?"
paragraph2sentence.train-CQA-348-2,HD video accounts for over 50% of the bandwidth consumed in Britain on an average weeknight.
paragraph2sentence.train-CQA-349-1,"In my story, my killer uses its computer but i'm not sure if i should have it to this. From what i understand (movies lol) they can't really trace your computer if you use it at a wireless cafe or starbucks right? If not, please elaborate"
paragraph2sentence.train-CQA-349-2,Both McDonalds and Starbucks locations are now offering free wifi to customers and many other companies are following suit.
paragraph2sentence.train-CQA-350-1,"Ever since my college changed the internet connection, supposably to make it faster I've been having problems with webcams and videos in general loading on websites. I've tried clearing the cache, enabling cookies and checking firewall. i also have the up to date versions of adobe flash and java but nothing seems to be working. anyone have any tips or suggestions? Thanks"
paragraph2sentence.train-CQA-350-2,"I've tried most of the standard fixes (like clearing the cache), but does anyone have suggestions on how to improve performance when watching videos and webcams online?"
paragraph2sentence.train-CQA-351-1,"I'm ten years old, and I have a really professional camera. It can take focus pictures, it can edit pictures, so, that means it's totally awesome. I would really like picture-sharing websites that I can share professional-looking pictures on. I need a website that allows ten year-olds. Can you help me?"
paragraph2sentence.train-CQA-351-2,What websites allow minors to share pictures they took?
paragraph2sentence.train-CQA-352-1,I was just wondering about sending messages to people. I don't have a twitter myself but when you look at someones twitter and a tweet has someone else's name at the start is that from that person or to the person who's twitter you're on?
paragraph2sentence.train-CQA-352-2,"If I want to send replies, do I need a twitter account too?"
paragraph2sentence.train-CQA-353-1,I have 2 of my own connection but when looking for my router i saw tons of other peoples routers. Is it illegal to connect to someones unprotected router? I heard it's legal if they're not protected. Also can someone fiddle with my routers settings if they tap off of it. I'm thinking about securing it i just hate the password thing.
paragraph2sentence.train-CQA-353-2,What's the best way to secure your own router?
paragraph2sentence.train-CQA-354-1,well this is like my first time using eBay. and i want to buy this poster. so if i press 'buy now' does that mean that its mine and it will be shipped to me? or can other people still bid on it? I dont want to be spending more money than i should be. or be owing somebody money that i don't know.
paragraph2sentence.train-CQA-354-2,"If I use the 'buy now' button on eBay, did I buy the item, or will other people still be able to bid on it?"
paragraph2sentence.train-CQA-355-1,"I need to create around 10-20 email accounts for a project I'm working on, but I don't want to sit down and go through the tedious process of finding a valid username and password, filling out the captcha, etc. Is there any way I can do this quickly and easily, or at least an email hosting service that doesn't take 10 minutes to create an account?"
paragraph2sentence.train-CQA-355-2,"I sold my 1st item on ebay & received great feedback, do I have to thank the person?"
paragraph2sentence.train-CQA-356-1,"I just updated to the latest version of Firefox. Now, whenever I open up a new tab, I get a box titled 'Alert' that says 'Firefox doesn't know how to open this address, because the protocol (mhtb) isn't associated with any program.' How do I stop it from alerting me about this? It's annoying!"
paragraph2sentence.train-CQA-356-2,What is the difference between http and mhtb?
paragraph2sentence.train-CQA-357-1,I am interested in hooking up a computer in another room (so that I can have internet access in 2 different rooms).....do I need to contact the phone company and pay additional charges or is there a way I can have it in both rooms without getting another box? I have no clue....any help would be appreciated. Thanks!
paragraph2sentence.train-CQA-357-2,"Does connecting a second computer to the internet (in another room) require contacting the phone company and/or paying more, or do I not need a second connection box?"
paragraph2sentence.train-Metaphoric-358-1,"The Frogs, grieved at having no established Ruler, sent ambassadors to Jupiter entreating for a King.  Perceiving their simplicity, he cast down a huge log into the lake.  The Frogs were terrified at the splash occasioned by its fall and hid themselves in the depths of the pool.  But as soon as they realized that the huge log was motionless, they swam again to the top of the water, dismissed their fears, climbed up, and began squatting on it in contempt.  After some time they began to think themselves ill-treated in the appointment of so inert a Ruler, and sent a second deputation to Jupiter to pray that he would set over them another sovereign.  He then gave them an Eel to govern them.  When the Frogs discovered his easy good nature, they sent yet a third time to Jupiter to beg him to choose for them still another King.  Jupiter, displeased with all their complaints, sent a Heron, who preyed upon the Frogs day by day till there were none left to croak upon the lake."
paragraph2sentence.train-Metaphoric-358-2,Be careful what you ask for.
paragraph2sentence.train-Metaphoric-359-1,"An ant went to the bank of a river to quench its thirst, and being carried away by the rush of the stream, was on the point of drowning.  A Dove sitting on a tree overhanging the water plucked a leaf and let it fall into the stream close to her.  The Ant climbed onto it and floated in safety to the bank.  Shortly afterwards a birdcatcher came and stood under the tree, and laid his lime-twigs for the Dove, which sat in the branches.  The Ant, perceiving his design, stung him in the foot.  In pain the birdcatcher threw down the twigs, and the noise made the Dove take wing."
paragraph2sentence.train-Metaphoric-359-2,"Pay kindness forward, as it may return to you in a time of need."
paragraph2sentence.train-Metaphoric-360-1, A Serpent in the course of its wanderings came into an armourer's shop.  As he glided over the floor he felt his skin pricked by a file lying there.  In a rage he turned round upon it and tried to dart his fangs into it; but he could do no harm to heavy iron and had soon to give over his wrath.
paragraph2sentence.train-Metaphoric-360-2,Iron files are sufficiently hard to use in most metal work.
paragraph2sentence.train-Metaphoric-361-1,"A Jay venturing into a yard where Peacocks used to walk, found there a number of feathers which had fallen from the Peacocks when they were moulting.  He tied them all to his tail and strutted down towards the Peacocks.  When he came near them they soon discovered the cheat, and striding up to him pecked at him and plucked away his borrowed plumes.  So the Jay could do no better than go back to the other Jays, who had watched his behaviour from a distance; but they were equally annoyed with him, and told him: 'It is not only fine feathers that make fine birds.'"
paragraph2sentence.train-Metaphoric-361-2,Peacocks lose their tail feathers when molting.
paragraph2sentence.train-Metaphoric-362-1,"A Shepherd-boy, who watched a flock of sheep near a village, brought out the villagers three or four times by crying out, 'Wolf! Wolf!'  and when his neighbors came to help him, laughed at them for their pains.  The Wolf, however, did truly come at last.  The Shepherd-boy, now really alarmed, shouted in an agony of terror:  'Pray, do come and help me; the Wolf is killing the sheep'; but no one paid any heed to his cries, nor rendered any assistance.  The Wolf, having no cause of fear, at his leisure lacerated or destroyed the whole flock.  "
paragraph2sentence.train-Metaphoric-362-2,Early shepherds used vocal calls to alert those nearby to the presence of predators.
paragraph2sentence.train-Metaphoric-363-1,"A Lion and a Bear seized a Kid at the same moment, and fought fiercely for its possession.  When they had fearfully lacerated each other and were faint from the long combat, they lay down exhausted with fatigue.  A Fox, who had gone round them at a distance several times, saw them both stretched on the ground with the Kid lying untouched in the middle.  He ran in between them, and seizing the Kid scampered off as fast as he could.  The Lion and the Bear saw him, but not being able to get up, said, 'Woe be to us, that we should have fought and belabored ourselves only to serve the turn of a Fox.'  "
paragraph2sentence.train-Metaphoric-363-2,Lions and bears compete for the same food sources.
paragraph2sentence.train-Metaphoric-364-1,"A bear came across a log where a swarm of bees had nested to make their honey. As he snooped around, a single little bee flew out of the log to protect the swarm. Knowing that the bear would eat all the honey, the little bee stung him sharply on the nose and flew back into the log. This flew the bear into an angry rage. He swatted at the log with his big claws, determined to destroy the nest of bees inside.This only alerted the bees and quick as a wink, the entire swarm of bees flew out of the log and began to sting the bear from head to heel. The bear saved himself by running to and diving into the nearest pond."
paragraph2sentence.train-Metaphoric-364-2,"The Wolf complied, and while he was piping and the Kid was dancing, some hounds hearing the sound ran up and began chasing the Wolf."
paragraph2sentence.train-Metaphoric-365-1,"A Kid was perched up on the top of a house, and looking down saw a Wolf passing under him.  Immediately he began to revile and attack his enemy.  'Murderer and thief,' he cried, 'what do you here near honest folks' houses?  How dare you make an appearance where your vile deeds are known?'  'Curse away, my young friend,' said the Wolf."
paragraph2sentence.train-Metaphoric-365-2,A man may smile yet be a villain.
paragraph2sentence.train-Metaphoric-366-1,"A boy put his hand into a pitcher full of filberts.  He grasped as many as he could possibly hold, but when he tried to pull out his hand, he was prevented from doing so by the neck of the pitcher.  Unwilling to lose his filberts, and yet unable to withdraw his hand, he burst into tears and bitterly lamented his disappointment.  A bystander said to him, 'Be satisfied with half the quantity, and you will readily draw out your hand.' "
paragraph2sentence.train-Metaphoric-366-2,"Greed may cause you to lose everything, but with moderation you can obtain at least something."
paragraph2sentence.train-Metaphoric-367-1,"A boy was stung by a Nettle.  He ran home and told his Mother, saying, 'Although it hurts me very much, I only touched it gently.'  'That was just why it stung you,' said his Mother.  'The next time you touch a Nettle, grasp it boldly, and it will be soft as silk to your hand, and not in the least hurt you.'"
paragraph2sentence.train-Metaphoric-367-2,Be bold in the face of danger or it will overcome you.
paragraph2sentence.train-Metaphoric-368-1,"Patty the Milkmaid was going to market carrying her milk in a Pail on her head.  As she went along she began calculating what she would do with the money she would get for the milk.  'I'll buy some fowls from Farmer Brown,' said she, 'and they will lay eggs each morning, which I will sell to the parson's wife.  With the money that I get from the sale of these eggs I'll buy myself a new dimity frock and a chip hat; and when I go to market, won't all the young men come up and speak to me!  Polly Shaw will be that jealous; but I don't care.  I shall just look at her and toss my head like this.  As she spoke she tossed her head back, the Pail fell off it, and all the milk was spilt.  So she had to go home and tell her mother what had occurred. 'Ah, my child,' said the mother, 'Do not count your chickens before they are hatched.'"
paragraph2sentence.train-Metaphoric-368-2,Farmer brown has six hens for sale this morning.
paragraph2sentence.train-Metaphoric-369-1," A GREAT CITY was besieged, and its inhabitants were called together to consider the best means of protecting it from the enemy.  A Bricklayer earnestly recommended bricks as affording the best material for an effective resistance.  A Carpenter, with equal enthusiasm, proposed timber as a preferable method of defense.  Upon which a Currier stood up and said, 'Sirs, I differ from you altogether:  there is no material for resistance equal to a covering of hides; and nothing so good as leather.' "
paragraph2sentence.train-Metaphoric-369-2,Nothing escapes the master's eye.
paragraph2sentence.train-Metaphoric-370-1,"Once when a Lion was asleep a little Mouse began running up and down upon him; this soon wakened the Lion, who placed his huge paw upon him, and opened his big jaws to swallow him.  'Pardon, O King,' cried the little Mouse: 'forgive me this time, I shall never forget it: who knows but what I may be able to do you a turn some of these days?'  The Lion was so tickled at the idea of the Mouse being able to help him, that he lifted up his paw and let him go.  Some time after the Lion was caught in a trap, and the hunters who desired to carry him alive to the King, tied him to a tree while they went in search of a waggon to carry him on.  Just then the little Mouse happened to pass by, and seeing the sad plight in which the Lion was, went up to him and soon gnawed away the ropes that bound the King of the Beasts.  'Was I not right?' said the little Mouse."
paragraph2sentence.train-Metaphoric-370-2,Kindness can be repaid in unexpected ways.
paragraph2sentence.train-Metaphoric-371-1,"A Fox swimming across a rapid river was carried by the force of the current into a very deep ravine, where he lay for a long time very much bruised, sick, and unable to move.  A swarm of hungry blood-sucking flies settled upon him.  A Hedgehog, passing by, saw his anguish and inquired if he should drive away the flies that were tormenting him.  'By no means,' replied the Fox; 'pray do not molest them.'  'How is this?'  said the Hedgehog; 'do you not want to be rid of them?'  'No,' returned the Fox, 'for these flies which you see are full of blood, and sting me but little, and if you rid me of these which are already satiated, others more hungry will come in their place, and will drink up all the blood I have left.'  "
paragraph2sentence.train-Metaphoric-371-2,It is sometimes better to suffer mild discomfort than to struggle against it an be overcome by an even greater uncomfort.
paragraph2sentence.train-Metaphoric-372-1,"A blind man was accustomed to distinguishing different animals by touching them with his hands.  The whelp of a Wolf was brought him, with a request that he would feel it, and say what it was.  He felt it, and being in doubt, said:  'I do not quite know whether it is the cub of a Fox, or the whelp of a Wolf, but this I know full well.  It would not be safe to admit him to the sheepfold.'    "
paragraph2sentence.train-Metaphoric-372-2,"When dealing with the unknown, it is better to be safe than sorry."
paragraph2sentence.train-Metaphoric-373-1,"A Wolf found great difficulty in getting at the sheep owing to the vigilance of the shepherd and his dogs.  But one day it found the skin of a sheep that had been flayed and thrown aside, so it put it on over its own pelt and strolled down among the sheep. The Lamb that belonged to the sheep, whose skin the Wolf was wearing, began to follow the Wolf in the Sheep's clothing; so, leading the Lamb a little apart, he soon made a meal off her, and for some time he succeeded in deceiving the sheep, and enjoying hearty meals."
paragraph2sentence.train-Metaphoric-373-2,"If you allow men to use you for your own purposes, they will use you for theirs."
paragraph2sentence.train-Metaphoric-374-1,"An Ant nimbly running about in the sunshine in search of food came across a Chrysalis that was very near its time of change. The Chrysalis moved its tail, and thus attracted the attention of the Ant, who then saw for the first time that it was alive. 'Poor, pitiable animal!' cried the Ant disdainfully. 'What a sad fate is yours! While I can run hither and thither, at my pleasure, and, if I wish, ascend the tallest tree, you lie imprisoned here in your shell, with power only to move a joint or two of your scaly tail.' The Chrysalis heard all this, but did not try to make any reply. A few days after, when the Ant passed that way again, nothing but the shell remained. Wondering what had become of its contents, he felt himself suddenly shaded and fanned by the gorgeous wings of a beautiful Butterfly. 'Behold in me,' said the Butterfly, 'your much-pitied friend! Boast now of your powers to run and climb as long as you can get me to listen.' So saying, the Butterfly rose in the air, and, borne along and aloft on the summer breeze, was soon lost to the sight of the Ant forever."
paragraph2sentence.train-Metaphoric-374-2,Pity is sometimes misplaced due to ignorance.
paragraph2sentence.train-Metaphoric-375-1,"An ass belonging to an herb-seller who gave him too little food and too much work made a petition to Jupiter to be released from his present service and provided with another master.  Jupiter, after warning him that he would repent his request, caused him to be sold to a tile-maker.  Shortly afterwards, finding that he had heavier loads to carry and harder work in the brick-field, he petitioned for another change of master.  Jupiter, telling him that it would be the last time that he could grant his request, ordained that he be sold to a tanner.  The Ass found that he had fallen into worse hands, and noting his master's occupation, said, groaning:  'It would have been better for me to have been either starved by the one, or to have been overworked by the other of my former masters, than to have been bought by my present owner, who will even after I am dead tan my hide, and make me useful to him.'  "
paragraph2sentence.train-Metaphoric-375-2,Be careful what you ask for.
paragraph2sentence.train-Metaphoric-376-1,"A king, whose only son was fond of martial exercises, had a dream in which he was warned that his son would be killed by a lion.  Afraid the dream should prove true, he built for his son a pleasant palace and adorned its walls for his amusement with all kinds of life-sized animals, among which was the picture of a lion.  When the young Prince saw this, his grief at being thus confined burst out afresh, and, standing near the lion, he said: 'O you most detestable of animals! through a lying dream of my father's, which he saw in his sleep, I am shut up on your account in this palace as if I had been a girl:  what shall I now do to you?'  With these words he stretched out his hands toward a thorn-tree, meaning to cut a stick from its branches so that he might beat the lion.  But one of the tree's prickles pierced his finger and caused great pain and inflammation, so that the young Prince fell down in a fainting fit.  A violent fever suddenly set in, from which he died not many days later. "
paragraph2sentence.train-Metaphoric-376-2,Dreams can inspire people to act strangely.
paragraph2sentence.train-Metaphoric-377-1,"A man had two daughters, the one married to a gardener, and the other to a tile-maker.  After a time he went to the daughter who had married the gardener, and inquired how she was and how all things went with her.  She said, 'All things are prospering with me, and I have only one wish, that there may be a heavy fall of rain, in order that the plants may be well watered.'  Not long after, he went to the daughter who had married the tilemaker, and likewise inquired of her how she fared; she replied, 'I want for nothing, and have only one wish, that the dry weather may continue, and the sun shine hot and bright, so that the bricks might be dried.'  He said to her, 'If your sister wishes for rain, and you for dry weather, with which of the two am I to join my wishes?'  "
paragraph2sentence.train-Metaphoric-377-2,A person is divided between supporting two equally-important causes.
paragraph2sentence.train-Metaphoric-378-1,"A man and a Satyr once drank together in token of a bond of alliance being formed between them.  One very cold wintry day, as they talked, the Man put his fingers to his mouth and blew on them.  When the Satyr asked the reason for this, he told him that he did it to warm his hands because they were so cold.  Later on in the day they sat down to eat, and the food prepared was quite scalding.  The Man raised one of the dishes a little towards his mouth and blew in it.  When the Satyr again inquired the reason, he said that he did it to cool the meat, which was too hot.  'I can no longer consider you as a friend,' said the Satyr, 'a fellow who with the same breath blows hot and cold.'"
paragraph2sentence.train-Metaphoric-378-2,Hot dishes need time to cool down.
paragraph2sentence.train-Metaphoric-379-1,"THE SWALLOW and the Crow had a contention about their plumage.  The Crow put an end to the dispute by saying, 'Your feathers are all very well in the spring, but mine protect me against the winter.'  "
paragraph2sentence.train-Metaphoric-379-2,Little friends may prove great friends.
paragraph2sentence.train-Metaphoric-380-1,"An eagle stayed his flight and entreated a Lion to make an alliance with him to their mutual advantage.  The Lion replied, 'I have no objection, but you must excuse me for requiring you to find surety for your good faith, for how can I trust anyone as a friend who is able to fly away from his bargain whenever he pleases?'"
paragraph2sentence.train-Metaphoric-380-2,"Eagles are able to fly where they please, being only limited by their endurance."
paragraph2sentence.train-Metaphoric-381-1,"A kid, returning without protection from the pasture, was pursued by a Wolf.  Seeing he could not escape, he turned round, and said:  'I know, friend Wolf, that I must be your prey, but before I die I would ask of you one favor you will play me a tune to which I may dance.'  The Wolf complied, and while he was piping and the Kid was dancing, some hounds hearing the sound ran up and began chasing the Wolf.  Turning to the Kid, he said, 'It is just what I deserve; for I, who am only a butcher, should not have turned piper to please you.'"
paragraph2sentence.train-Metaphoric-381-2,Hounds can be use to chase a wolf away from livestock.
paragraph2sentence.train-Metaphoric-382-1,"A heavy wagon was being dragged along a country lane by a team of Oxen.  The Axle-trees groaned and creaked terribly; whereupon the Oxen, turning round, thus addressed the wheels:  'Hullo there! why do you make so much noise? We bear all the labor, and we, not you, ought to cry out.'"
paragraph2sentence.train-Metaphoric-382-2,Oxen were the preferred beasts of burden for moving heavy loads in the middle ages.
paragraph2sentence.train-Metaphoric-383-1,"A prince had some Monkeys trained to dance.  Being naturally great mimics of men's actions, they showed themselves most apt pupils, and when arrayed in their rich clothes and masks, they danced as well as any of the courtiers.  The spectacle was often repeated with great applause, till on one occasion a courtier, bent on mischief, took from his pocket a handful of nuts and threw them upon the stage.  The Monkeys at the sight of the nuts forgot their dancing and became (as indeed they were) Monkeys instead of actors.  Pulling off their masks and tearing their robes, they fought with one another for the nuts.  The dancing spectacle thus came to an end amidst the laughter and ridicule of the audience."
paragraph2sentence.train-Metaphoric-383-2,"A person can pretend to be something they are not, but will eventually show their true colors when their old ways prove too tempting."
paragraph2sentence.train-Metaphoric-384-1,"One hot summer's day a Fox was strolling through an orchard till he came to a bunch of Grapes just ripening on a vine which had been trained over a lofty branch.  'Just the thing to quench my thirst,' quoth he.  Drawing back a few paces, he took a run and a jump, and just missed the bunch.  Turning round again with a One, Two, Three, he jumped up, but with no greater success.  Again and again he tried after the tempting morsel, but at last had to give it up, and walked away with his nose in the air, saying: 'I am sure they are sour.'"
paragraph2sentence.train-Metaphoric-384-2,We convince ourselves that what we cannot obtain is bad so that we feel okay not having it.
paragraph2sentence.train-Metaphoric-385-1,"A Seagull having bolted down too large a fish, burst its deep gullet-bag and lay down on the shore to die.  A Kite saw him and exclaimed:  'You richly deserve your fate; for a bird of the air has no business to seek its food from the sea.'  "
paragraph2sentence.train-Metaphoric-385-2,"Except for raptors, most birds are not equipped to take fish directly from the water."
paragraph2sentence.train-Metaphoric-386-1," A fox caught in a trap escaped, but in so doing lost his tail.  Thereafter, feeling his life a burden from the shame and ridicule to which he was exposed, he schemed to convince all the other Foxes that being tailless was much more attractive, thus making up for his own deprivation.  He assembled a good many Foxes and publicly advised them to cut off their tails, saying that they would not only look much better without them, but that they would get rid of the weight of the brush, which was a very great inconvenience.  One of them interrupting him said, 'If you had not yourself lost your tail, my friend, you would not thus counsel us.'"
paragraph2sentence.train-Metaphoric-386-2,It is not always wise to encourage others to behave or appear as you do.
paragraph2sentence.train-Metaphoric-387-1,"One day a cat happen to grab hold of rooster for its evening meal. She wanted, however, a good excuse for killing the bird.   'I need to rid the world of you,' she told the rooster, 'You constantly make your horrible noises throughout the night, interfering with men's much needed sleep. The world will be better off without you.'  'No,' said the rooster, 'I crow for the good of men. I wake them up each morning when it is time for them to start work for the day, so that they may earn their living.'    'Ridiculous!' said the cat, and she ate him."
paragraph2sentence.train-Metaphoric-387-2,Benefits bestowed upon the evil-disposed increase their means of injuring you.
paragraph2sentence.train-Metaphoric-388-1,"A Lion used to prowl about a field in which Four Oxen used to dwell.  Many a time he tried to attack them; but whenever he came near they turned their tails to one another, so that whichever way he approached them he was met by the horns of one of them.  At last, however, they fell a-quarrelling among themselves, and each went off to pasture alone in a separate corner of the field.  Then the Lion attacked them one by one and soon made an end of all four."
paragraph2sentence.train-Metaphoric-388-2,A group provides protection that individuals cannot provide on their own.
paragraph2sentence.train-Metaphoric-389-1,"An Eagle swooped down upon a Serpent and seized it in his talons with the intention of carrying it off and devouring it. But the Serpent was too quick for him and had its coils round him in a moment; and then there ensued a life-and-death struggle between the two. A countryman, who was a witness of the encounter, came to the assistance of the eagle, and succeeded in freeing him from the Serpent and enabling him to escape. In revenge, the Serpent spat some of his poison into the man's drinking-horn. Heated with his exertions, the man was about to slake his thirst with a draught from the horn, when the Eagle knocked it out of his hand, and spilled its contents upon the ground."
paragraph2sentence.train-Metaphoric-389-2,"When handling serpents, be careful of their interactions with your food and drink."
paragraph2sentence.train-Metaphoric-390-1,"A Rose and an Amaranth blossomed side by side in a garden, and the Amaranth said to her neighbor, 'How I envy you your beauty and your sweet scent! No wonder you are such a universal favorite.' But the Rose replied with a shade of sadness in her voice, 'Ah, my dear friend, I bloom but for a time: my petals soon wither and fall, and then I die. But your flowers never fade, even if they are cut; for they are everlasting.'"
paragraph2sentence.train-Metaphoric-390-2,Rose bushes must be pruned regularly to encourage new buds.
paragraph2sentence.train-Metaphoric-391-1,"A fox one day fell into a deep well and could find no means of escape.  A Goat, overcome with thirst, came to the same well, and seeing the Fox, inquired if the water was good.  Concealing his sad plight under a merry guise, the Fox indulged in a lavish praise of the water, saying it was excellent beyond measure, and encouraging him to descend.  The Goat, mindful only of his thirst, thoughtlessly jumped down, but just as he drank, the Fox informed him of the difficulty they were both in and suggested a scheme for their common escape.  'If,' said he, 'you will place your forefeet upon the wall and bend your head, I will run up your back and escape, and will help you out afterwards.'  The Goat readily assented and the Fox leaped upon his back.  Steadying himself with the Goat's horns, he safely reached the mouth of the well and made off as fast as he could.  When the Goat upbraided him for breaking his promise, he turned around and cried out, 'You foolish old fellow! If you had as many brains in your head as you have hairs in your beard, you would never have gone down before you had inspected the way up, nor have exposed yourself to dangers from which you had no means of escape.'"
paragraph2sentence.train-Metaphoric-391-2,Think before you act or else you will find yourself in a dangerous situation.
paragraph2sentence.train-Metaphoric-392-1,"One wintry day a Woodman was tramping home from his work when he saw something black lying on the snow.  When he came closer he saw it was a Serpent to all appearance dead.  But he took it up and put it in his bosom to warm while he hurried home.  As soon as he got indoors he put the Serpent down on the hearth before the fire.  The children watched it and saw it slowly come to life again.  Then one of them stooped down to stroke it, but thc Serpent raised its head and put out its fangs and was about to sting the child to death.  So the Woodman seized his axe, and with one stroke cut the Serpent in two.  'Ah,' said he, 'No gratitude from the wicked.'"
paragraph2sentence.train-Metaphoric-392-2,"When he came near them they soon discovered the cheat, and striding up to him pecked at him and plucked away his borrowed plumes. "
paragraph2sentence.train-Metaphoric-393-1,"A Crow perishing with thirst saw a pitcher, and hoping to find water, flew to it with delight.  When he reached it, he discovered to his grief that it contained so little water that he could not possibly get at it.  He tried everything he could think of to reach the water, but all his efforts were in vain.  At last he collected as many stones as he could carry and dropped them one by one with his beak into the pitcher, until he brought the water within his reach and thus saved his life.  "
paragraph2sentence.train-Metaphoric-393-2,Necessity is the mother of invention.
paragraph2sentence.train-Metaphoric-394-1,"A Vixen who was taking her babies out for an airing one balmy morning, came across a Lioness, with her cub in arms. 'Why such airs, haughty dame, over one solitary cub?' sneered the Vixen. 'Look at my healthy and numerous litter here, and imagine, if you are able, how a proud mother should feel.' The Lioness gave her a squelching look, and lifting up her nose, walked away, saying calmly, 'Yes, just look at that beautiful collection. What are they? Foxes! I've only one, but remember, that one is a Lion.'"
paragraph2sentence.train-Metaphoric-394-2,The gods help them that help themselves.
paragraph2sentence.train-Metaphoric-395-1,"A Lion demanded the daughter of a woodcutter in marriage.  The Father, unwilling to grant, and yet afraid to refuse his request, hit upon this expedient to rid himself of his importunities.  He expressed his willingness to accept the Lion as the suitor of his daughter on one condition:  that he should allow him to extract his teeth, and cut off his claws, as his daughter was fearfully afraid of both.  The Lion cheerfully assented to the proposal.  But when the toothless, clawless Lion returned to repeat his request, the Woodman, no longer afraid, set upon him with his club, and drove him away into the forest.  "
paragraph2sentence.train-Metaphoric-395-2,Lions depend on their teeth and claws for their fierceness.
paragraph2sentence.train-Metaphoric-396-1," Two Frogs lived together in a marsh. But one hot summer the marsh dried up, and they left it to look for another place to live in: for frogs like damp places if they can get them. By and by they came to a deep well, and one of them looked down into it, and said to the other, 'This looks a nice cool place. Let us jump in and settle here.' But the other, who had a wiser head on his shoulders, replied, 'Not so fast, my friend. Supposing this well dried up like the marsh, how should we get out again?'"
paragraph2sentence.train-Metaphoric-396-2,"When considering your options, always consider what to do if events go badly."
paragraph2sentence.train-Metaphoric-397-1,"A peacock spreading its gorgeous tail mocked a Crane that passed by, ridiculing the ashen hue of its plumage and saying, 'I am robed, like a king, in gold and purple and all the colors of the rainbow; while you have not a bit of color on your wings.' 'True,' replied the Crane; 'but I soar to the heights of heaven and lift up my voice to the stars, while you walk below, like a cock, among the birds of the dunghill.'  "
paragraph2sentence.train-Metaphoric-397-2,"Many birds feature evolutionary traits designed to attract sexual mates, such as the peacock's tail features."
paragraph2sentence.train-Metaphoric-398-1,"A Man who had been bitten by a Dog went about in quest of someone who might heal him.  A friend, meeting him and learning what he wanted, said, 'If you would be cured, take a piece of bread, and dip it in the blood from your wound, and go and give it to the Dog that bit you.'  The Man who had been bitten laughed at this advice and said, 'Why? If I should do so, it would be as if I should beg every Dog in the town to bite me.'  "
paragraph2sentence.train-Metaphoric-398-2,"A dog attacked a man, but it was not fatal."
paragraph2sentence.train-Metaphoric-399-1,"A Cat fell in love with a handsome young man, and entreated Venus to change her into the form of a woman.  Venus consented to her request and transformed her into a beautiful damsel, so that the youth saw her and loved her, and took her home as his bride.  While the two were reclining in their chamber, Venus wishing to discover if the Cat in her change of shape had also altered her habits of life, let down a mouse in the middle of the room.  The Cat, quite forgetting her present condition, started up from the couch and pursued the mouse, wishing to eat it.  Venus was much disappointed and again caused her to return to her former shape. "
paragraph2sentence.train-Metaphoric-399-2,"You can change a person's appearance, but their personality will stay the same."
paragraph2sentence.train-Metaphoric-400-1,"Some boys, playing near a pond, saw a number of Frogs in the water and began to pelt them with stones.  They killed several of them, when one of the Frogs, lifting his head out of the water, cried out:  'Pray stop, my boys:  what is sport to you, is death to us.'"
paragraph2sentence.train-Metaphoric-400-2,Some people's enjoyment is the cause of pain for others.
paragraph2sentence.train-Metaphoric-401-1,"The Hares were so persecuted by the other beasts, they did not know where to go.  As soon as they saw a single animal approach them, off they used to run.  One day they saw a troop of wild Horses stampeding about, and in quite a panic all the Hares scuttled off to a lake hard by, determined to drown themselves rather than live in such a continual state of fear.  But just as they got near the bank of the lake, a troop of Frogs, frightened in their turn by the approach of the Hares scuttled off, and jumped into the water.  'Truly,' said one of the Hares, 'things are not so bad as they seem: 'There is always someone worse off than yourself.'"
paragraph2sentence.train-Metaphoric-401-2,Frogs are afraid of rabbits.
paragraph2sentence.train-Metaphoric-402-1,"A  SICK STAG lay down in a quiet corner of its pasture-ground.  His companions came in great numbers to inquire after his health, and each one helped himself to a share of the food which had been placed for his use; so that he died, not from his sickness, but from the failure of the means of living.  "
paragraph2sentence.train-Metaphoric-402-2,Revenge will hurt the avenger.
paragraph2sentence.train-Reviews-403-1,"Amazing buy on Splenda! The savings compared to the store was unbelievable. I use it since I'm diabetic, but the taste is great and I can still get that sugar taste with no bitter after taste. The packets make it convienant to take along with me. Thank-you Amazon!"
paragraph2sentence.train-Reviews-403-2,This splenda is cheaper than what you can buy in stores and great for diabetics like me who use it frequently instead of sugar.
paragraph2sentence.train-Reviews-404-1,"The dark roast version is delicious, and I've received comments from friends as well.  Full flavor, delicious in the morning without half and half (and that's saying a lot)!  For those who said it was weak, I have one suggestion: you need to add more coffee.  In my Cuisinart coffee maker (the model that has a 'step' indicator on the right hand side) I use 3-1/2 scoops for 10 cups. Super saver is a great way to get the coffee as well."
paragraph2sentence.train-Reviews-404-2,"The light roast blend is almost as good, but needs more flavor."
paragraph2sentence.train-Reviews-405-1,"I have heard of winegums for a while now, and read the reviews on these--and the reviewers are absolutely right in saying that these are the most flavorful, delectable chewy-gummy candy I've ever had!!  My family opened one of the bags and started raving, so I had to have a taste. AMAZING!!  And Amazon has THE BEST PRICE I could find, BY FAR.  Less than $20 for 6.6 lbs of this candy is a bargain. Once again, the English ROCK!"
paragraph2sentence.train-Reviews-405-2,Wine gummies a great snack for wine lovers who want the taste but can't drink for whatever reason.
paragraph2sentence.train-Reviews-406-1,"This is my favorite cereal. When we have it in the house I eat it every day, sometimes twice a day, so it doesn't last long. I'm a big fan of sticky cereal, and what I mean by that is cereal that is not soggy but not out-of-the-box crunchy, either. This cereal turns to oatmeal mush fairly quickly (I hate oatmeal, oddly), so if you like it less-than-soggy, you have to be quick or go easy on the milk. It tastes fantastic, though. It's not too sugary nor does it taste like cardboard. It's just right, honestly, and it's a lot healthier than a lot of other cereals (although it is not the healthiest). A bowl of this while watching LOTR is a perfectly comforting combination for some reason. (:"
paragraph2sentence.train-Reviews-406-2,My brother and I used to joke that Grape-nuts was made of either wood or cardboard.
paragraph2sentence.train-Reviews-407-1,"After reading Wheatbelly (from Amazon), I've finally come to terms with the need to go really low-carb and avoid grains. But what to do about the need to snack and dip occasionally? These fit the bill perfectly: spicy, crunchy, healthy and gluten-free. I just wish they were available on subscribe & save now that I know they are terrific."
paragraph2sentence.train-Reviews-407-2,"High carb snacks mess with my insulin levels, leaving me feeling drained all day."
paragraph2sentence.train-Reviews-408-1,"Great noodles, but a little spicy. If you like spicy then put the whole flavor packet in bowl but if I like mine a little less spicy so only put half or 3/4 of packet and it comes out tasty."
paragraph2sentence.train-Reviews-408-2,The noodles taste great but the spice can be overpowering so consider using half or 3/4 of a packet for a great taste.
paragraph2sentence.train-Reviews-409-1,"This is not the original Swiss Maggi Seasoning Sauce. It is very close and tastes fine, but be aware while the Trademark remains Swiss,this particular product is made and bottled in Mexico."
paragraph2sentence.train-Reviews-409-2,"Unlike the original Swiss Maggi seasoning sauce, this stuff is made in Mexico."
paragraph2sentence.train-Reviews-410-1,"I like all kinds of mac and cheese.  My homemade version uses cream, Beecher's cheese and Dungeness crab.  But then on the other hand, I also like both Stouffer's and Trader Joe's frozen, and I even like the stuff in the blue box.  Read a lot of rave reviews of Annie's, so I picked up a box at the store today.  I'm not sure what kind of mac and cheese the people that loved this stuff have eaten in the past, but I found Annie's watery and bland.  I think it might be passable if there was twice the amount of cheese powder, but this stuff had no flavor.  Ate a couple bites and threw the rest out.  Luckily I only bought one box, but it was a complete waste of money.  Even Easy Mac is better."
paragraph2sentence.train-Reviews-410-2,"Annie's mac and cheese is a waste of money - watery and bland, despite its rave reviews."
paragraph2sentence.train-Reviews-411-1,"This is my first for adventure into yellow curry paste, and I love it.  Even though it is not as hot as some of the other curry's, the level of spice and flavor does not disappoint.  I followed the recipe on the side of the container.  It does use the European scale of measurement that at first was a little intimidating.  I did notice under nutrition, that it it listed 2 teaspoons is 10 GRAMS.  That means that 50 grams is 10 teaspoons.  There is no law that says you can't use more.  I intend to hit the net for more recipes, plus i have some of my own ideas, HEY,FAKE IT TILL YOU MAKE IT.  The flavor profiles in this yellow curry allows you to take an all expenses paid, TRIP THROUGH YOUR OWN IMAGINATION."
paragraph2sentence.train-Reviews-411-2,"Curry pastes may vary in color based on the ingredients and while all contain the same main ingredient (curry), flavors can vary significantly - as well as the heat!"
paragraph2sentence.train-Reviews-412-1,These grains are very nice.  Took about a month before they really took off and doubled in size.  Use the first couple batches for your pancakes or baking.  I love my kefir with a little maple syrup.
paragraph2sentence.train-Reviews-412-2,These kefir grains are nice and doubled in size after the first month.
paragraph2sentence.train-Reviews-413-1,"I had a bowl of these todasy for breakfast. I put two fried eggs on top and added a little hot sauce I made yesterday. The noodles have a decent firmness and the broth was tasty. The veggies weren't as plentiful as I would normally wish, but I couldn't complain; a good breakfast. 3.125 out of 5.0 stars is what I gave it on ramenrater.com."
paragraph2sentence.train-Reviews-413-2,"Noodles are a great addition to a balanced morning breakfast, as strange as it sounds."
paragraph2sentence.train-Reviews-414-1,"The Maine Lobsters arrived on time and were nice and big. They were shared by four of us and we were all delighted at the taste and freshness. They were excellent and will will buy from this company again. Soon, I hope. Thanks."
paragraph2sentence.train-Reviews-414-2,"They arrived in a temperature-controlled tank, so don't worry if you order them in the winter."
paragraph2sentence.train-Reviews-415-1,"I use a percolator and this is very good coffee!  Our nanny agrees.  She makes it just right for me each morning (I can't seem to make my coffee perfect each time, but she can).It tastes best with sweetened condensed milk.  I highly suggest you try it with sweetened condensed milk!"
paragraph2sentence.train-Reviews-415-2,The nanny makes perfect coffee with this every morning.
paragraph2sentence.train-Reviews-416-1,"I loved carnation chocolate milk as I was growing up.  We can no longer buy it at the local grocery store.  I was delighted when I was able to buy it from Amazon.  It came quickly, and tastes wonderful just like I remember it from years ago."
paragraph2sentence.train-Reviews-416-2,"Carnation chocolate milk has been my favorite since childhood, so I was thrilled to find I could buy it from amazon when I couldn't find it in stores anymore."
paragraph2sentence.train-Reviews-417-1,"This is an excellent value!  Once you eat tuna that is olive-oil packed, you will never eat another kind again!  The small can is just right for one person.  The tuna is delicious alone or in a tuna salad."
paragraph2sentence.train-Reviews-417-2,"Although I alternate between the Blue Buffalo kibble selections from time to time, my cats never tire of Blue Buffalo, and I wouldn't want to be without the good results that I have seen from it."
paragraph2sentence.train-Reviews-418-1,"When I first tried this tea over a year ago, I was instantly in love. This tea has a light but rich taste; the roasted rice lends itself well and almost gives this tea a buttery quality. The quality of the tea leaves themselves is great, with a beautiful deep green color. The tea is worth the price, but it comes with an added bonus: if you buy this online here, you get two tins instead of one-- perfect for gifting or sharing. This tea is a tea I would serve to someone who claims to hate green teas, just to showcase the variety green teas can have."
paragraph2sentence.train-Reviews-418-2,Buying this tea from amazon gets you a two-for-one deal.
paragraph2sentence.train-Reviews-419-1,I've never tried the Celtic Sea Salt before but have read a lot about it being better than regular salt for you.  I bought this and am very pleased except that I believe I would have preferred to have bought the fine ground.  This works great for cooking but you need a grinder to use at the table.  Tastes just like salt.  I can't tell any difference in taste from the iodized table salt.  It definitely looks different.  It's a moist gray color.  Very pleased.  Converting over to this as I empty out the salt grinders.  Can't tell you how it reacts to the grinders yet.
paragraph2sentence.train-Reviews-419-2,Celtic sea salt tastes just like regular sea salt but it comes in these large granules that are big enough that I have to use a grinder to add the salt to food.
paragraph2sentence.train-Reviews-420-1,"I love popcorn. We have popcorn about 4 nights a week. I started out looking for popcorn on the cob as I had that this year and it was lovely, and then stumbled upon India Tree. It's the closest that I can find to the dried on the cob popcorn and I love it. It is so fresh and natural tasting. I've been using it for several months and ran out the other day and had to use a popular store brand. Though the kernels popped up larger, the taste was stale and processed...not to mention, the India Tree popcorn is actually cheaper than the store brand. I'm placing my order for more India Tree right now!"
paragraph2sentence.train-Reviews-420-2,Sweet corn isn't ideal for popcorn because its kernels don't pop as large.
paragraph2sentence.train-Reviews-421-1,"I ordered these treats as they looked similar to the Waggin Train Chick'n Biscuit. Well, they are nothing like them. My dogs love the product from Waggin Train, but would not eat these. The chemical smell was overpowering. Not sure what they are made of, but they went into the trash can. I hope I don't get fined for dumping toxic waste."
paragraph2sentence.train-Reviews-421-2,"Despite looking similar to Waggin Train Chick'n Biscuits, these dog treats are nothing like them and smell so toxic, I just threw them away."
paragraph2sentence.train-Reviews-422-1,i don't like to knock a product..however i have used stevia for quite a number of years now. my favorite is the 3.5 oz Kal pure stevia exract there are no fillers.. unfortunately i have 1 lb of this NOW brand and i noticed right away that it is no way near as potent as the Kal brand....this powder is not as dense as KAL.. it is true you will have to double or maybe triple the amount you normally would use in your drink/i have not cooked with this... it does not dissolve as quickly as KAL and does'nt have that nice sweetness i am used to ...i will finish it and that will be that. maybe the product needs to be compacted..i'm not sure though...
paragraph2sentence.train-Reviews-422-2,This stevia sweetener is much healthier than what you'll find in the sucralose in Splenda.
paragraph2sentence.train-Reviews-423-1,"When I took this product, my skin cleared up a lot but I soon began to have digestive problems.  I probably need to play with how much water to dilute it in.  That said, it works for many people as a health drink, just make sure to watch the dosage if you have a sensitive stomach."
paragraph2sentence.train-Reviews-423-2,This health drink can clear your skin up.
paragraph2sentence.train-Reviews-424-1,"Wow Sun Maid -- you NEVER disappoint!!!I baked these muffins, even adding pineapple, as suggested on the side of the box -- the muffins (all 12 of them) came out of the oven as scrumptious, semi-moist morsels of perfection, right up to the slightly crispy but still juicy raisins on the tops of each muffin.They stored well - I eventually put them (covered with foil) in the fridge, and now I am taking the remainder to work with me.You only need one egg per mix, and some oil or butter, and liquid (in my case I used pineapple juice as liquid) -- it takes very little time to mix (I used a big big serving fork to mix up the batter with) and they pop into and out of the oven in no time.The price is right and the result is delicious!!!"
paragraph2sentence.train-Reviews-424-2,Substituting in pineapple juice (instead of water) can add a great kick to this muffin mix.
paragraph2sentence.train-Reviews-425-1,"I ordered the extract to make rose ice cream, because you can rarely find it.  The ice cream turned out really great with this flavoring.  I used 1 1/4 teaspoons to flavor about 3 cups of ice cream.  It was a very light and perfect flavor.  You can definetly use more for a stronger taste.  The seller was also very quick with the shipping."
paragraph2sentence.train-Reviews-425-2,Rose-flavored ice cream is difficult to find.
paragraph2sentence.train-Reviews-426-1,I found Wiley's Corn Boil Seasoning to be an excellent mixture to season fresh corn. I wouldn't dream of preparing corn on the cob without using it. The mixture enhances the taste of corn on the cob.
paragraph2sentence.train-Reviews-426-2,"Corn on the cob requires good seasoning, like Wiley's."
paragraph2sentence.train-Reviews-427-1,My little Jack Russel loves these perfectly sized biscuit.  Unlike other's they don't break apart.  She loves them.  I love them.  No itching or tummy problems.
paragraph2sentence.train-Reviews-427-2,These biscuits are perfect for my dog who enjoys them but without the mess or stomach problems that other biscuts have.
paragraph2sentence.train-Reviews-428-1,"I've been looking for this gum for a long time.  For some reason, I haven't been able to find Rain-blo at my local stores. They only carry Dubble Bubble- which I don't like because the flavor doesn't last long. The gum was delivered quickly and was fresh tasting.  The package brings 48 packages (4 gums per pack).  Just in case you were wondering, the gum balls are medium seized - not the jumbo or smaller bite sized options. You end up paying about .27 per package, not a bad deal. Definitely worth it."
paragraph2sentence.train-Reviews-428-2,"This Rain-blo gum is a good deal, especially if your local stores don't carry it."
paragraph2sentence.train-Reviews-429-1,"I have been using coconut oil as a substitute for cooking oils and skin/ hair products for years. This is a stellar brand- it is organic, cold pressed, and made for safe storing. There is a lot fo good info on the web about how coconut oil is saving our health. Jump on the band wagon. It is not too late."
paragraph2sentence.train-Reviews-429-2,"Coconut oil is a great and healthy substitute for cooking oil and this brand is fantastic, cold-pressed, organic and designed for longevity."
paragraph2sentence.train-Reviews-430-1,"I purchased this for my wife, a dedicated tea drinker.  She reported that it is OK but not as good as the K-Cup version packed as Timothy's Camomile.  Won't get this one again"
paragraph2sentence.train-Reviews-430-2,"This camomile tea is inferior to the K-Cup version, according to my wife."
paragraph2sentence.train-Reviews-431-1,"I am using this flour to make the recipes in Bruce Fife's book that I just purchased Cooking with Coconut Flour.  The cookies and breads have great texture, I love the fried chicken, and the italian meatloaf.  Very glad that I bought the flour AND the book because coconut flour is difficult to experiment with as it soaks up moisture like a sponge. Turns out you need to add more fat, not water or milk, if you want the batter to be moister."
paragraph2sentence.train-Reviews-431-2,Coconut flour can be difficult to cook with because it absorbs more water than the more commonly-used wheat flour.
paragraph2sentence.train-Reviews-432-1,Its popcorn!  It came fairly quickly and was enjoyed by all who it was distributed to.  Probably another order in the near future.
paragraph2sentence.train-Reviews-432-2,"Everyone who ate this popcorn enjoyed it, so we might order again."
paragraph2sentence.train-Reviews-433-1,We had a yard sale and sold snow cones with Hawaiian Shaved Ice snow cone syrups! It was a huge hit! I especially liked the choice of 10 flavors...I will definetly be ordering more as we will be having several more yard sales before the season is over!
paragraph2sentence.train-Reviews-433-2,I haven't had any new breakout since I starting using it. 
paragraph2sentence.train-Reviews-434-1,"The Brazil nuts I ordered came quickly, very quickly. I was surprised that the 5 little bags I ordered were so little, but it makes sense. Brazil nuts are big, so 8-oz. bags are going to be smaller than I had imagined. Even so, the Brazil nuts are beautiful, a good source of protein, and I am enjoying them.We are snowed-in, so it's great to have something that is easy to eat and doesn't require cooking. Great emergency-plan food. I recommend them to anyone who likes Brazil nuts. Mmmmm. I made myself hungry. I'm going for more."
paragraph2sentence.train-Reviews-434-2,Brazil nuts are a great protein source and make an excellent protein-rich snack when you don't feel like cooking.
paragraph2sentence.train-Reviews-435-1,"I'm addicted to Yogi Teas and have vowed to try them all.  This Indian Spice tea is delicious. I've found that many of the Yogi teas are not as strong as I want them to be, so the tea bag stays in until I've drank all the tea. Not so with this tea, this tea has a VERY strong Cinnamon taste, which I find enjoyable. In truth, I may have left the bag in too long today, as the cinnamon flavor is burning a little.The directions on the box say to add milk (or milk substitute) and sweetener to the tea. They mean it. I tried to drink it plain, but couldn't, it just didn't taste right. However, I did add a popular flavored coffee creamer, and that worked beautifully.  This is a whole new drink now, doesn't feel like tea, it feels like a treat. Enjoy."
paragraph2sentence.train-Reviews-435-2,Most Yogi teas are a bit weak and I have to leave the tea bag in the cup until I've finished it to get the right flavor.
paragraph2sentence.train-Reviews-436-1,As an all natural product this is a good cereal.  I don't eat sweetened products so this product is fine with me.  It's hard stuff and takes a while to eat.  It's also very dense and doesn't absorb too much milk.  Try a small bowl and take your time eating it.
paragraph2sentence.train-Reviews-436-2,"This cereal is unsweetened, hard, and doesn't absorb milk, but that's all fine by me."
paragraph2sentence.train-Reviews-437-1,"This is my favorite coconut water, and I think I've tried almost all of them at this point (fresh is always best, but that's expensive and hard to come by). I first found Taste Nirvana in California, in the smaller glass bottles, and loved it, but couldn't find it after returning to MD. Then I found them on Facebook and subsequently on Amazon, and I have been subscribed to 2 cases per month ever since (and am upping to 3 cases). The glass one may or may not taste better, but this is a larger container and is far cheaper. Now the stores near me carry this brand, but it's still cheaper to get on Amazon, and the plain, no-pulp cans are still not available near me."
paragraph2sentence.train-Reviews-437-2,"Gatorade and other energy or sport drinks are a good source of electrolytes after intense workouts, which can leave your body's supply low and lead to uncomfortable cramping."
paragraph2sentence.train-Reviews-438-1,A perfect and cheap way to get into orchids. Comes with a info sheet explaining proper care of the plant. Mine was shipped very quickly. Just be careful about ordering in winter months if you live in a cold climate: my mail lady left the package outside by the door. Luckily I have a friendly neighbor who brought it in before it could freeze.
paragraph2sentence.train-Reviews-438-2,"Mail-order orchids are a great way to get into growing them, but be careful about the plants freezing if you buy them in winter."
paragraph2sentence.train-Reviews-439-1,"I have used this shampoo along with it's matching conditioner for a while now and using the two of them together really makes a difference with my dry and itchy scalp. The shampoo is thin but super rich and I really notice the added moisture to my scalp. The shampoo feels like it has conditioner in it as well. I usually wash my hair twice with the shampoo and then I use the super thick and rich conditioner and leave in on my hair for about a minute and then rinse. My hair is left very healthy, smooth and rich with moisture. Both the shampoo and conditioner have a nice scent. I have tried a variety of different Clear Scalp shampoo and conditioners but this set is one of my favorites."
paragraph2sentence.train-Reviews-439-2,"This Clear Scalp shampoo (and matching conditioner) really help moisturize my scalp and remove that itchiness, leaving me with great-smelling hair."
paragraph2sentence.train-Reviews-440-1,"Timothy's Italian Blend Coffee is number #1 in my book.It has the best flavor and a smooth taste out of most of the coffees we have tryed. We usually drink Coffee People's- Donut Shop Coffee which we have on auto ship. However, I do enjoy buying this when it is on sale!"
paragraph2sentence.train-Reviews-440-2,The service was as the vendor promised.  
paragraph2sentence.train-Reviews-441-1,"I ordered this gum for my husband who absolutely LOVES anything sour. He was definitely not disappointed! I even like it myself! It has the perfect sourness in the beginning, but as you're chewing it, it slowly changes into this mostly sweet flavor with a mild sour aftertaste. We can't get enough of it! =) Will probably order again once our box runs out."
paragraph2sentence.train-Reviews-441-2,My husband cannot get enough of this gum.
paragraph2sentence.train-Reviews-442-1,"This is a great, strong flavored (and strong smelling) salt. Truffles typically have a very earthy, funky smell, as does this salt. The flavor is wonderful! Great with meats, grilled veggies, and pastas. A little goes a long way! A good addition to a salt collection."
paragraph2sentence.train-Reviews-442-2,"I don't like this type of snack, but these were good."
paragraph2sentence.train-Reviews-443-1,"When you are watching your carbs and need some protein, this is the soup to get.The taste and texture is outstanding.  Wonderful to be able to receive this soupdelivered to my door by Amazon."
paragraph2sentence.train-Reviews-443-2,So it is probably no surprise that I find Mallomars slightly deficient compared to the mighty Pinwheel. 
paragraph2sentence.train-Reviews-444-1,"I like spicy food, but not just for the heat. I love good taste, too!! When you add garlic to the mix of anything, it catches my fancy. For that reason, I really enjoy this sauce."
paragraph2sentence.train-Reviews-444-2,This sauce is great for adding a bit of heat.
paragraph2sentence.train-Reviews-445-1,"I am the grandma who is constantly dieting and I have a toddler granddaughter who literally hates to eat. This product helps both of us! It is a very healthy no sugar added, fat free snack. I eat the veggies one piece at a time. They are crunchy and literally melt in  my mouth. I am amazed at how good they are. My granddaughter also likes them. She is a picky eater and she also eats one piece at a time. Now I know she is getting nutrition instead of eating junk food. Yes, they are expensive, but you aren't going to be sitting around eating these by the spoonful like you would regular cooked veggies. I have only eaten them so far as a snack, but I am looking for ways to include them in my salads. These  snacks are also good for my grandson who is just learning to eat regular food. They are small enough and dissolve in the mouth and I won't worry about him choking (I always feed him under supervision!) These snacks are worth a try."
paragraph2sentence.train-Reviews-445-2,These veggies are great for picky eaters and just melt in your mouth so you can enjoy them one bite at time.
paragraph2sentence.train-Reviews-446-1,"miracle noodles are a great option for people who are on a low carb diet but enjoy/crave noodles from time to time. Yes, they smell coming out of the package.  Rinse thoroughly.  They do not smell or taste funny once prepared. The texture is more like a rice noodle/cellophane noodle as opposed to wheat pasta. I prefer the angel hair pasta more than the rice, which reminds me of Israeli couscous or orzo."
paragraph2sentence.train-Reviews-446-2,"Though they smell a bit when first opened, Miracle Noodles are a huge help for those who need rice noodles but are on a low-carb diet."
paragraph2sentence.train-Reviews-447-1,"I tried three flavors of Tastykake after I heard of how good they were. I love butterscotch, this doesn't have much of a butterscotch flavor. The cakes are fresh, but a little bland, not much flavor."
paragraph2sentence.train-Reviews-447-2,"This cake doesn't taste much like butterscotch, or anything at all, really."
paragraph2sentence.train-Reviews-448-1,"Been drinking Ovaltine for over 25 years and the taste never gets old.  They said they've made some changes to it, but it still tastes great!  I like it because it is also very nourishing and good for you as well, and these canisters make it a real money saver.  All I need now is my 'decoder ring'!"
paragraph2sentence.train-Reviews-448-2,"I've been drinking Ovaltine for over a quarter century and even with the changes, it still tastes great  enough to buy these big money-saving canisters."
paragraph2sentence.train-Reviews-449-1,"And I thought chopped dates were good, these date crumbles are great!! They come in so handy for just about anything.. salads, muffins, cooked cereals, cookie bars, or just to snack on! They took a good product and went one step farther to make it a great product! Love it! And buying it in a 4-pak is even better!"
paragraph2sentence.train-Reviews-449-2,"These date crumbles are even better than chopped dates and make a great addition to many kinds of food (cereal, salads, etc.)."
paragraph2sentence.train-Reviews-450-1,"This pumpkin spice tea makes a great pitcher of Iced Tea, with a bit of Truvia or Splenda to sweeten it.  The only down side is I couldn't find it after the fall in my area, but now that I found amazon has it, I've got it on a subscription so I'll be sure to have plenty!  Oh, and if you will only use a given flavor occasionally, Bigelow is the way to go, since each Tea Bag is individually foil wrapped to keep it fresh."
paragraph2sentence.train-Reviews-450-2,"Which, in some odd, backhanded way, makes the comfort food, I guess. "
paragraph2sentence.train-Reviews-451-1,"Over a decade ago, Lion's brand coffees were okay (personally I never thought they were as good as some people did; but whatever, they were at least acceptable).  Lately, this brand has tanked to the point of undrinkability.  I would advise you not to waste your money; and advise the Lion's Brand company to reconsider marketing swill to a formerly loyal customer base."
paragraph2sentence.train-Reviews-451-2,The coffee tastes completely burnt so to drink it at all you have completely water down the taste.
paragraph2sentence.train-Reviews-452-1,"I have been using all of Nielsen-Massey's Vanillas over the years and by FAR this is the BEST Tahitian Vanillia you can get at this price.  There are others out there that can range as high as $95.00 for the same general amount, but they are of rare variety which makes them far more expensive for the average baker.  I have been baking since I was 15 years old (47 now) and have used many differnt forms of Vanilla extracts over the years.  My heart and taste lies with Nielsen-Massey."
paragraph2sentence.train-Reviews-452-2,"Recent studies have shown that consumers prefer the taste of artificial vanilla to the naturally-derived taste, which is due to the artificial variety being made from pure vanillin, the same substance that gives the vanilla beans their flavor."
paragraph2sentence.train-Reviews-453-1,"This is my favorite green tea.  I tried many different kinds when I was cutting back on coffee and this was the best.  It is the perfect blend of green tea flavor and jasmine, not too flowery.  It has a wonderful smell as well.  I enjoyed drinking and smelling this tea as much as I had previously enjoyed my first morning coffee.  Also the tea bag material makes it easier to save and rebrew for a second serving."
paragraph2sentence.train-Reviews-453-2,"After I switched from coffee to tea, this green tea has been my go-to choice so much that i look forward to it in the mornings just as much as that first cup of coffee."
paragraph2sentence.train-Reviews-454-1,This is a great sugar replacement.  It is sweet and you can use it in hot and cold foods and for baking.  The main ingredient- xylitol-is good for your teeth.  If you have dogs you need to use caution though as this is dangerous for them.
paragraph2sentence.train-Reviews-454-2,We elders must set an example..Thank You Amazon and all the  stores and fast delivery bundling and easy open packaging.. 
paragraph2sentence.train-Reviews-455-1,"I purchased this popcorn for my roosevelt popper purchased thru tommy's.The packets are so easy to use since there is no measuring.This is by far the best popcorn i have used so far taste as good as movie theatre popcorn,my kids love it as well as my wife.Its a wonderful treat for movie nights."
paragraph2sentence.train-Reviews-455-2,My Roosevelt popcorn popper makes movie theatre-quality popcorn.
paragraph2sentence.train-Reviews-456-1,I have liked every flavour of Harney & Sons tea that I have tried. The peppermint is no exception. It has a very strong/rich flavour that I have found to be lacking in some of the lesser brands of peppermint tea that I have encountered.
paragraph2sentence.train-Reviews-456-2,"Blech, blech, blech. "
paragraph2sentence.train-Reviews-457-1,"High fructose corn syrup costs a few cents less per gallon than real sugar, so that's the sweetener they use here. The good news is they offer Simply Heinz, which is made with real sugar. The taste is noticeably better and while the corn lobby wants you to believe otherwise, my bet is that the real sugar is healthier.  For a condiment that lasts for months, do yourself a favor and spend the extra few cents to get the good stuff."
paragraph2sentence.train-Reviews-457-2,"Simply Heinz contains real sugar instead of high fructose corn syrups, so it's worth the investment since ketchup is kept for months and real sugar tastes better."
paragraph2sentence.train-Reviews-458-1,This was my 1st time trying the Snickers Peanut Butter Squared candy bars.  They were delicious.  I had waited long enough to order them when the heat of summer was gone so they wouldn't melt.  The product was boxed and packaged well.Everything arrived quickly and I used the free shipping so kudos to the seller.  I'd use this seller again.  They were great.
paragraph2sentence.train-Reviews-458-2,"The m&m's candy bars, however, were gross and had a weird mixture of nougat and candy pieces."
paragraph2sentence.train-Reviews-459-1,"The beans I received were just beautiful. I am very happy with this order, and I will definately be ordering more in the future."
paragraph2sentence.train-Reviews-459-2,These beans were good.
paragraph2sentence.train-Reviews-460-1,"You might not think, from reading ingredients, that this cereal has gluten in it, but it does.  While the cereal tastes yummy and has decent nutritional content, if you are gluten-sensitive, stay away.  I tried it twice and both times spent hours doubled over in agony.  I suspect the gluten source has to do with how the oats are processed.  I wish food producers would realize that celiac disease is no joke and be very careful about product labeling.  Are you listening, Nature's Path?"
paragraph2sentence.train-Reviews-460-2,If you like chocolate glazed donuts then this might be for you.  
paragraph2sentence.train-Reviews-461-1,I am obsessed with these granola bars!  They are awesome!  It's ridiculous how many of these I eat.
paragraph2sentence.train-Reviews-461-2,"To me, they actually taste just like a really good brownie mix-- as if somebody took unbaked brownie mix & turned it into a cookie.  "
paragraph2sentence.train-Reviews-462-1,Great  seasoning - full of flavor without chemicals.  We received the product in a very timely way and are enjoying it on our food
paragraph2sentence.train-Reviews-462-2,The seasoning was delivered quickly and tastes great in food because it's so flavorful but without that chemical taste.
paragraph2sentence.train-Reviews-463-1,"I wasn't so sure I would like the spearmint when I ordered this - BUT, I'm happy to say I've grown quite fond of it. I thoroughly enjoy my afternoon pick-me-up at work.  This refreshing green tea has replaced my pm coffee break with about a third of the caffeine.  Just right."
paragraph2sentence.train-Reviews-463-2,"This green tea is a refreshing substitute for coffee, with a third of the caffeine."
paragraph2sentence.train-Reviews-464-1,"I was a bit skeptical.  My wife likes Mojito's in the summer and I'm pretty good at making them.  However, they can be a bit heavy on the sugar/sweet side.This mix was pretty good and easy to make (there was no bad aftertaste, either).  Put it in a tall glass with some ice.  If you're a fan of CL lemonade or other instant drinks, this is a decent substitution or if you just want or have the non-alcoholic versions.  I would purchase this product and use it."
paragraph2sentence.train-Reviews-464-2,This dry mojito mix is a good substitute for the real thing if you're busy and isn't too sweet like mojitos can be when you make them yourself.
paragraph2sentence.train-Reviews-465-1,"When I first discovered this product, and how my Toy Fox Terrier puppy reacted to it, I was thrilled.  It was so hard to get her to slow down and do some productive chewing while I was busy.  However, I did notice that her stool was often a bit loose after eating this puppy goo.  I started stuffing her Kong with kibbles to make sure there was substance and not just the gooey stuff, in hopes that I wouldn't have to take it away from her totally.  It seemed to work for a little while, then suddenly, pools of stool again.  Even when I froze the stuff, it didn't help.  Only gave her one a week, didn't help.  It may be that toy breeds have a difficult time with it and heartier dogs will be fine.  But be cautious.One further note:  I've noticed that the textural contents of the cans vary.  Not sure how or why.  Be wary of expiration dates!"
paragraph2sentence.train-Reviews-465-2,Expiration dates on the dog food cans vary significantly within the same package so be sure to read the labels.
paragraph2sentence.train-Reviews-466-1,"The caramel isn't too bad, it doesn't really taste like caramel, more like a super sweet toffee. It has the consistency of pudding also."
paragraph2sentence.train-Reviews-466-2,"Be sure to brush your teeth after eating, as it will stick to everything."
paragraph2sentence.train-Reviews-467-1,"A friend got me to try this dip.  I wasn't too wild on the idea of onions and horseradish but it turns out this dip is highly addictive.  It's extremely tasty and makes anything taste better.  I am, however, a bit surprised at the price here; Robert Rothschild has a website and the price is considerably lower.  This is my favorite dip."
paragraph2sentence.train-Reviews-467-2,"Does taste a little like cotton candy, not very sweet or premium (as described).  "
paragraph2sentence.train-Reviews-468-1,This product is incredible and very different from the normal canned 'bitter' tomato paste. It is expensive but well worth it for certain uses. I use it exclusively in place of pizza sauce for the pizzas I make at home. It is wonderful. Should be on your 'bucket list.
paragraph2sentence.train-Reviews-468-2,"Unlike the bitter taste you'll get from canned paste, this tomato pastes is incredibly flavorful and great for making pizzas."
paragraph2sentence.train-Reviews-469-1,"We happened to be at Whole Foods and a lovely woman was offering free samples of Violas Hot Jalepeno Jelly. Omg It is fantastic! It's got a definite kick to it but it's not too terribly hot at all. PERFECTION. It's just sweet enough to balance out the hot. It's light and delicious. And best of all, it's not full of all the artificial preservatives and high fructose corn syrup and additives of which most jellies are contaminated.  I LOVE THIS PRODUCT!!!!"
paragraph2sentence.train-Reviews-469-2,Ordinary jelly will not do when making extraordinary sandwiches.
paragraph2sentence.train-Reviews-470-1,"These cookies are good, but are very crumblely.  Even though I like the taste, I will not buy again because they crumble way too much and make a big mess every time you take a bite."
paragraph2sentence.train-Reviews-470-2,I was cleaning up after these cookies for at least an hour.
paragraph2sentence.train-Reviews-471-1,"These newer shortbread cookies from Walkers are so yummy.  I used to buy their regular shortbread fingers in the store and loved them, but these are a bit more rich-tasting and have a wonderful buttery flavor.  The original ones are a little bit harder.  These are a bit more tender.  I recommend them highly."
paragraph2sentence.train-Reviews-471-2,"The new Walkers shortbread cookies are more tender than the original version but have a better, more buttery flavor."
paragraph2sentence.train-Reviews-472-1,"This food works out to be the best dry food for my overweight senior cat. I was trying grain-free foods for a while and he just gained a lot of weight and became constipated. Mixing it with this food helps reduce those problems. My cats do well on it and seem to like the taste of it, too. The small round kibble size is convenient for treat balls and automatic feeders. I feed them wet food twice daily, and then leave portions of the dry food mix out while I'm at work or sleeping so they have something to snack on. I would not recommend feeding exclusively dry food, but if you do feed some then this one seems like a good choice to try."
paragraph2sentence.train-Reviews-472-2,"This food works great with most automatic cat food dispensers, which is ideal for working people or those with busy households."
paragraph2sentence.train-Reviews-473-1,"I like almost every tea I've ever tried (both bagged and loose), but this oolong tea was terrible. It actually tasted like dirt and I had to pour it out. This particular tea bag came in a box called Teas of China and Japan Collection with a variety of other teas. I haven't tried any of the others, and I'm not sure if I will."
paragraph2sentence.train-Reviews-473-2,"They get it right every time, for real."
paragraph2sentence.train-Reviews-474-1,"My cat is not a picky eater and eats nearly anything. However, he really does not like the taste of this food. I wish he did seeing as I spent alot on it but it seems he'd rather go hungry than eat it."
paragraph2sentence.train-Reviews-474-2,My cat does not like this cat food even though he eats almost everything else.
paragraph2sentence.train-Reviews-475-1,"I have been buying these in a local grocery store for double the price listed here. This is a real deal. The taste is worth the extra price, as these are the best tasting energy drink that I've had. The taste is exactly like a Jager-bomb - that is Jagermeister and Red Bull. Exactly."
paragraph2sentence.train-Reviews-475-2,This energy drink is half the price you pay in stores and tastes great - exactly like a Jägerbomb.
paragraph2sentence.train-Reviews-476-1,Upon ordering the Barilla Mezze Penne with Tomato and Basil Sauce I thought this would be a quick lunch to take to work.  Upon receiving this lunch in a box I took it to work and at lunch time popped it into the microwave and folks wanted to know what that delicious aroma was....The box lunch came from Amazon and is definately a great lunch...It is light and delicious and cooks in a minute in microwave.  (Barilla Mezze Penne with Tomato and BAsil Sauce)
paragraph2sentence.train-Reviews-476-2,"The nice reusable tin is filled with plain pods, not individually wrapped, so use them quickly once opened.  "
paragraph2sentence.train-Reviews-477-1,"I'd been looking for an apple preserve and Harvest Song seemed to fit the bill. They've got a wonderfully idyllic print marketing campaign so I thought I'd take a chance.As it turns out, the aluminum lid on the jar has no protective liner. My first 1/8 of a teaspoon was filled with metal! The acid in the jam had corroded the interior of the lid, producing scratch marks that looked like someone scratched it with the tines of a fork.I'm calling Amazon to see if they'll refund on defective food. Really people... run for your lives.UPDATE:I felt a little sick from this product but it cleared up in about 12 hours. When I felt better I called Amazon (through the Contact Us link near the bottom of the page) and received a full refund. Thanks for the great customer service Amazon."
paragraph2sentence.train-Reviews-477-2,"This jam is so acidic that it ate through the metal lid, making the top of the jam filled with metal."
paragraph2sentence.train-Reviews-478-1,Very soft and yummy cookies. I bought these for my gluten-intolerant daughter and wound up liking them myself!  They have other flavors that are also very good. My daughter's favorite is the chocolate chip cookie. I think they're all good. We've also had the apple flavor.
paragraph2sentence.train-Reviews-478-2,"For people with IBS, gluten can cause severe abdominal cramps and, in extreme cases, lead to hospitalization due to dehydration."
paragraph2sentence.train-Reviews-479-1,"This is very good coffee at an excellent price. I like a dark roast and ordered this not realizing that Vienna roast is more of a light roast. If I had ordered a darker roast from them I might have been able to give them 5 stars. In any case, I'm pretty sure I'll order their coffee again -- maybe the Sumatran next time."
paragraph2sentence.train-Reviews-479-2,"The ingredient list is short -- coffee, sugar, potassium bicarbonate and potassium citrate. "
paragraph2sentence.train-Reviews-480-1,"The good news, these are very tasty and pretty filling for 210 calories. The bad news? For nutritional value they're slightly better for you than the average candy bar.  A tasty snack, but don't get the idea that its health food."
paragraph2sentence.train-Reviews-480-2,They would not eat it at all. 
paragraph2sentence.train-Reviews-481-1,"Just had this for the first time at PF Chang's in Sacramento yesterday.  I was utterly amazed at how good it is and I am a tough critic, having been a long-time Earl Grey lover.  It's great with food because the taste is light and refreshing; it's also delicious, by the way.  It's perfect for summertime, perfect frosty cold with lots of ice.  And it's real tea, not a powder.  It smells so good I almost want to wear it! Can you tell?  I LOVE this tea!"
paragraph2sentence.train-Reviews-481-2,"This Earl Grey tea is real tea (not powder) and better than everything else because the taste is delicious, light, and so refreshing."
paragraph2sentence.train-Reviews-482-1,"This is a smoky, creamy, and just very mildly spicy sauce.  If that's what you're looking for you'd likely enjoy it a lot, but for me, it made figuring out just what to do with it a little difficult.  Typically when I make tacos, etc, I just use salsa, sour cream, and sometimes hot sauce, so I'm struggling a bit to figure out where this fits in exactly.  It tastes good, but seems almost unnecessary.  One use that seems to work pretty well is adding it to a taco salad.  It's kind of a nice addition to keep the flavors a bit more interesting and I might keep some around for that.  It could also add a bit of variety to sandwiches if one is in the mood for something a little different than the norm; perhaps on a southwest style Panini or similar.  I might also try it for dipping chicken nuggets or wings, etc.  Overall it seems like a pretty good product, but not something I'd be likely to use daily or even a couple times a week, so I may pick up a bottle every now and then but I probably won't buy a 6-pack of them.  I would rate it perhaps 4 stars on taste but it loses a few points for versatility since it's not really hot sauce, taco sauce, salsa, sandwich spread, or salad dressing, it's kind of something else that I have trouble classifying."
paragraph2sentence.train-Reviews-482-2,"There's a good amount of raisins, but the almonds are rather sparse."
paragraph2sentence.train-Reviews-483-1,"I have been drinking Whey Up since 2007 and I LOVE IT!  There is not another protein energy drink on the market that tastes as good or works as well.  I drink at least one Whey UP a day and can certainly feel my energy levels increase when i drink it before a work out.  It's also been a great source of meal replacement with 20g of protein and again, it tastes GREAT!  I even pack bottles of WHEYUP when I travel and have gone to great measures to get more WHEY UP if i run out.  People who work out should drink WHEYUP for the protein energy boost they get before going to the gym.  I have also pointed out to people that are dieting that they should drink WHEYUP as a meal replacement (once a day) and then keep filling the bottle with water for the rest of the day.  I love that AMAZON is now selling WHEY UP and everyone should try it!"
paragraph2sentence.train-Reviews-483-2,A nice benefit of having a protein shaker is being able to fill it up with water after and keep drinking throughout the day to stay hydrated.
paragraph2sentence.train-Reviews-484-1,"The brownies were not rich, not chocolate chunk...only a few chips on top...much much smaller than the picture...not chewy...soft and mushy like the cheapo ones you get at the grocery store...were in the box in 4 stacks of four and the bottom brownie on each stack was smashed to half size and the rest were all stuck together...the box they came in was beautiful and worth much more than the contents...I paid $32 + $11 shipping for 16 small brownie crumbles that were only worth about $5 if they weren't stuck together...drew was reluctant to give refund, and would only respond to my e-mails with one-sentence Blackberry replies, so I gave up"
paragraph2sentence.train-Reviews-484-2,To me the key to buying this (or almost any item) on amazon is to do a search first.  
paragraph2sentence.train-Reviews-485-1,This drink has a wonderful orange citrus flavor.  It is robust but not too strong.  A great natural alternative to soda.  My 13 year old likes it as well.  Would not hesitate to purchase.
paragraph2sentence.train-Reviews-485-2," If you suffer from heartburn, acid reflux, this is the ideal way to continue enjoying coffee drinking."
paragraph2sentence.train-Reviews-486-1,I have ordered this product through Amazon after finding it was recommended by my veterinarian.  My dogs enjoy it thoroughly and I have re-ordered repeatedly.  No adverse side effects although my dogs chew these up rapidly thus it doesn't last as long as I expected it would.
paragraph2sentence.train-Reviews-486-2,"These dog toys were recommended by my vet and my dogs love them, though the toys don't last as long as I'd like."
paragraph2sentence.train-Reviews-487-1,"This is the best dark cocoa I have ever had!  It makes incredible mochas and hot chocolate and I use hardly any sugar in it (I like it a little bitter) and it makes a mocha better than Starbucks, Ryan Bros, Butch Bros, Peets - anyone.  It makes me feel good knowing there's a lot less sugar,  but I do wonder about the fat content as it seems a lil bit on the high side.  This stuff is the good stuff.  If I could give it 10 stars I would!"
paragraph2sentence.train-Reviews-487-2,This dark cocoa is fantastic and ideal for making better mochas and hot chocolates than what you'll get in any commercial coffee place.
paragraph2sentence.train-Reviews-488-1,"These chocolate bars straddle the line between light, fluffy delicacy and rich, choclate goodness.  I can't recommend these enough as I am completely addicted."
paragraph2sentence.train-Reviews-488-2,These chocolate bars don't sit in your stomach like others do so I can't stop eating them!
paragraph2sentence.train-Reviews-489-1,"I purchased this wine a while back, directions are great. Only problem I had was opening the bags of concentrate! Very difficult, other than that when bottling the wine the flavor is great! We're waiting about 2 months to really let the flavor set in. Everyone at work wanted some wine, thinking this will have to be purchased again soon for a new batch!"
paragraph2sentence.train-Reviews-489-2,I purchased this wine concentrate (which was a bit hard to open) and have been sitting on the wine for two months waiting to drink it -despite the demand from coworkers to try it.
paragraph2sentence.train-Reviews-490-1,"****I enjoy bergamot a lot, but this tea was way too fragrant for me; still it was different and enjoyable to try. The bergamot flavor is strong, not subtle, and a bit overwhelming---it's all you can taste.The ingredients of this tea are premium black teas with pure oil of bergamot---that's all.The manufacturer writes: Oil of bergamot comes from the rind of a citrus fruit which grows very well in the Calabria region of Italy. Pure top quality oil of bergamot is expensive but no blend or man-made flavoring can match the ethereal aroma and finely nuanced flavor of the real thing.Certain Earl Grey fanatics have grown especially fond of the top grade Calabrian oil of bergamot that we use and have asked for more, ..More,... MORE! Thus was born Stash Double Bergamot Earl Grey. In our Double Bergamot Earl Grey tea, the black tea base still serves as a solid foundation for this blend, but the oil of bergamot takes wing and soars to new unprecedented heights. The flavor is quite pronounced but not at all soapy or bitter which would happen with low grade oils. Is the flavor too strong? For a conservative drinker, maybe yes, but more adventurous types really seem to like it.I must not be adventurous enough. I do agree with the manufacturer, though, and it might be the tea for you if you're a huge fan of bergamot and want a lot of it, and I also agree that it tastes pure, not soapy or bitter at all.****"
paragraph2sentence.train-Reviews-490-2,The bergamot does not taste too soapy at all.
paragraph2sentence.train-Reviews-491-1,This is the best Ghee that I have tried but perhaps it is because it is the only Ghee that I have tried!  It tastes more oily than buttery and it doesn't add much flavor to foods which could be a plus or a minus depending on what you are cooking.  I am trying to avoid Casein and this product has been very helpful in sticking to that avoidance!
paragraph2sentence.train-Reviews-491-2,"Although I've only ever tried this Ghee, it seems to do the job but is a bit more oily than butter."
paragraph2sentence.train-Reviews-492-1,I am hooked on this cappuccino - it's a great pick me up in the afternoon without giving me a caffeine rush. The package of 3 boxes was a great price and they didn't take long to get here.
paragraph2sentence.train-Reviews-492-2,This cappuccino is a great afternoon energizer.
paragraph2sentence.train-Reviews-493-1,"This is a tasty little instant coffee. You can smell the light and refreshing mint as soon as you start stirring it up. The chocolate flavor is delicious and the mint is very uplifting. I felt like I was experiencing a little bit of aromatherapy! It's almost a slight menthol sort of fresh, clean, peppermint scent and flavor.While regular hot chocolate is cozy and warm, this has a bit more caffeine from the coffee and with the energizing peppermint added to it, it makes for a really nice afternoon pick-me-up.And compared to getting coffee out at big name coffee shops (as much as I enjoy that coffee too), this is very economical. Gotta love an affordable indulgence! Thank you, Maxwell House!yum! :)"
paragraph2sentence.train-Reviews-493-2,Hot chocolate with whipped cream and maybe a dash of peppermint really hits the spot on a cold winter's day.
paragraph2sentence.train-Reviews-494-1,"I used this flour to make homemade egg noodles, and they were really gross! They smelled like vegetables and tasted even worse. I've made gluten-free noodles before with a white rice flour blend, and they turned out great. I recommend Whole Foods 365 brand or Gluten Free Pantry brand all purpose flours (1st ingredient white rice flour) for cooking and baking. Those blends look and feel more like white flour, and you usually can't even tell the products are gluten free."
paragraph2sentence.train-Reviews-494-2,This gluten-free flour is terrible and makes your allrecipes smell like vegetables and taste even worse.
paragraph2sentence.train-Reviews-495-1,"I received really delicious raw honey and that makes me happy. The texture is really nice and smooth to boot. I did end up finding the product for less at local grocery store, but that was my own error. This is a really great product all around."
paragraph2sentence.train-Reviews-495-2,"This raw honey is a bit more expensive to buy online, but it's too delicious and smooth to pass up."
paragraph2sentence.train-Reviews-496-1,"I'm pretty sure this is the same sauce they use at Taco Bell on the Baja Gordita and Chalupa.  It is pretty mild, so you can use it generously!  The texture is a little thicker than the other Taco Bell sauces, so this works best as a sandwich spread, since it won't run off as easily as the other varities.  I also like it as a hamburger topping, but this is a nice chicken dipping sauce too.  If you're making taco salad, this is the dressing of choice!"
paragraph2sentence.train-Reviews-496-2,This taco sauce's consistency is a bit thicker than Taco Bell's.
paragraph2sentence.train-Reviews-497-1,"Yes!!! I finally found a quality food that all 3 of my cats love! I have tried several others(halo,paul newman,taste of the wild,core,and others)and this is the first one I can tell that they really go wild over.Plus the price is not as high as some of the high quality foods.If they continue to love it this much and get along well with it I will definatley continue to buy this brand.Would have done 5 stars but it is pricey for normal people and kind of inconvenient to always be buying at a pet store or online but I do like it well."
paragraph2sentence.train-Reviews-497-2,Granny smith is the best flavor to get in my opinion. 
paragraph2sentence.train-Reviews-498-1,"We trust Beneful and these days with so many scary stories about dogs getting sick from treats or dog food that is made in China, it is very important to trust. My dog always has an appetite for Beneful. She's been eating it for years and still devours it. I love this 15.5 lb. bag. We just keep it in the garage and scoop it out when it's din-din time. An airtight seal keeps it fresh."
paragraph2sentence.train-Reviews-498-2,"Best of all, thanks to the right blend of fiber, I only need to let my dog out twice a day with no accidents due to upset tummies."
paragraph2sentence.train-Reviews-499-1,I have been ordering Pappy's Sassafras Tea for years. I absolutely love it. I drink it a little stronger than most people.Brings back great childhood memories. Glad that I am finally able to order online. Will order often.
paragraph2sentence.train-Reviews-499-2,"Pappy's sassafras teas are lovely and even after years of drinking them, still bring me back to my childhood."
paragraph2sentence.train-Reviews-500-1,"I bought a Mr. Coffee Frappe maker and use the blended coffee. It makes a first class frappe, albeit a little expensive."
paragraph2sentence.train-Reviews-500-2,"Though a bit expensive, this Mr. Coffee frappe maker makes a great frappe with blended coffee."
