1-num-1,一群孩子在院子里玩耍，一个老人站在后台
1-num-2,一群男孩在院子里玩，一个男人站在后台
2-num-1,一群孩子在屋子里玩，背景没有人站在
2-num-2,一群孩子在院子里玩耍，一个老人站在后台
3-num-1,小男孩在户外玩，男人在附近微笑
3-num-2,孩子们在一个带着微笑的男人附近玩户外玩耍
4-num-1,小男孩在户外玩，男人在附近微笑
4-num-2,没有男孩在户外玩，没有男人微笑
5-num-1,孩子们在一个带着微笑的男人附近玩户外玩耍
5-num-2,一群孩子在院子里玩耍，一个老人站在后台
6-num-1,没有男孩在户外玩，没有男人微笑
6-num-2,一群孩子在院子里玩耍，一个老人站在后台
7-num-1,一群男孩在院子里玩，一个男人站在后台
7-num-2,小男孩在户外玩，男人在附近微笑
8-num-1,一群孩子在屋子里玩，背景没有人站在
8-num-2,小男孩在户外玩，男人在附近微笑
9-num-1,小男孩在户外玩，男人在附近微笑
9-num-2,一群孩子在院子里玩耍，一个老人站在后台
10-num-1,一只棕色的狗正在裤子里的高个子男人面前攻击另一只动物
10-num-2,一只棕色的狗正在穿着裤子的男人面前攻击另一只动物
11-num-1,一只棕色的狗正在穿着裤子的男人面前攻击另一只动物
11-num-2,一只棕色的狗在裤子里帮助另一只动物
12-num-1,两只狗在战斗
12-num-2,两只狗在摔跤和拥抱
13-num-1,两只狗在摔跤和拥抱
13-num-2,没有狗摔跤和拥抱
14-num-1,一只棕色的狗正在穿着裤子的男人面前攻击另一只动物
14-num-2,两只狗在战斗
15-num-1,一只棕色的狗正在穿着裤子的男人面前攻击另一只动物
15-num-2,没有狗摔跤和拥抱
16-num-1,两只狗在摔跤和拥抱
16-num-2,一只棕色的狗正在裤子里的高个子男人面前攻击另一只动物
17-num-1,两只狗在摔跤和拥抱
17-num-2,一只棕色的狗在裤子里帮助另一只动物
18-num-1,一只棕色的狗正在穿着裤子的男人面前攻击另一只动物
18-num-2,两只狗在摔跤和拥抱
19-num-1,穿着黑色外套的人正在摩托车上做技巧
19-num-2,穿着黑色外套的男人正在摩托车上做技巧
20-num-1,黑色外套没有男人在摩托车上做技巧
20-num-2,穿着黑色外套的人正在摩托车上做技巧
21-num-1,穿着黑色外套的人正在摩托车上做技巧
21-num-2,黑色摩托车上的一个人正在用夹克做技巧
22-num-1,熟练的人正在骑自行车在一个轮子上
22-num-2,一个人在一个轮子上骑自行车
23-num-1,没有人在一个轮子上骑自行车
23-num-2,一个人在一个轮子上骑自行车
24-num-1,穿着黑色外套的人正在摩托车上做技巧
24-num-2,熟练的人正在骑自行车在一个轮子上
25-num-1,没有人在一个轮子上骑自行车
25-num-2,穿着黑色外套的人正在摩托车上做技巧
26-num-1,一个人在一个轮子上骑自行车
26-num-2,穿着黑色外套的男人正在摩托车上做技巧
27-num-1,一个人在一个轮子上骑自行车
27-num-2,黑色外套没有男人在摩托车上做技巧
28-num-1,黑色摩托车上的一个人正在用夹克做技巧
28-num-2,一个人在一个轮子上骑自行车
29-num-1,一个人在一个轮子上骑自行车
29-num-2,穿着黑色外套的人正在摩托车上做技巧
30-num-1,一个穿着球衣的男人正在篮球比赛中扣球
30-num-2,球在篮球比赛中被一个球衣扣住了
31-num-1,一个穿着球衣的男人正在篮球比赛中扣球
31-num-2,没有人在篮球比赛中扣球
32-num-1,篮球比赛包括一个球被球衣塞住的球
32-num-2,一个穿着球衣的男人正在篮球比赛中扣球
33-num-1,一个在打篮球的人进入网上，人群在后台
33-num-2,球员将篮球灌入网上，人群在后台
34-num-1,球员缺少篮筐，人群在后台
34-num-2,球员将篮球灌入网上，人群在后台
35-num-1,一个穿着球衣的男人正在篮球比赛中扣球
35-num-2,一个在打篮球的人进入网上，人群在后台
36-num-1,一个穿着球衣的男人正在篮球比赛中扣球
36-num-2,球员缺少篮筐，人群在后台
37-num-1,球员将篮球灌入网上，人群在后台
37-num-2,球在篮球比赛中被一个球衣扣住了
38-num-1,没有人在篮球比赛中扣球
38-num-2,球员将篮球灌入网上，人群在后台
39-num-1,篮球比赛包括一个球被球衣塞住的球
39-num-2,球员将篮球灌入网上，人群在后台
40-num-1,球员将篮球灌入网上，人群在后台
40-num-2,一个穿着球衣的男人正在篮球比赛中扣球
41-num-1,两个人是跆拳道，观众正在观看
41-num-2,两个人在战斗，观众正在看着
42-num-1,两个人是跆拳道，观众没有看
42-num-2,两个人是跆拳道，观众正在观看
43-num-1,两个观众正在跆拳道，有些人在看
43-num-2,两个人是跆拳道，观众正在观看
44-num-1,两名年轻妇女在跆拳道战斗中争吵
44-num-2,两个女人在跆拳道比赛中争吵
45-num-1,两名年轻女性没有在跆拳道战斗中争吵
45-num-2,两个女人在跆拳道比赛中争吵
46-num-1,两个人是跆拳道，观众正在观看
46-num-2,两名年轻妇女在跆拳道战斗中争吵
47-num-1,两个人是跆拳道，观众正在观看
47-num-2,两名年轻女性没有在跆拳道战斗中争吵
48-num-1,两个女人在跆拳道比赛中争吵
48-num-2,两个人在战斗，观众正在看着
49-num-1,两个女人在跆拳道比赛中争吵
49-num-2,两个人是跆拳道，观众没有看
50-num-1,两个观众正在跆拳道，有些人在看
50-num-2,两个女人在跆拳道比赛中争吵
51-num-1,两个人是跆拳道，观众正在观看
51-num-2,两个女人在跆拳道比赛中争吵
52-num-1,穿着红色衬衫的孩子在叶子里玩
52-num-2,穿着红色衬衫的孩子在叶子里玩
53-num-1,穿着红色衬衫的孩子在叶子里玩
53-num-2,穿着红色衬衫的孩子在叶子里睡觉
54-num-1,穿着红色衬衫的孩子在叶子里玩
54-num-2,叶子覆盖的孩子们玩红色衬衫
55-num-1,三个男孩跳在叶子里
55-num-2,三个孩子跳在叶子里
56-num-1,三个孩子坐在叶子里
56-num-2,三个孩子跳在叶子里
57-num-1,三个男孩跳在叶子里
57-num-2,穿着红色衬衫的孩子在叶子里玩
58-num-1,穿着红色衬衫的孩子在叶子里玩
58-num-2,三个孩子坐在叶子里
59-num-1,穿着红色衬衫的孩子在叶子里玩
59-num-2,三个孩子跳在叶子里
60-num-1,穿着红色衬衫的孩子在叶子里睡觉
60-num-2,三个孩子跳在叶子里
61-num-1,叶子覆盖的孩子们玩红色衬衫
61-num-2,三个孩子跳在叶子里
62-num-1,穿着红色衬衫的孩子在叶子里玩
62-num-2,三个孩子跳在叶子里
63-num-1,两个孩子躺在雪地里，正在绘画天使
63-num-2,两个孩子躺在雪地里，正在做雪天使
64-num-1,两个孩子躺在雪地里，正在做雪天使
64-num-2,没有孩子躺在雪地上，做雪天使
65-num-1,两个天使在撒谎的孩子们下雪
65-num-2,两个孩子躺在雪地里，正在做雪天使
66-num-1,两个穿着雪床的人在地上做雪天使
66-num-2,两个晚上的人躺在雪地里，做雪天使
67-num-1,两个晚上的人躺在雪地里，做雪天使
67-num-2,没有人穿着雪雪不是在雪地上做雪天使
68-num-1,两个孩子躺在雪地里，正在做雪天使
68-num-2,两个穿着雪床的人在地上做雪天使
69-num-1,两个孩子躺在雪地里，正在做雪天使
69-num-2,没有人穿着雪雪不是在雪地上做雪天使
70-num-1,两个孩子躺在雪地里，正在绘画天使
70-num-2,两个晚上的人躺在雪地里，做雪天使
71-num-1,没有孩子躺在雪地上，做雪天使
71-num-2,两个晚上的人躺在雪地里，做雪天使
72-num-1,两个晚上的人躺在雪地里，做雪天使
72-num-2,两个天使在撒谎的孩子们下雪
73-num-1,两个孩子躺在雪地里，正在做雪天使
73-num-2,两个晚上的人躺在雪地里，做雪天使
74-num-1,一个小女孩正在看一个穿着服装的女人
74-num-2,一个年轻的女孩正在看一个穿着服装的女人
75-num-1,一个小女孩正在看一个穿着服装的女人
75-num-2,小女孩正在看一个穿着服装的男人
76-num-1,一个小女孩正在看一个穿着服装的女人
76-num-2,一个穿着服装的小女孩看起来像个女人
77-num-1,穿着服装的人正在聚集在森林中，并朝着相同的方向看
77-num-2,被蒙面的人在森林中朝着相同的方向看
78-num-1,穿着服装的人正在聚集在森林中，并朝着相同的方向看
78-num-2,穿着服装的人正在散布在森林中，并正在朝不同的方向看
79-num-1,人们正在看一些在森林附近聚集的服装
79-num-2,穿着服装的人正在聚集在森林中，并朝着相同的方向看
80-num-1,被蒙面的人在森林中朝着相同的方向看
80-num-2,一个小女孩正在看一个穿着服装的女人
81-num-1,一个小女孩正在看一个穿着服装的女人
81-num-2,穿着服装的人正在散布在森林中，并正在朝不同的方向看
82-num-1,一个小女孩正在看一个穿着服装的女人
82-num-2,人们正在看一些在森林附近聚集的服装
83-num-1,一个年轻的女孩正在看一个穿着服装的女人
83-num-2,穿着服装的人正在聚集在森林中，并朝着相同的方向看
84-num-1,穿着服装的人正在聚集在森林中，并朝着相同的方向看
84-num-2,小女孩正在看一个穿着服装的男人
85-num-1,穿着服装的人正在聚集在森林中，并朝着相同的方向看
85-num-2,一个穿着服装的小女孩看起来像个女人
86-num-1,一个小女孩正在看一个穿着服装的女人
86-num-2,穿着服装的人正在聚集在森林中，并朝着相同的方向看
87-num-1,一个孤独的骑自行车的人在空中跳跃
87-num-2,一个骑自行车的人在空中跳来跳去
88-num-1,空中没有骑自行车的人
88-num-2,一个孤独的骑自行车的人在空中跳跃
89-num-1,一个男人跳入一个空的游泳池
89-num-2,一个男人跳入一个空的游泳池
90-num-1,一个男人跳入一个空的游泳池
90-num-2,一个男人跳入一个完整的游泳池
91-num-1,一个男人跳入一个空的游泳池
91-num-2,男人的跳线在空的游泳池里
92-num-1,一个孤独的骑自行车的人在空中跳跃
92-num-2,一个男人跳入一个空的游泳池
93-num-1,一个孤独的骑自行车的人在空中跳跃
93-num-2,一个男人跳入一个完整的游泳池
94-num-1,男人的跳线在空的游泳池里
94-num-2,一个孤独的骑自行车的人在空中跳跃
95-num-1,一个男人跳入一个空的游泳池
95-num-2,一个骑自行车的人在空中跳来跳去
96-num-1,一个男人跳入一个空的游泳池
96-num-2,空中没有骑自行车的人
97-num-1,一个孤独的骑自行车的人在空中跳跃
97-num-2,一个男人跳入一个空的游泳池
98-num-1,四个孩子在公园里做班次
98-num-2,四个孩子在公园里做班次
99-num-1,四个孩子在体育馆里做班子
99-num-2,四个孩子在公园里做班次
100-num-1,四个女孩在做弯腰和在花园里玩耍
100-num-2,四个女孩正在做弯腰和户外比赛
101-num-1,四个女孩正在做弯腰和户外比赛
101-num-2,四个女孩正在做弯腰和室内玩耍
102-num-1,四个女孩在做弯腰和在花园里玩耍
102-num-2,四个孩子在公园里做班次
103-num-1,四个女孩正在做弯腰和室内玩耍
103-num-2,四个孩子在公园里做班次
104-num-1,四个孩子在公园里做班次
104-num-2,四个女孩正在做弯腰和户外比赛
105-num-1,四个孩子在体育馆里做班子
105-num-2,四个女孩正在做弯腰和户外比赛
106-num-1,四个女孩正在做弯腰和户外比赛
106-num-2,四个孩子在公园里做班次
107-num-1,一个正在玩的男人正在奔跑
107-num-2,球员正在和球一起奔跑
108-num-1,球员正在扔球
108-num-2,球员正在和球一起奔跑
109-num-1,两组人正在踢足球
109-num-2,两支球队参加了足球比赛
110-num-1,两支球队参加了足球比赛
110-num-2,两支球队参加了棒球比赛
111-num-1,两支球队参加了足球比赛
111-num-2,足球是由两个竞争的球队踢的
112-num-1,两组人正在踢足球
112-num-2,球员正在和球一起奔跑
113-num-1,两支球队参加了棒球比赛
113-num-2,球员正在和球一起奔跑
114-num-1,球员正在和球一起奔跑
114-num-2,足球是由两个竞争的球队踢的
115-num-1,两支球队参加了足球比赛
115-num-2,一个正在玩的男人正在奔跑
116-num-1,球员正在扔球
116-num-2,两支球队参加了足球比赛
117-num-1,球员正在和球一起奔跑
117-num-2,两支球队参加了足球比赛
118-num-1,五个孩子站在木屋里
118-num-2,五个孩子站在木头制成的小屋前
119-num-1,五个孩子站在木屋里
119-num-2,五个孩子站在一个木屋里
120-num-1,每个孩子的小屋面前五个木架
120-num-2,五个孩子站在木屋里
121-num-1,五个孩子站在一起，一个孩子有枪
121-num-2,五个孩子站在一起，一个孩子有武器
122-num-1,五个孩子站在一起，一个孩子有枪
122-num-2,五个孩子站在一起，没有一个孩子有枪
123-num-1,五个孩子站在木屋里
123-num-2,五个孩子站在一起，一个孩子有武器
124-num-1,五个孩子站在一起，没有一个孩子有枪
124-num-2,五个孩子站在木屋里
125-num-1,五个孩子站在木头制成的小屋前
125-num-2,五个孩子站在一起，一个孩子有枪
126-num-1,五个孩子站在一个木屋里
126-num-2,五个孩子站在一起，一个孩子有枪
127-num-1,每个孩子的小屋面前五个木架
127-num-2,五个孩子站在一起，一个孩子有枪
128-num-1,五个孩子站在木屋里
128-num-2,五个孩子站在一起，一个孩子有枪
129-num-1,一个老人坐在田野里
129-num-2,一个男人坐在田野里
130-num-1,一个男人坐在田野里
130-num-2,一个男人在田野里奔跑
131-num-1,一个人戴帽子，坐在草地上
131-num-2,一个人坐在田野里，戴着帽子
132-num-1,一个人戴帽子，坐在草地上
132-num-2,没有人戴帽子，坐在草地上
133-num-1,一个人坐着，戴着草帽
133-num-2,一个人戴帽子，坐在草地上
134-num-1,一个人坐在田野里，戴着帽子
134-num-2,一个男人坐在田野里
135-num-1,一个男人坐在田野里
135-num-2,没有人戴帽子，坐在草地上
136-num-1,一个人坐着，戴着草帽
136-num-2,一个男人坐在田野里
137-num-1,一个老人坐在田野里
137-num-2,一个人戴帽子，坐在草地上
138-num-1,一个人戴帽子，坐在草地上
138-num-2,一个男人在田野里奔跑
139-num-1,一个男人坐在田野里
139-num-2,一个人戴帽子，坐在草地上
140-num-1,一群朋友在筏子里骑行
140-num-2,一群朋友正在筏子里骑行
141-num-1,一群朋友正在筏子里骑行
141-num-2,一组没有在木筏中骑电流
142-num-1,这群人正在练习水安全并佩戴保留者
142-num-2,一群正在练习水安全的人正在佩戴保护者
143-num-1,没有人在练习水安全和穿着保留者
143-num-2,这群人正在练习水安全并佩戴保留者
144-num-1,一群朋友正在筏子里骑行
144-num-2,一群正在练习水安全的人正在佩戴保护者
145-num-1,没有人在练习水安全和穿着保留者
145-num-2,一群朋友正在筏子里骑行
146-num-1,一群朋友在筏子里骑行
146-num-2,这群人正在练习水安全并佩戴保留者
147-num-1,一组没有在木筏中骑电流
147-num-2,这群人正在练习水安全并佩戴保留者
148-num-1,一群朋友正在筏子里骑行
148-num-2,这群人正在练习水安全并佩戴保留者
149-num-1,鹿跳过篱笆
149-num-2,鹿正在围栏上跳跃
150-num-1,鹿跳过篱笆
150-num-2,鹿没有跳过篱笆
151-num-1,一只野鹿跳了篱笆
151-num-2,鹿正在跳篱笆
152-num-1,鹿正在跳篱笆
152-num-2,没有鹿跳跃的围栏
153-num-1,一只野鹿跳了篱笆
153-num-2,鹿跳过篱笆
154-num-1,没有鹿跳跃的围栏
154-num-2,鹿跳过篱笆
155-num-1,鹿正在围栏上跳跃
155-num-2,鹿正在跳篱笆
156-num-1,鹿正在跳篱笆
156-num-2,鹿没有跳过篱笆
157-num-1,鹿跳过篱笆
157-num-2,鹿正在跳篱笆
158-num-1,人们在一个有许多壁画的建筑物外行走
158-num-2,人们在大楼外行走，上面有几个壁画
159-num-1,人们正在走进有许多壁画的建筑物
159-num-2,人们在一个有许多壁画的建筑物外行走
160-num-1,有几个人在建筑物前面被颜色覆盖
160-num-2,几个人在一栋丰富多彩的建筑物面前
161-num-1,几个人在一栋丰富多彩的建筑物面前
161-num-2,没有人在五颜六色的建筑物面前
162-num-1,有几个人在建筑物前面被颜色覆盖
162-num-2,人们在一个有许多壁画的建筑物外行走
163-num-1,人们在一个有许多壁画的建筑物外行走
163-num-2,没有人在五颜六色的建筑物面前
164-num-1,人们在大楼外行走，上面有几个壁画
164-num-2,几个人在一栋丰富多彩的建筑物面前
165-num-1,几个人在一栋丰富多彩的建筑物面前
165-num-2,人们正在走进有许多壁画的建筑物
166-num-1,人们在一个有许多壁画的建筑物外行走
166-num-2,几个人在一栋丰富多彩的建筑物面前
167-num-1,一个男孩正在打棒球
167-num-2,一个孩子正在打棒球
168-num-1,一个孩子正在打棒球
168-num-2,一个孩子缺少棒球
169-num-1,一个家庭正在看一个正在打棒球的小男孩
169-num-2,一个家庭正在看着一个打棒球的男孩
170-num-1,一个家庭正在看一个正在打棒球的小男孩
170-num-2,一个家庭正在看一个失踪棒球的小男孩
171-num-1,一个小男孩正在看一个击打棒球的家庭
171-num-2,一个家庭正在看一个正在打棒球的小男孩
172-num-1,一个家庭正在看着一个打棒球的男孩
172-num-2,一个孩子正在打棒球
173-num-1,一个孩子正在打棒球
173-num-2,一个家庭正在看一个失踪棒球的小男孩
174-num-1,一个小男孩正在看一个击打棒球的家庭
174-num-2,一个孩子正在打棒球
175-num-1,一个家庭正在看一个正在打棒球的小男孩
175-num-2,一个男孩正在打棒球
176-num-1,一个孩子缺少棒球
176-num-2,一个家庭正在看一个正在打棒球的小男孩
177-num-1,一个家庭正在看一个正在打棒球的小男孩
177-num-2,一个孩子正在打棒球
178-num-1,一大批亚洲人在一家餐厅吃饭
178-num-2,一群来自亚洲的人正在一家餐馆吃饭
179-num-1,一大批亚洲人在一家餐厅吃饭
179-num-2,一小群人正在等待在餐厅吃饭
180-num-1,一大批亚洲人在一家餐厅吃饭
180-num-2,一群亚洲餐厅里的一群人正在吃饭
181-num-1,各种各样的人在一家拥挤的餐厅里用紫色灯的红桌在红桌子里吃饭
181-num-2,各种各样的顾客在一家拥挤的餐厅用紫色的餐厅吃饭
182-num-1,很少有人在没有灯光的餐厅里的红桌子里吃饭
182-num-2,各种各样的人在一家拥挤的餐厅里用紫色灯的红桌在红桌子里吃饭
183-num-1,一群紫色的人正在用各种红色照明餐厅桌子吃饭
183-num-2,各种各样的人在一家拥挤的餐厅里用紫色灯的红桌在红桌子里吃饭
184-num-1,一大批亚洲人在一家餐厅吃饭
184-num-2,各种各样的顾客在一家拥挤的餐厅用紫色的餐厅吃饭
185-num-1,很少有人在没有灯光的餐厅里的红桌子里吃饭
185-num-2,一大批亚洲人在一家餐厅吃饭
186-num-1,一群紫色的人正在用各种红色照明餐厅桌子吃饭
186-num-2,一大批亚洲人在一家餐厅吃饭
187-num-1,一群来自亚洲的人正在一家餐馆吃饭
187-num-2,各种各样的人在一家拥挤的餐厅里用紫色灯的红桌在红桌子里吃饭
188-num-1,各种各样的人在一家拥挤的餐厅里用紫色灯的红桌在红桌子里吃饭
188-num-2,一小群人正在等待在餐厅吃饭
189-num-1,一群亚洲餐厅里的一群人正在吃饭
189-num-2,各种各样的人在一家拥挤的餐厅里用紫色灯的红桌在红桌子里吃饭
190-num-1,一大批亚洲人在一家餐厅吃饭
190-num-2,各种各样的人在一家拥挤的餐厅里用紫色灯的红桌在红桌子里吃饭
191-num-1,摩托车骑手站在白色摩托车的座位上
191-num-2,一辆摩托车站在车辆座位上
192-num-1,摩托车骑手站在白色摩托车的座位上
192-num-2,没有摩托车骑手站在摩托车的座位上
193-num-1,有人在黑白摩托车上，站在座位上
193-num-2,骑手骑着黑白自行车，站在座位上
194-num-1,没有人骑摩托车，站在座位上
194-num-2,有人在黑白摩托车上，站在座位上
195-num-1,骑手骑着黑白自行车，站在座位上
195-num-2,摩托车骑手站在白色摩托车的座位上
196-num-1,没有人骑摩托车，站在座位上
196-num-2,摩托车骑手站在白色摩托车的座位上
197-num-1,有人在黑白摩托车上，站在座位上
197-num-2,一辆摩托车站在车辆座位上
198-num-1,有人在黑白摩托车上，站在座位上
198-num-2,没有摩托车骑手站在摩托车的座位上
199-num-1,有人在黑白摩托车上，站在座位上
199-num-2,摩托车骑手站在白色摩托车的座位上
200-num-1,一名摩托车手正在沿着道路危险地骑摩托车
200-num-2,摩托车手正在沿着道路骑摩托车
201-num-1,没有摩托车手沿着道路骑摩托车
201-num-2,摩托车手正在沿着道路骑摩托车
202-num-1,一个带有头盔的男人在路上骑着蓝色的摩托车
202-num-2,带有红色头盔的摩托车手正在道路上骑蓝色摩托车
203-num-1,带有红色头盔的摩托车手正在道路上骑蓝色摩托车
203-num-2,没有头盔的摩托车手正在路附近的蓝色摩托车上等待
204-num-1,一个带有头盔的男人在路上骑着蓝色的摩托车
204-num-2,摩托车手正在沿着道路骑摩托车
205-num-1,没有头盔的摩托车手正在路附近的蓝色摩托车上等待
205-num-2,摩托车手正在沿着道路骑摩托车
206-num-1,带有红色头盔的摩托车手正在道路上骑蓝色摩托车
206-num-2,一名摩托车手正在沿着道路危险地骑摩托车
207-num-1,没有摩托车手沿着道路骑摩托车
207-num-2,带有红色头盔的摩托车手正在道路上骑蓝色摩托车
208-num-1,带有红色头盔的摩托车手正在道路上骑蓝色摩托车
208-num-2,摩托车手正在沿着道路骑摩托车
209-num-1,一只狗在空中抓住一根棍子，另一只狗在看着
209-num-2,一只狗在空中高高跳跃，另一只狗在看着
210-num-1,空中没有狗跳
210-num-2,一只狗在空中高高跳跃，另一只狗在看着
211-num-1,两只狗在树上玩耍
211-num-2,两只狗在植物玩耍
212-num-1,两只狗在树上玩耍
212-num-2,两只狗在树上睡觉
213-num-1,一只狗在空中高高跳跃，另一只狗在看着
213-num-2,两只狗在植物玩耍
214-num-1,一只狗在空中高高跳跃，另一只狗在看着
214-num-2,两只狗在树上睡觉
215-num-1,两只狗在树上玩耍
215-num-2,一只狗在空中抓住一根棍子，另一只狗在看着
216-num-1,两只狗在树上玩耍
216-num-2,空中没有狗跳
217-num-1,两只狗在树上玩耍
217-num-2,一只狗在空中高高跳跃，另一只狗在看着
218-num-1,一个白色的女孩在跳舞
218-num-2,一个女孩穿着白色衣服，正在跳舞
219-num-1,没有白色跳舞的女孩
219-num-2,一个白色的女孩在跳舞
220-num-1,舞者在音响设备前跳舞
220-num-2,金发女孩在音响设备前跳舞
221-num-1,金发女郎在音响设备后面跳舞
221-num-2,金发女孩在音响设备前跳舞
222-num-1,金发女孩在音响设备前跳舞
222-num-2,金发舞女孩面前的设备是合理的
223-num-1,一个白色的女孩在跳舞
223-num-2,舞者在音响设备前跳舞
224-num-1,一个白色的女孩在跳舞
224-num-2,金发女郎在音响设备后面跳舞
225-num-1,金发舞女孩面前的设备是合理的
225-num-2,一个白色的女孩在跳舞
226-num-1,一个女孩穿着白色衣服，正在跳舞
226-num-2,金发女孩在音响设备前跳舞
227-num-1,金发女孩在音响设备前跳舞
227-num-2,没有白色跳舞的女孩
228-num-1,一个白色的女孩在跳舞
228-num-2,金发女孩在音响设备前跳舞
229-num-1,一个家庭的孩子正在耐心地玩耍和等待
229-num-2,一个家庭的孩子在玩耍和等待
230-num-1,一个家庭的孩子在玩耍和等待
230-num-2,没有孩子在玩和等待
231-num-1,三个亚洲孩子在跳舞，一个认真的男人正在寻找
231-num-2,三个亚洲孩子在跳舞，一个男人正在寻找
232-num-1,三个亚洲孩子在跳舞，一个男人正在寻找
232-num-2,三个亚洲孩子在跳舞，没有男人看着
233-num-1,三个亚洲孩子在跳舞，一个男人正在寻找
233-num-2,一个亚洲男人正在跳舞，三个孩子正在寻找
234-num-1,一个家庭的孩子在玩耍和等待
234-num-2,三个亚洲孩子在跳舞，一个认真的男人正在寻找
235-num-1,一个家庭的孩子在玩耍和等待
235-num-2,三个亚洲孩子在跳舞，没有男人看着
236-num-1,一个家庭的孩子在玩耍和等待
236-num-2,一个亚洲男人正在跳舞，三个孩子正在寻找
237-num-1,一个家庭的孩子正在耐心地玩耍和等待
237-num-2,三个亚洲孩子在跳舞，一个男人正在寻找
238-num-1,没有孩子在玩和等待
238-num-2,三个亚洲孩子在跳舞，一个男人正在寻找
239-num-1,三个亚洲孩子在跳舞，一个男人正在寻找
239-num-2,一个家庭的孩子在玩耍和等待
240-num-1,一个女人的头上戴着埃及帽子
240-num-2,一个女人戴着埃及头饰
241-num-1,一个女人戴着埃及头饰
241-num-2,一个女人戴着印度头饰
242-num-1,一个女人戴着埃及头饰
242-num-2,埃及人戴着女人的头饰
243-num-1,女人戴着眼镜和黑色头饰
243-num-2,那个戴着黑色帽子的女人戴着太阳镜
244-num-1,女人没有戴眼镜或头饰
244-num-2,女人戴着眼镜和黑色头饰
245-num-1,黑人妇女在头饰上戴眼镜
245-num-2,女人戴着眼镜和黑色头饰
246-num-1,一个女人戴着埃及头饰
246-num-2,那个戴着黑色帽子的女人戴着太阳镜
247-num-1,女人没有戴眼镜或头饰
247-num-2,一个女人戴着埃及头饰
248-num-1,黑人妇女在头饰上戴眼镜
248-num-2,一个女人戴着埃及头饰
249-num-1,一个女人的头上戴着埃及帽子
249-num-2,女人戴着眼镜和黑色头饰
250-num-1,一个女人戴着印度头饰
250-num-2,女人戴着眼镜和黑色头饰
251-num-1,女人戴着眼镜和黑色头饰
251-num-2,埃及人戴着女人的头饰
252-num-1,女人戴着眼镜和黑色头饰
252-num-2,一个女人戴着埃及头饰
253-num-1,徒步旅行者在山顶上，正在做一个快乐的舞蹈
253-num-2,徒步旅行者在山顶上，正在跳舞
254-num-1,徒步旅行者在山顶上，正在跳舞
254-num-2,山顶上没有徒步旅行者跳舞
255-num-1,一个人在一些树上高高的岩石上，站在一个不舒服的位置
255-num-2,一个人在一些树上高高的岩石上，站在一个奇怪的位置
256-num-1,在岩石上方没有人站在一些奇怪的位置上的岩石上
256-num-2,一个人在一些树上高高的岩石上，站在一个奇怪的位置
257-num-1,徒步旅行者在山顶上，正在跳舞
257-num-2,一个人在一些树上高高的岩石上，站在一个不舒服的位置
258-num-1,徒步旅行者在山顶上，正在跳舞
258-num-2,在岩石上方没有人站在一些奇怪的位置上的岩石上
259-num-1,一个人在一些树上高高的岩石上，站在一个奇怪的位置
259-num-2,徒步旅行者在山顶上，正在做一个快乐的舞蹈
260-num-1,山顶上没有徒步旅行者跳舞
260-num-2,一个人在一些树上高高的岩石上，站在一个奇怪的位置
261-num-1,一个人在一些树上高高的岩石上，站在一个奇怪的位置
261-num-2,徒步旅行者在山顶上，正在跳舞
262-num-1,一个女牛仔骑着棕色马，正在转弯桶
262-num-2,一个女牛仔骑马，拐弯枪管
263-num-1,牛仔正在骑马，转弯桶
263-num-2,一个女牛仔骑马，拐弯枪管
264-num-1,一个女牛仔在角落的一匹马附近骑着桶
264-num-2,一个女牛仔骑马，拐弯枪管
265-num-1,棕色马很近牛仔竞技
265-num-2,棕色马在牛仔竞技表演的红桶附近
266-num-1,棕色马在牛仔竞技表演的红桶附近
266-num-2,棕色马远离牛仔竞技场的红色桶
267-num-1,棕色马很近牛仔竞技
267-num-2,一个女牛仔骑马，拐弯枪管
268-num-1,棕色马远离牛仔竞技场的红色桶
268-num-2,一个女牛仔骑马，拐弯枪管
269-num-1,一个女牛仔骑着棕色马，正在转弯桶
269-num-2,棕色马在牛仔竞技表演的红桶附近
270-num-1,牛仔正在骑马，转弯桶
270-num-2,棕色马在牛仔竞技表演的红桶附近
271-num-1,棕色马在牛仔竞技表演的红桶附近
271-num-2,一个女牛仔在角落的一匹马附近骑着桶
272-num-1,一个女牛仔骑马，拐弯枪管
272-num-2,棕色马在牛仔竞技表演的红桶附近
273-num-1,一个男孩站在冷水中
273-num-2,一个男孩站在水里
274-num-1,一个男孩站在水边
274-num-2,一个男孩站在水里
275-num-1,这个孩子在蓝色的海洋中游泳
275-num-2,这个男孩在蓝色的海洋中涉水
276-num-1,这个男孩坐在蓝色的海洋附近
276-num-2,这个男孩在蓝色的海洋中涉水
277-num-1,一个男孩站在水里
277-num-2,这个孩子在蓝色的海洋中游泳
278-num-1,一个男孩站在水里
278-num-2,这个男孩坐在蓝色的海洋附近
279-num-1,这个男孩在蓝色的海洋中涉水
279-num-2,一个男孩站在冷水中
280-num-1,一个男孩站在水边
280-num-2,这个男孩在蓝色的海洋中涉水
281-num-1,一个男孩站在水里
281-num-2,这个男孩在蓝色的海洋中涉水
282-num-1,一个熟练的人在舞台上弹吉他
282-num-2,一个男人在舞台上弹吉他
283-num-1,一个男人在舞台上弹吉他
283-num-2,没有男人在舞台上弹吉他
284-num-1,一个人有金发和苍蝇的头发，正在弹吉他
284-num-2,吉他手有金发和苍蝇的头发
285-num-1,秃头的人正在弹吉他
285-num-2,一个人有金发和苍蝇的头发，正在弹吉他
286-num-1,一个男人在舞台上弹吉他
286-num-2,吉他手有金发和苍蝇的头发
287-num-1,一个男人在舞台上弹吉他
287-num-2,秃头的人正在弹吉他
288-num-1,一个熟练的人在舞台上弹吉他
288-num-2,一个人有金发和苍蝇的头发，正在弹吉他
289-num-1,没有男人在舞台上弹吉他
289-num-2,一个人有金发和苍蝇的头发，正在弹吉他
290-num-1,一个男人在舞台上弹吉他
290-num-2,一个人有金发和苍蝇的头发，正在弹吉他
291-num-1,几个孩子坐下来抬起膝盖
291-num-2,几个孩子躺着，抬起膝盖
292-num-1,几个孩子坐下来抬起膝盖
292-num-2,几个孩子站起来
293-num-1,两个年轻女孩坐在地上
293-num-2,两个女孩坐在地上
294-num-1,两个女孩躺在地上
294-num-2,两个女孩坐在地上
295-num-1,两个年轻女孩坐在地上
295-num-2,几个孩子坐下来抬起膝盖
296-num-1,两个女孩躺在地上
296-num-2,几个孩子坐下来抬起膝盖
297-num-1,几个孩子躺着，抬起膝盖
297-num-2,两个女孩坐在地上
298-num-1,几个孩子站起来
298-num-2,两个女孩坐在地上
299-num-1,几个孩子坐下来抬起膝盖
299-num-2,两个女孩坐在地上
300-num-1,一位裸体女士在身体油漆中的许多人面前行走
300-num-2,一位裸体女士在人体绘画中的人群前行走
301-num-1,一位裸体女士在人体绘画中的人群前行走
301-num-2,人群面前没有女士在身体油漆中行走
302-num-1,一位裸体女士在人体绘画中的人群前行走
302-num-2,身体油漆中的裸体人群正在一位女士面前行走
303-num-1,一个年轻的裸照女人被油漆覆盖
303-num-2,裸照女孩被油漆覆盖
304-num-1,一个古老的裸照女人被油漆覆盖
304-num-2,一个年轻的裸照女人被油漆覆盖
305-num-1,一位裸体女士在人体绘画中的人群前行走
305-num-2,裸照女孩被油漆覆盖
306-num-1,一个古老的裸照女人被油漆覆盖
306-num-2,一位裸体女士在人体绘画中的人群前行走
307-num-1,一个年轻的裸照女人被油漆覆盖
307-num-2,一位裸体女士在身体油漆中的许多人面前行走
308-num-1,人群面前没有女士在身体油漆中行走
308-num-2,一个年轻的裸照女人被油漆覆盖
309-num-1,身体油漆中的裸体人群正在一位女士面前行走
309-num-2,一个年轻的裸照女人被油漆覆盖
310-num-1,一位裸体女士在人体绘画中的人群前行走
310-num-2,一个年轻的裸照女人被油漆覆盖
311-num-1,一群人在海边
311-num-2,一群人在水边
312-num-1,一群人在水边
312-num-2,一群人离水很远
313-num-1,一群穿着制服的孩子站在大门，一个人亲吻母亲
313-num-2,一群穿着相同衣服的孩子在大门等着，一个人在亲吻母亲
314-num-1,一群穿着制服的孩子站在大门，没有人亲吻母亲
314-num-2,一群穿着制服的孩子站在大门，一个人亲吻母亲
315-num-1,一群穿着制服的母亲站在孩子们附近，一个人在亲吻大门
315-num-2,一群穿着制服的孩子站在大门，一个人亲吻母亲
316-num-1,一群人在水边
316-num-2,一群穿着相同衣服的孩子在大门等着，一个人在亲吻母亲
317-num-1,一群穿着制服的孩子站在大门，没有人亲吻母亲
317-num-2,一群人在水边
318-num-1,一群穿着制服的母亲站在孩子们附近，一个人在亲吻大门
318-num-2,一群人在水边
319-num-1,一群人在海边
319-num-2,一群穿着制服的孩子站在大门，一个人亲吻母亲
320-num-1,一群人离水很远
320-num-2,一群穿着制服的孩子站在大门，一个人亲吻母亲
321-num-1,一群人在水边
321-num-2,一群穿着制服的孩子站在大门，一个人亲吻母亲
322-num-1,一个男人在停车场，正在大墙上打网球
322-num-2,一个孤独的男人在一个停车场，正在大墙上打网球
323-num-1,一个男人在停车场，正在大墙上打网球
323-num-2,一个男人在停车场，正在与朋友打网球
324-num-1,一个人指着一辆银轿车
324-num-2,一个男人指着汽车
325-num-1,一个人指着一辆银轿车
325-num-2,没有人指着汽车
326-num-1,一个男人指着汽车
326-num-2,一个男人在停车场，正在大墙上打网球
327-num-1,一个男人在停车场，正在大墙上打网球
327-num-2,没有人指着汽车
328-num-1,一个人指着一辆银轿车
328-num-2,一个孤独的男人在一个停车场，正在大墙上打网球
329-num-1,一个男人在停车场，正在与朋友打网球
329-num-2,一个人指着一辆银轿车
330-num-1,一个人指着一辆银轿车
330-num-2,一个男人在停车场，正在大墙上打网球
331-num-1,一群人在海滩上
331-num-2,一群人在海边
332-num-1,一群人在海滩上
332-num-2,一群人在山上
333-num-1,一个男人，一个女人和两个女孩在海滩上行走
333-num-2,四个人在海滩上行走
334-num-1,一个男人，一个女人和两个女孩在海滩上行走
334-num-2,一个男人，一个女人和两个女孩坐在海滩上
335-num-1,一群人在海滩上
335-num-2,四个人在海滩上行走
336-num-1,一个男人，一个女人和两个女孩坐在海滩上
336-num-2,一群人在海滩上
337-num-1,一个男人，一个女人和两个女孩在海滩上行走
337-num-2,一群人在海边
338-num-1,一个男人，一个女人和两个女孩在海滩上行走
338-num-2,一群人在山上
339-num-1,一个男人，一个女人和两个女孩在海滩上行走
339-num-2,一群人在海滩上
340-num-1,一个带有黑色袋子的女学生在拥挤的火车上
340-num-2,一个有黑色袋子的女孩在拥挤的火车上
341-num-1,没有女孩在拥挤的火车上有黑色袋子
341-num-2,一个有黑色袋子的女孩在拥挤的火车上
342-num-1,一个有黑色袋子的女孩在拥挤的火车上
342-num-2,狭窄的黑火车在一个女孩的袋子上
343-num-1,人群中的一个亚洲女人正在携带一个黑色的袋子
343-num-2,许多人中间的一个亚洲妇女正在携带一个黑色的袋子
344-num-1,人群中的一个亚洲妇女没有拿着黑色的袋子
344-num-2,人群中的一个亚洲女人正在携带一个黑色的袋子
345-num-1,许多人中间的一个亚洲妇女正在携带一个黑色的袋子
345-num-2,一个有黑色袋子的女孩在拥挤的火车上
346-num-1,一个有黑色袋子的女孩在拥挤的火车上
346-num-2,人群中的一个亚洲妇女没有拿着黑色的袋子
347-num-1,一个带有黑色袋子的女学生在拥挤的火车上
347-num-2,人群中的一个亚洲女人正在携带一个黑色的袋子
348-num-1,没有女孩在拥挤的火车上有黑色袋子
348-num-2,人群中的一个亚洲女人正在携带一个黑色的袋子
349-num-1,人群中的一个亚洲女人正在携带一个黑色的袋子
349-num-2,狭窄的黑火车在一个女孩的袋子上
350-num-1,一个有黑色袋子的女孩在拥挤的火车上
350-num-2,人群中的一个亚洲女人正在携带一个黑色的袋子
351-num-1,狗正在追逐另一只狗，并在嘴里握住一根棍子
351-num-2,一条狗正在追逐另一只狗，并在嘴里拿着一块木头
352-num-1,没有狗在追逐另一只狗或在嘴里握住棍子
352-num-2,狗正在追逐另一只狗，并在嘴里握住一根棍子
353-num-1,狗正在追逐另一只狗，并在嘴里握住一根棍子
353-num-2,一只狗正在追逐一根棍子，把另一只狗抱在嘴里
354-num-1,两只狗正在跑步和携带玩具
354-num-2,两只狗在嘴里奔跑并携带一个物体
355-num-1,没有狗在嘴里跑来携带一个物体
355-num-2,两只狗在嘴里奔跑并携带一个物体
356-num-1,两只狗正在跑步和携带玩具
356-num-2,狗正在追逐另一只狗，并在嘴里握住一根棍子
357-num-1,没有狗在嘴里跑来携带一个物体
357-num-2,狗正在追逐另一只狗，并在嘴里握住一根棍子
358-num-1,一条狗正在追逐另一只狗，并在嘴里拿着一块木头
358-num-2,两只狗在嘴里奔跑并携带一个物体
359-num-1,没有狗在追逐另一只狗或在嘴里握住棍子
359-num-2,两只狗在嘴里奔跑并携带一个物体
360-num-1,两只狗在嘴里奔跑并携带一个物体
360-num-2,一只狗正在追逐一根棍子，把另一只狗抱在嘴里
361-num-1,狗正在追逐另一只狗，并在嘴里握住一根棍子
361-num-2,两只狗在嘴里奔跑并携带一个物体
362-num-1,一个肮脏的足球正在进入进球网
362-num-2,足球正在进入进球网
363-num-1,足球没有进入进球网
363-num-2,足球正在进入进球网
364-num-1,一个踢足球的人正在将球踢进球
364-num-2,足球运动员将球踢进球
365-num-1,足球运动员正在踢球
365-num-2,足球运动员将球踢进球
366-num-1,一个踢足球的人正在将球踢进球
366-num-2,足球正在进入进球网
367-num-1,足球正在进入进球网
367-num-2,足球运动员正在踢球
368-num-1,一个肮脏的足球正在进入进球网
368-num-2,足球运动员将球踢进球
369-num-1,足球运动员将球踢进球
369-num-2,足球没有进入进球网
370-num-1,足球正在进入进球网
370-num-2,足球运动员将球踢进球
371-num-1,一个男人在椅子上躺在椅子上擦眼睛
371-num-2,一个男人坐在椅子上擦眼睛
372-num-1,一个男人坐在椅子上擦眼睛
372-num-2,没有男人坐在椅子上擦眼睛
373-num-1,一个有纹身的男人在沙发上闲逛，拿着铅笔
373-num-2,一个纹身的男人在沙发上，拿着铅笔
374-num-1,一个有纹身的男人在沙发上闲逛，拿着铅笔
374-num-2,一个有纹身的男人在沙发上闲逛，正在寻找铅笔
375-num-1,一个有纹身的男人用铅笔拿着沙发
375-num-2,一个有纹身的男人在沙发上闲逛，拿着铅笔
376-num-1,一个男人坐在椅子上擦眼睛
376-num-2,一个纹身的男人在沙发上，拿着铅笔
377-num-1,一个男人坐在椅子上擦眼睛
377-num-2,一个有纹身的男人在沙发上闲逛，正在寻找铅笔
378-num-1,一个有纹身的男人用铅笔拿着沙发
378-num-2,一个男人坐在椅子上擦眼睛
379-num-1,一个男人在椅子上躺在椅子上擦眼睛
379-num-2,一个有纹身的男人在沙发上闲逛，拿着铅笔
380-num-1,一个有纹身的男人在沙发上闲逛，拿着铅笔
380-num-2,没有男人坐在椅子上擦眼睛
381-num-1,一个有纹身的男人在沙发上闲逛，拿着铅笔
381-num-2,一个男人坐在椅子上擦眼睛
382-num-1,一只棕色和白狗穿过高大的草
382-num-2,一只棕色和白狗正在野草移动
383-num-1,一只棕色和白狗在草地上休息
383-num-2,一只棕色和白狗穿过高大的草
384-num-1,一只白色和棕褐色的狗正在高大而绿色的草丛中奔跑
384-num-2,一只白色和棕褐色的狗在田野里奔跑
385-num-1,一只黑色和棕褐色的狗正在低谷和绿草
385-num-2,一只白色和棕褐色的狗正在高大而绿色的草丛中奔跑
386-num-1,一只白色和棕褐色的狗在田野里奔跑
386-num-2,一只棕色和白狗穿过高大的草
387-num-1,一只棕色和白狗穿过高大的草
387-num-2,一只黑色和棕褐色的狗正在低谷和绿草
388-num-1,一只棕色和白狗正在野草移动
388-num-2,一只白色和棕褐色的狗正在高大而绿色的草丛中奔跑
389-num-1,一只白色和棕褐色的狗正在高大而绿色的草丛中奔跑
389-num-2,一只棕色和白狗在草地上休息
390-num-1,一只白色和棕褐色的狗正在高大而绿色的草丛中奔跑
390-num-2,一只棕色和白狗穿过高大的草
391-num-1,一个穿着油漆覆盖衣服的男人坐在外面繁忙的地方写东西
391-num-2,一个男人穿着被油漆覆盖的衣服，坐在外面繁忙的地方写东西
392-num-1,没有男人穿的衣服被油漆覆盖，或者坐在外面繁忙的地方写东西
392-num-2,一个男人穿着被油漆覆盖的衣服，坐在外面繁忙的地方写东西
393-num-1,一个坐着的人正忙着在油漆覆盖的区域写东西
393-num-2,一个男人穿着被油漆覆盖的衣服，坐在外面繁忙的地方写东西
394-num-1,一个男人坐在骑自行车附近，正在写笔记
394-num-2,一个男人站在自行车附近，正在写一张纸上
395-num-1,一个男人坐在骑自行车附近，正在写笔记
395-num-2,没有男人在自行车附近写纸条
396-num-1,一个男人穿着被油漆覆盖的衣服，坐在外面繁忙的地方写东西
396-num-2,一个男人站在自行车附近，正在写一张纸上
397-num-1,没有男人在自行车附近写纸条
397-num-2,一个男人穿着被油漆覆盖的衣服，坐在外面繁忙的地方写东西
398-num-1,一个男人坐在骑自行车附近，正在写笔记
398-num-2,一个穿着油漆覆盖衣服的男人坐在外面繁忙的地方写东西
399-num-1,没有男人穿的衣服被油漆覆盖，或者坐在外面繁忙的地方写东西
399-num-2,一个男人坐在骑自行车附近，正在写笔记
400-num-1,一个男人坐在骑自行车附近，正在写笔记
400-num-2,一个坐着的人正忙着在油漆覆盖的区域写东西
401-num-1,一个男人坐在骑自行车附近，正在写笔记
401-num-2,一个男人穿着被油漆覆盖的衣服，坐在外面繁忙的地方写东西
402-num-1,一群童子军正在草地上远足
402-num-2,一群探险家在草地上行走
403-num-1,一群童子军在草地上露营
403-num-2,一群童子军正在草地上远足
404-num-1,有些人在走路
404-num-2,人们在走路
405-num-1,有些人在走路
405-num-2,有些人站着
406-num-1,一群童子军正在草地上远足
406-num-2,人们在走路
407-num-1,有些人站着
407-num-2,一群童子军正在草地上远足
408-num-1,一群探险家在草地上行走
408-num-2,有些人在走路
409-num-1,有些人在走路
409-num-2,一群童子军在草地上露营
410-num-1,一群童子军正在草地上远足
410-num-2,有些人在走路
411-num-1,有两个男人在一条雪道上的旅行中休息一下
411-num-2,有两个男人在一条被雪覆盖的道路上休息一下
412-num-1,有两个男人在一条雪道上的旅行中休息一下
412-num-2,两个人在一条白雪皑皑的路上行走
413-num-1,有两个男人在一条雪道上的旅行中休息一下
413-num-2,两名男子在一条白雪皑皑的道路上旅行中闯入汽车
414-num-1,两个男人拿着自行车，站在一条雪的路边
414-num-2,两个有自行车的人在一条雪道的一侧
415-num-1,两个有自行车的人在一条雪道的一侧
415-num-2,两个有汽车的人在一条雪道的一侧
416-num-1,有两个男人在一条雪道上的旅行中休息一下
416-num-2,两个男人拿着自行车，站在一条雪的路边
417-num-1,有两个男人在一条雪道上的旅行中休息一下
417-num-2,两个有汽车的人在一条雪道的一侧
418-num-1,两个有自行车的人在一条雪道的一侧
418-num-2,有两个男人在一条被雪覆盖的道路上休息一下
419-num-1,两个有自行车的人在一条雪道的一侧
419-num-2,两个人在一条白雪皑皑的路上行走
420-num-1,两个有自行车的人在一条雪道的一侧
420-num-2,两名男子在一条白雪皑皑的道路上旅行中闯入汽车
421-num-1,两个有自行车的人在一条雪道的一侧
421-num-2,有两个男人在一条雪道上的旅行中休息一下
422-num-1,两个人拿着钓鱼杆和钓鱼铲
422-num-2,两个人拿着钓鱼竿
423-num-1,两个人没有握住钓鱼杆
423-num-2,两个人拿着钓鱼竿
424-num-1,两个人站在水边，握住钓鱼杆
424-num-2,两个人站在水边，拿着用于钓鱼的工具
425-num-1,没有人站在水边，拿着钓鱼杆
425-num-2,两个人站在水边，握住钓鱼杆
426-num-1,两个人在钓鱼杆附近拿着一些水站立
426-num-2,两个人站在水边，握住钓鱼杆
427-num-1,两个人拿着钓鱼竿
427-num-2,两个人站在水边，拿着用于钓鱼的工具
428-num-1,没有人站在水边，拿着钓鱼杆
428-num-2,两个人拿着钓鱼竿
429-num-1,两个人拿着钓鱼竿
429-num-2,两个人在钓鱼杆附近拿着一些水站立
430-num-1,两个人站在水边，握住钓鱼杆
430-num-2,两个人拿着钓鱼杆和钓鱼铲
431-num-1,两个人没有握住钓鱼杆
431-num-2,两个人站在水边，握住钓鱼杆
432-num-1,两个人站在水边，握住钓鱼杆
432-num-2,两个人拿着钓鱼竿
433-num-1,头盔女孩正在骑自行车
433-num-2,戴着头盔的女孩正在骑自行车
434-num-1,头盔女孩正在骑自行车
434-num-2,头盔女孩正在骑自行车
435-num-1,一个女人在骑自行车的坡道上表演窍门
435-num-2,女人正在骑自行车跳跃
436-num-1,一个女人在骑自行车的坡道上表演窍门
436-num-2,一个女人正在用汽车在坡道上表演窍门
437-num-1,女人正在骑自行车跳跃
437-num-2,头盔女孩正在骑自行车
438-num-1,头盔女孩正在骑自行车
438-num-2,一个女人正在用汽车在坡道上表演窍门
439-num-1,戴着头盔的女孩正在骑自行车
439-num-2,一个女人在骑自行车的坡道上表演窍门
440-num-1,头盔女孩正在骑自行车
440-num-2,一个女人在骑自行车的坡道上表演窍门
441-num-1,一个女人在骑自行车的坡道上表演窍门
441-num-2,头盔女孩正在骑自行车
442-num-1,一个金发女孩正在冲浪
442-num-2,一个金发女孩正在骑海浪
443-num-1,一个金发女孩正在骑海浪
443-num-2,一个金发女孩正在看海浪
444-num-1,一个金发女孩正在骑海浪
444-num-2,一个金发女孩骑行时挥手
445-num-1,一位女士正在冲浪和骑
445-num-2,女人正在冲浪
446-num-1,一位女士正在冲浪和骑
446-num-2,一个男孩正在冲浪和骑
447-num-1,女人正在冲浪
447-num-2,一个金发女孩正在骑海浪
448-num-1,一个男孩正在冲浪和骑
448-num-2,一个金发女孩正在骑海浪
449-num-1,一位女士正在冲浪和骑
449-num-2,一个金发女孩正在冲浪
450-num-1,一位女士正在冲浪和骑
450-num-2,一个金发女孩正在看海浪
451-num-1,一个金发女孩骑行时挥手
451-num-2,一位女士正在冲浪和骑
452-num-1,一位女士正在冲浪和骑
452-num-2,一个金发女孩正在骑海浪
453-num-1,两个孩子和一个成人站在树肢旁边
453-num-2,三个人站在树四肢旁边
454-num-1,两个孩子和一个成人站在树肢旁边
454-num-2,两个孩子和一个成人不在树四肢旁边
455-num-1,两个孩子挂在一个大分支上
455-num-2,两个孩子正在爬树
456-num-1,没有孩子挂在一个大的分支上
456-num-2,两个孩子挂在一个大分支上
457-num-1,两个孩子和一个成人站在树肢旁边
457-num-2,两个孩子正在爬树
458-num-1,两个孩子和一个成人站在树肢旁边
458-num-2,没有孩子挂在一个大的分支上
459-num-1,三个人站在树四肢旁边
459-num-2,两个孩子挂在一个大分支上
460-num-1,两个孩子挂在一个大分支上
460-num-2,两个孩子和一个成人不在树四肢旁边
461-num-1,两个孩子和一个成人站在树肢旁边
461-num-2,两个孩子挂在一个大分支上
462-num-1,一个穿着黑色的男人正在骑自行车
462-num-2,一个男人在自行车上表演技巧
463-num-1,没有穿黑色的男人骑着绿色的自行车
463-num-2,一个穿着黑色的男人正在骑自行车
464-num-1,一个绿色的黑人正在骑自行车
464-num-2,一个穿着黑色的男人正在骑自行车
465-num-1,一个男人在绿色自行车上表演特技
465-num-2,一个男人在绿色的自行车上表演技巧
466-num-1,一个男人在绿色的自行车上表演技巧
466-num-2,没有男人在绿色自行车上执行技巧
467-num-1,一个穿着黑色的男人正在骑自行车
467-num-2,一个男人在绿色自行车上表演特技
468-num-1,没有男人在绿色自行车上执行技巧
468-num-2,一个穿着黑色的男人正在骑自行车
469-num-1,一个男人在绿色的自行车上表演技巧
469-num-2,一个男人在自行车上表演技巧
470-num-1,没有穿黑色的男人骑着绿色的自行车
470-num-2,一个男人在绿色的自行车上表演技巧
471-num-1,一个男人在绿色的自行车上表演技巧
471-num-2,一个绿色的黑人正在骑自行车
472-num-1,一个男人在绿色的自行车上表演技巧
472-num-2,一个穿着黑色的男人正在骑自行车
473-num-1,一个男孩拿着喷枪
473-num-2,一个孩子拿着喷枪
474-num-1,没有孩子拿着喷枪
474-num-2,一个孩子拿着喷枪
475-num-1,一个笑的孩子拿着水枪并喷水
475-num-2,一个用喷水的枪的孩子在笑，被其他男孩击中
476-num-1,没有孩子拿着水枪或喷水
476-num-2,一个笑的孩子拿着水枪并喷水
477-num-1,一个用喷水的枪的孩子在笑，被其他男孩击中
477-num-2,一个孩子拿着喷枪
478-num-1,一个孩子拿着喷枪
478-num-2,没有孩子拿着水枪或喷水
479-num-1,一个男孩拿着喷枪
479-num-2,一个笑的孩子拿着水枪并喷水
480-num-1,没有孩子拿着喷枪
480-num-2,一个笑的孩子拿着水枪并喷水
481-num-1,一个笑的孩子拿着水枪并喷水
481-num-2,一个孩子拿着喷枪
482-num-1,两只棕色的狗正在为红球打架，并在草地上玩耍
482-num-2,两只棕色的狗正在用红色玩具战斗，并在草地上玩耍
483-num-1,两只棕色的狗正在为红球打架，并在草地上玩耍
483-num-2,没有狗玩红球
484-num-1,两个腊肠犬正在玩红球
484-num-2,两只狗在玩一个小红球
485-num-1,两只猫在玩红球
485-num-2,两个腊肠犬正在玩红球
486-num-1,两只棕色的狗正在为红球打架，并在草地上玩耍
486-num-2,两只狗在玩一个小红球
487-num-1,两只猫在玩红球
487-num-2,两只棕色的狗正在为红球打架，并在草地上玩耍
488-num-1,两个腊肠犬正在玩红球
488-num-2,两只棕色的狗正在用红色玩具战斗，并在草地上玩耍
489-num-1,没有狗玩红球
489-num-2,两个腊肠犬正在玩红球
490-num-1,两个腊肠犬正在玩红球
490-num-2,两只棕色的狗正在为红球打架，并在草地上玩耍
491-num-1,黑白狗在奔跑，一个人站在身后
491-num-2,黑白的狗正在奔跑，一个人站在它的后面
492-num-1,黑白狗在奔跑，一个人站在身后
492-num-2,黑白狗没有奔跑，没有人站在后面
493-num-1,一个黑人沿着白色架子奔跑，一只狗在他身后吠叫
493-num-2,黑白狗在奔跑，一个人站在身后
494-num-1,一只小狗在冲刺，拥有它的人正在试图抓住它
494-num-2,一只小狗正在冲刺，其主人正试图抓住它
495-num-1,一只小狗正在放慢脚步，主人正在戒烟
495-num-2,一只小狗正在冲刺，其主人正试图抓住它
496-num-1,黑白狗在奔跑，一个人站在身后
496-num-2,一只小狗在冲刺，拥有它的人正在试图抓住它
497-num-1,黑白狗在奔跑，一个人站在身后
497-num-2,一只小狗正在放慢脚步，主人正在戒烟
498-num-1,黑白的狗正在奔跑，一个人站在它的后面
498-num-2,一只小狗正在冲刺，其主人正试图抓住它
499-num-1,黑白狗没有奔跑，没有人站在后面
499-num-2,一只小狗正在冲刺，其主人正试图抓住它
500-num-1,一个黑人沿着白色架子奔跑，一只狗在他身后吠叫
500-num-2,一只小狗正在冲刺，其主人正试图抓住它
501-num-1,黑白狗在奔跑，一个人站在身后
501-num-2,一只小狗正在冲刺，其主人正试图抓住它
502-num-1,一个男人舒适地坐在桌子旁
502-num-2,一个人舒适地坐在桌子旁
503-num-1,一个男人不舒适地坐在桌子旁
503-num-2,一个男人舒适地坐在桌子旁
504-num-1,一个男人坐着，桌子舒适地讨论
504-num-2,一个男人舒适地坐在桌子旁
505-num-1,一个穿着染色黑衬衫的男人坐在桌子旁笑着
505-num-2,一个黑色衬衫正在坐在桌子旁笑着的男人穿着
506-num-1,一个穿着染色黑衬衫的男人坐在桌子旁笑着
506-num-2,没有男人穿着黑色衬衫的男人，坐在桌子旁笑着
507-num-1,一个笑着的男人正在涂在桌子上的黑色衬衫，你不能坐在
507-num-2,一个穿着染色黑衬衫的男人坐在桌子旁笑着
508-num-1,一个黑色衬衫正在坐在桌子旁笑着的男人穿着
508-num-2,一个男人舒适地坐在桌子旁
509-num-1,一个男人舒适地坐在桌子旁
509-num-2,没有男人穿着黑色衬衫的男人，坐在桌子旁笑着
510-num-1,一个男人舒适地坐在桌子旁
510-num-2,一个笑着的男人正在涂在桌子上的黑色衬衫，你不能坐在
511-num-1,一个穿着染色黑衬衫的男人坐在桌子旁笑着
511-num-2,一个人舒适地坐在桌子旁
512-num-1,一个穿着染色黑衬衫的男人坐在桌子旁笑着
512-num-2,一个男人不舒适地坐在桌子旁
513-num-1,一个男人坐着，桌子舒适地讨论
513-num-2,一个穿着染色黑衬衫的男人坐在桌子旁笑着
514-num-1,一个男人舒适地坐在桌子旁
514-num-2,一个穿着染色黑衬衫的男人坐在桌子旁笑着
515-num-1,一个穿着粉红色蟒蛇的女人正在骑自行车，沿着为行人建造的桥梁
515-num-2,一个穿着粉红色围巾的女人正在骑自行车，沿着为行人建造的桥梁
516-num-1,一个正在脱下粉红色蟒蛇的女人正在为行人建造的桥梁上的骑自行车
516-num-2,一个穿着粉红色蟒蛇的女人正在骑自行车，沿着为行人建造的桥梁
517-num-1,一个穿着粉红色蟒蛇的女人正在骑自行车，沿着为行人建造的桥梁
517-num-2,一名行人妇女正在为BOA穿着骑手制造粉红色的自行车
518-num-1,那个穿着银色裤子，粉红色的铃铛和粉红色围巾的女人很高兴骑自行车
518-num-2,那个穿着银色裤子，粉红色的铃铛和粉红色围巾的女人正在骑自行车
519-num-1,那个穿着银色裤子，粉红色的铃铛和粉红色围巾的女人没有骑自行车
519-num-2,那个穿着银色裤子，粉红色的铃铛和粉红色围巾的女人正在骑自行车
520-num-1,那个穿着银色裤子，粉红色的铃铛和粉红色围巾的女人正在骑自行车
520-num-2,粉红色的铃铛和粉红色的围巾不会被带有银色裤子或骑自行车的女性穿着
521-num-1,那个穿着银色裤子，粉红色的铃铛和粉红色围巾的女人很高兴骑自行车
521-num-2,一个穿着粉红色蟒蛇的女人正在骑自行车，沿着为行人建造的桥梁
522-num-1,一个穿着粉红色蟒蛇的女人正在骑自行车，沿着为行人建造的桥梁
522-num-2,那个穿着银色裤子，粉红色的铃铛和粉红色围巾的女人没有骑自行车
523-num-1,一个穿着粉红色蟒蛇的女人正在骑自行车，沿着为行人建造的桥梁
523-num-2,粉红色的铃铛和粉红色的围巾不会被带有银色裤子或骑自行车的女性穿着
524-num-1,一个穿着粉红色围巾的女人正在骑自行车，沿着为行人建造的桥梁
524-num-2,那个穿着银色裤子，粉红色的铃铛和粉红色围巾的女人正在骑自行车
525-num-1,那个穿着银色裤子，粉红色的铃铛和粉红色围巾的女人正在骑自行车
525-num-2,一个正在脱下粉红色蟒蛇的女人正在为行人建造的桥梁上的骑自行车
526-num-1,那个穿着银色裤子，粉红色的铃铛和粉红色围巾的女人正在骑自行车
526-num-2,一名行人妇女正在为BOA穿着骑手制造粉红色的自行车
527-num-1,一个穿着粉红色蟒蛇的女人正在骑自行车，沿着为行人建造的桥梁
527-num-2,那个穿着银色裤子，粉红色的铃铛和粉红色围巾的女人正在骑自行车
528-num-1,一个骑自行车的人穿着黑色的齿轮
528-num-2,骑自行车的人穿着黑色的齿轮
529-num-1,骑自行车的人赤裸裸
529-num-2,骑自行车的人穿着黑色的齿轮
530-num-1,骑自行车的人穿着黑色的齿轮
530-num-2,骑着黑色的骑自行车的人打破齿轮
531-num-1,一个正在推动自行车的男人戴着黑色头盔
531-num-2,一个人戴着黑色头盔，推动自行车
532-num-1,没有男人戴着黑色头盔，推动自行车
532-num-2,一个人戴着黑色头盔，推动自行车
533-num-1,一个人戴着黑色头盔，推动自行车
533-num-2,一个男人正在将头盔推向黑色自行车的另一个​​头盔
534-num-1,一个正在推动自行车的男人戴着黑色头盔
534-num-2,骑自行车的人穿着黑色的齿轮
535-num-1,骑自行车的人穿着黑色的齿轮
535-num-2,没有男人戴着黑色头盔，推动自行车
536-num-1,一个男人正在将头盔推向黑色自行车的另一个​​头盔
536-num-2,骑自行车的人穿着黑色的齿轮
537-num-1,一个骑自行车的人穿着黑色的齿轮
537-num-2,一个人戴着黑色头盔，推动自行车
538-num-1,一个人戴着黑色头盔，推动自行车
538-num-2,骑自行车的人赤裸裸
539-num-1,一个人戴着黑色头盔，推动自行车
539-num-2,骑着黑色的骑自行车的人打破齿轮
540-num-1,骑自行车的人穿着黑色的齿轮
540-num-2,一个人戴着黑色头盔，推动自行车
541-num-1,穿着灰色T恤的男人坐在瀑布前的岩石上
541-num-2,穿着T恤的男人染了灰色，坐在瀑布前的岩石上
542-num-1,穿着灰色T恤的男人坐在瀑布前的岩石上
542-num-2,没有男人穿着灰色T恤坐在瀑布前的岩石上
543-num-1,穿着灰色T恤的男人坐在瀑布前的岩石上
543-num-2,一个摇杆坐在一件T恤上，前面有一个男人在灰色的瀑布上
544-num-1,一个女人坐着看瀑布
544-num-2,一个女人坐着看着瀑布
545-num-1,一个女人站着，没有看着瀑布
545-num-2,一个女人坐着看着瀑布
546-num-1,一个女人坐着看着瀑布
546-num-2,有人坐在瀑布上，看着一个女人
547-num-1,穿着灰色T恤的男人坐在瀑布前的岩石上
547-num-2,一个女人坐着看瀑布
548-num-1,一个女人站着，没有看着瀑布
548-num-2,穿着灰色T恤的男人坐在瀑布前的岩石上
549-num-1,穿着灰色T恤的男人坐在瀑布前的岩石上
549-num-2,有人坐在瀑布上，看着一个女人
550-num-1,穿着T恤的男人染了灰色，坐在瀑布前的岩石上
550-num-2,一个女人坐着看着瀑布
551-num-1,没有男人穿着灰色T恤坐在瀑布前的岩石上
551-num-2,一个女人坐着看着瀑布
552-num-1,一个女人坐着看着瀑布
552-num-2,一个摇杆坐在一件T恤上，前面有一个男人在灰色的瀑布上
553-num-1,一个女人坐着看着瀑布
553-num-2,穿着灰色T恤的男人坐在瀑布前的岩石上
554-num-1,一只狗，是棕色的，黑色的狗在草地上赛跑
554-num-2,一只狗，是棕色的，黑色的狗在草丛中奔跑
555-num-1,一只狗，是棕色的，黑色的狗在草丛中奔跑
555-num-2,草地上没有狗
556-num-1,一个黑人在棕色的草丛中奔跑，跑狗
556-num-2,一只狗，是棕色的，黑色的狗在草丛中奔跑
557-num-1,一只深黑狗和一只浅棕色的狗在后面的院子里玩耍
557-num-2,一只黑色的黑狗和一只浅棕色的狗在后院玩
558-num-1,一只黑色的黑狗和一只浅棕色的狗在后院玩
558-num-2,一只深黑狗和一只浅棕色的狗在后院战斗
559-num-1,后院的灯在黑暗的棕色和黑狗上扮演技巧
559-num-2,一只黑色的黑狗和一只浅棕色的狗在后院玩
560-num-1,一只深黑狗和一只浅棕色的狗在后面的院子里玩耍
560-num-2,一只狗，是棕色的，黑色的狗在草丛中奔跑
561-num-1,一只深黑狗和一只浅棕色的狗在后院战斗
561-num-2,一只狗，是棕色的，黑色的狗在草丛中奔跑
562-num-1,后院的灯在黑暗的棕色和黑狗上扮演技巧
562-num-2,一只狗，是棕色的，黑色的狗在草丛中奔跑
563-num-1,一只狗，是棕色的，黑色的狗在草地上赛跑
563-num-2,一只黑色的黑狗和一只浅棕色的狗在后院玩
564-num-1,草地上没有狗
564-num-2,一只黑色的黑狗和一只浅棕色的狗在后院玩
565-num-1,一只黑色的黑狗和一只浅棕色的狗在后院玩
565-num-2,一个黑人在棕色的草丛中奔跑，跑狗
566-num-1,一只狗，是棕色的，黑色的狗在草丛中奔跑
566-num-2,一只黑色的黑狗和一只浅棕色的狗在后院玩
567-num-1,一只棕色和白色外套的狗正在浅水
567-num-2,一只带有白色和棕色外套的狗正在穿过浅水。
568-num-1,一只棕色和白色外套的狗坐在浅水中
568-num-2,一只棕色和白色外套的狗正在浅水
569-num-1,一只棕色和白色外套的狗正在浅水
569-num-2,棕色和白色的外套漂浮在小跑狗附近的浅水上
570-num-1,一只白狗和棕色的狗困难地穿过水中
570-num-2,一只白狗和棕色的狗难以在水中起诉
571-num-1,一只白狗和棕色的狗困难地穿过水中
571-num-2,没有白色和棕色的狗在水上难度
572-num-1,一个白人正在困难地walking狗穿过棕色水
572-num-2,一只白狗和棕色的狗困难地穿过水中
573-num-1,一只白狗和棕色的狗难以在水中起诉
573-num-2,一只棕色和白色外套的狗正在浅水
574-num-1,一只棕色和白色外套的狗正在浅水
574-num-2,没有白色和棕色的狗在水上难度
575-num-1,一个白人正在困难地walking狗穿过棕色水
575-num-2,一只棕色和白色外套的狗正在浅水
576-num-1,一只带有白色和棕色外套的狗正在穿过浅水。
576-num-2,一只白狗和棕色的狗困难地穿过水中
577-num-1,一只棕色和白色外套的狗坐在浅水中
577-num-2,一只白狗和棕色的狗困难地穿过水中
578-num-1,一只白狗和棕色的狗困难地穿过水中
578-num-2,棕色和白色的外套漂浮在小跑狗附近的浅水上
579-num-1,一只白狗和棕色的狗困难地穿过水中
579-num-2,一只棕色和白色外套的狗正在浅水
580-num-1,一群男孩在一个由木头制成的大门前玩球
580-num-2,一群男孩在一个木头制成的大门前玩球
581-num-1,一群男孩在一个木头制成的大门前很安静
581-num-2,一群男孩在一个由木头制成的大门前玩球
582-num-1,一群男孩在一个由木头制成的大门前玩球
582-num-2,一个由木头制成的球正在通过大批男孩面前的一扇门播放
583-num-1,孩子们在门前玩耍，这很大
583-num-2,孩子们在大门前玩
584-num-1,孩子们没有在大门面前玩耍
584-num-2,孩子们在大门前玩
585-num-1,一群男孩在一个由木头制成的大门前玩球
585-num-2,孩子们在门前玩耍，这很大
586-num-1,孩子们没有在大门面前玩耍
586-num-2,一群男孩在一个由木头制成的大门前玩球
587-num-1,一群男孩在一个木头制成的大门前玩球
587-num-2,孩子们在大门前玩
588-num-1,孩子们在大门前玩
588-num-2,一群男孩在一个木头制成的大门前很安静
589-num-1,孩子们在大门前玩
589-num-2,一个由木头制成的球正在通过大批男孩面前的一扇门播放
590-num-1,一群男孩在一个由木头制成的大门前玩球
590-num-2,孩子们在大门前玩
591-num-1,一个女人正在摘下一个非常大的斗篷，并露出奢侈的衣服
591-num-2,一个女人正在摘下一个非常大的斗篷，露出奢华的服装
592-num-1,一个女人正在摘下一个非常大的斗篷，并露出奢侈的衣服
592-num-2,一个女人正在戴上斗篷，这很大，掩盖了一件奢侈的衣服
593-num-1,一个女人穿着黑色，红色，白色和粉红色的连衣裙
593-num-2,一个女人穿着黑色，红色，白色和粉红色的连衣裙。
594-num-1,女人没有黑色，红色，白色和粉红色的衣服
594-num-2,一个女人穿着黑色，红色，白色和粉红色的连衣裙
595-num-1,一个女人穿着黑色，红色，白色和粉红色的连衣裙。
595-num-2,一个女人正在摘下一个非常大的斗篷，并露出奢侈的衣服
596-num-1,女人没有黑色，红色，白色和粉红色的衣服
596-num-2,一个女人正在摘下一个非常大的斗篷，并露出奢侈的衣服
597-num-1,一个女人穿着黑色，红色，白色和粉红色的连衣裙
597-num-2,一个女人正在摘下一个非常大的斗篷，露出奢华的服装
598-num-1,一个女人正在戴上斗篷，这很大，掩盖了一件奢侈的衣服
598-num-2,一个女人穿着黑色，红色，白色和粉红色的连衣裙
599-num-1,一个女人正在摘下一个非常大的斗篷，并露出奢侈的衣服
599-num-2,一个女人穿着黑色，红色，白色和粉红色的连衣裙
600-num-1,十几岁的女孩穿着红色的珠子
600-num-2,一个十几岁的女孩穿着红色的珠子
601-num-1,一个十几岁的女孩正在存放红色的珠子
601-num-2,一个十几岁的女孩穿着红色的珠子
602-num-1,一个十几岁的女孩穿着红色的珠子
602-num-2,女孩喜欢红色，不为青少年戴珠子
603-num-1,一位浅棕色头发的年轻女士穿着红色项链，运动衫和耳环，在微笑
603-num-2,一位年轻的女士，浅棕色的头发，穿着红色项链，运动衫和耳环，在微笑
604-num-1,一位浅棕色头发的年轻女士穿着红色项链，运动衫和耳环，在微笑
604-num-2,没有浅棕色头发的小姐，穿着红色项链，运动衫和耳环和微笑
605-num-1,一位浅棕色头发的年轻女士穿着红色项链，运动衫和耳环，在微笑
605-num-2,一件红色的运动衫，上面有一个微笑的女士，适合戴着浅棕色的头发，耳环和项链
606-num-1,一位年轻的女士，浅棕色的头发，穿着红色项链，运动衫和耳环，在微笑
606-num-2,一个十几岁的女孩穿着红色的珠子
607-num-1,一个十几岁的女孩穿着红色的珠子
607-num-2,没有浅棕色头发的小姐，穿着红色项链，运动衫和耳环和微笑
608-num-1,一个十几岁的女孩穿着红色的珠子
608-num-2,一件红色的运动衫，上面有一个微笑的女士，适合戴着浅棕色的头发，耳环和项链
609-num-1,一位浅棕色头发的年轻女士穿着红色项链，运动衫和耳环，在微笑
609-num-2,十几岁的女孩穿着红色的珠子
610-num-1,一个十几岁的女孩正在存放红色的珠子
610-num-2,一位浅棕色头发的年轻女士穿着红色项链，运动衫和耳环，在微笑
611-num-1,女孩喜欢红色，不为青少年戴珠子
611-num-2,一位浅棕色头发的年轻女士穿着红色项链，运动衫和耳环，在微笑
612-num-1,一位浅棕色头发的年轻女士穿着红色项链，运动衫和耳环，在微笑
612-num-2,一个十几岁的女孩穿着红色的珠子
613-num-1,一个男孩正在爬上人工攀爬的墙壁，并附着在绳索上
613-num-2,一个男孩毫不费力地爬上一个人为攀爬的墙壁，并附着在绳索上
614-num-1,一个男孩正在爬上人工攀爬的墙壁，并附着在绳索上
614-num-2,一个男孩正在人工攀爬的墙壁下来，绳索不附带
615-num-1,一个男孩正在爬上人工攀爬的墙壁，并附着在绳索上
615-num-2,墙上的一个登山者与人工建造的绳子相连
616-num-1,一个可怕的小男孩在攀岩墙上
616-num-2,一个看上去很恐惧的小男孩正在攀岩上。
617-num-1,一个可怕的小男孩在攀岩墙上
617-num-2,一个可怕的小男孩在地上
618-num-1,一个攀登男孩从墙上救出了可怕的猫
618-num-2,一个可怕的小男孩在攀岩墙上
619-num-1,一个男孩正在爬上人工攀爬的墙壁，并附着在绳索上
619-num-2,一个看上去很恐惧的小男孩正在攀岩上。
620-num-1,一个男孩正在爬上人工攀爬的墙壁，并附着在绳索上
620-num-2,一个可怕的小男孩在地上
621-num-1,一个男孩正在爬上人工攀爬的墙壁，并附着在绳索上
621-num-2,一个攀登男孩从墙上救出了可怕的猫
622-num-1,一个可怕的小男孩在攀岩墙上
622-num-2,一个男孩毫不费力地爬上一个人为攀爬的墙壁，并附着在绳索上
623-num-1,一个男孩正在人工攀爬的墙壁下来，绳索不附带
623-num-2,一个可怕的小男孩在攀岩墙上
624-num-1,墙上的一个登山者与人工建造的绳子相连
624-num-2,一个可怕的小男孩在攀岩墙上
625-num-1,一个男孩正在爬上人工攀爬的墙壁，并附着在绳索上
625-num-2,一个可怕的小男孩在攀岩墙上
626-num-1,一个爸爸正在将女儿推入游泳池
626-num-2,父亲正在游泳池里发射女儿
627-num-1,父亲正在游泳池里发射女儿
627-num-2,父亲正在游泳池中带走他的女儿
628-num-1,父亲在女儿发射期间在游泳池里
628-num-2,父亲正在游泳池里发射女儿
629-num-1,该男子正在将一个孩子扔进海洋附近的游泳池
629-num-2,一个人正在将一个孩子扔进海洋附近的游泳池
630-num-1,一个男人不是把孩子扔进海洋附近的游泳池
630-num-2,该男子正在将一个孩子扔进海洋附近的游泳池
631-num-1,该男子正在将一个孩子扔进海洋附近的游泳池
631-num-2,一个在海洋中游泳的孩子正在将硬币扔进游泳池，靠近那个男人
632-num-1,一个人正在将一个孩子扔进海洋附近的游泳池
632-num-2,父亲正在游泳池里发射女儿
633-num-1,一个男人不是把孩子扔进海洋附近的游泳池
633-num-2,父亲正在游泳池里发射女儿
634-num-1,一个在海洋中游泳的孩子正在将硬币扔进游泳池，靠近那个男人
634-num-2,父亲正在游泳池里发射女儿
635-num-1,一个爸爸正在将女儿推入游泳池
635-num-2,该男子正在将一个孩子扔进海洋附近的游泳池
636-num-1,父亲正在游泳池中带走他的女儿
636-num-2,该男子正在将一个孩子扔进海洋附近的游泳池
637-num-1,父亲在女儿发射期间在游泳池里
637-num-2,该男子正在将一个孩子扔进海洋附近的游泳池
638-num-1,父亲正在游泳池里发射女儿
638-num-2,该男子正在将一个孩子扔进海洋附近的游泳池
639-num-1,一个人用绳子爬上悬崖
639-num-2,一个人用绳子爬一个悬崖
640-num-1,一个人正在用绳子下降悬崖
640-num-2,一个人用绳子爬一个悬崖
641-num-1,社交登山者正在将一个男人绑在悬崖上
641-num-2,一个人用绳子爬一个悬崖
642-num-1,一个人正在用绳子爬一块岩石，这是粉红色的
642-num-2,一块岩石是由绳索攀登的，这是粉红色的
643-num-1,一个人站在带绳子的岩石前，那是粉红色
643-num-2,一个人正在用绳子爬一块岩石，这是粉红色的
644-num-1,一个人正在用绳子爬一块岩石，这是粉红色的
644-num-2,一个带粉红色攀岩齿轮的人绳子
645-num-1,一块岩石是由绳索攀登的，这是粉红色的
645-num-2,一个人用绳子爬一个悬崖
646-num-1,一个人用绳子爬一个悬崖
646-num-2,一个人站在带绳子的岩石前，那是粉红色
647-num-1,一个人用绳子爬一个悬崖
647-num-2,一个带粉红色攀岩齿轮的人绳子
648-num-1,一个人正在用绳子爬一块岩石，这是粉红色的
648-num-2,一个人用绳子爬上悬崖
649-num-1,一个人正在用绳子爬一块岩石，这是粉红色的
649-num-2,一个人正在用绳子下降悬崖
650-num-1,一个人正在用绳子爬一块岩石，这是粉红色的
650-num-2,社交登山者正在将一个男人绑在悬崖上
651-num-1,一个人正在用绳子爬一块岩石，这是粉红色的
651-num-2,一个人用绳子爬一个悬崖
652-num-1,这个小男孩正在爬上岩石制成的墙
652-num-2,一个小男孩正在爬上岩石制成的墙
653-num-1,一个小男孩不是爬上岩石制成的墙
653-num-2,这个小男孩正在爬上岩石制成的墙
654-num-1,一个年轻的登山者正在为男孩们制作岩石墙
654-num-2,这个小男孩正在爬上岩石制成的墙
655-num-1,一个小孩正在攀岩攀岩墙，这是室内
655-num-2,一个小孩正在爬上室内的攀岩墙
656-num-1,一个小孩正在攀岩攀岩墙，这是室内
656-num-2,一个小孩在室内的攀岩墙下
657-num-1,一个小孩正在攀岩攀岩墙，这是室内
657-num-2,一个孩子在室内观看一个关于岩壁上一些年轻登山者的节目。
658-num-1,这个小男孩正在爬上岩石制成的墙
658-num-2,一个小孩正在爬上室内的攀岩墙
659-num-1,一个小孩在室内的攀岩墙下
659-num-2,这个小男孩正在爬上岩石制成的墙
660-num-1,一个孩子在室内观看一个关于岩壁上一些年轻登山者的节目。
660-num-2,这个小男孩正在爬上岩石制成的墙
661-num-1,一个小男孩正在爬上岩石制成的墙
661-num-2,一个小孩正在攀岩攀岩墙，这是室内
662-num-1,一个小男孩不是爬上岩石制成的墙
662-num-2,一个小孩正在攀岩攀岩墙，这是室内
663-num-1,一个年轻的登山者正在为男孩们制作岩石墙
663-num-2,一个小孩正在攀岩攀岩墙，这是室内
664-num-1,一个小孩正在攀岩攀岩墙，这是室内
664-num-2,这个小男孩正在爬上岩石制成的墙
665-num-1,一个人在空中骑自行车做一个技巧
665-num-2,一个人在空中做一个自行车技巧
666-num-1,一个人在空中做一个自行车技巧
666-num-2,一个男人未能在空中执行自行车技巧
667-num-1,骑自行车的人无所畏惧地在空中执行技巧
667-num-2,骑自行车的人在空中表现出一个把戏
668-num-1,骑自行车的人在空中表现出一个把戏
668-num-2,骑自行车的人没有在空中表现
669-num-1,空气正在欺骗表演骑自行车的人
669-num-2,骑自行车的人在空中表现出一个把戏
670-num-1,一个人在空中做一个自行车技巧
670-num-2,骑自行车的人无所畏惧地在空中执行技巧
671-num-1,一个人在空中做一个自行车技巧
671-num-2,骑自行车的人没有在空中表现
672-num-1,一个人在空中做一个自行车技巧
672-num-2,空气正在欺骗表演骑自行车的人
673-num-1,一个人在空中骑自行车做一个技巧
673-num-2,骑自行车的人在空中表现出一个把戏
674-num-1,一个男人未能在空中执行自行车技巧
674-num-2,骑自行车的人在空中表现出一个把戏
675-num-1,一个人在空中做一个自行车技巧
675-num-2,骑自行车的人在空中表现出一个把戏
676-num-1,一只黑色的狗，一只白色的狗在街上互相盯着对方
676-num-2,一只黑色的狗，另一只是白色的狗，在街上互相盯着对方
677-num-1,一只黑色的狗，白色的狗在街上彼此无视
677-num-2,一只黑色的狗，一只白色的狗在街上互相盯着对方
678-num-1,一只黑色的狗，一只白色的狗在街上互相盯着对方
678-num-2,一只白狗盯着黑街
679-num-1,两只不同品种的狗在一条街上彼此愤怒地看着对方
679-num-2,两只不同品种的狗在街上互相看着对方
680-num-1,两只不同品种的狗在街上互相看着对方
680-num-2,在街上没有不同品种的狗互相看着对方
681-num-1,沿着两条街道，正在看不同的狗
681-num-2,两只不同品种的狗在街上互相看着对方
682-num-1,两只不同品种的狗在一条街上彼此愤怒地看着对方
682-num-2,一只黑色的狗，一只白色的狗在街上互相盯着对方
683-num-1,一只黑色的狗，一只白色的狗在街上互相盯着对方
683-num-2,在街上没有不同品种的狗互相看着对方
684-num-1,一只黑色的狗，一只白色的狗在街上互相盯着对方
684-num-2,沿着两条街道，正在看不同的狗
685-num-1,一只黑色的狗，另一只是白色的狗，在街上互相盯着对方
685-num-2,两只不同品种的狗在街上互相看着对方
686-num-1,两只不同品种的狗在街上互相看着对方
686-num-2,一只黑色的狗，白色的狗在街上彼此无视
687-num-1,一只白狗盯着黑街
687-num-2,两只不同品种的狗在街上互相看着对方
688-num-1,一只黑色的狗，一只白色的狗在街上互相盯着对方
688-num-2,两只不同品种的狗在街上互相看着对方
690-num-1,一棵树旁边的一只狗，可能是松树，正在掉桶
690-num-2,一棵树旁边的狗可能是松树，正在咬一个水桶
691-num-1,一棵树旁边的狗可能是松树，正在咬一个水桶
691-num-2,桶里的狗正在咬一棵树，这可能是松树
692-num-1,一只毛茸茸和黑色的狗在后院，正在嘴里载着篮子。
692-num-2,一只毛茸茸的狗在后院，正在嘴里载着篮子
693-num-1,一只毛茸茸的狗在后院，正在嘴里载着篮子
693-num-2,没有狗在后院里带着篮子的狗在嘴里。
694-num-1,一只毛茸茸的狗在后院，正在嘴里载着篮子
694-num-2,后院的一只狗在嘴里的一个篮子里携带黑色皮毛。
695-num-1,一只毛茸茸和黑色的狗在后院，正在嘴里载着篮子。
695-num-2,一棵树旁边的狗可能是松树，正在咬一个水桶
696-num-1,一棵树旁边的狗可能是松树，正在咬一个水桶
696-num-2,没有狗在后院里带着篮子的狗在嘴里。
697-num-1,后院的一只狗在嘴里的一个篮子里携带黑色皮毛。
697-num-2,一棵树旁边的狗可能是松树，正在咬一个水桶
699-num-1,一只毛茸茸的狗在后院，正在嘴里载着篮子
699-num-2,一棵树旁边的一只狗，可能是松树，正在掉桶
700-num-1,一只毛茸茸的狗在后院，正在嘴里载着篮子
700-num-2,桶里的狗正在咬一棵树，这可能是松树
701-num-1,一只毛茸茸的狗在后院，正在嘴里载着篮子
701-num-2,一棵树旁边的狗可能是松树，正在咬一个水桶
702-num-1,两个大尺寸的人坐在公园长凳上，他们之间有一瓶苏打水
702-num-2,两个大人坐在公园长凳上，他们之间有一瓶苏打水
703-num-1,两个大人坐在公园长凳上，他们之间有一瓶苏打水
703-num-2,两个大人站在公园长凳附近，他们之间什么都没有
704-num-1,两个大型公园长凳有一个人坐着和一瓶苏打水
704-num-2,两个大人坐在公园长凳上，他们之间有一瓶苏打水
705-num-1,一个男人和一个女人舒适地坐在板凳上
705-num-2,两个人舒适地坐在板凳上
706-num-1,一个男人和一个女人舒适地坐在板凳上
706-num-2,没有人舒适地坐在板凳上
707-num-1,两个大人坐在公园长凳上，他们之间有一瓶苏打水
707-num-2,两个人舒适地坐在板凳上
708-num-1,没有人舒适地坐在板凳上
708-num-2,两个大人坐在公园长凳上，他们之间有一瓶苏打水
709-num-1,一个男人和一个女人舒适地坐在板凳上
709-num-2,两个大尺寸的人坐在公园长凳上，他们之间有一瓶苏打水
710-num-1,两个大人站在公园长凳附近，他们之间什么都没有
710-num-2,一个男人和一个女人舒适地坐在板凳上
711-num-1,一个男人和一个女人舒适地坐在板凳上
711-num-2,两个大型公园长凳有一个人坐着和一瓶苏打水
712-num-1,一个男人和一个女人舒适地坐在板凳上
712-num-2,两个大人坐在公园长凳上，他们之间有一瓶苏打水
713-num-1,一个人正在领导比赛
713-num-2,一个男人领导比赛
714-num-1,一个男人领导比赛
714-num-2,一个男人正在抬起比赛的后方
715-num-1,这个男人正在领先
715-num-2,一个男人领导比赛
716-num-1,比赛中的一些人在外面跑来跑去
716-num-2,比赛中的一些男人在户外跑步
717-num-1,比赛中的一些人在外面跑来跑去
717-num-2,比赛中的一些人在室内跑步
718-num-1,比赛中的一些人在外面跑来跑去
718-num-2,一些男人在外面参加比赛
719-num-1,一个男人领导比赛
719-num-2,比赛中的一些男人在户外跑步
720-num-1,一个男人领导比赛
720-num-2,比赛中的一些人在室内跑步
721-num-1,一个男人领导比赛
721-num-2,一些男人在外面参加比赛
722-num-1,比赛中的一些人在外面跑来跑去
722-num-2,一个人正在领导比赛
723-num-1,一个男人正在抬起比赛的后方
723-num-2,比赛中的一些人在外面跑来跑去
724-num-1,比赛中的一些人在外面跑来跑去
724-num-2,这个男人正在领先
725-num-1,比赛中的一些人在外面跑来跑去
725-num-2,一个男人领导比赛
726-num-1,一个有相机的男人正在研究该主题
726-num-2,一个有相机的人正在研究主题
727-num-1,一个有相机的人正在研究主题
727-num-2,没有一个男人的相机研究主题
728-num-1,一个有相机的人正在研究主题
728-num-2,研究主题是一个摄影师
729-num-1,戴着染色紫色帽子的人正在操作制作视频的相机
729-num-2,紫色帽子里的那个人正在操作一台制作视频的相机
730-num-1,紫色帽子里的那个人没有操作制作视频的相机
730-num-2,紫色帽子里的那个人正在操作一台制作视频的相机
731-num-1,戴着染色紫色帽子的人正在操作制作视频的相机
731-num-2,一个有相机的人正在研究主题
732-num-1,一个有相机的人正在研究主题
732-num-2,紫色帽子里的那个人没有操作制作视频的相机
733-num-1,紫色帽子里的那个人正在操作一台制作视频的相机
733-num-2,一个有相机的男人正在研究该主题
734-num-1,紫色帽子里的那个人正在操作一台制作视频的相机
734-num-2,没有一个男人的相机研究主题
735-num-1,研究主题是一个摄影师
735-num-2,紫色帽子里的那个人正在操作一台制作视频的相机
736-num-1,紫色帽子里的那个人正在操作一台制作视频的相机
736-num-2,一个有相机的人正在研究主题
737-num-1,婚后新娘和新郎要离开
737-num-2,婚礼结束后新娘和新郎要离开
738-num-1,婚礼结束后新娘和新郎到达
738-num-2,婚礼结束后新娘和新郎要离开
739-num-1,婚礼结束后新娘要离开新郎
739-num-2,婚礼结束后新娘和新郎要离开
740-num-1,一对已婚夫妇正在走过过道
740-num-2,一对刚结婚的夫妇正在走过过道
741-num-1,一对已婚夫妇正在走过过道
741-num-2,一对已婚夫妇正在走过过道
742-num-1,一对已婚夫妇正在走过过道
742-num-2,牧师正在走过过道，嫁给一对夫妇
743-num-1,一对刚结婚的夫妇正在走过过道
743-num-2,婚礼结束后新娘和新郎要离开
744-num-1,一对已婚夫妇正在走过过道
744-num-2,婚礼结束后新娘和新郎要离开
745-num-1,牧师正在走过过道，嫁给一对夫妇
745-num-2,婚礼结束后新娘和新郎要离开
746-num-1,婚后新娘和新郎要离开
746-num-2,一对已婚夫妇正在走过过道
747-num-1,婚礼结束后新娘和新郎到达
747-num-2,一对已婚夫妇正在走过过道
748-num-1,一对已婚夫妇正在走过过道
748-num-2,婚礼结束后新娘要离开新郎
749-num-1,一对已婚夫妇正在走过过道
749-num-2,婚礼结束后新娘和新郎要离开
750-num-1,学生们正在教室里
750-num-2,教室里到处都是学生
751-num-1,教室里到处都是学生
751-num-2,教室是空的
752-num-1,演讲正在由学生教室观看
752-num-2,演讲正在由学生教室参加
753-num-1,演讲没有被学生教室观看
753-num-2,演讲正在由学生教室观看
754-num-1,演讲正在由学生教室参加
754-num-2,教室里到处都是学生
755-num-1,演讲没有被学生教室观看
755-num-2,教室里到处都是学生
756-num-1,演讲正在由学生教室观看
756-num-2,学生们正在教室里
757-num-1,演讲正在由学生教室观看
757-num-2,教室是空的
758-num-1,演讲正在由学生教室观看
758-num-2,教室里到处都是学生
760-num-1,一个被雪覆盖的山上的男孩戴着红色外套和黑色帽子，膝盖滑落
760-num-2,一个被雪覆盖的小山底部的男孩赤裸裸地坐在他的膝盖上
761-num-1,一个被雪覆盖的山上的男孩戴着红色外套和黑色帽子，膝盖滑落
761-num-2,一个红色和黑色幻灯片上的男孩戴着夹克和帽子，膝盖被雪覆盖
762-num-1,这个孩子在雪地里快乐地滑动
762-num-2,孩子在雪地里滑动
763-num-1,孩子在雪地里滑动
763-num-2,孩子还在雪中
764-num-1,雪地滑梯里到处都是孩子
764-num-2,孩子在雪地里滑动
765-num-1,这个孩子在雪地里快乐地滑动
765-num-2,一个被雪覆盖的山上的男孩戴着红色外套和黑色帽子，膝盖滑落
766-num-1,一个被雪覆盖的山上的男孩戴着红色外套和黑色帽子，膝盖滑落
766-num-2,孩子还在雪中
767-num-1,一个被雪覆盖的山上的男孩戴着红色外套和黑色帽子，膝盖滑落
767-num-2,雪地滑梯里到处都是孩子
769-num-1,孩子在雪地里滑动
769-num-2,一个被雪覆盖的小山底部的男孩赤裸裸地坐在他的膝盖上
770-num-1,孩子在雪地里滑动
770-num-2,一个红色和黑色幻灯片上的男孩戴着夹克和帽子，膝盖被雪覆盖
771-num-1,一个被雪覆盖的山上的男孩戴着红色外套和黑色帽子，膝盖滑落
771-num-2,孩子在雪地里滑动
772-num-1,女人和一只狗和平地坐在树桩上
772-num-2,女人和一只狗坐在树桩上
773-num-1,一个女人和一只狗站在树桩附近
773-num-2,女人和一只狗坐在树桩上
774-num-1,一个老的女人，靠近有一件白色外套的狗
774-num-2,一个老的女人在白狗附近
775-num-1,一个老的女人在白狗附近
775-num-2,一个老的女人，远非白狗
776-num-1,一个老的女人，靠近有一件白色外套的狗
776-num-2,女人和一只狗坐在树桩上
777-num-1,一个老的女人，远非白狗
777-num-2,女人和一只狗坐在树桩上
778-num-1,一个老的女人在白狗附近
778-num-2,女人和一只狗和平地坐在树桩上
779-num-1,一个老的女人在白狗附近
779-num-2,一个女人和一只狗站在树桩附近
780-num-1,一个老的女人在白狗附近
780-num-2,女人和一只狗坐在树桩上
781-num-1,一只狗在田野里兴奋地玩水
781-num-2,一只狗在草地上兴奋地玩水
782-num-1,一只狗在草地上兴奋地玩水
782-num-2,没有狗在草地上玩水
783-num-1,一个男人正在浇草，兴奋地和狗一起玩
783-num-2,一只狗在草地上兴奋地玩水
784-num-1,那只狗咬一些水
784-num-2,那只狗在一些水滴
785-num-1,那只狗在一些水滴
785-num-2,这只狗没有抓住一些水滴
786-num-1,那只狗在一些水滴
786-num-2,快照描绘了一些水落在狗上的水滴中
787-num-1,一只狗在草地上兴奋地玩水
787-num-2,那只狗咬一些水
788-num-1,这只狗没有抓住一些水滴
788-num-2,一只狗在草地上兴奋地玩水
789-num-1,一只狗在草地上兴奋地玩水
789-num-2,快照描绘了一些水落在狗上的水滴中
790-num-1,一只狗在田野里兴奋地玩水
790-num-2,那只狗在一些水滴
791-num-1,那只狗在一些水滴
791-num-2,没有狗在草地上玩水
792-num-1,一个男人正在浇草，兴奋地和狗一起玩
792-num-2,那只狗在一些水滴
793-num-1,那只狗在一些水滴
793-num-2,一只狗在草地上兴奋地玩水
794-num-1,两个男人在雪地里walking狗两只狗
794-num-2,两个人在雪地里walking狗的两只狗
795-num-1,两个人在雪地里walking狗的两只狗
795-num-2,两个人在雪地里抱着两只狗，有金色的外套
796-num-1,两个人在雪地里，穿着提供伪装的衣服
796-num-2,有些人在雪地里，穿着伪装的衣服
797-num-1,没有人在雪中穿着伪装的衣服
797-num-2,两个人在雪地里，穿着提供伪装的衣服
798-num-1,两个人在雪地里不穿衣服，这提供了伪装。
798-num-2,两个人在雪地里，穿着提供伪装的衣服
799-num-1,有些人在雪地里，穿着伪装的衣服
799-num-2,两个人在雪地里walking狗的两只狗
800-num-1,没有人在雪中穿着伪装的衣服
800-num-2,两个人在雪地里walking狗的两只狗
801-num-1,两个人在雪地里walking狗的两只狗
801-num-2,两个人在雪地里不穿衣服，这提供了伪装。
802-num-1,两个人在雪地里，穿着提供伪装的衣服
802-num-2,两个男人在雪地里walking狗两只狗
803-num-1,两个人在雪地里，穿着提供伪装的衣服
803-num-2,两个人在雪地里抱着两只狗，有金色的外套
804-num-1,两个人在雪地里，穿着提供伪装的衣服
804-num-2,两个人在雪地里walking狗的两只狗
805-num-1,一个来自亚洲的女孩，在砖窗前，看上去很惊讶
805-num-2,一个来自亚洲的女孩，在砖块制成的窗户前，看起来很惊讶
806-num-1,一个来自亚洲的女孩，在砖窗前，看起来并不感到惊讶
806-num-2,一个来自亚洲的女孩，在砖窗前，看上去很惊讶
807-num-1,一个女孩正在从亚洲房屋的前窗户上窗口感到惊讶。
807-num-2,一个来自亚洲的女孩，在砖窗前，看上去很惊讶
808-num-1,一个女孩穿着T恤，张开嘴。
808-num-2,一个女孩有一件T恤，正在张开嘴
809-num-1,没有女孩穿着T恤，张开嘴巴
809-num-2,一个女孩穿着T恤，张开嘴。
810-num-1,一个女孩有一件T恤，正在张开嘴
810-num-2,一个来自亚洲的女孩，在砖窗前，看上去很惊讶
811-num-1,没有女孩穿着T恤，张开嘴巴
811-num-2,一个来自亚洲的女孩，在砖窗前，看上去很惊讶
812-num-1,一个来自亚洲的女孩，在砖块制成的窗户前，看起来很惊讶
812-num-2,一个女孩穿着T恤，张开嘴。
813-num-1,一个来自亚洲的女孩，在砖窗前，看起来并不感到惊讶
813-num-2,一个女孩穿着T恤，张开嘴。
814-num-1,一个女孩正在从亚洲房屋的前窗户上窗口感到惊讶。
814-num-2,一个女孩穿着T恤，张开嘴。
815-num-1,一个女孩穿着T恤，张开嘴。
815-num-2,一个来自亚洲的女孩，在砖窗前，看上去很惊讶
816-num-1,一群人配备了防护装备
816-num-2,一群人配备了用于保护的装备
817-num-1,一群人配备了防护装备
817-num-2,一群人配备了不保护的装备
818-num-1,骑自行车装备的人稳步站在一些山上
818-num-2,骑自行车的装备中的一个人稳步站在山上
819-num-1,骑自行车装备的人稳步站在一些山上
819-num-2,自行车齿轮没有人稳定地站在山上
820-num-1,骑自行车装备的人稳步站在一些山上
820-num-2,山具稳步放在站立骑自行车的人的前面
821-num-1,一群人配备了防护装备
821-num-2,骑自行车的装备中的一个人稳步站在山上
822-num-1,自行车齿轮没有人稳定地站在山上
822-num-2,一群人配备了防护装备
823-num-1,山具稳步放在站立骑自行车的人的前面
823-num-2,一群人配备了防护装备
824-num-1,一群人配备了用于保护的装备
824-num-2,骑自行车装备的人稳步站在一些山上
825-num-1,一群人配备了不保护的装备
825-num-2,骑自行车装备的人稳步站在一些山上
826-num-1,一群人配备了防护装备
826-num-2,骑自行车装备的人稳步站在一些山上
828-num-1,足球位于躺在草地上的男孩的脚之间
828-num-2,足球不是躺在草地上的男孩的脚之间
829-num-1,草地上的男孩在躺着，正在掩盖他的脚之间的足球
829-num-2,足球位于躺在草地上的男孩的脚之间
830-num-1,小孩子正在踢足球，无害地坠入草地
830-num-2,小孩子正在踢足球，掉进草地
831-num-1,没有小孩踢足球和掉进草地
831-num-2,小孩子正在踢足球，掉进草地
832-num-1,小孩子正在踢足球，掉进草地
832-num-2,一名足球运动员正在草地上躲避一个小孩
833-num-1,足球位于躺在草地上的男孩的脚之间
833-num-2,小孩子正在踢足球，无害地坠入草地
834-num-1,没有小孩踢足球和掉进草地
834-num-2,足球位于躺在草地上的男孩的脚之间
835-num-1,足球位于躺在草地上的男孩的脚之间
835-num-2,一名足球运动员正在草地上躲避一个小孩
836-num-1,足球位于躺在草地上的男孩的脚之间
836-num-2,小孩子正在踢足球，掉进草地
837-num-1,小孩子正在踢足球，掉进草地
837-num-2,足球不是躺在草地上的男孩的脚之间
838-num-1,草地上的男孩在躺着，正在掩盖他的脚之间的足球
838-num-2,小孩子正在踢足球，掉进草地
840-num-1,一个带有攀岩设备的人从岩石上悬挂，该岩石是垂直和白色的
840-num-2,一个带有用于攀爬的设备的人正在悬挂在白色的垂直岩石上。
841-num-1,一个带有用于攀爬的设备的人正在悬挂在白色的垂直岩石上。
841-num-2,一个用来攀爬设备的人在垂直的白色岩石下
842-num-1,拯救一个男人的攀岩设备正在悬挂在白色的垂直岩石上
842-num-2,一个带有用于攀爬的设备的人正在悬挂在白色的垂直岩石上。
843-num-1,一个有辫子的女人正在爬上岩壁
843-num-2,一个有马尾辫的女人正在攀登一堵岩石
844-num-1,一个有马尾辫的女人正在爬上一堵岩石
844-num-2,一个有马尾辫的女人正在攀登一堵岩石
845-num-1,一个有马尾辫的女人正在攀登一堵岩石
845-num-2,一个女人在攀岩墙附近尾巴尾巴
846-num-1,一个带有用于攀爬的设备的人正在悬挂在白色的垂直岩石上。
846-num-2,一个有辫子的女人正在爬上岩壁
847-num-1,一个带有用于攀爬的设备的人正在悬挂在白色的垂直岩石上。
847-num-2,一个有马尾辫的女人正在爬上一堵岩石
848-num-1,一个女人在攀岩墙附近尾巴尾巴
848-num-2,一个带有用于攀爬的设备的人正在悬挂在白色的垂直岩石上。
849-num-1,一个有马尾辫的女人正在攀登一堵岩石
849-num-2,一个带有攀岩设备的人从岩石上悬挂，该岩石是垂直和白色的
850-num-1,一个用来攀爬设备的人在垂直的白色岩石下
850-num-2,一个有马尾辫的女人正在攀登一堵岩石
851-num-1,一个有马尾辫的女人正在攀登一堵岩石
851-num-2,拯救一个男人的攀岩设备正在悬挂在白色的垂直岩石上
852-num-1,一个带有用于攀爬的设备的人正在悬挂在白色的垂直岩石上。
852-num-2,一个有马尾辫的女人正在攀登一堵岩石
853-num-1,一只黑色和一只白狗在草地上快乐地奔跑
853-num-2,一只黑色外套和一只白狗在草地上奔跑的狗
854-num-1,没有狗在草地上快乐地奔跑
854-num-2,一只黑色和一只白狗在草地上快乐地奔跑
855-num-1,一只黑色和一只白狗在草地上快乐地奔跑
855-num-2,一个白人的黑人很高兴与草地上的狗一起奔跑
856-num-1,一只白狗和一只黑色的狗在草地上愉快地奔跑
856-num-2,一只白狗和一只黑色的狗在草地上并排奔跑
857-num-1,一只白狗和一只黑色的狗并排坐在草地上
857-num-2,一只白狗和一只黑色的狗在草地上并排奔跑
858-num-1,一只白狗和一只黑色的狗在草地上愉快地奔跑
858-num-2,一只黑色和一只白狗在草地上快乐地奔跑
859-num-1,一只白狗和一只黑色的狗并排坐在草地上
859-num-2,一只黑色和一只白狗在草地上快乐地奔跑
860-num-1,一只白狗和一只黑色的狗在草地上并排奔跑
860-num-2,一只黑色外套和一只白狗在草地上奔跑的狗
861-num-1,一只白狗和一只黑色的狗在草地上并排奔跑
861-num-2,没有狗在草地上快乐地奔跑
862-num-1,一个白人的黑人很高兴与草地上的狗一起奔跑
862-num-2,一只白狗和一只黑色的狗在草地上并排奔跑
863-num-1,一只黑色和一只白狗在草地上快乐地奔跑
863-num-2,一只白狗和一只黑色的狗在草地上并排奔跑
864-num-1,很多人在冰上滑冰公园里
864-num-2,没有很多人在滑冰公园里
865-num-1,很多人在冰上滑冰公园里
865-num-2,滑冰公园里的人不多
866-num-1,许多人在冰公园里滑冰
866-num-2,很多人在冰上滑冰公园里
867-num-1,溜冰场放在户外充满
867-num-2,放冰溜冰场在户外里到处都是人
868-num-1,放置在户外的溜冰场是空的
868-num-2,放冰溜冰场在户外里到处都是人
869-num-1,放冰溜冰场在户外里到处都是人
869-num-2,滑冰运动员在户外演出
870-num-1,溜冰场放在户外充满
870-num-2,很多人在冰上滑冰公园里
871-num-1,很多人在冰上滑冰公园里
871-num-2,放置在户外的溜冰场是空的
872-num-1,很多人在冰上滑冰公园里
872-num-2,滑冰运动员在户外演出
873-num-1,没有很多人在滑冰公园里
873-num-2,放冰溜冰场在户外里到处都是人
874-num-1,放冰溜冰场在户外里到处都是人
874-num-2,滑冰公园里的人不多
875-num-1,许多人在冰公园里滑冰
875-num-2,放冰溜冰场在户外里到处都是人
876-num-1,放冰溜冰场在户外里到处都是人
876-num-2,很多人在冰上滑冰公园里
877-num-1,一个穿制服的女孩，是蓝色的，正在迅速举起她的手臂
877-num-2,一个穿着制服的女孩，是蓝色的，正在举起手臂。
878-num-1,一个穿着制服的女孩，是蓝色的，正在降低她的手臂
878-num-2,一个穿着制服的女孩，是蓝色的，正在举起手臂。
879-num-1,一个女孩用手臂举起蓝色制服
879-num-2,一个穿着制服的女孩，是蓝色的，正在举起手臂。
880-num-1,穿着蓝色和白色制服的女孩正在欢呼
880-num-2,有些欢呼声是由蓝色和白色制服的女孩表演
881-num-1,穿着蓝色和白色制服的女孩没有欢呼
881-num-2,穿着蓝色和白色制服的女孩正在欢呼
882-num-1,穿着蓝色和白色制服的女孩正在欢呼
882-num-2,女孩正在穿着蓝色和白色制服的男人欢呼
883-num-1,有些欢呼声是由蓝色和白色制服的女孩表演
883-num-2,一个穿着制服的女孩，是蓝色的，正在举起手臂。
884-num-1,一个穿着制服的女孩，是蓝色的，正在举起手臂。
884-num-2,穿着蓝色和白色制服的女孩没有欢呼
885-num-1,一个穿着制服的女孩，是蓝色的，正在举起手臂。
885-num-2,女孩正在穿着蓝色和白色制服的男人欢呼
886-num-1,一个穿制服的女孩，是蓝色的，正在迅速举起她的手臂
886-num-2,穿着蓝色和白色制服的女孩正在欢呼
887-num-1,穿着蓝色和白色制服的女孩正在欢呼
887-num-2,一个穿着制服的女孩，是蓝色的，正在降低她的手臂
888-num-1,一个女孩用手臂举起蓝色制服
888-num-2,穿着蓝色和白色制服的女孩正在欢呼
889-num-1,一个穿着制服的女孩，是蓝色的，正在举起手臂。
889-num-2,穿着蓝色和白色制服的女孩正在欢呼
890-num-1,一群人在岸上
890-num-2,一群人在岸上
891-num-1,岸上没有人
891-num-2,一群人在岸上
892-num-1,人们在海滩上充满沙滩上的海滩，享受着阳光明媚的一天
892-num-2,人们在海边的海滩上，享受着充满阳光的一天
893-num-1,人们离海洋上满是沙滩的海滩很远，遭受了晴天
893-num-2,人们在海滩上充满沙滩上的海滩，享受着阳光明媚的一天
894-num-1,人们在海边的海滩上，享受着充满阳光的一天
894-num-2,一群人在岸上
895-num-1,人们离海洋上满是沙滩的海滩很远，遭受了晴天
895-num-2,一群人在岸上
896-num-1,一群人在岸上
896-num-2,人们在海滩上充满沙滩上的海滩，享受着阳光明媚的一天
897-num-1,人们在海滩上充满沙滩上的海滩，享受着阳光明媚的一天
897-num-2,岸上没有人
898-num-1,人们在海滩上充满沙滩上的海滩，享受着阳光明媚的一天
898-num-2,一群人在岸上
900-num-1,穿着蓝色连身裤的男人无法在摩托车上表演轮子
900-num-2,穿着蓝色连身裤的男人勇于在摩托车上表演轮子
901-num-1,一个勇敢的表演者正在穿着摩托车在蓝色连身裤上的摩托车做轮廓
901-num-2,穿着蓝色连身裤的男人勇于在摩托车上表演轮子
902-num-1,该男子正在做一个带有摩托车的轮子，这主要是贫瘠的
902-num-2,该男子正在用摩托车在地面上做一个轮子，这主要是贫瘠的
903-num-1,该男子正在摩托车上，大部分是贫瘠的地面
903-num-2,该男子正在用摩托车在地面上做一个轮子，这主要是贫瘠的
904-num-1,该男子正在用摩托车在地面上做一个轮子，这主要是贫瘠的
904-num-2,该男子在地面上大部分是贫瘠的，用摩托车拍摄了一个轮子。
905-num-1,该男子正在做一个带有摩托车的轮子，这主要是贫瘠的
905-num-2,穿着蓝色连身裤的男人勇于在摩托车上表演轮子
906-num-1,穿着蓝色连身裤的男人勇于在摩托车上表演轮子
906-num-2,该男子正在摩托车上，大部分是贫瘠的地面
907-num-1,该男子在地面上大部分是贫瘠的，用摩托车拍摄了一个轮子。
907-num-2,穿着蓝色连身裤的男人勇于在摩托车上表演轮子
908-num-1,穿着蓝色连身裤的男人勇于在摩托车上表演轮子
908-num-2,该男子正在用摩托车在地面上做一个轮子，这主要是贫瘠的
909-num-1,穿着蓝色连身裤的男人无法在摩托车上表演轮子
909-num-2,该男子正在用摩托车在地面上做一个轮子，这主要是贫瘠的
910-num-1,该男子正在用摩托车在地面上做一个轮子，这主要是贫瘠的
910-num-2,一个勇敢的表演者正在穿着摩托车在蓝色连身裤上的摩托车做轮廓
911-num-1,该男子正在用摩托车在地面上做一个轮子，这主要是贫瘠的
911-num-2,穿着蓝色连身裤的男人勇于在摩托车上表演轮子
912-num-1,一个女人被男人亲吻
912-num-2,一位女士被一个男人亲吻
913-num-1,一个女人被男人亲吻
913-num-2,没有一个男人亲吻的女人
914-num-1,两个人热情地接吻人群
914-num-2,两个人在人群附近亲吻
915-num-1,两个人在人群附近争论
915-num-2,两个人在人群附近亲吻
916-num-1,附近的一群人亲吻两个人
916-num-2,两个人在人群附近亲吻
917-num-1,两个人热情地接吻人群
917-num-2,一个女人被男人亲吻
918-num-1,两个人在人群附近争论
918-num-2,一个女人被男人亲吻
919-num-1,附近的一群人亲吻两个人
919-num-2,一个女人被男人亲吻
920-num-1,两个人在人群附近亲吻
920-num-2,一位女士被一个男人亲吻
921-num-1,没有一个男人亲吻的女人
921-num-2,两个人在人群附近亲吻
922-num-1,两个人在人群附近亲吻
922-num-2,一个女人被男人亲吻
923-num-1,穿着染色的红色衬衫的年轻女子正在吹一个巨大的泡沫
923-num-2,红色衬衫的女孩正在吹一个泡沫
924-num-1,红色衬衫的女孩正在吹一个泡沫
924-num-2,穿着染色的红色衬衫的女孩不会吹泡泡
925-num-1,泡泡吹了，染了女孩的衬衫红色。
925-num-2,红色衬衫的女孩正在吹一个泡沫
926-num-1,这个年轻的女孩正在吹一个巨大的泡沫
926-num-2,那个年轻的女孩正在吹一个巨大的泡沫
927-num-1,这个年轻的女孩正在吹一个巨大的泡沫
927-num-2,这个年轻的女孩正在吹一个很小的泡沫
928-num-1,那个年轻的女孩正在吹一个巨大的泡沫
928-num-2,红色衬衫的女孩正在吹一个泡沫
929-num-1,这个年轻的女孩正在吹一个很小的泡沫
929-num-2,红色衬衫的女孩正在吹一个泡沫
930-num-1,穿着染色的红色衬衫的年轻女子正在吹一个巨大的泡沫
930-num-2,这个年轻的女孩正在吹一个巨大的泡沫
931-num-1,这个年轻的女孩正在吹一个巨大的泡沫
931-num-2,穿着染色的红色衬衫的女孩不会吹泡泡
932-num-1,泡泡吹了，染了女孩的衬衫红色。
932-num-2,这个年轻的女孩正在吹一个巨大的泡沫
933-num-1,红色衬衫的女孩正在吹一个泡沫
933-num-2,这个年轻的女孩正在吹一个巨大的泡沫
934-num-1,一个小孩穿着绿色橡胶制成的靴子，在装满泥浆的水坑里玩耍
934-num-2,一个小孩穿着绿色靴子，在装满泥浆的水坑里玩耍
935-num-1,一个幼儿赤脚，正经过一个充满泥土的水坑
935-num-2,一个小孩穿着绿色靴子，在装满泥浆的水坑里玩耍
936-num-1,一个小孩穿着绿色靴子，在装满泥浆的水坑里玩耍
936-num-2,一个充满泥浆的水坑里的一些绿色靴子是一个扮演围巾的嬉戏的小孩的目标
937-num-1,一个小男孩正在街上跳入水坑
937-num-2,一个小男孩正在街上跳入水坑
938-num-1,一个小男孩正在街上跳入水坑
938-num-2,一个小男孩正在街上摆脱水坑
939-num-1,一个小男孩正在街上跳入水坑
939-num-2,一个小男孩的跳线在街上的水坑里
940-num-1,一个小孩穿着绿色靴子，在装满泥浆的水坑里玩耍
940-num-2,一个小男孩正在街上跳入水坑
941-num-1,一个小孩穿着绿色靴子，在装满泥浆的水坑里玩耍
941-num-2,一个小男孩正在街上摆脱水坑
942-num-1,一个小男孩的跳线在街上的水坑里
942-num-2,一个小孩穿着绿色靴子，在装满泥浆的水坑里玩耍
943-num-1,一个小男孩正在街上跳入水坑
943-num-2,一个小孩穿着绿色橡胶制成的靴子，在装满泥浆的水坑里玩耍
944-num-1,一个幼儿赤脚，正经过一个充满泥土的水坑
944-num-2,一个小男孩正在街上跳入水坑
945-num-1,一个充满泥浆的水坑里的一些绿色靴子是一个扮演围巾的嬉戏的小孩的目标
945-num-2,一个小男孩正在街上跳入水坑
946-num-1,一个小孩穿着绿色靴子，在装满泥浆的水坑里玩耍
946-num-2,一个小男孩正在街上跳入水坑
947-num-1,有些corndogs被两个骑着马车的幼儿吃掉，这真的很小
947-num-2,两个幼儿在货车上吃玉米狗，这真的很小
948-num-1,两个蹒跚学步的蹒跚学步的人睡在一辆货车上，这真的很小
948-num-2,两个幼儿在货车上吃玉米狗，这真的很小
949-num-1,两个幼儿在一个真正的小货车上吃饭
949-num-2,两个幼儿在货车上吃玉米狗，这真的很小
950-num-1,两个小孩正在吃玉米犬
950-num-2,两个年幼的孩子正在吃玉米犬
951-num-1,两个小孩正在吃玉米犬
951-num-2,两个小孩正在禁食
952-num-1,两个小孩正在和一个男人一起吃玉米狗
952-num-2,两个小孩正在吃玉米犬
953-num-1,两个幼儿在货车上吃玉米狗，这真的很小
953-num-2,两个年幼的孩子正在吃玉米犬
954-num-1,两个小孩正在禁食
954-num-2,两个幼儿在货车上吃玉米狗，这真的很小
955-num-1,两个小孩正在和一个男人一起吃玉米狗
955-num-2,两个幼儿在货车上吃玉米狗，这真的很小
956-num-1,有些corndogs被两个骑着马车的幼儿吃掉，这真的很小
956-num-2,两个小孩正在吃玉米犬
957-num-1,两个蹒跚学步的蹒跚学步的人睡在一辆货车上，这真的很小
957-num-2,两个小孩正在吃玉米犬
958-num-1,两个幼儿在一个真正的小货车上吃饭
958-num-2,两个小孩正在吃玉米犬
959-num-1,两个幼儿在货车上吃玉米狗，这真的很小
959-num-2,两个小孩正在吃玉米犬
960-num-1,一个穿着衬衫的男人染色的紫色正在看着一个穿着黑色衬衫的男人，他在做一个有趣的脸蛋
960-num-2,一个穿着衬衫的男人染色的紫色正在看着一个穿着黑色衬衫的男人，她在做一个看起来很有趣的脸
961-num-1,一个穿着衬衫的男人染成紫色的人正在穿着黑色衬衫的男人走开，他很认真
961-num-2,一个穿着衬衫的男人染色的紫色正在看着一个穿着黑色衬衫的男人，他在做一个有趣的脸蛋
962-num-1,一个穿着衬衫的男人染色的紫色正在看着一个穿着黑色衬衫的男人，他在做一个有趣的脸蛋
962-num-2,一个穿着紫色衬衫的男人正在垂死另一件黑色的衬衫，一个男人看着一只狗在上面涂着有趣的脸。
963-num-1,一个穿着姿势的男人被另一个男人开心
963-num-2,另一个男人正在看一个男人
964-num-1,另一个男人正在看一个男人
964-num-2,另一个男人看着一个姿势没有人
965-num-1,一个男人伪装成另一个男人看着
965-num-2,另一个男人正在看一个男人
966-num-1,一个穿着衬衫的男人染色的紫色正在看着一个穿着黑色衬衫的男人，他在做一个有趣的脸蛋
966-num-2,一个穿着姿势的男人被另一个男人开心
967-num-1,一个穿着衬衫的男人染色的紫色正在看着一个穿着黑色衬衫的男人，他在做一个有趣的脸蛋
967-num-2,另一个男人看着一个姿势没有人
968-num-1,一个男人伪装成另一个男人看着
968-num-2,一个穿着衬衫的男人染色的紫色正在看着一个穿着黑色衬衫的男人，他在做一个有趣的脸蛋
969-num-1,一个穿着衬衫的男人染色的紫色正在看着一个穿着黑色衬衫的男人，她在做一个看起来很有趣的脸
969-num-2,另一个男人正在看一个男人
970-num-1,另一个男人正在看一个男人
970-num-2,一个穿着衬衫的男人染成紫色的人正在穿着黑色衬衫的男人走开，他很认真
971-num-1,另一个男人正在看一个男人
971-num-2,一个穿着紫色衬衫的男人正在垂死另一件黑色的衬衫，一个男人看着一只狗在上面涂着有趣的脸。
972-num-1,一个穿着衬衫的男人染色的紫色正在看着一个穿着黑色衬衫的男人，他在做一个有趣的脸蛋
972-num-2,另一个男人正在看一个男人
973-num-1,一匹马穿着蓝色和红色的裤子扔牛仔
973-num-2,蓝色和红色裤子的牛仔被一匹马扔掉
974-num-1,没有马在红色和蓝色裤子上扔马
974-num-2,一匹马穿着蓝色和红色的裤子扔牛仔
975-num-1,一匹马穿着蓝色和红色的裤子扔牛仔
975-num-2,牛仔将蓝色和红色的裤子扔向马
976-num-1,一个男人突然从野外铺设的轨道上摔下一匹马
976-num-2,一个男人在轨道上掉下马，躺在野外
977-num-1,一个男人在轨道上掉下马，躺在野外
977-num-2,一个男人在野外铺设的轨道上骑马
978-num-1,一个男人正在朝轨道上的野马铺设掩护
978-num-2,一个男人在轨道上掉下马，躺在野外
979-num-1,一个男人突然从野外铺设的轨道上摔下一匹马
979-num-2,一匹马穿着蓝色和红色的裤子扔牛仔
980-num-1,一个男人在野外铺设的轨道上骑马
980-num-2,一匹马穿着蓝色和红色的裤子扔牛仔
981-num-1,一匹马穿着蓝色和红色的裤子扔牛仔
981-num-2,一个男人正在朝轨道上的野马铺设掩护
982-num-1,蓝色和红色裤子的牛仔被一匹马扔掉
982-num-2,一个男人在轨道上掉下马，躺在野外
983-num-1,没有马在红色和蓝色裤子上扔马
983-num-2,一个男人在轨道上掉下马，躺在野外
984-num-1,一个男人在轨道上掉下马，躺在野外
984-num-2,牛仔将蓝色和红色的裤子扔向马
985-num-1,一个男人在轨道上掉下马，躺在野外
985-num-2,一匹马穿着蓝色和红色的裤子扔牛仔
986-num-1,成人在圆形剧场，正在认真与一个男孩交谈
986-num-2,成人在圆形剧场，正在和一个男孩说话
987-num-1,成人在圆形剧场，正在和一个男孩说话
987-num-2,圆形剧场中没有成年人与一个男孩说话
988-num-1,关于成人和男孩的谈话是在圆形剧场中给出的
988-num-2,成人在圆形剧场，正在和一个男孩说话
989-num-1,男人和男孩站在楼梯的底部，在户外
989-num-2,一个男人和一个男孩站在户外的一些楼梯的底部
990-num-1,男人和男孩站在楼梯的底部，在户外
990-num-2,男人和男孩站在楼梯的顶部，在户外
991-num-1,男人和男孩站在楼梯的底部，在户外
991-num-2,这个男人站在户外，男孩跌落在楼梯的底部
992-num-1,成人在圆形剧场，正在和一个男孩说话
992-num-2,一个男人和一个男孩站在户外的一些楼梯的底部
993-num-1,成人在圆形剧场，正在和一个男孩说话
993-num-2,男人和男孩站在楼梯的顶部，在户外
994-num-1,成人在圆形剧场，正在和一个男孩说话
994-num-2,这个男人站在户外，男孩跌落在楼梯的底部
995-num-1,男人和男孩站在楼梯的底部，在户外
995-num-2,成人在圆形剧场，正在认真与一个男孩交谈
996-num-1,圆形剧场中没有成年人与一个男孩说话
996-num-2,男人和男孩站在楼梯的底部，在户外
997-num-1,关于成人和男孩的谈话是在圆形剧场中给出的
997-num-2,男人和男孩站在楼梯的底部，在户外
998-num-1,男人和男孩站在楼梯的底部，在户外
998-num-2,成人在圆形剧场，正在和一个男孩说话
999-num-1,一个穿着红色衬衫的男孩在长长的蓝色墙前，可疑地抬起眉毛
999-num-2,穿着红色衬衫的男孩在前面的墙壁上，长而蓝色，可疑地抬起眉毛
1000-num-1,一个穿着红色衬衫的男孩在长长的蓝色墙前，可疑地抬起眉毛
1000-num-2,穿着红色衬衫的男孩在长蓝色的墙后面，正在降低眉毛，面对相机
1001-num-1,一个男孩站在建筑物的前面，在为残障人士留下的空间中
1001-num-2,一个男孩站在为残障人士留下的空间中的蓝色建筑物前
1002-num-1,在保留残障人士的空间中，没有男孩站在蓝色的建筑物前面
1002-num-2,一个男孩站在为残障人士留下的空间中的蓝色建筑物前
1003-num-1,一个男孩站在建筑物的前面，在为残障人士留下的空间中
1003-num-2,一个穿着红色衬衫的男孩在长长的蓝色墙前，可疑地抬起眉毛
1004-num-1,一个穿着红色衬衫的男孩在长长的蓝色墙前，可疑地抬起眉毛
1004-num-2,在保留残障人士的空间中，没有男孩站在蓝色的建筑物前面
1005-num-1,穿着红色衬衫的男孩在前面的墙壁上，长而蓝色，可疑地抬起眉毛
1005-num-2,一个男孩站在为残障人士留下的空间中的蓝色建筑物前
1006-num-1,穿着红色衬衫的男孩在长蓝色的墙后面，正在降低眉毛，面对相机
1006-num-2,一个男孩站在为残障人士留下的空间中的蓝色建筑物前
1007-num-1,一个穿着红色衬衫的男孩在长长的蓝色墙前，可疑地抬起眉毛
1007-num-2,一个男孩站在为残障人士留下的空间中的蓝色建筑物前
1008-num-1,骑师在田野上骑马，这完全是绿色的
1008-num-2,骑师正在野外赛马，这是完全绿色的
1009-num-1,骑师正在野外赛马，这是完全绿色的
1009-num-2,骑师在田野上放慢了马，这完全是绿色的
1010-num-1,赛马的绿色田地完全充满了骑师
1010-num-2,骑师正在野外赛马，这是完全绿色的
1011-num-1,几匹马在绿草上大战，跳跃障碍物
1011-num-2,有些马正在绿草上狂奔，跳了一个障碍
1012-num-1,有些马正在绿草上狂奔，跳了一个障碍
1012-num-2,一些马正在绿草上
1013-num-1,绿草上的一些愤怒的赛车运动员大喊大叫的马跳了一个障碍
1013-num-2,有些马正在绿草上狂奔，跳了一个障碍
1014-num-1,骑师正在野外赛马，这是完全绿色的
1014-num-2,几匹马在绿草上大战，跳跃障碍物
1015-num-1,一些马正在绿草上
1015-num-2,骑师正在野外赛马，这是完全绿色的
1016-num-1,绿草上的一些愤怒的赛车运动员大喊大叫的马跳了一个障碍
1016-num-2,骑师正在野外赛马，这是完全绿色的
1017-num-1,骑师在田野上骑马，这完全是绿色的
1017-num-2,有些马正在绿草上狂奔，跳了一个障碍
1018-num-1,有些马正在绿草上狂奔，跳了一个障碍
1018-num-2,骑师在田野上放慢了马，这完全是绿色的
1019-num-1,有些马正在绿草上狂奔，跳了一个障碍
1019-num-2,赛马的绿色田地完全充满了骑师
1020-num-1,有些马正在绿草上狂奔，跳了一个障碍
1020-num-2,骑师正在野外赛马，这是完全绿色的
1021-num-1,一个女人戴着大尺寸的太阳镜，双手拿着报纸
1021-num-2,女人戴着大尺寸的太阳镜，双手握着报纸
1022-num-1,一个女人戴着大尺寸的太阳镜，双手拿着报纸
1022-num-2,没有女人戴着大尺寸的太阳镜，双手拿着报纸
1023-num-1,一个女人戴着大尺寸的太阳镜，双手拿着报纸
1023-num-2,一家报纸上有一个戴着太阳镜和穿外套的女人的女人
1024-num-1,一位老妇人穿着玫瑰图案衬衫，笨拙地携带两份报纸
1024-num-2,一位老妇人穿着玫瑰色的衬衫，笨拙地携带两份报纸
1025-num-1,一个老妇人赤着拳，笨拙地放下了两份报纸
1025-num-2,一位老妇人穿着玫瑰图案衬衫，笨拙地携带两份报纸
1026-num-1,一位老妇人穿着玫瑰色的衬衫，笨拙地携带两份报纸
1026-num-2,一个女人戴着大尺寸的太阳镜，双手拿着报纸
1027-num-1,一个老妇人赤着拳，笨拙地放下了两份报纸
1027-num-2,一个女人戴着大尺寸的太阳镜，双手拿着报纸
1028-num-1,一位老妇人穿着玫瑰图案衬衫，笨拙地携带两份报纸
1028-num-2,女人戴着大尺寸的太阳镜，双手握着报纸
1029-num-1,一位老妇人穿着玫瑰图案衬衫，笨拙地携带两份报纸
1029-num-2,没有女人戴着大尺寸的太阳镜，双手拿着报纸
1030-num-1,一位老妇人穿着玫瑰图案衬衫，笨拙地携带两份报纸
1030-num-2,一家报纸上有一个戴着太阳镜和穿外套的女人的女人
1031-num-1,一位老妇人穿着玫瑰图案衬衫，笨拙地携带两份报纸
1031-num-2,一个女人戴着大尺寸的太阳镜，双手拿着报纸
1032-num-1,一个正在练习单板滑雪的人跳入空中
1032-num-2,一个正在练习滑雪的人跳入空中
1033-num-1,一个正在练习滑雪的人从空中掉下来
1033-num-2,一个正在练习滑雪的人跳入空中
1034-num-1,练习跳线正在将一个人的滑雪板扔到空中
1034-num-2,一个正在练习滑雪的人跳入空中
1035-num-1,滑雪者正在无畏地跳过白雪
1035-num-2,滑雪板越过白雪
1036-num-1,滑雪者没有跳过白雪
1036-num-2,滑雪板越过白雪
1037-num-1,滑雪板越过白雪
1037-num-2,在白雪上飞跃对滑雪者非常有吸引力
1038-num-1,滑雪者正在无畏地跳过白雪
1038-num-2,一个正在练习滑雪的人跳入空中
1039-num-1,滑雪者没有跳过白雪
1039-num-2,一个正在练习滑雪的人跳入空中
1040-num-1,一个正在练习滑雪的人跳入空中
1040-num-2,在白雪上飞跃对滑雪者非常有吸引力
1041-num-1,滑雪板越过白雪
1041-num-2,一个正在练习单板滑雪的人跳入空中
1042-num-1,一个正在练习滑雪的人从空中掉下来
1042-num-2,滑雪板越过白雪
1043-num-1,练习跳线正在将一个人的滑雪板扔到空中
1043-num-2,滑雪板越过白雪
1044-num-1,滑雪板越过白雪
1044-num-2,一个正在练习滑雪的人跳入空中
1045-num-1,一只狗在红色的球附近，空中在空中
1045-num-2,一只狗在空中的红球附近
1046-num-1,一只狗在空中的红球附近
1046-num-2,一只狗离空中的红色球很远
1047-num-1,一只狗在空中跳来跳去捕捉红球
1047-num-2,一只狗在空中的红球附近
1048-num-1,一只小的狗在绿草上孜孜不倦地玩耍
1048-num-2,一只小的狗在绿草上玩耍
1049-num-1,一只小的狗在绿草上玩耍
1049-num-2,小的狗从绿草中耗尽
1050-num-1,一只小的狗在绿草上玩耍
1050-num-2,一个小孩在草地上玩绿色玩具狗
1051-num-1,一只狗在空中的红球附近
1051-num-2,一只小的狗在绿草上孜孜不倦地玩耍
1052-num-1,小的狗从绿草中耗尽
1052-num-2,一只狗在空中的红球附近
1053-num-1,一只狗在空中的红球附近
1053-num-2,一个小孩在草地上玩绿色玩具狗
1054-num-1,一只小的狗在绿草上玩耍
1054-num-2,一只狗在红色的球附近，空中在空中
1055-num-1,一只狗离空中的红色球很远
1055-num-2,一只小的狗在绿草上玩耍
1056-num-1,一只狗在空中跳来跳去捕捉红球
1056-num-2,一只小的狗在绿草上玩耍
1057-num-1,一只狗在空中的红球附近
1057-num-2,一只小的狗在绿草上玩耍
1058-num-1,该人正在沙质轨道上骑摩托车
1058-num-2,该人正在骑摩托车在沙滩上的轨道上
1059-num-1,该人没有在沙质轨道上骑摩托车
1059-num-2,该人正在沙质轨道上骑摩托车
1060-num-1,摩托车骑手在沙质轨道上跳过一个人
1060-num-2,该人正在沙质轨道上骑摩托车
1061-num-1,在与越野摩托车有关的活动中，一个男人正在骑摩托车
1061-num-2,在与越野摩托车有关的活动中，一个人正在骑摩托车
1062-num-1,在与越野摩托车有关的活动中，一个人正在骑摩托车
1062-num-2,在与越野摩托车有关的活动中，没有人骑摩托车
1063-num-1,在与越野摩托车有关的活动中，一个人正在骑摩托车
1063-num-2,越野摩托车的骑手正在活动中向某人摩托车
1064-num-1,该人正在沙质轨道上骑摩托车
1064-num-2,在与越野摩托车有关的活动中，一个男人正在骑摩托车
1065-num-1,在与越野摩托车有关的活动中，没有人骑摩托车
1065-num-2,该人正在沙质轨道上骑摩托车
1066-num-1,该人正在沙质轨道上骑摩托车
1066-num-2,越野摩托车的骑手正在活动中向某人摩托车
1067-num-1,该人正在骑摩托车在沙滩上的轨道上
1067-num-2,在与越野摩托车有关的活动中，一个人正在骑摩托车
1068-num-1,在与越野摩托车有关的活动中，一个人正在骑摩托车
1068-num-2,该人没有在沙质轨道上骑摩托车
1069-num-1,摩托车骑手在沙质轨道上跳过一个人
1069-num-2,在与越野摩托车有关的活动中，一个人正在骑摩托车
1070-num-1,该人正在沙质轨道上骑摩托车
1070-num-2,在与越野摩托车有关的活动中，一个人正在骑摩托车
1071-num-1,一个躺在草地上的女孩正在穿着白色写作的粉红色衬衫
1071-num-2,一个女孩穿着一件粉红色的衬衫，上面写着白色，躺在草地上
1072-num-1,一个女孩穿着一件粉红色的衬衫，上面写着白色，躺在草地上
1072-num-2,一个女孩是赤裸的，站在草地上
1073-num-1,带有衬衫粉红色的年轻女孩和平地躺在草地上
1073-num-2,穿着粉红色衬衫的年轻女孩和平地躺在草地上
1074-num-1,穿着粉红色衬衫的年轻女孩和平地躺在草地上
1074-num-2,穿着粉红色衬衫的年轻女孩不和平地躺在草地上
1075-num-1,年轻的和平女孩躺在粉红色衬衫的草丛中
1075-num-2,穿着粉红色衬衫的年轻女孩和平地躺在草地上
1076-num-1,一个女孩穿着一件粉红色的衬衫，上面写着白色，躺在草地上
1076-num-2,带有衬衫粉红色的年轻女孩和平地躺在草地上
1077-num-1,一个女孩穿着一件粉红色的衬衫，上面写着白色，躺在草地上
1077-num-2,穿着粉红色衬衫的年轻女孩不和平地躺在草地上
1078-num-1,年轻的和平女孩躺在粉红色衬衫的草丛中
1078-num-2,一个女孩穿着一件粉红色的衬衫，上面写着白色，躺在草地上
1079-num-1,穿着粉红色衬衫的年轻女孩和平地躺在草地上
1079-num-2,一个躺在草地上的女孩正在穿着白色写作的粉红色衬衫
1080-num-1,穿着粉红色衬衫的年轻女孩和平地躺在草地上
1080-num-2,一个女孩是赤裸的，站在草地上
1081-num-1,穿着粉红色衬衫的年轻女孩和平地躺在草地上
1081-num-2,一个女孩穿着一件粉红色的衬衫，上面写着白色，躺在草地上
1082-num-1,一只大尺寸的狗在草地上奔跑，嘴里有一个网球
1082-num-2,一只大狗在草地上奔跑，嘴里有一个网球
1083-num-1,没有大狗在草地上奔跑，嘴里有网球
1083-num-2,一只大狗在草地上奔跑，嘴里有一个网球
1084-num-1,一只大狗在草地上奔跑，嘴里有一个网球
1084-num-2,一个大的网球被用来教狗在草地上奔跑并用嘴抓住它
1085-num-1,一只大而灰色的狗很难在嘴里携带一个球，并在草地上奔跑
1085-num-2,一只大而灰色的狗在嘴里载着球，横过草
1086-num-1,一只大而灰色的狗正在从嘴里掉下一个球，然后停在草地上
1086-num-2,一只大而灰色的狗在嘴里载着球，横过草
1087-num-1,一只大而灰色的狗在嘴里载着球，横过草
1087-num-2,一个大的灰色球正在撞到一只奔跑的狗，它的嘴里载着一些草
1088-num-1,一只大狗在草地上奔跑，嘴里有一个网球
1088-num-2,一只大而灰色的狗很难在嘴里携带一个球，并在草地上奔跑
1089-num-1,一只大狗在草地上奔跑，嘴里有一个网球
1089-num-2,一只大而灰色的狗正在从嘴里掉下一个球，然后停在草地上
1090-num-1,一个大的灰色球正在撞到一只奔跑的狗，它的嘴里载着一些草
1090-num-2,一只大狗在草地上奔跑，嘴里有一个网球
1091-num-1,一只大而灰色的狗在嘴里载着球，横过草
1091-num-2,一只大尺寸的狗在草地上奔跑，嘴里有一个网球
1092-num-1,一只大而灰色的狗在嘴里载着球，横过草
1092-num-2,没有大狗在草地上奔跑，嘴里有网球
1093-num-1,一个大的网球被用来教狗在草地上奔跑并用嘴抓住它
1093-num-2,一只大而灰色的狗在嘴里载着球，横过草
1094-num-1,一只大而灰色的狗在嘴里载着球，横过草
1094-num-2,一只大狗在草地上奔跑，嘴里有一个网球
1097-num-1,一个男人正在打开包含耳机的包裹
1097-num-2,一个戴着耳机的男人正在打开包裹
1098-num-1,一个女人正在骑棕色马
1098-num-2,女人正在骑马
1099-num-1,没有女人骑马
1099-num-2,女人正在骑马
1100-num-1,一个男人正在打开包含耳机的包裹
1100-num-2,一个女人正在骑棕色马
1101-num-1,没有女人骑马
1101-num-2,一个男人正在打开包含耳机的包裹
1102-num-1,女人正在骑马
1102-num-2,一个男人正在打开一个包含耳机的小包装
1103-num-1,女人正在骑马
1103-num-2,一个男人正在打开不包含耳机的包裹
1104-num-1,一个戴着耳机的男人正在打开包裹
1104-num-2,女人正在骑马
1105-num-1,女人正在骑马
1105-num-2,一个男人正在打开包含耳机的包裹
1106-num-1,一个男人正在打开一个包含耳机的小包装
1106-num-2,一个男人正在打开包含耳机的包裹
1107-num-1,一个男人正在打开包含耳机的包裹
1107-num-2,一个男人正在打开不包含耳机的包裹
1109-num-1,一个男人在唱歌和弹吉他
1109-num-2,一个男人正在唱歌并弹吉他
1110-num-1,没有男人唱歌和弹吉他
1110-num-2,一个男人在唱歌和弹吉他
1111-num-1,一个男人正在唱歌并弹吉他
1111-num-2,一个男人正在打开包含耳机的包裹
1112-num-1,一个男人正在打开包含耳机的包裹
1112-num-2,没有男人唱歌和弹吉他
1113-num-1,一个男人正在打开一个包含耳机的小包装
1113-num-2,一个男人在唱歌和弹吉他
1114-num-1,一个男人正在打开不包含耳机的包裹
1114-num-2,一个男人在唱歌和弹吉他
1115-num-1,一个男人在唱歌和弹吉他
1115-num-2,一个戴着耳机的男人正在打开包裹
1116-num-1,一个男人在唱歌和弹吉他
1116-num-2,一个男人正在打开包含耳机的包裹
1121-num-1,狗正在骑滑板
1121-num-2,动物正在骑滑板
1122-num-1,没有狗骑滑板
1122-num-2,狗正在骑滑板
1126-num-1,一只海龟正在寻找鱼
1126-num-2,海龟正在寻找食物
1127-num-1,一只海龟不狩猎鱼
1127-num-2,一只海龟正在寻找鱼
1128-num-1,一条鱼正在寻找海中的乌龟
1128-num-2,一只海龟正在寻找鱼
1129-num-1,乌龟正在跟随红鱼
1129-num-2,乌龟正在跟随鱼
1130-num-1,乌龟正在跟随鱼
1130-num-2,乌龟不跟随鱼
1131-num-1,乌龟正在跟随鱼
1131-num-2,鱼正在跟随乌龟
1132-num-1,一只海龟正在寻找鱼
1132-num-2,乌龟正在跟随红鱼
1133-num-1,一只海龟正在寻找鱼
1133-num-2,乌龟不跟随鱼
1134-num-1,鱼正在跟随乌龟
1134-num-2,一只海龟正在寻找鱼
1135-num-1,乌龟正在跟随鱼
1135-num-2,海龟正在寻找食物
1136-num-1,乌龟正在跟随鱼
1136-num-2,一只海龟不狩猎鱼
1137-num-1,一条鱼正在寻找海中的乌龟
1137-num-2,乌龟正在跟随鱼
1138-num-1,一只海龟正在寻找鱼
1138-num-2,乌龟正在跟随鱼
1139-num-1,一个男人正在开车
1139-num-2,汽车是由一个男人驱动的
1140-num-1,没有人开车
1140-num-2,一个男人正在开车
1141-num-1,一个女人正在浸泡在击球手中
1141-num-2,一个女人正在浸泡在面糊中
1142-num-1,没有女人在面糊中浸入虾
1142-num-2,一个女人正在浸泡在面糊中
1143-num-1,一个女人正在浸泡在击球手中
1143-num-2,一个男人正在开车
1144-num-1,一个男人正在开车
1144-num-2,没有女人在面糊中浸入虾
1145-num-1,一个女人正在浸泡在面糊中
1145-num-2,汽车是由一个男人驱动的
1146-num-1,一个女人正在浸泡在面糊中
1146-num-2,没有人开车
1147-num-1,一个女人正在浸泡在面糊中
1147-num-2,一个男人正在开车
1148-num-1,一个男人在窗户下弹吉他
1148-num-2,一个男人在弹吉他
1149-num-1,没有人弹吉他
1149-num-2,一个男人在弹吉他
1150-num-1,一个男人在音乐会上弹钢琴
1150-num-2,一个男人在弹钢琴
1151-num-1,一个男人在弹钢琴
1151-num-2,没有人弹钢琴
1152-num-1,一个男人在音乐会上弹钢琴
1152-num-2,一个男人在弹吉他
1153-num-1,没有人弹钢琴
1153-num-2,一个男人在弹吉他
1154-num-1,一个男人在窗户下弹吉他
1154-num-2,一个男人在弹钢琴
1155-num-1,没有人弹吉他
1155-num-2,一个男人在弹钢琴
1156-num-1,一个男人在弹钢琴
1156-num-2,一个男人在弹吉他
1157-num-1,一个女人正在一个大碗中添加成分
1157-num-2,女人正在将食材添加到碗中
1158-num-1,一个女人正在从碗里去除食材
1158-num-2,女人正在将食材添加到碗中
1159-num-1,一个女人正在将一些鸡蛋裂成一个碗
1159-num-2,一个女人正在将一些鸡蛋裂成容器
1160-num-1,一个女人正在将一些鸡蛋裂成一个碗
1160-num-2,一个女人在碗外面打破一些鸡蛋
1161-num-1,一个女人正在将一些鸡蛋裂成容器
1161-num-2,女人正在将食材添加到碗中
1162-num-1,一个女人在碗外面打破一些鸡蛋
1162-num-2,女人正在将食材添加到碗中
1163-num-1,一个女人正在一个大碗中添加成分
1163-num-2,一个女人正在将一些鸡蛋裂成一个碗
1164-num-1,一个女人正在将一些鸡蛋裂成一个碗
1164-num-2,一个女人正在从碗里去除食材
1165-num-1,一个女人正在将一些鸡蛋裂成一个碗
1165-num-2,女人正在将食材添加到碗中
1166-num-1,女人正在切胡萝卜
1166-num-2,一个女人正在将胡萝卜切成薄片
1167-num-1,没有女人切胡萝卜
1167-num-2,女人正在切胡萝卜
1168-num-1,一个女人正在将土豆切成薄片
1168-num-2,女人正在切土豆
1169-num-1,没有女人切土豆
1169-num-2,女人正在切土豆
1170-num-1,一个女人正在将土豆切成薄片
1170-num-2,女人正在切胡萝卜
1171-num-1,女人正在切胡萝卜
1171-num-2,没有女人切土豆
1172-num-1,女人正在切土豆
1172-num-2,一个女人正在将胡萝卜切成薄片
1173-num-1,女人正在切土豆
1173-num-2,没有女人切胡萝卜
1174-num-1,女人正在切土豆
1174-num-2,女人正在切胡萝卜
1175-num-1,一个女人正在烹饪大虾
1175-num-2,女人正在煮虾
1176-num-1,女人不是沸腾的虾
1176-num-2,女人正在煮虾
1177-num-1,女人在梳头
1177-num-2,一个女人正在布置她的头发
1178-num-1,女人在梳头
1178-num-2,没有女人梳头
1179-num-1,女人正在煮虾
1179-num-2,一个女人正在布置她的头发
1180-num-1,女人正在煮虾
1180-num-2,没有女人梳头
1181-num-1,一个女人正在烹饪大虾
1181-num-2,女人在梳头
1182-num-1,女人不是沸腾的虾
1182-num-2,女人在梳头
1183-num-1,女人正在煮虾
1183-num-2,女人在梳头
1184-num-1,一个男人和一个女人在林木区远足
1184-num-2,一个男人和一个女人正在穿越林区
1185-num-1,一个男人和一个女人在沙漠地区行走
1185-num-2,一个男人和一个女人正在穿越林区
1186-num-1,一个男人和一个女人正在一起穿过林区
1186-num-2,一个男人和一个女人在树林里一起行走
1187-num-1,一个男人和一个女人在树林里一起行走
1187-num-2,一个男人和一个女人正在一起穿过城市
1188-num-1,一个男人和一个女人正在一起穿过林区
1188-num-2,一个男人和一个女人正在穿越林区
1189-num-1,一个男人和一个女人正在一起穿过城市
1189-num-2,一个男人和一个女人正在穿越林区
1190-num-1,一个男人和一个女人在林木区远足
1190-num-2,一个男人和一个女人在树林里一起行走
1191-num-1,一个男人和一个女人在树林里一起行走
1191-num-2,一个男人和一个女人在沙漠地区行走
1192-num-1,一个男人和一个女人在树林里一起行走
1192-num-2,一个男人和一个女人正在穿越林区
1193-num-1,一个男人正在讲台上发表演讲
1193-num-2,一个男人在讲台上说话
1194-num-1,一个男人在讲台上说话
1194-num-2,没有男人在讲台上说话
1195-num-1,一个男人在讲台上说话
1195-num-2,讲台是男人说话的地方
1196-num-1,一个男人在人群面前的舞台上坦克
1196-num-2,一个男人在舞台上说话
1197-num-1,一个男人在舞台上说话
1197-num-2,没有人在舞台上说话
1198-num-1,一个男人正在谈论舞台
1198-num-2,一个男人在舞台上说话
1199-num-1,一个男人在讲台上说话
1199-num-2,一个男人在人群面前的舞台上坦克
1200-num-1,一个男人在讲台上说话
1200-num-2,没有人在舞台上说话
1201-num-1,一个男人正在谈论舞台
1201-num-2,一个男人在讲台上说话
1202-num-1,一个男人正在讲台上发表演讲
1202-num-2,一个男人在舞台上说话
1203-num-1,一个男人在舞台上说话
1203-num-2,没有男人在讲台上说话
1204-num-1,一个男人在舞台上说话
1204-num-2,讲台是男人说话的地方
1205-num-1,一个男人在舞台上说话
1205-num-2,一个男人在讲台上说话
1206-num-1,一个女人在电话上说话
1206-num-2,女人在用电话说话
1207-num-1,女人不是在电话中说话
1207-num-2,女人在用电话说话
1208-num-1,两个受惊的男孩正在通电话
1208-num-2,两个男孩在电话中聊天
1209-num-1,两个男孩在电话中聊天
1209-num-2,两个男孩没有打电话
1210-num-1,两个受惊的男孩正在通电话
1210-num-2,女人在用电话说话
1211-num-1,女人在用电话说话
1211-num-2,两个男孩没有打电话
1212-num-1,一个女人在电话上说话
1212-num-2,两个男孩在电话中聊天
1213-num-1,女人不是在电话中说话
1213-num-2,两个男孩在电话中聊天
1214-num-1,女人在用电话说话
1214-num-2,两个男孩在电话中聊天
1215-num-1,一只猴子在沼泽中涉水
1215-num-2,一只猴子在河里涉水
1216-num-1,没有猴子在沼泽中涉水
1216-num-2,一只猴子在沼泽中涉水
1217-num-1,一只小猴子在河里行走
1217-num-2,一只小猴子在水中行走
1218-num-1,一只小猴子在水中行走
1218-num-2,猴子不是在水中行走
1219-num-1,一只小猴子在河里行走
1219-num-2,一只猴子在沼泽中涉水
1220-num-1,一只猴子在沼泽中涉水
1220-num-2,猴子不是在水中行走
1221-num-1,一只猴子在河里涉水
1221-num-2,一只小猴子在水中行走
1222-num-1,一只小猴子在水中行走
1222-num-2,没有猴子在沼泽中涉水
1223-num-1,一只小猴子在水中行走
1223-num-2,一只猴子在沼泽中涉水
1224-num-1,一个男人正在切面包
1224-num-2,一个男人正在切面包
1225-num-1,一个男人正在切面包
1225-num-2,没有人切面包
1226-num-1,一个男人正在切一个红色的番茄
1226-num-2,一个男人正在切番茄
1227-num-1,一个男人正在切番茄
1227-num-2,没有人切番茄
1228-num-1,一个男人正在切一个红色的番茄
1228-num-2,一个男人正在切面包
1229-num-1,一个男人正在切面包
1229-num-2,没有人切番茄
1230-num-1,一个男人正在切面包
1230-num-2,一个男人正在切番茄
1231-num-1,一个男人正在切番茄
1231-num-2,没有人切面包
1232-num-1,一个男人正在切面包
1232-num-2,一个男人正在切番茄
1233-num-1,一个女人在雨中跳舞和唱歌
1233-num-2,一个女人在雨中表演
1234-num-1,一个女人在雨中跳舞和唱歌
1234-num-2,没有女人在雨中跳舞和唱歌
1235-num-1,有些女人在跳舞和唱歌
1235-num-2,一个女人正在和其他女人一起跳舞和唱歌
1236-num-1,一个女人一个人跳舞和唱歌
1236-num-2,一个女人正在和其他女人一起跳舞和唱歌
1237-num-1,有些女人在跳舞和唱歌
1237-num-2,一个女人在雨中跳舞和唱歌
1238-num-1,一个女人在雨中跳舞和唱歌
1238-num-2,一个女人一个人跳舞和唱歌
1239-num-1,一个女人正在和其他女人一起跳舞和唱歌
1239-num-2,一个女人在雨中表演
1240-num-1,没有女人在雨中跳舞和唱歌
1240-num-2,一个女人正在和其他女人一起跳舞和唱歌
1241-num-1,一个女人正在和其他女人一起跳舞和唱歌
1241-num-2,一个女人在雨中跳舞和唱歌
1242-num-1,一个女人正在去除土豆的果皮
1242-num-2,女人正在剥土豆
1243-num-1,女人正在剥土豆
1243-num-2,没有女人剥土豆
1244-num-1,一个男人正在切一个红色的番茄
1244-num-2,一个女人正在切番茄
1245-num-1,一个女人正在切番茄
1245-num-2,没有女人切番茄
1246-num-1,女人正在剥土豆
1246-num-2,一个男人正在切一个红色的番茄
1247-num-1,没有女人切番茄
1247-num-2,女人正在剥土豆
1248-num-1,一个女人正在去除土豆的果皮
1248-num-2,一个女人正在切番茄
1249-num-1,一个女人正在切番茄
1249-num-2,没有女人剥土豆
1250-num-1,女人正在剥土豆
1250-num-2,一个女人正在切番茄
1251-num-1,女人正在合并鸡蛋
1251-num-2,女人正在混合鸡蛋
1252-num-1,没有女人混合鸡蛋
1252-num-2,女人正在混合鸡蛋
1253-num-1,饥饿的女人在吃东西
1253-num-2,女人在吃东西
1254-num-1,女人在吃东西
1254-num-2,女人在喝酒
1255-num-1,饥饿的女人在吃东西
1255-num-2,女人正在混合鸡蛋
1256-num-1,女人正在混合鸡蛋
1256-num-2,女人在喝酒
1257-num-1,女人正在合并鸡蛋
1257-num-2,女人在吃东西
1258-num-1,女人在吃东西
1258-num-2,没有女人混合鸡蛋
1259-num-1,女人在吃东西
1259-num-2,女人正在混合鸡蛋
1260-num-1,乐队在舞台上表演
1260-num-2,乐队在舞台上演奏
1261-num-1,乐队没有在舞台上表演
1261-num-2,乐队在舞台上表演
1262-num-1,乐队在舞台上表演
1262-num-2,乐队在舞台上演奏
1263-num-1,乐队在舞台上演奏
1263-num-2,没有乐队演奏
1264-num-1,乐队在舞台上表演
1264-num-2,乐队在舞台上表演
1265-num-1,乐队在舞台上表演
1265-num-2,没有乐队演奏
1266-num-1,乐队在舞台上演奏
1266-num-2,乐队在舞台上演奏
1267-num-1,乐队没有在舞台上表演
1267-num-2,乐队在舞台上演奏
1268-num-1,乐队在舞台上表演
1268-num-2,乐队在舞台上演奏
1269-num-1,一个男人在摇酒
1269-num-2,一个男人正在混合
1270-num-1,没有男人混合
1270-num-2,一个男人正在混合
1271-num-1,一个男人正在安排花园
1271-num-2,一个男人正在修剪草坪
1272-num-1,一个男人正在修剪草坪
1272-num-2,一个人不是割草
1273-num-1,一个男人正在混合
1273-num-2,一个男人正在安排花园
1274-num-1,一个男人正在混合
1274-num-2,一个人不是割草
1275-num-1,一个男人在摇酒
1275-num-2,一个男人正在修剪草坪
1276-num-1,没有男人混合
1276-num-2,一个男人正在修剪草坪
1277-num-1,一个男人正在混合
1277-num-2,一个男人正在修剪草坪
1278-num-1,一个男人在跳舞
1278-num-2,一个男人正在优雅地移动
1279-num-1,一个男人坐着
1279-num-2,一个男人在跳舞
1280-num-1,一个男人在院子里走路
1280-num-2,一个男人在外面走路
1281-num-1,没有男人在外面走路
1281-num-2,一个男人在外面走路
1282-num-1,一个男人在跳舞
1282-num-2,一个男人在院子里走路
1283-num-1,没有男人在外面走路
1283-num-2,一个男人在跳舞
1284-num-1,一个男人正在优雅地移动
1284-num-2,一个男人在外面走路
1285-num-1,一个男人坐着
1285-num-2,一个男人在外面走路
1286-num-1,一个男人在跳舞
1286-num-2,一个男人在外面走路
1287-num-1,一只黑猫在风扇上摇摆
1287-num-2,一只猫在风扇上摇摆
1288-num-1,风扇上没有猫摇摆
1288-num-2,一只猫在风扇上摇摆
1289-num-1,一只猫被困在正在移动的吊扇上
1289-num-2,一只猫被困在移动的吊扇上
1290-num-1,一只猫被困在移动的吊扇上
1290-num-2,一只猫在动人的吊扇上玩
1291-num-1,一只猫在风扇上摇摆
1291-num-2,一只猫被困在正在移动的吊扇上
1292-num-1,一只猫在动人的吊扇上玩
1292-num-2,一只猫在风扇上摇摆
1293-num-1,一只黑猫在风扇上摇摆
1293-num-2,一只猫被困在移动的吊扇上
1294-num-1,一只猫被困在移动的吊扇上
1294-num-2,风扇上没有猫摇摆
1295-num-1,一只猫在风扇上摇摆
1295-num-2,一只猫被困在移动的吊扇上
1296-num-1,一个男人正在用长笛制作音乐
1296-num-2,一个男人在玩长笛
1297-num-1,一个男人在玩长笛
1297-num-2,没有男人玩长笛
1298-num-1,一个男人用长笛打棒球
1298-num-2,一个男人在玩长笛
1299-num-1,一个男人在踢足球
1299-num-2,一个男人正在玩球
1300-num-1,没有人踢足球
1300-num-2,一个男人在踢足球
1301-num-1,一个男人在踢足球
1301-num-2,一个足球运动员正在弹钢琴
1302-num-1,一个男人在玩长笛
1302-num-2,一个男人正在玩球
1303-num-1,一个男人在玩长笛
1303-num-2,没有人踢足球
1304-num-1,一个足球运动员正在弹钢琴
1304-num-2,一个男人在玩长笛
1305-num-1,一个男人正在用长笛制作音乐
1305-num-2,一个男人在踢足球
1306-num-1,没有男人玩长笛
1306-num-2,一个男人在踢足球
1307-num-1,一个男人用长笛打棒球
1307-num-2,一个男人在踢足球
1308-num-1,一个男人在玩长笛
1308-num-2,一个男人在踢足球
1309-num-1,一个男人正在炸玉米饼
1309-num-2,一个男人正在炸食物
1310-num-1,没有人炸玉米饼
1310-num-2,一个男人正在炸玉米饼
1311-num-1,一个人正在执行纸牌技巧
1311-num-2,一个人正在用一些卡做一个技巧
1312-num-1,一个人正在执行纸牌技巧
1312-num-2,没有人在执行纸牌技巧
1313-num-1,一个人正在用一些卡做一个技巧
1313-num-2,一个男人正在炸玉米饼
1314-num-1,一个男人正在炸玉米饼
1314-num-2,没有人在执行纸牌技巧
1315-num-1,一个人正在执行纸牌技巧
1315-num-2,一个男人正在炸食物
1316-num-1,一个人正在执行纸牌技巧
1316-num-2,没有人炸玉米饼
1317-num-1,一个人正在执行纸牌技巧
1317-num-2,一个男人正在炸玉米饼
1318-num-1,一个男孩在打个塑料剑的男人
1318-num-2,一个男孩正在用玩具武器打屁股
1319-num-1,一个男孩在打个塑料剑的男人
1319-num-2,一个男孩用塑料剑打屁股
1320-num-1,一个男孩在打个塑料剑的男人
1320-num-2,一个男人用塑料剑打屁股
1321-num-1,一个男孩正在用剑殴打一个男人
1321-num-2,一个男人被武器击中
1322-num-1,没有人被打中
1322-num-2,一个男孩正在用剑殴打一个男人
1323-num-1,一个男孩正在用剑殴打一个男人
1323-num-2,一个男人用剑殴打一个男孩
1324-num-1,一个男孩在打个塑料剑的男人
1324-num-2,一个男人被武器击中
1325-num-1,没有人被打中
1325-num-2,一个男孩在打个塑料剑的男人
1326-num-1,一个男人用剑殴打一个男孩
1326-num-2,一个男孩在打个塑料剑的男人
1327-num-1,一个男孩正在用玩具武器打屁股
1327-num-2,一个男孩正在用剑殴打一个男人
1328-num-1,一个男孩正在用剑殴打一个男人
1328-num-2,一个男孩用塑料剑打屁股
1329-num-1,一个男孩正在用剑殴打一个男人
1329-num-2,一个男人用塑料剑打屁股
1330-num-1,一个男孩在打个塑料剑的男人
1330-num-2,一个男孩正在用剑殴打一个男人
1331-num-1,这位年轻女士正在测量另一个女人的脚踝
1331-num-2,这位女士正在测量另一个女人的脚踝
1332-num-1,这位女士没有测量另一个女人的脚踝
1332-num-2,这位女士正在测量另一个女人的脚踝
1333-num-1,女人正在衡量另一个女人
1333-num-2,一个女人是由另一个女人衡量的
1334-num-1,女人正在测量男人
1334-num-2,女人正在衡量另一个女人
1335-num-1,这位女士正在测量另一个女人的脚踝
1335-num-2,一个女人是由另一个女人衡量的
1336-num-1,女人正在测量男人
1336-num-2,这位女士正在测量另一个女人的脚踝
1337-num-1,这位年轻女士正在测量另一个女人的脚踝
1337-num-2,女人正在衡量另一个女人
1338-num-1,女人正在衡量另一个女人
1338-num-2,这位女士没有测量另一个女人的脚踝
1339-num-1,这位女士正在测量另一个女人的脚踝
1339-num-2,女人正在衡量另一个女人
1340-num-1,一个男人在电话中说话
1340-num-2,一个男人正在打电话
1341-num-1,没有人打电话
1341-num-2,一个男人正在打电话
1342-num-1,一个男人在用手机说话
1342-num-2,一个男人正在用手机打电话
1343-num-1,一个男人正在挂断电话
1343-num-2,一个男人正在用手机打电话
1344-num-1,一个男人在用手机说话
1344-num-2,一个男人正在打电话
1345-num-1,一个男人正在挂断电话
1345-num-2,一个男人正在打电话
1346-num-1,一个男人正在用手机打电话
1346-num-2,一个男人在电话中说话
1347-num-1,没有人打电话
1347-num-2,一个男人正在用手机打电话
1348-num-1,一个男人正在用手机打电话
1348-num-2,一个男人正在打电话
1349-num-1,动物在花园里从一边到另一侧滚动
1349-num-2,一只狗一侧向一侧滚动
1350-num-1,没有狗从一侧到另一侧滚动
1350-num-2,一只狗一侧向一侧滚动
1351-num-1,一只可爱的小狗在背面反复滚动
1351-num-2,一只小狗在背面反复滚动
1352-num-1,没有小狗滚动
1352-num-2,一只小狗在背面反复滚动
1353-num-1,一只可爱的小狗在背面反复滚动
1353-num-2,一只狗一侧向一侧滚动
1354-num-1,一只狗一侧向一侧滚动
1354-num-2,没有小狗滚动
1355-num-1,一只小狗在背面反复滚动
1355-num-2,动物在花园里从一边到另一侧滚动
1356-num-1,没有狗从一侧到另一侧滚动
1356-num-2,一只小狗在背面反复滚动
1357-num-1,一只小狗在背面反复滚动
1357-num-2,一只狗一侧向一侧滚动
1358-num-1,机器正在锐化铅笔
1358-num-2,铅笔正在锋利
1359-num-1,机器正在锐化刀
1359-num-2,机器正在锐化铅笔
1360-num-1,机器正在剃光铅笔的末端
1360-num-2,一支铅笔被机器剃光
1361-num-1,机器没有剃光铅笔
1361-num-2,机器正在剃光铅笔的末端
1362-num-1,一支铅笔被机器剃光
1362-num-2,机器正在锐化铅笔
1363-num-1,机器没有剃光铅笔
1363-num-2,机器正在锐化铅笔
1364-num-1,机器正在剃光铅笔的末端
1364-num-2,铅笔正在锋利
1365-num-1,机器正在锐化刀
1365-num-2,机器正在剃光铅笔的末端
1366-num-1,机器正在锐化铅笔
1366-num-2,机器正在剃光铅笔的末端
1367-num-1,一个男人在公园里玩键盘
1367-num-2,一个男人在玩键盘
1369-num-1,钢琴家正在弹键盘
1369-num-2,一个人在弹键盘
1370-num-1,一个人没有弹键盘
1370-num-2,一个人在弹键盘
1371-num-1,一个男人在玩键盘
1371-num-2,钢琴家正在弹键盘
1372-num-1,一个人没有弹键盘
1372-num-2,一个男人在玩键盘
1373-num-1,一个男人在公园里玩键盘
1373-num-2,一个人在弹键盘
1374-num-1,一个人在弹键盘
1374-num-2,没有男人在玩键盘
1375-num-1,一个男人在玩键盘
1375-num-2,一个人在弹键盘
1376-num-1,一个男人正在冲洗大牛排
1376-num-2,一个男人正在冲洗一大块肉
1377-num-1,一个男人正在冲洗大牛排
1377-num-2,一个人没有冲洗大牛排
1378-num-1,一个人用水冲洗牛排
1378-num-2,一个人用水冲洗牛排
1379-num-1,没有人用水冲洗牛排
1379-num-2,一个人用水冲洗牛排
1380-num-1,一个人用水冲洗牛排
1380-num-2,一个男人正在冲洗大牛排
1381-num-1,没有人用水冲洗牛排
1381-num-2,一个男人正在冲洗大牛排
1382-num-1,一个人用水冲洗牛排
1382-num-2,一个男人正在冲洗一大块肉
1383-num-1,一个人用水冲洗牛排
1383-num-2,一个人没有冲洗大牛排
1384-num-1,一个男人正在冲洗大牛排
1384-num-2,一个人用水冲洗牛排
1385-num-1,一个人正在砍洋葱
1385-num-2,一个人正在切碎洋葱
1386-num-1,一个人没有切碎洋葱
1386-num-2,一个人正在切碎洋葱
1387-num-1,一个人正在骑旧摩托车
1387-num-2,一个人正在骑摩托车
1388-num-1,一个人正在骑摩托车
1388-num-2,一个人站在摩托车附近
1389-num-1,一个人正在切碎洋葱
1389-num-2,一个人正在骑旧摩托车
1390-num-1,一个人站在摩托车附近
1390-num-2,一个人正在切碎洋葱
1391-num-1,一个人正在骑摩托车
1391-num-2,一个人正在砍洋葱
1392-num-1,一个人没有切碎洋葱
1392-num-2,一个人正在骑摩托车
1393-num-1,一个人正在骑摩托车
1393-num-2,一个人正在切碎洋葱
1394-num-1,一个悲伤的人在哭
1394-num-2,一个男人在哭
1395-num-1,一个男人在笑
1395-num-2,一个男人在哭
1396-num-1,一个男人在尖叫
1396-num-2,一个男人很害怕
1397-num-1,没有男人尖叫
1397-num-2,一个男人在尖叫
1398-num-1,一个男人在哭
1398-num-2,一个男人很害怕
1399-num-1,没有男人尖叫
1399-num-2,一个男人在哭
1400-num-1,一个悲伤的人在哭
1400-num-2,一个男人在尖叫
1401-num-1,一个男人在笑
1401-num-2,一个男人在尖叫
1402-num-1,一个男人在哭
1402-num-2,一个男人在尖叫
1403-num-1,黄油被男人切碎到容器中
1403-num-2,一个男人正在将黄油切成容器
1404-num-1,一个人将黄油切成一个小容器
1404-num-2,一个男人正在将黄油切成容器
1405-num-1,一个女人正在砍伐大虾
1405-num-2,女人正在切虾
1406-num-1,女人没有切虾
1406-num-2,女人正在切虾
1407-num-1,一个男人正在将黄油切成容器
1407-num-2,一个女人正在砍伐大虾
1408-num-1,女人没有切虾
1408-num-2,一个男人正在将黄油切成容器
1409-num-1,黄油被男人切碎到容器中
1409-num-2,女人正在切虾
1410-num-1,女人正在切虾
1410-num-2,一个人将黄油切成一个小容器
1411-num-1,女人正在切虾
1411-num-2,一个男人正在将黄油切成容器
1412-num-1,男人正在锯
1412-num-2,男人正在切木
1413-num-1,女人正在锯
1413-num-2,男人正在锯
1414-num-1,有些男人正在锯
1414-num-2,男人在锯
1415-num-1,有些男人正在锯
1415-num-2,没有人锯
1416-num-1,男人正在锯
1416-num-2,男人在锯
1417-num-1,男人正在锯
1417-num-2,没有人锯
1418-num-1,男人正在切木
1418-num-2,有些男人正在锯
1419-num-1,有些男人正在锯
1419-num-2,女人正在锯
1420-num-1,男人正在锯
1420-num-2,有些男人正在锯
1421-num-1,一个女人正在洗脚
1421-num-2,一个女人在刷她的脚
1422-num-1,女人在刷她的手
1422-num-2,一个女人在刷她的脚
1423-num-1,女人正在砍洋葱
1423-num-2,女人正在切碎洋葱
1424-num-1,女人正在切碎洋葱
1424-num-2,女人没有切碎洋葱
1425-num-1,女人正在砍洋葱
1425-num-2,一个女人在刷她的脚
1426-num-1,一个女人在刷她的脚
1426-num-2,女人没有切碎洋葱
1427-num-1,女人正在切碎洋葱
1427-num-2,一个女人正在洗脚
1428-num-1,女人在刷她的手
1428-num-2,女人正在切碎洋葱
1429-num-1,一个女人在刷她的脚
1429-num-2,女人正在切碎洋葱
1431-num-1,一个男人在弹吉他
1431-num-2,男人没有弹吉他
1432-num-1,一个男人在玩键盘
1432-num-2,音乐家正在弹键盘
1433-num-1,没有男人在玩键盘
1433-num-2,一个男人在玩键盘
1434-num-1,一个男人在弹吉他
1434-num-2,音乐家正在弹键盘
1435-num-1,没有男人在玩键盘
1435-num-2,一个男人在弹吉他
1436-num-1,一个男人正在弹电吉他
1436-num-2,一个男人在玩键盘
1437-num-1,男人没有弹吉他
1437-num-2,一个男人在玩键盘
1438-num-1,一个男人在弹吉他
1438-num-2,一个男人在玩键盘
1439-num-1,一个男人在地上吐口水
1439-num-2,一个男人正在吐口水
1440-num-1,一个男人正在吐口水
1440-num-2,没有人吐口水
1441-num-1,一个男人在广播中说话
1441-num-2,一个男人在说话
1442-num-1,一个男人在说话
1442-num-2,一个男人在笑
1443-num-1,一个男人在广播中说话
1443-num-2,一个男人正在吐口水
1444-num-1,一个男人在笑
1444-num-2,一个男人正在吐口水
1445-num-1,一个男人在地上吐口水
1445-num-2,一个男人在说话
1446-num-1,没有人吐口水
1446-num-2,一个男人在说话
1447-num-1,一个男人在说话
1447-num-2,一个男人正在吐口水
1448-num-1,一个男人正在散开面团
1448-num-2,面团正在由一个男人散开
1449-num-1,一个男人正在大块面团
1449-num-2,一个男人正在散开面团
1450-num-1,女人正在用锋利的刀切肉
1450-num-2,女人正在用刀切肉
1451-num-1,女人正在用刀切肉
1451-num-2,没有女人用刀切肉
1452-num-1,女人正在用锋利的刀切肉
1452-num-2,一个男人正在散开面团
1453-num-1,一个男人正在散开面团
1453-num-2,没有女人用刀切肉
1454-num-1,面团正在由一个男人散开
1454-num-2,女人正在用刀切肉
1455-num-1,女人正在用刀切肉
1455-num-2,一个男人正在大块面团
1456-num-1,女人正在用刀切肉
1456-num-2,一个男人正在散开面团
1457-num-1,一个快乐的婴儿在笑
1457-num-2,婴儿在笑
1458-num-1,婴儿在笑
1458-num-2,一个婴儿在哭
1459-num-1,一个男人正在锻炼
1459-num-2,一个男人正在进行体育锻炼
1460-num-1,一个男人正在休息
1460-num-2,一个男人正在锻炼
1461-num-1,一个男人正在进行体育锻炼
1461-num-2,婴儿在笑
1462-num-1,婴儿在笑
1462-num-2,一个男人正在休息
1463-num-1,一个男人正在锻炼
1463-num-2,一个快乐的婴儿在笑
1464-num-1,一个婴儿在哭
1464-num-2,一个男人正在锻炼
1465-num-1,一个男人正在锻炼
1465-num-2,婴儿在笑
1466-num-1,三个男人跳下一堵墙
1466-num-2,三个人跳下墙
1467-num-1,三个人跳到墙上
1467-num-2,三个人跳下墙
1468-num-1,三名年轻人奔跑，跳跃和踢脚在自动售货机附近
1468-num-2,三个年轻人在自动售货机附近奔跑，跳跃和踢
1469-num-1,三个年轻人在自动售货机附近奔跑，跳跃和踢
1469-num-2,没有人在自动售货机附近奔跑，跳跃和踢
1470-num-1,三个人跳下墙
1470-num-2,三名年轻人奔跑，跳跃和踢脚在自动售货机附近
1471-num-1,没有人在自动售货机附近奔跑，跳跃和踢
1471-num-2,三个人跳下墙
1472-num-1,三个年轻人在自动售货机附近奔跑，跳跃和踢
1472-num-2,三个男人跳下一堵墙
1473-num-1,三个年轻人在自动售货机附近奔跑，跳跃和踢
1473-num-2,三个人跳到墙上
1474-num-1,三个人跳下墙
1474-num-2,三个年轻人在自动售货机附近奔跑，跳跃和踢
1475-num-1,一只鹿跳过旋风栅栏
1475-num-2,一只鹿跳过墙
1476-num-1,一只鹿站在篱笆里
1476-num-2,一只鹿跳过旋风栅栏
1477-num-1,鹿跳过低篱笆
1477-num-2,鹿跳过篱笆
1478-num-1,鹿跳过篱笆
1478-num-2,鹿没有跳过篱笆
1479-num-1,鹿跳过低篱笆
1479-num-2,一只鹿跳过旋风栅栏
1480-num-1,一只鹿跳过旋风栅栏
1480-num-2,鹿没有跳过篱笆
1481-num-1,一只鹿跳过墙
1481-num-2,鹿跳过篱笆
1482-num-1,一只鹿站在篱笆里
1482-num-2,鹿跳过篱笆
1483-num-1,一只鹿跳过旋风栅栏
1483-num-2,鹿跳过篱笆
1484-num-1,油正在搅动一个人
1484-num-2,该男子正在搅拌油
1485-num-1,这个人没有搅拌油
1485-num-2,该男子正在搅拌油
1486-num-1,这个男人正在为鸡肉搅拌酱汁
1486-num-2,这个男人正在为肉烹饪酱汁
1487-num-1,这个男人没有为鸡肉搅拌酱汁
1487-num-2,这个男人正在为鸡肉搅拌酱汁
1488-num-1,该男子正在搅拌油
1488-num-2,这个男人正在为肉烹饪酱汁
1489-num-1,该男子正在搅拌油
1489-num-2,这个男人没有为鸡肉搅拌酱汁
1490-num-1,这个男人正在为鸡肉搅拌酱汁
1490-num-2,油正在搅动一个人
1491-num-1,这个男人正在为鸡肉搅拌酱汁
1491-num-2,这个人没有搅拌油
1492-num-1,该男子正在搅拌油
1492-num-2,这个男人正在为鸡肉搅拌酱汁
1493-num-1,一个男人正在弹电吉他
1493-num-2,一个男人正在弹吉他
1494-num-1,没有男人弹吉他
1494-num-2,一个男人正在弹吉他
1495-num-1,一个男人在弹吉他
1495-num-2,一个男人正在弹吉他
1496-num-1,一个男人在弹吉他
1496-num-2,没有人弹吉他
1497-num-1,一个男人正在弹吉他
1497-num-2,一个男人正在弹吉他
1498-num-1,一个男人正在弹吉他
1498-num-2,没有人弹吉他
1499-num-1,一个男人正在弹电吉他
1499-num-2,一个男人在弹吉他
1500-num-1,没有男人弹吉他
1500-num-2,一个男人在弹吉他
1501-num-1,一个男人在弹吉他
1501-num-2,一个男人正在弹吉他
1502-num-1,三个穿着空手道制服的男孩陪练
1502-num-2,空手道服装的三个男孩正在战斗
1503-num-1,空手道服装的三个男孩没有战斗
1503-num-2,空手道服装的三个男孩正在战斗
1504-num-1,三个人在一个领域练习空手道
1504-num-2,三个人在户外练习空手道
1505-num-1,三个人在一个领域练习空手道
1505-num-2,三个人正在健身房练习空手道
1506-num-1,三个人在户外练习空手道
1506-num-2,空手道服装的三个男孩正在战斗
1507-num-1,空手道服装的三个男孩正在战斗
1507-num-2,三个人正在健身房练习空手道
1508-num-1,三个穿着空手道制服的男孩陪练
1508-num-2,三个人在一个领域练习空手道
1509-num-1,空手道服装的三个男孩没有战斗
1509-num-2,三个人在一个领域练习空手道
1510-num-1,空手道服装的三个男孩正在战斗
1510-num-2,三个人在一个领域练习空手道
1511-num-1,有些女人圈子互相抱着跳舞
1511-num-2,一些女人互相抱着并一起跳舞
1512-num-1,一个女人一个人跳舞
1512-num-2,一些女人互相抱着并一起跳舞
1513-num-1,两个男人在打乒乓球
1513-num-2,两个男人在玩乒乓球
1514-num-1,两个男人正在踢足球
1514-num-2,两个男人在打乒乓球
1515-num-1,两个男人在玩乒乓球
1515-num-2,一些女人互相抱着并一起跳舞
1516-num-1,一些女人互相抱着并一起跳舞
1516-num-2,两个男人正在踢足球
1517-num-1,有些女人圈子互相抱着跳舞
1517-num-2,两个男人在打乒乓球
1518-num-1,两个男人在打乒乓球
1518-num-2,一个女人一个人跳舞
1519-num-1,两个男人在打乒乓球
1519-num-2,一些女人互相抱着并一起跳舞
1520-num-1,一个女人正在切西兰花
1520-num-2,女人正在切蔬菜
1521-num-1,没有女人削减西兰花
1521-num-2,一个女人正在切西兰花
1522-num-1,一个女人正在切一些花
1522-num-2,女人正在切一些植物
1523-num-1,女人正在种一些花
1523-num-2,一个女人正在切一些花
1524-num-1,女人正在切一些植物
1524-num-2,一个女人正在切西兰花
1525-num-1,女人正在种一些花
1525-num-2,一个女人正在切西兰花
1526-num-1,女人正在切蔬菜
1526-num-2,一个女人正在切一些花
1527-num-1,一个女人正在切一些花
1527-num-2,没有女人削减西兰花
1528-num-1,一个女人正在切一些花
1528-num-2,一个女人正在切西兰花
1529-num-1,一匹白马站着
1529-num-2,一匹马站着
1530-num-1,一匹马站着
1530-num-2,一匹马在奔跑
1531-num-1,一个女人正在切白洋葱
1531-num-2,女人正在割洋葱
1533-num-1,一个女人正在切白洋葱
1533-num-2,一匹马站着
1534-num-1,没有女人割洋葱
1534-num-2,一匹马站着
1535-num-1,一匹白马站着
1535-num-2,女人正在割洋葱
1536-num-1,一匹马在奔跑
1536-num-2,女人正在割洋葱
1537-num-1,女人正在割洋葱
1537-num-2,一匹马站着
1538-num-1,猫在弹钢琴
1538-num-2,猫在玩键盘
1539-num-1,猫在玩键盘
1539-num-2,没有猫在玩键盘
1540-num-1,音乐家正在弹奏两个键盘
1540-num-2,一个男人正在玩两个键盘
1541-num-1,一个男人正在玩两个键盘
1541-num-2,没有男人玩两个键盘
1542-num-1,猫在玩键盘
1542-num-2,音乐家正在弹奏两个键盘
1543-num-1,猫在玩键盘
1543-num-2,没有男人玩两个键盘
1544-num-1,猫在弹钢琴
1544-num-2,一个男人正在玩两个键盘
1545-num-1,一个男人正在玩两个键盘
1545-num-2,没有猫在玩键盘
1546-num-1,猫在玩键盘
1546-num-2,一个男人正在玩两个键盘
1547-num-1,哑剧在小舞台上表演
1547-num-2,哑剧在舞台上表演
1548-num-1,没有哑剧表演
1548-num-2,哑剧在舞台上表演
1549-num-1,男人在舞台上行事
1549-num-2,男人在舞台上表演
1550-num-1,两个人要离开舞台
1550-num-2,男人在舞台上表演
1551-num-1,男人在舞台上行事
1551-num-2,哑剧在舞台上表演
1552-num-1,两个人要离开舞台
1552-num-2,哑剧在舞台上表演
1553-num-1,男人在舞台上表演
1553-num-2,哑剧在小舞台上表演
1554-num-1,没有哑剧表演
1554-num-2,男人在舞台上表演
1555-num-1,哑剧在舞台上表演
1555-num-2,男人在舞台上表演
1556-num-1,一个男人正在携带一棵树
1556-num-2,一个人正在携带植物
1557-num-1,一个男人正在掉树
1557-num-2,一个男人正在携带一棵树
1558-num-1,一个男人正在捡树
1558-num-2,一棵树被一个男人捡起
1559-num-1,一个男人正在植树
1559-num-2,一个男人正在捡树
1560-num-1,一棵树被一个男人捡起
1560-num-2,一个男人正在携带一棵树
1561-num-1,一个男人正在携带一棵树
1561-num-2,一个男人正在植树
1562-num-1,一个男人正在捡树
1562-num-2,一个人正在携带植物
1563-num-1,一个男人正在捡树
1563-num-2,一个男人正在掉树
1564-num-1,一个男人正在捡树
1564-num-2,一个男人正在携带一棵树
1565-num-1,一个男人热情地弹吉他
1565-num-2,一个男人在弹吉他
1566-num-1,一个男人在弹吉他
1566-num-2,没有人弹吉他
1567-num-1,一个男人在弹吉他
1567-num-2,一个男人正在弹吉他主人
1568-num-1,一个人正在吹小号
1568-num-2,一个人在玩小号
1569-num-1,一个人正在停止玩小号
1569-num-2,一个人在玩小号
1570-num-1,一个人正在听小号演奏
1570-num-2,一个人在玩小号
1571-num-1,一个人正在吹小号
1571-num-2,一个男人在弹吉他
1572-num-1,一个人正在停止玩小号
1572-num-2,一个男人在弹吉他
1573-num-1,一个男人在弹吉他
1573-num-2,一个人正在听小号演奏
1574-num-1,一个人在玩小号
1574-num-2,一个男人热情地弹吉他
1575-num-1,一个人在玩小号
1575-num-2,没有人弹吉他
1576-num-1,一个男人正在弹吉他主人
1576-num-2,一个人在玩小号
1577-num-1,一个男人在弹吉他
1577-num-2,一个人在玩小号
1578-num-1,badge无当
1578-num-2,一个洞被badger钻了
1579-num-1,徽章没有钻孔
1579-num-2,badge无当
1580-num-1,精明的terger正在挖掘地球
1580-num-2,一个terger乱地挖掘地球
1581-num-1,没有the着地球的badge乱
1581-num-2,一个terger乱地挖掘地球
1582-num-1,精明的terger正在挖掘地球
1582-num-2,badge无当
1583-num-1,badge无当
1583-num-2,没有the着地球的badge乱
1584-num-1,一个洞被badger钻了
1584-num-2,一个terger乱地挖掘地球
1585-num-1,一个terger乱地挖掘地球
1585-num-2,徽章没有钻孔
1586-num-1,一个terger乱地挖掘地球
1586-num-2,badge无当
1587-num-1,一个人将一些液体倒入锅中
1587-num-2,一个男人正在倒液体
1588-num-1,一个男人正在倒液体
1588-num-2,没有人倒在锅中
1589-num-1,厨师小心地将油倒在锅中
1589-num-2,厨师小心地将一些油倒入锅中
1590-num-1,厨师正在小心地从锅中干燥油
1590-num-2,厨师小心地将一些油倒入锅中
1591-num-1,厨师小心地将油倒在锅中
1591-num-2,一个男人正在倒液体
1592-num-1,一个男人正在倒液体
1592-num-2,厨师正在小心地从锅中干燥油
1593-num-1,厨师小心地将一些油倒入锅中
1593-num-2,一个人将一些液体倒入锅中
1594-num-1,厨师小心地将一些油倒入锅中
1594-num-2,没有人倒在锅中
1595-num-1,一个男人正在倒液体
1595-num-2,厨师小心地将一些油倒入锅中
1596-num-1,该男子在用于速记的机器上打字
1596-num-2,一个男人正在用用于速记的机器打字
1597-num-1,一个男人正在用用于速记的机器打字
1597-num-2,一个男人正在抛弃速记机
1598-num-1,该男子谨慎操作速记
1598-num-2,该男子正在操作速记
1599-num-1,该男子正在操作速记
1599-num-2,这个男人没有速记
1600-num-1,这个人需要速记才能操作
1600-num-2,该男子正在操作速记
1601-num-1,该男子谨慎操作速记
1601-num-2,一个男人正在用用于速记的机器打字
1602-num-1,一个男人正在用用于速记的机器打字
1602-num-2,这个男人没有速记
1603-num-1,一个男人正在用用于速记的机器打字
1603-num-2,这个人需要速记才能操作
1604-num-1,该男子在用于速记的机器上打字
1604-num-2,该男子正在操作速记
1605-num-1,一个男人正在抛弃速记机
1605-num-2,该男子正在操作速记
1606-num-1,该男子正在操作速记
1606-num-2,一个男人正在用用于速记的机器打字
1607-num-1,一条蛇被男人喂食
1607-num-2,一个人正在向蛇喂老鼠
1608-num-1,一条蛇被男人喂食
1608-num-2,没有一个男人喂老鼠的蛇
1609-num-1,一个穷人正在被喂蛇和老鼠
1609-num-2,一条蛇被男人喂食
1610-num-1,该男子正在小心地将鼠标喂给蛇
1610-num-2,这个人谨慎地向蛇喂老鼠
1611-num-1,这个男人不谨慎地将鼠标喂给蛇
1611-num-2,这个人谨慎地向蛇喂老鼠
1612-num-1,该男子正在小心地将鼠标喂给蛇
1612-num-2,一条蛇被男人喂食
1613-num-1,这个男人不谨慎地将鼠标喂给蛇
1613-num-2,一条蛇被男人喂食
1614-num-1,这个人谨慎地向蛇喂老鼠
1614-num-2,一个人正在向蛇喂老鼠
1615-num-1,没有一个男人喂老鼠的蛇
1615-num-2,这个人谨慎地向蛇喂老鼠
1616-num-1,一个穷人正在被喂蛇和老鼠
1616-num-2,这个人谨慎地向蛇喂老鼠
1617-num-1,这个人谨慎地向蛇喂老鼠
1617-num-2,一条蛇被男人喂食
1618-num-1,一个人很高兴与脚包一起玩
1618-num-2,一个人很高兴玩脚包
1619-num-1,有一个男人很高兴玩脚包
1619-num-2,一个人很高兴玩脚包
1620-num-1,这个男人严厉弹钢琴
1620-num-2,这个男人在弹钢琴
1621-num-1,这个男人没有弹钢琴
1621-num-2,这个男人在弹钢琴
1622-num-1,一个人很高兴玩脚包
1622-num-2,这个男人严厉弹钢琴
1623-num-1,一个人很高兴玩脚包
1623-num-2,这个男人没有弹钢琴
1624-num-1,这个男人在弹钢琴
1624-num-2,一个人很高兴与脚包一起玩
1625-num-1,这个男人在弹钢琴
1625-num-2,有一个男人很高兴玩脚包
1626-num-1,这个男人在弹钢琴
1626-num-2,一个人很高兴玩脚包
1627-num-1,一个男人在碗中混合一些成分
1627-num-2,某些成分被一个人混合在碗中
1628-num-1,某些成分被一个人混合在碗中
1628-num-2,某些成分被一个人分开
1629-num-1,一个人将食材保龄球给搅拌机的男人
1629-num-2,某些成分被一个人混合在碗中
1630-num-1,一个女人在一个碗里大力打破两个鸡蛋。
1630-num-2,一个女人在碗里打破两个鸡蛋
1631-num-1,一个女人在碗里打破两个鸡蛋
1631-num-2,碗里没有女人打破鸡蛋
1632-num-1,一个女人在碗里打破两个鸡蛋
1632-num-2,一个女人打保龄两个鸡蛋打破舞者
1633-num-1,一个女人在一个碗里大力打破两个鸡蛋。
1633-num-2,某些成分被一个人混合在碗中
1634-num-1,碗里没有女人打破鸡蛋
1634-num-2,某些成分被一个人混合在碗中
1635-num-1,某些成分被一个人混合在碗中
1635-num-2,一个女人打保龄两个鸡蛋打破舞者
1636-num-1,一个女人在碗里打破两个鸡蛋
1636-num-2,一个男人在碗中混合一些成分
1637-num-1,一个女人在碗里打破两个鸡蛋
1637-num-2,某些成分被一个人分开
1638-num-1,一个人将食材保龄球给搅拌机的男人
1638-num-2,一个女人在碗里打破两个鸡蛋
1639-num-1,一个女人在碗里打破两个鸡蛋
1639-num-2,某些成分被一个人混合在碗中
1640-num-1,这个女孩鲁ck跳上汽车
1640-num-2,这个女孩鲁ck跳上车辆
1641-num-1,这个女孩鲁ck跳上汽车
1641-num-2,这个女孩没有鲁ck上车
1642-num-1,一辆汽车风险跳过一个女孩
1642-num-2,这个女孩鲁ck跳上汽车
1643-num-1,一位年轻女士跳上车
1643-num-2,一个女孩正在跳上车
1644-num-1,没有女孩跳上车
1644-num-2,一个女孩正在跳上车
1645-num-1,一个女孩在跳车上
1645-num-2,一个女孩正在跳上车
1646-num-1,这个女孩鲁ck跳上汽车
1646-num-2,一位年轻女士跳上车
1647-num-1,这个女孩鲁ck跳上汽车
1647-num-2,没有女孩跳上车
1648-num-1,一个女孩在跳车上
1648-num-2,这个女孩鲁ck跳上汽车
1649-num-1,这个女孩鲁ck跳上车辆
1649-num-2,一个女孩正在跳上车
1650-num-1,这个女孩没有鲁ck上车
1650-num-2,一个女孩正在跳上车
1651-num-1,一辆汽车风险跳过一个女孩
1651-num-2,一个女孩正在跳上车
1652-num-1,这个女孩鲁ck跳上汽车
1652-num-2,一个女孩正在跳上车
1653-num-1,一个女人正在慢慢剥
1653-num-2,一个女人正在剥土豆
1654-num-1,一个女人正在剥土豆
1654-num-2,没有女人剥土豆
1655-num-1,一个女人正在扔土豆皮
1655-num-2,一个女人正在剥土豆
1656-num-1,一个女人正在剥土豆
1656-num-2,土豆被一个女人剥皮
1657-num-1,土豆被一个女人剥皮
1657-num-2,土豆没有被女人剥离
1658-num-1,一个女人正在剥土豆
1658-num-2,一个女人正在剥土豆
1659-num-1,一个女人正在剥土豆
1659-num-2,土豆没有被女人剥离
1660-num-1,一个女人正在慢慢剥
1660-num-2,土豆被一个女人剥皮
1661-num-1,没有女人剥土豆
1661-num-2,土豆被一个女人剥皮
1662-num-1,土豆被一个女人剥皮
1662-num-2,一个女人正在扔土豆皮
1663-num-1,土豆被一个女人剥皮
1663-num-2,一个女人正在剥土豆
1664-num-1,一条船在水上悄悄航行
1664-num-2,一条船在水上和平航行
1665-num-1,一条船在水上和平航行
1665-num-2,船锚定
1666-num-1,一艘船的帆反映了宁静的水
1666-num-2,一条船在水上和平航行
1667-num-1,吉他是由男人弹的
1667-num-2,吉他是由男人弹的
1668-num-1,吉他是由男人弹的
1668-num-2,吉他是没有人弹的
1669-num-1,吉他是由男人弹的
1669-num-2,这个男人是吉他手
1670-num-1,一条船在水上和平航行
1670-num-2,吉他是由男人弹的
1671-num-1,吉他是没有人弹的
1671-num-2,一条船在水上和平航行
1672-num-1,这个男人是吉他手
1672-num-2,一条船在水上和平航行
1673-num-1,一条船在水上悄悄航行
1673-num-2,吉他是由男人弹的
1674-num-1,船锚定
1674-num-2,吉他是由男人弹的
1675-num-1,一艘船的帆反映了宁静的水
1675-num-2,吉他是由男人弹的
1676-num-1,一条船在水上和平航行
1676-num-2,吉他是由男人弹的
1677-num-1,该男子正在将油倒在几个西红柿上
1677-num-2,一个人将油倒在几个西红柿上
1678-num-1,一个人不会在西红柿上倒油。
1678-num-2,该男子正在将油倒在几个西红柿上
1679-num-1,该男子正在将油倒在几个西红柿上
1679-num-2,很少有人喜欢倒番茄油
1680-num-1,男人将一些油倒在西红柿上
1680-num-2,该男子在西红柿上倒一些油
1681-num-1,没有人在西红柿上倒一些油
1681-num-2,该男子在西红柿上倒一些油
1682-num-1,该男子在西红柿上倒一些油
1682-num-2,有人在男人身上倒番茄油
1683-num-1,男人将一些油倒在西红柿上
1683-num-2,该男子正在将油倒在几个西红柿上
1684-num-1,该男子正在将油倒在几个西红柿上
1684-num-2,没有人在西红柿上倒一些油
1685-num-1,该男子正在将油倒在几个西红柿上
1685-num-2,有人在男人身上倒番茄油
1686-num-1,该男子在西红柿上倒一些油
1686-num-2,一个人将油倒在几个西红柿上
1687-num-1,该男子在西红柿上倒一些油
1687-num-2,一个人不会在西红柿上倒油。
1688-num-1,很少有人喜欢倒番茄油
1688-num-2,该男子在西红柿上倒一些油
1689-num-1,该男子正在将油倒在几个西红柿上
1689-num-2,该男子在西红柿上倒一些油
1690-num-1,牛奶被猫喝醉了
1690-num-2,猫正在喝牛奶
1691-num-1,没有牛奶被猫喝醉
1691-num-2,牛奶被猫喝醉了
1692-num-1,牛奶被猫喝醉了
1692-num-2,一个醉汉正在挤猫
1693-num-1,一只小猫正在喝新鲜牛奶
1693-num-2,一只小猫正在喝新鲜牛奶
1694-num-1,一只小猫正在喝新鲜牛奶
1694-num-2,没有小猫喝牛奶
1695-num-1,牛奶是小猫的饮料
1695-num-2,一只小猫正在喝新鲜牛奶
1696-num-1,一只小猫正在喝新鲜牛奶
1696-num-2,牛奶被猫喝醉了
1697-num-1,没有小猫喝牛奶
1697-num-2,牛奶被猫喝醉了
1698-num-1,牛奶是小猫的饮料
1698-num-2,牛奶被猫喝醉了
1699-num-1,一只小猫正在喝新鲜牛奶
1699-num-2,猫正在喝牛奶
1700-num-1,一只小猫正在喝新鲜牛奶
1700-num-2,没有牛奶被猫喝醉
1701-num-1,一只小猫正在喝新鲜牛奶
1701-num-2,一个醉汉正在挤猫
1702-num-1,一只小猫正在喝新鲜牛奶
1702-num-2,牛奶被猫喝醉了
1703-num-1,一个人完全清空一个由塑料制成的容器
1703-num-2,一个人正在清空一个由塑料制成的容器
1704-num-1,一个人正在清空一个由塑料制成的容器
1704-num-2,一个男人正在装满塑料制成的容器
1705-num-1,一只青蛙被一个人粗心地抓住
1705-num-2,一个男人不小心抱着青蛙
1706-num-1,一个男人不小心抱着青蛙
1706-num-2,一个男人不小心掉下青蛙
1707-num-1,一个人正在清空一个由塑料制成的容器
1707-num-2,一只青蛙被一个人粗心地抓住
1708-num-1,一个人正在清空一个由塑料制成的容器
1708-num-2,一个男人不小心掉下青蛙
1709-num-1,一个男人不小心抱着青蛙
1709-num-2,一个人完全清空一个由塑料制成的容器
1710-num-1,一个男人不小心抱着青蛙
1710-num-2,一个男人正在装满塑料制成的容器
1711-num-1,一个人正在清空一个由塑料制成的容器
1711-num-2,一个男人不小心抱着青蛙
1712-num-1,一个男人正在切一个洋葱
1712-num-2,一个男人将洋葱切成薄片
1713-num-1,一个男人正在切一个洋葱
1713-num-2,没有人切洋葱
1714-num-1,一个男人正在吃洋葱切片
1714-num-2,一个男人正在切一个洋葱
1715-num-1,一个男人割了洋葱
1715-num-2,洋葱被男人切割
1716-num-1,没有一个男人割伤洋葱
1716-num-2,一个男人割了洋葱
1717-num-1,一个男人正在切一个洋葱
1717-num-2,洋葱被男人切割
1718-num-1,一个男人正在切一个洋葱
1718-num-2,没有一个男人割伤洋葱
1719-num-1,一个男人将洋葱切成薄片
1719-num-2,一个男人割了洋葱
1720-num-1,没有人切洋葱
1720-num-2,一个男人割了洋葱
1721-num-1,一个男人割了洋葱
1721-num-2,一个男人正在吃洋葱切片
1722-num-1,一个男人割了洋葱
1722-num-2,一个男人正在切一个洋葱
1723-num-1,一个男人鲁ck骑马
1723-num-2,一个人鲁ck骑马
1724-num-1,一个男人鲁ck骑马
1724-num-2,没有人鲁ck骑马
1725-num-1,大象被那个女人骑了
1725-num-2,女人正在骑大象
1726-num-1,大象被那个女人骑了
1726-num-2,大象没有被那个女人骑
1727-num-1,大象被那个女人骑了
1727-num-2,大象被骑在一个女人身上
1728-num-1,女人正在骑大象
1728-num-2,一个男人鲁ck骑马
1729-num-1,一个男人鲁ck骑马
1729-num-2,大象没有被那个女人骑
1730-num-1,大象被骑在一个女人身上
1730-num-2,一个男人鲁ck骑马
1731-num-1,大象被那个女人骑了
1731-num-2,一个人鲁ck骑马
1732-num-1,大象被那个女人骑了
1732-num-2,没有人鲁ck骑马
1733-num-1,一个男人鲁ck骑马
1733-num-2,大象被那个女人骑了
1734-num-1,有人在喂动物
1734-num-2,有人在给动物食物
1735-num-1,有人在给动物食物
1735-num-2,没有人在喂动物
1736-num-1,有人在弹钢琴
1736-num-2,钢琴是由某人弹的
1737-num-1,任何人都没有弹钢琴
1737-num-2,钢琴是由某人弹的
1738-num-1,有人在给动物食物
1738-num-2,有人在弹钢琴
1739-num-1,有人在给动物食物
1739-num-2,任何人都没有弹钢琴
1740-num-1,钢琴是由某人弹的
1740-num-2,有人在喂动物
1741-num-1,钢琴是由某人弹的
1741-num-2,没有人在喂动物
1742-num-1,钢琴是由某人弹的
1742-num-2,有人在给动物食物
1743-num-1,一个男人正在按下微波炉的按钮
1743-num-2,微波炉的按钮被男人按下
1744-num-1,一个男人正在按下微波炉的按钮
1744-num-2,没有人按下微波炉的按钮
1745-num-1,一个男人正在按下微波炉的按钮
1745-num-2,一个人被推到微波炉的按钮
1746-num-1,一个人正在打开微波炉
1746-num-2,一个人正在为微波炉供电
1747-num-1,一个人正在打开微波炉
1747-num-2,一个人正在关闭微波炉
1748-num-1,一个男人正在按下微波炉的按钮
1748-num-2,一个人正在为微波炉供电
1749-num-1,一个男人正在按下微波炉的按钮
1749-num-2,一个人正在关闭微波炉
1750-num-1,一个人正在打开微波炉
1750-num-2,微波炉的按钮被男人按下
1751-num-1,一个人正在打开微波炉
1751-num-2,没有人按下微波炉的按钮
1752-num-1,一个人被推到微波炉的按钮
1752-num-2,一个人正在打开微波炉
1753-num-1,一个人正在打开微波炉
1753-num-2,一个男人正在按下微波炉的按钮
1754-num-1,一个女孩以一种可爱的方式演奏长笛
1754-num-2,一个女孩正在玩笛
1755-num-1,一个女孩正在玩笛
1755-num-2,长笛被一个女孩扔掉
1756-num-1,一个女孩正在玩笛
1756-num-2,一个女孩正在做一个不可玩的长笛
1757-num-1,一个女人正在用长笛练习
1757-num-2,一个女人在玩长笛
1758-num-1,没有女人玩长笛
1758-num-2,一个女人在玩长笛
1759-num-1,一个女孩正在玩笛
1759-num-2,一个女人正在用长笛练习
1760-num-1,一个女孩正在玩笛
1760-num-2,没有女人玩长笛
1761-num-1,一个女孩以一种可爱的方式演奏长笛
1761-num-2,一个女人在玩长笛
1762-num-1,一个女人在玩长笛
1762-num-2,长笛被一个女孩扔掉
1763-num-1,一个女孩正在做一个不可玩的长笛
1763-num-2,一个女人在玩长笛
1764-num-1,一个女人在玩长笛
1764-num-2,一个女孩正在玩笛
1765-num-1,一个男孩很高兴弹钢琴
1765-num-2,一个男孩很高兴弹钢琴
1766-num-1,这个男孩并没有快乐地弹钢琴
1766-num-2,一个男孩很高兴弹钢琴
1767-num-1,这部戏是关于一个快乐的男孩弹钢琴
1767-num-2,一个男孩很高兴弹钢琴
1768-num-1,一个男人正在弹钢琴
1768-num-2,一个人正在弹钢琴
1769-num-1,一个男人正在弹钢琴
1769-num-2,钢琴没有由男人弹
1770-num-1,钢琴演奏家是个坚强的人
1770-num-2,一个男人正在弹钢琴
1771-num-1,一个男孩很高兴弹钢琴
1771-num-2,一个人正在弹钢琴
1772-num-1,一个男孩很高兴弹钢琴
1772-num-2,钢琴没有由男人弹
1773-num-1,一个男孩很高兴弹钢琴
1773-num-2,钢琴演奏家是个坚强的人
1774-num-1,一个男人正在弹钢琴
1774-num-2,一个男孩很高兴弹钢琴
1775-num-1,这个男孩并没有快乐地弹钢琴
1775-num-2,一个男人正在弹钢琴
1776-num-1,一个男人正在弹钢琴
1776-num-2,这部戏是关于一个快乐的男孩弹钢琴
1777-num-1,一个男孩很高兴弹钢琴
1777-num-2,一个男人正在弹钢琴
1778-num-1,猎豹喘不过气来追逐猎物
1778-num-2,猎豹正在追逐猎物在一个领域
1779-num-1,猎豹被猎物在田野上摇晃。
1779-num-2,猎豹正在追逐猎物在一个领域
1780-num-1,猎豹很快在猎物后面奔跑。
1780-num-2,猎豹快速奔跑在猎物后面
1781-num-1,猎豹很快在猎物后面奔跑。
1781-num-2,猎物后面没有猎豹很快奔跑
1782-num-1,猎豹很快在猎物后面奔跑。
1782-num-2,猎物很快在猎豹后面奔跑
1783-num-1,猎豹正在追逐猎物在一个领域
1783-num-2,猎豹快速奔跑在猎物后面
1784-num-1,猎豹正在追逐猎物在一个领域
1784-num-2,猎物后面没有猎豹很快奔跑
1785-num-1,猎物很快在猎豹后面奔跑
1785-num-2,猎豹正在追逐猎物在一个领域
1786-num-1,猎豹喘不过气来追逐猎物
1786-num-2,猎豹很快在猎物后面奔跑。
1787-num-1,猎豹被猎物在田野上摇晃。
1787-num-2,猎豹很快在猎物后面奔跑。
1788-num-1,猎豹正在追逐猎物在一个领域
1788-num-2,猎豹很快在猎物后面奔跑。
1789-num-1,狮子用笔疲倦地跳动
1789-num-2,狮子在笔中疲倦地跳动
1790-num-1,没有狮子在笔上疲倦
1790-num-2,狮子用笔疲倦地跳动
1791-num-1,狮子通过起搏使整笔疲倦
1791-num-2,狮子用笔疲倦地跳动
1792-num-1,狮子正在慢慢行走
1792-num-2,狮子正在慢慢移动
1793-num-1,没有狮子行走
1793-num-2,狮子正在慢慢行走
1794-num-1,并非每个人都可以走狮子
1794-num-2,狮子正在慢慢行走
1795-num-1,狮子用笔疲倦地跳动
1795-num-2,狮子正在慢慢移动
1796-num-1,狮子用笔疲倦地跳动
1796-num-2,没有狮子行走
1797-num-1,并非每个人都可以走狮子
1797-num-2,狮子用笔疲倦地跳动
1798-num-1,狮子在笔中疲倦地跳动
1798-num-2,狮子正在慢慢行走
1799-num-1,狮子正在慢慢行走
1799-num-2,没有狮子在笔上疲倦
1800-num-1,狮子正在慢慢行走
1800-num-2,狮子通过起搏使整笔疲倦
1801-num-1,狮子用笔疲倦地跳动
1801-num-2,狮子正在慢慢行走
1802-num-1,一个男人正在玩笛
1802-num-2,长笛在扮演一个男人
1803-num-1,一个男人正在玩笛
1803-num-2,一个男人没有演奏长笛
1804-num-1,一个男人大声弹吉他
1804-num-2,成年人大声弹吉他
1805-num-1,没有人大声弹吉他
1805-num-2,一个男人大声弹吉他
1806-num-1,大声的男人不允许弹吉他
1806-num-2,一个男人大声弹吉他
1807-num-1,成年人大声弹吉他
1807-num-2,一个男人正在玩笛
1808-num-1,没有人大声弹吉他
1808-num-2,一个男人正在玩笛
1809-num-1,大声的男人不允许弹吉他
1809-num-2,一个男人正在玩笛
1810-num-1,长笛在扮演一个男人
1810-num-2,一个男人大声弹吉他
1811-num-1,一个男人大声弹吉他
1811-num-2,一个男人没有演奏长笛
1812-num-1,一个男人大声弹吉他
1812-num-2,一个男人正在玩笛
1813-num-1,这个人正在将胡椒粉碎成橙色
1813-num-2,一个人将橙胡椒粉切成丁
1814-num-1,这个人不撒橙胡椒粉
1814-num-2,这个人正在将胡椒粉碎成橙色
1815-num-1,这个人正在将胡椒粉碎成橙色
1815-num-2,厨师正在烤橙色的涂料以赢得胡椒粉
1816-num-1,厨师正在迅速切成些辣椒
1816-num-2,厨师正在切一些贝尔辣椒
1817-num-1,没有厨师切一些贝尔辣椒
1817-num-2,厨师正在切一些贝尔辣椒
1818-num-1,一些铃铛在厨师切片辣椒附近响起
1818-num-2,厨师正在切一些贝尔辣椒
1819-num-1,这个人正在将胡椒粉碎成橙色
1819-num-2,厨师正在迅速切成些辣椒
1820-num-1,没有厨师切一些贝尔辣椒
1820-num-2,这个人正在将胡椒粉碎成橙色
1821-num-1,一些铃铛在厨师切片辣椒附近响起
1821-num-2,这个人正在将胡椒粉碎成橙色
1822-num-1,厨师正在切一些贝尔辣椒
1822-num-2,一个人将橙胡椒粉切成丁
1823-num-1,这个人不撒橙胡椒粉
1823-num-2,厨师正在切一些贝尔辣椒
1824-num-1,厨师正在烤橙色的涂料以赢得胡椒粉
1824-num-2,厨师正在切一些贝尔辣椒
1825-num-1,这个人正在将胡椒粉碎成橙色
1825-num-2,厨师正在切一些贝尔辣椒
1826-num-1,一个女孩将黄油切成两块
1826-num-2,一个女孩将黄油切成两块
1827-num-1,一个女孩将黄油切成两块
1827-num-2,一个女孩正在将两块黄油融化在一起
1828-num-1,一个女孩将黄油切成两块
1828-num-2,一个魔术师正在将一个女孩切成两个碎片，例如黄油
1829-num-1,一个女人将一些豆腐切成薄片
1829-num-2,豆腐被一个女人切成薄片
1830-num-1,豆腐被一个女人切成薄片
1830-num-2,豆腐没有被女人切成薄片
1831-num-1,一些豆腐被一个女人吃掉
1831-num-2,豆腐被一个女人切成薄片
1832-num-1,一个女孩将黄油切成两块
1832-num-2,一个女人将一些豆腐切成薄片
1833-num-1,豆腐没有被女人切成薄片
1833-num-2,一个女孩将黄油切成两块
1834-num-1,一个女孩将黄油切成两块
1834-num-2,一些豆腐被一个女人吃掉
1835-num-1,豆腐被一个女人切成薄片
1835-num-2,一个女孩将黄油切成两块
1836-num-1,一个女孩正在将两块黄油融化在一起
1836-num-2,豆腐被一个女人切成薄片
1837-num-1,一个魔术师正在将一个女孩切成两个碎片，例如黄油
1837-num-2,豆腐被一个女人切成薄片
1838-num-1,一个女孩将黄油切成两块
1838-num-2,豆腐被一个女人切成薄片
1839-num-1,小小的女孩正在小心地将头发梳成小马尾巴
1839-num-2,小小的女孩正在将头发梳成小马尾巴。
1840-num-1,小小的女孩正在将头发梳成小马尾巴。
1840-num-2,小小的女孩在皱着眉头
1841-num-1,一个女孩正在梳理小马的尾巴的头发
1841-num-2,小小的女孩正在将头发梳成小马尾巴。
1842-num-1,一个人稳步坐在椅子上
1842-num-2,一个人坐在椅子上
1843-num-1,没有人坐在椅子上
1843-num-2,一个人坐在椅子上
1844-num-1,小小的女孩正在将头发梳成小马尾巴。
1844-num-2,一个人稳步坐在椅子上
1845-num-1,没有人坐在椅子上
1845-num-2,小小的女孩正在将头发梳成小马尾巴。
1846-num-1,小小的女孩正在小心地将头发梳成小马尾巴
1846-num-2,一个人坐在椅子上
1847-num-1,一个人坐在椅子上
1847-num-2,小小的女孩在皱着眉头
1848-num-1,一个女孩正在梳理小马的尾巴的头发
1848-num-2,一个人坐在椅子上
1849-num-1,一个人坐在椅子上
1849-num-2,小小的女孩正在将头发梳成小马尾巴。
1850-num-1,一个男人不小心在大蒜调味面包上涂黄油
1850-num-2,这个男人不小心在一片大蒜面包上涂黄油
1851-num-1,这个男人不小心在一片大蒜面包上涂黄油
1851-num-2,这个男人不是在面包上涂抹黄油
1852-num-1,一个男人在大面包上散布黄油
1852-num-2,一块大的面包是由男人或一个大面包上撒上黄油的，一个男人正在用黄油散布黄油
1853-num-1,一个男人正在从一块大面包中除去黄油
1853-num-2,一个男人在大面包上散布黄油
1854-num-1,这个男人不小心在一片大蒜面包上涂黄油
1854-num-2,一块大的面包是由男人或一个大面包上撒上黄油的，一个男人正在用黄油散布黄油
1855-num-1,这个男人不小心在一片大蒜面包上涂黄油
1855-num-2,一个男人正在从一块大面包中除去黄油
1856-num-1,一个男人在大面包上散布黄油
1856-num-2,一个男人不小心在大蒜调味面包上涂黄油
1857-num-1,这个男人不是在面包上涂抹黄油
1857-num-2,一个男人在大面包上散布黄油
1858-num-1,这个男人不小心在一片大蒜面包上涂黄油
1858-num-2,一个男人在大面包上散布黄油
1859-num-1,鹦鹉惊人地谈论麦克风
1859-num-2,鹦鹉正在用麦克风对话
1860-num-1,鹦鹉正在用麦克风对话
1860-num-2,鹦鹉在麦克风前保持沉默
1861-num-1,会说话鹦鹉前面的麦克风正在静音
1861-num-2,鹦鹉正在用麦克风对话
1862-num-1,鹦鹉在说话
1862-num-2,鹦鹉正在说话
1863-num-1,鹦鹉正在说话
1863-num-2,没有鹦鹉说话
1864-num-1,演讲者喜欢鹦鹉
1864-num-2,鹦鹉正在说话
1865-num-1,鹦鹉正在用麦克风对话
1865-num-2,鹦鹉在说话
1866-num-1,鹦鹉正在用麦克风对话
1866-num-2,没有鹦鹉说话
1867-num-1,演讲者喜欢鹦鹉
1867-num-2,鹦鹉正在用麦克风对话
1868-num-1,鹦鹉惊人地谈论麦克风
1868-num-2,鹦鹉正在说话
1869-num-1,鹦鹉正在说话
1869-num-2,鹦鹉在麦克风前保持沉默
1870-num-1,会说话鹦鹉前面的麦克风正在静音
1870-num-2,鹦鹉正在说话
1871-num-1,鹦鹉正在用麦克风对话
1871-num-2,鹦鹉正在说话
1872-num-1,几只小猫在吃
1872-num-2,一些小猫在吃
1873-num-1,一些小猫饿了
1873-num-2,一些小猫在吃
1874-num-1,一个男人在小猫附近吃饭
1874-num-2,一些小猫在吃
1875-num-1,托盘上的食物被小猫吃掉
1875-num-2,小猫在托盘上吃食物
1876-num-1,小猫没有吃托盘上的食物
1876-num-2,托盘上的食物被小猫吃掉
1877-num-1,托盘上的小猫被作为广告的食物食用
1877-num-2,托盘上的食物被小猫吃掉
1878-num-1,小猫在托盘上吃食物
1878-num-2,一些小猫在吃
1879-num-1,小猫没有吃托盘上的食物
1879-num-2,一些小猫在吃
1880-num-1,托盘上的小猫被作为广告的食物食用
1880-num-2,一些小猫在吃
1881-num-1,托盘上的食物被小猫吃掉
1881-num-2,几只小猫在吃
1882-num-1,一些小猫饿了
1882-num-2,托盘上的食物被小猫吃掉
1883-num-1,托盘上的食物被小猫吃掉
1883-num-2,一个男人在小猫附近吃饭
1884-num-1,托盘上的食物被小猫吃掉
1884-num-2,一些小猫在吃
1885-num-1,一个人在唱歌和弹吉他
1885-num-2,一个人在唱歌和弹吉他
1886-num-1,一个人在唱歌和弹吉他
1886-num-2,没有人唱歌和弹吉他
1887-num-1,一个人在唱歌和弹吉他
1887-num-2,这位歌手正在一个人面前弹吉他
1888-num-1,一个男人热情地弹吉他
1888-num-2,一个人热情地弹吉他
1889-num-1,一个男人正在扔掉吉他
1889-num-2,一个男人热情地弹吉他
1890-num-1,一个男人热情地弹吉他
1890-num-2,吉他演奏者热情地爱这个男人
1891-num-1,一个人在唱歌和弹吉他
1891-num-2,一个人热情地弹吉他
1892-num-1,一个男人正在扔掉吉他
1892-num-2,一个人在唱歌和弹吉他
1893-num-1,吉他演奏者热情地爱这个男人
1893-num-2,一个人在唱歌和弹吉他
1894-num-1,一个男人热情地弹吉他
1894-num-2,一个人在唱歌和弹吉他
1895-num-1,一个男人热情地弹吉他
1895-num-2,没有人唱歌和弹吉他
1896-num-1,一个男人热情地弹吉他
1896-num-2,这位歌手正在一个人面前弹吉他
1897-num-1,一个人在唱歌和弹吉他
1897-num-2,一个男人热情地弹吉他
1898-num-1,有些动物在水中疯狂地玩耍
1898-num-2,一些动物在水中玩耍
1899-num-1,几只动物不在水中
1899-num-2,一些动物在水中玩耍
1901-num-1,没有人在玩乒乓球
1901-num-2,两个人在玩乒乓球
1902-num-1,两个人在玩乒乓球
1902-num-2,乒乓球玩家正在与两个人见面
1903-num-1,两个人在玩乒乓球
1903-num-2,一些动物在水中玩耍
1904-num-1,一些动物在水中玩耍
1904-num-2,没有人在玩乒乓球
1905-num-1,乒乓球玩家正在与两个人见面
1905-num-2,一些动物在水中玩耍
1906-num-1,两个人在玩乒乓球
1906-num-2,有些动物在水中疯狂地玩耍
1907-num-1,两个人在玩乒乓球
1907-num-2,几只动物不在水中
1909-num-1,窗户正在被一个男人抛光
1909-num-2,窗户正在被一个男人打扫
1910-num-1,窗户正在被一个男人打扫
1910-num-2,没有一个男人打扫窗口
1911-num-1,窗户正在被一个男人打扫
1911-num-2,这个男人有时间清理自己
1912-num-1,该男子仔细驾驶汽车
1912-num-2,男人正在开车
1913-num-1,男人正在开车
1913-num-2,这个男人没有开车
1914-num-1,男人正在开车
1914-num-2,驾驶员的汽车被一个男人停放
1915-num-1,该男子仔细驾驶汽车
1915-num-2,窗户正在被一个男人打扫
1916-num-1,窗户正在被一个男人打扫
1916-num-2,这个男人没有开车
1917-num-1,驾驶员的汽车被一个男人停放
1917-num-2,窗户正在被一个男人打扫
1918-num-1,男人正在开车
1918-num-2,窗户正在被一个男人抛光
1919-num-1,男人正在开车
1919-num-2,没有一个男人打扫窗口
1920-num-1,男人正在开车
1920-num-2,这个男人有时间清理自己
1921-num-1,窗户正在被一个男人打扫
1921-num-2,男人正在开车
1922-num-1,一个黑猩猩愤怒地踢了目标
1922-num-2,黑猩猩正在愤怒地踢目标
1923-num-1,黑猩猩正在愤怒地踢目标
1923-num-2,黑猩猩缺少目标
1924-num-1,黑猩猩正在愤怒地踢目标
1924-num-2,一个愤怒的男人针对黑猩猩
1925-num-1,女人正在将油倒入煎锅中
1925-num-2,那个女人正在将石油倒入煎锅中
1926-num-1,那个女人不是把石油倒入煎锅中
1926-num-2,女人正在将油倒入煎锅中
1927-num-1,女人正在将油倒入煎锅中
1927-num-2,煎锅是由一个倒水的女人涂上的
1928-num-1,那个女人正在将石油倒入煎锅中
1928-num-2,黑猩猩正在愤怒地踢目标
1929-num-1,黑猩猩正在愤怒地踢目标
1929-num-2,那个女人不是把石油倒入煎锅中
1930-num-1,黑猩猩正在愤怒地踢目标
1930-num-2,煎锅是由一个倒水的女人涂上的
1931-num-1,女人正在将油倒入煎锅中
1931-num-2,一个黑猩猩愤怒地踢了目标
1932-num-1,女人正在将油倒入煎锅中
1932-num-2,黑猩猩缺少目标
1933-num-1,一个愤怒的男人针对黑猩猩
1933-num-2,女人正在将油倒入煎锅中
1934-num-1,女人正在将油倒入煎锅中
1934-num-2,黑猩猩正在愤怒地踢目标
1935-num-1,婴儿被一个女人放入垃圾桶里
1935-num-2,一个女人把婴儿放在垃圾桶里
1936-num-1,没有一个女人被一个女人放进垃圾桶
1936-num-2,婴儿被一个女人放入垃圾桶里
1937-num-1,一个人不小心把肉放在煎锅里
1937-num-2,一个人把肉放在煎锅里
1938-num-1,一个人在煎锅中夺走肉
1938-num-2,一个人把肉放在煎锅里
1939-num-1,婴儿被一个女人放入垃圾桶里
1939-num-2,一个人不小心把肉放在煎锅里
1940-num-1,一个人在煎锅中夺走肉
1940-num-2,婴儿被一个女人放入垃圾桶里
1941-num-1,一个女人把婴儿放在垃圾桶里
1941-num-2,一个人把肉放在煎锅里
1942-num-1,一个人把肉放在煎锅里
1942-num-2,没有一个女人被一个女人放进垃圾桶
1943-num-1,婴儿被一个女人放入垃圾桶里
1943-num-2,一个人把肉放在煎锅里
1945-num-1,小猫不是在碗里热切地喝牛奶
1945-num-2,小猫热切地从碗里喝牛奶
1946-num-1,一个小孩是从杯子里贪婪地喝水
1946-num-2,一个小孩是从杯子里喝水
1947-num-1,一个小孩是从杯子里喝水
1947-num-2,一个小孩在杯子里充满水
1948-num-1,小猫热切地从碗里喝牛奶
1948-num-2,一个小孩是从杯子里贪婪地喝水
1949-num-1,小猫热切地从碗里喝牛奶
1949-num-2,一个小孩在杯子里充满水
1950-num-1,一个小孩是从杯子里喝水
1950-num-2,小猫热切地从碗里喝牛奶
1951-num-1,一个小孩是从杯子里喝水
1951-num-2,小猫不是在碗里热切地喝牛奶
1953-num-1,乐队正在大声唱歌
1953-num-2,乐队在唱歌
1954-num-1,乐队在唱歌
1954-num-2,乐队不唱歌
1955-num-1,歌手要离开乐队
1955-num-2,乐队在唱歌
1956-num-1,女人正在仔细化妆
1956-num-2,一个女人正在仔细化妆，
1957-num-1,女人正在小心地卸妆
1957-num-2,女人正在仔细化妆
1958-num-1,一个女人正在仔细化妆，
1958-num-2,乐队在唱歌
1959-num-1,乐队在唱歌
1959-num-2,女人正在小心地卸妆
1960-num-1,女人正在仔细化妆
1960-num-2,乐队正在大声唱歌
1961-num-1,女人正在仔细化妆
1961-num-2,乐队不唱歌
1962-num-1,女人正在仔细化妆
1962-num-2,歌手要离开乐队
1963-num-1,女人正在仔细化妆
1963-num-2,乐队在唱歌
1964-num-1,一个人正在弹吉他和唱歌
1964-num-2,一个人在弹吉他和唱歌
1965-num-1,一个人在弹吉他和唱歌
1965-num-2,没有人在弹吉他和唱歌
1966-num-1,一个人在弹吉他和唱歌
1966-num-2,歌手正在雇用一个人解雇吉他手
1967-num-1,这个女人很高兴弹吉他，那是声学和唱歌的吉他
1967-num-2,那个女人正在弹吉他，声音，唱歌
1968-num-1,那个女人正在弹吉他，声音，唱歌
1968-num-2,女人不是弹吉他，那是声学或唱歌的
1969-num-1,这位歌手正在为一个女人的声学音乐会弹吉他
1969-num-2,那个女人正在弹吉他，声音，唱歌
1970-num-1,这个女人很高兴弹吉他，那是声学和唱歌的吉他
1970-num-2,一个人在弹吉他和唱歌
1971-num-1,一个人在弹吉他和唱歌
1971-num-2,女人不是弹吉他，那是声学或唱歌的
1972-num-1,这位歌手正在为一个女人的声学音乐会弹吉他
1972-num-2,一个人在弹吉他和唱歌
1973-num-1,那个女人正在弹吉他，声音，唱歌
1973-num-2,一个人正在弹吉他和唱歌
1974-num-1,没有人在弹吉他和唱歌
1974-num-2,那个女人正在弹吉他，声音，唱歌
1975-num-1,那个女人正在弹吉他，声音，唱歌
1975-num-2,歌手正在雇用一个人解雇吉他手
1976-num-1,那个女人正在弹吉他，声音，唱歌
1976-num-2,一个人在弹吉他和唱歌
1977-num-1,有些水被猫随便喝醉了
1977-num-2,有些水被猫喝醉了
1978-num-1,猫没有喝水
1978-num-2,有些水被猫喝醉了
1979-num-1,有些水被猫喝醉了
1979-num-2,一个醉酒的人在醒着猫
1980-num-1,一辆卡车迅速下山
1980-num-2,一辆卡车迅速下山
1981-num-1,一辆卡车迅速下山
1981-num-2,卡车迅速上山
1982-num-1,一辆卡车迅速下山
1982-num-2,有些水被猫喝醉了
1983-num-1,卡车迅速上山
1983-num-2,有些水被猫喝醉了
1984-num-1,一辆卡车迅速下山
1984-num-2,有些水被猫随便喝醉了
1985-num-1,一辆卡车迅速下山
1985-num-2,猫没有喝水
1986-num-1,一辆卡车迅速下山
1986-num-2,一个醉酒的人在醒着猫
1987-num-1,有些水被猫喝醉了
1987-num-2,一辆卡车迅速下山
1988-num-1,一个年轻的女人正在弹吉他
1988-num-2,一个女孩在弹吉他
1989-num-1,一个女孩在弹吉他
1989-num-2,一个女孩没有弹吉他
1990-num-1,一个女孩在弹吉他
1990-num-2,吉他手正在爱一个女孩
1991-num-1,一个人强烈弹吉他
1991-num-2,这个男人正在弹吉他
1992-num-1,这个男人正在弹吉他
1992-num-2,这个男人没有强烈弹吉他
1993-num-1,这个男人正在弹吉他
1993-num-2,强烈的男人是吉他手
1994-num-1,一个女孩在弹吉他
1994-num-2,一个人强烈弹吉他
1995-num-1,这个男人没有强烈弹吉他
1995-num-2,一个女孩在弹吉他
1996-num-1,强烈的男人是吉他手
1996-num-2,一个女孩在弹吉他
1997-num-1,一个年轻的女人正在弹吉他
1997-num-2,这个男人正在弹吉他
1998-num-1,一个女孩没有弹吉他
1998-num-2,这个男人正在弹吉他
1999-num-1,这个男人正在弹吉他
1999-num-2,吉他手正在爱一个女孩
2000-num-1,一个女孩在弹吉他
2000-num-2,这个男人正在弹吉他
2001-num-1,这匹马被一个男人骑了
2001-num-2,一个男人正在骑马
2002-num-1,这匹马被一个男人骑了
2002-num-2,一个男人正在骑动物
2003-num-1,这个男人和马一起骑
2003-num-2,这匹马被一个男人骑了
2004-num-1,一个男人正在骑摩托车
2004-num-2,一个男人正在驾驶摩托车
2005-num-1,一个男人正在停放摩托车
2005-num-2,一个男人正在骑摩托车
2006-num-1,一个男人正在骑摩托车
2006-num-2,摩托车骑手正在一个男人奔跑
2007-num-1,这匹马被一个男人骑了
2007-num-2,一个男人正在驾驶摩托车
2008-num-1,这匹马被一个男人骑了
2008-num-2,一个男人正在停放摩托车
2009-num-1,摩托车骑手正在一个男人奔跑
2009-num-2,这匹马被一个男人骑了
2010-num-1,一个男人正在骑马
2010-num-2,一个男人正在骑摩托车
2011-num-1,一个男人正在骑动物
2011-num-2,一个男人正在骑摩托车
2012-num-1,这个男人和马一起骑
2012-num-2,一个男人正在骑摩托车
2013-num-1,这匹马被一个男人骑了
2013-num-2,一个男人正在骑摩托车
2014-num-1,魔术师正在执行一个魔术
2014-num-2,这个男人正在做一个魔术
2015-num-1,这个男人不是在做魔术
2015-num-2,这个男人正在做一个魔术
2016-num-1,这个男人正在做一个魔术
2016-num-2,在做魔术的孩子正在欺骗一个老人
2017-num-1,一个人危险地将刀扔在树上
2017-num-2,一个人危险地将刀扔在树上
2018-num-1,一个人危险地将刀扔在树上
2018-num-2,一个人正在危险地从树上提取刀子
2019-num-1,一个人危险地将刀扔在树上
2019-num-2,一些用刀的危险男人扔自行车在树上
2020-num-1,一个人危险地将刀扔在树上
2020-num-2,这个男人正在做一个魔术
2021-num-1,这个男人正在做一个魔术
2021-num-2,一个人正在危险地从树上提取刀子
2022-num-1,这个男人正在做一个魔术
2022-num-2,一些用刀的危险男人扔自行车在树上
2023-num-1,一个人危险地将刀扔在树上
2023-num-2,魔术师正在执行一个魔术
2024-num-1,一个人危险地将刀扔在树上
2024-num-2,这个男人不是在做魔术
2025-num-1,在做魔术的孩子正在欺骗一个老人
2025-num-2,一个人危险地将刀扔在树上
2026-num-1,这个男人正在做一个魔术
2026-num-2,一个人危险地将刀扔在树上
2027-num-1,吉他是由一位女士弹的
2027-num-2,吉他是一个女孩弹的
2028-num-1,吉他是由一位女士出售的
2028-num-2,吉他是由一位女士弹的
2029-num-1,吉他是由一位女士弹的
2029-num-2,女士们的戏需要吉他
2030-num-1,这个男人正在练习吉他
2030-num-2,这个人正在练习吉他
2031-num-1,这个人不练习吉他
2031-num-2,这个人正在练习吉他
2032-num-1,执业者不喜欢吉他
2032-num-2,这个人正在练习吉他
2033-num-1,吉他是由一位女士弹的
2033-num-2,这个男人正在练习吉他
2034-num-1,这个人不练习吉他
2034-num-2,吉他是由一位女士弹的
2035-num-1,执业者不喜欢吉他
2035-num-2,吉他是由一位女士弹的
2036-num-1,吉他是一个女孩弹的
2036-num-2,这个人正在练习吉他
2037-num-1,这个人正在练习吉他
2037-num-2,吉他是由一位女士出售的
2038-num-1,这个人正在练习吉他
2038-num-2,女士们的戏需要吉他
2039-num-1,吉他是由一位女士弹的
2039-num-2,这个人正在练习吉他
2040-num-1,这个男孩在泥泞中热情地玩耍
2040-num-2,这个男孩在泥里玩
2041-num-1,这个男孩在泥里玩
2041-num-2,这个男孩不是在泥泞的
2042-num-1,泥被扔给玩男孩
2042-num-2,这个男孩在泥里玩
2043-num-1,猫在玩设备
2043-num-2,猫在玩设备
2044-num-1,没有猫玩设备
2044-num-2,猫在玩设备
2045-num-1,猫在玩设备
2045-num-2,游戏设备很有趣
2046-num-1,猫在玩设备
2046-num-2,这个男孩在泥里玩
2047-num-1,这个男孩在泥里玩
2047-num-2,没有猫玩设备
2048-num-1,游戏设备很有趣
2048-num-2,这个男孩在泥里玩
2049-num-1,猫在玩设备
2049-num-2,这个男孩在泥泞中热情地玩耍
2050-num-1,猫在玩设备
2050-num-2,这个男孩不是在泥泞的
2051-num-1,猫在玩设备
2051-num-2,泥被扔给玩男孩
2052-num-1,猫在玩设备
2052-num-2,这个男孩在泥里玩
2053-num-1,女人正在切成碎片
2053-num-2,一个女人正在切一些肉
2054-num-1,一个女人正在缝合一些肉
2054-num-2,女人正在切成碎片
2055-num-1,女人正在吃一些切割的生肉
2055-num-2,女人正在切成碎片
2056-num-1,一位女士正精确地切一些肉
2056-num-2,一位女士正在切一些肉
2057-num-1,一位女士正在切一些肉
2057-num-2,没有女士切一些肉
2058-num-1,一位女士正精确地切一些肉
2058-num-2,女人正在切成碎片
2059-num-1,没有女士切一些肉
2059-num-2,女人正在切成碎片
2060-num-1,一个女人正在切一些肉
2060-num-2,一位女士正在切一些肉
2061-num-1,一个女人正在缝合一些肉
2061-num-2,一位女士正在切一些肉
2062-num-1,一位女士正在切一些肉
2062-num-2,女人正在吃一些切割的生肉
2063-num-1,一位女士正在切一些肉
2063-num-2,女人正在切成碎片
2064-num-1,十几岁的男孩正在和一个用互联网相机的女孩交谈
2064-num-2,十几岁的男孩正在和一个网络摄像头和一个女孩交谈
2065-num-1,十几岁的男孩不是和一个网络摄像头的女孩说话
2065-num-2,十几岁的男孩正在和一个网络摄像头和一个女孩交谈
2066-num-1,十几岁的男孩正在和一个网络摄像头和一个女孩交谈
2066-num-2,青少年正在与一个男孩和一个与网络摄像头的女孩交谈
2067-num-1,一个男人正在和一个用互联网相机的女孩说话
2067-num-2,一个男人正在和一个用互联网相机聊天
2068-num-1,一个男人通过互联网摄像头忽略了一个女孩
2068-num-2,一个男人正在和一个用互联网相机的女孩说话
2069-num-1,十几岁的男孩正在和一个网络摄像头和一个女孩交谈
2069-num-2,一个男人正在和一个用互联网相机聊天
2070-num-1,一个男人通过互联网摄像头忽略了一个女孩
2070-num-2,十几岁的男孩正在和一个网络摄像头和一个女孩交谈
2071-num-1,一个男人正在和一个用互联网相机的女孩说话
2071-num-2,十几岁的男孩正在和一个用互联网相机的女孩交谈
2072-num-1,一个男人正在和一个用互联网相机的女孩说话
2072-num-2,十几岁的男孩不是和一个网络摄像头的女孩说话
2073-num-1,一个男人正在和一个用互联网相机的女孩说话
2073-num-2,青少年正在与一个男孩和一个与网络摄像头的女孩交谈
2074-num-1,一个男人正在和一个用互联网相机的女孩说话
2074-num-2,十几岁的男孩正在和一个网络摄像头和一个女孩交谈
2075-num-1,一个人在碗中强烈搅打鸡蛋
2075-num-2,一个人在碗中强烈搅拌鸡蛋
2076-num-1,一个人在碗中强烈搅拌鸡蛋
2076-num-2,一个人正在从碗中取出鸡蛋
2077-num-1,一个人在碗中强烈搅拌鸡蛋
2077-num-2,一个坚强的人在鸡蛋附近的碗中留下搅拌器
2078-num-1,一个女人在碗里打两个鸡蛋，然后用电线制成
2078-num-2,一个女人在碗里打两个鸡蛋，然后用电线制成
2079-num-1,一个女人在碗里打两个鸡蛋，然后用电线制成
2079-num-2,没有女人在碗中打两个鸡蛋，然后用电线制成
2080-num-1,一个女人殴打那个在碗里放两个鸡蛋的男人，用电线搅拌
2080-num-2,一个女人在碗里打两个鸡蛋，然后用电线制成
2081-num-1,一个人在碗中强烈搅拌鸡蛋
2081-num-2,一个女人在碗里打两个鸡蛋，然后用电线制成
2082-num-1,一个人在碗中强烈搅拌鸡蛋
2082-num-2,没有女人在碗中打两个鸡蛋，然后用电线制成
2083-num-1,一个人在碗中强烈搅拌鸡蛋
2083-num-2,一个女人殴打那个在碗里放两个鸡蛋的男人，用电线搅拌
2084-num-1,一个女人在碗里打两个鸡蛋，然后用电线制成
2084-num-2,一个人在碗中强烈搅打鸡蛋
2085-num-1,一个女人在碗里打两个鸡蛋，然后用电线制成
2085-num-2,一个人正在从碗中取出鸡蛋
2086-num-1,一个女人在碗里打两个鸡蛋，然后用电线制成
2086-num-2,一个坚强的人在鸡蛋附近的碗中留下搅拌器
2087-num-1,一个女人在碗里打两个鸡蛋，然后用电线制成
2087-num-2,一个人在碗中强烈搅拌鸡蛋
2088-num-1,男人正在接受采访
2088-num-2,该男子正在接受采访
2089-num-1,这个男人否认面试
2089-num-2,该男子正在接受采访
2090-num-1,面试官正在向男人介绍
2090-num-2,该男子正在接受采访
2091-num-1,一辆白色的汽车是由男人驾驶的
2091-num-2,一个人正在驾驶白车
2092-num-1,没有人驾驶的白车
2092-num-2,一辆白色的汽车是由男人驾驶的
2093-num-1,一辆白色的汽车是由男人驾驶的
2093-num-2,一辆男人的白车被赶走了
2094-num-1,该男子正在接受采访
2094-num-2,一个人正在驾驶白车
2095-num-1,该男子正在接受采访
2095-num-2,没有人驾驶的白车
2096-num-1,该男子正在接受采访
2096-num-2,一辆男人的白车被赶走了
2097-num-1,一辆白色的汽车是由男人驾驶的
2097-num-2,男人正在接受采访
2098-num-1,这个男人否认面试
2098-num-2,一辆白色的汽车是由男人驾驶的
2099-num-1,一辆白色的汽车是由男人驾驶的
2099-num-2,面试官正在向男人介绍
2100-num-1,该男子正在接受采访
2100-num-2,一辆白色的汽车是由男人驾驶的
2101-num-1,一个男人正在爬上一根绳子
2101-num-2,一个男人正在爬上一条绳子
2102-num-1,没有一个男人爬上绳子
2102-num-2,一个男人正在爬上一条绳子
2103-num-1,一个男人被登山者绑住
2103-num-2,一个男人正在爬上一条绳子
2104-num-1,一个男人用机器无意识地将胡萝卜切碎
2104-num-2,一个人用机器将胡萝卜切成片
2105-num-1,一个人正在从机器上卸下胡萝卜
2105-num-2,一个人用机器将胡萝卜切成片
2106-num-1,一个男人正在吃一台机器切片的胡萝卜
2106-num-2,一个人用机器将胡萝卜切成片
2107-num-1,一个男人正在爬上一条绳子
2107-num-2,一个男人用机器无意识地将胡萝卜切碎
2108-num-1,一个人正在从机器上卸下胡萝卜
2108-num-2,一个男人正在爬上一条绳子
2109-num-1,一个男人正在爬上一条绳子
2109-num-2,一个男人正在吃一台机器切片的胡萝卜
2110-num-1,一个男人正在爬上一根绳子
2110-num-2,一个人用机器将胡萝卜切成片
2111-num-1,没有一个男人爬上绳子
2111-num-2,一个人用机器将胡萝卜切成片
2112-num-1,一个人用机器将胡萝卜切成片
2112-num-2,一个男人被登山者绑住
2113-num-1,一个男人正在爬上一条绳子
2113-num-2,一个人用机器将胡萝卜切成片
2114-num-1,猫正在舔盛满牛奶的浅盘子
2114-num-2,猫正在从碟子上舔牛奶
2115-num-1,猫正在从碟子上舔牛奶
2115-num-2,猫不是从碟子上舔牛奶
2116-num-1,猫正在从碟子上舔牛奶
2116-num-2,猫舔奶酪
2117-num-1,有些牛奶被猫饥饿地喝醉了
2117-num-2,猫饥饿地喝牛奶
2118-num-1,没有猫喝牛奶
2118-num-2,猫饥饿地喝牛奶
2119-num-1,猫饥饿地喝牛奶
2119-num-2,喝牛奶有助于猫的饥饿
2120-num-1,猫正在从碟子上舔牛奶
2120-num-2,有些牛奶被猫饥饿地喝醉了
2121-num-1,猫正在从碟子上舔牛奶
2121-num-2,没有猫喝牛奶
2122-num-1,喝牛奶有助于猫的饥饿
2122-num-2,猫正在从碟子上舔牛奶
2123-num-1,猫正在舔盛满牛奶的浅盘子
2123-num-2,猫饥饿地喝牛奶
2124-num-1,猫不是从碟子上舔牛奶
2124-num-2,猫饥饿地喝牛奶
2125-num-1,猫饥饿地喝牛奶
2125-num-2,猫舔奶酪
2126-num-1,猫正在从碟子上舔牛奶
2126-num-2,猫饥饿地喝牛奶
2127-num-1,婴儿正在和狗一起玩耍
2127-num-2,婴儿正在和狗一起玩
2128-num-1,没有婴儿和狗一起玩
2128-num-2,婴儿正在和狗一起玩
2129-num-1,一个小男孩正在和狗一起玩
2129-num-2,小男孩正在和狗一起玩
2130-num-1,一个小男孩在责骂狗
2130-num-2,一个小男孩正在和狗一起玩
2131-num-1,婴儿正在和狗一起玩
2131-num-2,小男孩正在和狗一起玩
2132-num-1,婴儿正在和狗一起玩
2132-num-2,一个小男孩在责骂狗
2133-num-1,婴儿正在和狗一起玩耍
2133-num-2,一个小男孩正在和狗一起玩
2134-num-1,一个小男孩正在和狗一起玩
2134-num-2,没有婴儿和狗一起玩
2135-num-1,一个小男孩正在和狗一起玩
2135-num-2,婴儿正在和狗一起玩
2137-num-1,没有女人剥土豆
2137-num-2,女人正在剥土豆
2138-num-1,土豆皮掉在一个女人身上
2138-num-2,女人正在剥土豆
2139-num-1,这个男人正在切一些土豆
2139-num-2,这个男人正在切土豆
2140-num-1,这个男人不是切土豆
2140-num-2,这个男人正在切土豆
2141-num-1,这个男人正在吃马铃薯片
2141-num-2,这个男人正在切土豆
2142-num-1,女人正在剥土豆
2142-num-2,这个男人正在切一些土豆
2143-num-1,女人正在剥土豆
2143-num-2,这个男人不是切土豆
2144-num-1,女人正在剥土豆
2144-num-2,这个男人正在吃马铃薯片
2145-num-1,这个男人正在切土豆
2145-num-2,一个女人被一个女人剥皮
2146-num-1,这个男人正在切土豆
2146-num-2,没有女人剥土豆
2147-num-1,土豆皮掉在一个女人身上
2147-num-2,这个男人正在切土豆
2148-num-1,这个男人正在切土豆
2148-num-2,女人正在剥土豆
2149-num-1,一个男人正在为湖拍照
2149-num-2,一个男人专心拍照
2150-num-1,一个男人正在为湖拍照
2150-num-2,一个男人正在撕毁湖的照片
2151-num-1,一个男人的照片在湖边拍摄
2151-num-2,一个男人正在为湖拍照
2152-num-1,该男子正在设置相机并在海滩上拍摄日落的照片
2152-num-2,该男子正在设置相机，并在海滩上拍照
2153-num-1,该男子正在设置相机并在海滩上拍摄日落的照片
2153-num-2,这个男人正在把相机放开，然后从海滩走开
2154-num-1,该男子正在设置相机并在海滩上拍摄日落的照片
2154-num-2,一个男人在日落的海滩上拍摄了相机的照片
2155-num-1,一个男人正在为湖拍照
2155-num-2,该男子正在设置相机，并在海滩上拍照
2156-num-1,一个男人正在为湖拍照
2156-num-2,这个男人正在把相机放开，然后从海滩走开
2157-num-1,一个男人在日落的海滩上拍摄了相机的照片
2157-num-2,一个男人正在为湖拍照
2158-num-1,该男子正在设置相机并在海滩上拍摄日落的照片
2158-num-2,一个男人专心拍照
2159-num-1,一个男人正在撕毁湖的照片
2159-num-2,该男子正在设置相机并在海滩上拍摄日落的照片
2160-num-1,一个男人的照片在湖边拍摄
2160-num-2,该男子正在设置相机并在海滩上拍摄日落的照片
2161-num-1,该男子正在设置相机并在海滩上拍摄日落的照片
2161-num-2,一个男人正在为湖拍照
2163-num-1,女人在用机器缝制
2163-num-2,一个女人用机器缝制
2164-num-1,一个女人正在使用缝制的机器
2164-num-2,女人正在使用缝纫机
2165-num-1,女人正在使用缝纫机
2165-num-2,没有使用缝纫机的女人
2166-num-1,一个女人用机器缝制
2166-num-2,一个女人正在使用缝制的机器
2167-num-1,一个女人用机器缝制
2167-num-2,没有使用缝纫机的女人
2168-num-1,一个女人用机器缝制
2168-num-2,女人正在使用缝纫机
2169-num-1,女人正在使用缝纫机
2169-num-2,女人在用机器缝制
2170-num-1,女人正在使用缝纫机
2170-num-2,一个女人用机器缝制
2171-num-1,一个女人正在将一个鸡蛋裂成一个碗
2171-num-2,一个女人正在将鸡蛋打碎到一个碗里
2172-num-1,一个女人正在将鸡蛋打碎到一个碗里
2172-num-2,没有女人把鸡蛋弄碎到碗中
2173-num-1,一个女人正在将鸡蛋打碎到一个碗里
2173-num-2,一个女人在鸡蛋附近放置一个碗里的碗
2174-num-1,那个女人正在将两个鸡蛋破碎成一个由玻璃制成的碗
2174-num-2,那个女人正在将两个鸡蛋打成一个玻璃碗
2175-num-1,那个女人正在将两个鸡蛋打成一个玻璃碗
2175-num-2,那个女人没有将两个鸡蛋破碎到一个玻璃碗中
2176-num-1,那个女人正在将两个鸡蛋破碎成一个由玻璃制成的碗
2176-num-2,一个女人正在将鸡蛋打碎到一个碗里
2177-num-1,一个女人正在将鸡蛋打碎到一个碗里
2177-num-2,那个女人没有将两个鸡蛋破碎到一个玻璃碗中
2178-num-1,那个女人正在将两个鸡蛋打成一个玻璃碗
2178-num-2,一个女人正在将一个鸡蛋裂成一个碗
2179-num-1,那个女人正在将两个鸡蛋打成一个玻璃碗
2179-num-2,没有女人把鸡蛋弄碎到碗中
2180-num-1,那个女人正在将两个鸡蛋打成一个玻璃碗
2180-num-2,一个女人在鸡蛋附近放置一个碗里的碗
2181-num-1,那个女人正在将两个鸡蛋打成一个玻璃碗
2181-num-2,一个女人正在将鸡蛋打碎到一个碗里
2182-num-1,几个男人欢快地打板球
2182-num-2,几个男人在板球比赛
2183-num-1,一些男人在看板球
2183-num-2,几个男人在板球比赛
2184-num-1,人们在打板球
2184-num-2,有些人在打板球
2185-num-1,人们没有打板球
2185-num-2,人们在打板球
2186-num-1,几个男人在板球比赛
2186-num-2,有些人在打板球
2187-num-1,几个男人在板球比赛
2187-num-2,人们没有打板球
2188-num-1,几个男人欢快地打板球
2188-num-2,人们在打板球
2189-num-1,人们在打板球
2189-num-2,一些男人在看板球
2190-num-1,人们在打板球
2190-num-2,几个男人在板球比赛
2191-num-1,一个人将大蒜放在一些面包上
2191-num-2,一个男人把大蒜放在一些面包片上
2192-num-1,一个男人把大蒜放在一些面包片上
2192-num-2,一个人正在从一些面包切片中除去大蒜
2193-num-1,一个男人正在切一些大蒜，然后把面包扔掉
2193-num-2,一个男人把大蒜放在一些面包片上
2194-num-1,一个男人在几个切成薄片和黄油的面包上撒上调味料
2194-num-2,一个人在几个切成薄片的面包上撒上调味料
2195-num-1,一个男人在几个切成薄片和黄油的面包上撒上调味料
2195-num-2,没有男人在几条切成薄片和黄油的面包上撒上调味料
2196-num-1,一个男人把大蒜放在一些面包片上
2196-num-2,一个人在几个切成薄片的面包上撒上调味料
2197-num-1,一个男人把大蒜放在一些面包片上
2197-num-2,没有男人在几条切成薄片和黄油的面包上撒上调味料
2198-num-1,一个人将大蒜放在一些面包上
2198-num-2,一个男人在几个切成薄片和黄油的面包上撒上调味料
2199-num-1,一个男人在几个切成薄片和黄油的面包上撒上调味料
2199-num-2,一个人正在从一些面包切片中除去大蒜
2200-num-1,一个男人在几个切成薄片和黄油的面包上撒上调味料
2200-num-2,一个男人正在切一些大蒜，然后把面包扔掉
2201-num-1,一个男人把大蒜放在一些面包片上
2201-num-2,一个男人在几个切成薄片和黄油的面包上撒上调味料
2202-num-1,有两个孩子在游泳池里玩耍，带有绿色鳄鱼花
2202-num-2,两个孩子在游泳池里玩耍，带有绿色的鳄鱼浮标
2203-num-1,有两个孩子在游泳池里玩耍，带有绿色鳄鱼花
2203-num-2,两个孩子从游泳池里拿出一个绿色的鳄鱼花
2204-num-1,两个鳄鱼漂浮在一些玩耍的孩子附近的绿色游泳池中
2204-num-2,有两个孩子在游泳池里玩耍，带有绿色鳄鱼花
2205-num-1,一个可充气的鳄鱼被两个孩子在游泳池中推动
2205-num-2,两个孩子在游泳池里推一个可充气的鳄鱼
2206-num-1,两个孩子将一个可充气的鳄鱼从游泳池中拉出
2206-num-2,两个孩子在游泳池里推一个可充气的鳄鱼
2207-num-1,两个孩子在游泳池里推一个可充气的鳄鱼
2207-num-2,两个孩子在充气池中推过鳄鱼
2208-num-1,有两个孩子在游泳池里玩耍，带有绿色鳄鱼花
2208-num-2,一个可充气的鳄鱼被两个孩子在游泳池中推动
2209-num-1,有两个孩子在游泳池里玩耍，带有绿色鳄鱼花
2209-num-2,两个孩子将一个可充气的鳄鱼从游泳池中拉出
2210-num-1,有两个孩子在游泳池里玩耍，带有绿色鳄鱼花
2210-num-2,两个孩子在充气池中推过鳄鱼
2211-num-1,两个孩子在游泳池里玩耍，带有绿色的鳄鱼浮标
2211-num-2,两个孩子在游泳池里推一个可充气的鳄鱼
2212-num-1,两个孩子在游泳池里推一个可充气的鳄鱼
2212-num-2,两个孩子从游泳池里拿出一个绿色的鳄鱼花
2213-num-1,两个鳄鱼漂浮在一些玩耍的孩子附近的绿色游泳池中
2213-num-2,两个孩子在游泳池里推一个可充气的鳄鱼
2214-num-1,两个孩子在游泳池里推一个可充气的鳄鱼
2214-num-2,有两个孩子在游泳池里玩耍，带有绿色鳄鱼花
2215-num-1,有人从马上掉下来
2215-num-2,有人掉下马
2216-num-1,有人掉下马
2216-num-2,有人在马上
2217-num-1,有人掉下马
2217-num-2,一匹马落在某人身上
2218-num-1,这个男人突然被一匹马击倒
2218-num-2,这个男人被撞倒
2219-num-1,这个男人被撞倒
2219-num-2,这个男人没有被马撞倒
2220-num-1,这个男人突然被一匹马击倒
2220-num-2,有人掉下马
2221-num-1,有人掉下马
2221-num-2,这个男人没有被马撞倒
2222-num-1,这个男人被撞倒
2222-num-2,有人从马上掉下来
2223-num-1,这个男人被撞倒
2223-num-2,有人在马上
2224-num-1,一匹马落在某人身上
2224-num-2,这个男人被撞倒
2225-num-1,这个男人被撞倒
2225-num-2,有人掉下马
2226-num-1,一个女人紧张地敲打手指
2226-num-2,一个女人在敲打手指
2227-num-1,没有女人敲打手指
2227-num-2,一个女人在敲打手指
2228-num-1,一个女人在桌子上敲打手指
2228-num-2,一个女人在桌子上敲打手指
2229-num-1,一个女人在桌子上敲打手指
2229-num-2,一个女人在桌子上把手指放在桌子上
2230-num-1,一个女人在桌子上敲打手指
2230-num-2,一个女人在敲打手指
2231-num-1,一个女人在敲打手指
2231-num-2,一个女人在桌子上把手指放在桌子上
2232-num-1,一个女人在桌子上敲打手指
2232-num-2,一个女人紧张地敲打手指
2233-num-1,没有女人敲打手指
2233-num-2,一个女人在桌子上敲打手指
2234-num-1,一个女人在桌子上敲打手指
2234-num-2,一个女人在敲打手指
2235-num-1,一只狗正在将蹒跚学步的人推入雨水水坑里
2235-num-2,一只狗正在将蹒跚学步的蹒跚学步的人推入大雨
2236-num-1,一只狗正在将蹒跚学步的人推入雨水水坑里
2236-num-2,一只狗把蹒跚学步的蹒跚学步的人从雨水中拉出
2237-num-1,那只狗把男孩撞到水中
2237-num-2,一个男孩被狗撞倒在水中
2238-num-1,狗没有把男孩撞到水中
2238-num-2,那只狗把男孩撞到水中
2239-num-1,一个男孩正在用一瓶水敲狗
2239-num-2,那只狗把男孩撞到水中
2240-num-1,一只狗正在将蹒跚学步的人推入雨水水坑里
2240-num-2,一个男孩被狗撞倒在水中
2241-num-1,狗没有把男孩撞到水中
2241-num-2,一只狗正在将蹒跚学步的人推入雨水水坑里
2242-num-1,一只狗正在将蹒跚学步的人推入雨水水坑里
2242-num-2,一个男孩正在用一瓶水敲狗
2243-num-1,一只狗正在将蹒跚学步的蹒跚学步的人推入大雨
2243-num-2,那只狗把男孩撞到水中
2244-num-1,那只狗把男孩撞到水中
2244-num-2,一只狗把蹒跚学步的蹒跚学步的人从雨水中拉出
2245-num-1,那只狗把男孩撞到水中
2245-num-2,一只狗正在将蹒跚学步的人推入雨水水坑里
2246-num-1,一个人饥饿地吃一碗谷物
2246-num-2,一个男人正在吃一碗谷物
2247-num-1,没有人在吃一碗谷物
2247-num-2,一个男人正在吃一碗谷物
2248-num-1,男人正在吃谷物
2248-num-2,这个男人正在吃谷物
2249-num-1,这个男人正在吃谷物
2249-num-2,没有男人在吃谷物
2250-num-1,一个男人正在吃一碗谷物
2250-num-2,男人正在吃谷物
2251-num-1,没有男人在吃谷物
2251-num-2,一个男人正在吃一碗谷物
2252-num-1,一个人饥饿地吃一碗谷物
2252-num-2,这个男人正在吃谷物
2253-num-1,这个男人正在吃谷物
2253-num-2,没有人在吃一碗谷物
2254-num-1,一个男人正在吃一碗谷物
2254-num-2,这个男人正在吃谷物
2255-num-1,一个男人在弹吉他
2255-num-2,一个男人正在弹吉他
2256-num-1,一个男人打包吉他
2256-num-2,一个男人在弹吉他
2257-num-1,男人在玩长笛
2257-num-2,这个人在玩长笛
2258-num-1,那个人不玩长笛
2258-num-2,男人在玩长笛
2259-num-1,这个人在玩长笛
2259-num-2,一个男人在弹吉他
2260-num-1,一个男人在弹吉他
2260-num-2,那个人不玩长笛
2261-num-1,一个男人正在弹吉他
2261-num-2,男人在玩长笛
2262-num-1,一个男人打包吉他
2262-num-2,男人在玩长笛
2263-num-1,男人在玩长笛
2263-num-2,一个男人在弹吉他
2265-num-1,没有女人在一些肉中加香料
2265-num-2,一个女人正在向一些肉增添香料
2266-num-1,女人正在慢慢地向肉加糖
2266-num-2,女人正在向肉加糖
2267-num-1,女人正在向肉加糖
2267-num-2,女人没有向肉加糖
2268-num-1,一个女人正在向一些肉增添香料
2268-num-2,女人正在慢慢地向肉加糖
2269-num-1,女人没有向肉加糖
2269-num-2,一个女人正在向一些肉增添香料
2270-num-1,一个女人正在向一些肉增添香料
2270-num-2,女人正在向肉加糖
2271-num-1,女人正在向肉加糖
2271-num-2,没有女人在一些肉中加香料
2272-num-1,女人正在向肉加糖
2272-num-2,一个女人正在向一些肉增添香料
2273-num-1,狗正在咬罐子
2273-num-2,罐子被狗咬伤
2274-num-1,狗正在咬罐子
2274-num-2,狗正在掉罐子
2275-num-1,狗正在打开一罐食物
2275-num-2,一只狗正在打开一罐食物
2276-num-1,狗正在打开一罐食物
2276-num-2,狗正在关闭一罐食物
2277-num-1,狗正在咬罐子
2277-num-2,一只狗正在打开一罐食物
2278-num-1,狗正在关闭一罐食物
2278-num-2,狗正在咬罐子
2279-num-1,罐子被狗咬伤
2279-num-2,狗正在打开一罐食物
2280-num-1,狗正在掉罐子
2280-num-2,狗正在打开一罐食物
2281-num-1,狗正在打开一罐食物
2281-num-2,狗正在咬罐子
2282-num-1,一只猫在玩西瓜
2282-num-2,一只猫正在玩西瓜
2283-num-1,一只猫在玩西瓜
2283-num-2,没有猫玩西瓜
2284-num-1,猫和西瓜一起热情地玩耍
2284-num-2,猫正在玩西瓜
2285-num-1,猫正在玩西瓜
2285-num-2,猫不是在玩西瓜
2286-num-1,猫和西瓜一起热情地玩耍
2286-num-2,一只猫在玩西瓜
2287-num-1,一只猫在玩西瓜
2287-num-2,猫不是在玩西瓜
2288-num-1,一只猫正在玩西瓜
2288-num-2,猫正在玩西瓜
2289-num-1,猫正在玩西瓜
2289-num-2,没有猫玩西瓜
2290-num-1,一只猫在玩西瓜
2290-num-2,猫正在玩西瓜
2291-num-1,这个男孩正在弹吉他
2291-num-2,一个男孩正在弹吉他
2292-num-1,没有男孩弹吉他
2292-num-2,一个男孩正在弹吉他
2293-num-1,一个少年在弹吉他
2293-num-2,一个孩子正在弹吉他
2294-num-1,一个孩子正在把吉他扔掉
2294-num-2,一个孩子正在弹吉他
2295-num-1,一个少年在弹吉他
2295-num-2,一个男孩正在弹吉他
2296-num-1,一个男孩正在弹吉他
2296-num-2,一个孩子正在把吉他扔掉
2297-num-1,这个男孩正在弹吉他
2297-num-2,一个孩子正在弹吉他
2298-num-1,没有男孩弹吉他
2298-num-2,一个孩子正在弹吉他
2299-num-1,一个男孩正在弹吉他
2299-num-2,一个孩子正在弹吉他
2300-num-1,女人在湖上滑水
2300-num-2,一个女人在湖上滑水
2301-num-1,女人在湖上滑水
2301-num-2,一个女人在看湖
2302-num-1,这个女人是无所畏惧的沃特斯基
2302-num-2,那个女人在水边
2303-num-1,那个女人在水边
2303-num-2,那个女人不是水边的
2304-num-1,女人在湖上滑水
2304-num-2,这个女人是无所畏惧的沃特斯基
2305-num-1,女人在湖上滑水
2305-num-2,那个女人不是水边的
2306-num-1,一个女人在湖上滑水
2306-num-2,那个女人在水边
2307-num-1,那个女人在水边
2307-num-2,一个女人在看湖
2308-num-1,那个女人在水边
2308-num-2,女人在湖上滑水
2309-num-1,有人在将相机的镜头撞到指甲上
2309-num-2,有人在钉指甲上撞一个相机镜头
2310-num-1,有人在钉指甲上撞一个相机镜头
2310-num-2,没有人将相机镜头撞在指甲上
2311-num-1,有人在用大刘海钉镜头
2311-num-2,有人在钉指甲上撞一个相机镜头
2312-num-1,那个男人将相机锤击到指甲上
2312-num-2,这个男人用相机敲打指甲
2313-num-1,这个男人用相机敲打指甲
2313-num-2,这个男人不是用相机敲打指甲
2314-num-1,这个男人用相机敲打指甲
2314-num-2,摄影师正在将锤子钉在墙上
2315-num-1,有人在钉指甲上撞一个相机镜头
2315-num-2,那个男人将相机锤击到指甲上
2316-num-1,有人在钉指甲上撞一个相机镜头
2316-num-2,这个男人不是用相机敲打指甲
2317-num-1,摄影师正在将锤子钉在墙上
2317-num-2,有人在钉指甲上撞一个相机镜头
2318-num-1,有人在将相机的镜头撞到指甲上
2318-num-2,这个男人用相机敲打指甲
2319-num-1,没有人将相机镜头撞在指甲上
2319-num-2,这个男人用相机敲打指甲
2320-num-1,这个男人用相机敲打指甲
2320-num-2,有人在用大刘海钉镜头
2321-num-1,这个男人用相机敲打指甲
2321-num-2,有人在钉指甲上撞一个相机镜头
2322-num-1,一个人正在切一个洋葱
2322-num-2,一个人正在切洋葱
2324-num-1,洋葱附近的一个人有一个切口
2324-num-2,一个人正在切洋葱
2325-num-1,一个人正在切洋葱
2325-num-2,一个人正在切洋葱
2326-num-1,一个人正在切洋葱
2326-num-2,没有人割洋葱
2327-num-1,一个人正在吃割洋葱
2327-num-2,一个人正在切洋葱
2328-num-1,一个人正在切洋葱
2328-num-2,一个人正在切洋葱
2329-num-1,没有人割洋葱
2329-num-2,一个人正在切洋葱
2330-num-1,一个人正在切洋葱
2330-num-2,一个人正在吃割洋葱
2332-num-1,一个人正在包裹洋葱
2332-num-2,一个人正在切洋葱
2335-num-1,一个女人正在将胡萝卜切成薄片
2335-num-2,女人正在切胡萝卜
2336-num-1,女人正在切胡萝卜
2336-num-2,没有女人切胡萝卜
2337-num-1,东方女士将胡萝卜切成薄片
2337-num-2,东方女士将胡萝卜切成薄片
2338-num-1,东方女士将胡萝卜切成薄片
2338-num-2,东方女士没有将胡萝卜切成薄片
2339-num-1,一位瘦小的女士正在将东方胡萝卜切割在一起
2339-num-2,东方女士将胡萝卜切成薄片
2340-num-1,东方女士将胡萝卜切成薄片
2340-num-2,女人正在切胡萝卜
2341-num-1,东方女士没有将胡萝卜切成薄片
2341-num-2,女人正在切胡萝卜
2342-num-1,一位瘦小的女士正在将东方胡萝卜切割在一起
2342-num-2,女人正在切胡萝卜
2343-num-1,东方女士将胡萝卜切成薄片
2343-num-2,一个女人正在将胡萝卜切成薄片
2344-num-1,没有女人切胡萝卜
2344-num-2,东方女士将胡萝卜切成薄片
2345-num-1,东方女士将胡萝卜切成薄片
2345-num-2,女人正在切胡萝卜
2346-num-1,一个人正在将一盘切碎的奶酪倒入一锅酱汁中
2346-num-2,一个男人正在倒一盘奶酪，然后将奶酪切成一锅酱汁
2347-num-1,一个人正在将一盘切碎的奶酪倒入一锅酱汁中
2347-num-2,一个男人正在从一锅酱汁中取出一盘切碎的奶酪
2348-num-1,一个人正在将一盘切碎的奶酪倒入一锅酱汁中
2348-num-2,一个男人正在将一锅奶酪酱倒入切碎的盘子里
2349-num-1,女人正在向酱汁加奶酪
2349-num-2,那位女士正在为酱汁添加奶酪
2350-num-1,那位女士正在为酱汁添加奶酪
2350-num-2,女人正在从酱汁中取出奶酪
2351-num-1,一个人正在将一盘切碎的奶酪倒入一锅酱汁中
2351-num-2,女人正在向酱汁加奶酪
2352-num-1,一个人正在将一盘切碎的奶酪倒入一锅酱汁中
2352-num-2,女人正在从酱汁中取出奶酪
2353-num-1,一个男人正在倒一盘奶酪，然后将奶酪切成一锅酱汁
2353-num-2,那位女士正在为酱汁添加奶酪
2354-num-1,那位女士正在为酱汁添加奶酪
2354-num-2,一个男人正在从一锅酱汁中取出一盘切碎的奶酪
2355-num-1,一个男人正在将一锅奶酪酱倒入切碎的盘子里
2355-num-2,那位女士正在为酱汁添加奶酪
2356-num-1,那位女士正在为酱汁添加奶酪
2356-num-2,一个人正在将一盘切碎的奶酪倒入一锅酱汁中
2357-num-1,有些摄像机正在被吹火炬的人燃烧
2357-num-2,一个人用吹火炬燃烧一些摄像机
2358-num-1,一个人用吹火炬燃烧一些摄像机
2358-num-2,一个人正在用吹火炬修理一些摄像机
2359-num-1,某些摄像头的一个人正在吹火炬
2359-num-2,一个人用吹火炬燃烧一些摄像机
2360-num-1,高个子正在向摄像机着火
2360-num-2,该人正在向相机射击
2361-num-1,没有人纵火射击摄像机
2361-num-2,该人正在向相机射击
2362-num-1,一个人用吹火炬燃烧一些摄像机
2362-num-2,高个子正在向摄像机着火
2363-num-1,没有人纵火射击摄像机
2363-num-2,一个人用吹火炬燃烧一些摄像机
2364-num-1,有些摄像机正在被吹火炬的人燃烧
2364-num-2,该人正在向相机射击
2365-num-1,该人正在向相机射击
2365-num-2,一个人正在用吹火炬修理一些摄像机
2366-num-1,某些摄像头的一个人正在吹火炬
2366-num-2,该人正在向相机射击
2367-num-1,一个人用吹火炬燃烧一些摄像机
2367-num-2,该人正在向相机射击
2368-num-1,一个男人在弹吉他
2368-num-2,一个人正在弹吉他
2370-num-1,这个男人正在弹声吉他
2370-num-2,这个男人正在弹吉他，这是声学的
2371-num-1,这个男人没有弹吉他
2371-num-2,这个男人正在弹声吉他
2372-num-1,这个男人正在弹吉他，这是声学的
2372-num-2,一个男人在弹吉他
2373-num-1,一个男人在弹吉他
2373-num-2,这个男人没有弹吉他
2374-num-1,这个男人正在弹声吉他
2374-num-2,一个人正在弹吉他
2375-num-1,这个男人正在弹声吉他
2375-num-2,没有人弹吉他
2376-num-1,这个男人正在弹声吉他
2376-num-2,一个男人在弹吉他
2377-num-1,一个人将洋葱切成碎片
2377-num-2,一个人在洋葱划分
2378-num-1,一个人将洋葱切成碎片
2378-num-2,一个人将洋葱拼凑在一起
2379-num-1,一个人将胡萝卜切成碎片
2379-num-2,一个人将胡萝卜切成碎片
2380-num-1,没有人将胡萝卜切成碎片
2380-num-2,一个人将胡萝卜切成碎片
2381-num-1,一个人将胡萝卜切成碎片
2381-num-2,一个人将洋葱切成碎片
2382-num-1,没有人将胡萝卜切成碎片
2382-num-2,一个人将洋葱切成碎片
2383-num-1,一个人将胡萝卜切成碎片
2383-num-2,一个人在洋葱划分
2384-num-1,一个人将洋葱拼凑在一起
2384-num-2,一个人将胡萝卜切成碎片
2385-num-1,一个人将洋葱切成碎片
2385-num-2,一个人将胡萝卜切成碎片
2386-num-1,这个男人正在切土豆
2386-num-2,这个人小心地切土豆
2387-num-1,这个男人正在切土豆
2387-num-2,这个男人正在包裹土豆
2388-num-1,这个男人正在烹饪马铃薯片
2388-num-2,这个男人正在切土豆
2389-num-1,这个男人正在切土豆
2389-num-2,这个人将土豆切成薄片
2390-num-1,这个男人正在切土豆
2390-num-2,这个男人没有切土豆
2391-num-1,这个男人正在切土豆
2391-num-2,这个人将土豆切成薄片
2392-num-1,这个男人没有切土豆
2392-num-2,这个男人正在切土豆
2393-num-1,这个人小心地切土豆
2393-num-2,这个男人正在切土豆
2394-num-1,这个男人正在切土豆
2394-num-2,这个男人正在包裹土豆
2395-num-1,这个男人正在烹饪马铃薯片
2395-num-2,这个男人正在切土豆
2396-num-1,这个男人正在切土豆
2396-num-2,这个男人正在切土豆
2397-num-1,有人在切番茄
2397-num-2,有人在切番茄
2398-num-1,没有人切番茄
2398-num-2,有人在切番茄
2399-num-1,那位女士正在切番茄
2399-num-2,女人正在切番茄
2400-num-1,那个女人拿着整个番茄
2400-num-2,那位女士正在切番茄
2401-num-1,女人正在切番茄
2401-num-2,有人在切番茄
2402-num-1,有人在切番茄
2402-num-2,那个女人拿着整个番茄
2403-num-1,有人在切番茄
2403-num-2,那位女士正在切番茄
2404-num-1,那位女士正在切番茄
2404-num-2,没有人切番茄
2405-num-1,那位女士正在切番茄
2405-num-2,有人在切番茄
2406-num-1,一个男人正在准备一些菜
2406-num-2,一个男人正在准备菜
2407-num-1,一个男人正在清洁盘子
2407-num-2,一个男人正在准备一些菜
2408-num-1,女人用刀将洋葱切成薄片
2408-num-2,女人用刀将洋葱切成薄片
2409-num-1,女人不是用刀切成洋葱
2409-num-2,女人用刀将洋葱切成薄片
2410-num-1,一个男人正在准备一些菜
2410-num-2,女人用刀将洋葱切成薄片
2411-num-1,一个男人正在准备一些菜
2411-num-2,女人不是用刀切成洋葱
2412-num-1,女人用刀将洋葱切成薄片
2412-num-2,一个男人正在准备菜
2413-num-1,一个男人正在清洁盘子
2413-num-2,女人用刀将洋葱切成薄片
2414-num-1,女人用刀将洋葱切成薄片
2414-num-2,一个男人正在准备一些菜
2415-num-1,一些跑步者正在比赛中
2415-num-2,跑步者参加比赛
2416-num-1,跑步者参加比赛
2416-num-2,跑步者没有参加比赛
2417-num-1,跑步者正在比赛中赛跑
2417-num-2,跑步者参加比赛
2418-num-1,跑步者在赛道上奔跑
2418-num-2,跑步者在赛道上赛跑
2419-num-1,跑步者在赛道上赛跑
2419-num-2,跑步者没有在赛道上赛跑
2420-num-1,跑步者在赛道上奔跑
2420-num-2,跑步者参加比赛
2421-num-1,跑步者参加比赛
2421-num-2,跑步者没有在赛道上赛跑
2422-num-1,一些跑步者正在比赛中
2422-num-2,跑步者在赛道上赛跑
2423-num-1,跑步者在赛道上赛跑
2423-num-2,跑步者没有参加比赛
2424-num-1,跑步者在赛道上赛跑
2424-num-2,跑步者正在比赛中赛跑
2425-num-1,跑步者在赛道上赛跑
2425-num-2,跑步者参加比赛
2426-num-1,一个男人正在赛车
2426-num-2,一个男人在奔跑
2427-num-1,一个男人在奔跑
2427-num-2,一个人站着
2428-num-1,一个男人在路上奔跑
2428-num-2,一个人在路上奔跑
2429-num-1,没有男人在路上奔跑
2429-num-2,一个男人在路上奔跑
2430-num-1,一个人在路上奔跑
2430-num-2,一个男人在奔跑
2431-num-1,一个男人在奔跑
2431-num-2,没有男人在路上奔跑
2432-num-1,一个男人正在赛车
2432-num-2,一个男人在路上奔跑
2433-num-1,一个男人在路上奔跑
2433-num-2,一个人站着
2434-num-1,一个男人在路上奔跑
2434-num-2,一个男人在奔跑
2435-num-1,键盘是由一个男人用鼻子弹奏的
2435-num-2,一个男人用鼻子弹键盘
2436-num-1,一个男人闲着
2436-num-2,一个男人用鼻子弹键盘
2437-num-1,键盘上的一个男人在玩鼻子
2437-num-2,一个男人用鼻子弹键盘
2438-num-1,这个男人用鼻子很有趣
2438-num-2,这个男人用鼻子弹钢琴
2439-num-1,这个男人用鼻子弹钢琴
2439-num-2,没有人用鼻子弹钢琴
2440-num-1,这个男人用鼻子很有趣
2440-num-2,一个男人用鼻子弹键盘
2441-num-1,没有人用鼻子弹钢琴
2441-num-2,一个男人用鼻子弹键盘
2442-num-1,这个男人用鼻子弹钢琴
2442-num-2,键盘是由一个男人用鼻子弹奏的
2443-num-1,一个男人闲着
2443-num-2,这个男人用鼻子弹钢琴
2444-num-1,键盘上的一个男人在玩鼻子
2444-num-2,这个男人用鼻子弹钢琴
2445-num-1,这个男人用鼻子弹钢琴
2445-num-2,一个男人用鼻子弹键盘
2446-num-1,婴儿犀牛正在跟随成人犀牛
2446-num-2,很少的犀牛正在遵循成人犀牛
2447-num-1,婴儿犀牛正在回避成人犀牛
2447-num-2,婴儿犀牛正在跟随成人犀牛
2448-num-1,婴儿犀牛正在跟随成人犀牛
2448-num-2,婴儿和成人紧随其后的是犀牛
2449-num-1,年轻的犀牛正在和母亲一起绕着笔走来走去
2449-num-2,婴儿犀牛正在和母亲一起绕着笔走来走去
2450-num-1,婴儿犀牛正在和母亲一起绕着笔走来走去
2450-num-2,婴儿犀牛和它的母亲站在笔上
2451-num-1,婴儿犀牛正在和母亲一起绕着笔走来走去
2451-num-2,母亲正在给婴儿一支笔带有犀牛的笔
2452-num-1,婴儿犀牛正在跟随成人犀牛
2452-num-2,年轻的犀牛正在和母亲一起绕着笔走来走去
2453-num-1,婴儿犀牛和它的母亲站在笔上
2453-num-2,婴儿犀牛正在跟随成人犀牛
2454-num-1,婴儿犀牛正在跟随成人犀牛
2454-num-2,母亲正在给婴儿一支笔带有犀牛的笔
2455-num-1,婴儿犀牛正在和母亲一起绕着笔走来走去
2455-num-2,很少的犀牛正在遵循成人犀牛
2456-num-1,婴儿犀牛正在回避成人犀牛
2456-num-2,婴儿犀牛正在和母亲一起绕着笔走来走去
2457-num-1,婴儿犀牛正在和母亲一起绕着笔走来走去
2457-num-2,婴儿和成人紧随其后的是犀牛
2458-num-1,婴儿犀牛正在和母亲一起绕着笔走来走去
2458-num-2,婴儿犀牛正在跟随成人犀牛
2459-num-1,一个男人正在骑摩托车
2459-num-2,一个男人正在骑摩托车
2460-num-1,一个男人正在骑摩托车
2460-num-2,一个男人下车摩托车
2461-num-1,一个男人正在危险地骑摩托车穿过城镇
2461-num-2,一个男人正在骑摩托车穿过城镇
2462-num-1,没有人骑摩托车穿过城镇
2462-num-2,一个男人正在骑摩托车穿过城镇
2463-num-1,一个男人正在危险地骑摩托车穿过城镇
2463-num-2,一个男人正在骑摩托车
2464-num-1,没有人骑摩托车穿过城镇
2464-num-2,一个男人正在骑摩托车
2465-num-1,一个男人正在骑摩托车穿过城镇
2465-num-2,一个男人正在骑摩托车
2466-num-1,一个男人正在骑摩托车穿过城镇
2466-num-2,一个男人下车摩托车
2467-num-1,一个男人正在骑摩托车穿过城镇
2467-num-2,一个男人正在骑摩托车
2468-num-1,一群人在唱歌
2468-num-2,一些人在唱歌
2469-num-1,一群人在唱歌
2469-num-2,一群人保持沉默
2470-num-1,有些人在唱歌
2470-num-2,有些人在唱歌
2471-num-1,有些人在唱歌
2471-num-2,有些人保持沉默
2472-num-1,有些人在唱歌
2472-num-2,一群人在唱歌
2473-num-1,有些人保持沉默
2473-num-2,一群人在唱歌
2474-num-1,有些人在唱歌
2474-num-2,一些人在唱歌
2475-num-1,有些人在唱歌
2475-num-2,一群人保持沉默
2476-num-1,有些人在唱歌
2476-num-2,一群人在唱歌
2477-num-1,一个男人扮演小号
2477-num-2,一个男人在玩小号
2478-num-1,一个男人在玩小号
2478-num-2,一个人把小号扔掉
2479-num-1,这个男人正在弹吉他
2479-num-2,男人正在弹吉他
2480-num-1,这个男人正在弹吉他
2480-num-2,这个男人没有弹吉他
2481-num-1,男人正在弹吉他
2481-num-2,一个男人在玩小号
2482-num-1,这个男人没有弹吉他
2482-num-2,一个男人在玩小号
2483-num-1,这个男人正在弹吉他
2483-num-2,一个男人扮演小号
2484-num-1,一个人把小号扔掉
2484-num-2,这个男人正在弹吉他
2485-num-1,这个男人正在弹吉他
2485-num-2,一个男人在玩小号
2486-num-1,一个人在跳舞
2486-num-2,一个男人在跳舞
2487-num-1,一个男人在跳舞
2487-num-2,一个男人一动不动
2489-num-1,一个男人在说话
2489-num-2,一个男人沉默
2490-num-1,一个男人在跳舞
2490-num-2,一个男人在说话
2491-num-1,一个男人在跳舞
2491-num-2,一个男人沉默
2492-num-1,一个男人在说话
2492-num-2,一个人在跳舞
2493-num-1,一个男人在说话
2493-num-2,一个男人一动不动
2495-num-1,一个人小心地爬绳子
2495-num-2,一个男人正在爬绳子
2496-num-1,一个男人正在解开绳索
2496-num-2,一个男人正在爬绳子
2497-num-1,一个男人在攀登之前被绑住
2497-num-2,一个男人正在爬绳子
2498-num-1,一只熊猫正在攀登
2498-num-2,熊猫正在攀登
2499-num-1,没有熊猫攀登
2499-num-2,熊猫正在攀登
2500-num-1,一只熊猫正在攀登
2500-num-2,一个男人正在爬绳子
2501-num-1,没有熊猫攀登
2501-num-2,一个男人正在爬绳子
2502-num-1,一个人小心地爬绳子
2502-num-2,熊猫正在攀登
2503-num-1,熊猫正在攀登
2503-num-2,一个男人正在解开绳索
2504-num-1,一个男人在攀登之前被绑住
2504-num-2,熊猫正在攀登
2505-num-1,熊猫正在攀登
2505-num-2,一个男人正在爬绳子
2506-num-1,一个女人在笼子里跳舞
2506-num-2,一个女人在笼子里跳舞
2507-num-1,一个女人在笼子里跳舞
2507-num-2,笼子里没有女人跳舞
2508-num-1,一个女人正在笼子里跳舞
2508-num-2,一个女人在笼子里跳舞
2509-num-1,女人在跳舞
2509-num-2,女士在跳舞
2510-num-1,女人在跳舞
2510-num-2,女人没有跳舞
2511-num-1,一个女人在笼子里跳舞
2511-num-2,女士在跳舞
2512-num-1,女人没有跳舞
2512-num-2,一个女人在笼子里跳舞
2513-num-1,一个女人在笼子里跳舞
2513-num-2,女人在跳舞
2514-num-1,笼子里没有女人跳舞
2514-num-2,女人在跳舞
2515-num-1,一个女人正在笼子里跳舞
2515-num-2,女人在跳舞
2516-num-1,一个女人在笼子里跳舞
2516-num-2,女人在跳舞
2517-num-1,四个人漂浮在木筏上
2517-num-2,一些人漂浮在木筏上
2518-num-1,四个人漂浮在木筏上
2518-num-2,没有人漂浮在木筏上
2519-num-1,人们在骑和划船
2519-num-2,有些人正在骑和划船
2520-num-1,人们没有骑和划船
2520-num-2,人们在骑和划船
2521-num-1,人们在骑和划船
2521-num-2,人们在骑着木筏附近划船
2522-num-1,有些人正在骑和划船
2522-num-2,四个人漂浮在木筏上
2523-num-1,四个人漂浮在木筏上
2523-num-2,人们没有骑和划船
2524-num-1,人们在骑着木筏附近划船
2524-num-2,四个人漂浮在木筏上
2525-num-1,一些人漂浮在木筏上
2525-num-2,人们在骑和划船
2526-num-1,人们在骑和划船
2526-num-2,没有人漂浮在木筏上
2527-num-1,人们在骑和划船
2527-num-2,四个人漂浮在木筏上
2528-num-1,一只猫热切地吃玉米棒
2528-num-2,一只猫在柯布上吃玉米
2529-num-1,一只猫在柯布上吃玉米
2529-num-2,棒上没有猫吃玉米
2530-num-1,一只猫在吃一些玉米
2530-num-2,猫在吃一些玉米
2531-num-1,一只猫从一些玉米中走开
2531-num-2,一只猫在吃一些玉米
2532-num-1,一只猫在柯布上吃玉米
2532-num-2,猫在吃一些玉米
2533-num-1,一只猫从一些玉米中走开
2533-num-2,一只猫在柯布上吃玉米
2534-num-1,一只猫热切地吃玉米棒
2534-num-2,一只猫在吃一些玉米
2535-num-1,棒上没有猫吃玉米
2535-num-2,一只猫在吃一些玉米
2536-num-1,一只猫在柯布上吃玉米
2536-num-2,一只猫在吃一些玉米
2537-num-1,有人在切番茄
2537-num-2,有人在切番茄
2538-num-1,有人在切番茄
2538-num-2,没有人切番茄
2539-num-1,这个人迅速切成蔬菜
2539-num-2,这个人正在切蔬菜
2540-num-1,这个人没有切蔬菜
2540-num-2,这个人正在切蔬菜
2541-num-1,这个人迅速切成蔬菜
2541-num-2,有人在切番茄
2542-num-1,有人在切番茄
2542-num-2,这个人没有切蔬菜
2543-num-1,有人在切番茄
2543-num-2,这个人正在切蔬菜
2544-num-1,这个人正在切蔬菜
2544-num-2,没有人切番茄
2545-num-1,有人在切番茄
2545-num-2,这个人正在切蔬菜
2546-num-1,一个小女孩在舞台上弹钢琴
2546-num-2,一个小女孩正在弹钢琴，这很大，在舞台上
2547-num-1,没有小女孩在舞台上弹钢琴
2547-num-2,一个小女孩在舞台上弹钢琴
2548-num-1,一个小的女孩正在弹钢琴
2548-num-2,一个小女孩正在弹钢琴
2549-num-1,没有小女孩弹钢琴
2549-num-2,一个小女孩正在弹钢琴
2550-num-1,一个小女孩在舞台上弹钢琴
2550-num-2,一个小的女孩正在弹钢琴
2551-num-1,没有小女孩弹钢琴
2551-num-2,一个小女孩在舞台上弹钢琴
2552-num-1,一个小女孩正在弹钢琴，这很大，在舞台上
2552-num-2,一个小女孩正在弹钢琴
2553-num-1,一个小女孩正在弹钢琴
2553-num-2,没有小女孩在舞台上弹钢琴
2554-num-1,一个小女孩在舞台上弹钢琴
2554-num-2,一个小女孩正在弹钢琴
2555-num-1,一个男人在弹吉他
2555-num-2,一个男人在弹吉他
2556-num-1,一个男人打包吉他
2556-num-2,一个男人在弹吉他
2557-num-1,有人在弹吉他
2557-num-2,有人在弹吉他
2558-num-1,有人把吉他扔掉了
2558-num-2,有人在弹吉他
2559-num-1,一个男人在弹吉他
2559-num-2,有人在弹吉他
2560-num-1,一个男人在弹吉他
2560-num-2,有人把吉他扔掉了
2561-num-1,一个男人在弹吉他
2561-num-2,有人在弹吉他
2562-num-1,一个男人打包吉他
2562-num-2,有人在弹吉他
2563-num-1,一个男人在弹吉他
2563-num-2,有人在弹吉他
2564-num-1,这个男人正在疯狂跳舞
2564-num-2,男人在跳舞
2565-num-1,男人在跳舞
2565-num-2,这个男人没有跳舞
2566-num-1,三个女人在跳舞
2566-num-2,一些女人在跳舞
2567-num-1,三个女人静止不动
2567-num-2,三个女人在跳舞
2568-num-1,男人在跳舞
2568-num-2,一些女人在跳舞
2569-num-1,男人在跳舞
2569-num-2,三个女人静止不动
2570-num-1,这个男人正在疯狂跳舞
2570-num-2,三个女人在跳舞
2571-num-1,这个男人没有跳舞
2571-num-2,三个女人在跳舞
2572-num-1,男人在跳舞
2572-num-2,三个女人在跳舞
2573-num-1,一个男人正在玩竹子制成的长笛
2573-num-2,一个男人在玩竹笛
2574-num-1,没有男人在玩竹笛
2574-num-2,一个男人在玩竹笛
2575-num-1,这个男人在玩长笛
2575-num-2,那个男人正在玩长笛
2576-num-1,这个男人在玩长笛
2576-num-2,这个男人没有玩长笛
2577-num-1,一个男人在玩竹笛
2577-num-2,那个男人正在玩长笛
2578-num-1,一个男人在玩竹笛
2578-num-2,这个男人没有玩长笛
2579-num-1,一个男人正在玩竹子制成的长笛
2579-num-2,这个男人在玩长笛
2580-num-1,没有男人在玩竹笛
2580-num-2,这个男人在玩长笛
2581-num-1,一个男人在玩竹笛
2581-num-2,这个男人在玩长笛
2582-num-1,一个人不断用刀切割蘑菇
2582-num-2,一个人用刀切蘑菇
2583-num-1,一个人用刀切蘑菇
2583-num-2,一个人把蘑菇扔掉
2584-num-1,一个人正在切一些蘑菇
2584-num-2,一个人正在切一些蘑菇
2585-num-1,一个人正在切一些蘑菇
2585-num-2,没有人切一些蘑菇
2586-num-1,一个人用刀切蘑菇
2586-num-2,一个人正在切一些蘑菇
2587-num-1,没有人切一些蘑菇
2587-num-2,一个人用刀切蘑菇
2588-num-1,一个人不断用刀切割蘑菇
2588-num-2,一个人正在切一些蘑菇
2589-num-1,一个人正在切一些蘑菇
2589-num-2,一个人把蘑菇扔掉
2590-num-1,一个人用刀切蘑菇
2590-num-2,一个人正在切一些蘑菇
2591-num-1,老虎在一个笼子里跳动
2591-num-2,老虎在笼子里走来走去
2592-num-1,老虎在笼子外行走
2592-num-2,老虎在笼子里走来走去
2593-num-1,老虎无目的地走来走去
2593-num-2,老虎漫无目的地走来走去
2594-num-1,老虎漫无目的地走来走去
2594-num-2,老虎坐着
2595-num-1,老虎漫无目的地走来走去
2595-num-2,老虎漫无目的地走来走去
2596-num-1,老虎无目的地走来走去
2596-num-2,老虎在笼子里走来走去
2597-num-1,老虎坐着
2597-num-2,老虎在笼子里走来走去
2598-num-1,老虎漫无目的地走来走去
2598-num-2,老虎在笼子里走来走去
2599-num-1,老虎漫无目的地走来走去
2599-num-2,老虎在一个笼子里跳动
2600-num-1,老虎在笼子外行走
2600-num-2,老虎漫无目的地走来走去
2601-num-1,老虎漫无目的地走来走去
2601-num-2,老虎在笼子里走来走去
2602-num-1,猴子正在刷狗
2602-num-2,猴子正在刷狗
2603-num-1,猴子正在刷狗
2603-num-2,没有猴子刷狗
2604-num-1,一只牛狗被猴子刷
2604-num-2,猴子正在刷牛狗
2605-num-1,猴子正在刷牛狗
2605-num-2,猴子没有刷牛狗
2606-num-1,猴子正在刷牛狗
2606-num-2,牛狗正在刷猴子
2607-num-1,一只牛狗被猴子刷
2607-num-2,猴子正在刷狗
2608-num-1,猴子正在刷狗
2608-num-2,猴子没有刷牛狗
2609-num-1,猴子正在刷狗
2609-num-2,牛狗正在刷猴子
2610-num-1,猴子正在刷牛狗
2610-num-2,猴子正在刷狗
2611-num-1,猴子正在刷牛狗
2611-num-2,没有猴子刷狗
2612-num-1,猴子正在刷牛狗
2612-num-2,猴子正在刷狗
2613-num-1,一个女人迅速割洋葱
2613-num-2,女人正在割洋葱
2614-num-1,没有女人割洋葱
2614-num-2,女人正在割洋葱
2615-num-1,那位女士正在折磨洋葱
2615-num-2,那个女人正在折磨洋葱
2616-num-1,那个女人正在折磨洋葱
2616-num-2,女人正在扔洋葱
2617-num-1,那位女士正在折磨洋葱
2617-num-2,女人正在割洋葱
2618-num-1,女人正在扔洋葱
2618-num-2,女人正在割洋葱
2619-num-1,那个女人正在折磨洋葱
2619-num-2,一个女人迅速割洋葱
2620-num-1,那个女人正在折磨洋葱
2620-num-2,没有女人割洋葱
2621-num-1,那个女人正在折磨洋葱
2621-num-2,女人正在割洋葱
2622-num-1,一个男人戴着帽子和跳舞
2622-num-2,一个男人戴着帽子，正在跳舞的帽子
2623-num-1,一个男人戴着帽子和跳舞
2623-num-2,一个男人赤裸而站着
2624-num-1,一个男人正在戴着磨损的硬帽跳舞
2624-num-2,一个男人戴着帽子和跳舞
2625-num-1,一个戴着硬帽的男人在跳舞
2625-num-2,戴着硬帽的人在跳舞
2626-num-1,没有男人有硬帽跳舞
2626-num-2,一个戴着硬帽的男人在跳舞
2627-num-1,戴着硬帽的人在跳舞
2627-num-2,一个男人戴着帽子和跳舞
2628-num-1,一个男人戴着帽子和跳舞
2628-num-2,没有男人有硬帽跳舞
2629-num-1,一个戴着硬帽的男人在跳舞
2629-num-2,一个男人戴着帽子，正在跳舞的帽子
2630-num-1,一个男人赤裸而站着
2630-num-2,一个戴着硬帽的男人在跳舞
2631-num-1,一个男人正在戴着磨损的硬帽跳舞
2631-num-2,一个戴着硬帽的男人在跳舞
2632-num-1,一个男人戴着帽子和跳舞
2632-num-2,一个戴着硬帽的男人在跳舞
2633-num-1,两个男孩正在玩电子游戏
2633-num-2,几个男孩正​​在玩电子游戏
2634-num-1,两个男孩正在学习
2634-num-2,两个男孩正在玩电子游戏
2635-num-1,两个沙发上的男孩正在电视上玩游戏
2635-num-2,两个沙发上的男孩正在玩电子游戏
2636-num-1,两个沙发上的两个男孩正在读书
2636-num-2,两个沙发上的男孩正在玩电子游戏
2637-num-1,两个玩男孩的视频游戏在沙发上
2637-num-2,两个沙发上的男孩正在玩电子游戏
2638-num-1,两个沙发上的男孩正在电视上玩游戏
2638-num-2,两个男孩正在玩电子游戏
2639-num-1,两个男孩正在玩电子游戏
2639-num-2,两个沙发上的两个男孩正在读书
2640-num-1,两个玩男孩的视频游戏在沙发上
2640-num-2,两个男孩正在玩电子游戏
2641-num-1,两个沙发上的男孩正在玩电子游戏
2641-num-2,几个男孩正​​在玩电子游戏
2642-num-1,两个男孩正在学习
2642-num-2,两个沙发上的男孩正在玩电子游戏
2643-num-1,两个沙发上的男孩正在玩电子游戏
2643-num-2,两个男孩正在玩电子游戏
2644-num-1,女人正在切土豆
2644-num-2,女人正在切土豆
2645-num-1,女人正在切土豆
2645-num-2,没有女人切土豆
2646-num-1,这个男人正在切蔬菜
2646-num-2,蔬菜被男人切成薄片
2647-num-1,这个男人不是在切蔬菜
2647-num-2,这个男人正在切蔬菜
2648-num-1,女人正在切土豆
2648-num-2,蔬菜被男人切成薄片
2649-num-1,这个男人不是在切蔬菜
2649-num-2,女人正在切土豆
2650-num-1,这个男人正在切蔬菜
2650-num-2,女人正在切土豆
2651-num-1,这个男人正在切蔬菜
2651-num-2,没有女人切土豆
2652-num-1,这个男人正在切蔬菜
2652-num-2,女人正在切土豆
2653-num-1,这位女士正在为混合器打破一个鸡蛋
2653-num-2,那位女士正在为搅拌机开个鸡蛋
2654-num-1,那位女士正在为搅拌机开个鸡蛋
2654-num-2,这位女士没有为混合器裂一个鸡蛋
2655-num-1,那位女士小心翼翼地切肉
2655-num-2,那位女士正在切肉
2656-num-1,那位女士正在切肉
2656-num-2,那位女士没有切碎肉
2657-num-1,那位女士正在吃肉片
2657-num-2,那位女士正在切肉
2658-num-1,那位女士小心翼翼地切肉
2658-num-2,那位女士正在为搅拌机开个鸡蛋
2659-num-1,那位女士没有切碎肉
2659-num-2,那位女士正在为搅拌机开个鸡蛋
2660-num-1,那位女士正在为搅拌机开个鸡蛋
2660-num-2,那位女士正在吃肉片
2661-num-1,那位女士正在切肉
2661-num-2,这位女士正在为混合器打破一个鸡蛋
2662-num-1,这位女士没有为混合器裂一个鸡蛋
2662-num-2,那位女士正在切肉
2663-num-1,那位女士正在为搅拌机开个鸡蛋
2663-num-2,那位女士正在切肉
2664-num-1,一些雪貂正在从架子上爬下来
2664-num-2,雪貂正在从架子上爬下来
2665-num-1,雪貂正在爬上一个架子
2665-num-2,雪貂正在从架子上爬下来
2666-num-1,一些雪貂正在从笼子里爬出来
2666-num-2,几个雪貂正在从笼子里爬出
2667-num-1,几个雪貂正在爬进笼子里
2667-num-2,几个雪貂正在从笼子里爬出
2668-num-1,一些雪貂正在从笼子里爬出来
2668-num-2,雪貂正在从架子上爬下来
2669-num-1,几个雪貂正在爬进笼子里
2669-num-2,雪貂正在从架子上爬下来
2670-num-1,一些雪貂正在从架子上爬下来
2670-num-2,几个雪貂正在从笼子里爬出
2671-num-1,雪貂正在爬上一个架子
2671-num-2,几个雪貂正在从笼子里爬出
2672-num-1,雪貂正在从架子上爬下来
2672-num-2,几个雪貂正在从笼子里爬出
2673-num-1,一个男人正在进入汽车
2673-num-2,一个男人正在上车
2674-num-1,一个男人下车
2674-num-2,一个男人正在上车
2675-num-1,一个男人急忙驶上车库里的汽车
2675-num-2,一个男人正在车库里上车
2676-num-1,一个人正在车库里停放汽车
2676-num-2,一个男人正在车库里上车
2677-num-1,一个男人正在车库里上车
2677-num-2,一个男人正在为汽车买车库
2678-num-1,一个男人急忙驶上车库里的汽车
2678-num-2,一个男人正在上车
2679-num-1,一个人正在车库里停放汽车
2679-num-2,一个男人正在上车
2680-num-1,一个男人正在为汽车买车库
2680-num-2,一个男人正在上车
2681-num-1,一个男人正在车库里上车
2681-num-2,一个男人正在进入汽车
2682-num-1,一个男人正在车库里上车
2682-num-2,一个男人下车
2683-num-1,一个男人正在车库里上车
2683-num-2,一个男人正在上车
2684-num-1,一个人将辣椒切成碎片
2684-num-2,一个人将辣椒切成碎片
2685-num-1,一个人将辣椒切成碎片
2685-num-2,没有人将辣椒切成碎片
2686-num-1,一个人将大蒜切成碎片
2686-num-2,这个人将大蒜切成碎片
2687-num-1,这个人将大蒜切成碎片
2687-num-2,这个人没有将大蒜丁香切成碎片
2688-num-1,一个人将辣椒切成碎片
2688-num-2,一个人将大蒜切成碎片
2689-num-1,一个人将辣椒切成碎片
2689-num-2,这个人没有将大蒜丁香切成碎片
2690-num-1,一个人将辣椒切成碎片
2690-num-2,这个人将大蒜切成碎片
2691-num-1,没有人将辣椒切成碎片
2691-num-2,这个人将大蒜切成碎片
2692-num-1,这个人将大蒜切成碎片
2692-num-2,一个人将辣椒切成碎片
2693-num-1,一个男人正在用吉他表演
2693-num-2,一个男人在弹吉他
2694-num-1,一个男人把吉他扔掉
2694-num-2,一个男人在弹吉他
2695-num-1,这个男人正在优雅地唱歌和弹吉他
2695-num-2,这个男人在唱歌和弹吉他
2696-num-1,没有男人唱歌和弹吉他
2696-num-2,这个男人在唱歌和弹吉他
2697-num-1,这个男人正在优雅地唱歌和弹吉他
2697-num-2,一个男人在弹吉他
2698-num-1,没有男人唱歌和弹吉他
2698-num-2,一个男人在弹吉他
2699-num-1,这个男人在唱歌和弹吉他
2699-num-2,一个男人正在用吉他表演
2700-num-1,这个男人在唱歌和弹吉他
2700-num-2,一个男人把吉他扔掉
2701-num-1,这个男人在唱歌和弹吉他
2701-num-2,一个男人在弹吉他
2702-num-1,这个人在沸腾面条
2702-num-2,一个人在沸腾面条
2703-num-1,一个人在沸腾面条
2703-num-2,没有人沸腾的面条
2704-num-1,一个女人在水中煮沸面条
2704-num-2,一个女人在水中沸腾
2705-num-1,女人正在干燥面条
2705-num-2,一个女人在水中沸腾
2706-num-1,一个女人在水中煮沸面条
2706-num-2,一个人在沸腾面条
2707-num-1,女人正在干燥面条
2707-num-2,一个人在沸腾面条
2708-num-1,一个女人在水中沸腾
2708-num-2,这个人在沸腾面条
2709-num-1,没有人沸腾的面条
2709-num-2,一个女人在水中沸腾
2710-num-1,一个女人在水中沸腾
2710-num-2,一个人在沸腾面条
2711-num-1,空手道从业者正在踢另一个戴着保护性拳击手套的男人
2711-num-2,一名空手道从业者正在踢另一个戴着保护手套的男人
2712-num-1,没有空手道练习者踢另一个戴着保护性拳击手套的男人
2712-num-2,空手道从业者正在踢另一个戴着保护性拳击手套的男人
2713-num-1,这个男人和培训师一起笨拙地踢拳
2713-num-2,这个男人正在和培训师一起拳击
2714-num-1,这个男人不是和培训师一起拳击
2714-num-2,这个男人正在和培训师一起拳击
2715-num-1,这个男人正在踢拳击教练
2715-num-2,这个男人正在和培训师一起拳击
2716-num-1,这个男人和培训师一起笨拙地踢拳
2716-num-2,空手道从业者正在踢另一个戴着保护性拳击手套的男人
2717-num-1,空手道从业者正在踢另一个戴着保护性拳击手套的男人
2717-num-2,这个男人不是和培训师一起拳击
2718-num-1,这个男人正在踢拳击教练
2718-num-2,空手道从业者正在踢另一个戴着保护性拳击手套的男人
2719-num-1,这个男人正在和培训师一起拳击
2719-num-2,一名空手道从业者正在踢另一个戴着保护手套的男人
2720-num-1,这个男人正在和培训师一起拳击
2720-num-2,没有空手道练习者踢另一个戴着保护性拳击手套的男人
2721-num-1,这个男人正在和培训师一起拳击
2721-num-2,空手道从业者正在踢另一个戴着保护性拳击手套的男人
2722-num-1,一个坐着的女人正在唱歌和弹吉他
2722-num-2,一个坐着的女人正在唱歌和弹吉他
2723-num-1,没有座位的女人唱歌和弹吉他
2723-num-2,一个坐着的女人正在唱歌和弹吉他
2724-num-1,巨石上的一个女人躺在毯子上读书
2724-num-2,一块岩石上的女人躺在毯子上，读书
2725-num-1,一块岩石上的女人躺在毯子上，读书
2725-num-2,一个岩石上的女人站着，环顾四周
2726-num-1,一块岩石上的女人躺在毯子上，读书
2726-num-2,一个女人摇摇欲坠，躺在读书的人身上
2727-num-1,巨石上的一个女人躺在毯子上读书
2727-num-2,一个坐着的女人正在唱歌和弹吉他
2728-num-1,一个坐着的女人正在唱歌和弹吉他
2728-num-2,一个岩石上的女人站着，环顾四周
2729-num-1,一个女人摇摇欲坠，躺在读书的人身上
2729-num-2,一个坐着的女人正在唱歌和弹吉他
2730-num-1,一块岩石上的女人躺在毯子上，读书
2730-num-2,一个坐着的女人正在唱歌和弹吉他
2731-num-1,一块岩石上的女人躺在毯子上，读书
2731-num-2,没有座位的女人唱歌和弹吉他
2732-num-1,一个坐着的女人正在唱歌和弹吉他
2732-num-2,一块岩石上的女人躺在毯子上，读书
2733-num-1,一个男人正在弹声吉他
2733-num-2,一个男人正在弹吉他
2734-num-1,一个男人正在打包原声吉他
2734-num-2,一个男人正在弹声吉他
2735-num-1,女人正在弹吉他，这是电动的
2735-num-2,女人正在弹电吉他
2736-num-1,女人正在弹电吉他
2736-num-2,女人没有弹吉他
2737-num-1,一个男人正在弹声吉他
2737-num-2,女人正在弹吉他，这是电动的
2738-num-1,女人没有弹吉他
2738-num-2,一个男人正在弹声吉他
2739-num-1,女人正在弹电吉他
2739-num-2,一个男人正在弹吉他
2740-num-1,一个男人正在打包原声吉他
2740-num-2,女人正在弹电吉他
2741-num-1,女人正在弹电吉他
2741-num-2,一个男人正在弹声吉他
2742-num-1,那位女士正在打破鸡蛋，这些鸡蛋是生蛋
2742-num-2,那位女士正在将生鸡蛋打碎成碗
2743-num-1,那位女士正在将生鸡蛋打碎成碗
2743-num-2,那位女士没有将生鸡蛋分成碗
2744-num-1,那个女人正在将鸡蛋塞进碗中
2744-num-2,鸡蛋被那个女人裂成一个碗
2745-num-1,女人正在储存鸡蛋
2745-num-2,那个女人正在将鸡蛋塞进碗中
2746-num-1,那位女士正在将生鸡蛋打碎成碗
2746-num-2,鸡蛋被那个女人裂成一个碗
2747-num-1,女人正在储存鸡蛋
2747-num-2,那位女士正在将生鸡蛋打碎成碗
2748-num-1,那位女士正在打破鸡蛋，这些鸡蛋是生蛋
2748-num-2,那个女人正在将鸡蛋塞进碗中
2749-num-1,那个女人正在将鸡蛋塞进碗中
2749-num-2,那位女士没有将生鸡蛋分成碗
2750-num-1,那位女士正在将生鸡蛋打碎成碗
2750-num-2,那个女人正在将鸡蛋塞进碗中
2751-num-1,足球运动员正在进球
2751-num-2,足球运动员正在进球
2752-num-1,足球运动员正在进球
2752-num-2,足球运动员缺少进球
2753-num-1,一些踢足球的人正在将足球踢进球
2753-num-2,足球运动员将足球踢进球
2754-num-1,足球运动员将足球踢进球
2754-num-2,没有足球运动员将足球踢进球
2755-num-1,一些踢足球的人正在将足球踢进球
2755-num-2,足球运动员正在进球
2756-num-1,足球运动员正在进球
2756-num-2,没有足球运动员将足球踢进球
2757-num-1,足球运动员正在进球
2757-num-2,足球运动员将足球踢进球
2758-num-1,足球运动员将足球踢进球
2758-num-2,足球运动员缺少进球
2759-num-1,足球运动员将足球踢进球
2759-num-2,足球运动员正在进球
2760-num-1,男人和一个女人正在快乐地吃饭
2760-num-2,一个男人和一个女人在吃东西
2761-num-1,一个男人和一个女人在吃东西
2761-num-2,男人和女人不吃
2762-num-1,一个男人和女人在说话
2762-num-2,一个男人和一个女人正在交谈
2763-num-1,一个男人和女人在说话
2763-num-2,一个男人和一个女人保持沉默
2764-num-1,一个男人和一个女人在吃东西
2764-num-2,一个男人和一个女人正在交谈
2765-num-1,一个男人和一个女人保持沉默
2765-num-2,一个男人和一个女人在吃东西
2766-num-1,一个男人和女人在说话
2766-num-2,男人和一个女人正在快乐地吃饭
2767-num-1,一个男人和女人在说话
2767-num-2,男人和女人不吃
2768-num-1,一个男人和一个女人在吃东西
2768-num-2,一个男人和女人在说话
2769-num-1,一个人将用橄榄制成的油倒入炉子上的锅中
2769-num-2,一个人将橄榄油倒入炉子上的锅中
2770-num-1,没有人将橄榄油倒入炉子上的锅中
2770-num-2,一个人将橄榄油倒入炉子上的锅中
2771-num-1,一个人将橄榄油倒入炉子上的锅中
2771-num-2,一个人从锅中倒入炉子
2772-num-1,一个人正在倒油，以烹饪到锅中
2772-num-2,一个人正在将食用油倒入锅中
2773-num-1,一个人正在清洁一锅食用油
2773-num-2,一个人正在将食用油倒入锅中
2774-num-1,一个人将橄榄油倒入炉子上的锅中
2774-num-2,一个人正在倒油，以烹饪到锅中
2775-num-1,一个人正在清洁一锅食用油
2775-num-2,一个人将橄榄油倒入炉子上的锅中
2776-num-1,一个人将用橄榄制成的油倒入炉子上的锅中
2776-num-2,一个人正在将食用油倒入锅中
2777-num-1,没有人将橄榄油倒入炉子上的锅中
2777-num-2,一个人正在将食用油倒入锅中
2778-num-1,一个人正在将食用油倒入锅中
2778-num-2,一个人从锅中倒入炉子
2779-num-1,一个人将橄榄油倒入炉子上的锅中
2779-num-2,一个人正在将食用油倒入锅中
2780-num-1,一个女人在街上walking狗
2780-num-2,那个女人在街上walking狗
2781-num-1,一个女人在街上walking狗
2781-num-2,女人正在限制狗
2782-num-1,女人在walking狗
2782-num-2,那只狗被那个女人走了
2783-num-1,女人不walking狗
2783-num-2,女人在walking狗
2784-num-1,一个女人在街上walking狗
2784-num-2,那只狗被那个女人走了
2785-num-1,一个女人在街上walking狗
2785-num-2,女人不walking狗
2786-num-1,那个女人在街上walking狗
2786-num-2,女人在walking狗
2787-num-1,女人在walking狗
2787-num-2,女人正在限制狗
2788-num-1,一个女人在街上walking狗
2788-num-2,女人在walking狗
2789-num-1,豚鼠正在吞噬胡萝卜
2789-num-2,豚鼠正在吃胡萝卜
2790-num-1,没有豚鼠吃胡萝卜
2790-num-2,豚鼠正在吃胡萝卜
2791-num-1,小豚鼠很小，正在地板上咬着一块胡萝卜
2791-num-2,一只小豚鼠在地板上咬着一块胡萝卜
2792-num-1,一只小豚鼠在地板上咬着一块胡萝卜
2792-num-2,没有小豚鼠在地板上咬着一块胡萝卜
2793-num-1,小豚鼠很小，正在地板上咬着一块胡萝卜
2793-num-2,豚鼠正在吃胡萝卜
2794-num-1,没有小豚鼠在地板上咬着一块胡萝卜
2794-num-2,豚鼠正在吃胡萝卜
2795-num-1,一只小豚鼠在地板上咬着一块胡萝卜
2795-num-2,豚鼠正在吞噬胡萝卜
2796-num-1,没有豚鼠吃胡萝卜
2796-num-2,一只小豚鼠在地板上咬着一块胡萝卜
2797-num-1,一只小豚鼠在地板上咬着一块胡萝卜
2797-num-2,豚鼠正在吃胡萝卜
2798-num-1,一个男人自信地用刀切成胡萝卜
2798-num-2,一个男人用刀将胡萝卜切碎
2799-num-1,一个男人用刀将胡萝卜切碎
2799-num-2,一个男人正在把胡萝卜扔掉
2800-num-1,女人正在切一个洋葱
2800-num-2,女人正在切割洋葱
2801-num-1,女人没有切成洋葱
2801-num-2,女人正在切一个洋葱
2802-num-1,女人正在切割洋葱
2802-num-2,一个男人用刀将胡萝卜切碎
2803-num-1,一个男人用刀将胡萝卜切碎
2803-num-2,女人没有切成洋葱
2804-num-1,一个男人自信地用刀切成胡萝卜
2804-num-2,女人正在切一个洋葱
2805-num-1,女人正在切一个洋葱
2805-num-2,一个男人正在把胡萝卜扔掉
2806-num-1,一个男人用刀将胡萝卜切碎
2806-num-2,女人正在切一个洋葱
2807-num-1,飞机正在着陆
2807-num-2,飞机正在降落
2808-num-1,飞机正在起飞
2808-num-2,飞机正在降落
2809-num-1,一架卡通飞机正在着陆
2809-num-2,动画飞机正在着陆
2810-num-1,动画飞机正在着陆
2810-num-2,动画飞机正在起飞
2811-num-1,一架卡通飞机正在着陆
2811-num-2,飞机正在降落
2812-num-1,飞机正在降落
2812-num-2,动画飞机正在起飞
2813-num-1,动画飞机正在着陆
2813-num-2,飞机正在着陆
2814-num-1,动画飞机正在着陆
2814-num-2,飞机正在起飞
2815-num-1,动画飞机正在着陆
2815-num-2,飞机正在降落
2816-num-1,一个女人在煎锅里煮鸡蛋
2816-num-2,一个女人正在煎锅里准备鸡蛋
2817-num-1,一个女人正在煎锅里准备鸡蛋
2817-num-2,没有女人在煎锅里准备鸡蛋
2818-num-1,女人正在为鸡蛋准备煎锅
2818-num-2,一个女人正在煎锅里准备鸡蛋
2819-num-1,一个女人小心地将混合物倒入碗中并混合
2819-num-2,一个女人将混合物倒入碗中并混合
2820-num-1,一个女人将混合物倒入碗中并混合
2820-num-2,一个女人正在从碗里取出混合物
2821-num-1,一个女人小心地将混合物倒入碗中并混合
2821-num-2,一个女人正在煎锅里准备鸡蛋
2822-num-1,一个女人正在从碗里取出混合物
2822-num-2,一个女人正在煎锅里准备鸡蛋
2823-num-1,一个女人在煎锅里煮鸡蛋
2823-num-2,一个女人将混合物倒入碗中并混合
2824-num-1,没有女人在煎锅里准备鸡蛋
2824-num-2,一个女人将混合物倒入碗中并混合
2825-num-1,一个女人将混合物倒入碗中并混合
2825-num-2,女人正在为鸡蛋准备煎锅
2826-num-1,一个女人正在煎锅里准备鸡蛋
2826-num-2,一个女人将混合物倒入碗中并混合
2827-num-1,这个女孩正在用眼皮上用眼铅笔
2827-num-2,这个女孩正在用铅笔在她的眼睑上看眼睛
2828-num-1,这个女孩正在用眼皮上用眼铅笔
2828-num-2,这个女孩没有在她的眼睑上使用眼纸
2829-num-1,那位女士在眼影
2829-num-2,那个女人在眼影
2830-num-1,那个女人在眼影
2830-num-2,女人不是在眼影
2831-num-1,那位女士在眼影
2831-num-2,这个女孩正在用眼皮上用眼铅笔
2832-num-1,女人不是在眼影
2832-num-2,这个女孩正在用眼皮上用眼铅笔
2833-num-1,这个女孩正在用铅笔在她的眼睑上看眼睛
2833-num-2,那个女人在眼影
2834-num-1,那个女人在眼影
2834-num-2,这个女孩没有在她的眼睑上使用眼纸
2835-num-1,这个女孩正在用眼皮上用眼铅笔
2835-num-2,那个女人在眼影
2836-num-1,一个女孩正在练习钢琴
2836-num-2,一个女孩正在弹钢琴
2837-num-1,没有女孩弹钢琴
2837-num-2,一个女孩正在弹钢琴
2838-num-1,一个很小的女孩在舞台上弹式钢琴
2838-num-2,一个小女孩在舞台上弹钢琴
2839-num-1,一个小女孩在舞台上弹钢琴
2839-num-2,一个小女孩正在舞台上走
2840-num-1,一个很小的女孩在舞台上弹式钢琴
2840-num-2,一个女孩正在弹钢琴
2841-num-1,一个女孩正在弹钢琴
2841-num-2,一个小女孩正在舞台上走
2842-num-1,一个小女孩在舞台上弹钢琴
2842-num-2,一个女孩正在练习钢琴
2843-num-1,没有女孩弹钢琴
2843-num-2,一个小女孩在舞台上弹钢琴
2844-num-1,一个小女孩在舞台上弹钢琴
2844-num-2,一个女孩正在弹钢琴
2845-num-1,女人正在煮鸡蛋
2845-num-2,女人正在煮鸡蛋
2846-num-1,女人正在煮鸡蛋
2846-num-2,没有女人煮鸡蛋
2847-num-1,那个女人正在爱心做某事
2847-num-2,女人在烹饪东西
2848-num-1,那个女人没有做东西
2848-num-2,女人在烹饪东西
2849-num-1,女人正在煮鸡蛋
2849-num-2,那个女人正在爱心做某事
2850-num-1,那个女人没有做东西
2850-num-2,女人正在煮鸡蛋
2851-num-1,女人正在煮鸡蛋
2851-num-2,女人在烹饪东西
2852-num-1,没有女人煮鸡蛋
2852-num-2,女人在烹饪东西
2853-num-1,女人正在煮鸡蛋
2853-num-2,女人在烹饪东西
2854-num-1,有些猫互相玩耍
2854-num-2,猫互相玩耍
2855-num-1,猫互相玩耍
2855-num-2,猫没有互相玩耍
2856-num-1,两只猫互相嬉戏战斗
2856-num-2,两只猫互相战斗
2857-num-1,两只猫躺在一起
2857-num-2,两只猫互相战斗
2858-num-1,两只猫互相嬉戏战斗
2858-num-2,猫互相玩耍
2859-num-1,猫互相玩耍
2859-num-2,两只猫躺在一起
2860-num-1,有些猫互相玩耍
2860-num-2,两只猫互相战斗
2861-num-1,猫没有互相玩耍
2861-num-2,两只猫互相战斗
2862-num-1,两只猫互相战斗
2862-num-2,猫互相玩耍
2863-num-1,两人骑了两辆自行车
2863-num-2,两个人骑自行车
2864-num-1,没有人骑自行车
2864-num-2,两个人骑自行车
2865-num-1,两个人骑摩托车
2865-num-2,两个人驾驶摩托车
2866-num-1,两个人停下来骑摩托车
2866-num-2,两个人骑摩托车
2867-num-1,两个人骑自行车
2867-num-2,两个人驾驶摩托车
2868-num-1,两个人停下来骑摩托车
2868-num-2,两个人骑自行车
2869-num-1,两人骑了两辆自行车
2869-num-2,两个人骑摩托车
2870-num-1,两个人骑摩托车
2870-num-2,没有人骑自行车
2871-num-1,两个人骑摩托车
2871-num-2,两个人骑自行车
2872-num-1,一个人正在骑机械牛
2872-num-2,一个人正在骑机械牛
2873-num-1,没有人骑机械牛
2873-num-2,一个人正在骑机械牛
2874-num-1,这个男人正在骑机械牛
2874-num-2,这个男人正在骑着机械的公牛
2875-num-1,这个人没有骑机械牛
2875-num-2,这个男人正在骑机械牛
2876-num-1,一个人正在骑机械牛
2876-num-2,这个男人正在骑着机械的公牛
2877-num-1,这个人没有骑机械牛
2877-num-2,一个人正在骑机械牛
2878-num-1,这个男人正在骑机械牛
2878-num-2,一个人正在骑机械牛
2879-num-1,没有人骑机械牛
2879-num-2,这个男人正在骑机械牛
2880-num-1,一个人正在骑机械牛
2880-num-2,这个男人正在骑机械牛
2881-num-1,女人在巧妙地玩长笛
2881-num-2,女人在玩长笛
2882-num-1,女人在玩长笛
2882-num-2,一个女人放下一个长笛
2883-num-1,女人在玩长笛
2883-num-2,长笛正在女人扮演
2884-num-1,女人在玩长笛
2884-num-2,女人没有玩长笛
2885-num-1,女人在玩长笛
2885-num-2,长笛正在女人扮演
2886-num-1,女人在玩长笛
2886-num-2,女人没有玩长笛
2887-num-1,女人在巧妙地玩长笛
2887-num-2,女人在玩长笛
2888-num-1,一个女人放下一个长笛
2888-num-2,女人在玩长笛
2889-num-1,女人在玩长笛
2889-num-2,女人在玩长笛
2890-num-1,这个男人正在举起杠铃
2890-num-2,一个男人正在举起杠铃
2891-num-1,这个男人正在举起杠铃
2891-num-2,这个男人正在降低杠铃
2892-num-1,这个男人正在举重
2892-num-2,男人正在举重
2893-num-1,这个男人正在举重
2893-num-2,这个男人没有举重
2894-num-1,这个男人正在举起杠铃
2894-num-2,男人正在举重
2895-num-1,这个男人没有举重
2895-num-2,这个男人正在举起杠铃
2896-num-1,一个男人正在举起杠铃
2896-num-2,这个男人正在举重
2897-num-1,这个男人正在举重
2897-num-2,这个男人正在降低杠铃
2898-num-1,这个男人正在举起杠铃
2898-num-2,这个男人正在举重
2899-num-1,一个男人用斧头砍下一棵树
2899-num-2,一个人用斧头切碎一棵树
2900-num-1,一个男人用斧头砍下一棵树
2900-num-2,一个人正在植树
2901-num-1,一棵树被一个斧头的男人砍伐
2901-num-2,一个男人正在用斧头割树
2902-num-1,一个男人正在用斧头割树
2902-num-2,一个人正在浇一树
2903-num-1,一棵树被一个斧头的男人砍伐
2903-num-2,一个男人用斧头砍下一棵树
2904-num-1,一个人正在浇一树
2904-num-2,一个男人用斧头砍下一棵树
2905-num-1,一个男人正在用斧头割树
2905-num-2,一个人用斧头切碎一棵树
2906-num-1,一个男人正在用斧头割树
2906-num-2,一个人正在植树
2907-num-1,一个男人正在用斧头割树
2907-num-2,一个男人用斧头砍下一棵树
2908-num-1,一个女孩正在化妆她的脸
2908-num-2,这个女孩正在化妆她的脸
2909-num-1,一个女孩正在化妆她的脸
2909-num-2,没有女孩在她的脸上化妆
2910-num-1,一位女士正在化妆
2910-num-2,女人正在化妆
2911-num-1,女人正在化妆
2911-num-2,没有女人化妆
2912-num-1,一个女孩正在化妆她的脸
2912-num-2,一位女士正在化妆
2913-num-1,一个女孩正在化妆她的脸
2913-num-2,没有女人化妆
2914-num-1,这个女孩正在化妆她的脸
2914-num-2,女人正在化妆
2915-num-1,没有女孩在她的脸上化妆
2915-num-2,女人正在化妆
2916-num-1,一个女孩正在化妆她的脸
2916-num-2,女人正在化妆
2917-num-1,一群鹿过马路
2917-num-2,一群鹿正在越过街
2918-num-1,一群鹿过马路
2918-num-2,一群鹿正在街上停下来
2919-num-1,Crabibous群正在迅速越过一条路
2919-num-2,Crabibous群正在越过一条路
2920-num-1,Crabibous群正在越过一条路
2920-num-2,Crabibous群并没有越过道路
2921-num-1,Crabibous群正在迅速越过一条路
2921-num-2,一群鹿过马路
2922-num-1,Crabibous群并没有越过道路
2922-num-2,一群鹿过马路
2923-num-1,Crabibous群正在越过一条路
2923-num-2,一群鹿正在越过街
2924-num-1,Crabibous群正在越过一条路
2924-num-2,一群鹿正在街上停下来
2925-num-1,一群鹿过马路
2925-num-2,Crabibous群正在越过一条路
2926-num-1,女人正在切一个洋葱
2926-num-2,一个女人将洋葱切成薄片
2928-num-1,那个女人正在切胡萝卜
2928-num-2,女人正在切胡萝卜
2929-num-1,女人没有切胡萝卜
2929-num-2,女人正在切胡萝卜
2930-num-1,那个女人正在切胡萝卜
2930-num-2,女人正在切一个洋葱
2931-num-1,女人正在切一个洋葱
2931-num-2,女人没有切胡萝卜
2932-num-1,女人正在切胡萝卜
2932-num-2,一个女人将洋葱切成薄片
2933-num-1,女人正在切胡萝卜
2933-num-2,没有女人切洋葱
2934-num-1,女人正在切胡萝卜
2934-num-2,女人正在切一个洋葱
2935-num-1,两个男人正在用牛笔打架
2935-num-2,两个男人正在用笔为牛打架
2936-num-1,两个男人正在用牛笔打架
2936-num-2,两个男人在牛笔外面
2937-num-1,两个男人在牛牧场上战斗
2937-num-2,两个男人在牧场上为牛打架
2938-num-1,两个男人在牛牧场上战斗
2938-num-2,没有人在牛牧场上战斗
2939-num-1,两个男人在牛牧场上战斗
2939-num-2,两个奶牛在牧场上打架
2940-num-1,两个男人在牧场上为牛打架
2940-num-2,两个男人正在用牛笔打架
2941-num-1,两个男人正在用牛笔打架
2941-num-2,没有人在牛牧场上战斗
2942-num-1,两个奶牛在牧场上打架
2942-num-2,两个男人正在用牛笔打架
2943-num-1,两个男人在牛牧场上战斗
2943-num-2,两个男人正在用笔为牛打架
2944-num-1,两个男人在牛笔外面
2944-num-2,两个男人在牛牧场上战斗
2945-num-1,两个男人在牛牧场上战斗
2945-num-2,两个男人正在用牛笔打架
2946-num-1,一个女人正在将化妆品放在她的眼睑上
2946-num-2,一个女人正在将化妆品涂在她的眼皮上
2947-num-1,一个女人正在将化妆品放在她的眼睑上
2947-num-2,一个女人正在从眼皮中删除化妆品
2948-num-1,一个女人在眼影
2948-num-2,那个女人在眼影
2949-num-1,眼影上没有女人
2949-num-2,那个女人在眼影
2950-num-1,一个女人在眼影
2950-num-2,一个女人正在将化妆品放在她的眼睑上
2951-num-1,眼影上没有女人
2951-num-2,一个女人正在将化妆品放在她的眼睑上
2952-num-1,那个女人在眼影
2952-num-2,一个女人正在将化妆品涂在她的眼皮上
2953-num-1,那个女人在眼影
2953-num-2,一个女人正在从眼皮中删除化妆品
2954-num-1,那个女人在眼影
2954-num-2,一个女人正在将化妆品放在她的眼睑上
2955-num-1,一个男人正在吃香蕉
2955-num-2,一个男人吃的香蕉
2957-num-1,这个男人不在树上吃香蕉
2957-num-2,这个男人在树上吃香蕉
2958-num-1,这个男人不是在树上吃香蕉
2958-num-2,这个男人在树上吃香蕉
2959-num-1,这个男人不在树上吃香蕉
2959-num-2,一个男人正在吃香蕉
2960-num-1,一个男人正在吃香蕉
2960-num-2,这个男人不是在树上吃香蕉
2961-num-1,这个男人在树上吃香蕉
2961-num-2,一个男人吃的香蕉
2962-num-1,这个男人在树上吃香蕉
2962-num-2,没有男人在吃香蕉
2963-num-1,这个男人在树上吃香蕉
2963-num-2,一个男人正在吃香蕉
2964-num-1,一个大绿球正在敲土豆
2964-num-2,一个绿色且大的球正在敲土豆
2965-num-1,一个大绿球缺少土豆
2965-num-2,一个大绿球正在敲土豆
2966-num-1,一个大马铃薯正在敲绿球
2966-num-2,一个大绿球正在敲土豆
2967-num-1,一个大绿球正在击中土豆
2967-num-2,一个大的绿色球击中土豆
2968-num-1,一个大绿球缺少土豆
2968-num-2,一个大绿球正在击中土豆
2969-num-1,一个大的绿色球击中土豆
2969-num-2,一个大绿球正在敲土豆
2970-num-1,一个大绿球正在敲土豆
2970-num-2,一个大绿球缺少土豆
2971-num-1,一个绿色且大的球正在敲土豆
2971-num-2,一个大绿球正在击中土豆
2972-num-1,一个大绿球正在击中土豆
2972-num-2,一个大绿球缺少土豆
2973-num-1,一个大绿球正在击中土豆
2973-num-2,一个大马铃薯正在敲绿球
2974-num-1,一个大绿球正在击中土豆
2974-num-2,一个大绿球正在敲土豆
2975-num-1,不同的球队在场上踢足球
2975-num-2,不同的球队在场上踢足球
2976-num-1,不同的球队在场上踢足球
2976-num-2,不同的团队正在田野上休息
2977-num-1,不同的球队在场上踢足球
2977-num-2,不同的足球运动员在球场上队伍
2978-num-1,两支球队热情地踢足球
2978-num-2,两个球队正在踢足球
2979-num-1,没有球队踢足球
2979-num-2,两个球队正在踢足球
2980-num-1,两支球队热情地踢足球
2980-num-2,不同的球队在场上踢足球
2981-num-1,不同的球队在场上踢足球
2981-num-2,没有球队踢足球
2982-num-1,不同的球队在场上踢足球
2982-num-2,两个球队正在踢足球
2983-num-1,两个球队正在踢足球
2983-num-2,不同的团队正在田野上休息
2984-num-1,两个球队正在踢足球
2984-num-2,不同的足球运动员在球场上队伍
2985-num-1,不同的球队在场上踢足球
2985-num-2,两个球队正在踢足球
2986-num-1,一个男孩在玩键盘
2986-num-2,一个男孩正在练习键盘
2987-num-1,一个男孩在玩键盘
2987-num-2,没有男孩在玩键盘
2988-num-1,一个男孩舒适地坐在房间里，用灯弹钢琴
2988-num-2,一个男孩坐在房间里，用灯灯弹钢琴
2989-num-1,一个男孩站在灯灯的房间里
2989-num-2,一个男孩坐在房间里，用灯灯弹钢琴
2990-num-1,一个男孩舒适地坐在房间里，用灯弹钢琴
2990-num-2,一个男孩在玩键盘
2991-num-1,一个男孩在玩键盘
2991-num-2,一个男孩站在灯灯的房间里
2992-num-1,一个男孩正在练习键盘
2992-num-2,一个男孩坐在房间里，用灯灯弹钢琴
2993-num-1,一个男孩坐在房间里，用灯灯弹钢琴
2993-num-2,没有男孩在玩键盘
2994-num-1,一个男孩坐在房间里，用灯灯弹钢琴
2994-num-2,一个男孩在玩键盘
2996-num-1,一个男人在弹吉他
2996-num-2,一个男人正在放下吉他
2997-num-1,女人正在弹电吉他
2997-num-2,女人正在弹吉他，这是电动的
2998-num-1,没有女人弹电吉他
2998-num-2,女人正在弹电吉他
2999-num-1,一个男人在弹吉他
2999-num-2,女人正在弹吉他，这是电动的
3000-num-1,没有女人弹电吉他
3000-num-2,一个男人在弹吉他
3001-num-1,女人正在弹电吉他
3001-num-2,一个男人正在弹吉他
3002-num-1,女人正在弹电吉他
3002-num-2,一个男人正在放下吉他
3003-num-1,女人正在弹电吉他
3003-num-2,一个男人在弹吉他
3004-num-1,一个穿着西装的男人站在麦克风上唱歌
3004-num-2,穿着西装的男人站在麦克风上唱歌
3005-num-1,没有一个穿着西装的人站在麦克风上唱歌
3005-num-2,一个穿着西装的男人站在麦克风上唱歌
3006-num-1,舞台上的那个人热情地唱歌麦克风
3006-num-2,舞台上的那个人正在唱歌到麦克风
3007-num-1,舞台上的那个人正在唱歌到麦克风
3007-num-2,舞台上的那个人没有唱歌到麦克风
3008-num-1,该男子正在上台麦克风，正在唱歌
3008-num-2,舞台上的那个人正在唱歌到麦克风
3009-num-1,一个穿着西装的男人站在麦克风上唱歌
3009-num-2,舞台上的那个人热情地唱歌麦克风
3010-num-1,舞台上的那个人没有唱歌到麦克风
3010-num-2,一个穿着西装的男人站在麦克风上唱歌
3011-num-1,一个穿着西装的男人站在麦克风上唱歌
3011-num-2,该男子正在上台麦克风，正在唱歌
3012-num-1,穿着西装的男人站在麦克风上唱歌
3012-num-2,舞台上的那个人正在唱歌到麦克风
3013-num-1,舞台上的那个人正在唱歌到麦克风
3013-num-2,没有一个穿着西装的人站在麦克风上唱歌
3014-num-1,一个穿着西装的男人站在麦克风上唱歌
3014-num-2,舞台上的那个人正在唱歌到麦克风
3015-num-1,一些十几岁的女孩正在为相机跳舞
3015-num-2,十几岁的一些女孩正在为相机跳舞
3016-num-1,一些十几岁的女孩正在为相机跳舞
3016-num-2,一些十几岁的女孩仍站在镜头前
3017-num-1,三个十几岁的女孩在房间里跳舞
3017-num-2,三个年轻女孩在房间里跳舞
3018-num-1,三个十几岁的女孩在房间里跳舞
3018-num-2,三个十几岁的女孩在房间里空转
3019-num-1,三个年轻女孩在房间里跳舞
3019-num-2,一些十几岁的女孩正在为相机跳舞
3020-num-1,三个十几岁的女孩在房间里空转
3020-num-2,一些十几岁的女孩正在为相机跳舞
3021-num-1,十几岁的一些女孩正在为相机跳舞
3021-num-2,三个十几岁的女孩在房间里跳舞
3022-num-1,三个十几岁的女孩在房间里跳舞
3022-num-2,一些十几岁的女孩仍站在镜头前
3023-num-1,一些十几岁的女孩正在为相机跳舞
3023-num-2,三个十几岁的女孩在房间里跳舞
3024-num-1,一些孩子跳上蹦床
3024-num-2,一些孩子正在跳上蹦床
3025-num-1,一些孩子正在跳下蹦床
3025-num-2,一些孩子正在跳上蹦床
3026-num-1,两个男孩在蹦床上玩
3026-num-2,有些男孩在蹦床上玩
3027-num-1,两个男孩在蹦床上玩
3027-num-2,没有人在蹦床上玩
3028-num-1,有些男孩在蹦床上玩
3028-num-2,一些孩子正在跳上蹦床
3029-num-1,没有人在蹦床上玩
3029-num-2,一些孩子正在跳上蹦床
3030-num-1,一些孩子跳上蹦床
3030-num-2,两个男孩在蹦床上玩
3031-num-1,一些孩子正在跳下蹦床
3031-num-2,两个男孩在蹦床上玩
3032-num-1,两个男孩在蹦床上玩
3032-num-2,一些孩子正在跳上蹦床
3034-num-1,狗不玩塑料容器
3034-num-2,狗正在和一个塑料容器一起玩
3035-num-1,小狗正在玩塑料容器
3035-num-2,小狗正在玩塑料制成的容器
3036-num-1,小狗不玩塑料容器
3036-num-2,小狗正在玩塑料容器
3037-num-1,小狗正在玩塑料制成的容器
3037-num-2,狗正在和一个塑料容器一起玩
3038-num-1,狗正在和一个塑料容器一起玩
3038-num-2,小狗不玩塑料容器
3039-num-1,小狗正在玩塑料容器
3039-num-2,狗正在和一个塑料容器一起玩
3040-num-1,小狗正在玩塑料容器
3040-num-2,狗不玩塑料容器
3042-num-1,一个人在运动上跳下墙
3042-num-2,一个男人正在跳墙
3043-num-1,一个男人正在跳墙
3043-num-2,一个男人站在墙前
3044-num-1,一个男人跳到低矮的墙上
3044-num-2,一个男人跳到低墙上
3045-num-1,一个男人跳到低墙上
3045-num-2,一个男人从低墙上跳下来
3046-num-1,一个男人正在跳墙
3046-num-2,一个男人跳到低矮的墙上
3047-num-1,一个男人从低墙上跳下来
3047-num-2,一个男人正在跳墙
3048-num-1,一个人在运动上跳下墙
3048-num-2,一个男人跳到低墙上
3049-num-1,一个男人跳到低墙上
3049-num-2,一个男人站在墙前
3050-num-1,一个男人跳到低墙上
3050-num-2,一个男人正在跳墙
3051-num-1,该男子正在将油倒入锅中
3051-num-2,一个人正在将油倒入锅中
3052-num-1,没有人把油倒入锅中
3052-num-2,一个人正在将油倒入锅中
3053-num-1,一个人正在将油倒入煎锅中
3053-num-2,一个男人正在将石油倒入煎锅中
3054-num-1,一个人正在将油倒入煎锅中
3054-num-2,一个男人正在将油从煎锅上取出
3055-num-1,一个人正在将油倒入锅中
3055-num-2,一个男人正在将石油倒入煎锅中
3056-num-1,一个人正在将油倒入锅中
3056-num-2,一个男人正在将油从煎锅上取出
3057-num-1,一个人正在将油倒入煎锅中
3057-num-2,该男子正在将油倒入锅中
3058-num-1,没有人把油倒入锅中
3058-num-2,一个人正在将油倒入煎锅中
3059-num-1,一个人正在将油倒入锅中
3059-num-2,一个人正在将油倒入煎锅中
3060-num-1,一个女人在开车，并与坐在她旁边的男人聊天
3060-num-2,一个女人在开车，正在和坐在她旁边的男人说话
3061-num-1,一个女人在开车，正在和坐在她旁边的男人说话
3061-num-2,没有女人开车去和坐在她旁边的男人说话
3062-num-1,一个男人正在和坐在他旁边并开车的女人说话
3062-num-2,一个女人在开车，正在和坐在她旁边的男人说话
3063-num-1,女人和男人在乘车旅行
3063-num-2,女人和男人正在乘汽车旅行
3064-num-1,女人和男人没有开车旅行
3064-num-2,女人和男人在乘车旅行
3065-num-1,一个女人在开车，正在和坐在她旁边的男人说话
3065-num-2,女人和男人正在乘汽车旅行
3066-num-1,一个女人在开车，正在和坐在她旁边的男人说话
3066-num-2,女人和男人没有开车旅行
3067-num-1,一个女人在开车，并与坐在她旁边的男人聊天
3067-num-2,女人和男人在乘车旅行
3068-num-1,没有女人开车去和坐在她旁边的男人说话
3068-num-2,女人和男人在乘车旅行
3069-num-1,一个男人正在和坐在他旁边并开车的女人说话
3069-num-2,女人和男人在乘车旅行
3070-num-1,一个女人在开车，正在和坐在她旁边的男人说话
3070-num-2,女人和男人在乘车旅行
3071-num-1,这个人正在刷猫
3071-num-2,一个人正在刷猫
3072-num-1,一个人正在刷猫
3072-num-2,没有人刷猫
3073-num-1,一个人正在梳理猫的皮毛
3073-num-2,猫的皮毛被一个人梳理
3074-num-1,一个人在猫的皮毛
3074-num-2,一个人正在梳理猫的皮毛
3075-num-1,猫的皮毛被一个人梳理
3075-num-2,一个人正在刷猫
3076-num-1,一个人在猫的皮毛
3076-num-2,一个人正在刷猫
3077-num-1,一个人正在梳理猫的皮毛
3077-num-2,这个人正在刷猫
3078-num-1,没有人刷猫
3078-num-2,一个人正在梳理猫的皮毛
3079-num-1,一个人正在刷猫
3079-num-2,一个人正在梳理猫的皮毛
3080-num-1,西兰花被一个女人切碎
3080-num-2,一个女人正在砍西兰花
3081-num-1,一个女人正在砍西兰花
3081-num-2,女人正在存储西兰花
3082-num-1,女人正在切碎大蒜
3082-num-2,女人正在切大蒜
3083-num-1,女人正在切碎大蒜
3083-num-2,女人没有切碎大蒜
3084-num-1,女人正在切大蒜
3084-num-2,一个女人正在砍西兰花
3085-num-1,一个女人正在砍西兰花
3085-num-2,女人没有切碎大蒜
3086-num-1,女人正在切碎大蒜
3086-num-2,西兰花被一个女人切碎
3087-num-1,女人正在存储西兰花
3087-num-2,女人正在切碎大蒜
3088-num-1,一个女人正在砍西兰花
3088-num-2,女人正在切碎大蒜
3089-num-1,有些女人很高兴跳舞
3089-num-2,有些女人在跳舞
3090-num-1,没有女人跳舞
3090-num-2,有些女人在跳舞
3091-num-1,三个人在跳舞
3091-num-2,一些男人在跳舞
3092-num-1,三个人在跳舞
3092-num-2,男人没有跳舞
3093-num-1,一些男人在跳舞
3093-num-2,有些女人在跳舞
3094-num-1,有些女人在跳舞
3094-num-2,男人没有跳舞
3095-num-1,有些女人很高兴跳舞
3095-num-2,三个人在跳舞
3096-num-1,三个人在跳舞
3096-num-2,没有女人跳舞
3097-num-1,三个人在跳舞
3097-num-2,有些女人在跳舞
3099-num-1,没有人坐在地板上弹吉他
3099-num-2,一个男人坐在地板上，正在弹吉他
3100-num-1,一个男人在地板上坐着吉他手
3100-num-2,一个男人坐在地板上，正在弹吉他
3101-num-1,这个男人坐在房间里的地板上，弹吉他
3101-num-2,一个男人坐在房间里的地板上，弹吉他
3102-num-1,这个男人在一个房间里跳动
3102-num-2,一个男人坐在房间里的地板上，弹吉他
3103-num-1,这个男人坐在房间里的地板上，弹吉他
3103-num-2,一个男人坐在地板上，正在弹吉他
3104-num-1,一个男人坐在地板上，正在弹吉他
3104-num-2,这个男人在一个房间里跳动
3106-num-1,没有人坐在地板上弹吉他
3106-num-2,一个男人坐在房间里的地板上，弹吉他
3107-num-1,一个男人在地板上坐着吉他手
3107-num-2,一个男人坐在房间里的地板上，弹吉他
3108-num-1,一个男人坐在房间里的地板上，弹吉他
3108-num-2,一个男人坐在地板上，正在弹吉他
3109-num-1,一个人正在吃一些食物
3109-num-2,一个男人正在吃一些食物
3110-num-1,没有男人在吃东西
3110-num-2,一个男人正在吃一些食物
3111-num-1,男人在吃
3111-num-2,这个人在吃
3112-num-1,这个男人在禁食
3112-num-2,男人在吃
3113-num-1,一个男人正在吃一些食物
3113-num-2,这个人在吃
3114-num-1,一个男人正在吃一些食物
3114-num-2,这个男人在禁食
3115-num-1,一个人正在吃一些食物
3115-num-2,男人在吃
3116-num-1,没有男人在吃东西
3116-num-2,男人在吃
3117-num-1,男人在吃
3117-num-2,一个男人正在吃一些食物
3118-num-1,女人正在小心地将化妆品应用于她的眼睑
3118-num-2,一个女人正在将化妆品涂在她的眼皮上
3119-num-1,一个女人正在将化妆品涂在她的眼皮上
3119-num-2,一个女人正在从眼皮中删除化妆品
3120-num-1,一个女人正在用铅笔进行眼睛，并将眼线笔涂在她的眼皮上
3120-num-2,一个女人正在使用眼铅笔，并将眼线笔涂在她的眼睑上
3121-num-1,没有女人用眼铅笔并在她的眼睑上涂衬里
3121-num-2,一个女人正在使用眼铅笔，并将眼线笔涂在她的眼睑上
3122-num-1,一个女人正在用铅笔进行眼睛，并将眼线笔涂在她的眼皮上
3122-num-2,一个女人正在将化妆品涂在她的眼皮上
3123-num-1,没有女人用眼铅笔并在她的眼睑上涂衬里
3123-num-2,一个女人正在将化妆品涂在她的眼皮上
3124-num-1,女人正在小心地将化妆品应用于她的眼睑
3124-num-2,一个女人正在使用眼铅笔，并将眼线笔涂在她的眼睑上
3125-num-1,一个女人正在使用眼铅笔，并将眼线笔涂在她的眼睑上
3125-num-2,一个女人正在从眼皮中删除化妆品
3126-num-1,一个女人正在使用眼铅笔，并将眼线笔涂在她的眼睑上
3126-num-2,一个女人正在将化妆品涂在她的眼皮上
3127-num-1,婴儿开心地爬行
3127-num-2,一个婴儿开心地爬行
3128-num-1,一个婴儿开心地爬行
3128-num-2,婴儿坐着
3129-num-1,一个婴儿正在打喷嚏，吓到另一个婴儿
3129-num-2,一个婴儿正在打喷嚏和恐惧另一个婴儿
3130-num-1,一个婴儿正在打喷嚏，吓到另一个婴儿
3130-num-2,一个婴儿正在欢呼另一个婴儿
3131-num-1,一个婴儿开心地爬行
3131-num-2,一个婴儿正在打喷嚏和恐惧另一个婴儿
3132-num-1,一个婴儿开心地爬行
3132-num-2,一个婴儿正在欢呼另一个婴儿
3133-num-1,婴儿开心地爬行
3133-num-2,一个婴儿正在打喷嚏，吓到另一个婴儿
3134-num-1,婴儿坐着
3134-num-2,一个婴儿正在打喷嚏，吓到另一个婴儿
3135-num-1,一个婴儿开心地爬行
3135-num-2,一个婴儿正在打喷嚏，吓到另一个婴儿
3136-num-1,一只猴子踢着一个人的手套的手
3136-num-2,一只猴子踢了一个人的手套
3137-num-1,一个人的手套的手没有猴子
3137-num-2,一只猴子踢着一个人的手套的手
3138-num-1,一个手套的人踢着猴子的手
3138-num-2,一只猴子踢着一个人的手套的手
3139-num-1,猴子正在接受武术训练
3139-num-2,猴子正在练习武术
3140-num-1,猴子不练习武术
3140-num-2,猴子正在练习武术
3141-num-1,猴子正在接受武术训练
3141-num-2,一只猴子踢着一个人的手套的手
3142-num-1,一只猴子踢着一个人的手套的手
3142-num-2,猴子不练习武术
3143-num-1,一只猴子踢了一个人的手套
3143-num-2,猴子正在练习武术
3144-num-1,一个人的手套的手没有猴子
3144-num-2,猴子正在练习武术
3145-num-1,猴子正在练习武术
3145-num-2,一个手套的人踢着猴子的手
3146-num-1,猴子正在练习武术
3146-num-2,一只猴子踢着一个人的手套的手
3147-num-1,一个男人正在强大地踢足球
3147-num-2,一个男人正在踢足球
3148-num-1,一个男人错过了足球
3148-num-2,一个男人正在踢足球
3149-num-1,一个男人正在用足球表演技巧
3149-num-2,一个男人正在用足球做一些技巧
3150-num-1,一个男人正在用足球表演技巧
3150-num-2,一个男人逃离足球
3151-num-1,一个男人正在用足球做一些技巧
3151-num-2,一个男人正在踢足球
3152-num-1,一个男人正在踢足球
3152-num-2,一个男人逃离足球
3153-num-1,一个男人正在用足球表演技巧
3153-num-2,一个男人正在强大地踢足球
3154-num-1,一个男人错过了足球
3154-num-2,一个男人正在用足球表演技巧
3155-num-1,一个男人正在用足球表演技巧
3155-num-2,一个男人正在踢足球
3156-num-1,一个男人正在切一个盒子
3156-num-2,一个男人剪了一个盒子
3157-num-1,一个男人正在切一个盒子
3157-num-2,没有男人砍盒子
3158-num-1,那个男人在盒子上切胶
3158-num-2,一个人在盒子上切胶
3159-num-1,那个男人在盒子上切胶
3159-num-2,这个男人没有在盒子上切胶
3160-num-1,那个男人在盒子上切胶
3160-num-2,一个男人正在录制剪裁盒
3161-num-1,一个人在盒子上切胶
3161-num-2,一个男人正在切一个盒子
3162-num-1,这个男人没有在盒子上切胶
3162-num-2,一个男人正在切一个盒子
3163-num-1,一个男人正在录制剪裁盒
3163-num-2,一个男人正在切一个盒子
3164-num-1,一个男人剪了一个盒子
3164-num-2,那个男人在盒子上切胶
3165-num-1,那个男人在盒子上切胶
3165-num-2,没有男人砍盒子
3166-num-1,一个男人正在切一个盒子
3166-num-2,那个男人在盒子上切胶
3167-num-1,一个孩子正在用乐器练习
3167-num-2,一个孩子正在演奏乐器
3168-num-1,一个孩子正在演奏乐器
3168-num-2,一个孩子正在扔掉乐器
3169-num-1,一个年轻的男孩正在演奏风乐器
3169-num-2,一个小男孩正在演奏风乐器
3170-num-1,没有小男孩在玩风乐器
3170-num-2,一个小男孩正在演奏风乐器
3171-num-1,一个年轻的男孩正在演奏风乐器
3171-num-2,一个孩子正在演奏乐器
3172-num-1,没有小男孩在玩风乐器
3172-num-2,一个孩子正在演奏乐器
3173-num-1,一个小男孩正在演奏风乐器
3173-num-2,一个孩子正在用乐器练习
3174-num-1,一个孩子正在扔掉乐器
3174-num-2,一个小男孩正在演奏风乐器
3175-num-1,一个小男孩正在演奏风乐器
3175-num-2,一个孩子正在演奏乐器
3176-num-1,一个男人正在慢慢在树林里徒步旅行
3176-num-2,一个男人在树林里徒步旅行
3177-num-1,一个男人在树林里徒步旅行
3177-num-2,一个男人坐在树林里
3178-num-1,这个男人在树林里愉快地远足
3178-num-2,这个男人在树林里远足
3179-num-1,这个男人在树林里远足
3179-num-2,这个男人不是在树林里远足
3180-num-1,这个男人在树林里愉快地远足
3180-num-2,一个男人在树林里徒步旅行
3181-num-1,一个男人在树林里徒步旅行
3181-num-2,这个男人不是在树林里远足
3182-num-1,一个男人正在慢慢在树林里徒步旅行
3182-num-2,这个男人在树林里远足
3183-num-1,一个男人坐在树林里
3183-num-2,这个男人在树林里远足
3184-num-1,一个男人在树林里徒步旅行
3184-num-2,这个男人在树林里远足
3185-num-1,这个男人正在切番茄
3185-num-2,一个男人正在切番茄
3187-num-1,女人正在切胡萝卜
3187-num-2,女人正在切胡萝卜
3188-num-1,一个女人正在把胡萝卜扔掉
3188-num-2,女人正在切胡萝卜
3189-num-1,女人正在切胡萝卜
3189-num-2,一个男人正在切番茄
3190-num-1,一个男人正在切番茄
3190-num-2,一个女人正在把胡萝卜扔掉
3191-num-1,这个男人正在切番茄
3191-num-2,女人正在切胡萝卜
3192-num-1,女人正在切胡萝卜
3192-num-2,没有人切番茄
3193-num-1,一个男人正在切番茄
3193-num-2,女人正在切胡萝卜
3194-num-1,一位女士在碗中混合肉混合物
3194-num-2,一位女士正在碗中混合肉混合
3195-num-1,没有女士在碗中混合肉混合物
3195-num-2,一位女士在碗中混合肉混合物
3196-num-1,那位女士在碗里搅拌肉
3196-num-2,女人在碗里搅拌肉
3197-num-1,女人在碗里搅拌肉
3197-num-2,女人不是在碗里搅拌肉
3198-num-1,那位女士在碗里搅拌肉
3198-num-2,一位女士在碗中混合肉混合物
3199-num-1,一位女士在碗中混合肉混合物
3199-num-2,女人不是在碗里搅拌肉
3200-num-1,女人在碗里搅拌肉
3200-num-2,一位女士正在碗中混合肉混合
3201-num-1,女人在碗里搅拌肉
3201-num-2,没有女士在碗中混合肉混合物
3202-num-1,一位女士在碗中混合肉混合物
3202-num-2,女人在碗里搅拌肉
3203-num-1,柠檬被一个女人挤压
3203-num-2,女人正在挤柠檬
3204-num-1,一个女人放下柠檬
3204-num-2,女人正在挤柠檬
3205-num-1,女人正在从柠檬中挤出果汁
3205-num-2,一个女人正在用柠檬榨汁
3206-num-1,一个女人正在用柠檬榨汁
3206-num-2,没有女人从柠檬中挤出果汁
3207-num-1,女人正在挤柠檬
3207-num-2,女人正在从柠檬中挤出果汁
3208-num-1,没有女人从柠檬中挤出果汁
3208-num-2,女人正在挤柠檬
3209-num-1,一个女人正在用柠檬榨汁
3209-num-2,柠檬被一个女人挤压
3210-num-1,一个女人放下柠檬
3210-num-2,一个女人正在用柠檬榨汁
3211-num-1,一个女人正在用柠檬榨汁
3211-num-2,女人正在挤柠檬
3212-num-1,一只小猫正在玩蓝色的绳索玩具
3212-num-2,一只小猫正在玩蓝色绳子的玩具
3213-num-1,一只小猫很无聊
3213-num-2,一只小猫正在玩蓝色的绳索玩具
3214-num-1,小猫在玩玩具
3214-num-2,小猫正在玩玩具
3215-num-1,小猫没有玩玩具
3215-num-2,小猫正在玩玩具
3216-num-1,一只小猫正在玩蓝色的绳索玩具
3216-num-2,小猫在玩玩具
3217-num-1,一只小猫正在玩蓝色的绳索玩具
3217-num-2,小猫没有玩玩具
3218-num-1,一只小猫正在玩蓝色绳子的玩具
3218-num-2,小猫正在玩玩具
3219-num-1,一只小猫很无聊
3219-num-2,小猫正在玩玩具
3220-num-1,一只小猫正在玩蓝色的绳索玩具
3220-num-2,小猫正在玩玩具
3221-num-1,一个男孩可怕地越过桥
3221-num-2,一个男孩在桥上行走
3222-num-1,没有男孩在桥上行走
3222-num-2,一个男孩在桥上行走
3223-num-1,一个男人正在慢慢走过绳索桥
3223-num-2,一个男人正在缓慢地穿过绳索制成的桥
3224-num-1,一个男人被停在绳索上
3224-num-2,一个男人正在慢慢走过绳索桥
3225-num-1,一个男人正在缓慢地穿过绳索制成的桥
3225-num-2,一个男孩在桥上行走
3226-num-1,一个男人被停在绳索上
3226-num-2,一个男孩在桥上行走
3227-num-1,一个男人正在慢慢走过绳索桥
3227-num-2,一个男孩可怕地越过桥
3228-num-1,没有男孩在桥上行走
3228-num-2,一个男人正在慢慢走过绳索桥
3229-num-1,一个男孩在桥上行走
3229-num-2,一个男人正在慢慢走过绳索桥
3230-num-1,一个男孩正在悬挂钓鱼竿，并在鱼面前跑步
3230-num-2,一个男孩正在悬挂钓鱼杆，并在鱼面前跑步
3231-num-1,没有男孩悬挂钓鱼竿，然后在鱼面前跑步
3231-num-2,一个男孩正在悬挂钓鱼竿，并在鱼面前跑步
3232-num-1,一个男孩逃离钓鱼线
3232-num-2,一个年轻人逃离钓鱼线
3233-num-1,一个男孩逃离钓鱼线
3233-num-2,一个男孩正朝着钓鱼线跑来
3234-num-1,一个男孩正在悬挂钓鱼竿，并在鱼面前跑步
3234-num-2,一个年轻人逃离钓鱼线
3235-num-1,一个男孩正在悬挂钓鱼竿，并在鱼面前跑步
3235-num-2,一个男孩正朝着钓鱼线跑来
3236-num-1,一个男孩正在悬挂钓鱼杆，并在鱼面前跑步
3236-num-2,一个男孩逃离钓鱼线
3237-num-1,一个男孩逃离钓鱼线
3237-num-2,没有男孩悬挂钓鱼竿，然后在鱼面前跑步
3238-num-1,一个男孩逃离钓鱼线
3238-num-2,一个男孩正在悬挂钓鱼竿，并在鱼面前跑步
3239-num-1,松鼠盘旋
3239-num-2,松鼠盘旋
3240-num-1,松鼠盘旋
3240-num-2,松鼠没有圆形奔跑
3241-num-1,动物在圈子里疲倦地奔跑
3241-num-2,动物在圈子里奔跑
3242-num-1,动物正在休息
3242-num-2,动物在圈子里奔跑
3243-num-1,松鼠盘旋
3243-num-2,动物在圈子里疲倦地奔跑
3244-num-1,动物正在休息
3244-num-2,松鼠盘旋
3245-num-1,松鼠盘旋
3245-num-2,动物在圈子里奔跑
3246-num-1,松鼠没有圆形奔跑
3246-num-2,动物在圈子里奔跑
3247-num-1,松鼠盘旋
3247-num-2,动物在圈子里奔跑
3248-num-1,一个女人在煮鸡蛋
3248-num-2,鸡蛋被一个女人煮了
3249-num-1,一个女人在煮鸡蛋
3249-num-2,女人正在干鸡蛋
3250-num-1,一个女人正在将两个鸡蛋放入一锅水中
3250-num-2,一个女人将两个鸡蛋放入一锅水中
3251-num-1,一个女人正在将两个鸡蛋放入一锅水中
3251-num-2,一个女人正在从一锅水中取出两个鸡蛋
3252-num-1,一个女人将两个鸡蛋放入一锅水中
3252-num-2,一个女人在煮鸡蛋
3253-num-1,一个女人正在从一锅水中取出两个鸡蛋
3253-num-2,一个女人在煮鸡蛋
3254-num-1,鸡蛋被一个女人煮了
3254-num-2,一个女人正在将两个鸡蛋放入一锅水中
3255-num-1,一个女人正在将两个鸡蛋放入一锅水中
3255-num-2,女人正在干鸡蛋
3256-num-1,一个女人正在将两个鸡蛋放入一锅水中
3256-num-2,一个女人在煮鸡蛋
3257-num-1,一个男人在弹吉他
3257-num-2,男人在弹吉他
3260-num-1,一个男人在弹吉他
3260-num-2,一个男人放下吉他
3261-num-1,一个男人在弹吉他
3261-num-2,一个男人正在弹吉他
3263-num-1,男人在弹吉他
3263-num-2,一个男人在弹吉他
3264-num-1,一个男人在弹吉他
3264-num-2,没有人弹吉他
3266-num-1,一个人正在踢球，以在某人的脚之间进行足球比赛
3266-num-2,一个人在脚之间踢足球
3267-num-1,没有人在某人的脚之间踢足球
3267-num-2,一个人在脚之间踢足球
3268-num-1,踢足球的人正在踢球之间的球
3268-num-2,足球运动员在某人的腿之间踢球
3269-num-1,足球运动员没有在某人的腿之间踢球
3269-num-2,足球运动员在某人的腿之间踢球
3270-num-1,一个人在脚之间踢足球
3270-num-2,踢足球的人正在踢球之间的球
3271-num-1,足球运动员没有在某人的腿之间踢球
3271-num-2,一个人在脚之间踢足球
3272-num-1,足球运动员在某人的腿之间踢球
3272-num-2,一个人正在踢球，以在某人的脚之间进行足球比赛
3273-num-1,没有人在某人的脚之间踢足球
3273-num-2,足球运动员在某人的腿之间踢球
3274-num-1,足球运动员在某人的腿之间踢球
3274-num-2,一个人在脚之间踢足球
3275-num-1,一个孩子正在进出海浪
3275-num-2,一个孩子正在进出海浪
3276-num-1,一个孩子正在进出海浪
3276-num-2,一个孩子盯着海浪
3277-num-1,那个年轻的男孩正在贯穿海浪
3277-num-2,小男孩正在海浪奔跑
3278-num-1,小男孩正在海浪奔跑
3278-num-2,小男孩没有穿过海浪
3279-num-1,一个男孩向海洋的一些年轻跑步者挥手
3279-num-2,小男孩正在海浪奔跑
3280-num-1,那个年轻的男孩正在贯穿海浪
3280-num-2,一个孩子正在进出海浪
3281-num-1,一个孩子正在进出海浪
3281-num-2,小男孩没有穿过海浪
3282-num-1,一个孩子正在进出海浪
3282-num-2,一个男孩向海洋的一些年轻跑步者挥手
3283-num-1,小男孩正在海浪奔跑
3283-num-2,一个孩子正在进出海浪
3284-num-1,小男孩正在海浪奔跑
3284-num-2,一个孩子盯着海浪
3285-num-1,小男孩正在海浪奔跑
3285-num-2,一个孩子正在进出海浪
3286-num-1,一个女人正在涂猪排
3286-num-2,厨师正在涂一块猪排
3287-num-1,一个女人正在涂猪排
3287-num-2,没有女人涂猪排
3288-num-1,一个女人正在刺胡萝卜
3288-num-2,胡萝卜被一个女人磨碎
3289-num-1,一个女人正在把胡萝卜扔掉
3289-num-2,一个女人正在刺胡萝卜
3290-num-1,一个女人正在涂猪排
3290-num-2,胡萝卜被一个女人磨碎
3291-num-1,一个女人正在把胡萝卜扔掉
3291-num-2,一个女人正在涂猪排
3292-num-1,一个女人正在刺胡萝卜
3292-num-2,厨师正在涂一块猪排
3293-num-1,一个女人正在刺胡萝卜
3293-num-2,没有女人涂猪排
3294-num-1,一个女人正在刺胡萝卜
3294-num-2,一个女人正在涂猪排
3295-num-1,一个男人和一个女人正在穿越树林
3295-num-2,男人和女人正在穿越树林
3296-num-1,一个男人和一个女人正在穿越树林
3296-num-2,一个男人和一个女人站在树林里
3297-num-1,一个男人在树林里散步一个女人
3297-num-2,一个男人和一个女人正在穿越树林
3298-num-1,男人和女人漫步
3298-num-2,男人和女人在走路
3299-num-1,男人和女人没有走路
3299-num-2,男人和女人在走路
3300-num-1,一个男人和一个女人正在穿越树林
3300-num-2,男人和女人漫步
3301-num-1,男人和女人没有走路
3301-num-2,一个男人和一个女人正在穿越树林
3302-num-1,男人和女人正在穿越树林
3302-num-2,男人和女人在走路
3303-num-1,一个男人和一个女人站在树林里
3303-num-2,男人和女人在走路
3304-num-1,一个男人在树林里散步一个女人
3304-num-2,男人和女人在走路
3305-num-1,一个男人和一个女人正在穿越树林
3305-num-2,男人和女人在走路
3306-num-1,飞机迅速飞过空中
3306-num-2,飞机正在空中飞行
3307-num-1,飞机正在空中飞行
3307-num-2,飞机正在地面上
3308-num-1,南非飞机正在蓝天飞行
3308-num-2,这架飞机是南非人，正在蓝天飞行
3309-num-1,南非飞机正在蓝天飞行
3309-num-2,南非飞机没有在蓝天中飞行
3310-num-1,这架飞机是南非人，正在蓝天飞行
3310-num-2,飞机正在空中飞行
3311-num-1,南非飞机没有在蓝天中飞行
3311-num-2,飞机正在空中飞行
3312-num-1,南非飞机正在蓝天飞行
3312-num-2,飞机迅速飞过空中
3313-num-1,南非飞机正在蓝天飞行
3313-num-2,飞机正在地面上
3314-num-1,南非飞机正在蓝天飞行
3314-num-2,飞机正在空中飞行
3315-num-1,一个女人正在烹饪面包屑的猪排
3315-num-2,一个女人正在烹饪面包式猪排
3316-num-1,没有女人在烹饪面包式猪排
3316-num-2,一个女人正在烹饪面包式猪排
3317-num-1,那个女人正在炸一块面包猪肉
3317-num-2,那个女人正在炸面包猪排
3318-num-1,那个女人正在炸面包猪排
3318-num-2,女人不是在炸面包猪菜
3319-num-1,女人正在切一些面包和炸猪肉
3319-num-2,那个女人正在炸面包猪排
3320-num-1,一个女人正在烹饪面包式猪排
3320-num-2,那个女人正在炸一块面包猪肉
3321-num-1,一个女人正在烹饪面包式猪排
3321-num-2,女人不是在炸面包猪菜
3322-num-1,女人正在切一些面包和炸猪肉
3322-num-2,一个女人正在烹饪面包式猪排
3323-num-1,那个女人正在炸面包猪排
3323-num-2,一个女人正在烹饪面包屑的猪排
3324-num-1,没有女人在烹饪面包式猪排
3324-num-2,那个女人正在炸面包猪排
3325-num-1,那个女人正在炸面包猪排
3325-num-2,一个女人正在烹饪面包式猪排
3326-num-1,这个男人正在切面包
3326-num-2,面包被男人切成薄片
3327-num-1,这个男人正在切面包
3327-num-2,那个男人把面包扔掉
3328-num-1,女人正在切草药
3328-num-2,女人正在切草药
3329-num-1,女人正在切草药
3329-num-2,那个女人没有切片草药
3330-num-1,这个男人正在切面包
3330-num-2,女人正在切草药
3331-num-1,这个男人正在切面包
3331-num-2,那个女人没有切片草药
3332-num-1,面包被男人切成薄片
3332-num-2,女人正在切草药
3333-num-1,那个男人把面包扔掉
3333-num-2,女人正在切草药
3334-num-1,女人正在切草药
3334-num-2,这个男人正在切面包
3335-num-1,一个男人在屋顶上跳舞
3335-num-2,一个人在屋顶上跳舞
3336-num-1,一个人站在屋顶上
3336-num-2,一个男人在屋顶上跳舞
3337-num-1,一个男人站在屋顶的顶部，玩小提琴
3337-num-2,一个男人站在屋顶上，弹小提琴
3338-num-1,没有男人站在屋顶上和小提琴上
3338-num-2,一个男人站在屋顶上，弹小提琴
3339-num-1,顶级小提琴演奏家正站在一个男人的屋顶上
3339-num-2,一个男人站在屋顶上，弹小提琴
3340-num-1,一个男人站在屋顶的顶部，玩小提琴
3340-num-2,一个男人在屋顶上跳舞
3341-num-1,一个男人在屋顶上跳舞
3341-num-2,没有男人站在屋顶上和小提琴上
3342-num-1,一个男人在屋顶上跳舞
3342-num-2,顶级小提琴演奏家正站在一个男人的屋顶上
3343-num-1,一个男人站在屋顶上，弹小提琴
3343-num-2,一个人在屋顶上跳舞
3344-num-1,一个男人站在屋顶上，弹小提琴
3344-num-2,一个人站在屋顶上
3345-num-1,一个男人在屋顶上跳舞
3345-num-2,一个男人站在屋顶上，弹小提琴
3346-num-1,有人在写
3346-num-2,有人打字
3347-num-1,没有人打字
3347-num-2,有人打字
3348-num-1,有人在键盘上打字
3348-num-2,有人在键盘上打字
3349-num-1,有人在键盘
3349-num-2,有人在键盘上打字
3350-num-1,有人在键盘上打字
3350-num-2,有人打字
3351-num-1,有人打字
3351-num-2,有人在键盘
3352-num-1,有人在写
3352-num-2,有人在键盘上打字
3353-num-1,没有人打字
3353-num-2,有人在键盘上打字
3354-num-1,有人在键盘上打字
3354-num-2,有人打字
3355-num-1,一个女人不在剥土豆
3355-num-2,女人正在剥土豆
3359-num-1,一个女人被一个女人剥皮
3359-num-2,女人正在剥土豆
3360-num-1,女人正在剥土豆
3360-num-2,一个女人正在把土豆扔掉
3364-num-1,女人正在清洁虾
3364-num-2,女人正在清洁虾
3365-num-1,女人正在清洁虾
3365-num-2,没有女人打扫虾
3366-num-1,有人在打扫动物
3366-num-2,有人在清洗动物
3367-num-1,有人在打扫动物
3367-num-2,有人在弄脏动物
3368-num-1,女人正在清洁虾
3368-num-2,有人在清洗动物
3369-num-1,有人在弄脏动物
3369-num-2,女人正在清洁虾
3370-num-1,女人正在清洁虾
3370-num-2,有人在打扫动物
3371-num-1,没有女人打扫虾
3371-num-2,有人在打扫动物
3372-num-1,女人正在清洁虾
3372-num-2,有人在打扫动物
3373-num-1,一个女人正在骑着水踏板车
3373-num-2,一个女人正在骑踏板车去水
3374-num-1,没有女人骑着水踏板车
3374-num-2,一个女人正在骑着水踏板车
3375-num-1,一个女人正在骑着水踏板车
3375-num-2,一个女人正在骑踏板车向水
3376-num-1,这个男孩正在迅速骑三轮车
3376-num-2,这个男孩正在骑三轮车
3377-num-1,这个男孩正在骑三轮车
3377-num-2,这个男孩没有骑三轮车
3378-num-1,这个男孩正在迅速骑三轮车
3378-num-2,一个女人正在骑着水踏板车
3379-num-1,这个男孩没有骑三轮车
3379-num-2,一个女人正在骑着水踏板车
3380-num-1,这个男孩正在骑三轮车
3380-num-2,一个女人正在骑踏板车去水
3381-num-1,没有女人骑着水踏板车
3381-num-2,这个男孩正在骑三轮车
3382-num-1,这个男孩正在骑三轮车
3382-num-2,一个女人正在骑踏板车向水
3383-num-1,一个女人正在骑着水踏板车
3383-num-2,这个男孩正在骑三轮车
3384-num-1,熊猫熊正在吃一些竹子
3384-num-2,熊猫熊吃了一些竹子
3385-num-1,没有熊猫熊吃一些竹子
3385-num-2,熊猫熊正在吃一些竹子
3386-num-1,一只熊猫正在吃竹拐杖
3386-num-2,熊猫正在吃竹子
3387-num-1,熊猫不吃竹子
3387-num-2,熊猫正在吃竹子
3388-num-1,熊猫熊正在吃一些竹子
3388-num-2,一只熊猫正在吃竹拐杖
3389-num-1,熊猫熊正在吃一些竹子
3389-num-2,熊猫不吃竹子
3390-num-1,熊猫熊吃了一些竹子
3390-num-2,熊猫正在吃竹子
3391-num-1,没有熊猫熊吃一些竹子
3391-num-2,熊猫正在吃竹子
3392-num-1,熊猫熊正在吃一些竹子
3392-num-2,熊猫正在吃竹子
3393-num-1,有人打蛋
3393-num-2,有人打蛋
3394-num-1,没有人打蛋
3394-num-2,有人打蛋
3395-num-1,女人在碗里搅拌鸡蛋
3395-num-2,那位女士在碗里搅拌鸡蛋
3396-num-1,女人在碗里搅拌鸡蛋
3396-num-2,女人没有在碗里搅拌鸡蛋
3397-num-1,有人打蛋
3397-num-2,那位女士在碗里搅拌鸡蛋
3398-num-1,有人打蛋
3398-num-2,女人没有在碗里搅拌鸡蛋
3399-num-1,女人在碗里搅拌鸡蛋
3399-num-2,有人打蛋
3400-num-1,没有人打蛋
3400-num-2,女人在碗里搅拌鸡蛋
3401-num-1,女人在碗里搅拌鸡蛋
3401-num-2,有人打蛋
3402-num-1,一个男人正在慢慢折叠玉米饼
3402-num-2,一个男人正在折叠玉米饼
3403-num-1,一个男人正在折叠玉米饼
3403-num-2,一个人正在展开玉米饼
3404-num-1,一个人正在折叠玉米饼
3404-num-2,一个人折叠的玉米饼
3405-num-1,一个人正在展开玉米饼
3405-num-2,一个人正在折叠玉米饼
3406-num-1,一个男人正在折叠玉米饼
3406-num-2,一个人折叠的玉米饼
3407-num-1,一个人正在展开玉米饼
3407-num-2,一个男人正在折叠玉米饼
3408-num-1,一个男人正在慢慢折叠玉米饼
3408-num-2,一个人正在折叠玉米饼
3409-num-1,一个人正在展开玉米饼
3409-num-2,一个人正在折叠玉米饼
3410-num-1,一个男人正在折叠玉米饼
3410-num-2,一个人正在折叠玉米饼
3411-num-1,这个男人正在钓鱼
3411-num-2,一个男人正在钓鱼
3412-num-1,一个男人正在释放鱼
3412-num-2,一个男人正在钓鱼
3413-num-1,一条大鱼正在抓男人
3413-num-2,一个男人正在钓鱼
3414-num-1,女人正在小心翼翼地撤回鱼
3414-num-2,一个女人正在撒谎
3415-num-1,一个女人正在撒谎
3415-num-2,女人正在释放鱼
3416-num-1,女人正在小心翼翼地撤回鱼
3416-num-2,一个男人正在钓鱼
3417-num-1,女人正在释放鱼
3417-num-2,一个男人正在钓鱼
3418-num-1,这个男人正在钓鱼
3418-num-2,一个女人正在撒谎
3419-num-1,一个男人正在释放鱼
3419-num-2,一个女人正在撒谎
3420-num-1,一个女人正在撒谎
3420-num-2,一条大鱼正在抓男人
3421-num-1,一个男人正在钓鱼
3421-num-2,一个女人正在撒谎
3422-num-1,一个男人在玩竖琴
3422-num-2,这个男人正在踢竖琴
3424-num-1,一个男人在玩竖琴
3424-num-2,一个男人在戏剧
3426-num-1,一个男人打包小提琴
3426-num-2,一个男人在玩小提琴
3427-num-1,一个男人在玩竖琴
3427-num-2,一个男人正在演奏小提琴
3428-num-1,一个男人打包小提琴
3428-num-2,一个男人在玩竖琴
3429-num-1,这个男人正在踢竖琴
3429-num-2,一个男人在玩小提琴
3430-num-1,没有男人在玩竖琴
3430-num-2,一个男人在玩小提琴
3431-num-1,一个男人在玩小提琴
3431-num-2,一个男人在戏剧
3432-num-1,一个男人在玩小提琴
3432-num-2,一个男人在玩竖琴
3433-num-1,托盘正在被一个人黄油
3433-num-2,一个人正在黄油托盘
3434-num-1,没有人黄油托盘
3434-num-2,一个人正在黄油托盘
3435-num-1,一个人正在托盘上擦黄油
3435-num-2,一个人在托盘上散布黄油
3436-num-1,一个人正在托盘上擦黄油
3436-num-2,一个人正在从托盘中除去黄油
3437-num-1,一个人正在黄油托盘
3437-num-2,一个人在托盘上散布黄油
3438-num-1,一个人正在从托盘中除去黄油
3438-num-2,一个人正在黄油托盘
3439-num-1,一个人正在托盘上擦黄油
3439-num-2,托盘正在被一个人黄油
3440-num-1,一个人正在托盘上擦黄油
3440-num-2,没有人黄油托盘
3441-num-1,一个人正在托盘上擦黄油
3441-num-2,一个人正在黄油托盘
3442-num-1,一个女人在网上投掷排球
3442-num-2,一个女人在网上送出排球
3443-num-1,一个女人正在接受排球
3443-num-2,一个女人在网上送出排球
3444-num-1,一个女人是由另一个女人交给排球的
3444-num-2,一个女人正在将排球交给另一个女人
3445-num-1,一个女人正在将排球交给另一个女人
3445-num-2,一个女人正在否认排球给另一个女人
3446-num-1,一个女人在网上送出排球
3446-num-2,一个女人是由另一个女人交给排球的
3447-num-1,一个女人正在否认排球给另一个女人
3447-num-2,一个女人在网上送出排球
3448-num-1,一个女人正在将排球交给另一个女人
3448-num-2,一个女人在网上投掷排球
3449-num-1,一个女人正在将排球交给另一个女人
3449-num-2,一个女人正在接受排球
3450-num-1,一个女人正在将排球交给另一个女人
3450-num-2,一个女人在网上送出排球
3451-num-1,一个人用斧头切碎原木
3451-num-2,一个男人用斧头切碎原木
3452-num-1,一个男人用斧头切碎原木
3452-num-2,没有人用斧头切碎原木
3453-num-1,那个男人用斧头切碎一棵树的树干
3453-num-2,该男子正在用斧头切碎树干
3454-num-1,这个人没有用斧头切碎树干
3454-num-2,该男子正在用斧头切碎树干
3455-num-1,一个男人用斧头切碎原木
3455-num-2,那个男人用斧头切碎一棵树的树干
3456-num-1,这个人没有用斧头切碎树干
3456-num-2,一个男人用斧头切碎原木
3457-num-1,该男子正在用斧头切碎树干
3457-num-2,一个人用斧头切碎原木
3458-num-1,没有人用斧头切碎原木
3458-num-2,该男子正在用斧头切碎树干
3459-num-1,该男子正在用斧头切碎树干
3459-num-2,一个男人用斧头切碎原木
3462-num-1,一个男人正在弹吉他
3462-num-2,一个男人在弹吉他
3463-num-1,一个男人正在扔掉吉他
3463-num-2,一个男人在弹吉他
3466-num-1,一个男人热情弹吉他
3466-num-2,一个男人在弹吉他
3470-num-1,一个人坐着
3470-num-2,一个男人在跳舞
3471-num-1,这个男人在想
3471-num-2,一个男人在想
3472-num-1,一个男人在想
3472-num-2,没有人在想
3473-num-1,一个女人在想男人
3473-num-2,一个男人在想
3474-num-1,这个男人在想
3474-num-2,一个男人在跳舞
3475-num-1,一个男人在跳舞
3475-num-2,没有人在想
3476-num-1,一个男人在跳舞
3476-num-2,一个女人在想男人
3477-num-1,一个人在跳舞
3477-num-2,一个男人在想
3478-num-1,一个男人在想
3478-num-2,一个人坐着
3479-num-1,一个男人在想
3479-num-2,一个男人在跳舞
3480-num-1,一只白色外套，栖息在一个小木柜上的猫，正在窗外看
3480-num-2,一只栖息在一个小木柜上的白猫在窗外看着
3481-num-1,一只栖息在一个小木柜上的白猫在窗外看着
3481-num-2,在窗外看着一个小木柜上没有白猫栖息在窗外
3482-num-1,一只栖息在一个小木柜上的白猫在窗外看着
3482-num-2,鲈鱼上的人正在看一只小木猫，该猫在窗外的白色橱柜上
3483-num-1,那只栖息在桌子上的猫正在窗外看
3483-num-2,那只栖息在桌子上的猫很好奇地看着窗外
3484-num-1,那只栖息在桌子上的猫没有在窗外看
3484-num-2,那只栖息在桌子上的猫正在窗外看
3485-num-1,猫在鲈鱼上的桌子上望着窗外
3485-num-2,那只栖息在桌子上的猫正在窗外看
3486-num-1,一只栖息在一个小木柜上的白猫在窗外看着
3486-num-2,那只栖息在桌子上的猫很好奇地看着窗外
3487-num-1,一只栖息在一个小木柜上的白猫在窗外看着
3487-num-2,那只栖息在桌子上的猫没有在窗外看
3488-num-1,一只栖息在一个小木柜上的白猫在窗外看着
3488-num-2,猫在鲈鱼上的桌子上望着窗外
3489-num-1,一只白色外套，栖息在一个小木柜上的猫，正在窗外看
3489-num-2,那只栖息在桌子上的猫正在窗外看
3490-num-1,在窗外看着一个小木柜上没有白猫栖息在窗外
3490-num-2,那只栖息在桌子上的猫正在窗外看
3491-num-1,那只栖息在桌子上的猫正在窗外看
3491-num-2,鲈鱼上的人正在看一只小木猫，该猫在窗外的白色橱柜上
3492-num-1,一只栖息在一个小木柜上的白猫在窗外看着
3492-num-2,那只栖息在桌子上的猫正在窗外看
3493-num-1,狗在舔婴儿
3493-num-2,狗在舔婴儿
3497-num-1,婴儿正在舔狗
3497-num-2,狗在舔婴儿
3498-num-1,一只狗在舔一个小孩
3498-num-2,狗在舔婴儿
3499-num-1,一条狗正在离开婴儿
3499-num-2,狗在舔婴儿
3500-num-1,狗在舔婴儿
3500-num-2,婴儿正在舔狗
3501-num-1,狗在舔婴儿
3501-num-2,狗在舔婴儿
3502-num-1,没有狗在舔婴儿
3502-num-2,狗在舔婴儿
3504-num-1,女人正在切大蒜
3504-num-2,一个女人正在砍蒜
3505-num-1,一个女人正在把大蒜扔掉
3505-num-2,一个女人正在砍蒜
3506-num-1,大蒜被那个女人分开
3506-num-2,女人正在挖掘大蒜
3507-num-1,那个女人不是dit蒜
3507-num-2,女人正在挖掘大蒜
3508-num-1,一个女人正在砍蒜
3508-num-2,大蒜被那个女人分开
3509-num-1,那个女人不是dit蒜
3509-num-2,一个女人正在砍蒜
3510-num-1,女人正在挖掘大蒜
3510-num-2,女人正在切大蒜
3511-num-1,一个女人正在把大蒜扔掉
3511-num-2,女人正在挖掘大蒜
3512-num-1,一个女人正在砍蒜
3512-num-2,女人正在挖掘大蒜
3513-num-1,女人在跳舞
3513-num-2,女人在跳舞
3514-num-1,女人在跳舞
3514-num-2,没有女人跳舞
3515-num-1,这个男人疯狂地跳舞
3515-num-2,男人在跳舞
3516-num-1,这个男人没有跳舞
3516-num-2,男人在跳舞
3517-num-1,这个男人疯狂地跳舞
3517-num-2,女人在跳舞
3518-num-1,这个男人没有跳舞
3518-num-2,女人在跳舞
3519-num-1,女人在跳舞
3519-num-2,男人在跳舞
3520-num-1,没有女人跳舞
3520-num-2,男人在跳舞
3521-num-1,男人在跳舞
3521-num-2,女人在跳舞
3522-num-1,这个人正在写作
3522-num-2,一个人在写作
3523-num-1,没有人写作
3523-num-2,一个人在写作
3524-num-1,一个人正在用铅笔记东西
3524-num-2,这个人用铅笔写作
3525-num-1,这个人不是用铅笔写的
3525-num-2,这个人用铅笔写作
3526-num-1,这个人用铅笔写作
3526-num-2,写作是关于一个人
3527-num-1,一个人正在用铅笔记东西
3527-num-2,一个人在写作
3528-num-1,这个人不是用铅笔写的
3528-num-2,一个人在写作
3529-num-1,写作是关于一个人
3529-num-2,一个人在写作
3530-num-1,这个人用铅笔写作
3530-num-2,这个人正在写作
3531-num-1,没有人写作
3531-num-2,这个人用铅笔写作
3532-num-1,这个人用铅笔写作
3532-num-2,一个人在写作
3533-num-1,有人在锅里煮秋葵
3533-num-2,有人在锅里煮秋葵
3534-num-1,有人将秋葵从锅中取出
3534-num-2,有人在锅里煮秋葵
3535-num-1,有人在锅里煮秋葵
3535-num-2,有人在锅里用秋葵煮沸
3536-num-1,有人在锅里烹饪秋葵
3536-num-2,秋葵正在锅里煮
3537-num-1,没有人在锅中烹饪秋葵
3537-num-2,有人在锅里烹饪秋葵
3538-num-1,有人在锅里煮秋葵
3538-num-2,秋葵正在锅里煮
3539-num-1,没有人在锅中烹饪秋葵
3539-num-2,有人在锅里煮秋葵
3540-num-1,有人在锅里烹饪秋葵
3540-num-2,有人在锅里煮秋葵
3541-num-1,有人将秋葵从锅中取出
3541-num-2,有人在锅里烹饪秋葵
3542-num-1,有人在锅里用秋葵煮沸
3542-num-2,有人在锅里烹饪秋葵
3543-num-1,有人在锅里煮秋葵
3543-num-2,有人在锅里烹饪秋葵
3544-num-1,男人在跳舞
3544-num-2,一个男人在跳舞
3545-num-1,一个男人在跳舞
3545-num-2,一个人站着
3548-num-1,一个男人在说话
3548-num-2,一个男人在跳舞
3549-num-1,没有人说话
3549-num-2,一个男人在跳舞
3550-num-1,一个男人在说话
3550-num-2,男人在跳舞
3551-num-1,一个人站着
3551-num-2,一个男人在说话
3552-num-1,一个男人在跳舞
3552-num-2,一个男人在说话
3553-num-1,松鼠疯狂地旋转着旋转
3553-num-2,一只松鼠在圈子四处旋转
3554-num-1,一只松鼠在圈子四处旋转
3554-num-2,没有松鼠在圆圈中旋转
3555-num-1,一只松鼠在圈子四处奔跑
3555-num-2,动物在圈子里跑来跑去
3556-num-1,松鼠躺着
3556-num-2,一只松鼠在圈子四处奔跑
3557-num-1,一只松鼠在圈子四处奔跑
3557-num-2,跑步者正在盘旋松鼠
3558-num-1,一只松鼠在圈子四处旋转
3558-num-2,动物在圈子里跑来跑去
3559-num-1,一只松鼠在圈子四处旋转
3559-num-2,松鼠躺着
3560-num-1,跑步者正在盘旋松鼠
3560-num-2,一只松鼠在圈子四处旋转
3561-num-1,松鼠疯狂地旋转着旋转
3561-num-2,一只松鼠在圈子四处奔跑
3562-num-1,没有松鼠在圆圈中旋转
3562-num-2,一只松鼠在圈子四处奔跑
3563-num-1,一只松鼠在圈子四处奔跑
3563-num-2,一只松鼠在圈子四处旋转
3564-num-1,纸用剪刀剪切
3564-num-2,有人在用剪刀切一些纸
3565-num-1,纸用剪刀剪切
3565-num-2,没有用剪刀剪的纸
3566-num-1,纸用剪刀剪切
3566-num-2,纸和剪刀都切
3567-num-1,纸被剪掉
3567-num-2,一些纸被切割
3568-num-1,纸没有被剪掉
3568-num-2,纸被剪掉
3569-num-1,一些纸被切割
3569-num-2,纸用剪刀剪切
3570-num-1,纸没有被剪掉
3570-num-2,纸用剪刀剪切
3571-num-1,有人在用剪刀切一些纸
3571-num-2,纸被剪掉
3572-num-1,纸被剪掉
3572-num-2,没有用剪刀剪的纸
3573-num-1,纸和剪刀都切
3573-num-2,纸被剪掉
3574-num-1,纸用剪刀剪切
3574-num-2,纸被剪掉
3575-num-1,男人在玩长笛
3575-num-2,一个男人在玩长笛
3576-num-1,一个男人放下长笛
3576-num-2,一个男人在玩长笛
3577-num-1,这个男人巧妙地弹吉他
3577-num-2,这个男人正在弹吉他
3578-num-1,这个男人没有弹吉他
3578-num-2,这个男人正在弹吉他
3579-num-1,这个男人巧妙地弹吉他
3579-num-2,一个男人在玩长笛
3580-num-1,一个男人在玩长笛
3580-num-2,这个男人没有弹吉他
3581-num-1,男人在玩长笛
3581-num-2,这个男人正在弹吉他
3582-num-1,一个男人放下长笛
3582-num-2,这个男人正在弹吉他
3583-num-1,一个男人在玩长笛
3583-num-2,这个男人正在弹吉他
3584-num-1,一个男人在打鼓
3584-num-2,鼓声是由一个男人演奏的
3585-num-1,一个男人在打鼓
3585-num-2,没有人打鼓
3586-num-1,一个男人在鼓
3586-num-2,一个男人正在练习鼓
3587-num-1,一个男人在鼓
3587-num-2,一个男人正在拆卸鼓
3588-num-1,一个男人正在练习鼓
3588-num-2,一个男人在打鼓
3589-num-1,一个男人在打鼓
3589-num-2,一个男人正在拆卸鼓
3590-num-1,一个男人在鼓
3590-num-2,鼓声是由一个男人演奏的
3591-num-1,没有人打鼓
3591-num-2,一个男人在鼓
3592-num-1,一个男人在打鼓
3592-num-2,一个男人在鼓
3593-num-1,一个男人正在做练习
3593-num-2,一个人正在做锻炼
3594-num-1,一个男人懒洋洋
3594-num-2,一个男人正在做练习
3595-num-1,该男子正在做地板练习
3595-num-2,一个人正在做地板练习
3596-num-1,这个男人没有做地板练习
3596-num-2,该男子正在做地板练习
3597-num-1,该男子正在做地板练习
3597-num-2,一个正在做锻炼的男人正在被铺地板
3598-num-1,一个人正在做地板练习
3598-num-2,一个男人正在做练习
3599-num-1,这个男人没有做地板练习
3599-num-2,一个男人正在做练习
3600-num-1,一个正在做锻炼的男人正在被铺地板
3600-num-2,一个男人正在做练习
3601-num-1,该男子正在做地板练习
3601-num-2,一个人正在做锻炼
3602-num-1,该男子正在做地板练习
3602-num-2,一个男人懒洋洋
3603-num-1,该男子正在做地板练习
3603-num-2,一个男人正在做练习
3605-num-1,一个男人正在停止自行车
3605-num-2,一个男人骑自行车
3606-num-1,猴子骑自行车
3606-num-2,猴子骑自行车
3607-num-1,猴子骑自行车
3607-num-2,没有猴子骑自行车
3608-num-1,猴子骑自行车
3608-num-2,一辆自行车正在猴子上骑
3609-num-1,一个男人骑自行车
3609-num-2,猴子骑自行车
3610-num-1,一个男人骑自行车
3610-num-2,没有猴子骑自行车
3611-num-1,一辆自行车正在猴子上骑
3611-num-2,一个男人骑自行车
3612-num-1,一个男人正在骑自行车
3612-num-2,猴子骑自行车
3613-num-1,猴子骑自行车
3613-num-2,一个男人正在停止自行车
3614-num-1,猴子骑自行车
3614-num-2,一个男人骑自行车
3615-num-1,一条鱼在游泳
3615-num-2,一条鱼在游泳
3616-num-1,一条鱼在游泳
3616-num-2,一条鱼不游泳
3617-num-1,有些鱼很快游泳
3617-num-2,一些鱼在游泳
3618-num-1,一些鱼在游泳
3618-num-2,鱼是不动的
3619-num-1,有些鱼很快游泳
3619-num-2,一条鱼在游泳
3620-num-1,鱼是不动的
3620-num-2,一条鱼在游泳
3621-num-1,一些鱼在游泳
3621-num-2,一条鱼在游泳
3622-num-1,一些鱼在游泳
3622-num-2,一条鱼不游泳
3623-num-1,一些鱼在游泳
3623-num-2,一条鱼在游泳
3624-num-1,一个女人笨拙地把肉放在锅里
3624-num-2,一个女人把肉放在锅里
3625-num-1,一个女人把肉放在锅里
3625-num-2,没有女人把肉放在锅里
3626-num-1,有人将肉丢进锅中
3626-num-2,肉被滴入锅中
3627-num-1,肉被滴入锅中
3627-num-2,肉没有掉入锅中
3628-num-1,一个锅在肉上掉落
3628-num-2,肉被滴入锅中
3629-num-1,一个女人把肉放在锅里
3629-num-2,有人将肉丢进锅中
3630-num-1,一个女人把肉放在锅里
3630-num-2,肉没有掉入锅中
3631-num-1,一个女人把肉放在锅里
3631-num-2,一个锅在肉上掉落
3632-num-1,一个女人笨拙地把肉放在锅里
3632-num-2,肉被滴入锅中
3633-num-1,肉被滴入锅中
3633-num-2,没有女人把肉放在锅里
3634-num-1,一个女人把肉放在锅里
3634-num-2,肉被滴入锅中
3635-num-1,一个男人拿着青蛙
3635-num-2,一个人抱着青蛙
3636-num-1,没有人抱着青蛙
3636-num-2,一个男人拿着青蛙
3637-num-1,那个女人正在处理一只青蛙
3637-num-2,女人正在处理青蛙
3638-num-1,女人正在处理青蛙
3638-num-2,女人没有处理青蛙
3639-num-1,一个男人拿着青蛙
3639-num-2,那个女人正在处理一只青蛙
3640-num-1,女人没有处理青蛙
3640-num-2,一个男人拿着青蛙
3641-num-1,女人正在处理青蛙
3641-num-2,一个人抱着青蛙
3642-num-1,女人正在处理青蛙
3642-num-2,没有人抱着青蛙
3643-num-1,一个男人拿着青蛙
3643-num-2,女人正在处理青蛙
3644-num-1,四个年轻人站着不动，一辆汽车在他们身后爆炸
3644-num-2,一些年轻人站着不动，一辆汽车在他们身后爆炸
3645-num-1,四个年轻人逃跑，一辆汽车留在他们身后
3645-num-2,四个年轻人站着不动，一辆汽车在他们身后爆炸
3646-num-1,四个年轻人站着不动，一辆汽车在他们身后爆炸
3646-num-2,四名年轻人正在爆炸，一辆汽车仍在他们身后
3647-num-1,男孩们站在汽车前，燃烧
3647-num-2,男孩们站在燃烧的汽车前
3648-num-1,男孩们站在燃烧的汽车前
3648-num-2,男孩们没有站在燃烧的汽车前
3649-num-1,男孩们站在燃烧的汽车前
3649-num-2,男孩们站着和燃烧汽车
3650-num-1,男孩们站在汽车前，燃烧
3650-num-2,四个年轻人站着不动，一辆汽车在他们身后爆炸
3651-num-1,四个年轻人站着不动，一辆汽车在他们身后爆炸
3651-num-2,男孩们没有站在燃烧的汽车前
3652-num-1,男孩们站着和燃烧汽车
3652-num-2,四个年轻人站着不动，一辆汽车在他们身后爆炸
3653-num-1,男孩们站在燃烧的汽车前
3653-num-2,一些年轻人站着不动，一辆汽车在他们身后爆炸
3654-num-1,四个年轻人逃跑，一辆汽车留在他们身后
3654-num-2,男孩们站在燃烧的汽车前
3655-num-1,四名年轻人正在爆炸，一辆汽车仍在他们身后
3655-num-2,男孩们站在燃烧的汽车前
3656-num-1,四个年轻人站着不动，一辆汽车在他们身后爆炸
3656-num-2,男孩们站在燃烧的汽车前
3657-num-1,一个男孩在投手中充满水
3657-num-2,一个男孩正在用水填满水
3658-num-1,没有男孩用水装满投手
3658-num-2,一个男孩在投手中充满水
3659-num-1,一个女人在杯子里收集自来水
3659-num-2,一个女人正在从杯子里的水龙头中收集水
3660-num-1,一个女人在杯子里收集自来水
3660-num-2,一个女人正在从杯子里排空水
3661-num-1,一个女人正在从杯子里的水龙头中收集水
3661-num-2,一个男孩在投手中充满水
3662-num-1,一个男孩在投手中充满水
3662-num-2,一个女人正在从杯子里排空水
3663-num-1,一个女人在杯子里收集自来水
3663-num-2,一个男孩正在用水填满水
3664-num-1,一个女人在杯子里收集自来水
3664-num-2,没有男孩用水装满投手
3665-num-1,一个男孩在投手中充满水
3665-num-2,一个女人在杯子里收集自来水
3666-num-1,一个男人和一个女人走得很好
3666-num-2,一个男人和一个女人在走路
3667-num-1,一个男人和一个女人坐着
3667-num-2,一个男人和一个女人在走路
3668-num-1,一个男人在雨中漫步
3668-num-2,一个男人在雨中行走
3669-num-1,没有男人在雨中行走
3669-num-2,一个男人在雨中行走
3670-num-1,它在一个步行者下雨
3670-num-2,一个男人在雨中行走
3671-num-1,一个男人在雨中漫步
3671-num-2,一个男人和一个女人在走路
3672-num-1,一个男人和一个女人在走路
3672-num-2,没有男人在雨中行走
3673-num-1,一个男人和一个女人在走路
3673-num-2,它在一个步行者下雨
3674-num-1,一个男人和一个女人走得很好
3674-num-2,一个男人在雨中行走
3675-num-1,一个男人在雨中行走
3675-num-2,一个男人和一个女人坐着
3676-num-1,一个男人和一个女人在走路
3676-num-2,一个男人在雨中行走
3677-num-1,有些男人正在参加比赛
3677-num-2,男人正在参加比赛
3678-num-1,男人正在参加比赛
3678-num-2,有些男人正在休息
3679-num-1,赛车手在赛道上奔跑
3679-num-2,一些赛车手正在赛道
3680-num-1,赛车手在赛道上奔跑
3680-num-2,没有赛车手从赛道上奔跑
3681-num-1,跑步者在赛道上赛跑
3681-num-2,赛车手在赛道上奔跑
3682-num-1,男人正在参加比赛
3682-num-2,一些赛车手正在赛道
3683-num-1,没有赛车手从赛道上奔跑
3683-num-2,男人正在参加比赛
3684-num-1,跑步者在赛道上赛跑
3684-num-2,男人正在参加比赛
3685-num-1,有些男人正在参加比赛
3685-num-2,赛车手在赛道上奔跑
3686-num-1,赛车手在赛道上奔跑
3686-num-2,有些男人正在休息
3687-num-1,男人正在参加比赛
3687-num-2,赛车手在赛道上奔跑
3688-num-1,这些人正在将行李箱放在汽车的后备箱中
3688-num-2,这些人将行李箱包装到汽车的后备箱中
3689-num-1,这些人将行李箱包装到汽车的后备箱中
3689-num-2,这些人没有将行李箱包装到汽车的后备箱中
3690-num-1,这些人将行李箱包装到汽车的后备箱中
3690-num-2,这些男人在装满汽车后备箱的行李箱里
3691-num-1,这些人小心地将行李箱放入汽车的后备箱中
3691-num-2,这些人正在将行李箱放入汽车的后备箱中
3692-num-1,这些人没有将行李箱放入汽车的后备箱中
3692-num-2,这些人正在将行李箱放入汽车的后备箱中
3693-num-1,这些人小心地将行李箱放入汽车的后备箱中
3693-num-2,这些人将行李箱包装到汽车的后备箱中
3694-num-1,这些人没有将行李箱放入汽车的后备箱中
3694-num-2,这些人将行李箱包装到汽车的后备箱中
3695-num-1,这些人正在将行李箱放入汽车的后备箱中
3695-num-2,这些人正在将行李箱放在汽车的后备箱中
3696-num-1,这些人正在将行李箱放入汽车的后备箱中
3696-num-2,这些人没有将行李箱包装到汽车的后备箱中
3697-num-1,这些男人在装满汽车后备箱的行李箱里
3697-num-2,这些人正在将行李箱放入汽车的后备箱中
3698-num-1,这些人正在将行李箱放入汽车的后备箱中
3698-num-2,这些人将行李箱包装到汽车的后备箱中
3699-num-1,一个女人正在戴眼影
3699-num-2,眼影是由一个女人戴上的
3700-num-1,一个女人正在脱下眼影
3700-num-2,一个女人正在戴眼影
3701-num-1,女人正在化妆
3701-num-2,女人正在化妆
3702-num-1,女人正在化妆
3702-num-2,那个女人正在卸妆
3703-num-1,一个女人正在戴眼影
3703-num-2,女人正在化妆
3704-num-1,一个女人正在戴眼影
3704-num-2,那个女人正在卸妆
3705-num-1,眼影是由一个女人戴上的
3705-num-2,女人正在化妆
3706-num-1,一个女人正在脱下眼影
3706-num-2,女人正在化妆
3707-num-1,一个女人正在戴眼影
3707-num-2,女人正在化妆
3710-num-1,玩具火车正在击中玩具车
3710-num-2,玩具火车正在撞上玩具车
3711-num-1,玩具火车正在击中玩具车
3711-num-2,玩具火车缺少玩具车
3714-num-1,玩具火车缺少玩具车
3714-num-2,玩具火车正在击中玩具车
3715-num-1,玩具火车正在击中玩具车
3715-num-2,汽车和火车正在击中玩具
3716-num-1,玩具火车正在猛烈击中玩具车
3716-num-2,玩具火车正在击中玩具车
3717-num-1,玩具火车正在击中玩具车
3717-num-2,没有玩具火车击中玩具车
3719-num-1,这个人剥洋葱
3719-num-2,一个人正在剥洋葱
3720-num-1,一个人正在剥洋葱
3720-num-2,没有人剥洋葱
3721-num-1,这个人在切洋葱
3721-num-2,洋葱被人切成薄片
3722-num-1,这个人没有切洋葱
3722-num-2,这个人在切洋葱
3723-num-1,一个人正在剥洋葱
3723-num-2,洋葱被人切成薄片
3724-num-1,这个人没有切洋葱
3724-num-2,一个人正在剥洋葱
3725-num-1,这个人在切洋葱
3725-num-2,这个人剥洋葱
3726-num-1,这个人在切洋葱
3726-num-2,没有人剥洋葱
3727-num-1,这个人在切洋葱
3727-num-2,一个人正在剥洋葱
3728-num-1,几个游泳者冲入水中
3728-num-2,几个游泳者正在跳入水中
3729-num-1,几个游泳者正在跳入水中
3729-num-2,几个游泳者正在从水中跳出来
3730-num-1,几个游泳者正在跳入水中
3730-num-2,几个跳线在水中游泳
3731-num-1,一些游泳者正在湖上赛车
3731-num-2,游泳者正在湖中赛车
3732-num-1,一些游泳者正在离开湖泊
3732-num-2,游泳者正在湖中赛车
3733-num-1,游泳者正在湖中赛车
3733-num-2,一些赛车手在湖里游泳
3734-num-1,几个游泳者正在跳入水中
3734-num-2,一些游泳者正在湖上赛车
3735-num-1,一些游泳者正在离开湖泊
3735-num-2,几个游泳者正在跳入水中
3736-num-1,一些赛车手在湖里游泳
3736-num-2,几个游泳者正在跳入水中
3737-num-1,几个游泳者冲入水中
3737-num-2,游泳者正在湖中赛车
3738-num-1,几个游泳者正在从水中跳出来
3738-num-2,游泳者正在湖中赛车
3739-num-1,游泳者正在湖中赛车
3739-num-2,几个跳线在水中游泳
3740-num-1,几个游泳者正在跳入水中
3740-num-2,游泳者正在湖中赛车
3741-num-1,一个才华横溢的人正在弹吉他
3741-num-2,一个男人在弹吉他
3742-num-1,一个男人放下吉他
3742-num-2,一个男人在弹吉他
3743-num-1,女人在弹吉他
3743-num-2,女人正在弹吉他
3744-num-1,女人在弹吉他
3744-num-2,没有女人弹吉他
3745-num-1,一个男人在弹吉他
3745-num-2,女人正在弹吉他
3746-num-1,没有女人弹吉他
3746-num-2,一个男人在弹吉他
3747-num-1,一个才华横溢的人正在弹吉他
3747-num-2,女人在弹吉他
3748-num-1,一个男人放下吉他
3748-num-2,女人在弹吉他
3749-num-1,一个男人在弹吉他
3749-num-2,女人在弹吉他
3750-num-1,一个男孩正在看日历
3750-num-2,一个男孩盯着日历
3751-num-1,一个男孩正在看日历
3751-num-2,没有男孩看日历
3752-num-1,这个男孩正在学习日历
3752-num-2,一个男孩正在学习日历
3753-num-1,一个男孩正在切碎日历
3753-num-2,一个男孩正在学习日历
3754-num-1,一个男孩正在看日历
3754-num-2,这个男孩正在学习日历
3755-num-1,一个男孩正在看日历
3755-num-2,一个男孩正在切碎日历
3756-num-1,一个男孩正在学习日历
3756-num-2,一个男孩盯着日历
3757-num-1,没有男孩看日历
3757-num-2,一个男孩正在学习日历
3758-num-1,一个男孩正在看日历
3758-num-2,一个男孩正在学习日历
3761-num-1,一个人在天花板上扔猫
3761-num-2,一个人扔在天花板上的猫
3762-num-1,一个人在天花板上扔猫
3762-num-2,一个人从天花板上拿起猫
3763-num-1,一个人扔在天花板上的猫
3763-num-2,一个人在天花板上扔猫
3765-num-1,一个人在天花板上愚蠢地扔猫
3765-num-2,一个人在天花板上扔猫
3766-num-1,没有人在天花板上扔猫
3766-num-2,一个人在天花板上扔猫
3768-num-1,一个女人正在捡起，抱着一个婴儿袋鼠在她的怀里
3768-num-2,一个女人在她的怀里拿起袋鼠，那是一个婴儿
3769-num-1,一个女人正在捡起，抱着一个婴儿袋鼠在她的怀里
3769-num-2,一个女人正在从她的手臂上丢下婴儿袋鼠
3770-num-1,那个女人正在占用并抱着一个婴儿袋鼠
3770-num-2,那个女人正在捡起并抱着一个婴儿袋鼠
3771-num-1,那个女人正在捡起并抱着一个婴儿袋鼠
3771-num-2,这个女人没有捡起并抱着一个婴儿袋鼠
3772-num-1,那个女人正在占用并抱着一个婴儿袋鼠
3772-num-2,一个女人正在捡起，抱着一个婴儿袋鼠在她的怀里
3773-num-1,这个女人没有捡起并抱着一个婴儿袋鼠
3773-num-2,一个女人正在捡起，抱着一个婴儿袋鼠在她的怀里
3774-num-1,那个女人正在捡起并抱着一个婴儿袋鼠
3774-num-2,一个女人在她的怀里拿起袋鼠，那是一个婴儿
3775-num-1,那个女人正在捡起并抱着一个婴儿袋鼠
3775-num-2,一个女人正在从她的手臂上丢下婴儿袋鼠
3776-num-1,那个女人正在捡起并抱着一个婴儿袋鼠
3776-num-2,一个女人正在捡起，抱着一个婴儿袋鼠在她的怀里
3777-num-1,一个女人在跳舞，男人在玩键盘
3777-num-2,女人在跳舞，男人在弹键盘
3778-num-1,一个女人在跳舞，男人在玩键盘
3778-num-2,一个女人站着不动，男人坐着闲着
3779-num-1,一个女人在弹键盘，男人在跳舞
3779-num-2,一个女人在跳舞，男人在玩键盘
3780-num-1,女人在舞台上优雅地跳舞
3780-num-2,一个女人在舞台上跳舞
3781-num-1,一个女人在舞台上走
3781-num-2,一个女人在舞台上跳舞
3782-num-1,一个女人正在舞蹈
3782-num-2,一个女人在舞台上跳舞
3783-num-1,女人在舞台上优雅地跳舞
3783-num-2,一个女人在跳舞，男人在玩键盘
3784-num-1,一个女人在跳舞，男人在玩键盘
3784-num-2,一个女人在舞台上走
3785-num-1,一个女人正在舞蹈
3785-num-2,一个女人在跳舞，男人在玩键盘
3786-num-1,一个女人在舞台上跳舞
3786-num-2,女人在跳舞，男人在弹键盘
3787-num-1,一个女人在舞台上跳舞
3787-num-2,一个女人站着不动，男人坐着闲着
3788-num-1,一个女人在弹键盘，男人在跳舞
3788-num-2,一个女人在舞台上跳舞
3789-num-1,一个女人在跳舞，男人在玩键盘
3789-num-2,一个女人在舞台上跳舞
3790-num-1,一个人正在擦洗西葫芦
3790-num-2,这个人正在擦洗西葫芦
3791-num-1,一个人正在擦洗西葫芦
3791-num-2,一个人打包西葫芦
3792-num-1,女人正在用刷子擦洗西葫芦
3792-num-2,女人正在用蔬菜刷擦洗西葫芦
3793-num-1,女人正在用蔬菜刷擦洗西葫芦
3793-num-2,没有女人用蔬菜刷擦洗西葫芦
3794-num-1,女人正在用蔬菜刷擦洗西葫芦
3794-num-2,一个女人正在吃西葫芦和蔬菜，然后用刷子擦洗
3795-num-1,女人正在用刷子擦洗西葫芦
3795-num-2,一个人正在擦洗西葫芦
3796-num-1,没有女人用蔬菜刷擦洗西葫芦
3796-num-2,一个人正在擦洗西葫芦
3797-num-1,一个人正在擦洗西葫芦
3797-num-2,一个女人正在吃西葫芦和蔬菜，然后用刷子擦洗
3798-num-1,女人正在用蔬菜刷擦洗西葫芦
3798-num-2,这个人正在擦洗西葫芦
3799-num-1,一个人打包西葫芦
3799-num-2,女人正在用蔬菜刷擦洗西葫芦
3800-num-1,女人正在用蔬菜刷擦洗西葫芦
3800-num-2,一个人正在擦洗西葫芦
3801-num-1,一个帽子的男人正在玩竖琴
3801-num-2,一个戴着帽子的男人在扮演竖琴
3802-num-1,没有男人戴竖琴
3802-num-2,一个戴着帽子的男人在扮演竖琴
3803-num-1,一个男人正在戴帽子戴上竖琴
3803-num-2,一个戴着帽子的男人在扮演竖琴
3804-num-1,一个男人在弹吉他
3804-num-2,一个男人在弹乐器
3805-num-1,一个男人扔掉吉他
3805-num-2,一个男人在弹吉他
3806-num-1,一个戴着帽子的男人在扮演竖琴
3806-num-2,一个男人在弹乐器
3807-num-1,一个男人扔掉吉他
3807-num-2,一个戴着帽子的男人在扮演竖琴
3808-num-1,一个帽子的男人正在玩竖琴
3808-num-2,一个男人在弹吉他
3809-num-1,没有男人戴竖琴
3809-num-2,一个男人在弹吉他
3810-num-1,一个男人正在戴帽子戴上竖琴
3810-num-2,一个男人在弹吉他
3811-num-1,一个男人在弹吉他
3811-num-2,一个戴着帽子的男人在扮演竖琴
3812-num-1,一个女人正在切成绿色的胡椒粉
3812-num-2,一个女人正在切绿辣椒
3813-num-1,一个女人正在切绿辣椒
3813-num-2,没有女人切成绿辣椒
3814-num-1,一个女人正在辣绿色切片
3814-num-2,一个女人正在切绿辣椒
3815-num-1,胡椒被一把刀子切成薄片
3815-num-2,那个用刀的女人正在切胡椒
3816-num-1,那个用刀的女人正在切胡椒
3816-num-2,那个用刀的女人没有切胡椒
3817-num-1,胡椒被一把刀子切成薄片
3817-num-2,一个女人正在切绿辣椒
3818-num-1,那个用刀的女人没有切胡椒
3818-num-2,一个女人正在切绿辣椒
3819-num-1,一个女人正在切成绿色的胡椒粉
3819-num-2,那个用刀的女人正在切胡椒
3820-num-1,那个用刀的女人正在切胡椒
3820-num-2,没有女人切成绿辣椒
3821-num-1,一个女人正在辣绿色切片
3821-num-2,那个用刀的女人正在切胡椒
3822-num-1,一个女人正在切绿辣椒
3822-num-2,那个用刀的女人正在切胡椒
3823-num-1,一个集中的女人在玩长笛
3823-num-2,女人在玩长笛
3824-num-1,女人摆脱了长笛
3824-num-2,女人在玩长笛
3825-num-1,女人在玩长笛
3825-num-2,女人在玩长笛
3826-num-1,那个女人把长笛扔掉
3826-num-2,女人在玩长笛
3827-num-1,女人在玩长笛
3827-num-2,女人在玩长笛
3828-num-1,那个女人把长笛扔掉
3828-num-2,女人在玩长笛
3829-num-1,一个集中的女人在玩长笛
3829-num-2,女人在玩长笛
3830-num-1,女人在玩长笛
3830-num-2,女人摆脱了长笛
3831-num-1,女人在玩长笛
3831-num-2,女人在玩长笛
3832-num-1,一个男人正在骑马
3832-num-2,一匹马被一个男人骑
3833-num-1,没有人骑马
3833-num-2,一个男人正在骑马
3834-num-1,这个男人在小溪骑马
3834-num-2,这个男人正在乘溪流骑马
3835-num-1,这个男人不是在小溪骑马
3835-num-2,这个男人在小溪骑马
3836-num-1,一匹马被一个男人骑在小溪里
3836-num-2,这个男人在小溪骑马
3837-num-1,这个男人正在乘溪流骑马
3837-num-2,一个男人正在骑马
3838-num-1,这个男人不是在小溪骑马
3838-num-2,一个男人正在骑马
3839-num-1,一匹马被一个男人骑在小溪里
3839-num-2,一个男人正在骑马
3840-num-1,这个男人在小溪骑马
3840-num-2,一匹马被一个男人骑
3841-num-1,这个男人在小溪骑马
3841-num-2,没有人骑马
3842-num-1,这个男人在小溪骑马
3842-num-2,一个男人正在骑马
3843-num-1,一只猫很有趣
3843-num-2,猫在弹钢琴
3844-num-1,猫在弹钢琴
3844-num-2,一只猫坐在钢琴上
3845-num-1,猫在弹钢琴
3845-num-2,一首猫的歌正在钢琴上播放
3846-num-1,猫在玩键盘
3846-num-2,猫在玩键盘
3847-num-1,猫在玩键盘
3847-num-2,没有猫在玩键盘
3848-num-1,猫在弹钢琴
3848-num-2,猫在玩键盘
3849-num-1,猫在弹钢琴
3849-num-2,没有猫在玩键盘
3850-num-1,一只猫很有趣
3850-num-2,猫在玩键盘
3851-num-1,猫在玩键盘
3851-num-2,一只猫坐在钢琴上
3852-num-1,猫在玩键盘
3852-num-2,一首猫的歌正在钢琴上播放
3853-num-1,猫在弹钢琴
3853-num-2,猫在玩键盘
3854-num-1,一个男人懒洋洋地走在道路上
3854-num-2,一个男人在路上走
3855-num-1,一个男人在道路的中间停下来
3855-num-2,一个男人在路上走
3856-num-1,该男子沿着一条穿过旷野的小径行走
3856-num-2,该男子沿着野外的轨道行走
3857-num-1,该男子沿着一条穿过旷野的小径行走
3857-num-2,这个男人不是沿着穿过旷野的路走
3858-num-1,一个来自旷野的男人在步行路上
3858-num-2,该男子沿着一条穿过旷野的小径行走
3859-num-1,一个男人在路上走
3859-num-2,该男子沿着野外的轨道行走
3860-num-1,一个男人在路上走
3860-num-2,这个男人不是沿着穿过旷野的路走
3861-num-1,一个来自旷野的男人在步行路上
3861-num-2,一个男人在路上走
3862-num-1,该男子沿着一条穿过旷野的小径行走
3862-num-2,一个男人懒洋洋地走在道路上
3863-num-1,一个男人在道路的中间停下来
3863-num-2,该男子沿着一条穿过旷野的小径行走
3864-num-1,一个男人在路上走
3864-num-2,该男子沿着一条穿过旷野的小径行走
3865-num-1,一个男人从水中出来
3865-num-2,一个人从水中出来
3866-num-1,一个男人要进入水中
3866-num-2,一个男人从水中出来
3867-num-1,这个男人正在从沼泽中升起
3867-num-2,一个男人正在从沼泽中升起
3868-num-1,这个男人正在浸入沼泽
3868-num-2,一个男人正在从沼泽中升起
3869-num-1,一个男人逃脱了一个上升的沼泽
3869-num-2,一个男人正在从沼泽中升起
3870-num-1,这个男人正在从沼泽中升起
3870-num-2,一个男人从水中出来
3871-num-1,这个男人正在浸入沼泽
3871-num-2,一个男人从水中出来
3872-num-1,一个男人逃脱了一个上升的沼泽
3872-num-2,一个男人从水中出来
3873-num-1,一个男人正在从沼泽中升起
3873-num-2,一个人从水中出来
3874-num-1,一个男人要进入水中
3874-num-2,一个男人正在从沼泽中升起
3875-num-1,一个男人正在从沼泽中升起
3875-num-2,一个男人从水中出来
3876-num-1,一个人在房间的天花板上危险地跳舞
3876-num-2,一个男人在房间的天花板上跳舞
3877-num-1,一个男人在房间的天花板上跳舞
3877-num-2,一个男人在地板上闲着
3878-num-1,一个男人在天花板上颠倒跳舞
3878-num-2,这个男人在天花板上颠倒跳舞
3879-num-1,一个男人在天花板上颠倒跳舞
3879-num-2,天花板上没有男人在天花板上跳舞
3880-num-1,一个男人在房间的天花板上跳舞
3880-num-2,这个男人在天花板上颠倒跳舞
3881-num-1,一个男人在房间的天花板上跳舞
3881-num-2,天花板上没有男人在天花板上跳舞
3882-num-1,一个人在房间的天花板上危险地跳舞
3882-num-2,一个男人在天花板上颠倒跳舞
3883-num-1,一个男人在天花板上颠倒跳舞
3883-num-2,一个男人在地板上闲着
3884-num-1,一个男人在天花板上颠倒跳舞
3884-num-2,一个男人在房间的天花板上跳舞
3885-num-1,一个男人在跳舞
3885-num-2,男性正在跳舞
3886-num-1,没有男人跳舞
3886-num-2,一个男人在跳舞
3887-num-1,一个男人热情地唱歌
3887-num-2,一个男人在唱歌
3888-num-1,一个男人沉默
3888-num-2,一个男人在唱歌
3889-num-1,一个男人在跳舞
3889-num-2,一个男人热情地唱歌
3891-num-1,一个男人在唱歌
3891-num-2,男性正在跳舞
3892-num-1,没有男人跳舞
3892-num-2,一个男人在唱歌
3893-num-1,一个男人在跳舞
3893-num-2,一个男人在唱歌
3894-num-1,女孩正在锻炼
3894-num-2,一个女孩在运动
3895-num-1,女孩在闲逛
3895-num-2,一个女孩在运动
3896-num-1,一个男人正在做运动
3896-num-2,一个男人正在锻炼
3897-num-1,没有人锻炼
3897-num-2,一个男人正在锻炼
3898-num-1,一个女孩在运动
3898-num-2,一个男人正在做运动
3899-num-1,没有人锻炼
3899-num-2,一个女孩在运动
3900-num-1,一个男人正在锻炼
3900-num-2,女孩正在锻炼
3901-num-1,女孩在闲逛
3901-num-2,一个男人正在锻炼
3902-num-1,一个男人正在锻炼
3902-num-2,一个女孩在运动
3904-num-1,一个男人在弹吉他
3904-num-2,一个男人打包吉他
3905-num-1,这个男人正在衷心唱歌，弹吉他
3905-num-2,这个男人在唱歌和弹吉他
3906-num-1,这个男人保持沉默，仍然
3906-num-2,这个男人在唱歌和弹吉他
3907-num-1,这个男人正在衷心唱歌，弹吉他
3907-num-2,一个男人在弹吉他
3908-num-1,一个男人在弹吉他
3908-num-2,这个男人保持沉默，仍然
3909-num-1,这个男人在唱歌和弹吉他
3909-num-2,吉他是由男人弹的
3910-num-1,一个男人打包吉他
3910-num-2,这个男人在唱歌和弹吉他
3911-num-1,这个男人在唱歌和弹吉他
3911-num-2,一个男人在弹吉他
3912-num-1,一些人在跳舞
3912-num-2,一群人在跳舞
3913-num-1,没有一群人跳舞
3913-num-2,一群人在跳舞
3914-num-1,女人在外面有神圣的跳舞
3914-num-2,女人在外面跳舞
3915-num-1,女人在外面没有跳舞
3915-num-2,女人在外面跳舞
3916-num-1,女人在外面有神圣的跳舞
3916-num-2,一群人在跳舞
3917-num-1,女人在外面没有跳舞
3917-num-2,一群人在跳舞
3918-num-1,女人在外面跳舞
3918-num-2,一些人在跳舞
3919-num-1,没有一群人跳舞
3919-num-2,女人在外面跳舞
3920-num-1,女人在外面跳舞
3920-num-2,一群人在跳舞
3921-num-1,男孩在某些人面前跳舞
3921-num-2,年轻人在某些人面前跳舞
3922-num-1,男孩不是在某些人面前跳舞
3922-num-2,男孩在某些人面前跳舞
3923-num-1,一些男孩在跳舞的人面前
3923-num-2,男孩在某些人面前跳舞
3924-num-1,两个男人在一个人群面前和一个拳击手一起做一个有趣的短剧
3924-num-2,两个男人正在做一个非常有趣的短剧，一个拳击手在一群人面前
3925-num-1,两个男人在一个人群面前和一个拳击手一起做一个有趣的短剧
3925-num-2,两个有狗的男人很无聊
3926-num-1,两个男人在一个人群面前和一个拳击手一起做一个有趣的短剧
3926-num-2,一群有趣的人正在做两个拳击男人
3927-num-1,两个男人正在做一个非常有趣的短剧，一个拳击手在一群人面前
3927-num-2,男孩在某些人面前跳舞
3928-num-1,男孩在某些人面前跳舞
3928-num-2,两个有狗的男人很无聊
3929-num-1,男孩在某些人面前跳舞
3929-num-2,一群有趣的人正在做两个拳击男人
3930-num-1,年轻人在某些人面前跳舞
3930-num-2,两个男人在一个人群面前和一个拳击手一起做一个有趣的短剧
3931-num-1,男孩不是在某些人面前跳舞
3931-num-2,两个男人在一个人群面前和一个拳击手一起做一个有趣的短剧
3932-num-1,两个男人在一个人群面前和一个拳击手一起做一个有趣的短剧
3932-num-2,一些男孩在跳舞的人面前
3933-num-1,男孩在某些人面前跳舞
3933-num-2,两个男人在一个人群面前和一个拳击手一起做一个有趣的短剧
3934-num-1,男孩正在检查日历
3934-num-2,一个男孩正在检查日历
3935-num-1,一个男孩正在检查日历
3935-num-2,没有男孩检查日历
3936-num-1,一个男孩专心看日历
3936-num-2,一个男孩正在看日历
3937-num-1,一个男孩正在扔掉日历
3937-num-2,一个男孩正在看日历
3938-num-1,一个男孩专心看日历
3938-num-2,一个男孩正在检查日历
3939-num-1,一个男孩正在检查日历
3939-num-2,一个男孩正在扔掉日历
3940-num-1,男孩正在检查日历
3940-num-2,一个男孩正在看日历
3941-num-1,一个男孩正在看日历
3941-num-2,没有男孩检查日历
3942-num-1,一个男孩正在检查日历
3942-num-2,一个男孩正在看日历
3943-num-1,这些人用拳头在戒指上战斗
3943-num-2,男人在戒指上拳头
3944-num-1,男人在戒指上拳头
3944-num-2,男人不是在戒指上打架
3945-num-1,两个男人在戒指上打拳头
3945-num-2,两个人在戒指上拳头
3946-num-1,没有人在戒指上打架
3946-num-2,两个男人在戒指上打拳头
3947-num-1,男人在戒指上拳头
3947-num-2,两个人在戒指上拳头
3948-num-1,男人在戒指上拳头
3948-num-2,没有人在戒指上打架
3949-num-1,这些人用拳头在戒指上战斗
3949-num-2,两个男人在戒指上打拳头
3950-num-1,男人不是在戒指上打架
3950-num-2,两个男人在戒指上打拳头
3951-num-1,两个男人在戒指上打拳头
3951-num-2,男人在戒指上拳头
3952-num-1,骑自行车的人沿着篱笆的顶部骑
3952-num-2,骑自行车的人沿着篱笆的顶部骑
3953-num-1,骑自行车的人从篱笆上骑行
3953-num-2,骑自行车的人沿着篱笆的顶部骑
3954-num-1,这个男孩正在用金属制成的栅栏骑自行车
3954-num-2,这个男孩在金属篱笆的顶部骑自行车
3955-num-1,这个男孩没有在金属篱笆的顶部骑自行车
3955-num-2,这个男孩在金属篱笆的顶部骑自行车
3956-num-1,这个男孩在金属篱笆的顶部骑自行车
3956-num-2,车手正在围栏男孩的金属自行车击剑
3957-num-1,这个男孩正在用金属制成的栅栏骑自行车
3957-num-2,骑自行车的人沿着篱笆的顶部骑
3958-num-1,这个男孩没有在金属篱笆的顶部骑自行车
3958-num-2,骑自行车的人沿着篱笆的顶部骑
3959-num-1,车手正在围栏男孩的金属自行车击剑
3959-num-2,骑自行车的人沿着篱笆的顶部骑
3960-num-1,这个男孩在金属篱笆的顶部骑自行车
3960-num-2,骑自行车的人沿着篱笆的顶部骑
3961-num-1,骑自行车的人从篱笆上骑行
3961-num-2,这个男孩在金属篱笆的顶部骑自行车
3962-num-1,这个男孩在金属篱笆的顶部骑自行车
3962-num-2,骑自行车的人沿着篱笆的顶部骑
3963-num-1,女人正在切一个大胡椒
3963-num-2,一个女人正在切一个大胡椒
3964-num-1,女人正在洗个胡椒
3964-num-2,一个女人正在切一个大胡椒
3965-num-1,女人正在切一个大蒜
3965-num-2,女人正在切一个大蒜
3966-num-1,没有女人切碎大蒜
3966-num-2,女人正在切一个大蒜
3967-num-1,一个女人正在切一个大胡椒
3967-num-2,女人正在切一个大蒜
3968-num-1,一个女人正在切一个大胡椒
3968-num-2,没有女人切碎大蒜
3969-num-1,女人正在切一个大蒜
3969-num-2,女人正在切一个大胡椒
3970-num-1,女人正在切一个大蒜
3970-num-2,女人正在洗个胡椒
3971-num-1,女人正在切一个大蒜
3971-num-2,一个女人正在切一个大胡椒
3972-num-1,一个孩子正在慢慢醒来
3972-num-2,一个孩子正在醒来
3973-num-1,一个孩子正在醒来
3973-num-2,没有孩子醒来
3974-num-1,一个女孩正在觉醒
3974-num-2,一个女孩正在醒来
3975-num-1,一个女孩睡着了
3975-num-2,一个女孩正在醒来
3976-num-1,一个女孩正在觉醒
3976-num-2,一个孩子正在醒来
3977-num-1,一个孩子正在醒来
3977-num-2,一个女孩睡着了
3978-num-1,一个孩子正在慢慢醒来
3978-num-2,一个女孩正在醒来
3979-num-1,没有孩子醒来
3979-num-2,一个女孩正在醒来
3980-num-1,一个女孩正在醒来
3980-num-2,一个孩子正在醒来
3981-num-1,女人正在剥土豆
3981-num-2,女人正在剥土豆
3982-num-1,女人正在剥土豆
3982-num-2,女人正在冷藏土豆
3983-num-1,一个女人正在切番茄
3983-num-2,番茄被一个女人切成薄片
3985-num-1,番茄被一个女人切成薄片
3985-num-2,女人正在剥土豆
3986-num-1,女人正在剥土豆
3986-num-2,没有女人切番茄
3987-num-1,一个女人正在切番茄
3987-num-2,女人正在剥土豆
3988-num-1,一个女人正在切番茄
3988-num-2,女人正在冷藏土豆
3990-num-1,一个男孩巧妙地弹钢琴
3990-num-2,一个男孩正在弹钢琴
3991-num-1,没有男孩弹钢琴
3991-num-2,一个男孩正在弹钢琴
3992-num-1,一个男人在唱歌和弹吉他
3992-num-2,一个人在唱歌和弹吉他
3994-num-1,一个男人在唱歌和弹吉他
3994-num-2,有人在唱歌的男人弹吉他
3995-num-1,一个人在唱歌和弹吉他
3995-num-2,一个男孩正在弹钢琴
3996-num-1,没有男人唱歌和弹吉他
3996-num-2,一个男孩正在弹钢琴
3997-num-1,一个男孩正在弹钢琴
3997-num-2,有人在唱歌的男人弹吉他
3998-num-1,一个男人在唱歌和弹吉他
3998-num-2,一个男孩巧妙地弹钢琴
3999-num-1,一个男人在唱歌和弹吉他
3999-num-2,没有男孩弹钢琴
4000-num-1,一个男人在唱歌和弹吉他
4000-num-2,一个男孩正在弹钢琴
4001-num-1,一个人鲁ck爬绳子
4001-num-2,一个男人正在爬绳子
4002-num-1,一个男人正在爬绳子
4002-num-2,一个男人下来的绳子
4003-num-1,一个男人在攀登前被绑住了
4003-num-2,一个男人正在爬绳子
4004-num-1,一个男人正在爬上绳子
4004-num-2,这个男人正在爬上绳子
4005-num-1,一个男人正在爬上绳子
4005-num-2,这个男人没有爬上绳子
4006-num-1,一个男人正在爬绳子
4006-num-2,这个男人正在爬上绳子
4007-num-1,一个男人正在爬绳子
4007-num-2,这个男人没有爬上绳子
4008-num-1,一个人鲁ck爬绳子
4008-num-2,一个男人正在爬上绳子
4009-num-1,一个男人正在爬上绳子
4009-num-2,一个男人下来的绳子
4010-num-1,一个男人正在爬上绳子
4010-num-2,一个男人在攀登前被绑住了
4011-num-1,一个男人正在爬绳子
4011-num-2,一个男人正在爬上绳子
4012-num-1,那个女人正在捡起一个很少的袋鼠
4012-num-2,那个女人正在捡起一个婴儿袋鼠
4013-num-1,那个女人正在捡起一个婴儿袋鼠
4013-num-2,这个女人没有捡起婴儿袋鼠
4014-num-1,那个女人正在捡起一个婴儿袋鼠
4014-num-2,袋鼠正在捡起女人的孩子
4015-num-1,那位女士正在捡起袋鼠
4015-num-2,那个女人正在捡起袋鼠
4016-num-1,那个女人放下袋鼠
4016-num-2,那个女人正在捡起袋鼠
4017-num-1,那个女人正在捡起袋鼠
4017-num-2,袋鼠正在捡起那个女人
4018-num-1,那个女人正在捡起一个婴儿袋鼠
4018-num-2,那位女士正在捡起袋鼠
4019-num-1,那个女人正在捡起一个婴儿袋鼠
4019-num-2,那个女人放下袋鼠
4020-num-1,那个女人正在捡起一个婴儿袋鼠
4020-num-2,袋鼠正在捡起那个女人
4021-num-1,那个女人正在捡起一个很少的袋鼠
4021-num-2,那个女人正在捡起袋鼠
4022-num-1,这个女人没有捡起婴儿袋鼠
4022-num-2,那个女人正在捡起袋鼠
4023-num-1,那个女人正在捡起袋鼠
4023-num-2,袋鼠正在捡起女人的孩子
4024-num-1,那个女人正在捡起一个婴儿袋鼠
4024-num-2,那个女人正在捡起袋鼠
4025-num-1,一个男人用手打破瓷砖
4025-num-2,一个男人用手折断瓷砖
4026-num-1,一个男人用手打破瓷砖
4026-num-2,一个男人用手修理瓷砖
4027-num-1,一个男人用手打破木板
4027-num-2,一个男人用手用木头制成的木板
4028-num-1,没有人用手打破木板
4028-num-2,一个男人用手打破木板
4029-num-1,一个男人在木板上摔断木制
4029-num-2,一个男人用手打破木板
4030-num-1,一个男人用手用木头制成的木板
4030-num-2,一个男人用手打破瓷砖
4031-num-1,一个男人用手打破瓷砖
4031-num-2,没有人用手打破木板
4032-num-1,一个男人在木板上摔断木制
4032-num-2,一个男人用手打破瓷砖
4033-num-1,一个男人用手折断瓷砖
4033-num-2,一个男人用手打破木板
4034-num-1,一个男人用手修理瓷砖
4034-num-2,一个男人用手打破木板
4035-num-1,一个男人用手打破木板
4035-num-2,一个男人用手打破瓷砖
4036-num-1,一个人在海浪中骑jetski
4036-num-2,这个人在海浪中骑jetski
4037-num-1,一个人在海浪中骑jetski
4037-num-2,没有人在海浪中骑jetski
4038-num-1,一个女人被一个女人骑行
4038-num-2,一个女人骑着雪貂
4039-num-1,一个女人骑着雪貂
4039-num-2,一个女人正在停车
4040-num-1,一个人在海浪中骑jetski
4040-num-2,一个女人被一个女人骑行
4041-num-1,一个人在海浪中骑jetski
4041-num-2,一个女人正在停车
4042-num-1,这个人在海浪中骑jetski
4042-num-2,一个女人骑着雪貂
4043-num-1,一个女人骑着雪貂
4043-num-2,没有人在海浪中骑jetski
4044-num-1,一个人在海浪中骑jetski
4044-num-2,一个女人骑着雪貂
4045-num-1,一个男人在跳舞
4045-num-2,一个人在跳舞
4046-num-1,一个人站着
4046-num-2,一个男人在跳舞
4047-num-1,一个男人在路上慢慢跳舞
4047-num-2,一个男人在路上跳舞
4048-num-1,路上没有男人跳舞
4048-num-2,一个男人在路上跳舞
4049-num-1,一个男人在路上慢慢跳舞
4049-num-2,一个男人在跳舞
4050-num-1,一个男人在跳舞
4050-num-2,路上没有男人跳舞
4051-num-1,一个男人在路上跳舞
4051-num-2,一个人在跳舞
4052-num-1,一个人站着
4052-num-2,一个男人在路上跳舞
4053-num-1,一个男人在路上跳舞
4053-num-2,一个男人在跳舞
4054-num-1,一只狗在路上喘不过气来奔跑
4054-num-2,一只狗在路上奔跑
4055-num-1,一只狗在路上奔跑
4055-num-2,路上没有狗
4056-num-1,一个男人在路上奔跑
4056-num-2,该男子在路上奔跑
4057-num-1,路上没有人奔跑
4057-num-2,一个男人在路上奔跑
4058-num-1,该男子在路上奔跑
4058-num-2,一只狗在路上奔跑
4059-num-1,一只狗在路上奔跑
4059-num-2,路上没有人奔跑
4060-num-1,一个男人在路上奔跑
4060-num-2,一只狗在路上喘不过气来奔跑
4061-num-1,路上没有狗
4061-num-2,一个男人在路上奔跑
4062-num-1,一只狗在路上奔跑
4062-num-2,一个男人在路上奔跑
4063-num-1,一个人在外面，正在向目标扔刀片
4063-num-2,一个男人在外面，将刀片扔向一个近距离目标
4064-num-1,一个男人在房子里，正在向目标扔刀片
4064-num-2,一个男人在外面，将刀片扔向一个近距离目标
4065-num-1,一个男人在外面靠近刀片投掷的目标
4065-num-2,一个男人在外面，将刀片扔向一个近距离目标
4066-num-1,这个男人在树上扔刀
4066-num-2,这个男人在树上扔刀
4067-num-1,这个男人正在从树上取出刀子
4067-num-2,这个男人在树上扔刀
4068-num-1,一个男人在外面，将刀片扔向一个近距离目标
4068-num-2,这个男人在树上扔刀
4069-num-1,一个男人在外面，将刀片扔向一个近距离目标
4069-num-2,这个男人正在从树上取出刀子
4070-num-1,这个男人在树上扔刀
4070-num-2,一个人在外面，正在向目标扔刀片
4071-num-1,这个男人在树上扔刀
4071-num-2,一个男人在房子里，正在向目标扔刀片
4072-num-1,一个男人在外面靠近刀片投掷的目标
4072-num-2,这个男人在树上扔刀
4073-num-1,一个男人在外面，将刀片扔向一个近距离目标
4073-num-2,这个男人在树上扔刀
4074-num-1,一匹马被一个男人骑
4074-num-2,一个男人正在骑马
4075-num-1,一个男人正在停下马
4075-num-2,一个男人正在骑马
4076-num-1,一个人正在骑马
4076-num-2,这个男人正在骑马
4077-num-1,这个男人没有骑马
4077-num-2,这个男人正在骑马
4078-num-1,这个男人正在骑马
4078-num-2,一匹马骑着男人
4079-num-1,一个人正在骑马
4079-num-2,一个男人正在骑马
4080-num-1,一个男人正在骑马
4080-num-2,这个男人没有骑马
4081-num-1,一匹马骑着男人
4081-num-2,一个男人正在骑马
4082-num-1,一匹马被一个男人骑
4082-num-2,这个男人正在骑马
4083-num-1,一个男人正在停下马
4083-num-2,这个男人正在骑马
4084-num-1,这个男人正在骑马
4084-num-2,一个男人正在骑马
4085-num-1,一个男人正在画一张照片
4085-num-2,一个男人正在画一张图片
4086-num-1,没有人画一张图片
4086-num-2,一个男人正在画一张图片
4087-num-1,一个男人正在拍照
4087-num-2,一个男人正在画一张图片
4088-num-1,这个人在绘画
4088-num-2,这个人正在绘画
4089-num-1,这个人没有绘画
4089-num-2,这个人正在绘画
4090-num-1,有人在画一个人
4090-num-2,这个人正在绘画
4091-num-1,一个男人正在画一张图片
4091-num-2,这个人在绘画
4092-num-1,这个人没有绘画
4092-num-2,一个男人正在画一张图片
4093-num-1,有人在画一个人
4093-num-2,一个男人正在画一张图片
4094-num-1,一个男人正在画一张照片
4094-num-2,这个人正在绘画
4095-num-1,这个人正在绘画
4095-num-2,没有人画一张图片
4096-num-1,一个男人正在拍照
4096-num-2,这个人正在绘画
4097-num-1,一个男人正在画一张图片
4097-num-2,这个人正在绘画
4098-num-1,有人在弹钢琴精美
4098-num-2,有人在弹钢琴
4099-num-1,有人在拆除钢琴
4099-num-2,有人在弹钢琴
4100-num-1,有人在弹吉他
4100-num-2,有人在弹吉他
4101-num-1,没有人弹吉他
4101-num-2,有人在弹吉他
4102-num-1,有人在弹吉他
4102-num-2,有人在弹钢琴
4103-num-1,有人在弹钢琴
4103-num-2,没有人弹吉他
4104-num-1,有人在弹钢琴精美
4104-num-2,有人在弹吉他
4105-num-1,有人在弹吉他
4105-num-2,有人在拆除钢琴
4106-num-1,有人在弹钢琴
4106-num-2,有人在弹吉他
4107-num-1,一个男人吃了一些食物
4107-num-2,一个男人正在吃一些食物
4108-num-1,没有男人在吃食物
4108-num-2,一个男人正在吃一些食物
4109-num-1,一个男人正在吃披萨
4109-num-2,一个男人吃了披萨
4110-num-1,一个男人正在吃披萨
4110-num-2,没有男人在吃披萨
4111-num-1,一个男人吃了披萨
4111-num-2,一个男人正在吃一些食物
4112-num-1,没有男人在吃披萨
4112-num-2,一个男人正在吃一些食物
4113-num-1,一个男人正在吃披萨
4113-num-2,一个男人吃了一些食物
4114-num-1,没有男人在吃食物
4114-num-2,一个男人正在吃披萨
4115-num-1,一个男人正在吃披萨
4115-num-2,一个男人正在吃一些食物
4116-num-1,一个可爱的熊猫躺着
4116-num-2,一个可爱的熊猫躺着
4117-num-1,一个可爱的熊猫躺着
4117-num-2,一个可爱的熊猫没有躺在
4118-num-1,熊猫熊在原木上搁在原木上
4118-num-2,熊猫熊躺在原木上
4119-num-1,熊猫熊躺在原木上
4119-num-2,熊猫熊没有躺在原木上
4120-num-1,原木躺在熊猫熊上
4120-num-2,熊猫熊躺在原木上
4121-num-1,熊猫熊在原木上搁在原木上
4121-num-2,一个可爱的熊猫躺着
4122-num-1,熊猫熊没有躺在原木上
4122-num-2,一个可爱的熊猫躺着
4123-num-1,一个可爱的熊猫躺着
4123-num-2,原木躺在熊猫熊上
4124-num-1,一个可爱的熊猫躺着
4124-num-2,熊猫熊躺在原木上
4125-num-1,熊猫熊躺在原木上
4125-num-2,一个可爱的熊猫没有躺在
4126-num-1,一个可爱的熊猫躺着
4126-num-2,熊猫熊躺在原木上
4127-num-1,一只狗跳上蹦床
4127-num-2,狗在蹦床上弹跳
4128-num-1,蹦床上没有狗弹跳
4128-num-2,狗在蹦床上弹跳
4129-num-1,一只狗跳上跳水板
4129-num-2,一只狗跳上蹦床
4130-num-1,一只狗躺在蹦床上
4130-num-2,一只狗跳上蹦床
4131-num-1,一只狗跳上跳水板
4131-num-2,狗在蹦床上弹跳
4132-num-1,一只狗躺在蹦床上
4132-num-2,狗在蹦床上弹跳
4134-num-1,蹦床上没有狗弹跳
4134-num-2,一只狗跳上蹦床
4135-num-1,狗在蹦床上弹跳
4135-num-2,一只狗跳上蹦床
4136-num-1,一个男人在蹦床上进行后背翻转
4136-num-2,一个男人跳上蹦床
4137-num-1,没有男人在蹦床上进行背部翻转
4137-num-2,一个男人在蹦床上进行后背翻转
4138-num-1,几个男孩正​​在跳上蹦床
4138-num-2,几个孩子正在跳上蹦床
4139-num-1,没有孩子跳上蹦床
4139-num-2,几个孩子正在跳上蹦床
4140-num-1,几个男孩正​​在跳上蹦床
4140-num-2,一个男人在蹦床上进行后背翻转
4141-num-1,一个男人在蹦床上进行后背翻转
4141-num-2,没有孩子跳上蹦床
4142-num-1,几个孩子正在跳上蹦床
4142-num-2,一个男人跳上蹦床
4143-num-1,没有男人在蹦床上进行背部翻转
4143-num-2,几个孩子正在跳上蹦床
4144-num-1,几个孩子正在跳上蹦床
4144-num-2,一个男人在蹦床上进行后背翻转
4145-num-1,女人正在切一个洋葱
4145-num-2,女人正在割洋葱
4147-num-1,女人正在切肉
4147-num-2,女人正在切一些肉
4148-num-1,女人正在切肉
4148-num-2,女人不割肉
4149-num-1,女人正在割洋葱
4149-num-2,女人正在切一些肉
4150-num-1,女人正在割洋葱
4150-num-2,女人不割肉
4151-num-1,女人正在切肉
4151-num-2,女人正在切一个洋葱
4152-num-1,女人正在切肉
4152-num-2,没有女人割洋葱
4153-num-1,女人正在切肉
4153-num-2,女人正在割洋葱
4154-num-1,一个男人在玩木制长笛
4154-num-2,一个男人正在玩木笛
4155-num-1,一个男人在玩木制长笛
4155-num-2,没有男人在玩木制长笛
4157-num-1,没有人弹钢琴
4157-num-2,一个男人正在弹钢琴
4158-num-1,钢琴是由男人弹的
4158-num-2,一个男人在玩木制长笛
4159-num-1,没有人弹钢琴
4159-num-2,一个男人在玩木制长笛
4160-num-1,一个男人正在玩木笛
4160-num-2,一个男人正在弹钢琴
4161-num-1,没有男人在玩木制长笛
4161-num-2,一个男人正在弹钢琴
4162-num-1,一个男人在玩木制长笛
4162-num-2,一个男人正在弹钢琴
4163-num-1,该男子正在清洁板上的图纸
4163-num-2,这个人正在擦除董事会的图纸
4164-num-1,这个人正在擦除董事会的图纸
4164-num-2,女人正在擦除董事会的图纸
4165-num-1,这个人正在从董事会中删除另一个人的作品
4165-num-2,这个男人正在从面板上擦除另一个人的作品
4166-num-1,这个人正在从董事会中删除另一个人的作品
4166-num-2,这个女孩正在从董事会中擦除另一个男人的作品
4167-num-1,这个人正在擦除董事会的图纸
4167-num-2,这个男人正在从面板上擦除另一个人的作品
4168-num-1,这个人正在擦除董事会的图纸
4168-num-2,这个女孩正在从董事会中擦除另一个男人的作品
4169-num-1,该男子正在清洁板上的图纸
4169-num-2,这个人正在从董事会中删除另一个人的作品
4170-num-1,女人正在擦除董事会的图纸
4170-num-2,这个人正在从董事会中删除另一个人的作品
4171-num-1,这个人正在从董事会中删除另一个人的作品
4171-num-2,这个人正在擦除董事会的图纸
4172-num-1,女人正在切蔬菜
4172-num-2,女人正在切蔬菜
4173-num-1,没有女人切蔬菜
4173-num-2,女人正在切蔬菜
4174-num-1,一个女人将茄子切成薄片
4174-num-2,女人正在切一个茄子
4175-num-1,女人正在切一个茄子
4175-num-2,没有女人切茄子
4176-num-1,一个女人将茄子切成薄片
4176-num-2,女人正在切蔬菜
4177-num-1,没有女人切茄子
4177-num-2,女人正在切蔬菜
4178-num-1,女人正在切一个茄子
4178-num-2,女人正在切蔬菜
4179-num-1,女人正在切一个茄子
4179-num-2,没有女人切蔬菜
4180-num-1,女人正在切一个茄子
4180-num-2,女人正在切蔬菜
4181-num-1,狗正在吃洋娃娃
4181-num-2,狗正在咬娃娃
4182-num-1,没有狗在吃洋娃娃
4182-num-2,狗正在吃洋娃娃
4183-num-1,狗在玩玩具
4183-num-2,狗玩玩具很开心
4184-num-1,狗在玩玩具
4184-num-2,没有狗玩玩具
4185-num-1,狗在玩玩具
4185-num-2,一个孩子正在和玩具狗玩
4186-num-1,狗正在吃洋娃娃
4186-num-2,狗玩玩具很开心
4187-num-1,没有狗玩玩具
4187-num-2,狗正在吃洋娃娃
4188-num-1,狗正在吃洋娃娃
4188-num-2,一个孩子正在和玩具狗玩
4189-num-1,狗在玩玩具
4189-num-2,狗正在咬娃娃
4190-num-1,狗在玩玩具
4190-num-2,没有狗在吃洋娃娃
4191-num-1,狗正在吃洋娃娃
4191-num-2,狗在玩玩具
4192-num-1,一个男人在跳舞
4192-num-2,一个男人正在表演舞蹈
4193-num-1,一个男人在跳舞
4193-num-2,没有男人跳舞
4194-num-1,一个男人热情地祈祷
4194-num-2,一个人在祈祷
4195-num-1,没有人祈祷
4195-num-2,一个人在祈祷
4196-num-1,一个男人在跳舞
4196-num-2,一个男人热情地祈祷
4197-num-1,一个男人在跳舞
4197-num-2,没有人祈祷
4198-num-1,一个男人正在表演舞蹈
4198-num-2,一个人在祈祷
4199-num-1,一个人在祈祷
4199-num-2,没有男人跳舞
4200-num-1,一个男人在跳舞
4200-num-2,一个人在祈祷
4201-num-1,一个男人正在切面包
4201-num-2,一个男人正在切面包
4202-num-1,没有人切面包
4202-num-2,一个男人正在切面包
4203-num-1,一个男人正在切面包
4203-num-2,一个人正在切面包
4204-num-1,一个人正在切面包
4204-num-2,没有人切面包
4205-num-1,一个男人正在切面包
4205-num-2,一个男人正在切面包
4206-num-1,没有人切面包
4206-num-2,一个男人正在切面包
4207-num-1,一个男人正在切面包
4207-num-2,一个人正在切面包
4208-num-1,一个人正在切面包
4208-num-2,没有人切面包
4209-num-1,一个男人正在切面包
4209-num-2,一个人正在切面包
4210-num-1,一个女人正在抚摸狐猴
4210-num-2,一个女人抚摸着一个女人
4211-num-1,没有女人抚摸狐猴
4211-num-2,一个女人正在抚摸狐猴
4212-num-1,有人在刮擦动物的腹部
4212-num-2,有人抚摸动物的腹部
4213-num-1,有人在刮擦动物的腹部
4213-num-2,有人在刮擦动物的后背
4214-num-1,有人抚摸动物的腹部
4214-num-2,一个女人正在抚摸狐猴
4215-num-1,一个女人正在抚摸狐猴
4215-num-2,有人在刮擦动物的后背
4216-num-1,有人在刮擦动物的腹部
4216-num-2,一个女人抚摸着一个女人
4217-num-1,有人在刮擦动物的腹部
4217-num-2,没有女人抚摸狐猴
4218-num-1,一个女人正在抚摸狐猴
4218-num-2,有人在刮擦动物的腹部
4219-num-1,狐猴快速进食
4219-num-2,狐猴正在吃
4220-num-1,狐猴正在吃
4220-num-2,没有狐猴吃
4221-num-1,大眼睛的动物正在狂热地吃
4221-num-2,大眼睛的动物正在吃
4222-num-1,大眼睛的动物正在睡觉
4222-num-2,大眼睛的动物正在吃
4223-num-1,大眼睛的动物正在狂热地吃
4223-num-2,狐猴正在吃
4224-num-1,大眼睛的动物正在睡觉
4224-num-2,狐猴正在吃
4225-num-1,狐猴快速进食
4225-num-2,大眼睛的动物正在吃
4226-num-1,大眼睛的动物正在吃
4226-num-2,没有狐猴吃
4227-num-1,大眼睛的动物正在吃
4227-num-2,狐猴正在吃
4228-num-1,吉他是两个男人弹的
4228-num-2,两个男人正在弹吉他
4229-num-1,两个男人正在弹吉他
4229-num-2,两个女孩正在弹吉他
4230-num-1,两个人在说话
4230-num-2,两个人在说话
4231-num-1,两个人在说话
4231-num-2,两个女人在说话
4232-num-1,两个人在说话
4232-num-2,两个男人正在弹吉他
4233-num-1,两个女人在说话
4233-num-2,两个男人正在弹吉他
4234-num-1,吉他是两个男人弹的
4234-num-2,两个人在说话
4235-num-1,两个女孩正在弹吉他
4235-num-2,两个人在说话
4236-num-1,两个人在说话
4236-num-2,两个男人正在弹吉他
4237-num-1,一个男人在玩长笛
4237-num-2,一个男人正在玩笛
4238-num-1,一个男人在玩长笛
4238-num-2,没有男人玩长笛
4240-num-1,没有人在玩电子键盘
4240-num-2,一个男人在玩电子键盘
4241-num-1,一个男人在玩长笛
4241-num-2,一个男人正在演奏电子键盘
4242-num-1,一个男人在玩长笛
4242-num-2,没有人在玩电子键盘
4243-num-1,一个男人正在玩笛
4243-num-2,一个男人在玩电子键盘
4244-num-1,没有男人玩长笛
4244-num-2,一个男人在玩电子键盘
4245-num-1,一个男人在玩长笛
4245-num-2,一个男人在玩电子键盘
4246-num-1,一首歌是由小丑演唱的
4246-num-2,小丑在唱歌
4247-num-1,没有小丑唱歌
4247-num-2,小丑在唱歌
4248-num-1,小丑在唱歌，人们在跳舞
4248-num-2,一位服装的表演者正在唱歌，人们在跳舞
4249-num-1,没有小丑唱歌，人们没有跳舞
4249-num-2,小丑在唱歌，人们在跳舞
4250-num-1,人们在唱歌，小丑在跳舞
4250-num-2,小丑在唱歌，人们在跳舞
4251-num-1,一位服装的表演者正在唱歌，人们在跳舞
4251-num-2,小丑在唱歌
4252-num-1,没有小丑唱歌，人们没有跳舞
4252-num-2,小丑在唱歌
4253-num-1,人们在唱歌，小丑在跳舞
4253-num-2,小丑在唱歌
4254-num-1,小丑在唱歌，人们在跳舞
4254-num-2,一首歌是由小丑演唱的
4255-num-1,没有小丑唱歌
4255-num-2,小丑在唱歌，人们在跳舞
4256-num-1,小丑在唱歌，人们在跳舞
4256-num-2,小丑在唱歌
4257-num-1,这匹马被女孩骑了
4257-num-2,女孩在骑马
4258-num-1,女孩在骑马
4258-num-2,这个男人正在骑马
4259-num-1,女孩正在用水喷洒植物
4259-num-2,女孩正在浇植物
4260-num-1,女孩正在用水喷洒植物
4260-num-2,男孩正在用水喷洒植物
4261-num-1,女孩在骑马
4261-num-2,女孩正在浇植物
4262-num-1,女孩在骑马
4262-num-2,男孩正在用水喷洒植物
4263-num-1,这匹马被女孩骑了
4263-num-2,女孩正在用水喷洒植物
4264-num-1,这个男人正在骑马
4264-num-2,女孩正在用水喷洒植物
4265-num-1,女孩正在用水喷洒植物
4265-num-2,女孩在骑马
4266-num-1,一个男人正在用刀快速切碎一些蘑菇
4266-num-2,一个男人迅速用刀切碎一些蘑菇
4267-num-1,没有人迅速用刀切碎一些蘑菇
4267-num-2,一个男人正在用刀快速切碎一些蘑菇
4268-num-1,一个人用刀快速切割蘑菇
4268-num-2,一个人用刀快速切碎蘑菇
4269-num-1,一个人不会用刀快速切碎蘑菇
4269-num-2,一个人用刀快速切碎蘑菇
4270-num-1,一个人用刀快速切割蘑菇
4270-num-2,一个男人正在用刀快速切碎一些蘑菇
4271-num-1,一个人不会用刀快速切碎蘑菇
4271-num-2,一个男人正在用刀快速切碎一些蘑菇
4272-num-2,一个人用刀快速切碎蘑菇
4273-num-1,一个人用刀快速切碎蘑菇
4273-num-2,没有人迅速用刀切碎一些蘑菇
4274-num-1,一个人用刀快速切碎蘑菇
4274-num-2,一个男人正在用刀快速切碎一些蘑菇
4275-num-1,一个男人和一个女人在握手
4275-num-2,两个人在握手
4276-num-1,一个男人和一个女人在握手
4276-num-2,一个男人和女人没有握手
4277-num-1,一个老妇在和一个男人握手
4277-num-2,一个老的女人正在和一个男人握手
4278-num-1,一个老妇在和一个男人握手
4278-num-2,一个年轻的女人和一个男人握手
4279-num-1,一个老的女人正在和一个男人握手
4279-num-2,一个男人和一个女人在握手
4280-num-1,一个年轻的女人和一个男人握手
4280-num-2,一个男人和一个女人在握手
4281-num-1,一个老妇在和一个男人握手
4281-num-2,两个人在握手
4282-num-1,一个老妇在和一个男人握手
4282-num-2,一个男人和女人没有握手
4283-num-1,一个老妇在和一个男人握手
4283-num-2,一个男人和一个女人在握手
4284-num-1,一个女人正在砍章鱼
4284-num-2,一个女人正在切章鱼
4285-num-1,没有女人砍章鱼
4285-num-2,一个女人正在砍章鱼
4286-num-1,那个女人正在切片煮熟的章鱼
4286-num-2,那个女人正在割煮熟的章鱼
4287-num-1,这个男人正在切割煮熟的章鱼
4287-num-2,那个女人正在割煮熟的章鱼
4288-num-1,那个女人正在切片煮熟的章鱼
4288-num-2,一个女人正在砍章鱼
4289-num-1,这个男人正在切割煮熟的章鱼
4289-num-2,一个女人正在砍章鱼
4290-num-1,那个女人正在割煮熟的章鱼
4290-num-2,一个女人正在切章鱼
4291-num-1,没有女人砍章鱼
4291-num-2,那个女人正在割煮熟的章鱼
4292-num-1,那个女人正在割煮熟的章鱼
4292-num-2,一个女人正在砍章鱼
4293-num-1,飞机正在起飞
4293-num-2,飞机正在起飞
4294-num-1,飞机正在降落
4294-num-2,飞机正在起飞
4295-num-1,飞机正在起飞
4295-num-2,飞机正在起飞
4296-num-1,飞机正在起飞
4296-num-2,没有飞机起飞
4297-num-1,飞机正在起飞
4297-num-2,飞机正在起飞
4298-num-1,飞机正在起飞
4298-num-2,没有飞机起飞
4300-num-1,飞机正在起飞
4300-num-2,飞机正在降落
4301-num-1,飞机正在起飞
4301-num-2,飞机正在起飞
4302-num-1,一个男人正在开枪
4302-num-2,一个男人正在射击武器
4303-num-1,一个男人正在开枪
4303-num-2,没有男人射击枪支
4304-num-1,女人正在骑马
4304-num-2,女人正在骑动物
4305-num-1,女人不骑马
4305-num-2,女人正在骑马
4306-num-1,一个男人正在开枪
4306-num-2,女人正在骑动物
4307-num-1,一个男人正在开枪
4307-num-2,女人不骑马
4308-num-1,一个男人正在射击武器
4308-num-2,女人正在骑马
4309-num-1,女人正在骑马
4309-num-2,没有男人射击枪支
4310-num-1,一个男人正在开枪
4310-num-2,女人正在骑马
4311-num-1,一个男人正在切土豆
4311-num-2,一个男人正在切土豆
4312-num-1,一个男人正在切土豆
4312-num-2,没有人切土豆
4313-num-1,一个女人正在切番茄
4313-num-2,一个女人正在切番茄
4314-num-1,一个女人正在切番茄
4314-num-2,一个男人正在切番茄
4315-num-1,一个女人正在切番茄
4315-num-2,一个男人正在切土豆
4316-num-1,一个男人正在切土豆
4316-num-2,一个男人正在切番茄
4317-num-1,一个男人正在切土豆
4317-num-2,一个女人正在切番茄
4318-num-1,没有人切土豆
4318-num-2,一个女人正在切番茄
4319-num-1,一个女人正在切番茄
4319-num-2,一个男人正在切土豆
4320-num-1,一个男人正在做素描
4320-num-2,一个人在绘画
4321-num-1,一个人在绘画
4321-num-2,没有人绘画
4322-num-1,一个女孩正在画一个男人
4322-num-2,一个人在绘画
4323-num-1,这个人在绘画
4323-num-2,这个男人在绘画
4324-num-1,这个人在绘画
4324-num-2,这个男人没有绘画
4325-num-1,这个人在绘画
4325-num-2,女人正在画一个男人
4326-num-1,这个男人在绘画
4326-num-2,一个人在绘画
4327-num-1,这个男人没有绘画
4327-num-2,一个人在绘画
4328-num-1,女人正在画一个男人
4328-num-2,一个人在绘画
4329-num-1,一个男人正在做素描
4329-num-2,这个人在绘画
4330-num-1,这个人在绘画
4330-num-2,没有人绘画
4331-num-1,这个人在绘画
4331-num-2,一个女孩正在画一个男人
4332-num-1,一个人在绘画
4332-num-2,这个人在绘画
4333-num-1,一个女人正在挑选罐子
4333-num-2,女人正在拿罐子
4334-num-1,一个男人正在挑选一个罐子
4334-num-2,一个女人正在挑选罐子
4337-num-1,一个女人正在挑选罐子
4337-num-2,一个女人正在切番茄
4338-num-1,一个女人正在挑选罐子
4338-num-2,没有女人切番茄
4339-num-1,一个女人正在切番茄
4339-num-2,女人正在拿罐子
4340-num-1,一个男人正在挑选一个罐子
4340-num-2,一个女人正在切番茄
4341-num-1,一个女人正在挑选罐子
4341-num-2,一个女人正在切番茄
4342-num-1,一个男人正在吃香蕉
4342-num-2,一个男人正在吃水果
4343-num-1,一个男人正在吃香蕉
4343-num-2,没有男人在吃香蕉
4344-num-1,有人在剥香蕉
4344-num-2,有人正在去除香蕉的果皮
4345-num-1,有人在剥香蕉
4345-num-2,没有人剥香蕉
4346-num-1,一个男人正在吃香蕉
4346-num-2,有人正在去除香蕉的果皮
4347-num-1,一个男人正在吃香蕉
4347-num-2,没有人剥香蕉
4348-num-1,有人在剥香蕉
4348-num-2,一个男人正在吃水果
4349-num-1,没有男人在吃香蕉
4349-num-2,有人在剥香蕉
4350-num-1,一个男人正在吃香蕉
4350-num-2,有人在剥香蕉
4351-num-1,一只狗在吵闹
4351-num-2,狗在吠叫
4352-num-1,没有狗吠叫
4352-num-2,狗在吠叫
4353-num-1,喷气式飞机正在飞行
4353-num-2,飞机正在飞行
4354-num-1,喷气机不飞
4354-num-2,喷气式飞机正在飞行
4355-num-1,飞机正在飞行
4355-num-2,狗在吠叫
4356-num-1,喷气机不飞
4356-num-2,狗在吠叫
4357-num-1,一只狗在吵闹
4357-num-2,喷气式飞机正在飞行
4358-num-1,喷气式飞机正在飞行
4358-num-2,没有狗吠叫
4359-num-1,喷气式飞机正在飞行
4359-num-2,狗在吠叫
4360-num-1,一个男人正在削减音符
4360-num-2,一个男人正在切纸
4361-num-1,一个男人正在切纸
4361-num-2,没有人剪纸
4362-num-1,一个男人正在切纸
4362-num-2,一个男人用一张纸切割自己
4363-num-1,一个人在撕裂纸
4363-num-2,一个人在撕下床单
4364-num-1,一个人没有撕裂纸
4364-num-2,一个人在撕裂纸
4365-num-1,一个人在撕下床单
4365-num-2,一个男人正在切纸
4366-num-1,一个男人正在切纸
4366-num-2,一个人没有撕裂纸
4367-num-1,一个男人正在削减音符
4367-num-2,一个人在撕裂纸
4368-num-1,一个人在撕裂纸
4368-num-2,没有人剪纸
4369-num-1,一个男人用一张纸切割自己
4369-num-2,一个人在撕裂纸
4370-num-1,一个人在撕裂纸
4370-num-2,一个男人正在切纸
4372-num-1,男人没有弹吉他
4372-num-2,一个男人在弹吉他
4373-num-1,有人在弹钢琴
4373-num-2,有人正在弹钢琴
4374-num-1,有人在弹钢琴
4374-num-2,没有人弹钢琴
4375-num-1,有人正在弹钢琴
4375-num-2,一个男人在弹吉他
4376-num-1,一个男人在弹吉他
4376-num-2,没有人弹钢琴
4377-num-1,有人在弹钢琴
4377-num-2,一个男人正在弹吉他
4378-num-1,男人没有弹吉他
4378-num-2,有人在弹钢琴
4379-num-1,一个男人在弹吉他
4379-num-2,有人在弹钢琴
4380-num-1,一条鞋子被男人绑着
4380-num-2,一个男人在绑鞋子
4382-num-1,一个男人在绑鞋子
4382-num-2,一个男人在绑鞋子
4383-num-1,没有人绑鞋
4383-num-2,一个男人在绑鞋子
4387-num-1,一个男人正在解开鞋子
4387-num-2,一个男人在绑鞋子
4389-num-1,一个人骑马
4389-num-2,一匹马被一个男人骑
4390-num-1,一个人不骑马
4390-num-2,一个人骑马
4391-num-1,一个男人在沙漠中骑马
4391-num-2,一个人在沙质的土地上骑马
4392-num-1,一个男人在海滩上骑马
4392-num-2,一个男人在沙漠中骑马
4393-num-1,一个人在沙质的土地上骑马
4393-num-2,一个人骑马
4394-num-1,一个男人在海滩上骑马
4394-num-2,一个人骑马
4395-num-1,一个男人在沙漠中骑马
4395-num-2,一匹马被一个男人骑
4396-num-1,一个人不骑马
4396-num-2,一个男人在沙漠中骑马
4397-num-1,一个男人在沙漠中骑马
4397-num-2,一个人骑马
4398-num-1,一个人正在切纸板
4398-num-2,一个男人正在切纸板
4399-num-1,没有人剪纸盘
4399-num-2,一个男人正在切纸板
4400-num-1,男人正在切纸板
4400-num-2,这个男人正在切纸板
4401-num-1,这个男人没有切纸板
4401-num-2,这个男人正在切纸板
4402-num-1,一个男人正在切纸板
4402-num-2,男人正在切纸板
4403-num-1,一个男人正在切纸板
4403-num-2,这个男人没有切纸板
4404-num-1,一个人正在切纸板
4404-num-2,这个男人正在切纸板
4405-num-1,没有人剪纸盘
4405-num-2,这个男人正在切纸板
4406-num-1,一个男人正在切纸板
4406-num-2,这个男人正在切纸板
4407-num-1,两个人参加轮胎滚动比赛
4407-num-2,两名男子在轮胎滚动比赛中赛跑
4408-num-1,两个人参加轮胎滚动比赛
4408-num-2,两个女人参加轮胎滚动比赛
4409-num-1,一场比赛中的两个男人正在翻转拖拉机轮胎
4409-num-2,比赛中的两个人正在翻转拖拉机轮胎
4410-num-1,没有人翻转拖拉机的轮胎
4410-num-2,比赛中的两个人正在翻转拖拉机轮胎
4411-num-1,一场比赛中的两个男人正在翻转拖拉机轮胎
4411-num-2,两个人参加轮胎滚动比赛
4412-num-1,没有人翻转拖拉机的轮胎
4412-num-2,两个人参加轮胎滚动比赛
4413-num-1,比赛中的两个人正在翻转拖拉机轮胎
4413-num-2,两名男子在轮胎滚动比赛中赛跑
4414-num-1,比赛中的两个人正在翻转拖拉机轮胎
4414-num-2,两个女人参加轮胎滚动比赛
4415-num-1,两个人参加轮胎滚动比赛
4415-num-2,比赛中的两个人正在翻转拖拉机轮胎
4416-num-1,一个男人在嘴上拍拍鳄鱼
4416-num-2,一个男人在嘴上拍拍鳄鱼
4417-num-1,没有男人在嘴上拍拍鳄鱼
4417-num-2,一个男人在嘴上拍拍鳄鱼
4418-num-1,一个人正在将切碎的蔬菜放入炉子上的锅中
4418-num-2,切碎的蔬菜被一个人掉入炉子上的锅中
4419-num-1,一个人正在从炉子上的锅中除去切碎的蔬菜
4419-num-2,一个人正在将切碎的蔬菜放入炉子上的锅中
4420-num-1,切碎的蔬菜被一个人掉入炉子上的锅中
4420-num-2,一个男人在嘴上拍拍鳄鱼
4421-num-1,一个人正在从炉子上的锅中除去切碎的蔬菜
4421-num-2,一个男人在嘴上拍拍鳄鱼
4422-num-1,一个男人在嘴上拍拍鳄鱼
4422-num-2,一个人正在将切碎的蔬菜放入炉子上的锅中
4423-num-1,一个人正在将切碎的蔬菜放入炉子上的锅中
4423-num-2,没有男人在嘴上拍拍鳄鱼
4424-num-1,一个男人在嘴上拍拍鳄鱼
4424-num-2,一个人正在将切碎的蔬菜放入炉子上的锅中
4425-num-1,男人正在交谈
4425-num-2,男人在说话
4426-num-1,男人不是在说话
4426-num-2,男人在说话
4427-num-1,一些老女人在说话
4427-num-2,有些女人在说话
4428-num-1,有些女人在说话
4428-num-2,有些女人没有说话
4429-num-1,男人在说话
4429-num-2,一些老女人在说话
4430-num-1,有些女人没有说话
4430-num-2,男人在说话
4431-num-1,有些女人在说话
4431-num-2,男人正在交谈
4432-num-1,男人不是在说话
4432-num-2,有些女人在说话
4433-num-1,男人在说话
4433-num-2,有些女人在说话
4434-num-1,一个男人在弹吉他
4434-num-2,一个男人在弹乐器
4436-num-1,一个女人穿着口红
4436-num-2,女人正在化妆
4437-num-1,一个女人穿着口红
4437-num-2,没有女人戴口红
4438-num-1,女人正在化妆
4438-num-2,一个男人在弹吉他
4439-num-1,没有女人戴口红
4439-num-2,一个男人在弹吉他
4440-num-1,一个男人在弹乐器
4440-num-2,一个女人穿着口红
4441-num-1,没有人弹吉他
4441-num-2,一个女人穿着口红
4442-num-1,一个男人在弹吉他
4442-num-2,一个女人穿着口红
4443-num-1,一个男人在向一个女孩唱歌
4443-num-2,一个男人在向女人唱歌
4444-num-1,没有男人唱歌给女人
4444-num-2,一个男人在向女人唱歌
4445-num-1,一个男人在打电话
4445-num-2,一个男人在电话中说话
4446-num-1,一个男人在电话中说话
4446-num-2,一个男人不是在电话中说话
4447-num-1,一个男人在打电话
4447-num-2,一个男人在向女人唱歌
4448-num-1,一个男人在向女人唱歌
4448-num-2,一个男人不是在电话中说话
4449-num-1,一个男人在向一个女孩唱歌
4449-num-2,一个男人在电话中说话
4450-num-1,没有男人唱歌给女人
4450-num-2,一个男人在电话中说话
4451-num-1,一个男人在向女人唱歌
4451-num-2,一个男人在电话中说话
4452-num-1,犀牛在一个田野里放牧
4452-num-2,动物在田野里放牧
4453-num-1,犀牛在一个田野里放牧
4453-num-2,田野里没有犀牛放牧
4454-num-1,犀牛在草地上放牧
4454-num-2,犀牛正在草地上喂食
4455-num-1,犀牛在草地上放牧
4455-num-2,犀牛没有在草地上放牧
4456-num-1,犀牛正在草地上喂食
4456-num-2,犀牛在一个田野里放牧
4457-num-1,犀牛在一个田野里放牧
4457-num-2,犀牛没有在草地上放牧
4458-num-1,犀牛在草地上放牧
4458-num-2,动物在田野里放牧
4459-num-1,田野里没有犀牛放牧
4459-num-2,犀牛在草地上放牧
4460-num-1,犀牛在一个田野里放牧
4460-num-2,犀牛在草地上放牧
4461-num-1,一对夫妇奔向海洋
4461-num-2,一对夫妇奔向水
4462-num-1,没有夫妇奔向海洋
4462-num-2,一对夫妇奔向海洋
4463-num-1,一个男人和一个女人一起奔跑，牵着手
4463-num-2,一对夫妇正在奔跑并牵着手
4464-num-1,一个男人和一个女人一起奔跑，牵着手
4464-num-2,一个男人和一个女人站在一起，牵着手
4465-num-1,一对夫妇奔向海洋
4465-num-2,一对夫妇正在奔跑并牵着手
4466-num-1,一对夫妇奔向海洋
4466-num-2,一个男人和一个女人站在一起，牵着手
4467-num-1,一对夫妇奔向水
4467-num-2,一个男人和一个女人一起奔跑，牵着手
4468-num-1,一个男人和一个女人一起奔跑，牵着手
4468-num-2,没有夫妇奔向海洋
4469-num-1,一个男人和一个女人一起奔跑，牵着手
4469-num-2,一对夫妇奔向海洋
4470-num-1,一个男人正在踢足球
4470-num-2,一个男人踢球
4471-num-1,一个男人在拳打足球
4471-num-2,一个男人正在踢足球
4472-num-1,碗的内容被男人混合在一起
4472-num-2,一个男人正在混合碗的内容
4473-num-1,一个男人正在混合碗的内容
4473-num-2,女人正在混合碗的内容
4474-num-1,一个男人正在踢足球
4474-num-2,碗的内容被男人混合在一起
4475-num-1,一个男人正在踢足球
4475-num-2,女人正在混合碗的内容
4476-num-1,一个男人踢球
4476-num-2,一个男人正在混合碗的内容
4477-num-1,一个男人在拳打足球
4477-num-2,一个男人正在混合碗的内容
4478-num-1,一个男人正在混合碗的内容
4478-num-2,一个男人正在踢足球
4479-num-1,男孩正在弹钢琴
4479-num-2,这个男孩在弹乐器
4480-num-1,男孩正在弹钢琴
4480-num-2,这个男孩没有弹钢琴
4481-num-1,女人正在将油倒入锅中
4481-num-2,那个女人正在将石油倒入锅中
4482-num-1,女人没有将油倒入锅中
4482-num-2,女人正在将油倒入锅中
4483-num-1,那个女人正在将石油倒入锅中
4483-num-2,男孩正在弹钢琴
4484-num-1,女人没有将油倒入锅中
4484-num-2,男孩正在弹钢琴
4485-num-1,女人正在将油倒入锅中
4485-num-2,这个男孩在弹乐器
4486-num-1,这个男孩没有弹钢琴
4486-num-2,女人正在将油倒入锅中
4487-num-1,女人正在将油倒入锅中
4487-num-2,男孩正在弹钢琴
4488-num-1,一个女孩在刷头发
4488-num-2,一个女孩在梳头
4489-num-1,没有女孩刷头发
4489-num-2,一个女孩在刷头发
4490-num-1,一个女孩在刷头发
4490-num-2,一个女孩正在造型她的头发
4491-num-1,一个女孩正在造型她的头发
4491-num-2,一个男孩正在造型他的头发
4493-num-1,一个女孩在刷头发
4493-num-2,一个男孩正在造型他的头发
4494-num-1,一个女孩在梳头
4494-num-2,一个女孩正在造型她的头发
4495-num-1,没有女孩刷头发
4495-num-2,一个女孩正在造型她的头发
4496-num-1,一个女孩正在造型她的头发
4496-num-2,一个女孩在刷头发
4497-num-1,医生正在治愈一个男人
4497-num-2,医生正在恢复男人
4498-num-1,医生正在恢复男人
4498-num-2,医生没有恢复男人
4499-num-1,医生正在帮助病人
4499-num-2,医生正在帮助病人
4500-num-1,医生没有帮助病人
4500-num-2,医生正在帮助病人
4501-num-1,医生正在帮助病人
4501-num-2,病人正在帮助医生
4502-num-1,医生正在帮助病人
4502-num-2,医生正在恢复男人
4503-num-1,医生没有帮助病人
4503-num-2,医生正在恢复男人
4504-num-1,病人正在帮助医生
4504-num-2,医生正在恢复男人
4505-num-1,医生正在治愈一个男人
4505-num-2,医生正在帮助病人
4506-num-1,医生正在帮助病人
4506-num-2,医生没有恢复男人
4507-num-1,医生正在恢复男人
4507-num-2,医生正在帮助病人
4508-num-1,一个女人被男人按摩
4508-num-2,男人正在按摩女人
4509-num-1,没有男人按摩女人
4509-num-2,男人正在按摩女人
4510-num-1,一块木头被一个人拧到墙上
4510-num-2,一个人将一块木头拧到墙上
4511-num-1,没有人把一块木头拧到墙上
4511-num-2,一个人将一块木头拧到墙上
4512-num-1,一块木头被一个人拧到墙上
4512-num-2,男人正在按摩女人
4513-num-1,男人正在按摩女人
4513-num-2,没有人把一块木头拧到墙上
4514-num-1,一个女人被男人按摩
4514-num-2,一个人将一块木头拧到墙上
4515-num-1,一个人将一块木头拧到墙上
4515-num-2,没有男人按摩女人
4516-num-1,男人正在按摩女人
4516-num-2,一个人将一块木头拧到墙上
4518-num-1,没有男人玩长笛
4518-num-2,一个男人在玩长笛
4521-num-1,一个男人在玩长笛
4521-num-2,一个男人正在弹吉他
4522-num-1,一个男人在玩长笛
4522-num-2,没有人弹吉他
4523-num-1,一个男人在弹吉他
4523-num-2,一个男人正在玩笛
4524-num-1,一个男人在弹吉他
4524-num-2,没有男人玩长笛
4525-num-1,一个男人在玩长笛
4525-num-2,一个男人在弹吉他
4527-num-1,没有人开车
4527-num-2,一个男人正在开车
4528-num-1,一个男人正在骑马
4528-num-2,一个男人正在骑动物
4529-num-1,一个男人正在骑马
4529-num-2,没有人骑马
4530-num-1,一个男人正在骑动物
4530-num-2,一个男人正在开车
4531-num-1,一个男人正在开车
4531-num-2,没有人骑马
4532-num-1,一个男人正在骑马
4532-num-2,一个男人正在开车
4533-num-1,一个男人正在骑马
4533-num-2,没有人开车
4534-num-1,一个男人正在开车
4534-num-2,一个男人正在骑马
4535-num-1,一只猫在家具下爬行
4535-num-2,动物在家具下爬行
4536-num-1,猫没有在家具下爬行
4536-num-2,一只猫在家具下爬行
4537-num-1,一只猫在沙发下滑动
4537-num-2,一只猫在沙发下倒挂
4538-num-1,沙发下没有猫滑动
4538-num-2,一只猫在沙发下倒挂
4539-num-1,一只猫在沙发下滑动
4539-num-2,一只猫在家具下爬行
4540-num-1,一只猫在家具下爬行
4540-num-2,沙发下没有猫滑动
4541-num-1,一只猫在沙发下倒挂
4541-num-2,动物在家具下爬行
4542-num-1,一只猫在沙发下倒挂
4542-num-2,猫没有在家具下爬行
4543-num-1,一只猫在家具下爬行
4543-num-2,一只猫在沙发下倒挂
4547-num-1,女人正在骑马
4547-num-2,没有女人骑马
4548-num-1,一个男人正在骑马
4548-num-2,一匹马被女人骑
4549-num-1,一个男人正在骑马
4549-num-2,没有女人骑马
4550-num-1,一匹马被一个男人骑
4550-num-2,女人正在骑马
4551-num-1,没有人骑马
4551-num-2,女人正在骑马
4552-num-1,一个男人正在骑马
4552-num-2,女人正在骑马
4553-num-1,一个人正在清空一个由塑料制成的容器
4553-num-2,一个人正在清空塑料容器
4554-num-1,一个人正在清空塑料容器
4554-num-2,一个人正在装满塑料容器
4555-num-1,一个男人在厨房的水槽上摇动一个容器
4555-num-2,一个人在厨房的水槽上摇动一个容器
4556-num-1,一个人在厨房的水槽上摇动一个容器
4556-num-2,没有人在厨房的水槽上摇动容器
4557-num-1,一个人正在清空塑料容器
4557-num-2,一个男人在厨房的水槽上摇动一个容器
4558-num-1,没有人在厨房的水槽上摇动容器
4558-num-2,一个人正在清空塑料容器
4559-num-1,一个人在厨房的水槽上摇动一个容器
4559-num-2,一个人正在清空一个由塑料制成的容器
4560-num-1,一个人在厨房的水槽上摇动一个容器
4560-num-2,一个人正在装满塑料容器
4561-num-1,一个人在厨房的水槽上摇动一个容器
4561-num-2,一个人正在清空塑料容器
4562-num-1,有些人在战斗
4562-num-2,一群人在战斗
4563-num-1,有些人在战斗
4563-num-2,没有人打架
4564-num-1,两个男人正在战斗
4564-num-2,两个人在战斗
4565-num-1,两个人没有战斗
4565-num-2,两个人在战斗
4566-num-1,两个男人正在战斗
4566-num-2,有些人在战斗
4567-num-1,两个人没有战斗
4567-num-2,有些人在战斗
4568-num-1,一群人在战斗
4568-num-2,两个人在战斗
4569-num-1,没有人打架
4569-num-2,两个人在战斗
4570-num-1,两个人在战斗
4570-num-2,有些人在战斗
4571-num-1,几个警察正在唱卡拉OK
4571-num-2,几个警察在唱歌
4572-num-1,卡拉OK没有女警唱歌
4572-num-2,几个警察正在唱卡拉OK
4573-num-1,两个女人很高兴跳舞
4573-num-2,两个女人在跳舞
4574-num-1,两个女人在跳舞
4574-num-2,两个女人没有跳舞
4575-num-1,两个女人很高兴跳舞
4575-num-2,几个警察正在唱卡拉OK
4576-num-1,几个警察正在唱卡拉OK
4576-num-2,两个女人没有跳舞
4577-num-1,几个警察在唱歌
4577-num-2,两个女人在跳舞
4578-num-1,两个女人在跳舞
4578-num-2,卡拉OK没有女警唱歌
4579-num-1,两个女人在跳舞
4579-num-2,几个警察正在唱卡拉OK
4580-num-1,一匹马被女人骑
4580-num-2,女人正在骑马
4582-num-1,女人正在骑马
4582-num-2,一个女人正在骑着动物
4584-num-1,一个女人正在骑着动物
4584-num-2,女人正在骑马
4586-num-1,女人正在骑马
4586-num-2,一匹马被女人骑
4587-num-1,女人正在骑马
4587-num-2,女人不骑马
4589-num-1,仓鼠在唱歌
4589-num-2,一只小动物在唱歌
4590-num-1,没有仓鼠唱歌
4590-num-2,仓鼠在唱歌
4591-num-1,一个人正在砍伐一些洋葱
4591-num-2,一个人正在切一些洋葱
4592-num-1,一个人正在切一些洋葱
4592-num-2,一个人没有切一些洋葱
4593-num-1,一个人正在砍伐一些洋葱
4593-num-2,仓鼠在唱歌
4594-num-1,一个人没有切一些洋葱
4594-num-2,仓鼠在唱歌
4595-num-1,一只小动物在唱歌
4595-num-2,一个人正在切一些洋葱
4596-num-1,没有仓鼠唱歌
4596-num-2,一个人正在切一些洋葱
4597-num-1,一个人正在切一些洋葱
4597-num-2,仓鼠在唱歌
4598-num-1,一个男人在弹吉他
4598-num-2,一个男人正在弹吉他
4600-num-1,一个男人在唱歌和弹吉他
4600-num-2,一个男人正在用吉他表演
4601-num-1,没有男人唱歌和弹吉他
4601-num-2,一个男人在唱歌和弹吉他
4602-num-1,一个男人正在用吉他表演
4602-num-2,一个男人在弹吉他
4603-num-1,没有男人唱歌和弹吉他
4603-num-2,一个男人在弹吉他
4604-num-1,一个男人在唱歌和弹吉他
4604-num-2,一个男人正在弹吉他
4606-num-1,一个男人在唱歌和弹吉他
4606-num-2,一个男人在弹吉他
4607-num-1,一个男人正在开车
4607-num-2,一辆汽车是由男人驾驶的
4608-num-1,一个男人正在开车
4608-num-2,没有人开车
4611-num-1,一个男人正在开车
4611-num-2,一个男人正在开车
4613-num-1,一辆汽车是由男人驾驶的
4613-num-2,一个男人正在开车
4616-num-1,一个男孩用剪刀割草
4616-num-2,一个孩子用剪刀割草
4617-num-1,没有男孩用剪刀割草
4617-num-2,一个男孩用剪刀割草
4618-num-1,男孩用剪刀割草了草
4618-num-2,男孩正在用剪刀缩短路的缘故
4619-num-1,男孩用剪刀割草了草
4619-num-2,这个男孩没有用剪刀割草
4620-num-1,男孩正在用剪刀缩短路的缘故
4620-num-2,一个男孩用剪刀割草
4621-num-1,这个男孩没有用剪刀割草
4621-num-2,一个男孩用剪刀割草
4622-num-1,男孩用剪刀割草了草
4622-num-2,一个孩子用剪刀割草
4623-num-1,男孩用剪刀割草了草
4623-num-2,没有男孩用剪刀割草
4624-num-1,男孩用剪刀割草了草
4624-num-2,一个男孩用剪刀割草
4625-num-1,一个男人正在演奏小提琴
4625-num-2,一个男人在玩小提琴
4626-num-1,一个男人在玩小提琴
4626-num-2,没有男人在玩小提琴
4627-num-1,婴儿在笑着爬行
4627-num-2,婴儿在笑和蹒跚
4628-num-1,婴儿没有笑和爬行
4628-num-2,婴儿在笑着爬行
4629-num-1,一个男人在玩小提琴
4629-num-2,婴儿在笑和蹒跚
4630-num-1,一个男人在玩小提琴
4630-num-2,婴儿没有笑和爬行
4631-num-1,婴儿在笑着爬行
4631-num-2,一个男人正在演奏小提琴
4632-num-1,没有男人在玩小提琴
4632-num-2,婴儿在笑着爬行
4633-num-1,一个男人在玩小提琴
4633-num-2,婴儿在笑着爬行
4634-num-1,一个男人在玩竖琴
4634-num-2,一个男人正在演奏竖琴
4635-num-1,没有男人在玩竖琴
4635-num-2,一个男人在玩竖琴
4636-num-1,一个男人正在演奏键盘
4636-num-2,一个男人在玩键盘
4638-num-1,一个男人正在演奏键盘
4638-num-2,一个男人在玩竖琴
4639-num-1,没有男人在玩键盘
4639-num-2,一个男人在玩竖琴
4640-num-1,一个男人正在演奏竖琴
4640-num-2,一个男人在玩键盘
4641-num-1,一个男人在玩键盘
4641-num-2,没有男人在玩竖琴
4642-num-1,一个男人在玩竖琴
4642-num-2,一个男人在玩键盘
4643-num-1,一个男人用剑切绳
4643-num-2,一个男人用剑切绳
4644-num-1,没有人用剑割绳子
4644-num-2,一个男人用剑切绳
4645-num-1,一个男人用剑剪大绳子
4645-num-2,一个人用剑切绳
4646-num-1,一个男人绑着厚的绳子
4646-num-2,一个人用剑切绳
4647-num-1,一个男人用剑剪大绳子
4647-num-2,一个男人用剑切绳
4648-num-1,一个男人用剑切绳
4648-num-2,一个男人绑着厚的绳子
4649-num-1,一个人用剑切绳
4649-num-2,一个男人用剑切绳
4650-num-1,一个人用剑切绳
4650-num-2,没有人用剑割绳子
4651-num-1,一个人用剑切绳
4651-num-2,一个男人用剑切绳
4652-num-1,一个男人正在去除洋葱的果皮
4652-num-2,一个男人剥洋葱
4653-num-1,没有人剥洋葱
4653-num-2,一个男人剥洋葱
4654-num-1,一个男人沿着一条穿越旷野的小径行走
4654-num-2,一个男人沿着野外的轨道行走
4655-num-1,没有男人沿着穿过旷野的小径行走
4655-num-2,一个男人沿着一条穿越旷野的小径行走
4656-num-1,一个男人沿着野外的轨道行走
4656-num-2,一个男人剥洋葱
4657-num-1,没有男人沿着穿过旷野的小径行走
4657-num-2,一个男人剥洋葱
4658-num-1,一个男人正在去除洋葱的果皮
4658-num-2,一个男人沿着一条穿越旷野的小径行走
4659-num-1,一个男人沿着一条穿越旷野的小径行走
4659-num-2,没有人剥洋葱
4660-num-1,一个男人剥洋葱
4660-num-2,一个男人沿着一条穿越旷野的小径行走
4661-num-1,女人正在切土豆
4661-num-2,女人正在切土豆
4662-num-1,没有女人切土豆
4662-num-2,女人正在切土豆
4663-num-1,一个女人将洋葱切成薄片
4663-num-2,女人正在切一个洋葱
4664-num-1,没有女人切洋葱
4664-num-2,女人正在切一个洋葱
4665-num-1,女人正在切土豆
4665-num-2,一个女人将洋葱切成薄片
4666-num-1,女人正在切土豆
4666-num-2,没有女人切洋葱
4667-num-1,女人正在切一个洋葱
4667-num-2,女人正在切土豆
4668-num-1,女人正在切一个洋葱
4668-num-2,没有女人切土豆
4669-num-1,女人正在切一个洋葱
4669-num-2,女人正在切土豆
4670-num-1,一个人在一块木头上雕刻一个洞
4670-num-2,一个人在一块木头上钻一个洞
4671-num-1,一个人在一块木头上钻一个洞
4671-num-2,一个男人在一块木头上关闭一个洞
4672-num-1,一个人在一块木头上钻一个洞
4672-num-2,一个人正在用一块木头钻一个洞
4673-num-1,有人在用电钻在一条木头上钻一个孔
4673-num-2,有人在用钻头在一条木头上打孔
4674-num-1,没有人在用电钻在一条木头上钻一个洞
4674-num-2,有人在用电钻在一条木头上钻一个孔
4675-num-1,一个人在一块木头上钻一个洞
4675-num-2,有人在用钻头在一条木头上打孔
4676-num-1,没有人在用电钻在一条木头上钻一个洞
4676-num-2,一个人在一块木头上钻一个洞
4677-num-1,一个人在一块木头上雕刻一个洞
4677-num-2,有人在用电钻在一条木头上钻一个孔
4678-num-1,有人在用电钻在一条木头上钻一个孔
4678-num-2,一个男人在一块木头上关闭一个洞
4679-num-1,一个人正在用一块木头钻一个洞
4679-num-2,有人在用电钻在一条木头上钻一个孔
4680-num-1,有人在用电钻在一条木头上钻一个孔
4680-num-2,一个人在一块木头上钻一个洞
4682-num-1,女人没有切成洋葱
4682-num-2,女人正在切一个洋葱
4683-num-1,女人正在切大蒜
4683-num-2,一个女人正在切大蒜
4684-num-1,女人正在切大蒜
4684-num-2,女人不是在切大蒜
4685-num-1,一个女人正在切大蒜
4685-num-2,女人正在切一个洋葱
4686-num-1,女人不是在切大蒜
4686-num-2,女人正在切一个洋葱
4687-num-1,女人正在切大蒜
4687-num-2,女人正在割洋葱
4688-num-1,女人正在切大蒜
4688-num-2,女人没有切成洋葱
4689-num-1,女人正在切一个洋葱
4689-num-2,女人正在切大蒜
4690-num-1,一个男人一只手握住一只小动物
4690-num-2,一个人一只手抱着一个小动物
4691-num-1,一个男人一只手握住一只小动物
4691-num-2,一个男人一只手握着大动物
4692-num-1,一个男人正在炫耀一只小猴子
4692-num-2,一个男人正在展示一只小猴子
4693-num-1,一个男人正在藏一只小猴子
4693-num-2,一个男人正在炫耀一只小猴子
4694-num-1,一个男人一只手握住一只小动物
4694-num-2,一个男人正在展示一只小猴子
4695-num-1,一个男人一只手握住一只小动物
4695-num-2,一个男人正在藏一只小猴子
4696-num-1,一个男人正在炫耀一只小猴子
4696-num-2,一个人一只手抱着一个小动物
4697-num-1,一个男人正在炫耀一只小猴子
4697-num-2,一个男人一只手握着大动物
4698-num-1,一个男人一只手握住一只小动物
4698-num-2,一个男人正在炫耀一只小猴子
4699-num-1,一群男孩在海边踢足球
4699-num-2,一群男孩在海滩上踢足球
4700-num-1,一群男孩不是在海滩上踢足球
4700-num-2,一群男孩在海滩上踢足球
4701-num-1,一群男人在海滩上踢足球
4701-num-2,一群男人在海滩上玩球
4702-num-1,一群女人在海滩上玩球
4702-num-2,一群男人在海滩上踢足球
4703-num-1,一群男孩在海滩上踢足球
4703-num-2,一群男人在海滩上玩球
4704-num-1,一群女人在海滩上玩球
4704-num-2,一群男孩在海滩上踢足球
4705-num-1,一群男人在海滩上踢足球
4705-num-2,一群男孩在海边踢足球
4706-num-1,一群男人在海滩上踢足球
4706-num-2,一群男孩不是在海滩上踢足球
4707-num-1,一群男人在海滩上踢足球
4707-num-2,一群男孩在海滩上踢足球
4708-num-1,一个人正在将黄油切成搅拌碗中
4708-num-2,一个男人正在将黄油添加到一个搅拌碗中
4709-num-1,一个人正在将黄油切成搅拌碗中
4709-num-2,没有人将黄油切成搅拌碗
4710-num-1,一些黄油正在添加到立式搅拌机中
4710-num-2,黄油正在添加到立式搅拌机中
4711-num-1,没有黄油添加到立式搅拌机中
4711-num-2,黄油正在添加到立式搅拌机中
4712-num-1,一些黄油正在添加到立式搅拌机中
4712-num-2,一个人正在将黄油切成搅拌碗中
4713-num-1,一个人正在将黄油切成搅拌碗中
4713-num-2,没有黄油添加到立式搅拌机中
4714-num-1,一个男人正在将黄油添加到一个搅拌碗中
4714-num-2,黄油正在添加到立式搅拌机中
4715-num-1,黄油正在添加到立式搅拌机中
4715-num-2,没有人将黄油切成搅拌碗
4716-num-1,一个人正在将黄油切成搅拌碗中
4716-num-2,黄油正在添加到立式搅拌机中
4717-num-1,猴子正在踢一个人
4717-num-2,一个人被猴子踢了
4718-num-1,没有猴子踢人
4718-num-2,猴子正在踢一个人
4719-num-1,一个人踢猴子
4719-num-2,猴子正在踢一个人
4720-num-1,猴子正在练习武术
4720-num-2,黑猩猩正在练习武术
4721-num-1,猴子正在练习武术
4721-num-2,没有猴子从事武术
4722-num-1,黑猩猩正在练习武术
4722-num-2,猴子正在踢一个人
4723-num-1,没有猴子从事武术
4723-num-2,猴子正在踢一个人
4724-num-1,一个人被猴子踢了
4724-num-2,猴子正在练习武术
4725-num-1,猴子正在练习武术
4725-num-2,没有猴子踢人
4726-num-1,猴子正在练习武术
4726-num-2,一个人踢猴子
4727-num-1,猴子正在踢一个人
4727-num-2,猴子正在练习武术
4728-num-1,一个男人正在将消音器固定在枪支上
4728-num-2,一个男人正在将消音器应用于枪支
4729-num-1,没有人把消音器固定在枪支上
4729-num-2,一个男人正在将消音器固定在枪支上
4730-num-1,一个男人将消音器安装到手枪上
4730-num-2,一个人将消音器适合武器
4731-num-1,一个男人将消音器安装到手枪上
4731-num-2,没有人将消音器安装到手枪上
4732-num-1,一个男人正在将消音器固定在枪支上
4732-num-2,一个人将消音器适合武器
4733-num-1,没有人将消音器安装到手枪上
4733-num-2,一个男人正在将消音器固定在枪支上
4734-num-1,一个男人将消音器安装到手枪上
4734-num-2,一个男人正在将消音器应用于枪支
4735-num-1,一个男人将消音器安装到手枪上
4735-num-2,没有人把消音器固定在枪支上
4736-num-1,一个男人将消音器安装到手枪上
4736-num-2,一个男人正在将消音器固定在枪支上
4737-num-1,骑摩托车的男人骑在一个轮子上
4737-num-2,骑摩托车的男人正在做一个技巧
4738-num-1,骑摩托车的男人没有骑在一个轮子上
4738-num-2,骑摩托车的男人骑在一个轮子上
4739-num-1,一个人在摩托车上表演杂技
4739-num-2,一个人正在摩托车上表演技巧
4740-num-1,一个人正在摩托车上表演技巧
4740-num-2,一个人没有在摩托车上执行技巧
4741-num-1,一个人正在摩托车上表演技巧
4741-num-2,表演者正在欺骗摩托车的人
4742-num-1,骑摩托车的男人骑在一个轮子上
4742-num-2,一个人在摩托车上表演杂技
4743-num-1,一个人没有在摩托车上执行技巧
4743-num-2,骑摩托车的男人骑在一个轮子上
4744-num-1,骑摩托车的男人骑在一个轮子上
4744-num-2,表演者正在欺骗摩托车的人
4745-num-1,骑摩托车的男人正在做一个技巧
4745-num-2,一个人正在摩托车上表演技巧
4746-num-1,一个人正在摩托车上表演技巧
4746-num-2,骑摩托车的男人没有骑在一个轮子上
4747-num-1,骑摩托车的男人骑在一个轮子上
4747-num-2,一个人正在摩托车上表演技巧
4748-num-1,一个小女孩在海滩上玩小提琴
4748-num-2,小提琴是由一个小女孩在海滩上演奏的
4749-num-1,一个小女孩在海滩上玩小提琴
4749-num-2,没有女孩在海滩上玩小提琴
4750-num-1,女孩坐在沙发上，正在钩编
4750-num-2,女孩坐在沙发上，钩针编织
4751-num-1,这个女孩站在沙发上，钩针编织
4751-num-2,女孩坐在沙发上，正在钩编
4752-num-1,一个小女孩在海滩上玩小提琴
4752-num-2,女孩坐在沙发上，钩针编织
4753-num-1,一个小女孩在海滩上玩小提琴
4753-num-2,这个女孩站在沙发上，钩针编织
4754-num-1,小提琴是由一个小女孩在海滩上演奏的
4754-num-2,女孩坐在沙发上，正在钩编
4755-num-1,女孩坐在沙发上，正在钩编
4755-num-2,没有女孩在海滩上玩小提琴
4756-num-1,一个小女孩在海滩上玩小提琴
4756-num-2,女孩坐在沙发上，正在钩编
4757-num-1,一个男人在雨中跳舞
4757-num-2,一个人在雨中跳舞
4758-num-1,一个男人坐在雨中
4758-num-2,一个男人在雨中跳舞
4759-num-1,一个男人正在唱歌成一个旧麦克风
4759-num-2,一个男人正在唱歌麦克风
4760-num-1,女人正在唱歌麦克风
4760-num-2,一个男人正在唱歌麦克风
4761-num-1,一个男人在雨中跳舞
4761-num-2,一个男人正在唱歌成一个旧麦克风
4762-num-1,一个男人在雨中跳舞
4762-num-2,女人正在唱歌麦克风
4763-num-1,一个人在雨中跳舞
4763-num-2,一个男人正在唱歌麦克风
4764-num-1,一个男人正在唱歌麦克风
4764-num-2,一个男人坐在雨中
4765-num-1,一个男人正在唱歌麦克风
4765-num-2,一个男人在雨中跳舞
4766-num-1,一个男人正在煮蛇
4766-num-2,一个男人正在烤蛇
4767-num-1,一个男人正在煮蛇
4767-num-2,没有男人在煮蛇
4768-num-1,该男子正在将黄瓜切成冷水
4768-num-2,该男子正在将黄瓜掉入水中
4769-num-1,该男子正在从水中取出切成薄片的黄瓜
4769-num-2,该男子正在将黄瓜掉入水中
4770-num-1,一个男人正在煮蛇
4770-num-2,该男子正在将黄瓜切成冷水
4771-num-1,该男子正在从水中取出切成薄片的黄瓜
4771-num-2,一个男人正在煮蛇
4772-num-1,一个男人正在烤蛇
4772-num-2,该男子正在将黄瓜掉入水中
4773-num-1,该男子正在将黄瓜掉入水中
4773-num-2,没有男人在煮蛇
4774-num-1,一个男人正在煮蛇
4774-num-2,该男子正在将黄瓜掉入水中
4775-num-1,一个男孩正在弹吉他
4775-num-2,一个男孩正在弹吉他
4776-num-1,没有男孩弹吉他
4776-num-2,一个男孩正在弹吉他
4777-num-1,一个小男孩正在弹吉他
4777-num-2,一个小男孩正在弹吉他
4778-num-1,一个小女孩在弹吉他
4778-num-2,一个小男孩正在弹吉他
4779-num-1,一个小男孩正在弹吉他
4779-num-2,一个男孩正在弹吉他
4780-num-1,一个男孩正在弹吉他
4780-num-2,一个小女孩在弹吉他
4781-num-1,一个小男孩正在弹吉他
4781-num-2,一个男孩正在弹吉他
4782-num-1,一个小男孩正在弹吉他
4782-num-2,没有男孩弹吉他
4783-num-1,一个小男孩正在弹吉他
4783-num-2,一个男孩正在弹吉他
4784-num-1,一个女人正在打开和喝苏打水
4784-num-2,一个女人打开苏打水并喝
4785-num-1,一个女人打开苏打水并喝
4785-num-2,一个男人正在打开苏打水并喝
4786-num-1,一个女人骑在大象上
4786-num-2,一头大象被一个女人骑
4787-num-1,没有女人骑在大象上
4787-num-2,一个女人骑在大象上
4788-num-1,一头大象被一个女人骑
4788-num-2,一个女人打开苏打水并喝
4789-num-1,没有女人骑在大象上
4789-num-2,一个女人打开苏打水并喝
4790-num-1,一个女人骑在大象上
4790-num-2,一个女人正在打开和喝苏打水
4791-num-1,一个女人骑在大象上
4791-num-2,一个男人正在打开苏打水并喝
4792-num-1,一个女人打开苏打水并喝
4792-num-2,一个女人骑在大象上
4793-num-1,一个男孩正在弹吉他
4793-num-2,一个男孩在弹乐器
4794-num-1,一个男孩正在弹吉他
4794-num-2,男孩不是弹吉他
4795-num-1,一个孩子正在弹吉他
4795-num-2,一个孩子正在弹吉他
4796-num-1,没有孩子弹吉他
4796-num-2,一个孩子正在弹吉他
4797-num-1,一个男孩正在弹吉他
4797-num-2,一个孩子正在弹吉他
4798-num-1,没有孩子弹吉他
4798-num-2,一个男孩正在弹吉他
4799-num-1,一个男孩在弹乐器
4799-num-2,一个孩子正在弹吉他
4800-num-1,男孩不是弹吉他
4800-num-2,一个孩子正在弹吉他
4801-num-1,一个男孩正在弹吉他
4801-num-2,一个孩子正在弹吉他
4802-num-1,一只猴子在动物园里戏弄狗
4802-num-2,一只狗在动物园里被猴子取笑
4803-num-1,在动物园里没有猴子戏弄狗
4803-num-2,一只猴子在动物园里戏弄狗
4804-num-1,狗在动物园戏弄猴子
4804-num-2,一只猴子在动物园里戏弄狗
4805-num-1,狗的尾巴被猴子拉
4805-num-2,猴子拉着狗的尾巴
4806-num-1,没有猴子拉狗的尾巴
4806-num-2,猴子拉着狗的尾巴
4807-num-1,猴子拉着狗的尾巴
4807-num-2,狗正在拉猴的尾巴
4808-num-1,一只猴子在动物园里戏弄狗
4808-num-2,狗的尾巴被猴子拉
4809-num-1,没有猴子拉狗的尾巴
4809-num-2,一只猴子在动物园里戏弄狗
4810-num-1,狗正在拉猴的尾巴
4810-num-2,一只猴子在动物园里戏弄狗
4811-num-1,一只狗在动物园里被猴子取笑
4811-num-2,猴子拉着狗的尾巴
4812-num-1,在动物园里没有猴子戏弄狗
4812-num-2,猴子拉着狗的尾巴
4813-num-1,狗在动物园戏弄猴子
4813-num-2,猴子拉着狗的尾巴
4814-num-1,猴子拉着狗的尾巴
4814-num-2,一只猴子在动物园里戏弄狗
4815-num-1,一个人正在切一些生姜
4815-num-2,一个人正在切一些生姜
4816-num-1,没有人切一些生姜
4816-num-2,一个人正在切一些生姜
4817-num-1,一个人正在切一个洋葱
4817-num-2,一个人将洋葱切成薄片
4818-num-1,没有人切洋葱
4818-num-2,一个人正在切一个洋葱
4819-num-1,一个人正在切一些生姜
4819-num-2,一个人将洋葱切成薄片
4820-num-1,一个人正在切一些生姜
4820-num-2,没有人切洋葱
4821-num-1,一个人正在切一个洋葱
4821-num-2,一个人正在切一些生姜
4822-num-1,没有人切一些生姜
4822-num-2,一个人正在切一个洋葱
4823-num-1,一个人正在切一些生姜
4823-num-2,一个人正在切一个洋葱
4825-num-1,一个人没有切土豆
4825-num-2,一个男人正在切土豆
4826-num-1,一个人将土豆切成碎片
4826-num-2,一个男人正在将土豆切成碎片
4827-num-1,一个人将土豆切成碎片
4827-num-2,没有人将土豆切成碎片
4828-num-1,一个男人正在将土豆切成碎片
4828-num-2,一个男人正在切土豆
4829-num-1,一个男人正在切土豆
4829-num-2,没有人将土豆切成碎片
4830-num-1,一个男人正在切土豆
4830-num-2,一个人将土豆切成碎片
4831-num-1,一个人将土豆切成碎片
4831-num-2,一个人没有切土豆
4832-num-1,一个人将土豆切成碎片
4832-num-2,一个男人正在切土豆
4833-num-1,一个女孩正在提指甲
4833-num-2,一个女孩在做修指甲
4834-num-1,没有女孩提指甲
4834-num-2,一个女孩正在提指甲
4835-num-1,一个女孩正在造型她的头发
4835-num-2,一个女孩在梳头
4836-num-1,一个女孩正在造型她的头发
4836-num-2,一个女孩正在弄乱她的头发
4837-num-1,一个女孩正在提指甲
4837-num-2,一个女孩在梳头
4838-num-1,一个女孩正在弄乱她的头发
4838-num-2,一个女孩正在提指甲
4839-num-1,一个女孩在做修指甲
4839-num-2,一个女孩正在造型她的头发
4840-num-1,没有女孩提指甲
4840-num-2,一个女孩正在造型她的头发
4841-num-1,一个女孩正在提指甲
4841-num-2,一个女孩正在造型她的头发
4842-num-1,一个男人用刀打开盒子
4842-num-2,一个男人正在用刀打开盒子
4843-num-1,一个男人用刀打开盒子
4843-num-2,没有人用刀打开盒子
4846-num-1,一个男人正在弹吉他
4846-num-2,一个男人用刀打开盒子
4847-num-1,一个男人用刀打开盒子
4847-num-2,没有人弹吉他
4848-num-1,一个男人正在用刀打开盒子
4848-num-2,一个男人在弹吉他
4849-num-1,没有人用刀打开盒子
4849-num-2,一个男人在弹吉他
4850-num-1,一个男人在弹吉他
4850-num-2,一个男人用刀打开盒子
4851-num-1,乐队正在演奏一些乐器
4851-num-2,乐队正在演奏一些乐器
4852-num-1,乐队没有演奏一些乐器
4852-num-2,乐队正在演奏一些乐器
4853-num-1,一个男人在玩电子键盘
4853-num-2,一个男人正在演奏电子键盘
4854-num-1,一个男人在玩电子键盘
4854-num-2,没有人在玩电子键盘
4855-num-1,乐队正在演奏一些乐器
4855-num-2,一个男人正在演奏电子键盘
4856-num-1,乐队正在演奏一些乐器
4856-num-2,没有人在玩电子键盘
4857-num-1,乐队正在演奏一些乐器
4857-num-2,一个男人在玩电子键盘
4858-num-1,乐队没有演奏一些乐器
4858-num-2,一个男人在玩电子键盘
4859-num-1,乐队正在演奏一些乐器
4859-num-2,一个男人在玩电子键盘
4861-num-1,一个男人没有跳舞
4861-num-2,一个男人在跳舞
4862-num-1,女人正在锻炼
4862-num-2,一个人正在锻炼
4863-num-1,女人正在锻炼
4863-num-2,没有女人在运动
4864-num-1,一个人正在锻炼
4864-num-2,一个男人在跳舞
4865-num-1,一个男人在跳舞
4865-num-2,没有女人在运动
4866-num-1,一个人在跳舞
4866-num-2,女人正在锻炼
4867-num-1,女人正在锻炼
4867-num-2,一个男人没有跳舞
4868-num-1,女人正在锻炼
4868-num-2,一个男人在跳舞
4869-num-1,女人正在切土豆
4869-num-2,女人正在切土豆
4870-num-1,女人正在切土豆
4870-num-2,没有女人切土豆
4871-num-1,胡萝卜被一个女人切成薄片
4871-num-2,女人正在切胡萝卜
4872-num-1,女人不是切胡萝卜
4872-num-2,女人正在切胡萝卜
4873-num-1,胡萝卜被一个女人切成薄片
4873-num-2,女人正在切土豆
4874-num-1,女人不是切胡萝卜
4874-num-2,女人正在切土豆
4875-num-1,女人正在切土豆
4875-num-2,女人正在切胡萝卜
4876-num-1,女人正在切胡萝卜
4876-num-2,没有女人切土豆
4877-num-1,女人正在切土豆
4877-num-2,女人正在切胡萝卜
4878-num-1,一个人正在锅中混合蔬菜
4878-num-2,蔬菜被男人混合在锅中
4879-num-1,没有人在锅中混合蔬菜
4879-num-2,一个人正在锅中混合蔬菜
4880-num-1,一个人在锅中搅拌蔬菜
4880-num-2,一个人在碗里搅拌蔬菜
4881-num-1,一个人没有在锅中搅拌蔬菜
4881-num-2,一个人在锅中搅拌蔬菜
4882-num-1,一个人在碗里搅拌蔬菜
4882-num-2,一个人正在锅中混合蔬菜
4883-num-1,一个人没有在锅中搅拌蔬菜
4883-num-2,一个人正在锅中混合蔬菜
4884-num-1,蔬菜被男人混合在锅中
4884-num-2,一个人在锅中搅拌蔬菜
4885-num-1,一个人在锅中搅拌蔬菜
4885-num-2,没有人在锅中混合蔬菜
4886-num-1,一个人正在锅中混合蔬菜
4886-num-2,一个人在锅中搅拌蔬菜
4887-num-1,一个男人正在上拉
4887-num-2,一个男人正在做练习
4888-num-1,一个男人正在上拉
4888-num-2,没有男人在上拉
4889-num-1,这个男人正在健身房做锻炼
4889-num-2,这个男人正在锻炼
4890-num-1,这个男人没有锻炼
4890-num-2,这个男人正在锻炼
4891-num-1,一个男人正在上拉
4891-num-2,这个男人正在健身房做锻炼
4892-num-1,这个男人没有锻炼
4892-num-2,一个男人正在上拉
4893-num-1,这个男人正在锻炼
4893-num-2,一个男人正在做练习
4894-num-1,这个男人正在锻炼
4894-num-2,没有男人在上拉
4895-num-1,一个男人正在上拉
4895-num-2,这个男人正在锻炼
4896-num-1,一个女人被男人携带
4896-num-2,一个男人正在携带一个女人
4897-num-1,没有男人带一个女人
4897-num-2,一个男人正在携带一个女人
4898-num-1,一个人正在锐
4898-num-2,一个人正在锐化武器
4899-num-1,没有人尖锐的刀
4899-num-2,一个人正在锐
4900-num-1,一个人正在锐化武器
4900-num-2,一个男人正在携带一个女人
4901-num-1,没有人尖锐的刀
4901-num-2,一个男人正在携带一个女人
4902-num-1,一个女人被男人携带
4902-num-2,一个人正在锐
4903-num-1,一个人正在锐
4903-num-2,没有男人带一个女人
4904-num-1,一个人正在锐
4904-num-2,一个男人正在携带一个女人
4905-num-1,一个婴儿很高兴
4905-num-2,一个婴儿开心地爬行
4906-num-1,婴儿并没有快乐地爬行
4906-num-2,一个婴儿开心地爬行
4907-num-1,一只猫在镶木地板上行走
4907-num-2,一只猫在硬木地板上行走
4908-num-1,一只猫在硬木地板上行走
4908-num-2,硬木地板上没有猫走
4909-num-1,一个婴儿开心地爬行
4909-num-2,一只猫在镶木地板上行走
4910-num-1,硬木地板上没有猫走
4910-num-2,一个婴儿开心地爬行
4911-num-1,一只猫在硬木地板上行走
4911-num-2,一个婴儿很高兴
4912-num-1,婴儿并没有快乐地爬行
4912-num-2,一只猫在硬木地板上行走
4913-num-1,一个婴儿开心地爬行
4913-num-2,一只猫在硬木地板上行走
4914-num-1,一个男人正在弹吉他
4914-num-2,一个男人在弹吉他
4916-num-1,一个男人在唱歌和弹吉他
4916-num-2,一个男人在唱歌和演奏乐器
4917-num-1,一个男人在唱歌和弹吉他
4917-num-2,没有男人唱歌和弹吉他
4918-num-1,一个男人在唱歌和演奏乐器
4918-num-2,一个男人在弹吉他
4919-num-1,一个男人在弹吉他
4919-num-2,没有男人唱歌和弹吉他
4921-num-1,没有人弹吉他
4921-num-2,一个男人在唱歌和弹吉他
4923-num-1,一个人用刀将大蒜切成碎片
4923-num-2,一个人用刀将大蒜切成碎片
4924-num-1,一个人没有用刀将大蒜切成碎片
4924-num-2,一个人用刀将大蒜切成碎片
4925-num-1,有人将食材放入锅中
4925-num-2,有人将食材放入锅中
4926-num-1,有人将食材放入锅中
4926-num-2,有人没有将食材放入锅中
4927-num-1,有人将食材放入锅中
4927-num-2,一个人用刀将大蒜切成碎片
4928-num-1,一个人用刀将大蒜切成碎片
4928-num-2,有人没有将食材放入锅中
4929-num-1,一个人用刀将大蒜切成碎片
4929-num-2,有人将食材放入锅中
4930-num-1,一个人没有用刀将大蒜切成碎片
4930-num-2,有人将食材放入锅中
4931-num-1,一个人用刀将大蒜切成碎片
4931-num-2,有人将食材放入锅中
4932-num-1,军官正在与新兵交谈
4932-num-2,一名军官正在与士兵交谈
4933-num-1,军官正在与新兵交谈
4933-num-2,军官正在听新兵
4934-num-1,新兵正在与军官交谈
4934-num-2,军官正在与新兵交谈
4935-num-1,军官向新兵大喊
4935-num-2,军官在新兵吠叫
4936-num-1,军官在新兵吠叫
4936-num-2,军官不是在新兵吠叫
4937-num-1,军官在新兵吠叫
4937-num-2,新兵正在军官吠叫
4938-num-1,军官向新兵大喊
4938-num-2,军官正在与新兵交谈
4939-num-1,军官正在与新兵交谈
4939-num-2,军官不是在新兵吠叫
4940-num-1,军官正在与新兵交谈
4940-num-2,新兵正在军官吠叫
4941-num-1,军官在新兵吠叫
4941-num-2,一名军官正在与士兵交谈
4942-num-1,军官在新兵吠叫
4942-num-2,军官正在听新兵
4943-num-1,新兵正在与军官交谈
4943-num-2,军官在新兵吠叫
4944-num-1,军官在新兵吠叫
4944-num-2,军官正在与新兵交谈
4945-num-1,一棵树被婴儿大象吃掉
4945-num-2,一只小象在吃一棵树
4946-num-1,婴儿大象不吃一棵树
4946-num-2,一只小象在吃一棵树
4947-num-1,一个小女孩正在卖踏板车
4947-num-2,一个小女孩在兜售踏板车
4948-num-1,没有小女孩兜售踏板车
4948-num-2,一个小女孩在兜售踏板车
4949-num-1,一只小象在吃一棵树
4949-num-2,一个小女孩正在卖踏板车
4950-num-1,一只小象在吃一棵树
4950-num-2,没有小女孩兜售踏板车
4951-num-1,一个小女孩在兜售踏板车
4951-num-2,一棵树被婴儿大象吃掉
4952-num-1,婴儿大象不吃一棵树
4952-num-2,一个小女孩在兜售踏板车
4953-num-1,一个小女孩在兜售踏板车
4953-num-2,一只小象在吃一棵树
4954-num-1,一个孩子在街上行走，一辆吉普车在拉起
4954-num-2,一个孩子在街上行走，吉普车停止
4955-num-1,一个孩子在街上行走，一辆吉普车在拉起
4955-num-2,一个孩子在街上行走，吉普车没有拉起
4956-num-1,一个男人在车上拉着一个沿着街道行走的女人旁边
4956-num-2,一个男人在汽车上的男人在一个沿着道路的女人旁边拉起
4957-num-1,一个男人在汽车上的男人在一个沿着道路的女人旁边拉起
4957-num-2,车上的男人没有拉起沿着道路行走的女人旁边
4958-num-1,一个孩子在街上行走，一辆吉普车在拉起
4958-num-2,一个男人在车上拉着一个沿着街道行走的女人旁边
4959-num-1,车上的男人没有拉起沿着道路行走的女人旁边
4959-num-2,一个孩子在街上行走，一辆吉普车在拉起
4960-num-1,一个男人在汽车上的男人在一个沿着道路的女人旁边拉起
4960-num-2,一个孩子在街上行走，吉普车停止
4961-num-1,一个孩子在街上行走，吉普车没有拉起
4961-num-2,一个男人在汽车上的男人在一个沿着道路的女人旁边拉起
4962-num-1,一个孩子在街上行走，一辆吉普车在拉起
4962-num-2,一个男人在汽车上的男人在一个沿着道路的女人旁边拉起
4963-num-1,大蒜被一个女人切碎
4963-num-2,一个女人正在切碎大蒜
4964-num-1,女人没有切碎大蒜
4964-num-2,一个女人正在切碎大蒜
4965-num-1,女人正在割鱼
4965-num-2,女人正在切一条鱼
4966-num-1,女人正在切一条鱼
4966-num-2,没有女人切鱼
4967-num-1,女人正在割鱼
4967-num-2,一个女人正在切碎大蒜
4968-num-1,一个女人正在切碎大蒜
4968-num-2,没有女人切鱼
4969-num-1,女人正在切一条鱼
4969-num-2,大蒜被一个女人切碎
4970-num-1,女人正在切一条鱼
4970-num-2,女人没有切碎大蒜
4971-num-1,女人正在切一条鱼
4971-num-2,一个女人正在切碎大蒜
4972-num-1,洋葱被切碎
4972-num-2,洋葱被切成薄片
4973-num-1,洋葱被切成薄片
4973-num-2,洋葱没有切成薄片
4974-num-1,有人拿着刺猬
4974-num-2,有人抱着一只小动物
4975-num-1,Nobody is holding a hedgehog
4975-num-2,有人拿着刺猬
4976-num-1,洋葱被切成薄片
4976-num-2,有人抱着一只小动物
4977-num-1,Nobody is holding a hedgehog
4977-num-2,洋葱被切成薄片
4978-num-1,洋葱被切碎
4978-num-2,有人拿着刺猬
4979-num-1,洋葱没有切成薄片
4979-num-2,有人拿着刺猬
4980-num-1,洋葱被切成薄片
4980-num-2,有人拿着刺猬
4981-num-1,女人正在炸一些东西
4981-num-2,一个女人正在炸一些东西
4982-num-1,没有女人油炸的东西
4982-num-2,一个女人正在炸一些东西
4984-num-1,一个女人正在摔下马
4984-num-2,女人正在骑马
4985-num-1,一个女人正在炸一些东西
4985-num-2,一匹马被女人骑
4986-num-1,一个女人正在摔下马
4986-num-2,一个女人正在炸一些东西
4987-num-1,女人正在骑马
4987-num-2,女人正在炸一些东西
4988-num-1,没有女人油炸的东西
4988-num-2,女人正在骑马
4989-num-1,女人正在骑马
4989-num-2,一个女人正在炸一些东西
4990-num-1,一个男人正在阅读电子邮件
4990-num-2,一个男人正在阅读电子邮件
4991-num-1,一个男人正在阅读电子邮件
4991-num-2,没有人在阅读电子邮件
4992-num-1,一个人正在剥香蕉
4992-num-2,一个人被一个人剥离
4993-num-1,一个人正在剥香蕉
4993-num-2,一个人不剥香蕉
4994-num-1,一个人被一个人剥离
4994-num-2,一个男人正在阅读电子邮件
4995-num-1,一个人不剥香蕉
4995-num-2,一个男人正在阅读电子邮件
4996-num-1,一个男人正在阅读电子邮件
4996-num-2,一个人正在剥香蕉
4997-num-1,一个人正在剥香蕉
4997-num-2,没有人在阅读电子邮件
4998-num-1,一个男人正在阅读电子邮件
4998-num-2,一个人正在剥香蕉
4999-num-1,一只大猫正在打开一个用爪子制成的抽屉，然后跳入里面
4999-num-2,一只大猫正在打开一个带有爪子的塑料抽屉，然后跳入里面
5000-num-1,一只大猫正在打开一个带有爪子的塑料抽屉，然后跳入里面
5000-num-2,一只小猫打开一个带有爪子的塑料抽屉，跳入里面
5001-num-1,一只猫正在打开一个抽屉，跳进去
5001-num-2,一只猫正在打开一个抽屉，爬在里面
5002-num-1,一只狗正在打开一个抽屉，爬在里面
5002-num-2,一只猫正在打开一个抽屉，爬在里面
5003-num-1,一只大猫正在打开一个带有爪子的塑料抽屉，然后跳入里面
5003-num-2,一只猫正在打开一个抽屉，跳进去
5004-num-1,一只狗正在打开一个抽屉，爬在里面
5004-num-2,一只大猫正在打开一个带有爪子的塑料抽屉，然后跳入里面
5005-num-1,一只大猫正在打开一个用爪子制成的抽屉，然后跳入里面
5005-num-2,一只猫正在打开一个抽屉，爬在里面
5006-num-1,一只小猫打开一个带有爪子的塑料抽屉，跳入里面
5006-num-2,一只猫正在打开一个抽屉，爬在里面
5007-num-1,一只大猫正在打开一个带有爪子的塑料抽屉，然后跳入里面
5007-num-2,一只猫正在打开一个抽屉，爬在里面
5008-num-1,一个男人正在切洋葱
5008-num-2,一个男人正在切碎洋葱
5009-num-1,没有人割洋葱
5009-num-2,一个男人正在切洋葱
5011-num-1,女人正在切一个洋葱
5011-num-2,没有女人切洋葱
5012-num-1,一个男人正在切洋葱
5012-num-2,一个女人将洋葱切成薄片
5013-num-1,一个男人正在切洋葱
5013-num-2,没有女人切洋葱
5014-num-1,一个男人正在切碎洋葱
5014-num-2,女人正在切一个洋葱
5015-num-1,没有人割洋葱
5015-num-2,女人正在切一个洋葱
5016-num-1,女人正在切一个洋葱
5016-num-2,一个男人正在切洋葱
5017-num-1,女人正在画一个男人的脸
5017-num-2,男人的脸被一个女人画
5018-num-1,女人正在画一个男人的脸
5018-num-2,女人正在清洁男人的脸
5019-num-1,女人正在画一个男人的脸
5019-num-2,男人正在画一个女人的脸
5020-num-1,女人正在化妆。
5020-num-2,女人正在化妆男人
5021-num-1,女人没有化妆
5021-num-2,女人正在化妆男人
5022-num-1,女人正在画一个男人的脸
5022-num-2,女人正在化妆。
5023-num-1,女人没有化妆
5023-num-2,女人正在画一个男人的脸
5024-num-1,女人正在化妆男人
5024-num-2,男人的脸被一个女人画
5025-num-1,女人正在清洁男人的脸
5025-num-2,女人正在化妆男人
5026-num-1,男人正在画一个女人的脸
5026-num-2,女人正在化妆男人
5027-num-1,女人正在化妆男人
5027-num-2,女人正在画一个男人的脸
5028-num-1,这个男人在电话上说话
5028-num-2,这个男人在电话中说话
5029-num-1,这个男人不是在电话中说话
5029-num-2,这个男人在电话中说话
5030-num-1,这个男人在电话中说话
5030-num-2,这个男人在电话上说话
5031-num-1,这个男人在电话中说话
5031-num-2,这个男人不是在电话中说话
5032-num-1,这个男人在谈论电话
5032-num-2,这个男人在电话中说话
5033-num-1,这个男人在电话中说话
5033-num-2,这个男人在电话上说话
5034-num-1,这个男人在电话中说话
5034-num-2,这个男人不是在电话中说话
5035-num-1,这个男人在谈论电话
5035-num-2,这个男人在电话中说话
5036-num-1,这个男人在电话中说话
5036-num-2,这个男人在电话上说话
5037-num-1,这个男人不是在电话中说话
5037-num-2,这个男人在电话中说话
5038-num-1,这个男人在电话中说话
5038-num-2,这个男人在电话中说话
5039-num-1,一个人在切洋葱
5039-num-2,一个人正在切洋葱
5040-num-1,没有人切洋葱
5040-num-2,一个人正在切洋葱
5041-num-1,女人正在割洋葱
5041-num-2,一个女人正在砍洋葱
5042-num-1,女人正在割洋葱
5042-num-2,没有女人割洋葱
5043-num-1,一个人正在切洋葱
5043-num-2,一个女人正在砍洋葱
5044-num-1,没有女人割洋葱
5044-num-2,一个人正在切洋葱
5045-num-1,女人正在割洋葱
5045-num-2,一个人在切洋葱
5046-num-1,没有人切洋葱
5046-num-2,女人正在割洋葱
5047-num-1,一个人正在切洋葱
5047-num-2,女人正在割洋葱
5048-num-1,一个男人正在切洋葱
5048-num-2,一个男人割了洋葱
5049-num-1,一个男人不割洋葱
5049-num-2,一个男人正在切洋葱
5050-num-1,一个男人打开门
5050-num-2,一个男人正在开门
5051-num-1,一个男人正在开门
5051-num-2,没有人打开门
5052-num-1,一个男人打开门
5052-num-2,一个男人正在切洋葱
5053-num-1,一个男人正在切洋葱
5053-num-2,没有人打开门
5054-num-1,一个男人割了洋葱
5054-num-2,一个男人正在开门
5055-num-1,一个男人不割洋葱
5055-num-2,一个男人正在开门
5056-num-1,一个男人正在开门
5056-num-2,一个男人正在切洋葱
5057-num-1,一个男人正在切土豆
5057-num-2,一个男人正在切土豆
5058-num-1,没有人切土豆
5058-num-2,一个男人正在切土豆
5059-num-1,一个男人正在切碎土豆
5059-num-2,一个男人正在切土豆
5060-num-1,一个男人正在切土豆
5060-num-2,没有人切土豆
5061-num-1,一个男人正在切碎土豆
5061-num-2,一个男人正在切土豆
5062-num-1,没有人切土豆
5062-num-2,一个男人正在切土豆
5063-num-1,一个男人正在切土豆
5063-num-2,一个男人正在切土豆
5064-num-1,一个男人正在切土豆
5064-num-2,没有人切土豆
5065-num-1,一个男人正在切土豆
5065-num-2,一个男人正在切土豆
5066-num-1,一个男人在弹吉他
5066-num-2,吉他是由男人弹的
5067-num-1,一个男人在弹吉他
5067-num-2,男人没有弹吉他
5068-num-1,一个女人在锅中油炸
5068-num-2,一个女人在锅里做东西
5069-num-1,一个女人在锅中油炸
5069-num-2,没有女人在锅中油炸
5070-num-1,一个男人在弹吉他
5070-num-2,一个女人在锅里做东西
5071-num-1,没有女人在锅中油炸
5071-num-2,一个男人在弹吉他
5072-num-1,一个女人在锅中油炸
5072-num-2,吉他是由男人弹的
5073-num-1,一个女人在锅中油炸
5073-num-2,男人没有弹吉他
5074-num-1,一个男人在弹吉他
5074-num-2,一个女人在锅中油炸
5075-num-1,一个男人正在弹钢琴
5075-num-2,钢琴是由男人弹的
5076-num-1,一个男人正在弹钢琴
5076-num-2,没有人弹钢琴
5077-num-1,一个女人在玩小提琴
5077-num-2,小提琴是由女人弹的
5078-num-1,一个女人在玩小提琴
5078-num-2,没有女人在玩小提琴
5079-num-1,小提琴是由女人弹的
5079-num-2,一个男人正在弹钢琴
5080-num-1,一个男人正在弹钢琴
5080-num-2,没有女人在玩小提琴
5081-num-1,钢琴是由男人弹的
5081-num-2,一个女人在玩小提琴
5082-num-1,一个女人在玩小提琴
5082-num-2,没有人弹钢琴
5083-num-1,一个男人正在弹钢琴
5083-num-2,一个女人在玩小提琴
5084-num-1,一个男人在河里钓鱼
5084-num-2,一个男人在溪流中钓鱼
5085-num-1,一个男人在河里钓鱼
5085-num-2,河里没有人钓鱼
5086-num-1,一个男人正在唱歌，走在路上
5086-num-2,一个男人在唱歌，走在人行道上
5087-num-1,一个男人唱歌，站在人行道上
5087-num-2,一个男人在唱歌，走在人行道上
5088-num-1,一个男人正在唱歌，走在路上
5088-num-2,一个男人在河里钓鱼
5089-num-1,一个男人唱歌，站在人行道上
5089-num-2,一个男人在河里钓鱼
5090-num-1,一个男人在唱歌，走在人行道上
5090-num-2,一个男人在溪流中钓鱼
5091-num-1,河里没有人钓鱼
5091-num-2,一个男人在唱歌，走在人行道上
5092-num-1,一个男人在河里钓鱼
5092-num-2,一个男人在唱歌，走在人行道上
5093-num-1,一个男人正在装有子弹的步枪
5093-num-2,一个男人正在用子弹装载武器
5094-num-1,一个男人正在装有子弹的步枪
5094-num-2,没有人装有子弹
5095-num-1,一个女人正在调味火腿
5095-num-2,一个女人正在调味一块肉
5096-num-1,女人正在吃一块肉
5096-num-2,一个女人正在调味一块肉
5097-num-1,一个男人正在装有子弹的步枪
5097-num-2,一个女人正在调味火腿
5098-num-1,女人正在吃一块肉
5098-num-2,一个男人正在装有子弹的步枪
5099-num-1,一个男人正在用子弹装载武器
5099-num-2,一个女人正在调味一块肉
5100-num-1,没有人装有子弹
5100-num-2,一个女人正在调味一块肉
5101-num-1,一个男人正在装有子弹的步枪
5101-num-2,一个女人正在调味一块肉
5102-num-1,厨师正在准备一些食物
5102-num-2,厨师正在准备一些食物
5103-num-1,厨师正在准备一些食物
5103-num-2,厨师正在丢弃一些食物
5104-num-1,厨师正在准备一顿饭
5104-num-2,厨师正在做饭
5105-num-1,厨师正在准备一顿饭
5105-num-2,没有厨师准备一顿饭
5106-num-1,厨师正在做饭
5106-num-2,厨师正在准备一些食物
5107-num-1,没有厨师准备一顿饭
5107-num-2,厨师正在准备一些食物
5108-num-1,厨师正在准备一顿饭
5108-num-2,厨师正在准备一些食物
5109-num-1,厨师正在丢弃一些食物
5109-num-2,厨师正在准备一顿饭
5110-num-1,厨师正在准备一些食物
5110-num-2,厨师正在准备一顿饭
5111-num-1,一个人正在水中骑水玩具
5111-num-2,一个男人在水中玩水玩具
5112-num-1,一个人正在水中骑水玩具
5112-num-2,没有人在水中骑水玩具
5113-num-1,两个相扑铃声正在战斗
5113-num-2,两名相扑摔跤手正在战斗
5114-num-1,两个相扑铃声没有战斗
5114-num-2,两个相扑铃声正在战斗
5115-num-1,两名相扑摔跤手正在战斗
5115-num-2,一个人正在水中骑水玩具
5116-num-1,一个人正在水中骑水玩具
5116-num-2,两个相扑铃声没有战斗
5117-num-1,两个相扑铃声正在战斗
5117-num-2,一个男人在水中玩水玩具
5118-num-1,两个相扑铃声正在战斗
5118-num-2,没有人在水中骑水玩具
5119-num-1,两个相扑铃声正在战斗
5119-num-2,一个人正在水中骑水玩具
5120-num-1,一个人在弹钢琴
5120-num-2,一个人正在弹钢琴
5121-num-1,没有人弹钢琴
5121-num-2,一个人在弹钢琴
5122-num-1,一个人正在切土豆
5122-num-2,一个人将土豆切成薄片
5123-num-1,一个人正在切土豆
5123-num-2,没有人切土豆
5124-num-1,一个人将土豆切成薄片
5124-num-2,一个人在弹钢琴
5125-num-1,一个人在弹钢琴
5125-num-2,没有人切土豆
5126-num-1,一个人正在弹钢琴
5126-num-2,一个人正在切土豆
5127-num-1,没有人弹钢琴
5127-num-2,一个人正在切土豆
5128-num-1,一个人正在切土豆
5128-num-2,一个人在弹钢琴
5129-num-1,一个男人在披萨上撒上切碎的奶酪
5129-num-2,一个男人在披萨上撒奶酪
5130-num-1,一个男人在披萨上撒上切碎的奶酪
5130-num-2,没有男人在披萨上撒上切碎的奶酪
5131-num-1,一个男人正在将调味料放在披萨上
5131-num-2,一个男人在披萨上放一些奶酪
5133-num-1,一个男人在披萨上撒上切碎的奶酪
5133-num-2,一个男人正在将调味料放在披萨上
5134-num-1,没有男人在披萨上放一些奶酪
5134-num-2,一个男人在披萨上撒上切碎的奶酪
5135-num-1,一个男人在披萨上撒奶酪
5135-num-2,一个男人在披萨上放一些奶酪
5136-num-1,没有男人在披萨上撒上切碎的奶酪
5136-num-2,一个男人在披萨上放一些奶酪
5137-num-1,一个男人在披萨上撒上切碎的奶酪
5137-num-2,一个男人在披萨上放一些奶酪
5138-num-1,一个男人正在做卡片技巧
5138-num-2,一个男人正在做一个魔术
5139-num-1,没有男人在做纸牌技巧
5139-num-2,一个男人正在做卡片技巧
5140-num-1,一个男人在水上玩得开心
5140-num-2,一个男人在玩水
5141-num-1,一个男人在玩水
5141-num-2,一个男人不玩水
5142-num-1,一个男人在水上玩得开心
5142-num-2,一个男人正在做卡片技巧
5143-num-1,一个男人不玩水
5143-num-2,一个男人正在做卡片技巧
5144-num-1,一个男人在玩水
5144-num-2,一个男人正在做一个魔术
5145-num-1,没有男人在做纸牌技巧
5145-num-2,一个男人在玩水
5146-num-1,一个男人正在做卡片技巧
5146-num-2,一个男人在玩水
5147-num-1,一个男人正在黄油一块面包
5147-num-2,一个男人正在黄油一片面包
5148-num-1,一个男人正在黄油一块面包
5148-num-2,一个女人正在黄油一块面包
5149-num-1,狐猴悬挂在绳子上
5149-num-2,狐猴挂在绳子上
5150-num-1,狐猴悬挂在绳子上
5150-num-2,绳子上没有狐猴
5151-num-1,狐猴挂在绳子上
5151-num-2,一个男人正在黄油一块面包
5152-num-1,绳子上没有狐猴
5152-num-2,一个男人正在黄油一块面包
5153-num-1,一个男人正在黄油一片面包
5153-num-2,狐猴悬挂在绳子上
5154-num-1,狐猴悬挂在绳子上
5154-num-2,一个女人正在黄油一块面包
5155-num-1,狐猴悬挂在绳子上
5155-num-2,一个男人正在黄油一块面包
5156-num-1,一个女人把婴儿放在废物箱里
5156-num-2,一个女人把孩子放在废物箱里
5157-num-1,没有女人把孩子放在废物箱里
5157-num-2,一个女人把婴儿放在废物箱里
5158-num-1,那个女人在土豆里戳孔
5158-num-2,女人正在戳土豆
5159-num-1,女人正在戳土豆
5159-num-2,女人不是在土豆里戳孔
5160-num-1,一个女人把婴儿放在废物箱里
5160-num-2,那个女人在土豆里戳孔
5161-num-1,一个女人把婴儿放在废物箱里
5161-num-2,女人不是在土豆里戳孔
5162-num-1,女人正在戳土豆
5162-num-2,一个女人把孩子放在废物箱里
5163-num-1,女人正在戳土豆
5163-num-2,没有女人把孩子放在废物箱里
5164-num-1,女人正在戳土豆
5164-num-2,一个女人把婴儿放在废物箱里
5165-num-1,一个男人正在将清洁剂倒入水槽中
5165-num-2,一个男人正在清洁水槽
5166-num-1,没有男人在水槽中倒清洁剂
5166-num-2,一个男人正在将清洁剂倒入水槽中
5167-num-1,鼓声是由男人演奏的
5167-num-2,这个男人在打鼓
5168-num-1,这个男人不打鼓
5168-num-2,这个男人在打鼓
5169-num-1,一个男人正在将清洁剂倒入水槽中
5169-num-2,鼓声是由男人演奏的
5170-num-1,这个男人不打鼓
5170-num-2,一个男人正在将清洁剂倒入水槽中
5171-num-1,这个男人在打鼓
5171-num-2,一个男人正在清洁水槽
5172-num-1,没有男人在水槽中倒清洁剂
5172-num-2,这个男人在打鼓
5173-num-1,这个男人在打鼓
5173-num-2,一个男人正在将清洁剂倒入水槽中
5174-num-1,女人正在深炸食物
5174-num-2,食物被一个女人炸了
5175-num-1,没有女人深炸食物
5175-num-2,女人正在深炸食物
5176-num-1,女人正在炸一些食物
5176-num-2,一些女人正在炸一些食物
5177-num-1,女人没有炸一些食物
5177-num-2,女人正在炸一些食物
5178-num-1,女人正在深炸食物
5178-num-2,一些女人正在炸一些食物
5179-num-1,女人没有炸一些食物
5179-num-2,女人正在深炸食物
5180-num-1,食物被一个女人炸了
5180-num-2,女人正在炸一些食物
5181-num-1,女人正在炸一些食物
5181-num-2,没有女人深炸食物
5182-num-1,女人正在深炸食物
5182-num-2,女人正在炸一些食物
5183-num-1,一个男人正在抚摸两只狗
5183-num-2,两只狗被一个男人抚摸
5184-num-1,一个男人正在抚摸两只猫
5184-num-2,一个男人正在抚摸两只狗
5185-num-1,一个女人正在将鸡蛋倒入煎锅中
5185-num-2,一个女人正在将鸡蛋倒入锅中
5186-num-1,一个女人正在将鸡蛋倒入煎锅中
5186-num-2,一个女人正在从煎锅中取下鸡蛋
5187-num-1,一个女人正在将鸡蛋倒入锅中
5187-num-2,一个男人正在抚摸两只狗
5188-num-1,一个男人正在抚摸两只狗
5188-num-2,一个女人正在从煎锅中取下鸡蛋
5189-num-1,一个女人正在将鸡蛋倒入煎锅中
5189-num-2,两只狗被一个男人抚摸
5190-num-1,一个女人正在将鸡蛋倒入煎锅中
5190-num-2,一个男人正在抚摸两只猫
5191-num-1,一个男人正在抚摸两只狗
5191-num-2,一个女人正在将鸡蛋倒入煎锅中
5192-num-1,婴儿在说话
5192-num-2,一个孩子在说话
5193-num-1,没有婴儿说话
5193-num-2,婴儿在说话
5194-num-1,一个男孩说一个字
5194-num-2,一个男孩在说些什么
5195-num-1,孩子沉默
5195-num-2,一个男孩说一个字
5196-num-1,婴儿在说话
5196-num-2,一个男孩在说些什么
5197-num-1,婴儿在说话
5197-num-2,孩子沉默
5198-num-1,一个男孩说一个字
5198-num-2,一个孩子在说话
5199-num-1,一个男孩说一个字
5199-num-2,没有婴儿说话
5200-num-1,一个男孩说一个字
5200-num-2,婴儿在说话
5201-num-1,一个女人将一些粘糊糊从碗中拉出
5201-num-2,一个女人正在从碗里拉一些粘糊糊
5202-num-1,一个女人正在从碗里拉一些粘糊糊
5202-num-2,一个女人在碗里放一些粘糊糊
5203-num-1,那个女人把意大利面放在盘子里
5203-num-2,面食被一个女人放入盘子里
5204-num-1,女人不是把意大利面放在盘子里
5204-num-2,那个女人把意大利面放在盘子里
5205-num-1,一个女人正在从碗里拉一些粘糊糊
5205-num-2,面食被一个女人放入盘子里
5206-num-1,一个女人正在从碗里拉一些粘糊糊
5206-num-2,女人不是把意大利面放在盘子里
5207-num-1,那个女人把意大利面放在盘子里
5207-num-2,一个女人将一些粘糊糊从碗中拉出
5208-num-1,一个女人在碗里放一些粘糊糊
5208-num-2,那个女人把意大利面放在盘子里
5209-num-1,那个女人把意大利面放在盘子里
5209-num-2,一个女人正在从碗里拉一些粘糊糊
5210-num-1,一个男人正在骑摩托车
5210-num-2,一个男人正在骑摩托车
5211-num-1,没有人骑摩托车
5211-num-2,一个男人正在骑摩托车
5212-num-1,男人在踢足球
5212-num-2,男人在玩球
5213-num-1,这些人没有踢足球
5213-num-2,男人在踢足球
5214-num-1,男人在玩球
5214-num-2,一个男人正在骑摩托车
5215-num-1,这些人没有踢足球
5215-num-2,一个男人正在骑摩托车
5216-num-1,男人在踢足球
5216-num-2,一个男人正在骑摩托车
5217-num-1,没有人骑摩托车
5217-num-2,男人在踢足球
5218-num-1,一个男人正在骑摩托车
5218-num-2,男人在踢足球
5219-num-1,狗正在环顾四周
5219-num-2,动物正在环顾四周
5220-num-1,狗正在环顾四周
5220-num-2,没有狗环顾四周
5221-num-1,狗在看商店柜台
5221-num-2,一只狗在商店里看一块家具
5222-num-1,一只猫在看商店柜台
5222-num-2,狗在看商店柜台
5223-num-1,狗正在环顾四周
5223-num-2,一只狗在商店里看一块家具
5224-num-1,一只猫在看商店柜台
5224-num-2,狗正在环顾四周
5225-num-1,狗在看商店柜台
5225-num-2,动物正在环顾四周
5226-num-1,狗在看商店柜台
5226-num-2,没有狗环顾四周
5227-num-1,狗在看商店柜台
5227-num-2,狗正在环顾四周
5228-num-1,老虎幼崽在咆哮
5228-num-2,老虎幼崽正在发出声音
5229-num-1,老虎幼崽正在发出声音
5229-num-2,没有老虎幼崽发出声音
5230-num-1,老虎在四处走动
5230-num-2,老虎正在四处逛逛
5231-num-1,老虎在四处走动
5231-num-2,老虎没有走来走去
5232-num-1,老虎正在四处逛逛
5232-num-2,老虎幼崽正在发出声音
5233-num-1,老虎幼崽正在发出声音
5233-num-2,老虎没有走来走去
5234-num-1,老虎幼崽在咆哮
5234-num-2,老虎在四处走动
5235-num-1,没有老虎幼崽发出声音
5235-num-2,老虎在四处走动
5236-num-1,老虎在四处走动
5236-num-2,老虎幼崽正在发出声音
5237-num-1,女人正在炸肉
5237-num-2,女人正在炸食物
5238-num-1,女人正在炸肉
5238-num-2,女人不是在炸肉
5239-num-1,一个女人正在将食物放在一锅热水中
5239-num-2,一个女人正在用一锅热水烹饪食物
5240-num-1,一个女人正在将食物放在一锅热水中
5240-num-2,一个女人正在将食物放在冷水锅中
5241-num-1,女人正在炸肉
5241-num-2,一个女人正在用一锅热水烹饪食物
5242-num-1,女人正在炸肉
5242-num-2,一个女人正在将食物放在冷水锅中
5243-num-1,女人正在炸食物
5243-num-2,一个女人正在将食物放在一锅热水中
5244-num-1,女人不是在炸肉
5244-num-2,一个女人正在将食物放在一锅热水中
5245-num-1,女人正在炸肉
5245-num-2,一个女人正在将食物放在一锅热水中
5246-num-1,小号是由一个男人演奏的
5246-num-2,一个男人在玩小号
5247-num-1,一个女人在玩小号
5247-num-2,一个男人在玩小号
5248-num-1,有人在玩蟾蜍
5248-num-2,有人在玩青蛙
5249-num-1,没有人在玩蟾蜍
5249-num-2,有人在玩蟾蜍
5250-num-1,有人在玩青蛙
5250-num-2,一个男人在玩小号
5251-num-1,没有人在玩蟾蜍
5251-num-2,一个男人在玩小号
5252-num-1,有人在玩蟾蜍
5252-num-2,小号是由一个男人演奏的
5253-num-1,一个女人在玩小号
5253-num-2,有人在玩蟾蜍
5254-num-1,一个男人在玩小号
5254-num-2,有人在玩蟾蜍
5257-num-1,这个人正在骑马
5257-num-2,这个人正在骑动物
5258-num-1,这个人正在骑马
5258-num-2,这个人没有骑马
5259-num-1,一个男人正在骑马
5259-num-2,这个人正在骑动物
5260-num-1,一个男人正在骑马
5260-num-2,这个人没有骑马
5261-num-1,一匹马被一个男人骑
5261-num-2,这个人正在骑马
5262-num-1,没有人骑马
5262-num-2,这个人正在骑马
5263-num-1,一个男人正在骑马
5263-num-2,这个人正在骑马
5264-num-1,一个人正在折叠一张床单
5264-num-2,一个人正在折叠一张纸
5265-num-1,一个人没有折叠纸
5265-num-2,一个人正在折叠一张纸
5266-num-1,有人折叠一张纸
5266-num-2,有人在折叠一张纸
5267-num-1,有人在折叠一张纸
5267-num-2,没有人折叠一张纸
5268-num-1,有人折叠一张纸
5268-num-2,一个人正在折叠一张纸
5269-num-1,没有人折叠一张纸
5269-num-2,一个人正在折叠一张纸
5270-num-1,有人在折叠一张纸
5270-num-2,一个人正在折叠一张床单
5271-num-1,有人在折叠一张纸
5271-num-2,一个人没有折叠纸
5272-num-1,一个人正在折叠一张纸
5272-num-2,有人在折叠一张纸
5273-num-1,一个女孩正在使用手语
5273-num-2,一个女孩正在用手语交流
5274-num-1,没有女孩与手语交流
5274-num-2,一个女孩正在用手语交流
5275-num-1,一个年轻女孩正在使用手语
5275-num-2,年轻女孩正在使用手语
5276-num-1,一个小男孩正在使用手语
5276-num-2,一个年轻女孩正在使用手语
5277-num-1,年轻女孩正在使用手语
5277-num-2,一个女孩正在用手语交流
5278-num-1,一个女孩正在用手语交流
5278-num-2,一个小男孩正在使用手语
5279-num-1,一个年轻女孩正在使用手语
5279-num-2,一个女孩正在使用手语
5280-num-1,一个年轻女孩正在使用手语
5280-num-2,没有女孩与手语交流
5281-num-1,一个女孩正在用手语交流
5281-num-2,一个年轻女孩正在使用手语
5282-num-1,一只兔子正在玩毛绒兔子
5282-num-2,一个兔子正在玩毛绒兔子
5283-num-1,一个兔子正在玩毛绒兔子
5283-num-2,没有兔子玩毛绒兔子
5284-num-1,一只兔子正在玩玩具兔子
5284-num-2,一只兔子在玩玩具
5285-num-1,没有兔子玩玩具兔子
5285-num-2,一只兔子正在玩玩具兔子
5286-num-1,一个兔子正在玩毛绒兔子
5286-num-2,一只兔子在玩玩具
5287-num-1,没有兔子玩玩具兔子
5287-num-2,一个兔子正在玩毛绒兔子
5288-num-1,一只兔子正在玩玩具兔子
5288-num-2,一只兔子正在玩毛绒兔子
5289-num-1,一只兔子正在玩玩具兔子
5289-num-2,没有兔子玩毛绒兔子
5290-num-1,一个兔子正在玩毛绒兔子
5290-num-2,一只兔子正在玩玩具兔子
5291-num-1,一个男人在田野里跳绳
5291-num-2,一个男人在外面跳绳
5292-num-1,一个男人在外面跳绳
5292-num-2,一个女人在外面跳绳
5293-num-1,女人正在切黄瓜
5293-num-2,一个人正在切黄瓜
5294-num-1,女人不切黄瓜
5294-num-2,女人正在切黄瓜
5295-num-1,一个男人在外面跳绳
5295-num-2,一个人正在切黄瓜
5296-num-1,一个男人在外面跳绳
5296-num-2,女人不切黄瓜
5297-num-1,一个男人在田野里跳绳
5297-num-2,女人正在切黄瓜
5298-num-1,女人正在切黄瓜
5298-num-2,一个女人在外面跳绳
5299-num-1,一个男人在外面跳绳
5299-num-2,女人正在切黄瓜
5300-num-1,土豆被一个男人切成薄片
5300-num-2,一个人正在切土豆
5301-num-1,没有人切土豆
5301-num-2,一个人正在切土豆
5302-num-1,这个男人正在切土豆
5302-num-2,马铃薯被那个男人切成薄片
5303-num-1,这个男人没有切土豆
5303-num-2,这个男人正在切土豆
5304-num-1,马铃薯被那个男人切成薄片
5304-num-2,一个人正在切土豆
5305-num-1,一个人正在切土豆
5305-num-2,这个男人没有切土豆
5306-num-1,这个男人正在切土豆
5306-num-2,土豆被一个男人切成薄片
5307-num-1,这个男人正在切土豆
5307-num-2,没有人切土豆
5308-num-1,一个人正在切土豆
5308-num-2,这个男人正在切土豆
5309-num-1,一个女孩正在玩笛
5309-num-2,一个女孩在玩长笛
5310-num-1,没有女孩玩长笛
5310-num-2,一个女孩在玩长笛
5311-num-1,一个女孩正在演奏风乐器
5311-num-2,一个女孩在演奏风乐器
5312-num-1,一个女孩在演奏风乐器
5312-num-2,一个男孩在演奏风乐器
5313-num-1,一个女孩在玩长笛
5313-num-2,一个女孩正在演奏风乐器
5314-num-1,一个女孩在玩长笛
5314-num-2,一个男孩在演奏风乐器
5315-num-1,一个女孩正在玩笛
5315-num-2,一个女孩在演奏风乐器
5316-num-1,没有女孩玩长笛
5316-num-2,一个女孩在演奏风乐器
5317-num-1,一个女孩在玩长笛
5317-num-2,一个女孩在演奏风乐器
5318-num-1,一个人正在弹键盘
5318-num-2,一个人在玩键盘
5319-num-1,一个人在玩键盘
5319-num-2,一个人不玩键盘
5320-num-1,钢琴是由某人弹的
5320-num-2,有人在弹钢琴
5321-num-1,有人在弹钢琴
5321-num-2,有人没有弹钢琴
5322-num-1,钢琴是由某人弹的
5322-num-2,一个人在玩键盘
5323-num-1,有人没有弹钢琴
5323-num-2,一个人在玩键盘
5324-num-1,有人在弹钢琴
5324-num-2,一个人正在弹键盘
5325-num-1,有人在弹钢琴
5325-num-2,一个人不玩键盘
5326-num-1,有人在弹钢琴
5326-num-2,一个人在玩键盘
5327-num-1,一个男人跳入游泳池
5327-num-2,一个人正在游泳池里
5328-num-1,一个人正在游泳池里
5328-num-2,女人正在跳入游泳池
5330-num-1,一个男人跳出游泳池
5330-num-2,一个人正在游泳池里
5331-num-1,一个人正在游泳池里
5331-num-2,一个人正在水中潜水
5332-num-1,一个人正在游泳池里
5332-num-2,一个男人跳出游泳池
5334-num-1,女人正在跳入游泳池
5334-num-2,一个人正在游泳池里
5336-num-1,该男子正在碗中的水中加入调味料
5336-num-2,男人正在将调味料添加到水中
5337-num-1,该男子正在碗中的水中加入调味料
5337-num-2,这个男人没有在碗中加入调味料
5338-num-1,这个男人正在调味香肠
5338-num-2,这个男人正在调味肉
5339-num-1,这个男人没有调味香肠
5339-num-2,这个男人正在调味香肠
5340-num-1,该男子正在碗中的水中加入调味料
5340-num-2,这个男人正在调味肉
5341-num-1,这个男人没有调味香肠
5341-num-2,该男子正在碗中的水中加入调味料
5342-num-1,男人正在将调味料添加到水中
5342-num-2,这个男人正在调味香肠
5343-num-1,这个男人正在调味香肠
5343-num-2,这个男人没有在碗中加入调味料
5344-num-1,该男子正在碗中的水中加入调味料
5344-num-2,这个男人正在调味香肠
5347-num-1,一个男人在玩大型长笛
5347-num-2,一个男人正在玩大型长笛
5348-num-1,一个男人在玩大型长笛
5348-num-2,一个男人在玩一个小长笛
5349-num-1,一个男人正在玩大型长笛
5349-num-2,一个男人在玩长笛
5350-num-1,一个男人在玩一个小长笛
5350-num-2,一个男人在玩长笛
5351-num-1,一个男人在玩大型长笛
5351-num-2,一个男人正在玩笛
5352-num-1,一个男人在玩大型长笛
5352-num-2,没有男人玩长笛
5353-num-1,一个男人在玩大型长笛
5353-num-2,一个男人在玩长笛
5354-num-1,女人正在剥土豆
5354-num-2,一个女人被一个女人剥皮
5355-num-1,女人正在剥土豆
5355-num-2,女人不是在剥土豆
5356-num-1,那位女士正在剥土豆
5356-num-2,马铃薯被那位女士剥皮
5357-num-1,那位女士正在剥土豆
5357-num-2,没有女士剥土豆
5358-num-1,女人正在剥土豆
5358-num-2,马铃薯被那位女士剥皮
5359-num-1,女人正在剥土豆
5359-num-2,没有女士剥土豆
5360-num-1,那位女士正在剥土豆
5360-num-2,一个女人被一个女人剥皮
5361-num-1,那位女士正在剥土豆
5361-num-2,女人不是在剥土豆
5362-num-1,那位女士正在剥土豆
5362-num-2,女人正在剥土豆
5365-num-1,一个男人正在骑摩托车
5365-num-2,一个男人正在骑踏板车
5366-num-1,一个男人正在骑踏板车
5366-num-2,一个人没有骑踏板车
5367-num-1,一个男人在玩长笛
5367-num-2,一个男人正在骑摩托车
5368-num-1,一个人没有骑踏板车
5368-num-2,一个男人在玩长笛
5369-num-1,一个男人正在玩笛
5369-num-2,一个男人正在骑踏板车
5370-num-1,一个男人正在骑踏板车
5370-num-2,没有男人玩长笛
5371-num-1,一个男人在玩长笛
5371-num-2,一个男人正在骑踏板车
5372-num-1,一个男人在弹吉他
5372-num-2,一个男人在演奏乐器
5374-num-1,一个女人正在切割一个章鱼
5374-num-2,一个女人正在切一个章鱼
5375-num-1,女人没有切成章鱼
5375-num-2,一个女人正在切一个章鱼
5376-num-1,一个男人在弹吉他
5376-num-2,一个女人正在切割一个章鱼
5377-num-1,女人没有切成章鱼
5377-num-2,一个男人在弹吉他
5378-num-1,一个女人正在切一个章鱼
5378-num-2,一个男人在演奏乐器
5379-num-1,没有人弹吉他
5379-num-2,一个女人正在切一个章鱼
5380-num-1,一个男人在弹吉他
5380-num-2,一个女人正在切一个章鱼
5381-num-1,鼓声是由一个男人演奏的
5381-num-2,一个男人在打鼓
5382-num-1,一个男人不打鼓
5382-num-2,一个男人在打鼓
5383-num-1,吉他是由男人弹的
5383-num-2,一个男人在弹吉他
5385-num-1,一个男人在打鼓
5385-num-2,吉他是由男人弹的
5386-num-1,没有人弹吉他
5386-num-2,一个男人在打鼓
5387-num-1,鼓声是由一个男人演奏的
5387-num-2,一个男人在弹吉他
5388-num-1,一个男人不打鼓
5388-num-2,一个男人在弹吉他
5389-num-1,一个男人在打鼓
5389-num-2,一个男人在弹吉他
5390-num-1,一个男人把一些食物放在盒子里
5390-num-2,一个男人把一些食物放在容器中
5391-num-1,一个男人正在从盒子里取出一些食物
5391-num-2,一个男人把一些食物放在盒子里
5392-num-1,这个男人把鸡放进盒子里
5392-num-2,这个男人把鸡放进容器中
5393-num-1,这个人没有把鸡放进容器中
5393-num-2,这个男人把鸡放进容器中
5394-num-1,这个男人把鸡放进盒子里
5394-num-2,一个男人把一些食物放在盒子里
5395-num-1,这个人没有把鸡放进容器中
5395-num-2,一个男人把一些食物放在盒子里
5396-num-1,这个男人把鸡放进容器中
5396-num-2,一个男人把一些食物放在容器中
5397-num-1,一个男人正在从盒子里取出一些食物
5397-num-2,这个男人把鸡放进容器中
5398-num-1,这个男人把鸡放进容器中
5398-num-2,一个男人把一些食物放在盒子里
5399-num-1,鸡蛋被一个女人破裂成碗
5399-num-2,一个女人正在将鸡蛋塞进碗中
5400-num-1,一个女人正在从碗里取鸡蛋
5400-num-2,一个女人正在将鸡蛋塞进碗中
5401-num-1,一个女人正在将串在架子上
5401-num-2,女人被一个女人放在架子上
5402-num-1,一个女人正在将串在架子上
5402-num-2,没有女人把串在架子上
5403-num-1,一个女人正在将鸡蛋塞进碗中
5403-num-2,女人被一个女人放在架子上
5404-num-1,一个女人正在将鸡蛋塞进碗中
5404-num-2,没有女人把串在架子上
5405-num-1,鸡蛋被一个女人破裂成碗
5405-num-2,一个女人正在将串在架子上
5406-num-1,一个女人正在从碗里取鸡蛋
5406-num-2,一个女人正在将串在架子上
5407-num-1,一个女人正在将鸡蛋塞进碗中
5407-num-2,一个女人正在将串在架子上
5408-num-1,婴儿正在弹吉他
5408-num-2,婴儿正在弹吉他
5409-num-1,婴儿没有弹吉他
5409-num-2,婴儿正在弹吉他
5410-num-1,小男孩在唱歌和弹吉他
5410-num-2,小孩子正在唱歌和弹吉他
5411-num-1,小男孩在唱歌和弹吉他
5411-num-2,小男孩不是在唱歌和弹吉他
5412-num-1,小孩子正在唱歌和弹吉他
5412-num-2,婴儿正在弹吉他
5413-num-1,小男孩不是在唱歌和弹吉他
5413-num-2,婴儿正在弹吉他
5414-num-1,小男孩在唱歌和弹吉他
5414-num-2,婴儿正在弹吉他
5415-num-1,婴儿没有弹吉他
5415-num-2,小男孩在唱歌和弹吉他
5416-num-1,婴儿正在弹吉他
5416-num-2,小男孩在唱歌和弹吉他
5417-num-1,一个男人热情地在观众面前弹吉他
5417-num-2,一个人热情地在观众面前弹吉他
5418-num-1,一个男人热情地在观众面前弹吉他
5418-num-2,一个女人热情地在观众面前弹吉他
5419-num-1,女人正在剥土豆
5419-num-2,一个女人正在剥去食物
5421-num-1,一个女人正在剥去食物
5421-num-2,一个男人热情地在观众面前弹吉他
5422-num-1,没有女人剥土豆
5422-num-2,一个男人热情地在观众面前弹吉他
5423-num-1,一个人热情地在观众面前弹吉他
5423-num-2,女人正在剥土豆
5424-num-1,女人正在剥土豆
5424-num-2,一个女人热情地在观众面前弹吉他
5425-num-1,一个男人热情地在观众面前弹吉他
5425-num-2,女人正在剥土豆
5426-num-1,一个男人正在阅读电子邮件
5426-num-2,一个人正在阅读电子邮件
5427-num-1,没有人阅读电子邮件
5427-num-2,一个男人正在阅读电子邮件
5428-num-1,有人在检查电子邮件
5428-num-2,有人正在阅读电子邮件
5429-num-1,有人正在阅读电子邮件
5429-num-2,有人没有阅读电子邮件
5430-num-1,一个男人正在阅读电子邮件
5430-num-2,有人在检查电子邮件
5431-num-1,有人没有阅读电子邮件
5431-num-2,一个男人正在阅读电子邮件
5432-num-1,有人正在阅读电子邮件
5432-num-2,一个人正在阅读电子邮件
5433-num-1,没有人阅读电子邮件
5433-num-2,有人正在阅读电子邮件
5434-num-1,一个男人正在阅读电子邮件
5434-num-2,有人正在阅读电子邮件
5435-num-1,两个婴儿熊猫正在玩
5435-num-2,两个幼崽在玩
5436-num-1,两个婴儿熊猫正在睡觉
5436-num-2,两个婴儿熊猫正在玩
5437-num-1,两个熊猫躺在一起
5437-num-2,两只熊猫熊躺在一起
5438-num-1,两个熊猫没有躺在一起
5438-num-2,两个熊猫躺在一起
5439-num-1,两个婴儿熊猫正在玩
5439-num-2,两只熊猫熊躺在一起
5440-num-1,两个婴儿熊猫正在玩
5440-num-2,两个熊猫没有躺在一起
5441-num-1,两个幼崽在玩
5441-num-2,两个熊猫躺在一起
5442-num-1,两个熊猫躺在一起
5442-num-2,两个婴儿熊猫正在睡觉
5443-num-1,两个熊猫躺在一起
5443-num-2,两个婴儿熊猫正在玩
5444-num-1,鱼正在女人煮熟
5444-num-2,女人正在煮鱼
5445-num-1,女人正在煮鱼
5445-num-2,没有女人煮鱼
5446-num-1,女人正在炸鱼
5446-num-2,鱼被女人炸了
5447-num-1,女人正在炸鱼
5447-num-2,女人不是在炸鱼
5448-num-1,鱼被女人炸了
5448-num-2,女人正在煮鱼
5449-num-1,女人正在煮鱼
5449-num-2,女人不是在炸鱼
5450-num-1,女人正在炸鱼
5450-num-2,鱼正在女人煮熟
5451-num-1,女人正在炸鱼
5451-num-2,没有女人煮鱼
5452-num-1,女人正在炸鱼
5452-num-2,女人正在煮鱼
5453-num-1,一个男人在玩长笛
5453-num-2,一个男人在弹乐器
5454-num-1,一个男人在玩长笛
5454-num-2,一个男人不玩长笛
5455-num-1,女人在玩长笛
5455-num-2,长笛在扮演一个女人
5456-num-1,女人在玩长笛
5456-num-2,一个男人在玩长笛
5457-num-1,一个男人在玩长笛
5457-num-2,长笛在扮演一个女人
5458-num-1,一个男人在玩长笛
5458-num-2,一个男人在玩长笛
5459-num-1,一个男人在弹乐器
5459-num-2,女人在玩长笛
5460-num-1,女人在玩长笛
5460-num-2,一个男人不玩长笛
5461-num-1,女人在玩长笛
5461-num-2,一个男人在玩长笛
5462-num-1,一个男孩正在割草
5462-num-2,一个人正在割草
5463-num-1,一个人正在割草
5463-num-2,没有割草的家伙
5464-num-1,草被一个男人割草
5464-num-2,一个男人正在割草
5465-num-1,没有男人割草
5465-num-2,一个男人正在割草
5466-num-1,一个人正在割草
5466-num-2,草被一个男人割草
5467-num-1,一个人正在割草
5467-num-2,没有男人割草
5468-num-1,一个男孩正在割草
5468-num-2,一个男人正在割草
5469-num-1,一个男人正在割草
5469-num-2,没有割草的家伙
5470-num-1,一个人正在割草
5470-num-2,一个男人正在割草
5471-num-1,一个人在锅中炸肉
5471-num-2,一个人正在锅中炒食物
5472-num-1,一个人在锅中炸肉
5472-num-2,一个人不是在锅中炸肉
5473-num-1,一个人持有臭鼬
5473-num-2,一个人抱着臭鼬
5474-num-1,一个人不拿着臭鼬
5474-num-2,一个人抱着臭鼬
5475-num-1,一个人在锅中炸肉
5475-num-2,一个人持有臭鼬
5476-num-1,一个人在锅中炸肉
5476-num-2,一个人不拿着臭鼬
5477-num-1,一个人正在锅中炒食物
5477-num-2,一个人抱着臭鼬
5478-num-1,一个人抱着臭鼬
5478-num-2,一个人不是在锅中炸肉
5479-num-1,一个人抱着臭鼬
5479-num-2,一个人在锅中炸肉
5480-num-1,那位女士正在将鸡蛋塞进碗中
5480-num-2,那位女士正在将鸡蛋塞进盘子
5481-num-1,那位女士正在将鸡蛋塞进碗中
5481-num-2,那位女士正在从碗里取鸡蛋
5482-num-1,这个男人正在将鸡蛋塞进碗中
5482-num-2,这个人正在将鸡蛋塞进碗中
5483-num-1,那个女人正在将鸡蛋塞进碗中
5483-num-2,这个男人正在将鸡蛋塞进碗中
5484-num-1,那位女士正在将鸡蛋塞进碗中
5484-num-2,这个人正在将鸡蛋塞进碗中
5485-num-1,那个女人正在将鸡蛋塞进碗中
5485-num-2,那位女士正在将鸡蛋塞进碗中
5486-num-1,那位女士正在将鸡蛋塞进盘子
5486-num-2,这个男人正在将鸡蛋塞进碗中
5487-num-1,那位女士正在从碗里取鸡蛋
5487-num-2,这个男人正在将鸡蛋塞进碗中
5488-num-1,这个男人正在将鸡蛋塞进碗中
5488-num-2,那位女士正在将鸡蛋塞进碗中
5489-num-1,一个男人正在切西红柿
5489-num-2,一个男人正在切西红柿
5490-num-1,没有男人割西红柿
5490-num-2,一个男人正在切西红柿
5491-num-1,西兰花被一个女人切割
5491-num-2,一个女人正在切西兰花
5492-num-1,女人没有削减西兰花
5492-num-2,一个女人正在切西兰花
5493-num-1,西兰花被一个女人切割
5493-num-2,一个男人正在切西红柿
5494-num-1,女人没有削减西兰花
5494-num-2,一个男人正在切西红柿
5495-num-1,一个女人正在切西兰花
5495-num-2,一个男人正在切西红柿
5496-num-1,一个女人正在切西兰花
5496-num-2,没有男人割西红柿
5497-num-1,一个女人正在切西兰花
5497-num-2,一个男人正在切西红柿
5498-num-1,一个女人正在切柠檬
5498-num-2,女人正在切果
5499-num-1,一个女人正在切柠檬
5499-num-2,一个男人正在切柠檬
5500-num-1,女人正在开枪
5500-num-2,女人正在射击武器
5501-num-1,没有女人射击步枪
5501-num-2,女人正在开枪
5502-num-1,一个女人正在切柠檬
5502-num-2,女人正在射击武器
5503-num-1,没有女人射击步枪
5503-num-2,一个女人正在切柠檬
5504-num-1,女人正在开枪
5504-num-2,女人正在切果
5505-num-1,一个男人正在切柠檬
5505-num-2,女人正在开枪
5506-num-1,一个女人正在切柠檬
5506-num-2,女人正在开枪
5507-num-1,吉他是由男人弹的
5507-num-2,一个男人正在弹吉他
5509-num-1,一个男人在打鼓
5509-num-2,一个男人在演奏乐器
5510-num-1,一个男人在打鼓
5510-num-2,一个女人在打鼓
5511-num-1,一个男人正在弹吉他
5511-num-2,一个男人在演奏乐器
5512-num-1,一个男人正在弹吉他
5512-num-2,一个女人在打鼓
5513-num-1,一个男人在打鼓
5513-num-2,吉他是由男人弹的
5514-num-1,没有男人弹吉他
5514-num-2,一个男人在打鼓
5515-num-1,一个男人在打鼓
5515-num-2,一个男人正在弹吉他
5516-num-1,一个男人在数字干擦板上绘制
5516-num-2,一个男人在板上画
5517-num-1,一个人没有在数字干擦板上绘制
5517-num-2,一个男人在数字干擦板上绘制
5518-num-1,一个男人正在画一些数字
5518-num-2,一个人正在画一些数字
5519-num-1,一个男人正在画一些数字
5519-num-2,一个人正在擦除一些数字
5520-num-1,一个男人在数字干擦板上绘制
5520-num-2,一个人正在画一些数字
5521-num-1,一个人正在擦除一些数字
5521-num-2,一个男人在数字干擦板上绘制
5522-num-1,一个男人在板上画
5522-num-2,一个男人正在画一些数字
5523-num-1,一个人没有在数字干擦板上绘制
5523-num-2,一个男人正在画一些数字
5524-num-1,一个男人正在画一些数字
5524-num-2,一个男人在数字干擦板上绘制
5525-num-1,女人正在割洋葱
5525-num-2,女人正在切洋葱
5526-num-1,女人正在割洋葱
5526-num-2,没有女人切洋葱
5527-num-1,女人正在切豆腐
5527-num-2,女人正在割豆腐
5528-num-1,女人正在割豆腐
5528-num-2,女人不削减豆腐
5529-num-1,女人正在切豆腐
5529-num-2,女人正在割洋葱
5530-num-1,女人正在割洋葱
5530-num-2,女人不削减豆腐
5531-num-1,女人正在割豆腐
5531-num-2,女人正在切洋葱
5532-num-1,女人正在割豆腐
5532-num-2,没有女人切洋葱
5533-num-1,女人正在割豆腐
5533-num-2,女人正在割洋葱
5534-num-1,一群人在音乐会上跳舞
5534-num-2,一群人在演出中跳舞
5535-num-1,一群人没有在音乐会上跳舞
5535-num-2,一群人在音乐会上跳舞
5536-num-1,一群人在游行
5536-num-2,一群人在走路
5537-num-1,一群人在游行
5537-num-2,一群人站着
5538-num-1,一群人在走路
5538-num-2,一群人在音乐会上跳舞
5539-num-1,一群人在音乐会上跳舞
5539-num-2,一群人站着
5540-num-1,一群人在演出中跳舞
5540-num-2,一群人在游行
5541-num-1,一群人没有在音乐会上跳舞
5541-num-2,一群人在游行
5542-num-1,一群人在音乐会上跳舞
5542-num-2,一群人在游行
5543-num-1,一个男人在笔记本电脑上工作
5543-num-2,一个男人正在计算机上工作
5544-num-1,There is no man working on the laptop
5544-num-2,一个男人在笔记本电脑上工作
5545-num-1,The man is feeding the snake with a mouse
5545-num-2,该男子正在用动物喂蛇
5546-num-1,该男子正在用鼠标喂蛇
5546-num-2,这个人没有用鼠标喂蛇
5547-num-1,一个男人在笔记本电脑上工作
5547-num-2,该男子正在用动物喂蛇
5548-num-1,一个男人在笔记本电脑上工作
5548-num-2,这个人没有用鼠标喂蛇
5549-num-1,一个男人正在计算机上工作
5549-num-2,该男子正在用鼠标喂蛇
5550-num-1,该男子正在用鼠标喂蛇
5550-num-2,没有男人在笔记本电脑上工作
5551-num-1,该男子正在用鼠标喂蛇
5551-num-2,一个男人在笔记本电脑上工作
5552-num-1,一个男孩在玩玩具电话
5552-num-2,一个男孩在玩玩具
5553-num-1,一个女孩在玩玩具电话
5553-num-2,一个男孩在玩玩具电话
5554-num-1,这个男人瞄准枪
5554-num-2,这个男人正在处理枪
5555-num-1,这个男人瞄准枪
5555-num-2,这个男人正在画枪
5556-num-1,一个男孩在玩玩具电话
5556-num-2,这个男人正在处理枪
5557-num-1,一个男孩在玩玩具电话
5557-num-2,这个男人正在画枪
5558-num-1,一个男孩在玩玩具
5558-num-2,这个男人瞄准枪
5559-num-1,这个男人瞄准枪
5559-num-2,一个女孩在玩玩具电话
5560-num-1,一个男孩在玩玩具电话
5560-num-2,这个男人瞄准枪
5561-num-1,一匹马被一个女孩骑
5561-num-2,一个女孩正在骑马
5562-num-1,没有女孩骑马
5562-num-2,一个女孩正在骑马
5563-num-1,这个女孩正在骑马
5563-num-2,这个人正在骑马
5564-num-1,这个男孩正在骑马
5564-num-2,这个女孩正在骑马
5565-num-1,一个女孩正在骑马
5565-num-2,这个人正在骑马
5566-num-1,一个女孩正在骑马
5566-num-2,这个男孩正在骑马
5567-num-1,这个女孩正在骑马
5567-num-2,一匹马被一个女孩骑
5568-num-1,没有女孩骑马
5568-num-2,这个女孩正在骑马
5569-num-1,这个女孩正在骑马
5569-num-2,一个女孩正在骑马
5570-num-1,一个男人用大锤锤打破混凝土板
5570-num-2,一个人用大锤打破混凝土块
5571-num-1,一个男人用大锤锤打破混凝土板
5571-num-2,没有人打破一块混凝土，用大锤锤
5572-num-1,该男子正在使用大锤打破另一个男人的混凝土块
5572-num-2,该男子正在使用大锤打破另一个人的混凝土块
5573-num-1,女人正在用大锤打破另一个男人的混凝土块
5573-num-2,该男子正在使用大锤打破另一个男人的混凝土块
5574-num-1,该男子正在使用大锤打破另一个人的混凝土块
5574-num-2,一个男人用大锤锤打破混凝土板
5575-num-1,一个男人用大锤锤打破混凝土板
5575-num-2,女人正在用大锤打破另一个男人的混凝土块
5576-num-1,该男子正在使用大锤打破另一个男人的混凝土块
5576-num-2,一个人用大锤打破混凝土块
5577-num-1,没有人打破一块混凝土，用大锤锤
5577-num-2,该男子正在使用大锤打破另一个男人的混凝土块
5578-num-1,该男子正在使用大锤打破另一个男人的混凝土块
5578-num-2,一个男人用大锤锤打破混凝土板
5579-num-1,狗在球吠叫
5579-num-2,动物在吠叫
5580-num-1,狗在球吠叫
5580-num-2,没有狗在球上吠叫
5581-num-1,一只狗在网球后游泳
5581-num-2,一只狗在球后游泳
5582-num-1,一只狗在网球后游泳
5582-num-2,一只猫在网球后游泳
5583-num-1,一只狗在球后游泳
5583-num-2,狗在球吠叫
5584-num-1,狗在球吠叫
5584-num-2,一只猫在网球后游泳
5585-num-1,一只狗在网球后游泳
5585-num-2,动物在吠叫
5586-num-1,没有狗在球上吠叫
5586-num-2,一只狗在网球后游泳
5587-num-1,一只狗在网球后游泳
5587-num-2,狗在球吠叫
5588-num-1,一个女孩正在吃纸杯蛋糕
5588-num-2,一个女孩正在吃纸杯蛋糕
5589-num-1,一个女孩正在吃纸杯蛋糕
5589-num-2,一个男孩正在吃纸杯蛋糕
5590-num-1,女人正在吃纸杯蛋糕
5590-num-2,女人正在吃蛋糕
5591-num-1,女人正在吃纸杯蛋糕
5591-num-2,女人不吃纸杯蛋糕
5592-num-1,一个女孩正在吃纸杯蛋糕
5592-num-2,女人正在吃蛋糕
5593-num-1,一个女孩正在吃纸杯蛋糕
5593-num-2,女人不吃纸杯蛋糕
5594-num-1,一个女孩正在吃纸杯蛋糕
5594-num-2,女人正在吃纸杯蛋糕
5595-num-1,一个男孩正在吃纸杯蛋糕
5595-num-2,女人正在吃纸杯蛋糕
5596-num-1,一个女孩正在吃纸杯蛋糕
5596-num-2,女人正在吃纸杯蛋糕
5597-num-1,一个男人在说话
5597-num-2,一个男人在说话
5598-num-1,一个男人在说话
5598-num-2,没有人说话
5599-num-1,一个男人正在吐口水
5599-num-2,一个人吐口水
5600-num-1,没有人吐口水
5600-num-2,一个男人正在吐口水
5601-num-1,一个男人在说话
5601-num-2,一个人吐口水
5602-num-1,没有人吐口水
5602-num-2,一个男人在说话
5604-num-1,没有人说话
5604-num-2,一个男人正在吐口水
5605-num-1,一个男人正在吐口水
5605-num-2,一个男人在说话
5606-num-1,一个男人在玩键盘
5606-num-2,一个男人在弹乐器
5607-num-1,一个男人在玩键盘
5607-num-2,男人没有弹奏键盘
5608-num-1,一个男人正在骑牛仔竞技表演
5608-num-2,一个人正在骑机械牛
5609-num-1,一个人从机械牛身上摔下来
5609-num-2,一个人正在骑机械牛
5610-num-1,一个男人在玩键盘
5610-num-2,一个男人正在骑牛仔竞技表演
5611-num-1,一个男人在玩键盘
5611-num-2,一个人从机械牛身上摔下来
5612-num-1,一个人正在骑机械牛
5612-num-2,一个男人在弹乐器
5613-num-1,男人没有弹奏键盘
5613-num-2,一个人正在骑机械牛
5614-num-1,一个男人在玩键盘
5614-num-2,一个人正在骑机械牛
5615-num-1,一个男人用剑切开靴子
5615-num-2,一个男人用刀片切开靴子
5616-num-1,一个男人用剑切开靴子
5616-num-2,没有人用剑切靴子
5617-num-1,一个人用剑切断空皮靴子的脚趾
5617-num-2,一个男人用剑切断空皮靴的脚趾
5618-num-1,一个男人用剑切断空皮靴的脚趾
5618-num-2,一个女人用剑切断空皮靴的脚趾
5619-num-1,一个人用剑切断空皮靴子的脚趾
5619-num-2,一个男人用剑切开靴子
5620-num-1,一个女人用剑切断空皮靴的脚趾
5620-num-2,一个男人用剑切开靴子
5621-num-1,一个男人用剑切断空皮靴的脚趾
5621-num-2,一个男人用刀片切开靴子
5622-num-1,没有人用剑切靴子
5622-num-2,一个男人用剑切断空皮靴的脚趾
5623-num-1,一个男人用剑切断空皮靴的脚趾
5623-num-2,一个男人用剑切开靴子
5624-num-1,厨师正在清洁一碗汤
5624-num-2,一碗汤正在用厨师清洗
5625-num-1,厨师正在清洁一碗汤
5625-num-2,厨师正在弄脏一碗汤
5626-num-1,一个男人正在擦碗的边缘
5626-num-2,一个男人正在清洁碗的边缘
5627-num-1,一个男人正在擦碗的边缘
5627-num-2,没有人擦碗的边缘
5628-num-1,厨师正在清洁一碗汤
5628-num-2,一个男人正在清洁碗的边缘
5629-num-1,没有人擦碗的边缘
5629-num-2,厨师正在清洁一碗汤
5630-num-1,一碗汤正在用厨师清洗
5630-num-2,一个男人正在擦碗的边缘
5631-num-1,厨师正在弄脏一碗汤
5631-num-2,一个男人正在擦碗的边缘
5632-num-1,厨师正在清洁一碗汤
5632-num-2,一个男人正在擦碗的边缘
5633-num-1,吉他是一个孩子弹的
5633-num-2,一个孩子正在弹吉他
5634-num-1,一个孩子正在弹钢琴
5634-num-2,一个孩子正在弹吉他
5635-num-1,一个小男孩在唱歌和弹吉他
5635-num-2,一个孩子在唱歌和弹吉他
5636-num-1,一个小男孩在唱歌和弹吉他
5636-num-2,没有小男孩唱歌和弹吉他
5637-num-1,一个孩子在唱歌和弹吉他
5637-num-2,一个孩子正在弹吉他
5638-num-1,一个孩子正在弹吉他
5638-num-2,没有小男孩唱歌和弹吉他
5639-num-1,一个小男孩在唱歌和弹吉他
5639-num-2,吉他是一个孩子弹的
5640-num-1,一个小男孩在唱歌和弹吉他
5640-num-2,一个孩子正在弹钢琴
5641-num-1,一个小男孩在唱歌和弹吉他
5641-num-2,一个孩子正在弹吉他
5642-num-1,有人在用勺子搅拌一锅辣椒
5642-num-2,用勺子的人搅动一锅辣椒
5643-num-1,没有人用勺子搅拌一锅辣椒
5643-num-2,有人在用勺子搅拌一锅辣椒
5644-num-1,有人在水壶里搅拌辣椒
5644-num-2,有人在锅里搅拌辣椒
5645-num-1,有人没有在水壶里搅拌辣椒
5645-num-2,有人在水壶里搅拌辣椒
5646-num-1,有人在用勺子搅拌一锅辣椒
5646-num-2,有人在锅里搅拌辣椒
5647-num-1,有人在用勺子搅拌一锅辣椒
5647-num-2,有人没有在水壶里搅拌辣椒
5648-num-1,有人在水壶里搅拌辣椒
5648-num-2,用勺子的人搅动一锅辣椒
5649-num-1,没有人用勺子搅拌一锅辣椒
5649-num-2,有人在水壶里搅拌辣椒
5650-num-1,有人在水壶里搅拌辣椒
5650-num-2,有人在用勺子搅拌一锅辣椒
5651-num-1,一个人在餐厅吃饭
5651-num-2,一个人在桌子上吃饭
5652-num-1,一个人在桌子上吃饭
5652-num-2,一个人不在桌子上吃饭
5653-num-1,一个男人正在做床
5653-num-2,一个人正在床
5654-num-1,一个人没有床
5654-num-2,一个人正在床
5655-num-1,一个男人正在做床
5655-num-2,一个人在桌子上吃饭
5656-num-1,一个人没有床
5656-num-2,一个人在桌子上吃饭
5657-num-1,一个人在餐厅吃饭
5657-num-2,一个人正在床
5658-num-1,一个人不在桌子上吃饭
5658-num-2,一个人正在床
5659-num-1,一个人正在床
5659-num-2,一个人在桌子上吃饭
5660-num-1,一只猫在玩一个小瓶子
5660-num-2,动物正在玩小瓶
5661-num-1,一只猫在玩一个小瓶子
5661-num-2,一只猫在玩大瓶子
5662-num-1,猫舔了一个瓶子
5662-num-2,猫正在舔一瓶
5663-num-1,猫正在舔一瓶
5663-num-2,狗正在舔一瓶
5664-num-1,一只猫在玩一个小瓶子
5664-num-2,猫舔了一个瓶子
5665-num-1,一只猫在玩一个小瓶子
5665-num-2,狗正在舔一瓶
5666-num-1,猫正在舔一瓶
5666-num-2,动物正在玩小瓶
5667-num-1,猫正在舔一瓶
5667-num-2,一只猫在玩大瓶子
5668-num-1,猫正在舔一瓶
5668-num-2,一只猫在玩一个小瓶子
5669-num-1,一只小狗躺在床上
5669-num-2,一只小狗躺在床上
5670-num-1,一只小狗躺在床上
5670-num-2,一只小猫躺在床上
5671-num-1,一只小狗躺在床上
5671-num-2,一只小动物躺在床上
5672-num-1,一只小狗躺在床上
5672-num-2,一只小狗躺在床下
5673-num-1,一只小狗躺在床上
5673-num-2,一只小动物躺在床上
5674-num-1,一只小狗躺在床上
5674-num-2,一只小狗躺在床下
5676-num-1,一只小狗躺在床上
5676-num-2,一只小猫躺在床上
5677-num-1,一只小狗躺在床上
5677-num-2,一只小狗躺在床上
5678-num-1,女人正在切黄油
5678-num-2,女人正在切黄油
5679-num-1,女人正在切黄油
5679-num-2,一个男人正在切黄油
5680-num-1,豆腐被一个女人切成薄片
5680-num-2,女人正在切豆腐
5681-num-1,没有女人切豆腐
5681-num-2,女人正在切豆腐
5682-num-1,女人正在切黄油
5682-num-2,豆腐被一个女人切成薄片
5683-num-1,女人正在切黄油
5683-num-2,没有女人切豆腐
5684-num-1,女人正在切豆腐
5684-num-2,女人正在切黄油
5685-num-1,女人正在切豆腐
5685-num-2,一个男人正在切黄油
5686-num-1,女人正在切豆腐
5686-num-2,女人正在切黄油
5688-num-1,这个男人没有弹吉他
5688-num-2,男人在弹吉他
5689-num-1,这个男人在玩头骨
5689-num-2,这个人在玩头骨
5690-num-1,没有男人玩头骨
5690-num-2,这个男人在玩头骨
5691-num-1,这个人在玩头骨
5691-num-2,男人在弹吉他
5692-num-1,男人在弹吉他
5692-num-2,没有男人玩头骨
5693-num-1,这个男人在玩头骨
5693-num-2,男人在演奏乐器
5694-num-1,这个男人没有弹吉他
5694-num-2,这个男人在玩头骨
5695-num-1,男人在弹吉他
5695-num-2,这个男人在玩头骨
5696-num-1,一个男人把一些奶酪放在披萨上
5696-num-2,一个男人在披萨上放一些奶酪
5697-num-1,没有男人在披萨上放一些奶酪
5697-num-2,一个男人在披萨上放一些奶酪
5698-num-1,厨师在披萨上撒了奶酪
5698-num-2,这个男人在披萨上撒了奶酪
5699-num-1,这个男人在披萨上撒了奶酪
5699-num-2,披萨上没有男人撒奶酪
5700-num-1,厨师在披萨上撒了奶酪
5700-num-2,一个男人在披萨上放一些奶酪
5701-num-1,披萨上没有男人撒奶酪
5701-num-2,一个男人在披萨上放一些奶酪
5702-num-1,一个男人把一些奶酪放在披萨上
5702-num-2,这个男人在披萨上撒了奶酪
5703-num-1,没有男人在披萨上放一些奶酪
5703-num-2,这个男人在披萨上撒了奶酪
5704-num-1,这个男人在披萨上撒了奶酪
5704-num-2,一个男人在披萨上放一些奶酪
5705-num-1,一个男人正在射击枪
5705-num-2,一个男人正在开枪
5706-num-1,一个男人正在重新装上shot弹枪
5706-num-2,一个男人正在射击枪
5707-num-1,一个男人正在射击a弹枪
5707-num-2,一个男人正在射击武器
5708-num-1,一个男人正在射击a弹枪
5708-num-2,没有人射击a弹枪
5709-num-1,一个男人正在射击枪
5709-num-2,一个男人正在射击武器
5710-num-1,一个男人正在射击枪
5710-num-2,没有人射击a弹枪
5711-num-1,一个男人正在射击a弹枪
5711-num-2,一个男人正在开枪
5712-num-1,一个男人正在重新装上shot弹枪
5712-num-2,一个男人正在射击a弹枪
5713-num-1,一个男人正在射击a弹枪
5713-num-2,一个男人正在射击枪
5714-num-1,一位著名歌手在天花板上跳舞
5714-num-2,一位伟大的歌手在天花板上跳舞
5715-num-1,天花板上没有著名歌手跳舞
5715-num-2,一位著名歌手在天花板上跳舞
5716-num-1,一个男人在天花板上跳舞
5716-num-2,一个人在天花板上跳舞
5717-num-1,一个男人在地板上跳舞
5717-num-2,一个男人在天花板上跳舞
5718-num-1,一位著名歌手在天花板上跳舞
5718-num-2,一个人在天花板上跳舞
5719-num-1,一个男人在地板上跳舞
5719-num-2,一位著名歌手在天花板上跳舞
5720-num-1,一个男人在天花板上跳舞
5720-num-2,一位伟大的歌手在天花板上跳舞
5721-num-1,一个男人在天花板上跳舞
5721-num-2,天花板上没有著名歌手跳舞
5722-num-1,一位著名歌手在天花板上跳舞
5722-num-2,一个男人在天花板上跳舞
5723-num-1,牛正在吃草
5723-num-2,牛正在放牧
5724-num-1,牛正在吃草
5724-num-2,牛不吃草
5725-num-1,干草被牛吃掉
5725-num-2,一头牛正在吃干草
5726-num-1,牛不吃干草
5726-num-2,一头牛正在吃干草
5727-num-1,干草被牛吃掉
5727-num-2,牛正在吃草
5728-num-1,牛正在吃草
5728-num-2,牛不吃干草
5729-num-1,一头牛正在吃干草
5729-num-2,牛正在放牧
5730-num-1,一头牛正在吃干草
5730-num-2,牛不吃草
5731-num-1,牛正在吃草
5731-num-2,一头牛正在吃干草
5732-num-1,一个男人正在吃午餐
5732-num-2,一个男人在吃东西
5733-num-1,一个男人呕吐
5733-num-2,一个男人在吃东西
5734-num-1,女人正在优雅跳舞
5734-num-2,女人在跳舞
5735-num-1,女人在跳舞
5735-num-2,女人在睡觉
5736-num-1,一个男人在吃东西
5736-num-2,女人正在优雅跳舞
5737-num-1,一个男人在吃东西
5737-num-2,女人在睡觉
5738-num-1,一个男人正在吃午餐
5738-num-2,女人在跳舞
5739-num-1,女人在跳舞
5739-num-2,一个男人呕吐
5740-num-1,一个男人在吃东西
5740-num-2,女人在跳舞
5741-num-1,一个婴儿正在玩洋娃娃
5741-num-2,一个婴儿正在玩玩具
5742-num-1,婴儿没有玩洋娃娃
5742-num-2,一个婴儿正在玩洋娃娃
5743-num-1,老虎幼崽在玩球
5743-num-2,小老虎在玩球
5744-num-1,小老虎在玩球
5744-num-2,没有婴儿老虎玩球
5745-num-1,老虎幼崽在玩球
5745-num-2,一个婴儿正在玩洋娃娃
5746-num-1,一个婴儿正在玩洋娃娃
5746-num-2,没有婴儿老虎玩球
5747-num-1,一个婴儿正在玩玩具
5747-num-2,小老虎在玩球
5748-num-1,小老虎在玩球
5748-num-2,婴儿没有玩洋娃娃
5749-num-1,小老虎在玩球
5749-num-2,一个婴儿正在玩洋娃娃
5750-num-1,这个男人正在草坪上玩游戏
5750-num-2,这个男人在草地上玩游戏
5751-num-1,这个男人在草地上玩游戏
5751-num-2,没有男人在草地上玩游戏
5752-num-1,犀牛在草地上放牧
5752-num-2,动物在草地上放牧
5753-num-1,犀牛在草地上放牧
5753-num-2,草地上没有犀牛放牧
5754-num-1,这个男人在草地上玩游戏
5754-num-2,动物在草地上放牧
5755-num-1,这个男人在草地上玩游戏
5755-num-2,草地上没有犀牛放牧
5756-num-1,这个男人正在草坪上玩游戏
5756-num-2,犀牛在草地上放牧
5757-num-1,犀牛在草地上放牧
5757-num-2,没有男人在草地上玩游戏
5758-num-1,这个男人在草地上玩游戏
5758-num-2,犀牛在草地上放牧
5759-num-1,一个男人在和一个女人说话
5759-num-2,一个男人和一个女人在说话
5760-num-1,一个男人在和一个男孩说话
5760-num-2,一个男人在和一个女人说话
5761-num-1,一个女人在和男人说话
5761-num-2,一个男人在和一个女人说话
5762-num-1,女人正在破裂鸡蛋
5762-num-2,女人正在打破鸡蛋
5763-num-1,一个男人正在破裂鸡蛋
5763-num-2,女人正在破裂鸡蛋
5764-num-1,一个男人在和一个女人说话
5764-num-2,女人正在打破鸡蛋
5765-num-1,一个男人正在破裂鸡蛋
5765-num-2,一个男人在和一个女人说话
5766-num-1,一个男人和一个女人在说话
5766-num-2,女人正在破裂鸡蛋
5767-num-1,女人正在破裂鸡蛋
5767-num-2,一个男人在和一个男孩说话
5768-num-1,一个女人在和男人说话
5768-num-2,女人正在破裂鸡蛋
5769-num-1,一个男人在和一个女人说话
5769-num-2,女人正在破裂鸡蛋
5770-num-1,一个男人正在骑自行车
5770-num-2,一个男人骑自行车
5771-num-1,一个男人骑自行车
5771-num-2,一个男人不骑自行车
5772-num-1,一个男人正在骑电动自行车
5772-num-2,一个人正在骑电动自行车
5773-num-1,一个男人正在骑电动自行车
5773-num-2,没有人骑电动自行车
5774-num-1,一个人正在骑电动自行车
5774-num-2,一个男人骑自行车
5775-num-1,一个男人骑自行车
5775-num-2,没有人骑电动自行车
5776-num-1,一个男人正在骑电动自行车
5776-num-2,一个男人正在骑自行车
5777-num-1,一个男人正在骑电动自行车
5777-num-2,一个男人不骑自行车
5778-num-1,一个男人正在骑电动自行车
5778-num-2,一个男人骑自行车
5779-num-1,一只猫跳入容器中
5779-num-2,一只猫跳入盒子里
5780-num-1,一只狗跳入盒子里
5780-num-2,一只猫跳入盒子里
5781-num-1,一个男孩在和叶子说话
5781-num-2,一个年轻人正在和一片叶子说话
5782-num-1,一个老人正在和一片叶子说话
5782-num-2,一个年轻人正在和一片叶子说话
5783-num-1,一个男孩在和叶子说话
5783-num-2,一只猫跳入盒子里
5784-num-1,一个老人正在和一片叶子说话
5784-num-2,一只猫跳入盒子里
5785-num-1,一只猫跳入容器中
5785-num-2,一个年轻人正在和一片叶子说话
5786-num-1,一个年轻人正在和一片叶子说话
5786-num-2,一只狗跳入盒子里
5787-num-1,一只猫跳入盒子里
5787-num-2,一个年轻人正在和一片叶子说话
5788-num-1,一条鱼被男人割
5788-num-2,一个人正在割鱼
5789-num-1,没有人割鱼
5789-num-2,一个人正在割鱼
5790-num-1,一个人正在切一条鱼
5790-num-2,一条鱼被男人切成薄片
5791-num-1,一个人正在切一条鱼
5791-num-2,女人正在切一条鱼
5792-num-1,一个人正在割鱼
5792-num-2,一条鱼被男人切成薄片
5793-num-1,一个人正在割鱼
5793-num-2,女人正在切一条鱼
5794-num-1,一个人正在切一条鱼
5794-num-2,一条鱼被男人割
5795-num-1,一个人正在切一条鱼
5795-num-2,没有人割鱼
5796-num-1,一个人正在切一条鱼
5796-num-2,一个人正在割鱼
5797-num-1,一个人正在油炸一些食物
5797-num-2,一个人正在烹饪一些食物
5798-num-1,一个人不油炸
5798-num-2,一个人正在油炸一些食物
5799-num-1,一个人正在剥土豆
5799-num-2,土豆被一个人剥皮
5800-num-1,一个人正在剥土豆
5800-num-2,没有人剥土豆
5801-num-1,土豆被一个人剥皮
5801-num-2,一个人正在油炸一些食物
5802-num-1,没有人剥土豆
5802-num-2,一个人正在油炸一些食物
5803-num-1,一个人正在烹饪一些食物
5803-num-2,一个人正在剥土豆
5804-num-1,一个人不油炸
5804-num-2,一个人正在剥土豆
5805-num-1,一个人正在油炸一些食物
5805-num-2,一个人正在剥土豆
5806-num-1,一个男人正在划独木舟
5806-num-2,一个男人正在划船
5807-num-1,一个男人正在划船
5807-num-2,女人正在划船
5808-num-1,一个男人用枪射击
5808-num-2,一个男人正在用武器射击
5809-num-1,一个男人用弓射击
5809-num-2,一个男人用枪射击
5810-num-1,一个男人正在划船
5810-num-2,一个男人正在用武器射击
5811-num-1,一个男人用弓射击
5811-num-2,一个男人正在划船
5812-num-1,一个男人用枪射击
5812-num-2,一个男人正在划独木舟
5813-num-1,一个男人用枪射击
5813-num-2,女人正在划船
5814-num-1,一个男人正在划船
5814-num-2,一个男人用枪射击
5815-num-1,一个女人正在切番茄
5815-num-2,一个女人正在切番茄
5816-num-1,一个男人正在切番茄
5816-num-2,一个女人正在切番茄
5817-num-1,一个女人在大火附近跳舞
5817-num-2,一个女人在壁炉附近跳舞
5818-num-1,一个女人在大火附近跳舞
5818-num-2,在大火附近没有女人跳舞
5819-num-1,一个女人正在切番茄
5819-num-2,一个女人在壁炉附近跳舞
5820-num-1,在大火附近没有女人跳舞
5820-num-2,一个女人正在切番茄
5821-num-1,一个女人正在切番茄
5821-num-2,一个女人在大火附近跳舞
5822-num-1,一个男人正在切番茄
5822-num-2,一个女人在大火附近跳舞
5823-num-1,一个女人正在切番茄
5823-num-2,一个女人在大火附近跳舞
5824-num-1,一个女孩正在弹吉他
5824-num-2,一个女孩在弹吉他
5825-num-1,一个女孩在弹吉他
5825-num-2,一个男孩正在弹吉他
5828-num-1,一个男人正在弹吉他
5828-num-2,一个女孩在弹吉他
5829-num-1,一个女孩在弹吉他
5829-num-2,男人没有弹吉他
5830-num-1,一个女孩正在弹吉他
5830-num-2,一个男人在弹吉他
5831-num-1,一个男人在弹吉他
5831-num-2,一个男孩正在弹吉他
5832-num-1,一个男人在弹吉他
5832-num-2,一个女孩在弹吉他
5833-num-1,一个男人正在跳下一块岩石
5833-num-2,一个男人正在悬崖跳下
5834-num-1,一个男人正在悬崖跳下
5834-num-2,没有人从悬崖上潜水
5835-num-1,一个男人正在骑摩托车
5835-num-2,一个男人正在骑摩托车
5837-num-1,一个男人正在骑摩托车
5837-num-2,一个男人正在悬崖跳下
5838-num-1,一个男人正在悬崖跳下
5838-num-2,没有人骑摩托车
5839-num-1,一个男人正在骑摩托车
5839-num-2,一个男人正在跳下一块岩石
5840-num-1,一个男人正在骑摩托车
5840-num-2,没有人从悬崖上潜水
5841-num-1,一个男人正在悬崖跳下
5841-num-2,一个男人正在骑摩托车
5842-num-1,男人在弹吉他
5842-num-2,男人在演奏乐器
5843-num-1,女人在弹吉他
5843-num-2,男人在弹吉他
5844-num-1,男人在弹吉他
5844-num-2,这个人正在弹吉他
5845-num-1,没有人弹吉他
5845-num-2,男人在弹吉他
5847-num-1,男人在弹吉他
5847-num-2,没有人弹吉他
5849-num-1,男人在弹吉他
5849-num-2,女人在弹吉他
5851-num-1,一个女人在水中沸腾
5851-num-2,一个女人在水中煮沸面条
5852-num-1,一个女人在水中沸腾
5852-num-2,一个男人在水中沸腾
5853-num-1,有人在水中搅拌面条
5853-num-2,有人在水中搅动食物
5854-num-1,有人在水中搅拌面条
5854-num-2,没有人在水中搅拌面条
5855-num-1,一个女人在水中沸腾
5855-num-2,有人在水中搅动食物
5856-num-1,一个女人在水中沸腾
5856-num-2,没有人在水中搅拌面条
5857-num-1,有人在水中搅拌面条
5857-num-2,一个女人在水中煮沸面条
5858-num-1,有人在水中搅拌面条
5858-num-2,一个男人在水中沸腾
5859-num-1,一个女人在水中沸腾
5859-num-2,有人在水中搅拌面条
5860-num-1,女人在唱歌和跳舞
5860-num-2,这些人在唱歌和跳舞
5861-num-1,女人没有唱歌和跳舞
5861-num-2,女人在唱歌和跳舞
5862-num-1,两个女人在人群面前跳舞和唱歌
5862-num-2,两个女人在许多人面前跳舞和唱歌
5863-num-1,两个女人在人群面前跳舞和唱歌
5863-num-2,两个男人在人群面前跳舞和唱歌
5864-num-1,两个女人在许多人面前跳舞和唱歌
5864-num-2,女人在唱歌和跳舞
5865-num-1,两个男人在人群面前跳舞和唱歌
5865-num-2,女人在唱歌和跳舞
5866-num-1,两个女人在人群面前跳舞和唱歌
5866-num-2,这些人在唱歌和跳舞
5867-num-1,女人没有唱歌和跳舞
5867-num-2,两个女人在人群面前跳舞和唱歌
5868-num-1,两个女人在人群面前跳舞和唱歌
5868-num-2,女人在唱歌和跳舞
5869-num-1,狐猴正在咬人的手指
5869-num-2,动物正在咬人的手指
5870-num-1,狐猴正在舔一个人的手指
5870-num-2,狐猴正在咬人的手指
5871-num-1,动物正在咬人的手指
5871-num-2,动物咬人的手
5873-num-1,狐猴正在咬人的手指
5873-num-2,动物咬人的手
5875-num-1,动物正在咬人的手指
5875-num-2,动物正在咬人的手指
5876-num-1,狐猴正在舔一个人的手指
5876-num-2,动物正在咬人的手指
5877-num-1,狐猴正在咬人的手指
5877-num-2,动物正在咬人的手指
5878-num-1,一个男孩在半管上滑板
5878-num-2,一个男人在半管上滑板
5879-num-1,一个男人在半管上滑板
5879-num-2,一个女孩在半管上滑板
5880-num-1,滑板手正在半管上做杂技
5880-num-2,滑板手在半管上做技巧
5881-num-1,滑板手从半管上掉下来
5881-num-2,滑板手在半管上做技巧
5882-num-1,滑板手正在半管上做杂技
5882-num-2,一个男人在半管上滑板
5883-num-1,一个男人在半管上滑板
5883-num-2,滑板手从半管上掉下来
5884-num-1,滑板手在半管上做技巧
5884-num-2,一个男孩在半管上滑板
5885-num-1,一个女孩在半管上滑板
5885-num-2,滑板手在半管上做技巧
5886-num-1,滑板手在半管上做技巧
5886-num-2,一个男人在半管上滑板
5887-num-1,一只大狗在地面上奔跑
5887-num-2,一只狗在地面上奔跑
5888-num-1,一只狗坐在地上
5888-num-2,一只狗在地面上奔跑
5889-num-1,这个女孩正在敲指甲
5889-num-2,一个女孩正在敲指甲
5890-num-1,一个女孩正在敲指甲
5890-num-2,一个男孩在敲指甲
5891-num-1,一只狗在地面上奔跑
5891-num-2,这个女孩正在敲指甲
5892-num-1,一个男孩在敲指甲
5892-num-2,一只狗在地面上奔跑
5893-num-1,一个女孩正在敲指甲
5893-num-2,一只大狗在地面上奔跑
5894-num-1,一只狗坐在地上
5894-num-2,一个女孩正在敲指甲
5895-num-1,一只狗在地面上奔跑
5895-num-2,一个女孩正在敲指甲
5896-num-1,一个男人和一个女人在车上开车
5896-num-2,一个男人和一个女人用露天车开路
5897-num-1,一个男人和一个女人用露天车开路
5897-num-2,有两个男人乘坐露天驾驶道路
5898-num-1,一个男人和一个女人在吉普车上沿着街上开车
5898-num-2,两个人乘坐吉普车在街上开车
5899-num-1,一个男人和一个女人在吉普车上沿着街上开车
5899-num-2,一个男人和一个女人没有乘吉普车沿着街道行驶
5900-num-1,一个男人和一个女人用露天车开路
5900-num-2,两个人乘坐吉普车在街上开车
5901-num-1,一个男人和一个女人没有乘吉普车沿着街道行驶
5901-num-2,一个男人和一个女人用露天车开路
5902-num-1,一个男人和一个女人在吉普车上沿着街上开车
5902-num-2,一个男人和一个女人在车上开车
5903-num-1,有两个男人乘坐露天驾驶道路
5903-num-2,一个男人和一个女人在吉普车上沿着街上开车
5904-num-1,一个男人和一个女人在吉普车上沿着街上开车
5904-num-2,一个男人和一个女人用露天车开路
5905-num-1,成分被一个女人倒入碗中
5905-num-2,一个女人正在将食材倒入碗中
5906-num-1,没有女人把食材倒入碗中
5906-num-2,一个女人正在将食材倒入碗中
5907-num-1,厨师正在调味油
5907-num-2,女人正在调味油
5908-num-1,女人没有调味油
5908-num-2,女人正在调味油
5909-num-1,一个女人正在将食材倒入碗中
5909-num-2,厨师正在调味油
5910-num-1,女人没有调味油
5910-num-2,一个女人正在将食材倒入碗中
5911-num-1,成分被一个女人倒入碗中
5911-num-2,女人正在调味油
5912-num-1,女人正在调味油
5912-num-2,没有女人把食材倒入碗中
5913-num-1,一个女人正在将食材倒入碗中
5913-num-2,女人正在调味油
5914-num-1,一匹马被一个人骑
5914-num-2,一个人骑马
5915-num-1,一个人骑马
5915-num-2,一个人正在骑摩托车
5916-num-1,土豆被一个女人切成薄片
5916-num-2,女人正在切土豆
5917-num-1,没有女人切土豆
5917-num-2,女人正在切土豆
5918-num-1,一个人骑马
5918-num-2,土豆被一个女人切成薄片
5919-num-1,一个人骑马
5919-num-2,没有女人切土豆
5920-num-1,一匹马被一个人骑
5920-num-2,女人正在切土豆
5921-num-1,一个人正在骑摩托车
5921-num-2,女人正在切土豆
5922-num-1,女人正在切土豆
5922-num-2,一个人骑马
5923-num-1,这个男人正在训练
5923-num-2,男人正在做练习
5924-num-1,这个人没有做练习
5924-num-2,男人正在做练习
5925-num-1,两个男人正在拳击
5925-num-2,两个人在战斗
5926-num-1,两个人拥抱
5926-num-2,两个人在战斗
5927-num-1,男人正在做练习
5927-num-2,两个男人正在拳击
5928-num-1,两个人拥抱
5928-num-2,男人正在做练习
5929-num-1,这个男人正在训练
5929-num-2,两个人在战斗
5930-num-1,这个人没有做练习
5930-num-2,两个人在战斗
5931-num-1,两个人在战斗
5931-num-2,男人正在做练习
5932-num-1,一个男人把蔬菜放入锅里
5932-num-2,蔬菜被男人放在锅里
5933-num-1,一个人正在从锅中除去蔬菜
5933-num-2,一个男人把蔬菜放入锅里
5934-num-1,有人将食材倒入锅中
5934-num-2,有人在锅中添加成分
5935-num-1,没有人将食材倒入锅中
5935-num-2,有人将食材倒入锅中
5936-num-1,一个男人把蔬菜放入锅里
5936-num-2,有人在锅中添加成分
5937-num-1,没有人将食材倒入锅中
5937-num-2,一个男人把蔬菜放入锅里
5938-num-1,蔬菜被男人放在锅里
5938-num-2,有人将食材倒入锅中
5939-num-1,有人将食材倒入锅中
5939-num-2,一个人正在从锅中除去蔬菜
5940-num-1,一个男人把蔬菜放入锅里
5940-num-2,有人将食材倒入锅中
5941-num-1,这个人站在岩石山上，灰色云在背景中
5941-num-2,这个人站在山上，岩石，灰色云在背景中
5942-num-1,这个人站在岩石山上，灰色云在背景中
5942-num-2,这个男人不站在岩石山上，灰色乌云不在背景中
5943-num-1,一个裸照的背包的人在一堆岩石和云层面前
5943-num-2,一个带有背包的裸照人在一堆岩石上，云在后台
5944-num-1,一个带有背包的裸照人在一堆岩石上，云在后台
5944-num-2,一个穿着整齐的人在一堆岩石后面，晴朗的天空在后台
5945-num-1,一个黑色的裸照人正在包装一堆岩石，云的前面在背景中
5945-num-2,一个带有背包的裸照人在一堆岩石上，云在后台
5946-num-1,一个裸照的背包的人在一堆岩石和云层面前
5946-num-2,这个人站在岩石山上，灰色云在背景中
5947-num-1,这个人站在岩石山上，灰色云在背景中
5947-num-2,一个穿着整齐的人在一堆岩石后面，晴朗的天空在后台
5948-num-1,这个人站在岩石山上，灰色云在背景中
5948-num-2,一个黑色的裸照人正在包装一堆岩石，云的前面在背景中
5949-num-1,一个带有背包的裸照人在一堆岩石上，云在后台
5949-num-2,这个人站在山上，岩石，灰色云在背景中
5950-num-1,这个男人不站在岩石山上，灰色乌云不在背景中
5950-num-2,一个带有背包的裸照人在一堆岩石上，云在后台
5951-num-1,一个带有背包的裸照人在一堆岩石上，云在后台
5951-num-2,这个人站在岩石山上，灰色云在背景中
5952-num-1,那只狗正在接球
5952-num-2,狗正在接球
5953-num-1,狗正在接球
5953-num-2,没有狗接球
5954-num-1,一只狗疯狂地追逐一个球
5954-num-2,一只狗在污垢中追逐球
5955-num-1,一只狗把球留在泥土中
5955-num-2,一只狗在污垢中追逐球
5956-num-1,狗正在接球
5956-num-2,一只狗疯狂地追逐一个球
5957-num-1,狗正在接球
5957-num-2,一只狗把球留在泥土中
5958-num-1,一只狗在污垢中追逐球
5958-num-2,那只狗正在接球
5959-num-1,一只狗在污垢中追逐球
5959-num-2,没有狗接球
5960-num-1,一只狗在污垢中追逐球
5960-num-2,狗正在接球
5961-num-1,一个穿着蓝色衬衫的男孩脸上有污垢
5961-num-2,一个穿着蓝色染色衬衫的男孩在他的脸上有污垢
5962-num-1,裸照男孩的脸很干净
5962-num-2,一个穿着蓝色衬衫的男孩脸上有污垢
5963-num-1,一个男孩的脸上有蓝色的脸，衬衫上有污垢
5963-num-2,一个穿着蓝色衬衫的男孩脸上有污垢
5964-num-1,一个有金发的孩子正在拿着黄色的瓶子
5964-num-2,一个金发的孩子拿着一个黄色的瓶子
5965-num-1,一个金发的孩子拿着一个黄色的瓶子
5965-num-2,没有金发的孩子抱着黄色的瓶子
5966-num-1,一个有金发的孩子正在拿着黄色的瓶子
5966-num-2,一个穿着蓝色衬衫的男孩脸上有污垢
5967-num-1,一个穿着蓝色衬衫的男孩脸上有污垢
5967-num-2,没有金发的孩子抱着黄色的瓶子
5968-num-1,一个穿着蓝色染色衬衫的男孩在他的脸上有污垢
5968-num-2,一个金发的孩子拿着一个黄色的瓶子
5969-num-1,裸照男孩的脸很干净
5969-num-2,一个金发的孩子拿着一个黄色的瓶子
5970-num-1,一个金发的孩子拿着一个黄色的瓶子
5970-num-2,一个男孩的脸上有蓝色的脸，衬衫上有污垢
5971-num-1,一个穿着蓝色衬衫的男孩脸上有污垢
5971-num-2,一个金发的孩子拿着一个黄色的瓶子
5972-num-1,一个戴着帽子的男人在商店里起步
5972-num-2,一个戴着帽子的男人在商店里行走
5973-num-1,一个戴着帽子的男人在商店里行走
5973-num-2,一个戴着帽子的男人走过商店
5974-num-1,沃克在男人的帽子店里
5974-num-2,一个戴着帽子的男人在商店里行走
5975-num-1,那个适合牛仔的帽子戴着帽子正在漫步在市场上，并把手放在口袋里
5975-num-2,戴着牛仔帽子的那个人正在市场上行走，并把手放在口袋里
5976-num-1,戴着牛仔帽子的那个人正在市场上行走，并把手放在口袋里
5976-num-2,戴着牛仔帽子的那个人没有走过市场，也没有把手放在口袋里
5977-num-1,那个适合牛仔的帽子戴着帽子正在漫步在市场上，并把手放在口袋里
5977-num-2,一个戴着帽子的男人在商店里行走
5978-num-1,一个戴着帽子的男人在商店里行走
5978-num-2,戴着牛仔帽子的那个人没有走过市场，也没有把手放在口袋里
5979-num-1,一个戴着帽子的男人在商店里起步
5979-num-2,戴着牛仔帽子的那个人正在市场上行走，并把手放在口袋里
5980-num-1,戴着牛仔帽子的那个人正在市场上行走，并把手放在口袋里
5980-num-2,一个戴着帽子的男人走过商店
5981-num-1,戴着牛仔帽子的那个人正在市场上行走，并把手放在口袋里
5981-num-2,沃克在男人的帽子店里
5982-num-1,一个戴着帽子的男人在商店里行走
5982-num-2,戴着牛仔帽子的那个人正在市场上行走，并把手放在口袋里
5983-num-1,一个大的白色起重机在水附近飞行
5983-num-2,大而白色的起重机在水附近飞行
5984-num-1,一个大型白色起重机在水面上空飞行
5984-num-2,一个大的白色起重机在水附近飞行
5985-num-1,一只白鸟迅速降落在水中
5985-num-2,白鸟迅速降落在水中
5986-num-1,一只白鸟迅速从水中脱下
5986-num-2,一只白鸟迅速降落在水中
5987-num-1,一只白鸟附近的土地迅速浇水
5987-num-2,一只白鸟迅速降落在水中
5988-num-1,白鸟迅速降落在水中
5988-num-2,一个大的白色起重机在水附近飞行
5989-num-1,一个大的白色起重机在水附近飞行
5989-num-2,一只白鸟迅速从水中脱下
5990-num-1,一只白鸟附近的土地迅速浇水
5990-num-2,一个大的白色起重机在水附近飞行
5991-num-1,一只白鸟迅速降落在水中
5991-num-2,大而白色的起重机在水附近飞行
5992-num-1,一个大型白色起重机在水面上空飞行
5992-num-2,一只白鸟迅速降落在水中
5993-num-1,一只白鸟迅速降落在水中
5993-num-2,一个大的白色起重机在水附近飞行
5994-num-1,一只棕色的狗平静地站在水中
5994-num-2,一只棕色的狗站在水里
5995-num-1,水中没有棕色的狗
5995-num-2,一只棕色的狗站在水里
5996-num-1,一只金毛的狗在水中
5996-num-2,一条带有金色外套的狗在水中
5997-num-1,一只金毛的狗在水中
5997-num-2,一只金毛的狗从水中出来
5998-num-1,一条带有金色外套的狗在水中
5998-num-2,一只棕色的狗站在水里
5999-num-1,一只金毛的狗从水中出来
5999-num-2,一只棕色的狗站在水里
6000-num-1,一只金毛的狗在水中
6000-num-2,一只棕色的狗平静地站在水中
6001-num-1,水中没有棕色的狗
6001-num-2,一只金毛的狗在水中
6002-num-1,一只金毛的狗在水中
6002-num-2,一只棕色的狗站在水里
6003-num-1,一件看起来年轻的蓝色衬衫的女孩正在人行道上行走，举起粉红色的标志
6003-num-2,一个穿着蓝色衬衫的年轻女孩在人行道上行走，举起粉红色的标志
6004-num-1,一个穿着蓝色衬衫的年轻女孩在人行道上行走，举起粉红色的标志
6004-num-2,没有穿着蓝色衬衫的年轻女孩在人行道上行走，举起粉红色的标志
6005-num-1,一个穿着蓝色衬衫的年轻女孩在人行道上行走，举起粉红色的标志
6005-num-2,一个粉红色标志的年轻女孩举起蓝色衬衫，正在人行道上行走
6006-num-1,这个女孩正在携带一个标志，一群人在跟随她
6006-num-2,这个女孩携带一个标志，紧随其后的是一群人
6007-num-1,这个女孩正在携带一个标志，一群人在跟随她
6007-num-2,这个女孩没有携带迹象，没有一群人跟随她
6008-num-1,一个穿着蓝色衬衫的年轻女孩在人行道上行走，举起粉红色的标志
6008-num-2,这个女孩携带一个标志，紧随其后的是一群人
6009-num-1,这个女孩没有携带迹象，没有一群人跟随她
6009-num-2,一个穿着蓝色衬衫的年轻女孩在人行道上行走，举起粉红色的标志
6010-num-1,这个女孩正在携带一个标志，一群人在跟随她
6010-num-2,一件看起来年轻的蓝色衬衫的女孩正在人行道上行走，举起粉红色的标志
6011-num-1,这个女孩正在携带一个标志，一群人在跟随她
6011-num-2,没有穿着蓝色衬衫的年轻女孩在人行道上行走，举起粉红色的标志
6012-num-1,一个粉红色标志的年轻女孩举起蓝色衬衫，正在人行道上行走
6012-num-2,这个女孩正在携带一个标志，一群人在跟随她
6013-num-1,这个女孩正在携带一个标志，一群人在跟随她
6013-num-2,一个穿着蓝色衬衫的年轻女孩在人行道上行走，举起粉红色的标志
6014-num-1,一个大城市的一个人正在举起标志，乞求钱
6014-num-2,一个大城市中的一个人拿着标志，乞求钱
6015-num-1,一个大城市中的一个人拿着标志，乞求钱
6015-num-2,一个小城市的男人正在做慈善工作
6016-num-1,一个大城市正在乞求男人和货币持有人
6016-num-2,一个大城市中的一个人拿着标志，乞求钱
6017-num-1,一个无家可归的人举起标志，乞求钱
6017-num-2,一个无家可归的人举起一个标志，可怜地乞求钱
6018-num-1,一个无家可归的人举起标志，乞求钱
6018-num-2,一个无家可归的人放下标志，拒绝了一些慈善机构
6019-num-1,一个无家可归的人举起一个标志，可怜地乞求钱
6019-num-2,一个大城市中的一个人拿着标志，乞求钱
6020-num-1,一个大城市中的一个人拿着标志，乞求钱
6020-num-2,一个无家可归的人放下标志，拒绝了一些慈善机构
6021-num-1,一个大城市的一个人正在举起标志，乞求钱
6021-num-2,一个无家可归的人举起标志，乞求钱
6022-num-1,一个无家可归的人举起标志，乞求钱
6022-num-2,一个小城市的男人正在做慈善工作
6023-num-1,一个大城市正在乞求男人和货币持有人
6023-num-2,一个无家可归的人举起标志，乞求钱
6024-num-1,一个无家可归的人举起标志，乞求钱
6024-num-2,一个大城市中的一个人拿着标志，乞求钱
6025-num-1,一只小狗正在追逐一头大棕母牛
6025-num-2,一只小狗正在追逐一头大棕母牛
6026-num-1,一只小狗正在追逐一头大棕母牛
6026-num-2,没有小狗追逐一头大棕母牛
6027-num-1,一只狗在草地上追逐动物的尾巴
6027-num-2,动物的尾巴在草丛中追逐
6028-num-1,一只狗从草丛中的动物尾部走开
6028-num-2,一只狗在草地上追逐动物的尾巴
6029-num-1,一只小狗正在追逐一头大棕母牛
6029-num-2,动物的尾巴在草丛中追逐
6030-num-1,一只小狗正在追逐一头大棕母牛
6030-num-2,一只狗从草丛中的动物尾部走开
6031-num-1,一只狗在草地上追逐动物的尾巴
6031-num-2,一只小狗正在追逐一头大棕母牛
6032-num-1,没有小狗追逐一头大棕母牛
6032-num-2,一只狗在草地上追逐动物的尾巴
6033-num-1,一只狗在草地上追逐动物的尾巴
6033-num-2,一只小狗正在追逐一头大棕母牛
6034-num-1,小孩正在穿过水中，并由另一个人指导
6034-num-2,小孩在水中涉水，并由另一个人指导
6035-num-1,小孩在水中涉水，并由另一个人指导
6035-num-2,小孩不是在水中涉水，也没有被另一个人指导
6036-num-1,一个小孩在水中溅出
6036-num-2,幼儿在水中溅出
6037-num-1,一个小孩在水中溅出
6037-num-2,没有小孩在水中溅出
6038-num-1,一个幼儿正在浇灌植物
6038-num-2,一个小孩在水中溅出
6039-num-1,幼儿在水中溅出
6039-num-2,小孩在水中涉水，并由另一个人指导
6040-num-1,小孩在水中涉水，并由另一个人指导
6040-num-2,没有小孩在水中溅出
6041-num-1,小孩在水中涉水，并由另一个人指导
6041-num-2,一个幼儿正在浇灌植物
6042-num-1,小孩正在穿过水中，并由另一个人指导
6042-num-2,一个小孩在水中溅出
6043-num-1,一个小孩在水中溅出
6043-num-2,小孩不是在水中涉水，也没有被另一个人指导
6044-num-1,小孩在水中涉水，并由另一个人指导
6044-num-2,一个小孩在水中溅出
6045-num-1,一个女人好奇地看着男人
6045-num-2,一个男人好奇地看着一个女人
6046-num-1,一个女人无视男人
6046-num-2,一个女人好奇地看着男人
6047-num-1,一个男人和一个女人在一个房间里涂有米色的房间，穿着深色衬衫，监视器在后台
6047-num-2,一个男人和一个女人在米色房间里，穿着深色衬衫，监视器在后台
6048-num-1,男人和一个女人在外面，穿着浅色衬衫
6048-num-2,一个男人和一个女人在米色房间里，穿着深色衬衫，监视器在后台
6049-num-1,一个女人好奇地看着男人
6049-num-2,一个男人和一个女人在一个房间里涂有米色的房间，穿着深色衬衫，监视器在后台
6050-num-1,一个女人好奇地看着男人
6050-num-2,男人和一个女人在外面，穿着浅色衬衫
6051-num-1,一个男人好奇地看着一个女人
6051-num-2,一个男人和一个女人在米色房间里，穿着深色衬衫，监视器在后台
6052-num-1,一个女人无视男人
6052-num-2,一个男人和一个女人在米色房间里，穿着深色衬衫，监视器在后台
6053-num-1,一个女人好奇地看着男人
6053-num-2,一个男人和一个女人在米色房间里，穿着深色衬衫，监视器在后台
6054-num-1,那只小狗嘴里抓住卧室拖鞋的嘴很有趣
6054-num-2,小狗用嘴抓住卧室拖鞋
6055-num-1,小狗从嘴里掉下卧室拖鞋
6055-num-2,小狗用嘴抓住卧室拖鞋
6056-num-1,一只棕色的狗正在仔细看棕色和白狗
6056-num-2,一只棕色的狗专心凝视着一只棕色和白狗
6057-num-1,一只棕色的狗专心凝视着一只棕色和白狗
6057-num-2,没有棕色的狗注意到一只棕色和白狗
6058-num-1,一只棕色的狗正在仔细看棕色和白狗
6058-num-2,小狗用嘴抓住卧室拖鞋
6059-num-1,没有棕色的狗注意到一只棕色和白狗
6059-num-2,小狗用嘴抓住卧室拖鞋
6060-num-1,一只棕色的狗专心凝视着一只棕色和白狗
6060-num-2,那只小狗嘴里抓住卧室拖鞋的嘴很有趣
6061-num-1,一只棕色的狗专心凝视着一只棕色和白狗
6061-num-2,小狗从嘴里掉下卧室拖鞋
6062-num-1,小狗用嘴抓住卧室拖鞋
6062-num-2,一只棕色的狗专心凝视着一只棕色和白狗
6063-num-1,这个男人正在表演大跳跃
6063-num-2,一个男人正在表演大大的跳跃
6064-num-1,这个男人正在表演大跳跃
6064-num-2,这个男人没有表现大跳跃
6065-num-1,穿着蓝色外套的人从高高的水泥墙上跳下来
6065-num-2,穿着蓝色夹克的人从高高的水泥墙上跳下来
6066-num-1,穿着蓝色外套的人从高高的水泥墙上跳下来
6066-num-2,穿着蓝色外套的人正在跳到高高的水泥墙上
6067-num-1,一个人正在巩固蓝色高墙的夹克，跳跃
6067-num-2,穿着蓝色外套的人从高高的水泥墙上跳下来
6068-num-1,穿着蓝色夹克的人从高高的水泥墙上跳下来
6068-num-2,这个男人正在表演大跳跃
6069-num-1,这个男人正在表演大跳跃
6069-num-2,穿着蓝色外套的人正在跳到高高的水泥墙上
6070-num-1,一个人正在巩固蓝色高墙的夹克，跳跃
6070-num-2,这个男人正在表演大跳跃
6071-num-1,穿着蓝色外套的人从高高的水泥墙上跳下来
6071-num-2,一个男人正在表演大大的跳跃
6072-num-1,穿着蓝色外套的人从高高的水泥墙上跳下来
6072-num-2,这个男人没有表现大跳跃
6073-num-1,穿着蓝色外套的人从高高的水泥墙上跳下来
6073-num-2,这个男人正在表演大跳跃
6074-num-1,穿着牛仔裤的女人坐在马鞍上
6074-num-2,穿牛仔裤的女人坐在马的马鞍上
6075-num-1,穿着牛仔裤的女人坐在马鞍上
6075-num-2,穿着牛仔裤的女人正站在一匹马附近
6076-num-1,一个穿着牛仔裤的人快乐地坐在马鞍的顶部
6076-num-2,穿着牛仔裤的人坐在马鞍上
6077-num-1,穿着牛仔裤的人坐在马鞍上
6077-num-2,没有人穿牛仔裤坐在马鞍上
6078-num-1,一个穿着牛仔裤的人快乐地坐在马鞍的顶部
6078-num-2,穿着牛仔裤的女人坐在马鞍上
6079-num-1,穿着牛仔裤的女人坐在马鞍上
6079-num-2,没有人穿牛仔裤坐在马鞍上
6080-num-1,穿牛仔裤的女人坐在马的马鞍上
6080-num-2,穿着牛仔裤的人坐在马鞍上
6081-num-1,穿着牛仔裤的人坐在马鞍上
6081-num-2,穿着牛仔裤的女人正站在一匹马附近
6082-num-1,穿着牛仔裤的女人坐在马鞍上
6082-num-2,穿着牛仔裤的人坐在马鞍上
6083-num-1,棕色的狗和红狗在海滩上嬉戏
6083-num-2,一只棕色的狗和一只红狗在海滩上嬉戏
6084-num-1,一只棕色的狗和一只红狗可悲地坐在海滩上
6084-num-2,一只棕色的狗和一只红狗在海滩上嬉戏
6085-num-1,棕色的狗在沙滩上嬉戏地战斗
6085-num-2,棕色的狗在沙质海岸上嬉戏地战斗
6086-num-1,棕色的狗在沙滩上嬉戏地战斗
6086-num-2,棕色的狗没有在沙滩上嬉戏地战斗
6087-num-1,棕色的狗在沙质海岸上嬉戏地战斗
6087-num-2,一只棕色的狗和一只红狗在海滩上嬉戏
6088-num-1,棕色的狗没有在沙滩上嬉戏地战斗
6088-num-2,一只棕色的狗和一只红狗在海滩上嬉戏
6089-num-1,棕色的狗在沙滩上嬉戏地战斗
6089-num-2,棕色的狗和红狗在海滩上嬉戏
6090-num-1,棕色的狗在沙滩上嬉戏地战斗
6090-num-2,一只棕色的狗和一只红狗可悲地坐在海滩上
6091-num-1,一只棕色的狗和一只红狗在海滩上嬉戏
6091-num-2,棕色的狗在沙滩上嬉戏地战斗
6092-num-1,这个男人稳步站在鸟笼旁边
6092-num-2,这个男人站在鸟笼旁边
6093-num-1,那个男人坐在鸟笼旁边
6093-num-2,这个男人站在鸟笼旁边
6094-num-1,一个男人站在一个大又丰富多彩的鸟笼旁边
6094-num-2,一个男人站在一个大而五颜六色的鸟笼旁边
6095-num-1,没有人站在一个大而多彩的鸟笼旁边
6095-num-2,一个男人站在一个大而五颜六色的鸟笼旁边
6096-num-1,一个男人站在一个大又丰富多彩的鸟笼旁边
6096-num-2,这个男人站在鸟笼旁边
6097-num-1,没有人站在一个大而多彩的鸟笼旁边
6097-num-2,这个男人站在鸟笼旁边
6098-num-1,这个男人稳步站在鸟笼旁边
6098-num-2,一个男人站在一个大而五颜六色的鸟笼旁边
6099-num-1,一个男人站在一个大而五颜六色的鸟笼旁边
6099-num-2,那个男人坐在鸟笼旁边
6100-num-1,一个男人站在一个大而五颜六色的鸟笼旁边
6100-num-2,这个男人站在鸟笼旁边
6101-num-1,一只棕色和黑狗穿过叶子
6101-num-2,一只棕色和黑狗正在叶子奔跑
6102-num-1,一只棕色和黑狗正在叶子奔跑
6102-num-2,一只棕色和黑狗在叶子里休息
6103-num-1,一只棕色和黑狗正在叶子奔跑
6103-num-2,一个狗和一个黑人正在穿过棕色叶子
6104-num-1,穿着彩色外套的狗在院子里迅速奔跑
6104-num-2,一条穿着彩色外套的狗在院子里奔跑
6105-num-1,在院子里穿过彩色外套没有狗
6105-num-2,一条穿着彩色外套的狗在院子里奔跑
6106-num-1,一条穿着彩色外套的狗在院子里奔跑
6106-num-2,院子里的一只狗横穿彩色外套
6107-num-1,一只棕色和黑狗正在叶子奔跑
6107-num-2,穿着彩色外套的狗在院子里迅速奔跑
6108-num-1,一只棕色和黑狗正在叶子奔跑
6108-num-2,在院子里穿过彩色外套没有狗
6109-num-1,院子里的一只狗横穿彩色外套
6109-num-2,一只棕色和黑狗正在叶子奔跑
6110-num-1,一只棕色和黑狗穿过叶子
6110-num-2,一条穿着彩色外套的狗在院子里奔跑
6111-num-1,一条穿着彩色外套的狗在院子里奔跑
6111-num-2,一只棕色和黑狗在叶子里休息
6112-num-1,一条穿着彩色外套的狗在院子里奔跑
6112-num-2,一个狗和一个黑人正在穿过棕色叶子
6113-num-1,一条穿着彩色外套的狗在院子里奔跑
6113-num-2,一只棕色和黑狗正在叶子奔跑
6114-num-1,一只棕色和白狗在嘴里拿着棒球
6114-num-2,一条狗，有棕色和白色的外套，在嘴里拿着棒球
6115-num-1,一只棕色和白狗将棒球放在嘴里
6115-num-2,一只棕色和白狗在嘴里拿着棒球
6116-num-1,一只黑白狗在嘴里拿着棒球
6116-num-2,黑白狗在嘴里握住棒球
6117-num-1,一只黑白狗在嘴里拿着棒球
6117-num-2,一只黑白狗从嘴里掉下棒球
6118-num-1,一只棕色和白狗在嘴里拿着棒球
6118-num-2,黑白狗在嘴里握住棒球
6119-num-1,一只棕色和白狗在嘴里拿着棒球
6119-num-2,一只黑白狗从嘴里掉下棒球
6120-num-1,一条狗，有棕色和白色的外套，在嘴里拿着棒球
6120-num-2,一只黑白狗在嘴里拿着棒球
6121-num-1,一只黑白狗在嘴里拿着棒球
6121-num-2,一只棕色和白狗将棒球放在嘴里
6122-num-1,一只黑白狗在嘴里拿着棒球
6122-num-2,一只棕色和白狗在嘴里拿着棒球
6123-num-1,一个穿红色短裤的男孩正在跳入划桨游泳池
6123-num-2,穿着红色短裤的孩子正在跳入划桨游泳池
6124-num-1,一个穿红色短裤的男孩正在跳入划桨游泳池
6124-num-2,没有男孩穿着红色短裤跳入划桨游泳池
6125-num-1,一个看上去年轻并且穿着红色泳衣的男孩正在跳入蓝色的小孩子游泳池
6125-num-2,一个穿着红色泳衣的小男孩正在跳入一个蓝色的小孩子池
6126-num-1,一个穿着红色泳衣的小男孩正在跳入一个蓝色的小孩子池
6126-num-2,一个穿着红色泳衣的小男孩正在跳出一个蓝色的小孩子游泳池
6127-num-1,一个看上去年轻并且穿着红色泳衣的男孩正在跳入蓝色的小孩子游泳池
6127-num-2,一个穿红色短裤的男孩正在跳入划桨游泳池
6128-num-1,一个穿红色短裤的男孩正在跳入划桨游泳池
6128-num-2,一个穿着红色泳衣的小男孩正在跳出一个蓝色的小孩子游泳池
6129-num-1,一个穿着红色泳衣的小男孩正在跳入一个蓝色的小孩子池
6129-num-2,穿着红色短裤的孩子正在跳入划桨游泳池
6130-num-1,没有男孩穿着红色短裤跳入划桨游泳池
6130-num-2,一个穿着红色泳衣的小男孩正在跳入一个蓝色的小孩子池
6131-num-1,一个穿着红色泳衣的小男孩正在跳入一个蓝色的小孩子池
6131-num-2,一个穿红色短裤的男孩正在跳入划桨游泳池
6132-num-1,一群狗正在狂风奔跑，鼻子上有ho嘴
6132-num-2,一群狗正在赛车，鼻子上有枪口
6133-num-1,一群狗在没有枪口的情况下休息
6133-num-2,一群狗正在赛车，鼻子上有枪口
6134-num-1,一群赛车狗正在枪口
6134-num-2,一群狗正在赛车，鼻子上有枪口
6135-num-1,一群赛车狗穿着条纹制服，并沿着轨道奔跑
6135-num-2,一群为赛车繁殖的狗穿着条纹制服，并沿着赛道奔跑
6136-num-1,一群赛车狗穿着条纹制服，并沿着轨道奔跑
6136-num-2,没有一群穿着条纹制服的赛车狗，沿着赛道跑
6137-num-1,一群狗正在赛车，鼻子上有枪口
6137-num-2,一群为赛车繁殖的狗穿着条纹制服，并沿着赛道奔跑
6138-num-1,没有一群穿着条纹制服的赛车狗，沿着赛道跑
6138-num-2,一群狗正在赛车，鼻子上有枪口
6139-num-1,一群赛车狗穿着条纹制服，并沿着轨道奔跑
6139-num-2,一群狗正在狂风奔跑，鼻子上有ho嘴
6140-num-1,一群狗在没有枪口的情况下休息
6140-num-2,一群赛车狗穿着条纹制服，并沿着轨道奔跑
6141-num-1,一群赛车狗正在枪口
6141-num-2,一群赛车狗穿着条纹制服，并沿着轨道奔跑
6142-num-1,一群赛车狗穿着条纹制服，并沿着轨道奔跑
6142-num-2,一群狗正在赛车，鼻子上有枪口
6143-num-1,两个人在水中涉水
6143-num-2,一对夫妇或人们在水中涉水
6144-num-1,两个人在水边行走
6144-num-2,两个人在水中涉水
6145-num-1,两个人站在海洋中，看着日落
6145-num-2,两个人站在海洋中，看着日落
6146-num-1,两个人站在海洋中，看着日落
6146-num-2,没有人站在海洋中看日落
6147-num-1,两个人站在海洋中，看着日落
6147-num-2,两个人在水中涉水
6148-num-1,没有人站在海洋中看日落
6148-num-2,两个人在水中涉水
6149-num-1,两个人站在海洋中，看着日落
6149-num-2,一对夫妇或人们在水中涉水
6150-num-1,两个人在水边行走
6150-num-2,两个人站在海洋中，看着日落
6151-num-1,两个人站在海洋中，看着日落
6151-num-2,两个人在水中涉水
6152-num-1,一名赛车司机站起来，强烈地指着他的手
6152-num-2,一名赛车司机站起来，将手指向天空
6153-num-1,一名赛车司机站起来，将手指向天空
6153-num-2,赛车手坐下来，一动不动
6154-num-1,蓝色外套的人戴着五颜六色的头盔
6154-num-2,穿着蓝色外套的人戴着五颜六色的头盔
6155-num-1,蓝色外套的人正在放下五颜六色的头盔
6155-num-2,蓝色外套的人戴着五颜六色的头盔
6156-num-1,一名赛车司机站起来，将手指向天空
6156-num-2,穿着蓝色外套的人戴着五颜六色的头盔
6157-num-1,一名赛车司机站起来，将手指向天空
6157-num-2,蓝色外套的人正在放下五颜六色的头盔
6158-num-1,一名赛车司机站起来，强烈地指着他的手
6158-num-2,蓝色外套的人戴着五颜六色的头盔
6159-num-1,蓝色外套的人戴着五颜六色的头盔
6159-num-2,赛车手坐下来，一动不动
6160-num-1,一名赛车司机站起来，将手指向天空
6160-num-2,蓝色外套的人戴着五颜六色的头盔
6161-num-1,一个男孩和一个穿着泳衣的女孩穿着手臂浮标
6161-num-2,一个男孩和一个穿着泳衣的女孩为他们的手臂戴着花车
6162-num-1,一个男孩和一个女孩赤裸裸
6162-num-2,一个男孩和一个穿着泳衣的女孩穿着手臂浮标
6163-num-1,男孩和女孩正在欢呼雀跃，戴着手臂浮标
6163-num-2,男孩和女孩在玩耍，戴着手臂浮标
6164-num-1,男孩和女孩在玩耍，戴着手臂浮标
6164-num-2,男孩和女孩没有玩耍，戴着胳膊
6165-num-1,男孩和女孩正在欢呼雀跃，戴着手臂浮标
6165-num-2,一个男孩和一个穿着泳衣的女孩穿着手臂浮标
6166-num-1,男孩和女孩没有玩耍，戴着胳膊
6166-num-2,一个男孩和一个穿着泳衣的女孩穿着手臂浮标
6167-num-1,一个男孩和一个穿着泳衣的女孩为他们的手臂戴着花车
6167-num-2,男孩和女孩在玩耍，戴着手臂浮标
6168-num-1,男孩和女孩在玩耍，戴着手臂浮标
6168-num-2,一个男孩和一个女孩赤裸裸
6169-num-1,一个男孩和一个穿着泳衣的女孩穿着手臂浮标
6169-num-2,男孩和女孩在玩耍，戴着手臂浮标
6170-num-1,穿着黄色染色衬衫的女人在粉红色的冲浪板上冲浪
6170-num-2,穿着黄色衬衫的女人在粉红色的冲浪板上冲浪
6171-num-1,穿着黄色衬衫的女人在粉红色的冲浪板上冲浪
6171-num-2,在粉红色的冲浪板上没有穿黄色衬衫冲浪的女人
6172-num-1,穿着黄色衬衫的女人在粉红色的冲浪板上冲浪
6172-num-2,穿着粉红色衬衫的女人正在通过黄色冲浪板冲浪
6173-num-1,海浪正在被冲浪者骑行
6173-num-2,冲浪者正在骑波浪
6174-num-1,冲浪者正在浪费
6174-num-2,冲浪者正在骑波浪
6175-num-1,冲浪者正在骑波浪
6175-num-2,骑手在冲浪者挥手
6176-num-1,海浪正在被冲浪者骑行
6176-num-2,穿着黄色衬衫的女人在粉红色的冲浪板上冲浪
6177-num-1,冲浪者正在浪费
6177-num-2,穿着黄色衬衫的女人在粉红色的冲浪板上冲浪
6178-num-1,骑手在冲浪者挥手
6178-num-2,穿着黄色衬衫的女人在粉红色的冲浪板上冲浪
6179-num-1,穿着黄色染色衬衫的女人在粉红色的冲浪板上冲浪
6179-num-2,冲浪者正在骑波浪
6180-num-1,冲浪者正在骑波浪
6180-num-2,在粉红色的冲浪板上没有穿黄色衬衫冲浪的女人
6181-num-1,穿着粉红色衬衫的女人正在通过黄色冲浪板冲浪
6181-num-2,冲浪者正在骑波浪
6182-num-1,冲浪者正在骑波浪
6182-num-2,穿着黄色衬衫的女人在粉红色的冲浪板上冲浪
6183-num-1,四个人坐在低水泥壁架上
6183-num-2,有些人坐在低水泥壁架上
6184-num-1,四个人站在一个低水泥壁架上
6184-num-2,四个人坐在低水泥壁架上
6185-num-1,一群人坐在一个岩石的壁架上，景色在他们身后
6185-num-2,一群人坐在岩石的壁架上，景色在他们身后
6186-num-1,一群人坐在岩石的壁架上，景色在他们身后
6186-num-2,一群人没有坐在岩石的壁架上，背后有风景秀丽
6187-num-1,一群人坐在一个岩石的壁架上，景色在他们身后
6187-num-2,四个人坐在低水泥壁架上
6188-num-1,一群人没有坐在岩石的壁架上，背后有风景秀丽
6188-num-2,四个人坐在低水泥壁架上
6189-num-1,有些人坐在低水泥壁架上
6189-num-2,一群人坐在岩石的壁架上，景色在他们身后
6190-num-1,四个人站在一个低水泥壁架上
6190-num-2,一群人坐在岩石的壁架上，景色在他们身后
6191-num-1,一群人坐在岩石的壁架上，景色在他们身后
6191-num-2,四个人坐在低水泥壁架上
6192-num-1,两个女孩喘不过气，其他女孩正在看着他们
6192-num-2,两个女孩在笑，其他女孩正在看着他们
6193-num-1,两个女孩在笑，其他女孩正在看着他们
6193-num-2,没有女孩笑，也没有其他女孩在看
6194-num-1,一群亚洲女孩站在一起
6194-num-2,一群亚洲女孩站在一起
6195-num-1,一群亚洲女孩独自站立
6195-num-2,一群亚洲女孩站在一起
6196-num-1,两个女孩在笑，其他女孩正在看着他们
6196-num-2,一群亚洲女孩站在一起
6197-num-1,一群亚洲女孩独自站立
6197-num-2,两个女孩在笑，其他女孩正在看着他们
6198-num-1,一群亚洲女孩站在一起
6198-num-2,两个女孩喘不过气，其他女孩正在看着他们
6199-num-1,没有女孩笑，也没有其他女孩在看
6199-num-2,一群亚洲女孩站在一起
6200-num-1,一群亚洲女孩站在一起
6200-num-2,两个女孩在笑，其他女孩正在看着他们
6201-num-1,一名骑自行车的人在一群人的头上握着自行车
6201-num-2,一群人的骑自行车的人将一辆自行车握在他的头上
6202-num-1,一名骑自行车的人在一群人的头上握着自行车
6202-num-2,一个孤独的骑自行车的人放下自行车
6203-num-1,一名骑自行车的人在一群人的头上握着自行车
6203-num-2,一名骑自行车的人的头上被骑自行车
6204-num-1,一个冷骑自行车的人正在庆祝
6204-num-2,一个冷骑自行车的人正在庆祝一些东西
6205-num-1,一个冷骑自行车的人正在庆祝
6205-num-2,没有冷骑自行车的人庆祝
6206-num-1,一个冷骑自行车的人正在庆祝一些东西
6206-num-2,一名骑自行车的人在一群人的头上握着自行车
6207-num-1,一名骑自行车的人在一群人的头上握着自行车
6207-num-2,没有冷骑自行车的人庆祝
6208-num-1,一个冷骑自行车的人正在庆祝
6208-num-2,一群人的骑自行车的人将一辆自行车握在他的头上
6209-num-1,一个孤独的骑自行车的人放下自行车
6209-num-2,一个冷骑自行车的人正在庆祝
6210-num-1,一个冷骑自行车的人正在庆祝
6210-num-2,一名骑自行车的人的头上被骑自行车
6211-num-1,一个冷骑自行车的人正在庆祝
6211-num-2,一名骑自行车的人在一群人的头上握着自行车
6212-num-1,一个人和平坐在旗帜附近日落前的船上
6212-num-2,一个男人坐在日落前的船上，靠近旗帜
6213-num-1,一个男人坐在日落前的船上，靠近旗帜
6213-num-2,一个人站在旗帜附近日落前的船上
6214-num-1,一个人在日落前的船上
6214-num-2,一个男人在日落前的船上
6215-num-1,日落前没有一个男人
6215-num-2,一个男人在日落前的船上
6216-num-1,一个男人坐在日落前的船上，靠近旗帜
6216-num-2,一个人在日落前的船上
6217-num-1,日落前没有一个男人
6217-num-2,一个男人坐在日落前的船上，靠近旗帜
6218-num-1,一个人和平坐在旗帜附近日落前的船上
6218-num-2,一个男人在日落前的船上
6219-num-1,一个人站在旗帜附近日落前的船上
6219-num-2,一个男人在日落前的船上
6220-num-1,一个男人坐在日落前的船上，靠近旗帜
6220-num-2,一个男人在日落前的船上
6221-num-1,有些人参加的竞赛中的人正在看汽车冒出来的火焰
6221-num-2,拖拉比赛的人们正在看汽车出来的火焰
6222-num-1,拖拉比赛的人们正在看汽车出来的火焰
6222-num-2,拖拉比赛的人们正在逃离汽车出来的火焰
6223-num-1,人群正在观看两辆为赛车设计的汽车，这些汽车正在离开起跑线
6223-num-2,人群正在看两辆离开起跑线的赛车
6224-num-1,人群没有看两辆离开起跑线的赛车
6224-num-2,人群正在看两辆离开起跑线的赛车
6225-num-1,人群正在观看两辆为赛车设计的汽车，这些汽车正在离开起跑线
6225-num-2,拖拉比赛的人们正在看汽车出来的火焰
6226-num-1,拖拉比赛的人们正在看汽车出来的火焰
6226-num-2,人群没有看两辆离开起跑线的赛车
6227-num-1,人群正在看两辆离开起跑线的赛车
6227-num-2,有些人参加的竞赛中的人正在看汽车冒出来的火焰
6228-num-1,拖拉比赛的人们正在逃离汽车出来的火焰
6228-num-2,人群正在看两辆离开起跑线的赛车
6229-num-1,人群正在看两辆离开起跑线的赛车
6229-num-2,拖拉比赛的人们正在看汽车出来的火焰
6230-num-1,两只狗在草地上一起玩耍
6230-num-2,两只狗在草地上玩耍
6231-num-1,两只狗在草地上玩耍
6231-num-2,两只狗一起在草丛中休息
6232-num-1,一只大狗和一只小白狗正在一起玩耍
6232-num-2,一只大狗和一只带白色外套的小狗正在一起玩耍
6233-num-1,一只大狗和一只小白狗彼此走过去
6233-num-2,一只大狗和一只小白狗正在一起玩耍
6234-num-1,两只狗在草地上玩耍
6234-num-2,一只大狗和一只带白色外套的小狗正在一起玩耍
6235-num-1,两只狗在草地上玩耍
6235-num-2,一只大狗和一只小白狗彼此走过去
6236-num-1,两只狗在草地上一起玩耍
6236-num-2,一只大狗和一只小白狗正在一起玩耍
6237-num-1,一只大狗和一只小白狗正在一起玩耍
6237-num-2,两只狗一起在草丛中休息
6238-num-1,一只大狗和一只小白狗正在一起玩耍
6238-num-2,两只狗在草地上玩耍
6239-num-1,棕色的狗正在空中跳跃
6239-num-2,一只棕色的狗在空中跳跃
6240-num-1,一只棕色的狗在空中跳跃
6240-num-2,一只棕色的狗坐下
6241-num-1,一只营养不良的狗站在后腿上，准备跳跃
6241-num-2,营养不良的狗站在后腿上，准备跳跃
6242-num-1,一只健康的狗躺在地上
6242-num-2,一只营养不良的狗站在后腿上，准备跳跃
6243-num-1,营养不良的狗站在后腿上，准备跳跃
6243-num-2,一只棕色的狗在空中跳跃
6244-num-1,一只棕色的狗在空中跳跃
6244-num-2,一只健康的狗躺在地上
6245-num-1,棕色的狗正在空中跳跃
6245-num-2,一只营养不良的狗站在后腿上，准备跳跃
6246-num-1,一只棕色的狗坐下
6246-num-2,一只营养不良的狗站在后腿上，准备跳跃
6247-num-1,一只棕色的狗在空中跳跃
6247-num-2,一只营养不良的狗站在后腿上，准备跳跃
6248-num-1,警察坐在警察自行车上
6248-num-2,警察坐在警察骑自行车上
6249-num-1,警察没有坐在警察自行车上
6249-num-2,警察坐在警察自行车上
6250-num-1,警察坐在摩托车上
6250-num-2,警察坐在摩托车上
6251-num-1,警察坐在摩托车上
6251-num-2,警察正在摩托车下车
6252-num-1,警察坐在摩托车上
6252-num-2,一名摩托车手正坐在警察的身上
6253-num-1,警察坐在摩托车上
6253-num-2,警察坐在警察自行车上
6254-num-1,警察正在摩托车下车
6254-num-2,警察坐在警察自行车上
6255-num-1,警察坐在警察自行车上
6255-num-2,一名摩托车手正坐在警察的身上
6256-num-1,警察坐在警察骑自行车上
6256-num-2,警察坐在摩托车上
6257-num-1,警察坐在摩托车上
6257-num-2,警察没有坐在警察自行车上
6258-num-1,警察坐在摩托车上
6258-num-2,警察坐在警察自行车上
6259-num-1,两个女人在沙滩上穿比基尼
6259-num-2,两个女人在沙滩上穿比基尼
6260-num-1,两个女人在沙滩上穿比基尼
6260-num-2,沙滩上没有穿比基尼的妇女
6261-num-1,两个女人穿比基尼，在沙滩上行走
6261-num-2,两个女人穿比基尼，在沙滩上行走
6262-num-1,两个女人裸体，站在沙滩上
6262-num-2,两个女人穿比基尼，在沙滩上行走
6263-num-1,两个女人在沙滩上穿比基尼
6263-num-2,两个女人穿比基尼，在沙滩上行走
6264-num-1,两个女人在沙滩上穿比基尼
6264-num-2,两个女人裸体，站在沙滩上
6265-num-1,两个女人穿比基尼，在沙滩上行走
6265-num-2,两个女人在沙滩上穿比基尼
6266-num-1,两个女人穿比基尼，在沙滩上行走
6266-num-2,沙滩上没有穿比基尼的妇女
6267-num-1,两个女人穿比基尼，在沙滩上行走
6267-num-2,两个女人在沙滩上穿比基尼
6268-num-1,一只狗在湖里游泳，阳光照在他身上
6268-num-2,那只狗在湖里游泳，阳光照在他身上
6269-num-1,一只狗在湖里游泳，阳光照在他身上
6269-num-2,在湖上没有狗游泳，阳光照耀着他
6270-num-1,一条带有金色外套的狗在水中笨拙地游泳
6270-num-2,一只金色外套的狗在水中游泳
6271-num-1,一条带有金色外套的狗正在从水中走出来
6271-num-2,一只金色外套的狗在水中游泳
6272-num-1,一条带有金色外套的狗在水中笨拙地游泳
6272-num-2,一只狗在湖里游泳，阳光照在他身上
6273-num-1,一只狗在湖里游泳，阳光照在他身上
6273-num-2,一条带有金色外套的狗正在从水中走出来
6274-num-1,那只狗在湖里游泳，阳光照在他身上
6274-num-2,一只金色外套的狗在水中游泳
6275-num-1,一只金色外套的狗在水中游泳
6275-num-2,在湖上没有狗游泳，阳光照耀着他
6276-num-1,一只金色外套的狗在水中游泳
6276-num-2,一只狗在湖里游泳，阳光照在他身上
6277-num-1,一只黑色外套的狗在草丛中奔跑，其舌头正在闲逛
6277-num-2,一只黑狗在草丛中奔跑，舌头正在闲逛
6278-num-1,一只黑狗坐在草丛中，保持嘴巴闭合
6278-num-2,一只黑狗在草丛中奔跑，舌头正在闲逛
6279-num-1,一只黑狗在草丛中奔跑，舌头正在闲逛
6279-num-2,一只黑狗在草丛中闲逛，舌头伸出来
6280-num-1,黑色的狗在草丛中奔跑
6280-num-2,一只黑狗在草丛中奔跑
6281-num-1,一只黑狗在草丛中奔跑
6281-num-2,一只黑狗躺在草地上
6282-num-1,一只黑狗在草丛中奔跑，舌头正在闲逛
6282-num-2,黑色的狗在草丛中奔跑
6283-num-1,一只黑狗在草丛中奔跑，舌头正在闲逛
6283-num-2,一只黑狗躺在草地上
6284-num-1,一只黑色外套的狗在草丛中奔跑，其舌头正在闲逛
6284-num-2,一只黑狗在草丛中奔跑
6285-num-1,一只黑狗坐在草丛中，保持嘴巴闭合
6285-num-2,一只黑狗在草丛中奔跑
6286-num-1,一只黑狗在草丛中闲逛，舌头伸出来
6286-num-2,一只黑狗在草丛中奔跑
6287-num-1,一只黑狗在草丛中奔跑，舌头正在闲逛
6287-num-2,一只黑狗在草丛中奔跑
6288-num-1,啦啦队在游行，穿着黑色，粉红色和白色的制服
6288-num-2,啦啦队在游行，穿着黑色，粉红色和白色制服
6289-num-1,啦啦队没有游行，也没有穿黑色，粉红色和白色制服
6289-num-2,啦啦队在游行，穿着黑色，粉红色和白色制服
6290-num-1,一大批啦啦队正在游行
6290-num-2,许多啦啦队在游行中行走
6291-num-1,一大批啦啦队正在游行
6291-num-2,没有大批啦啦队在游行中行走
6292-num-1,许多啦啦队在游行中行走
6292-num-2,啦啦队在游行，穿着黑色，粉红色和白色制服
6293-num-1,没有大批啦啦队在游行中行走
6293-num-2,啦啦队在游行，穿着黑色，粉红色和白色制服
6294-num-1,一大批啦啦队正在游行
6294-num-2,啦啦队在游行，穿着黑色，粉红色和白色的制服
6295-num-1,一大批啦啦队正在游行
6295-num-2,啦啦队没有游行，也没有穿黑色，粉红色和白色制服
6296-num-1,一大批啦啦队正在游行
6296-num-2,啦啦队在游行，穿着黑色，粉红色和白色制服
6297-num-1,这个男人坐在紫色的雨伞下
6297-num-2,这个男人坐在紫色的雨伞下坐在户外
6298-num-1,这个男人坐在室内
6298-num-2,这个男人坐在紫色的雨伞下
6299-num-1,一个无鞋的女人坐在薰衣草伞下的毯子上
6299-num-2,一个无鞋的女人坐在薰衣草伞下的毯子上
6300-num-1,一个无鞋的女人坐在薰衣草伞下的毯子上
6300-num-2,一个无鞋的女人站在薰衣草伞附近的毯子上
6301-num-1,一个无鞋的女人坐在薰衣草伞下的毯子上
6301-num-2,这个男人坐在紫色的雨伞下
6302-num-1,一个无鞋的女人站在薰衣草伞附近的毯子上
6302-num-2,这个男人坐在紫色的雨伞下
6303-num-1,这个男人坐在紫色的雨伞下坐在户外
6303-num-2,一个无鞋的女人坐在薰衣草伞下的毯子上
6304-num-1,这个男人坐在室内
6304-num-2,一个无鞋的女人坐在薰衣草伞下的毯子上
6305-num-1,一个无鞋的女人坐在薰衣草伞下的毯子上
6305-num-2,这个男人坐在紫色的雨伞下
6306-num-1,这个女人正在公园和两个小男孩一起玩
6306-num-2,一个女人正在公园里和两个小男孩一起玩
6307-num-1,一个女人正在公园里和两个小男孩一起玩
6307-num-2,没有女人和两个小男孩在公园里玩
6308-num-1,一位女士站在三个孩子附近
6308-num-2,一个女人站在三个孩子附近
6309-num-1,一个女人站在三个孩子附近
6309-num-2,没有女人站在三个孩子附近
6310-num-1,一个女人正在公园里和两个小男孩一起玩
6310-num-2,一位女士站在三个孩子附近
6311-num-1,没有女人站在三个孩子附近
6311-num-2,一个女人正在公园里和两个小男孩一起玩
6312-num-1,这个女人正在公园和两个小男孩一起玩
6312-num-2,一个女人站在三个孩子附近
6313-num-1,一个女人站在三个孩子附近
6313-num-2,没有女人和两个小男孩在公园里玩
6314-num-1,一个女人站在三个孩子附近
6314-num-2,一个女人正在公园里和两个小男孩一起玩
6315-num-1,一只黄色的狗在晴天
6315-num-2,一只黄色的狗在晴天在白雪上奔跑
6316-num-1,一只黄色的狗在阳光明媚的一天停在白雪
6316-num-2,一只黄色的狗在晴天在白雪上奔跑
6317-num-1,一只棕褐色的狗在雪中奔跑
6317-num-2,棕褐色的狗正在雪中奔跑
6318-num-1,一只棕褐色的狗在雪地里休息
6318-num-2,一只棕褐色的狗在雪中奔跑
6319-num-1,一只黄色的狗在晴天在白雪上奔跑
6319-num-2,棕褐色的狗正在雪中奔跑
6320-num-1,一只棕褐色的狗在雪地里休息
6320-num-2,一只黄色的狗在晴天在白雪上奔跑
6321-num-1,一只黄色的狗在晴天
6321-num-2,一只棕褐色的狗在雪中奔跑
6322-num-1,一只棕褐色的狗在雪中奔跑
6322-num-2,一只黄色的狗在阳光明媚的一天停在白雪
6323-num-1,一只棕褐色的狗在雪中奔跑
6323-num-2,一只黄色的狗在晴天在白雪上奔跑
6324-num-1,一个女孩穿着牛仔裤和粉红色的衬衫，正在愉快地跑步
6324-num-2,一个女孩穿着牛仔裤和粉红色的衬衫，正在跑步
6325-num-1,一个女孩穿着牛仔裤和粉红色的衬衫，正在跑步
6325-num-2,没有女孩穿牛仔裤和粉红色的衬衫和跑步
6326-num-1,一个女孩穿着牛仔裤和粉红色的衬衫，正在跑步
6326-num-2,一个女孩穿着粉红色的衬衫奔跑，不穿牛仔裤
6327-num-1,穿着粉红色衬衫的小女孩在沙漠中的一棵树下奔跑
6327-num-2,一个穿着粉红色衬衫的小女孩在沙漠中的一棵树下奔跑
6328-num-1,一个穿着粉红色衬衫的小男孩在沙漠中的一棵树下奔跑
6328-num-2,穿着粉红色衬衫的小女孩在沙漠中的一棵树下奔跑
6329-num-1,一个女孩穿着牛仔裤和粉红色的衬衫，正在跑步
6329-num-2,一个穿着粉红色衬衫的小女孩在沙漠中的一棵树下奔跑
6330-num-1,一个女孩穿着牛仔裤和粉红色的衬衫，正在跑步
6330-num-2,一个穿着粉红色衬衫的小男孩在沙漠中的一棵树下奔跑
6331-num-1,一个女孩穿着牛仔裤和粉红色的衬衫，正在愉快地跑步
6331-num-2,穿着粉红色衬衫的小女孩在沙漠中的一棵树下奔跑
6332-num-1,穿着粉红色衬衫的小女孩在沙漠中的一棵树下奔跑
6332-num-2,没有女孩穿牛仔裤和粉红色的衬衫和跑步
6333-num-1,穿着粉红色衬衫的小女孩在沙漠中的一棵树下奔跑
6333-num-2,一个女孩穿着粉红色的衬衫奔跑，不穿牛仔裤
6334-num-1,一个女孩穿着牛仔裤和粉红色的衬衫，正在跑步
6334-num-2,穿着粉红色衬衫的小女孩在沙漠中的一棵树下奔跑
6335-num-1,戴着驯鹿耳朵的白狗靠近棕色的狗
6335-num-2,穿着驯鹿耳朵的白狗在棕色狗附近
6336-num-1,穿着驯鹿耳朵的白狗在棕色狗附近
6336-num-2,白狗没有戴驯鹿耳朵，也不在棕色的狗附近
6337-num-1,穿着狗耳朵的白色驯鹿在棕色驯鹿附近
6337-num-2,穿着驯鹿耳朵的白狗在棕色狗附近
6338-num-1,一只白狗戴着圣诞驯鹿头带，正在草地上和一只棕色的狗一起玩
6338-num-2,一只白狗戴着圣诞驯鹿头带，正在和一只狗一起玩，上面有棕色外套
6339-num-1,一只白狗戴着圣诞驯鹿头带，正在草地上和一只棕色的狗一起玩
6339-num-2,没有白狗戴着圣诞驯鹿头带，在草地上和一只棕色的狗一起玩
6340-num-1,一只白狗戴着圣诞驯鹿头带，正在和一只狗一起玩，上面有棕色外套
6340-num-2,穿着驯鹿耳朵的白狗在棕色狗附近
6341-num-1,没有白狗戴着圣诞驯鹿头带，在草地上和一只棕色的狗一起玩
6341-num-2,穿着驯鹿耳朵的白狗在棕色狗附近
6342-num-1,戴着驯鹿耳朵的白狗靠近棕色的狗
6342-num-2,一只白狗戴着圣诞驯鹿头带，正在草地上和一只棕色的狗一起玩
6343-num-1,一只白狗戴着圣诞驯鹿头带，正在草地上和一只棕色的狗一起玩
6343-num-2,白狗没有戴驯鹿耳朵，也不在棕色的狗附近
6344-num-1,一只白狗戴着圣诞驯鹿头带，正在草地上和一只棕色的狗一起玩
6344-num-2,穿着狗耳朵的白色驯鹿在棕色驯鹿附近
6345-num-1,一只白狗戴着圣诞驯鹿头带，正在草地上和一只棕色的狗一起玩
6345-num-2,穿着驯鹿耳朵的白狗在棕色狗附近
6346-num-1,一个年轻的孩子正在沿着粗糙的污垢路径骑自行车
6346-num-2,一个小孩在粗糙的泥土路径上骑自行车
6347-num-1,一个小孩正在沿着粗糙的污垢路径骑自行车行走
6347-num-2,一个小孩在粗糙的泥土路径上骑自行车
6348-num-1,这个小男孩正在通过泥土骑着泥土
6348-num-2,一个小男孩骑着泥土骑着泥土
6349-num-1,一个小男孩骑着泥土骑着泥土
6349-num-2,没有小男孩骑着泥土
6350-num-1,一个小孩在粗糙的泥土路径上骑自行车
6350-num-2,这个小男孩正在通过泥土骑着泥土
6351-num-1,没有小男孩骑着泥土
6351-num-2,一个小孩在粗糙的泥土路径上骑自行车
6352-num-1,一个年轻的孩子正在沿着粗糙的污垢路径骑自行车
6352-num-2,一个小男孩骑着泥土骑着泥土
6353-num-1,一个小孩正在沿着粗糙的污垢路径骑自行车行走
6353-num-2,一个小男孩骑着泥土骑着泥土
6354-num-1,一个小男孩骑着泥土骑着泥土
6354-num-2,一个小孩在粗糙的泥土路径上骑自行车
6355-num-1,穿着红色连衣裙的女人正在演奏乐器
6355-num-2,一个穿着红色连衣裙的女人正在演奏一种乐器
6356-num-1,穿着红色连衣裙的女人把乐器扔掉
6356-num-2,穿着红色连衣裙的女人正在演奏乐器
6357-num-1,穿着红色服装的女人正靠在砖块和演奏乐器的墙上
6357-num-2,穿着红色服装的女人正靠在砖墙上并演奏乐器
6358-num-1,穿着红色服装的女人正靠在砖墙上并演奏乐器
6358-num-2,穿着红色服装的女人没有靠在砖墙上，也没有演奏乐器
6359-num-1,穿着红色服装的女人正靠在砖块和演奏乐器的墙上
6359-num-2,穿着红色连衣裙的女人正在演奏乐器
6360-num-1,穿着红色服装的女人没有靠在砖墙上，也没有演奏乐器
6360-num-2,穿着红色连衣裙的女人正在演奏乐器
6361-num-1,穿着红色服装的女人正靠在砖墙上并演奏乐器
6361-num-2,一个穿着红色连衣裙的女人正在演奏一种乐器
6362-num-1,穿着红色连衣裙的女人把乐器扔掉
6362-num-2,穿着红色服装的女人正靠在砖墙上并演奏乐器
6363-num-1,穿着红色连衣裙的女人正在演奏乐器
6363-num-2,穿着红色服装的女人正靠在砖墙上并演奏乐器
6364-num-1,这个孩子很高兴玩玩具在户外
6364-num-2,孩子在户外玩玩具
6365-num-1,孩子在户外玩玩具
6365-num-2,这个孩子在室内玩玩具
6366-num-1,一个小孩穿着白色外套和玩游戏
6366-num-2,年轻的孩子穿着白色外套和玩游戏
6367-num-1,没有穿白色外套和玩游戏的小孩
6367-num-2,一个小孩穿着白色外套和玩游戏
6368-num-1,一个年轻的游戏玩家正在和一个穿着白色外套的孩子一起玩
6368-num-2,一个小孩穿着白色外套和玩游戏
6369-num-1,孩子在户外玩玩具
6369-num-2,年轻的孩子穿着白色外套和玩游戏
6370-num-1,孩子在户外玩玩具
6370-num-2,没有穿白色外套和玩游戏的小孩
6371-num-1,一个年轻的游戏玩家正在和一个穿着白色外套的孩子一起玩
6371-num-2,孩子在户外玩玩具
6372-num-1,这个孩子很高兴玩玩具在户外
6372-num-2,一个小孩穿着白色外套和玩游戏
6373-num-1,一个小孩穿着白色外套和玩游戏
6373-num-2,这个孩子在室内玩玩具
6374-num-1,一个小孩穿着白色外套和玩游戏
6374-num-2,孩子在户外玩玩具
6375-num-1,该男子穿着潜水衣，正在骑冲浪板
6375-num-2,该人穿着潜水衣，正在骑冲浪板
6376-num-1,该男子穿着潜水衣，正在骑冲浪板
6376-num-2,这个男人在冲浪板附近赤裸裸地躺着
6377-num-1,冲浪者靠在冲浪板上
6377-num-2,冲浪者靠在冲浪板上
6378-num-1,冲浪者靠在冲浪板上
6378-num-2,冲浪板上没有冲浪者
6379-num-1,冲浪者将冲浪板靠在墙上
6379-num-2,冲浪者靠在冲浪板上
6380-num-1,冲浪者靠在冲浪板上
6380-num-2,该男子穿着潜水衣，正在骑冲浪板
6381-num-1,冲浪板上没有冲浪者
6381-num-2,该男子穿着潜水衣，正在骑冲浪板
6382-num-1,冲浪者将冲浪板靠在墙上
6382-num-2,该男子穿着潜水衣，正在骑冲浪板
6383-num-1,冲浪者靠在冲浪板上
6383-num-2,该人穿着潜水衣，正在骑冲浪板
6384-num-1,这个男人在冲浪板附近赤裸裸地躺着
6384-num-2,冲浪者靠在冲浪板上
6385-num-1,该男子穿着潜水衣，正在骑冲浪板
6385-num-2,冲浪者靠在冲浪板上
6386-num-1,瀑布平静地流入浅水池
6386-num-2,瀑布流入浅水池
6387-num-1,瀑布从浅水池中流出
6387-num-2,瀑布流入浅水池
6388-num-1,人们在美丽的瀑布旁边的道路上行走
6388-num-2,人们在瀑布旁边的道路上行走，这很漂亮
6389-num-1,人们在美丽的瀑布旁边的道路上行走
6389-num-2,人们没有在美丽的瀑布旁边的道路上行走
6390-num-1,瀑布流入浅水池
6390-num-2,人们在瀑布旁边的道路上行走，这很漂亮
6391-num-1,瀑布流入浅水池
6391-num-2,人们没有在美丽的瀑布旁边的道路上行走
6392-num-1,人们在美丽的瀑布旁边的道路上行走
6392-num-2,瀑布平静地流入浅水池
6393-num-1,瀑布从浅水池中流出
6393-num-2,人们在美丽的瀑布旁边的道路上行走
6394-num-1,瀑布流入浅水池
6394-num-2,人们在美丽的瀑布旁边的道路上行走
6395-num-1,一只狗在一个尘土飞扬的农场里放弃一群白羊
6395-num-2,一只狗在一个尘土飞扬的农场里放一包白羊
6396-num-1,一只狗在一个尘土飞扬的农场上散布一包白羊
6396-num-2,一只狗在一个尘土飞扬的农场里放一包白羊
6397-num-1,绵羊正在分组一群绵羊
6397-num-2,羊皮正在分组一群绵羊
6398-num-1,绵羊正在分散一群绵羊
6398-num-2,绵羊正在分组一群绵羊
6399-num-1,羊皮正在分组一群绵羊
6399-num-2,一只狗在一个尘土飞扬的农场里放一包白羊
6400-num-1,一只狗在一个尘土飞扬的农场里放一包白羊
6400-num-2,绵羊正在分散一群绵羊
6401-num-1,绵羊正在分组一群绵羊
6401-num-2,一只狗在一个尘土飞扬的农场里放弃一群白羊
6402-num-1,绵羊正在分组一群绵羊
6402-num-2,一只狗在一个尘土飞扬的农场上散布一包白羊
6403-num-1,绵羊正在分组一群绵羊
6403-num-2,一只狗在一个尘土飞扬的农场里放一包白羊
6404-num-1,雄性的雄性是皮肤的，一只手站在黄色的建筑物前
6404-num-2,深色皮肤的雄性站在一只黑色的建筑物前
6405-num-1,深色皮肤的雄性站在一只黑色的建筑物前
6405-num-2,深色皮肤的男性没有站在黄色建筑物前面
6406-num-1,一座黄色的棕榈在建筑物的前面，一个深色皮肤的雄性站在旁边
6406-num-2,深色皮肤的雄性站在一只黑色的建筑物前
6407-num-1,一个黑人在人行道上巧妙地打破跳舞
6407-num-2,一个黑人在人行道上打破跳舞
6408-num-1,一个黑人在人行道上打破跳舞
6408-num-2,一个黑人在人行道上行走
6409-num-1,深色皮肤的雄性站在一只黑色的建筑物前
6409-num-2,一个黑人在人行道上巧妙地打破跳舞
6410-num-1,一个黑人在人行道上行走
6410-num-2,深色皮肤的雄性站在一只黑色的建筑物前
6411-num-1,雄性的雄性是皮肤的，一只手站在黄色的建筑物前
6411-num-2,一个黑人在人行道上打破跳舞
6412-num-1,深色皮肤的男性没有站在黄色建筑物前面
6412-num-2,一个黑人在人行道上打破跳舞
6413-num-1,一个黑人在人行道上打破跳舞
6413-num-2,一座黄色的棕榈在建筑物的前面，一个深色皮肤的雄性站在旁边
6414-num-1,一个黑人在人行道上打破跳舞
6414-num-2,深色皮肤的雄性站在一只黑色的建筑物前
6415-num-1,一个人正在骑自行车
6415-num-2,一个人骑自行车
6416-num-1,没有人骑自行车
6416-num-2,一个人骑自行车
6417-num-1,一个穿着黑色和红色制服的自行车的人站在一辆泥土上
6417-num-2,穿着黑色和红色制服的自行车骑手站在一辆泥土上
6418-num-1,穿着黑色和红色制服的自行车骑手站在一辆泥土上
6418-num-2,一辆穿着黑色和红色制服的自行车骑手从一辆泥土上跳下来
6419-num-1,穿着黑色和红色制服的自行车骑手站在一辆泥土上
6419-num-2,一辆穿着红色自行车制服的黑色自行车骑手站在泥土中
6420-num-1,一个人骑自行车
6420-num-2,一个穿着黑色和红色制服的自行车的人站在一辆泥土上
6421-num-1,一辆穿着黑色和红色制服的自行车骑手从一辆泥土上跳下来
6421-num-2,一个人骑自行车
6422-num-1,一个人骑自行车
6422-num-2,一辆穿着红色自行车制服的黑色自行车骑手站在泥土中
6423-num-1,一个人正在骑自行车
6423-num-2,穿着黑色和红色制服的自行车骑手站在一辆泥土上
6424-num-1,没有人骑自行车
6424-num-2,穿着黑色和红色制服的自行车骑手站在一辆泥土上
6425-num-1,一个人骑自行车
6425-num-2,穿着黑色和红色制服的自行车骑手站在一辆泥土上
6426-num-1,一个穿着紫色西装的男人站在紫色的盒子上，正在弹吉他
6426-num-2,一个穿着紫色西装的男人站在紫色的盒子上，正在弹吉他
6427-num-1,一个穿着紫色西装的男人站在紫色的盒子上，正在弹吉他
6427-num-2,没有人穿着紫色的衣服站在紫色的盒子上，弹吉他
6428-num-1,吉他是由男人弹的，他的吉他表壳开放了捐款
6428-num-2,该男子正在弹吉他，并开放吉他表壳以进行捐款
6429-num-1,该男子正在弹吉他，并开放吉他表壳以进行捐款
6429-num-2,这个男人在吉他表壳中放弃吉他
6430-num-1,该男子正在弹吉他，并开放吉他表壳以进行捐款
6430-num-2,该男子正在为捐款打开吉他，并与此案一起玩
6431-num-1,吉他是由男人弹的，他的吉他表壳开放了捐款
6431-num-2,一个穿着紫色西装的男人站在紫色的盒子上，正在弹吉他
6432-num-1,一个穿着紫色西装的男人站在紫色的盒子上，正在弹吉他
6432-num-2,这个男人在吉他表壳中放弃吉他
6433-num-1,一个穿着紫色西装的男人站在紫色的盒子上，正在弹吉他
6433-num-2,该男子正在为捐款打开吉他，并与此案一起玩
6434-num-1,一个穿着紫色西装的男人站在紫色的盒子上，正在弹吉他
6434-num-2,该男子正在弹吉他，并开放吉他表壳以进行捐款
6435-num-1,该男子正在弹吉他，并开放吉他表壳以进行捐款
6435-num-2,没有人穿着紫色的衣服站在紫色的盒子上，弹吉他
6436-num-1,一个穿着紫色西装的男人站在紫色的盒子上，正在弹吉他
6436-num-2,该男子正在弹吉他，并开放吉他表壳以进行捐款
6437-num-1,两个成年人坐在椅子上，看着海洋
6437-num-2,一些成年人坐在椅子上，正在看海洋
6438-num-1,没有人坐在椅子上看海洋
6438-num-2,两个成年人坐在椅子上，看着海洋
6439-num-1,一对夫妇坐在露台上，盯着海洋
6439-num-2,一对夫妇坐在露台上，看着海洋
6440-num-1,一对夫妇站在露台上，看着天空
6440-num-2,一对夫妇坐在露台上，看着海洋
6441-num-1,一对夫妇坐在露台上，盯着海洋
6441-num-2,两个成年人坐在椅子上，看着海洋
6442-num-1,一对夫妇站在露台上，看着天空
6442-num-2,两个成年人坐在椅子上，看着海洋
6443-num-1,一对夫妇坐在露台上，看着海洋
6443-num-2,一些成年人坐在椅子上，正在看海洋
6444-num-1,没有人坐在椅子上看海洋
6444-num-2,一对夫妇坐在露台上，看着海洋
6445-num-1,一对夫妇坐在露台上，看着海洋
6445-num-2,两个成年人坐在椅子上，看着海洋
6446-num-1,一个穿着黄色的衬衫的小男孩在海滩上笑着
6446-num-2,一个黄色衬衫的小男孩在海滩上笑
6447-num-1,一个黄色衬衫的小男孩在海滩上笑
6447-num-2,一件黄色衬衫在海滩上笑着没有小男孩
6448-num-1,小男孩穿着黄色的背心，正在笑
6448-num-2,一个小男孩穿着黄色的背心，正在笑
6449-num-1,一个小男孩穿着黄色的背心，正在笑
6449-num-2,一个小男孩裸照，很认真
6450-num-1,一个小男孩穿着黄色的背心，正在笑
6450-num-2,一个笑男孩在黄色的坦克中，穿着顶部
6451-num-1,一个黄色衬衫的小男孩在海滩上笑
6451-num-2,小男孩穿着黄色的背心，正在笑
6452-num-1,一个黄色衬衫的小男孩在海滩上笑
6452-num-2,一个小男孩裸照，很认真
6453-num-1,一个黄色衬衫的小男孩在海滩上笑
6453-num-2,一个笑男孩在黄色的坦克中，穿着顶部
6454-num-1,一个穿着黄色的衬衫的小男孩在海滩上笑着
6454-num-2,一个小男孩穿着黄色的背心，正在笑
6455-num-1,一个小男孩穿着黄色的背心，正在笑
6455-num-2,一件黄色衬衫在海滩上笑着没有小男孩
6456-num-1,一个小男孩穿着黄色的背心，正在笑
6456-num-2,一个黄色衬衫的小男孩在海滩上笑
6457-num-1,橙色的救援船正冲过水
6457-num-2,橙色的救援船正冲过水
6458-num-1,橙色的救援船没有冲过水
6458-num-2,橙色的救援船正冲过水
6459-num-1,两个男人在海滩上骑着橙色的木筏
6459-num-2,两个男人在岸上骑着橙色的木筏
6460-num-1,两个男人在岸上骑着橙色的木筏
6460-num-2,两个男人从岸上脱下橙色木筏
6461-num-1,两个男人在岸上骑着橙色的木筏
6461-num-2,两个人在岸上的橙色骑手附近漂流
6462-num-1,橙色的救援船正冲过水
6462-num-2,两个男人在海滩上骑着橙色的木筏
6463-num-1,两个男人从岸上脱下橙色木筏
6463-num-2,橙色的救援船正冲过水
6464-num-1,橙色的救援船正冲过水
6464-num-2,两个人在岸上的橙色骑手附近漂流
6465-num-1,两个男人在岸上骑着橙色的木筏
6465-num-2,橙色的救援船正冲过水
6466-num-1,两个男人在岸上骑着橙色的木筏
6466-num-2,橙色的救援船没有冲过水
6467-num-1,两个男人在岸上骑着橙色的木筏
6467-num-2,橙色的救援船正冲过水
6468-num-1,一只非常长头发和红色背心的狗在草地上奔跑
6468-num-2,长发和红色背心的狗在草丛中奔跑
6469-num-1,长发和红色背心的狗坐在草丛中
6469-num-2,长发和红色背心的狗在草丛中奔跑
6470-num-1,染色的红色背心中的狗在野外奔跑
6470-num-2,红色背心的狗在野外奔跑
6471-num-1,红色背心的狗没有在现场奔跑
6471-num-2,红色背心的狗在野外奔跑
6472-num-1,染色的红色背心中的狗在野外奔跑
6472-num-2,长发和红色背心的狗在草丛中奔跑
6473-num-1,长发和红色背心的狗在草丛中奔跑
6473-num-2,红色背心的狗没有在现场奔跑
6474-num-1,一只非常长头发和红色背心的狗在草地上奔跑
6474-num-2,红色背心的狗在野外奔跑
6475-num-1,红色背心的狗在野外奔跑
6475-num-2,长发和红色背心的狗坐在草丛中
6476-num-1,长发和红色背心的狗在草丛中奔跑
6476-num-2,红色背心的狗在野外奔跑
6477-num-1,一个人站在广阔的冰川冰领域
6477-num-2,一个人站在冰川的广阔领域
6478-num-1,一个人站在广阔的冰川冰领域
6478-num-2,没有人站在广阔的冰川冰上
6479-num-1,这个人危险地站在白冰上
6479-num-2,这个人站在白冰上
6480-num-1,这个人不站在白冰上
6480-num-2,这个人站在白冰上
6481-num-1,这个人危险地站在白冰上
6481-num-2,一个人站在广阔的冰川冰领域
6482-num-1,这个人不站在白冰上
6482-num-2,一个人站在广阔的冰川冰领域
6483-num-1,一个人站在冰川的广阔领域
6483-num-2,这个人站在白冰上
6484-num-1,这个人站在白冰上
6484-num-2,没有人站在广阔的冰川冰上
6485-num-1,一个人站在广阔的冰川冰领域
6485-num-2,这个人站在白冰上
6486-num-1,一个金发男孩在滑板上滑下沙丘
6486-num-2,一个金发男孩在滑板上滑下沙丘
6487-num-1,一个金发男孩正在用滑板走沙丘
6487-num-2,一个金发男孩在滑板上滑下沙丘
6488-num-1,一个女人正在迅速滑雪，另一个女人站在她身后
6488-num-2,一个女人在滑雪，另一个女人站在她身后
6489-num-1,一个女人在滑雪，另一个女人站在她身后
6489-num-2,没有女人滑雪倾斜，她身后没有其他女人站在她身后
6490-num-1,一个金发男孩在滑板上滑下沙丘
6490-num-2,一个女人正在迅速滑雪，另一个女人站在她身后
6491-num-1,一个金发男孩在滑板上滑下沙丘
6491-num-2,没有女人滑雪倾斜，她身后没有其他女人站在她身后
6492-num-1,一个金发男孩在滑板上滑下沙丘
6492-num-2,一个女人在滑雪，另一个女人站在她身后
6493-num-1,一个女人在滑雪，另一个女人站在她身后
6493-num-2,一个金发男孩正在用滑板走沙丘
6494-num-1,一个女人在滑雪，另一个女人站在她身后
6494-num-2,一个金发男孩在滑板上滑下沙丘
6495-num-1,这个男人正在为自己和另一个人拍照
6495-num-2,他自己和另一个男人的照片正在被那个人拍摄
6496-num-1,这个男人没有为自己和另一个人拍照
6496-num-2,这个男人正在为自己和另一个人拍照
6497-num-1,一个人拿着电子设备
6497-num-2,一个人拿着电子设备
6498-num-1,一个人放下电子设备
6498-num-2,一个人拿着电子设备
6499-num-1,电子人被视为设备
6499-num-2,一个人拿着电子设备
6500-num-1,这个男人正在为自己和另一个人拍照
6500-num-2,一个人拿着电子设备
6501-num-1,一个人放下电子设备
6501-num-2,这个男人正在为自己和另一个人拍照
6502-num-1,这个男人正在为自己和另一个人拍照
6502-num-2,电子人被视为设备
6503-num-1,他自己和另一个男人的照片正在被那个人拍摄
6503-num-2,一个人拿着电子设备
6504-num-1,一个人拿着电子设备
6504-num-2,这个男人没有为自己和另一个人拍照
6505-num-1,这个男人正在为自己和另一个人拍照
6505-num-2,一个人拿着电子设备
6506-num-1,一只小黑狗正在追逐一只小棕色狗
6506-num-2,一只小又黑的狗正在追逐一只小棕色狗
6507-num-1,一只小黑狗正在追逐一只小棕色狗
6507-num-2,没有小黑狗追逐一只小棕色狗
6508-num-1,棕色的狗和黑狗在草地
6508-num-2,一只棕色的狗和黑狗在草地上
6509-num-1,一只棕色的狗和黑狗远离草地
6509-num-2,一只棕色的狗和黑狗在草地上
6510-num-1,棕色的狗和黑狗在草地
6510-num-2,一只小黑狗正在追逐一只小棕色狗
6511-num-1,一只棕色的狗和黑狗远离草地
6511-num-2,一只小黑狗正在追逐一只小棕色狗
6512-num-1,一只小又黑的狗正在追逐一只小棕色狗
6512-num-2,一只棕色的狗和黑狗在草地上
6513-num-1,没有小黑狗追逐一只小棕色狗
6513-num-2,一只棕色的狗和黑狗在草地上
6514-num-1,一只小黑狗正在追逐一只小棕色狗
6514-num-2,一只棕色的狗和黑狗在草地上
6515-num-1,一个穿着棕色连衣裙的女孩被孩子包围，正在闭上眼睛
6515-num-2,孩子们围着一个穿着棕色连衣裙的女孩，她闭上了眼睛
6516-num-1,一个穿着棕色连衣裙的女孩被孩子包围，正在闭上眼睛
6516-num-2,没有一个棕色连衣裙的女孩被孩子包围着，闭上了眼睛
6517-num-1,一个女孩围着棕色衣服的孩子，他们闭上眼睛
6517-num-2,一个穿着棕色连衣裙的女孩被孩子包围，正在闭上眼睛
6518-num-1,阳光照在穿着染色黄色连衣裙的女孩的脸上
6518-num-2,阳光照在穿着黄色连衣裙的女孩的脸上
6519-num-1,太阳在穿着黄色连衣裙的女孩的脸上没有闪耀
6519-num-2,阳光照在穿着黄色连衣裙的女孩的脸上
6520-num-1,一个穿着棕色连衣裙的女孩被孩子包围，正在闭上眼睛
6520-num-2,阳光照在穿着染色黄色连衣裙的女孩的脸上
6521-num-1,一个穿着棕色连衣裙的女孩被孩子包围，正在闭上眼睛
6521-num-2,太阳在穿着黄色连衣裙的女孩的脸上没有闪耀
6522-num-1,阳光照在穿着黄色连衣裙的女孩的脸上
6522-num-2,孩子们围着一个穿着棕色连衣裙的女孩，她闭上了眼睛
6523-num-1,阳光照在穿着黄色连衣裙的女孩的脸上
6523-num-2,没有一个棕色连衣裙的女孩被孩子包围着，闭上了眼睛
6524-num-1,阳光照在穿着黄色连衣裙的女孩的脸上
6524-num-2,一个女孩围着棕色衣服的孩子，他们闭上眼睛
6525-num-1,阳光照在穿着黄色连衣裙的女孩的脸上
6525-num-2,一个穿着棕色连衣裙的女孩被孩子包围，正在闭上眼睛
6526-num-1,妇女戴着兔子耳朵和比赛数字，奇怪地指着远处的东西
6526-num-2,妇女戴着兔子耳朵和比赛数字，并指向远处的东西
6527-num-1,女人没有戴兔子耳朵和比赛数字，也没有指向远处的东西
6527-num-2,妇女戴着兔子耳朵和比赛数字，并指向远处的东西
6528-num-1,一群妇女穿着粉红色的兔子耳朵，指着右边
6528-num-2,几个女人穿着粉红色的兔子耳朵，指着右边
6529-num-1,几个女人穿着粉红色的兔子耳朵，指着右边
6529-num-2,几个女人正在脱下粉红色的兔子耳朵，并指向左边
6530-num-1,几个女人穿着粉红色的兔子耳朵，指着右边
6530-num-2,女人穿着正确的衣服，指着几只兔子耳朵
6531-num-1,妇女戴着兔子耳朵和比赛数字，并指向远处的东西
6531-num-2,一群妇女穿着粉红色的兔子耳朵，指着右边
6532-num-1,几个女人正在脱下粉红色的兔子耳朵，并指向左边
6532-num-2,妇女戴着兔子耳朵和比赛数字，并指向远处的东西
6533-num-1,妇女戴着兔子耳朵和比赛数字，并指向远处的东西
6533-num-2,女人穿着正确的衣服，指着几只兔子耳朵
6534-num-1,妇女戴着兔子耳朵和比赛数字，奇怪地指着远处的东西
6534-num-2,几个女人穿着粉红色的兔子耳朵，指着右边
6535-num-1,几个女人穿着粉红色的兔子耳朵，指着右边
6535-num-2,女人没有戴兔子耳朵和比赛数字，也没有指向远处的东西
6536-num-1,妇女戴着兔子耳朵和比赛数字，并指向远处的东西
6536-num-2,几个女人穿着粉红色的兔子耳朵，指着右边
6537-num-1,目标是在黄色球衣中被曲棍球运动员守卫
6537-num-2,穿着黄色球衣的曲棍球运动员正在守护目标
6538-num-1,穿着黄色球衣的曲棍球运动员正在守护目标
6538-num-2,在黄色球衣中没有曲棍球运动员来守护进球
6540-num-1,冰球守门员穿着黄色球衣，正在捍卫目标
6540-num-2,冰球守门员没有穿黄色球衣，也没有捍卫目标
6541-num-1,冰球守门员穿着黄色球衣，正在捍卫目标
6541-num-2,穿着黄色球衣的曲棍球运动员正在守护目标
6542-num-1,冰球守门员没有穿黄色球衣，也没有捍卫目标
6542-num-2,穿着黄色球衣的曲棍球运动员正在守护目标
6543-num-1,目标是在黄色球衣中被曲棍球运动员守卫
6543-num-2,冰球守门员穿着黄色球衣，正在捍卫目标
6544-num-1,冰球守门员穿着黄色球衣，正在捍卫目标
6544-num-2,在黄色球衣中没有曲棍球运动员来守护进球
6546-num-1,一个看上去年轻的孩子站在一些树前
6546-num-2,一个小孩站在一些树前
6547-num-1,没有孩子站在一些树前
6547-num-2,一个小孩站在一些树前
6548-num-1,小男孩站在森林里
6548-num-2,一个小男孩站在森林里
6549-num-1,一个小男孩站在森林里
6549-num-2,一个小男孩坐在森林里
6550-num-1,小男孩站在森林里
6550-num-2,一个小孩站在一些树前
6551-num-1,一个小孩站在一些树前
6551-num-2,一个小男孩坐在森林里
6552-num-1,一个看上去年轻的孩子站在一些树前
6552-num-2,一个小男孩站在森林里
6553-num-1,一个小男孩站在森林里
6553-num-2,没有孩子站在一些树前
6554-num-1,一个小男孩站在森林里
6554-num-2,一个小孩站在一些树前
6555-num-1,两个人正在看一个由黄金制成的雕像
6555-num-2,两个人正在看金雕像
6556-num-1,两个人正在看金雕像
6556-num-2,两个人无视附近的金雕像
6557-num-1,两个年轻人在金色雕像附近愉快地玩耍
6557-num-2,两个年轻人在金色雕像附近玩耍
6558-num-1,两个年轻人坐在金色雕像附近
6558-num-2,两个年轻人在金色雕像附近玩耍
6559-num-1,两个年轻人在金色雕像附近愉快地玩耍
6559-num-2,两个人正在看金雕像
6560-num-1,两个年轻人坐在金色雕像附近
6560-num-2,两个人正在看金雕像
6561-num-1,两个年轻人在金色雕像附近玩耍
6561-num-2,两个人正在看一个由黄金制成的雕像
6562-num-1,两个年轻人在金色雕像附近玩耍
6562-num-2,两个人无视附近的金雕像
6563-num-1,两个人正在看金雕像
6563-num-2,两个年轻人在金色雕像附近玩耍
6564-num-1,骑自行车的人在一条城市街上超速
6564-num-2,骑自行车的人骑在城市街上
6565-num-1,骑自行车的人骑在城市街上
6565-num-2,骑自行车的人没有在城市街上骑
6566-num-1,女人戴着蓝色头盔，正在停车场骑自行车
6566-num-2,一个女人戴着蓝色头盔，正在停车场骑自行车
6567-num-1,一个女人戴着蓝色头盔，正在停车场骑自行车
6567-num-2,没有女人戴着蓝色的头盔，在停车场骑自行车
6568-num-1,一个女人戴着蓝色头盔，正在停车场骑自行车
6568-num-2,一个女人正在停放一辆蓝色的自行车，戴着很多骑马头盔
6569-num-1,女人戴着蓝色头盔，正在停车场骑自行车
6569-num-2,骑自行车的人骑在城市街上
6570-num-1,没有女人戴着蓝色的头盔，在停车场骑自行车
6570-num-2,骑自行车的人骑在城市街上
6571-num-1,骑自行车的人骑在城市街上
6571-num-2,一个女人正在停放一辆蓝色的自行车，戴着很多骑马头盔
6572-num-1,一个女人戴着蓝色头盔，正在停车场骑自行车
6572-num-2,骑自行车的人在一条城市街上超速
6573-num-1,一个女人戴着蓝色头盔，正在停车场骑自行车
6573-num-2,骑自行车的人没有在城市街上骑
6574-num-1,一个女人戴着蓝色头盔，正在停车场骑自行车
6574-num-2,骑自行车的人骑在城市街上
6575-num-1,一只宠物狗站在河岸上，看着另一只狗，棕色，池塘里
6575-num-2,一只宠物狗站在河岸上，正在看池塘里的另一只棕色狗
6576-num-1,一只宠物狗站在河岸上，正在看池塘里的另一只棕色狗
6576-num-2,河岸上没有宠物狗，看着池塘里的另一只棕色狗
6578-num-1,棕褐色的狗看着一只棕色的狗在池塘里游泳
6578-num-2,棕褐色的狗没有看着在池塘里游泳的棕色狗
6579-num-1,棕褐色的狗看着一只棕色的狗在池塘里游泳
6579-num-2,一只宠物狗站在河岸上，正在看池塘里的另一只棕色狗
6580-num-1,棕褐色的狗没有看着在池塘里游泳的棕色狗
6580-num-2,一只宠物狗站在河岸上，正在看池塘里的另一只棕色狗
6581-num-1,棕褐色的狗看着一只棕色的狗在池塘里游泳
6581-num-2,一只宠物狗站在河岸上，看着另一只狗，棕色，池塘里
6582-num-1,棕褐色的狗看着一只棕色的狗在池塘里游泳
6582-num-2,河岸上没有宠物狗，看着池塘里的另一只棕色狗
6583-num-1,一只宠物狗站在河岸上，正在看池塘里的另一只棕色狗
6583-num-2,棕褐色的狗看着一只棕色的狗在池塘里游泳
6584-num-1,一个年轻的女性正在跳舞
6584-num-2,一个年轻的女孩在跳舞
6585-num-1,一个年轻的女孩在跳舞
6585-num-2,一个年轻的女孩静止不动
6586-num-1,一个年轻的女孩在一条腿上有挑战
6586-num-2,一个年轻的女孩站在一条腿上
6587-num-1,一个年轻的女孩站在一条腿上
6587-num-2,一个年轻的女孩站在双腿上
6588-num-1,一个年轻的女孩在跳舞
6588-num-2,一个年轻的女孩在一条腿上有挑战
6589-num-1,一个年轻的女孩在跳舞
6589-num-2,一个年轻的女孩站在双腿上
6590-num-1,一个年轻的女孩站在一条腿上
6590-num-2,一个年轻的女性正在跳舞
6591-num-1,一个年轻的女孩站在一条腿上
6591-num-2,一个年轻的女孩静止不动
6592-num-1,一个年轻的女孩站在一条腿上
6592-num-2,一个年轻的女孩在跳舞
6593-num-1,一只蜜蜂紧贴着黄色的花
6593-num-2,一朵黄色的花被蜜蜂粘在
6594-num-1,蜜蜂正在从黄色的花朵起飞
6594-num-2,一只蜜蜂紧贴着黄色的花
6595-num-1,小蜜蜂降落在一束黄色的花朵上
6595-num-2,一只小蜜蜂降落在一束黄色的花朵上
6596-num-1,一只小蜜蜂降落在一束黄色的花朵上
6596-num-2,一堆黄色的花没有小蜜蜂
6597-num-1,小蜜蜂降落在一束黄色的花朵上
6597-num-2,一只蜜蜂紧贴着黄色的花
6598-num-1,一只蜜蜂紧贴着黄色的花
6598-num-2,一堆黄色的花没有小蜜蜂
6599-num-1,一只小蜜蜂降落在一束黄色的花朵上
6599-num-2,一朵黄色的花被蜜蜂粘在
6600-num-1,蜜蜂正在从黄色的花朵起飞
6600-num-2,一只小蜜蜂降落在一束黄色的花朵上
6601-num-1,一只小蜜蜂降落在一束黄色的花朵上
6601-num-2,一只蜜蜂紧贴着黄色的花
6602-num-1,有些人正在穿越美丽而下雪的景观中的雪
6602-num-2,有些人正在穿越美丽的雪风景的雪
6603-num-1,没有人踏上美丽的雪地景观的雪
6603-num-2,有些人正在穿越美丽的雪风景的雪
6604-num-1,四个人在厚雪中难以行走，阳光落下
6604-num-2,四个人在厚雪中行走，阳光落下
6605-num-1,四个人在厚雪中行走，阳光落下
6605-num-2,四个人站在厚雪中，太阳正在升起
6606-num-1,四个人在厚雪中难以行走，阳光落下
6606-num-2,有些人正在穿越美丽的雪风景的雪
6607-num-1,有些人正在穿越美丽的雪风景的雪
6607-num-2,四个人站在厚雪中，太阳正在升起
6608-num-1,四个人在厚雪中行走，阳光落下
6608-num-2,有些人正在穿越美丽而下雪的景观中的雪
6609-num-1,四个人在厚雪中行走，阳光落下
6609-num-2,没有人踏上美丽的雪地景观的雪
6610-num-1,四个人在厚雪中行走，阳光落下
6610-num-2,有些人正在穿越美丽的雪风景的雪
6611-num-1,小男孩在公园里摆着一个绿色的足球
6611-num-2,小孩在公园里摆着一个绿色的足球
6612-num-1,小男孩没有在公园里摆绿色的足球
6612-num-2,小男孩在公园里摆着一个绿色的足球
6613-num-1,四个男孩在球前跪下
6613-num-2,一些男孩在球前彼此跪下
6614-num-1,四个男孩在球前跪下
6614-num-2,没有男孩在球前跪下
6615-num-1,一些男孩在球前彼此跪下
6615-num-2,小男孩在公园里摆着一个绿色的足球
6616-num-1,没有男孩在球前跪下
6616-num-2,小男孩在公园里摆着一个绿色的足球
6617-num-1,小孩在公园里摆着一个绿色的足球
6617-num-2,四个男孩在球前跪下
6618-num-1,四个男孩在球前跪下
6618-num-2,小男孩没有在公园里摆绿色的足球
6619-num-1,小男孩在公园里摆着一个绿色的足球
6619-num-2,四个男孩在球前跪下
6620-num-1,棕褐色的狗正在刷子奔跑
6620-num-2,棕褐色的狗正在刷子奔跑
6621-num-1,一只棕褐色的狗在刷子附近休息
6621-num-2,棕褐色的狗正在刷子奔跑
6622-num-1,一只米色斑点的白狗正在田野奔跑
6622-num-2,一只米色斑点的白狗正在穿越田野
6623-num-1,没有白狗，米色斑​​点贯穿田野
6623-num-2,一只米色斑点的白狗正在田野奔跑
6624-num-1,棕褐色的狗正在刷子奔跑
6624-num-2,一只米色斑点的白狗正在穿越田野
6625-num-1,没有白狗，米色斑​​点贯穿田野
6625-num-2,棕褐色的狗正在刷子奔跑
6626-num-1,一只米色斑点的白狗正在田野奔跑
6626-num-2,棕褐色的狗正在刷子奔跑
6627-num-1,一只米色斑点的白狗正在田野奔跑
6627-num-2,一只棕褐色的狗在刷子附近休息
6628-num-1,一只米色斑点的白狗正在田野奔跑
6628-num-2,棕褐色的狗正在刷子奔跑
6629-num-1,一匹马和它的骑手在障碍物上迅速跳跃
6629-num-2,一匹马和它的骑手越过障碍
6630-num-1,一匹马和它的骑手越过障碍
6630-num-2,一匹马和它的骑手没有越过障碍
6631-num-1,一匹马和它的骑手越过障碍
6631-num-2,这匹马在障碍物上跳过骑手
6632-num-1,一匹马在背上有一个骑手
6632-num-2,一匹马跳过障碍，背上有一个骑手
6633-num-1,一匹马跳过障碍，背上有一个骑手
6633-num-2,一匹马没有骑手的马正在跨越障碍
6634-num-1,一匹马在背上有一个骑手
6634-num-2,一匹马和它的骑手越过障碍
6635-num-1,一匹马没有骑手的马正在跨越障碍
6635-num-2,一匹马和它的骑手越过障碍
6636-num-1,一匹马跳过障碍，背上有一个骑手
6636-num-2,一匹马和它的骑手在障碍物上迅速跳跃
6637-num-1,一匹马和它的骑手没有越过障碍
6637-num-2,一匹马跳过障碍，背上有一个骑手
6638-num-1,一匹马跳过障碍，背上有一个骑手
6638-num-2,这匹马在障碍物上跳过骑手
6639-num-1,一匹马跳过障碍，背上有一个骑手
6639-num-2,一匹马和它的骑手越过障碍
6640-num-1,一些红色和白色的足球运动员正在跳跃和拥抱
6640-num-2,红色和白色的足球运动员正在跳跃和拥抱
6641-num-1,红色和白色的足球运动员正在跳跃和拥抱
6641-num-2,没有红色和白色的足球运动员互相拥抱
6642-num-1,两个队友正在用红色和白色制服举起足球运动员
6642-num-2,两名队友正在举起穿着红色和白色制服的足球运动员
6643-num-1,两名队友正在举起穿着红色和白色制服的足球运动员
6643-num-2,两名队友正在穿着红色和白色制服的足球运动员
6644-num-1,两个队友正在用红色和白色制服举起足球运动员
6644-num-2,红色和白色的足球运动员正在跳跃和拥抱
6645-num-1,红色和白色的足球运动员正在跳跃和拥抱
6645-num-2,两名队友正在穿着红色和白色制服的足球运动员
6646-num-1,两名队友正在举起穿着红色和白色制服的足球运动员
6646-num-2,一些红色和白色的足球运动员正在跳跃和拥抱
6647-num-1,两名队友正在举起穿着红色和白色制服的足球运动员
6647-num-2,没有红色和白色的足球运动员互相拥抱
6648-num-1,红色和白色的足球运动员正在跳跃和拥抱
6648-num-2,两名队友正在举起穿着红色和白色制服的足球运动员
6649-num-1,两个十几岁的女孩在一个活动中穿着精美的礼服
6649-num-2,十几岁的两个女孩在一个活动中穿着精美的礼服
6650-num-1,两个十几岁的女孩在一个活动中穿着精美的礼服
6650-num-2,两位老太太在家穿磨损的衣服
6651-num-1,一个穿着白色连衣裙的女人和穿着蓝色连衣裙的女人站在舞台上
6651-num-2,一个穿着白色衣服的女人和一个穿着蓝色连衣裙的女人站在舞台上
6652-num-1,一个穿着白色连衣裙的女人和穿着蓝色连衣裙的女人站在舞台旁边
6652-num-2,一个穿着白色连衣裙的女人和穿着蓝色连衣裙的女人站在舞台上
6653-num-1,一个白人妇女站在一个舞台上穿着蓝色的女人
6653-num-2,一个穿着白色连衣裙的女人和穿着蓝色连衣裙的女人站在舞台上
6654-num-1,两个十几岁的女孩在一个活动中穿着精美的礼服
6654-num-2,一个穿着白色衣服的女人和一个穿着蓝色连衣裙的女人站在舞台上
6655-num-1,两个十几岁的女孩在一个活动中穿着精美的礼服
6655-num-2,一个穿着白色连衣裙的女人和穿着蓝色连衣裙的女人站在舞台旁边
6656-num-1,一个白人妇女站在一个舞台上穿着蓝色的女人
6656-num-2,两个十几岁的女孩在一个活动中穿着精美的礼服
6657-num-1,一个穿着白色连衣裙的女人和穿着蓝色连衣裙的女人站在舞台上
6657-num-2,十几岁的两个女孩在一个活动中穿着精美的礼服
6658-num-1,两位老太太在家穿磨损的衣服
6659-num-1,一个穿着白色连衣裙的女人和穿着蓝色连衣裙的女人站在舞台上
6659-num-2,两个十几岁的女孩在一个活动中穿着精美的礼服
6660-num-1,两个有黑发的女人稳步站在胶合板墙前
6660-num-2,两个有黑发的女人站在胶合板墙前
6661-num-1,没有一个女人，黑发站在胶合板墙前
6661-num-2,两个有黑发的女人站在胶合板墙前
6662-num-1,两名年轻的折叠胳膊的女人正在看屏幕
6662-num-2,两名折叠胳膊的年轻女性正在看屏幕
6663-num-1,两名折叠胳膊的年轻妇女正在远离屏幕
6663-num-2,两名折叠胳膊的年轻女性正在看屏幕
6664-num-1,两名年轻的折叠胳膊的女人正在看屏幕
6664-num-2,两个有黑发的女人站在胶合板墙前
6665-num-1,两个有黑发的女人站在胶合板墙前
6665-num-2,两名折叠胳膊的年轻妇女正在远离屏幕
6666-num-1,两个有黑发的女人稳步站在胶合板墙前
6666-num-2,两名折叠胳膊的年轻女性正在看屏幕
6667-num-1,两名折叠胳膊的年轻女性正在看屏幕
6667-num-2,没有一个女人，黑发站在胶合板墙前
6668-num-1,两名折叠胳膊的年轻女性正在看屏幕
6668-num-2,两个有黑发的女人站在胶合板墙前
6669-num-1,一群穿着制服的学生在班上专心倾听
6669-num-2,一些穿着制服的学生在班上的前面倾听
6670-num-1,一群穿着制服的学生在班上专心倾听
6670-num-2,一群穿着制服的学生忽略了班级的前面
6671-num-1,一个充满学生的教室正在竹结构中朝着相同的方向看
6671-num-2,一个充满学生的教室正在专注于竹结构的同一方向
6672-num-1,没有教室里到处都是竹结构内部相同方向的学生
6672-num-2,一个充满学生的教室正在竹结构中朝着相同的方向看
6673-num-1,一个充满学生的教室正在专注于竹结构的同一方向
6673-num-2,一群穿着制服的学生在班上专心倾听
6674-num-1,没有教室里到处都是竹结构内部相同方向的学生
6674-num-2,一群穿着制服的学生在班上专心倾听
6675-num-1,一些穿着制服的学生在班上的前面倾听
6675-num-2,一个充满学生的教室正在竹结构中朝着相同的方向看
6676-num-1,一群穿着制服的学生忽略了班级的前面
6676-num-2,一个充满学生的教室正在竹结构中朝着相同的方向看
6677-num-1,一群穿着制服的学生在班上专心倾听
6677-num-2,一个充满学生的教室正在竹结构中朝着相同的方向看
6678-num-1,一个男孩正在一个平台上跳下来，另外两个男孩站着看着
6678-num-2,一个男孩跳下一个平台，另外两个男孩站着盯着他
6679-num-1,一个男孩正在一个平台上跳下来，另外两个男孩站着看着
6679-num-2,一个男孩跳到一个平台上，另外两个男孩坐着不知所措
6680-num-1,三个男孩跳下平台
6680-num-2,有些男孩跳下平台
6681-num-1,三个男孩跳下平台
6681-num-2,没有人跳出平台
6682-num-1,有些男孩跳下平台
6682-num-2,一个男孩正在一个平台上跳下来，另外两个男孩站着看着
6683-num-1,一个男孩正在一个平台上跳下来，另外两个男孩站着看着
6683-num-2,没有人跳出平台
6684-num-1,三个男孩跳下平台
6684-num-2,一个男孩跳下一个平台，另外两个男孩站着盯着他
6685-num-1,三个男孩跳下平台
6685-num-2,一个男孩跳到一个平台上，另外两个男孩坐着不知所措
6686-num-1,三个男孩跳下平台
6686-num-2,一个男孩正在一个平台上跳下来，另外两个男孩站着看着
6687-num-1,一群孩子正在玩一个色彩丰富的结构
6687-num-2,一群孩子正在演奏丰富多彩的结构
6688-num-1,一群孩子盯着一个丰富多彩的结构
6688-num-2,一群孩子正在演奏丰富多彩的结构
6689-num-1,四个中东儿童，三个女孩和一个男孩，正在用粉红色的内饰爬上石窟
6689-num-2,四个中东儿童，三个女孩和一个男孩，带有粉红色内饰的石窟正在攀登
6690-num-1,没有人在石窟上攀登，带有粉红色的内饰
6690-num-2,四个中东儿童，三个女孩和一个男孩，正在用粉红色的内饰爬上石窟
6691-num-1,四个中东儿童，三个女孩和一个男孩，带有粉红色内饰的石窟正在攀登
6691-num-2,一群孩子正在演奏丰富多彩的结构
6692-num-1,一群孩子正在演奏丰富多彩的结构
6692-num-2,没有人在石窟上攀登，带有粉红色的内饰
6693-num-1,四个中东儿童，三个女孩和一个男孩，正在用粉红色的内饰爬上石窟
6693-num-2,一群孩子正在玩一个色彩丰富的结构
6694-num-1,一群孩子盯着一个丰富多彩的结构
6694-num-2,四个中东儿童，三个女孩和一个男孩，正在用粉红色的内饰爬上石窟
6695-num-1,四个中东儿童，三个女孩和一个男孩，正在用粉红色的内饰爬上石窟
6695-num-2,一群孩子正在演奏丰富多彩的结构
6696-num-1,一群人坐在红色石头纪念碑的两边放松
6696-num-2,一群人坐在红石结构的两边
6697-num-1,一群人坐在红石结构的两边
6697-num-2,一群人站在红石结构的两侧
6698-num-1,一群人坐在纪念碑外面的地面上
6698-num-2,有些人坐在纪念碑外面的地面上
6699-num-1,一群人坐在纪念碑外面的地面上
6699-num-2,一群人没有坐在纪念碑外面的地面上
6700-num-1,一群人坐在红石结构的两边
6700-num-2,有些人坐在纪念碑外面的地面上
6701-num-1,一群人坐在红石结构的两边
6701-num-2,一群人没有坐在纪念碑外面的地面上
6702-num-1,一群人坐在红色石头纪念碑的两边放松
6702-num-2,一群人坐在纪念碑外面的地面上
6703-num-1,一群人坐在纪念碑外面的地面上
6703-num-2,一群人站在红石结构的两侧
6704-num-1,一群人坐在纪念碑外面的地面上
6704-num-2,一群人坐在红石结构的两边
6705-num-1,一个小的孩子在户外爬上户外，在一个充满草的地区
6705-num-2,一个小孩正在户外爬上草地
6706-num-1,一个小孩在草地上躺在户外
6706-num-2,一个小孩正在户外爬上草地
6707-num-1,一个穿着粉红色毛衣的小孩正在攀登混凝土楼梯
6707-num-2,一个穿着粉红色毛衣的小孩正在攀登混凝土楼梯
6708-num-1,一个穿着粉红色毛衣的小孩正在攀登混凝土楼梯
6708-num-2,粉红色的毛衣里没有小孩爬上混凝土楼梯
6709-num-1,一个穿着粉红色毛衣的小孩正在攀登混凝土楼梯
6709-num-2,一个小孩正在户外爬上草地
6710-num-1,一个小孩正在户外爬上草地
6710-num-2,粉红色的毛衣里没有小孩爬上混凝土楼梯
6711-num-1,一个小的孩子在户外爬上户外，在一个充满草的地区
6711-num-2,一个穿着粉红色毛衣的小孩正在攀登混凝土楼梯
6712-num-1,一个穿着粉红色毛衣的小孩正在攀登混凝土楼梯
6712-num-2,一个小孩在草地上躺在户外
6713-num-1,一个穿着粉红色毛衣的小孩正在攀登混凝土楼梯
6713-num-2,一个小孩正在户外爬上草地
6714-num-1,黑鸟舒适地坐在一棵无叶的树上
6714-num-2,黑鸟坐在一棵无叶的树上
6715-num-1,黑鸟没有坐在一棵无叶的树上
6715-num-2,黑鸟坐在一棵无叶的树上
6716-num-1,一只黑色的鸟坐在一棵枯树上
6716-num-2,一只黑鸟坐在一棵枯树上
6717-num-1,一只黑鸟坐在一棵枯树上
6717-num-2,一只黑鸟正在从一棵枯树
6718-num-1,一只死鸟靠近一个黑人坐在树上
6718-num-2,一只黑鸟坐在一棵枯树上
6719-num-1,黑鸟坐在一棵无叶的树上
6719-num-2,一只黑色的鸟坐在一棵枯树上
6720-num-1,一只黑鸟正在从一棵枯树
6720-num-2,黑鸟坐在一棵无叶的树上
6721-num-1,一只死鸟靠近一个黑人坐在树上
6721-num-2,黑鸟坐在一棵无叶的树上
6722-num-1,一只黑鸟坐在一棵枯树上
6722-num-2,黑鸟舒适地坐在一棵无叶的树上
6723-num-1,黑鸟没有坐在一棵无叶的树上
6723-num-2,一只黑鸟坐在一棵枯树上
6724-num-1,黑鸟坐在一棵无叶的树上
6724-num-2,一只黑鸟坐在一棵枯树上
6725-num-1,橙色的一个孩子正在户外玩滚雪球
6725-num-2,一个橙色的孩子在外面玩雪球
6726-num-1,橙色没有雪球在橙色玩耍的孩子
6726-num-2,一个橙色的孩子在外面玩雪球
6727-num-1,一个孩子正在做一个雪球
6727-num-2,一个孩子正在做一个雪球
6728-num-1,一个孩子正在做一个雪球
6728-num-2,一个孩子正在粉碎雪球
6729-num-1,一个橙色的孩子在外面玩雪球
6729-num-2,一个孩子正在做一个雪球
6730-num-1,一个孩子正在粉碎雪球
6730-num-2,一个橙色的孩子在外面玩雪球
6731-num-1,一个孩子正在做一个雪球
6731-num-2,橙色的一个孩子正在户外玩滚雪球
6732-num-1,一个孩子正在做一个雪球
6732-num-2,橙色没有雪球在橙色玩耍的孩子
6733-num-1,一个孩子正在做一个雪球
6733-num-2,一个橙色的孩子在外面玩雪球
6734-num-1,三个人坐在一些棕榈树下的长凳上
6734-num-2,一些人坐在一些棕榈树下的长凳上
6735-num-1,三个人站在一些棕榈树下的长凳上
6735-num-2,三个人坐在一些棕榈树下的长凳上
6736-num-1,人们漫无目的地坐在餐厅前的长凳上
6736-num-2,人们坐在餐厅前的长凳上
6737-num-1,人们没有坐在餐厅前的长凳上
6737-num-2,人们坐在餐厅前的长凳上
6738-num-1,人们坐在餐厅前的长凳上
6738-num-2,人们坐在海滩前的一家餐馆里
6739-num-1,三个人坐在一些棕榈树下的长凳上
6739-num-2,人们漫无目的地坐在餐厅前的长凳上
6740-num-1,人们没有坐在餐厅前的长凳上
6740-num-2,三个人坐在一些棕榈树下的长凳上
6741-num-1,三个人坐在一些棕榈树下的长凳上
6741-num-2,人们坐在海滩前的一家餐馆里
6742-num-1,一些人坐在一些棕榈树下的长凳上
6742-num-2,人们坐在餐厅前的长凳上
6743-num-1,三个人站在一些棕榈树下的长凳上
6743-num-2,人们坐在餐厅前的长凳上
6744-num-1,三个人坐在一些棕榈树下的长凳上
6744-num-2,人们坐在餐厅前的长凳上
6745-num-1,两个人坐在草坪椅上，正在读书
6745-num-2,有些人坐在草坪椅上，正在读书
6746-num-1,没有人坐在草坪椅上读书
6746-num-2,两个人坐在草坪椅上，正在读书
6747-num-1,两个椅子上的两个人愉快地读书
6747-num-2,两个椅子的两个人正在阅读
6748-num-1,两个椅子上的两个人说话
6748-num-2,两个椅子的两个人正在阅读
6749-num-1,两个人坐在草坪椅上，正在读书
6749-num-2,两个椅子上的两个人愉快地读书
6750-num-1,两个人坐在草坪椅上，正在读书
6750-num-2,两个椅子上的两个人说话
6751-num-1,两个椅子的两个人正在阅读
6751-num-2,有些人坐在草坪椅上，正在读书
6752-num-1,没有人坐在草坪椅上读书
6752-num-2,两个椅子的两个人正在阅读
6753-num-1,两个人坐在草坪椅上，正在读书
6753-num-2,两个椅子的两个人正在阅读
6754-num-1,一只小黑狗的背部被棕色的狗闻到
6754-num-2,棕色的狗正在嗅探一只小黑狗的后背
6755-num-1,棕色的狗正在嗅探一只小黑狗的后背
6755-num-2,棕色的狗没有嗅到一只小黑狗的后背
6756-num-1,一只大棕色狗和一只小灰狗站在岩石表面上
6756-num-2,一只大棕色狗和一只小灰狗站在岩石表面上
6757-num-1,一只大棕色狗和一只小灰狗站在岩石表面上
6757-num-2,没有大的棕色狗和小灰狗站在岩石表面上
6758-num-1,一只大棕色狗和一只小灰狗站在岩石表面上
6758-num-2,棕色的狗正在嗅探一只小黑狗的后背
6759-num-1,棕色的狗正在嗅探一只小黑狗的后背
6759-num-2,没有大的棕色狗和小灰狗站在岩石表面上
6760-num-1,一只小黑狗的背部被棕色的狗闻到
6760-num-2,一只大棕色狗和一只小灰狗站在岩石表面上
6761-num-1,棕色的狗没有嗅到一只小黑狗的后背
6761-num-2,一只大棕色狗和一只小灰狗站在岩石表面上
6762-num-1,一只大棕色狗和一只小灰狗站在岩石表面上
6762-num-2,棕色的狗正在嗅探一只小黑狗的后背
6763-num-1,三个男孩小心翼翼地沿着河岩石行走
6763-num-2,三个男孩在沿河上行走
6764-num-1,三个男孩沿着河沿着岩石休息
6764-num-2,三个男孩在沿河上行走
6765-num-1,三个男孩沿着河走来走去
6765-num-2,三个男孩在沿河上行走
6766-num-1,穿着棕色短裤的男人在河边的岩石上行走
6766-num-2,那个穿着棕色短裤的人在河边的岩石上行走
6767-num-1,穿着棕色短裤的男人在河边的岩石上行走
6767-num-2,穿着棕色短裤的人没有在河边的岩石上行走
6768-num-1,那个穿着棕色短裤的人在河边的岩石上行走
6768-num-2,三个男孩在沿河上行走
6769-num-1,三个男孩在沿河上行走
6769-num-2,穿着棕色短裤的人没有在河边的岩石上行走
6770-num-1,三个男孩小心翼翼地沿着河岩石行走
6770-num-2,穿着棕色短裤的男人在河边的岩石上行走
6771-num-1,三个男孩沿着河沿着岩石休息
6771-num-2,穿着棕色短裤的男人在河边的岩石上行走
6772-num-1,三个男孩沿着河走来走去
6772-num-2,穿着棕色短裤的男人在河边的岩石上行走
6773-num-1,穿着棕色短裤的男人在河边的岩石上行走
6773-num-2,三个男孩在沿河上行走
6774-num-1,狗在雪地里跳盘
6774-num-2,那只狗在雪地里跳盘
6775-num-1,没有狗在雪地里跳盘
6775-num-2,狗在雪地里跳盘
6776-num-1,雪地里的黑狗跳下地面并抓住了一根棍子
6776-num-2,雪地里的黑狗从地上跳下来，抓住了一根棍子
6777-num-1,雪中​​的黑狗跳到地面上，缺少一根棍子
6777-num-2,雪地里的黑狗跳下地面并抓住了一根棍子
6778-num-1,狗在雪地里跳盘
6778-num-2,雪地里的黑狗从地上跳下来，抓住了一根棍子
6779-num-1,狗在雪地里跳盘
6779-num-2,雪中​​的黑狗跳到地面上，缺少一根棍子
6780-num-1,那只狗在雪地里跳盘
6780-num-2,雪地里的黑狗跳下地面并抓住了一根棍子
6781-num-1,雪地里的黑狗跳下地面并抓住了一根棍子
6781-num-2,没有狗在雪地里跳盘
6782-num-1,雪地里的黑狗跳下地面并抓住了一根棍子
6782-num-2,狗在雪地里跳盘
6783-num-1,一个穿着黑色穿着优雅的男人戴着精美的黑色面具
6783-num-2,一个穿着黑色的男人戴着精美的黑色面具
6784-num-1,没有穿黑色的男人戴着精美的黑色面具
6784-num-2,一个穿着黑色的男人戴着精美的黑色面具
6785-num-1,一个男人在他的手里拿着口罩
6785-num-2,一个男人抬起手拿着面具
6786-num-1,There is no man holding a mask in his raised hand
6786-num-2,一个男人在他的手里拿着口罩
6787-num-1,一个穿着黑色的男人戴着精美的黑色面具
6787-num-2,一个男人抬起手拿着面具
6788-num-1,一个穿着黑色的男人戴着精美的黑色面具
6788-num-2,There is no man holding a mask in his raised hand
6789-num-1,一个男人在他的手里拿着口罩
6789-num-2,一个穿着黑色穿着优雅的男人戴着精美的黑色面具
6790-num-1,一个男人在他的手里拿着口罩
6790-num-2,没有穿黑色的男人戴着精美的黑色面具
6791-num-1,一个穿着黑色的男人戴着精美的黑色面具
6791-num-2,一个男人在他的手里拿着口罩
6792-num-1,两个孩子凝视着生锈的壁架
6792-num-2,两个孩子凝视着生锈的壁架
6793-num-1,两个孩子靠在生锈的壁架上
6793-num-2,两个孩子凝视着生锈的壁架
6794-num-1,有两个孩子在一些金属制成的酒吧下蹲下
6794-num-2,两个孩子在一些金属棒下蹲下
6795-num-1,两个孩子在一些金属棒下蹲下
6795-num-2,两个孩子在一些金属条上伸展
6796-num-1,两个孩子凝视着生锈的壁架
6796-num-2,有两个孩子在一些金属制成的酒吧下蹲下
6797-num-1,两个孩子在一些金属条上伸展
6797-num-2,两个孩子凝视着生锈的壁架
6798-num-1,两个孩子在一些金属棒下蹲下
6798-num-2,两个孩子凝视着生锈的壁架
6799-num-1,两个孩子在一些金属棒下蹲下
6799-num-2,两个孩子靠在生锈的壁架上
6800-num-1,两个孩子在一些金属棒下蹲下
6800-num-2,两个孩子凝视着生锈的壁架
6801-num-1,紫色，白色和黑色的球员在场上的尽头
6801-num-2,紫色，白色和黑色的球员在场上的尽头
6802-num-1,紫色，白色和黑色的球员在场上的尽头
6802-num-2,紫色，白色和黑色的玩家在场上的尽头没有玩耍
6803-num-1,紫色，白色和黑色的球员在场上的尽头
6803-num-2,黑人球员正在使白人玩家在紫色场的尽头接近
6804-num-1,一个男人穿着运动服，正在野外奔跑
6804-num-2,一个运动服正在穿上赛场的男人穿着
6805-num-1,一个男人赤裸裸地躺在田野里
6805-num-2,一个男人穿着运动服，正在野外奔跑
6806-num-1,紫色，白色和黑色的球员在场上的尽头
6806-num-2,一个运动服正在穿上赛场的男人穿着
6807-num-1,一个男人赤裸裸地躺在田野里
6807-num-2,紫色，白色和黑色的球员在场上的尽头
6808-num-1,紫色，白色和黑色的球员在场上的尽头
6808-num-2,一个男人穿着运动服，正在野外奔跑
6809-num-1,紫色，白色和黑色的玩家在场上的尽头没有玩耍
6809-num-2,一个男人穿着运动服，正在野外奔跑
6810-num-1,黑人球员正在使白人玩家在紫色场的尽头接近
6810-num-2,一个男人穿着运动服，正在野外奔跑
6811-num-1,一个男人穿着运动服，正在野外奔跑
6811-num-2,紫色，白色和黑色的球员在场上的尽头
6812-num-1,骑自行车的男人在海滩上骑
6812-num-2,骑自行车的男人骑在岸上
6813-num-1,在海滩上骑自行车上没有男人
6813-num-2,骑自行车的男人在海滩上骑
6814-num-1,一个人在海洋旁边的沙子里骑自行车
6814-num-2,一个人在海洋旁边的沙子里骑自行车
6815-num-1,一个人在海洋旁边的沙子中停止自行车
6815-num-2,一个人在海洋旁边的沙子里骑自行车
6816-num-1,一个人在海洋旁边的沙子里骑自行车
6816-num-2,骑自行车的男人在海滩上骑
6817-num-1,骑自行车的男人在海滩上骑
6817-num-2,一个人在海洋旁边的沙子中停止自行车
6818-num-1,骑自行车的男人骑在岸上
6818-num-2,一个人在海洋旁边的沙子里骑自行车
6819-num-1,在海滩上骑自行车上没有男人
6819-num-2,一个人在海洋旁边的沙子里骑自行车
6820-num-1,骑自行车的男人在海滩上骑
6820-num-2,一个人在海洋旁边的沙子里骑自行车
6821-num-1,一只大鸭子飞过一条岩石的溪流
6821-num-2,一只很大的鸭子飞过岩石的溪流
6822-num-1,一只大鸭子飞过一条岩石的溪流
6822-num-2,一只大鸭子在岩石的溪流上栖息
6823-num-1,一只大鸭子飞过一条岩石的溪流
6823-num-2,一条大溪流到处都是岩石，鸭子和苍蝇
6824-num-1,一只海鸟正在慢慢飞过一些岩石
6824-num-2,一只海鸟飞过一些岩石
6825-num-1,没有海鸟飞过一些岩石
6825-num-2,一只海鸟飞过一些岩石
6826-num-1,一只海鸟正在慢慢飞过一些岩石
6826-num-2,一只大鸭子飞过一条岩石的溪流
6827-num-1,一只大鸭子飞过一条岩石的溪流
6827-num-2,没有海鸟飞过一些岩石
6828-num-1,一只很大的鸭子飞过岩石的溪流
6828-num-2,一只海鸟飞过一些岩石
6829-num-1,一只海鸟飞过一些岩石
6829-num-2,一只大鸭子在岩石的溪流上栖息
6830-num-1,一只海鸟飞过一些岩石
6830-num-2,一条大溪流到处都是岩石，鸭子和苍蝇
6831-num-1,一只大鸭子飞过一条岩石的溪流
6831-num-2,一只海鸟飞过一些岩石
6832-num-1,孩子们在沙滩上互相追逐
6832-num-2,孩子们在沙滩上互相追逐
6833-num-1,孩子们在沙滩上互相追逐
6833-num-2,孩子们不是在沙滩上互相追逐
6834-num-1,一个小男孩在地上跑来跑去，和一个小女孩一起玩
6834-num-2,小男孩在地上跑来跑去，和一个小女孩一起玩
6835-num-1,地面上没有小男孩和一个小女孩一起玩
6835-num-2,一个小男孩在地上跑来跑去，和一个小女孩一起玩
6836-num-1,孩子们在沙滩上互相追逐
6836-num-2,小男孩在地上跑来跑去，和一个小女孩一起玩
6837-num-1,孩子们在沙滩上互相追逐
6837-num-2,地面上没有小男孩和一个小女孩一起玩
6838-num-1,孩子们在沙滩上互相追逐
6838-num-2,一个小男孩在地上跑来跑去，和一个小女孩一起玩
6839-num-1,孩子们不是在沙滩上互相追逐
6839-num-2,一个小男孩在地上跑来跑去，和一个小女孩一起玩
6840-num-1,孩子们在沙滩上互相追逐
6840-num-2,一个小男孩在地上跑来跑去，和一个小女孩一起玩
6841-num-1,两个小孩在街上玩玩具车
6841-num-2,两个小的孩子在街上玩玩具车
6842-num-1,两个小孩在街上玩玩具车
6842-num-2,两个小孩在街上闲逛
6843-num-1,一个女儿被父亲推到一个卡丁车上，另一个女孩正在看着
6843-num-2,父亲正在将女儿推到卡丁车上，另一个女孩正在看着
6844-num-1,一个父亲将女儿拉上卡丁车，另一个女孩看着
6844-num-2,父亲正在将女儿推到卡丁车上，另一个女孩正在看着
6845-num-1,父亲正在将女儿推到卡丁车上，另一个女孩正在看着
6845-num-2,一个女孩正在推动卡丁车，一个女儿正在看着她的父亲
6846-num-1,一个女儿被父亲推到一个卡丁车上，另一个女孩正在看着
6846-num-2,两个小孩在街上玩玩具车
6847-num-1,一个父亲将女儿拉上卡丁车，另一个女孩看着
6847-num-2,两个小孩在街上玩玩具车
6848-num-1,两个小孩在街上玩玩具车
6848-num-2,一个女孩正在推动卡丁车，一个女儿正在看着她的父亲
6849-num-1,两个小的孩子在街上玩玩具车
6849-num-2,父亲正在将女儿推到卡丁车上，另一个女孩正在看着
6850-num-1,两个小孩在街上闲逛
6850-num-2,父亲正在将女儿推到卡丁车上，另一个女孩正在看着
6851-num-1,父亲正在将女儿推到卡丁车上，另一个女孩正在看着
6851-num-2,两个小孩在街上玩玩具车
6852-num-1,一只狗很快跑上山
6852-num-2,狗正在上坡
6853-num-1,狗正在下坡
6853-num-2,狗正在上坡
6854-num-1,一只狗在一个充满草的山上奔跑
6854-num-2,一只狗在草地上奔跑
6855-num-1,没有狗在草地上奔跑
6855-num-2,一只狗在草地上奔跑
6856-num-1,一只狗在一个充满草的山上奔跑
6856-num-2,狗正在上坡
6857-num-1,狗正在上坡
6857-num-2,没有狗在草地上奔跑
6858-num-1,一只狗在草地上奔跑
6858-num-2,一只狗很快跑上山
6859-num-1,狗正在下坡
6859-num-2,一只狗在草地上奔跑
6860-num-1,一只狗在草地上奔跑
6860-num-2,狗正在上坡
6861-num-1,一只金狗正在高大的草地上奔跑
6861-num-2,金狗正穿过高大的草地
6862-num-1,一只金狗正在高大的草地上奔跑
6862-num-2,一只金狗坐在高大的草地上
6863-num-1,一只棕色的狗穿过高高而绿色的草
6863-num-2,一只棕色的狗正在高大的绿草
6864-num-1,没有棕色的狗穿过高大的绿草
6864-num-2,一只棕色的狗正在高大的绿草
6865-num-1,一只棕色的狗穿过高高而绿色的草
6865-num-2,一只金狗正在高大的草地上奔跑
6866-num-1,一只金狗正在高大的草地上奔跑
6866-num-2,没有棕色的狗穿过高大的绿草
6867-num-1,金狗正穿过高大的草地
6867-num-2,一只棕色的狗正在高大的绿草
6868-num-1,一只金狗坐在高大的草地上
6868-num-2,一只棕色的狗正在高大的绿草
6869-num-1,一只棕色的狗正在高大的绿草
6869-num-2,一只金狗正在高大的草地上奔跑
6870-num-1,两只狗在海滩上玩耍
6870-num-2,两只狗在海滩上玩耍
6871-num-1,两只狗在海滩上玩耍
6871-num-2,两只狗在海滩上休息
6872-num-1,几只白狗沿着海滩奔跑并跳跃
6872-num-2,两只白狗沿着海滩奔跑和跳跃
6873-num-1,没有白狗沿着海滩奔跑和跳跃
6873-num-2,两只白狗沿着海滩奔跑和跳跃
6874-num-1,几只白狗沿着海滩奔跑并跳跃
6874-num-2,两只狗在海滩上玩耍
6875-num-1,两只狗在海滩上玩耍
6875-num-2,没有白狗沿着海滩奔跑和跳跃
6876-num-1,两只白狗沿着海滩奔跑和跳跃
6876-num-2,两只狗在海滩上玩耍
6877-num-1,两只狗在海滩上休息
6877-num-2,两只白狗沿着海滩奔跑和跳跃
6878-num-1,两只白狗沿着海滩奔跑和跳跃
6878-num-2,两只狗在海滩上玩耍
6879-num-1,大棕色狗在泥土中跑到户外
6879-num-2,大棕色狗在泥土中跑到外面
6880-num-1,大棕色狗没有在泥土中奔跑
6880-num-2,大棕色狗在泥土中跑到外面
6881-num-1,一只狗在泥土轨道上沿着篱笆跑
6881-num-2,一只狗在充满污垢的轨道上沿着围栏跑来跑去
6882-num-1,一只狗在泥土轨道上沿着篱笆跑
6882-num-2,一只狗坐在篱笆上的篱笆旁
6883-num-1,一只狗在充满污垢的轨道上沿着围栏跑来跑去
6883-num-2,大棕色狗在泥土中跑到外面
6884-num-1,大棕色狗在泥土中跑到外面
6884-num-2,一只狗坐在篱笆上的篱笆旁
6885-num-1,大棕色狗在泥土中跑到户外
6885-num-2,一只狗在泥土轨道上沿着篱笆跑
6886-num-1,大棕色狗没有在泥土中奔跑
6886-num-2,一只狗在泥土轨道上沿着篱笆跑
6887-num-1,大棕色狗在泥土中跑到外面
6887-num-2,一只狗在泥土轨道上沿着篱笆跑
6888-num-1,一个穿着冬天的外套的年轻女孩正在从海滩上跳下一块巨石进入沙滩
6888-num-2,一个穿着冬季外套的年轻女孩正在海滩上跳下一块巨石进入沙滩
6889-num-1,冬季外套里没有年轻女孩从巨石上跳入沙滩上的沙子
6889-num-2,一个穿着冬季外套的年轻女孩正在海滩上跳下一块巨石进入沙滩
6890-num-1,一个女孩从岩石上跳下来，另一个女孩站在上面
6890-num-2,一个女孩跳下岩石，另一个女孩站在上面
6891-num-1,一个女孩从岩石上跳下来，另一个女孩站在上面
6891-num-2,一个女孩跳上岩石，另一个女孩坐在上面
6892-num-1,一个女孩跳下岩石，另一个女孩站在上面
6892-num-2,一个穿着冬季外套的年轻女孩正在海滩上跳下一块巨石进入沙滩
6893-num-1,一个穿着冬季外套的年轻女孩正在海滩上跳下一块巨石进入沙滩
6893-num-2,一个女孩跳上岩石，另一个女孩坐在上面
6894-num-1,一个女孩从岩石上跳下来，另一个女孩站在上面
6894-num-2,一个穿着冬天的外套的年轻女孩正在从海滩上跳下一块巨石进入沙滩
6895-num-1,冬季外套里没有年轻女孩从巨石上跳入沙滩上的沙子
6895-num-2,一个女孩从岩石上跳下来，另一个女孩站在上面
6896-num-1,一个穿着冬季外套的年轻女孩正在海滩上跳下一块巨石进入沙滩
6896-num-2,一个女孩从岩石上跳下来，另一个女孩站在上面
6897-num-1,那个有棕色头发的人戴着太阳镜，并在桌子上坐着苏打水和其他饮料的桌子
6897-num-2,那个有棕色头发的男人戴着太阳镜，坐在桌子上，里面有苏打水和其他饮料
6898-num-1,那个有棕色头发的男人不戴太阳镜，也没有坐在餐桌上，里面有苏打水和其他饮料
6898-num-2,那个有棕色头发的男人戴着太阳镜，坐在桌子上，里面有苏打水和其他饮料
6899-num-1,一个有棕色头发和阴影的年轻人坐在一些苏打水的前面
6899-num-2,一个有棕色头发和太阳镜的年轻人坐在一些苏打水的前面
6900-num-1,一个有棕色头发和太阳镜的年轻人坐在一些苏打水的前面
6900-num-2,在一些苏打水的前面，没有棕色头发和太阳镜的年轻人
6901-num-1,一个有棕色头发和阴影的年轻人坐在一些苏打水的前面
6901-num-2,那个有棕色头发的男人戴着太阳镜，坐在桌子上，里面有苏打水和其他饮料
6902-num-1,在一些苏打水的前面，没有棕色头发和太阳镜的年轻人
6902-num-2,那个有棕色头发的男人戴着太阳镜，坐在桌子上，里面有苏打水和其他饮料
6903-num-1,那个有棕色头发的人戴着太阳镜，并在桌子上坐着苏打水和其他饮料的桌子
6903-num-2,一个有棕色头发和太阳镜的年轻人坐在一些苏打水的前面
6904-num-1,那个有棕色头发的男人不戴太阳镜，也没有坐在餐桌上，里面有苏打水和其他饮料
6904-num-2,一个有棕色头发和太阳镜的年轻人坐在一些苏打水的前面
6905-num-1,那个有棕色头发的男人戴着太阳镜，坐在桌子上，里面有苏打水和其他饮料
6905-num-2,一个有棕色头发和太阳镜的年轻人坐在一些苏打水的前面
6906-num-1,一个穿着蓝色和白色制服的女人和蓝色的帽子保持张开嘴，并以同样的方式穿着其他人
6906-num-2,那个穿着蓝色和白色制服的女人戴着白色和蓝色的帽子，她的嘴巴张开，靠近别人穿着一样的时尚
6907-num-1,一个穿着蓝色和白色制服的女人和蓝色的帽子保持张开嘴，并以同样的方式穿着其他人
6907-num-2,一个穿着休闲衣服的女人让她的嘴闭上，并且在其他人身边的衣服差不多
6908-num-1,一个女人穿着蓝色的衬衫，有白色的背心和白色帽子，正在说话和游行
6908-num-2,一个女人穿着一件蓝色衬衫和白色的帽子，正在说话和游行
6909-num-1,一个女人穿着一件蓝色衬衫和白色的帽子，正在说话和游行
6909-num-2,没有女人穿着蓝色衬衫和白色背心和白色帽子，说话和游行
6910-num-1,一个女人穿着蓝色的衬衫，有白色的背心和白色帽子，正在说话和游行
6910-num-2,一个穿着蓝色和白色制服的女人和蓝色的帽子保持张开嘴，并以同样的方式穿着其他人
6911-num-1,一个穿着蓝色和白色制服的女人和蓝色的帽子保持张开嘴，并以同样的方式穿着其他人
6911-num-2,没有女人穿着蓝色衬衫和白色背心和白色帽子，说话和游行
6912-num-1,那个穿着蓝色和白色制服的女人戴着白色和蓝色的帽子，她的嘴巴张开，靠近别人穿着一样的时尚
6912-num-2,一个女人穿着一件蓝色衬衫和白色的帽子，正在说话和游行
6913-num-1,一个穿着休闲衣服的女人让她的嘴闭上，并且在其他人身边的衣服差不多
6913-num-2,一个女人穿着一件蓝色衬衫和白色的帽子，正在说话和游行
6914-num-1,一个穿着蓝色和白色制服的女人和蓝色的帽子保持张开嘴，并以同样的方式穿着其他人
6914-num-2,一个女人穿着一件蓝色衬衫和白色的帽子，正在说话和游行
6915-num-1,一个人无关紧要地拿着标志，正在寻找钱
6915-num-2,一个人拿着标志，正在寻找钱
6916-num-1,没有人拿着标志并寻求钱
6916-num-2,一个人拿着标志，正在寻找钱
6917-num-1,一个人拿着标志，正在寻找钱
6917-num-2,一个男人正在寻找标志，拿着一些钱
6918-num-1,一个胡须的男人站在购物车上，拿着纸板标志
6918-num-2,一个胡子男人站在购物车上，拿着一个纸板标志
6919-num-1,一个胡须的男人坐在购物车旁，正在放下纸板标志
6919-num-2,一个胡须的男人站在购物车上，拿着纸板标志
6920-num-1,一个胡子男人站在购物车上，拿着一个纸板标志
6920-num-2,一个人拿着标志，正在寻找钱
6921-num-1,一个人拿着标志，正在寻找钱
6921-num-2,一个胡须的男人坐在购物车旁，正在放下纸板标志
6922-num-1,一个人无关紧要地拿着标志，正在寻找钱
6922-num-2,一个胡须的男人站在购物车上，拿着纸板标志
6923-num-1,没有人拿着标志并寻求钱
6923-num-2,一个胡须的男人站在购物车上，拿着纸板标志
6924-num-1,一个胡须的男人站在购物车上，拿着纸板标志
6924-num-2,一个男人正在寻找标志，拿着一些钱
6925-num-1,一个胡须的男人站在购物车上，拿着纸板标志
6925-num-2,一个人拿着标志，正在寻找钱
6926-num-1,滑雪者正在翻转一堆雪
6926-num-2,滑雪者正在翻转一团雪
6927-num-1,没有滑雪者在雪堆上翻转
6927-num-2,滑雪者正在翻转一团雪
6928-num-1,有人在板上跳跃
6928-num-2,有人在板上跳动
6929-num-1,木板上没有人在空中跳跃
6929-num-2,有人在板上跳动
6930-num-1,滑雪者正在翻转一团雪
6930-num-2,有人在板上跳跃
6931-num-1,滑雪者正在翻转一团雪
6931-num-2,木板上没有人在空中跳跃
6932-num-1,滑雪者正在翻转一堆雪
6932-num-2,有人在板上跳动
6933-num-1,没有滑雪者在雪堆上翻转
6933-num-2,有人在板上跳动
6934-num-1,滑雪者正在翻转一团雪
6934-num-2,有人在板上跳动
6935-num-1,一大群人穿着温暖的衣服为相机摆姿势
6935-num-2,一群人很大，穿着温暖的衣服为相机摆姿势
6936-num-1,一大群人穿着温暖的衣服走开了相机
6936-num-2,一大群人穿着温暖的衣服为相机摆姿势
6937-num-1,一大群人穿着温暖的衣服为相机摆姿势
6937-num-2,一个人群摆姿势穿着沉重衣服的大型摄影师
6938-num-1,两个男人，一个女人和两个小男孩漫无目的地站在大楼外的一群人面前
6938-num-2,两个男人，一个女人和两个小男孩站在大楼外面的一群人面前
6939-num-1,两个男人，一个女人和两个小男孩坐在大楼外面的一群人面前
6939-num-2,两个男人，一个女人和两个小男孩站在大楼外面的一群人面前
6940-num-1,两个男人，一个女人和两个小男孩漫无目的地站在大楼外的一群人面前
6940-num-2,一大群人穿着温暖的衣服为相机摆姿势
6941-num-1,两个男人，一个女人和两个小男孩坐在大楼外面的一群人面前
6941-num-2,一大群人穿着温暖的衣服为相机摆姿势
6942-num-1,一群人很大，穿着温暖的衣服为相机摆姿势
6942-num-2,两个男人，一个女人和两个小男孩站在大楼外面的一群人面前
6943-num-1,一大群人穿着温暖的衣服走开了相机
6943-num-2,两个男人，一个女人和两个小男孩站在大楼外面的一群人面前
6944-num-1,两个男人，一个女人和两个小男孩站在大楼外面的一群人面前
6944-num-2,一个人群摆姿势穿着沉重衣服的大型摄影师
6945-num-1,一大群人穿着温暖的衣服为相机摆姿势
6945-num-2,两个男人，一个女人和两个小男孩站在大楼外面的一群人面前
6946-num-1,一个小的女孩，金色的头发微笑着坐在秋千上
6946-num-2,一个金色头发的小女孩微笑着坐在秋千上
6947-num-1,没有一个小女孩，金色的头发微笑着坐在秋千上
6947-num-2,一个金色头发的小女孩微笑着坐在秋千上
6948-num-1,一个绿色的金发小孩坐在秋千上
6948-num-2,一个绿色的金发男孩坐在秋千上
6949-num-1,一个绿色的金发男孩坐在秋千上
6949-num-2,一个绿色的金发男孩站在秋千上
6950-num-1,一个绿色的金发女郎坐在一个摇摆的男孩
6950-num-2,一个绿色的金发男孩坐在秋千上
6951-num-1,一个金色头发的小女孩微笑着坐在秋千上
6951-num-2,一个绿色的金发小孩坐在秋千上
6952-num-1,一个绿色的金发男孩站在秋千上
6952-num-2,一个金色头发的小女孩微笑着坐在秋千上
6953-num-1,一个绿色的金发女郎坐在一个摇摆的男孩
6953-num-2,一个金色头发的小女孩微笑着坐在秋千上
6954-num-1,一个小的女孩，金色的头发微笑着坐在秋千上
6954-num-2,一个绿色的金发男孩坐在秋千上
6955-num-1,一个绿色的金发男孩坐在秋千上
6955-num-2,没有一个小女孩，金色的头发微笑着坐在秋千上
6956-num-1,一个绿色的金发男孩坐在秋千上
6956-num-2,一个金色头发的小女孩微笑着坐在秋千上
6957-num-1,音乐是由四个人在户外演奏的
6957-num-2,四个人在户外表演音乐
6958-num-1,四个人在户外表演音乐
6958-num-2,四个人默默地站在户外
6959-num-1,戴白帽子的男人在舞台上弹吉他
6959-num-2,一个戴着白帽子的男人在舞台上弹吉他
6960-num-1,一个戴着白帽子的男人在舞台上弹吉他
6960-num-2,一个戴着白帽子的男人正在舞台
6961-num-1,白人正在戴帽子和弹吉他
6961-num-2,一个戴着白帽子的男人在舞台上弹吉他
6962-num-1,戴白帽子的男人在舞台上弹吉他
6962-num-2,四个人在户外表演音乐
6963-num-1,一个戴着白帽子的男人正在舞台
6963-num-2,四个人在户外表演音乐
6964-num-1,四个人在户外表演音乐
6964-num-2,白人正在戴帽子和弹吉他
6965-num-1,一个戴着白帽子的男人在舞台上弹吉他
6965-num-2,音乐是由四个人在户外演奏的
6966-num-1,一个戴着白帽子的男人在舞台上弹吉他
6966-num-2,四个人默默地站在户外
6967-num-1,一个戴着白帽子的男人在舞台上弹吉他
6967-num-2,四个人在户外表演音乐
6968-num-1,一个男人正在参加BMX比赛
6968-num-2,一个男人正在参加BMX的比赛
6969-num-1,一个男人正在参加BMX比赛
6969-num-2,一个人没有参加BMX比赛
6970-num-1,一个穿着红色制服的男人迅速在越野车比赛中跳跃
6970-num-2,一个穿着红色制服的男人正在一场越野车比赛中跳跃
6971-num-1,没有穿着红色制服的男人在一场泥土上跳跃
6971-num-2,一个穿着红色制服的男人正在一场越野车比赛中跳跃
6972-num-1,一个穿着红色制服的男人正在一场越野车比赛中跳跃
6972-num-2,一个穿着红色制服的男人正在赛车，跳过泥土中的自行车
6973-num-1,一个穿着红色制服的男人迅速在越野车比赛中跳跃
6973-num-2,一个男人正在参加BMX比赛
6974-num-1,一个男人正在参加BMX比赛
6974-num-2,没有穿着红色制服的男人在一场泥土上跳跃
6975-num-1,一个穿着红色制服的男人正在赛车，跳过泥土中的自行车
6975-num-2,一个男人正在参加BMX比赛
6976-num-1,一个穿着红色制服的男人正在一场越野车比赛中跳跃
6976-num-2,一个男人正在参加BMX的比赛
6977-num-1,一个人没有参加BMX比赛
6977-num-2,一个穿着红色制服的男人正在一场越野车比赛中跳跃
6978-num-1,一个穿着红色制服的男人正在一场越野车比赛中跳跃
6978-num-2,一个男人正在参加BMX比赛
6979-num-1,一个幸福的家庭在壁炉旁摆姿势
6979-num-2,一个看起来很快乐的家庭在壁炉旁摆姿势
6980-num-1,一个幸福的家庭在壁炉旁摆姿势
6980-num-2,一个悲伤的家庭在壁炉上摆姿势
6981-num-1,一家人是由壁炉架和一棵圣诞树摆姿势的
6981-num-2,一个家庭在壁炉架和圣诞树上摆姿势
6982-num-1,壁炉架和圣诞树没有家人摆姿势
6982-num-2,一个家庭在壁炉架和圣诞树上摆姿势
6983-num-1,一家人是由壁炉架和一棵圣诞树摆姿势的
6983-num-2,一个幸福的家庭在壁炉旁摆姿势
6984-num-1,壁炉架和圣诞树没有家人摆姿势
6984-num-2,一个幸福的家庭在壁炉旁摆姿势
6985-num-1,一个看起来很快乐的家庭在壁炉旁摆姿势
6985-num-2,一个家庭在壁炉架和圣诞树上摆姿势
6986-num-1,一个家庭在壁炉架和圣诞树上摆姿势
6986-num-2,一个悲伤的家庭在壁炉上摆姿势
6987-num-1,一个家庭在壁炉架和圣诞树上摆姿势
6987-num-2,一个幸福的家庭在壁炉旁摆姿势
6988-num-1,两个双胞胎青春期男孩用棍子决斗
6988-num-2,两个双胞胎青春期的孩子用棍子决斗
6989-num-1,两个双胞胎青春期男孩用棍子决斗
6989-num-2,两个双胞胎青春期男孩正在玩卡片
6990-num-1,两个男孩穿着棕色衬衫，热情地在木制平台上的绳子上拉扯
6990-num-2,两个男孩穿着棕色衬衫，在木制平台上拉绳子
6991-num-1,两个男孩穿着棕色衬衫，在木制平台上拉绳子
6991-num-2,两个女孩穿着棕色衬衫，在木制平台上拉扯绳子
6992-num-1,两个双胞胎青春期男孩用棍子决斗
6992-num-2,两个男孩穿着棕色衬衫，热情地在木制平台上的绳子上拉扯
6993-num-1,两个女孩穿着棕色衬衫，在木制平台上拉扯绳子
6993-num-2,两个双胞胎青春期男孩用棍子决斗
6994-num-1,两个男孩穿着棕色衬衫，在木制平台上拉绳子
6994-num-2,两个双胞胎青春期的孩子用棍子决斗
6995-num-1,两个男孩穿着棕色衬衫，在木制平台上拉绳子
6995-num-2,两个双胞胎青春期男孩正在玩卡片
6996-num-1,两个男孩穿着棕色衬衫，在木制平台上拉绳子
6996-num-2,两个双胞胎青春期男孩用棍子决斗
6997-num-1,对手正在解决足球运动员
6997-num-2,一名足球运动员正在他的对手解决
6998-num-1,没有足球运动员正在被对手解决
6998-num-2,一名足球运动员正在他的对手解决
6999-num-1,有些人玩橄榄球正在互相应对
6999-num-2,橄榄球球员正在互相应对
7000-num-1,橄榄球球员没有互相应对
7000-num-2,橄榄球球员正在互相应对
7001-num-1,一名足球运动员正在他的对手解决
7001-num-2,有些人玩橄榄球正在互相应对
7002-num-1,橄榄球球员没有互相应对
7002-num-2,一名足球运动员正在他的对手解决
7003-num-1,橄榄球球员正在互相应对
7003-num-2,对手正在解决足球运动员
7004-num-1,没有足球运动员正在被对手解决
7004-num-2,橄榄球球员正在互相应对
7005-num-1,一名足球运动员正在他的对手解决
7005-num-2,橄榄球球员正在互相应对
7006-num-1,白色的狗站在倒下的叶子上
7006-num-2,一只白狗站在倒下的叶子上
7007-num-1,一只白狗站在倒下的叶子上
7007-num-2,一只白狗躺在倒下的叶子上
7008-num-1,一只白狗站在地上的叶子上
7008-num-2,一只白狗站在地上的叶子上
7009-num-1,地面上的叶子上没有白狗
7009-num-2,一只白狗站在地上的叶子上
7010-num-1,一只白狗站在倒下的叶子上
7010-num-2,一只白狗站在地上的叶子上
7011-num-1,一只白狗站在倒下的叶子上
7011-num-2,地面上的叶子上没有白狗
7012-num-1,一只白狗站在地上的叶子上
7012-num-2,白色的狗站在倒下的叶子上
7013-num-1,一只白狗躺在倒下的叶子上
7013-num-2,一只白狗站在地上的叶子上
7014-num-1,一只白狗站在地上的叶子上
7014-num-2,一只白狗站在倒下的叶子上
7015-num-1,两个女孩在跳投房子里很高兴玩
7015-num-2,两个女孩在跳投房子里玩耍
7016-num-1,两个女孩没有在跳投房子里玩
7016-num-2,两个女孩在跳投房子里玩耍
7017-num-1,两个女孩跳入一个玩家的房子里
7017-num-2,两个女孩在跳投房子里玩耍
7018-num-1,一个穿着浅色的衣服的孩子站着他的手臂向外伸出
7018-num-2,一个穿着浅色衣服的孩子站着他的手臂向外伸出
7019-num-1,一个穿着浅色衣服的孩子站着他的手臂向外伸出
7019-num-2,穿着浅色衣服的孩子躺在他的手臂上躺着
7020-num-1,两个女孩在跳投房子里玩耍
7020-num-2,一个穿着浅色的衣服的孩子站着他的手臂向外伸出
7021-num-1,穿着浅色衣服的孩子躺在他的手臂上躺着
7021-num-2,两个女孩在跳投房子里玩耍
7022-num-1,一个穿着浅色衣服的孩子站着他的手臂向外伸出
7022-num-2,两个女孩在跳投房子里很高兴玩
7023-num-1,一个穿着浅色衣服的孩子站着他的手臂向外伸出
7023-num-2,两个女孩没有在跳投房子里玩
7024-num-1,两个女孩跳入一个玩家的房子里
7024-num-2,一个穿着浅色衣服的孩子站着他的手臂向外伸出
7025-num-1,两个女孩在跳投房子里玩耍
7025-num-2,一个穿着浅色衣服的孩子站着他的手臂向外伸出
7026-num-1,男孩和女孩在户外体育馆里玩
7026-num-2,一个男孩和一个女孩在户外体育馆里玩
7027-num-1,男孩和女孩没有在操场上玩
7027-num-2,男孩和女孩在户外体育馆里玩
7028-num-1,有些孩子在游乐场玩
7028-num-2,有些孩子在操场上玩耍
7029-num-1,有些孩子在游乐场玩
7029-num-2,有些孩子没有在操场上玩
7030-num-1,男孩和女孩在户外体育馆里玩
7030-num-2,有些孩子在操场上玩耍
7031-num-1,有些孩子没有在操场上玩
7031-num-2,男孩和女孩在户外体育馆里玩
7032-num-1,一个男孩和一个女孩在户外体育馆里玩
7032-num-2,有些孩子在游乐场玩
7033-num-1,有些孩子在游乐场玩
7033-num-2,男孩和女孩没有在操场上玩
7034-num-1,男孩和女孩在户外体育馆里玩
7034-num-2,有些孩子在游乐场玩
7035-num-1,越野摩托车骑手穿着蓝色和黑色裤子
7035-num-2,越野摩托车骑手正在穿蓝色和黑色裤子
7036-num-1,越野摩托车骑手穿着蓝色和黑色裤子
7036-num-2,越野摩托车骑手赤裸裸
7037-num-1,蓝色和黑色摩托车自行车上的骑手没有穿裤子
7037-num-2,越野摩托车骑手穿着蓝色和黑色裤子
7038-num-1,骑自行车的骑自行车的人，穿着蓝色外套，黑色裤子和白色头盔在灰尘上鲁ck驾驶，人们看着
7038-num-2,骑自行车的人穿着蓝色外套，黑色裤子和白色头盔在泥土上行驶，人们在看着
7039-num-1,骑自行车的人穿着蓝色外套，黑色裤子和白色头盔在泥土上停车，人们没有看着
7039-num-2,骑自行车的人穿着蓝色外套，黑色裤子和白色头盔在泥土上行驶，人们在看着
7040-num-1,越野摩托车骑手穿着蓝色和黑色裤子
7040-num-2,骑自行车的骑自行车的人，穿着蓝色外套，黑色裤子和白色头盔在灰尘上鲁ck驾驶，人们看着
7041-num-1,越野摩托车骑手穿着蓝色和黑色裤子
7041-num-2,骑自行车的人穿着蓝色外套，黑色裤子和白色头盔在泥土上停车，人们没有看着
7042-num-1,骑自行车的人穿着蓝色外套，黑色裤子和白色头盔在泥土上行驶，人们在看着
7042-num-2,越野摩托车骑手正在穿蓝色和黑色裤子
7043-num-1,越野摩托车骑手赤裸裸
7043-num-2,骑自行车的人穿着蓝色外套，黑色裤子和白色头盔在泥土上行驶，人们在看着
7044-num-1,蓝色和黑色摩托车自行车上的骑手没有穿裤子
7044-num-2,骑自行车的人穿着蓝色外套，黑色裤子和白色头盔在泥土上行驶，人们在看着
7045-num-1,骑自行车的人穿着蓝色外套，黑色裤子和白色头盔在泥土上行驶，人们在看着
7045-num-2,越野摩托车骑手穿着蓝色和黑色裤子
7046-num-1,一个戴着粉红色手套的年轻亚洲女人站在雪地上
7046-num-2,一个年轻和亚洲的女人，用粉红色的手套彩色，正站在雪中
7047-num-1,没有粉红色手套的年轻亚洲女人站在雪地上
7047-num-2,一个戴着粉红色手套的年轻亚洲女人站在雪地上
7048-num-1,一个戴着粉红色手套和棕色外套的女性在雪中微笑
7048-num-2,戴着粉红色手套和棕色外套的女性在雪中微笑
7049-num-1,戴着粉红色手套和棕色外套的女性在雪地里没有微笑
7049-num-2,一个戴着粉红色手套和棕色外套的女性在雪中微笑
7050-num-1,戴着粉红色手套和棕色外套的女性在雪中微笑
7050-num-2,一个戴着粉红色手套的年轻亚洲女人站在雪地上
7051-num-1,一个戴着粉红色手套的年轻亚洲女人站在雪地上
7051-num-2,戴着粉红色手套和棕色外套的女性在雪地里没有微笑
7052-num-1,一个年轻和亚洲的女人，用粉红色的手套彩色，正站在雪中
7052-num-2,一个戴着粉红色手套和棕色外套的女性在雪中微笑
7053-num-1,一个戴着粉红色手套和棕色外套的女性在雪中微笑
7053-num-2,没有粉红色手套的年轻亚洲女人站在雪地上
7054-num-1,一个戴着粉红色手套和棕色外套的女性在雪中微笑
7054-num-2,一个戴着粉红色手套的年轻亚洲女人站在雪地上
7055-num-1,一个男人正在喝橙汁，走路
7055-num-2,一个人正在喝橙汁和行走
7056-num-1,一个男人正在喝橙汁，走路
7056-num-2,一个男人正在洒橙汁，静止不动
7057-num-1,橙汁正在阳光明媚的日子里醉酒
7057-num-2,一个男人正在喝橙汁，在晴天
7058-num-1,一个男人正在喝橙汁，在晴天
7058-num-2,没有男人喝橙汁，在晴天
7059-num-1,橙汁正在阳光明媚的日子里醉酒
7059-num-2,一个男人正在喝橙汁，走路
7060-num-1,没有男人喝橙汁，在晴天
7060-num-2,一个男人正在喝橙汁，走路
7061-num-1,一个男人正在喝橙汁，在晴天
7061-num-2,一个人正在喝橙汁和行走
7062-num-1,一个男人正在洒橙汁，静止不动
7062-num-2,一个男人正在喝橙汁，在晴天
7063-num-1,一个男人正在喝橙汁，在晴天
7063-num-2,一个男人正在喝橙汁，走路
7064-num-1,旱冰器在坡道上执行一个窍门
7064-num-2,旱冰鞋正在坡道上执行技巧
7065-num-1,旱冰器没有在坡道上执行技巧
7065-num-2,旱冰鞋正在坡道上执行技巧
7066-num-1,一名内联溜冰鞋在滑板公园里滑冰
7066-num-2,一个戴着溜冰鞋的男人在一个公园里溜冰，用于滑冰
7067-num-1,一名内联溜冰鞋在滑板公园里滑冰
7067-num-2,一个上一条溜冰鞋的男人正在滑板公园休息
7068-num-1,旱冰鞋正在坡道上执行技巧
7068-num-2,一个戴着溜冰鞋的男人在一个公园里溜冰，用于滑冰
7069-num-1,旱冰鞋正在坡道上执行技巧
7069-num-2,一个上一条溜冰鞋的男人正在滑板公园休息
7070-num-1,一名内联溜冰鞋在滑板公园里滑冰
7070-num-2,旱冰器在坡道上执行一个窍门
7071-num-1,旱冰器没有在坡道上执行技巧
7071-num-2,一名内联溜冰鞋在滑板公园里滑冰
7072-num-1,旱冰鞋正在坡道上执行技巧
7072-num-2,一名内联溜冰鞋在滑板公园里滑冰
7073-num-1,一条黑色外套的狗站在浅水中
7073-num-2,一只黑狗站在浅水中
7074-num-1,一只黑狗站在浅水中
7074-num-2,一只黑狗站在深水中
7075-num-1,一只带有红领的黑狗很有趣
7075-num-2,一只带有红领的黑狗将其脸放在水中
7076-num-1,一只带有红领的黑狗将其脸放在水中
7076-num-2,没有黑狗和红领将脸放在水中
7077-num-1,一只带有红领的黑狗很有趣
7077-num-2,一只黑狗站在浅水中
7078-num-1,一只黑狗站在浅水中
7078-num-2,没有黑狗和红领将脸放在水中
7079-num-1,一只带有红领的黑狗将其脸放在水中
7079-num-2,一条黑色外套的狗站在浅水中
7080-num-1,一只带有红领的黑狗将其脸放在水中
7080-num-2,一只黑狗站在深水中
7081-num-1,一只带有红领的黑狗将其脸放在水中
7081-num-2,一只黑狗站在浅水中
7082-num-1,人群正在看足球比赛
7082-num-2,人群正在观看足球比赛
7083-num-1,人群正在看足球比赛
7083-num-2,人群没有看足球比赛
7084-num-1,人群在比赛中观看足球
7084-num-2,人群正在看足球比赛
7085-num-1,一群踢足球的人在场上奔跑
7085-num-2,一群足球运动员在球场上奔跑
7086-num-1,一群足球运动员在球场上奔跑
7086-num-2,一群足球运动员仍站在场上
7087-num-1,人群正在看足球比赛
7087-num-2,一群踢足球的人在场上奔跑
7088-num-1,一群足球运动员仍站在场上
7088-num-2,人群正在看足球比赛
7089-num-1,一群足球运动员在球场上奔跑
7089-num-2,人群正在观看足球比赛
7090-num-1,人群没有看足球比赛
7090-num-2,一群足球运动员在球场上奔跑
7091-num-1,一群足球运动员在球场上奔跑
7091-num-2,人群在比赛中观看足球
7092-num-1,人群正在看足球比赛
7092-num-2,一群足球运动员在球场上奔跑
7093-num-1,一群人站在一起看着相机
7093-num-2,一群人站在一起看着相机
7094-num-1,一群人站在一起看着相机
7094-num-2,没有一群人站在一起看相机
7095-num-1,一个东方男人和两个女人在镜头前
7095-num-2,一个东方男人和两个女人面对相机
7096-num-1,一个东方男人和两个女人正在反向相机
7096-num-2,一个东方男人和两个女人面对相机
7097-num-1,一个东方男人和两个女人在镜头前
7097-num-2,一群人站在一起看着相机
7098-num-1,一个东方男人和两个女人正在反向相机
7098-num-2,一群人站在一起看着相机
7099-num-1,一个东方男人和两个女人面对相机
7099-num-2,一群人站在一起看着相机
7100-num-1,一个东方男人和两个女人面对相机
7100-num-2,没有一群人站在一起看相机
7101-num-1,一个东方男人和两个女人面对相机
7101-num-2,一群人站在一起看着相机
7102-num-1,一个孩子坐在红色和黄色的玩具车上
7102-num-2,一个孩子坐在一辆彩色的玩具车上，红色和黄色
7103-num-1,一个孩子坐在红色和黄色的玩具车上
7103-num-2,没有孩子坐在红色和黄色的玩具车上
7104-num-1,一个小女孩骑在玩具车上
7104-num-2,小女孩骑在玩具车里
7105-num-1,一个小女孩骑在玩具车上
7105-num-2,一个小女孩正在离开玩具车
7106-num-1,一个小女孩骑在玩具车上
7106-num-2,一个小玩具女孩在骑车
7107-num-1,一个孩子坐在红色和黄色的玩具车上
7107-num-2,小女孩骑在玩具车里
7108-num-1,一个小女孩正在离开玩具车
7108-num-2,一个孩子坐在红色和黄色的玩具车上
7109-num-1,一个小玩具女孩在骑车
7109-num-2,一个孩子坐在红色和黄色的玩具车上
7110-num-1,一个孩子坐在一辆彩色的玩具车上，红色和黄色
7110-num-2,一个小女孩骑在玩具车上
7111-num-1,一个小女孩骑在玩具车上
7111-num-2,没有孩子坐在红色和黄色的玩具车上
7112-num-1,一个孩子坐在红色和黄色的玩具车上
7112-num-2,一个小女孩骑在玩具车上
7113-num-1,穿着红色服装的孩子正在危险地跳上蹦床
7113-num-2,穿着红色服装的孩子正在跳上蹦床
7114-num-1,穿着红色服装的孩子正在跳上蹦床
7114-num-2,红色的服装上没有孩子跳上蹦床
7115-num-1,一个穿着红色衣服的小男孩正在空中跳入空中
7115-num-2,一个穿着红色衣服的小男孩跳入空中
7116-num-1,一个穿着红色衣服的小男孩跳到地上
7116-num-2,一个穿着红色衣服的小男孩跳入空中
7117-num-1,穿着红色服装的孩子正在跳上蹦床
7117-num-2,一个穿着红色衣服的小男孩正在空中跳入空中
7118-num-1,一个穿着红色衣服的小男孩跳到地上
7118-num-2,穿着红色服装的孩子正在跳上蹦床
7119-num-1,一个穿着红色衣服的小男孩跳入空中
7119-num-2,穿着红色服装的孩子正在危险地跳上蹦床
7120-num-1,一个穿着红色衣服的小男孩跳入空中
7120-num-2,红色的服装上没有孩子跳上蹦床
7121-num-1,穿着红色服装的孩子正在跳上蹦床
7121-num-2,一个穿着红色衣服的小男孩跳入空中
7122-num-1,黑狗正在和沙滩上的棕色狗一起玩
7122-num-2,一只黑狗在沙滩上和一只棕色的狗一起玩
7123-num-1,一只黑狗在沙滩上和一只棕色的狗一起玩
7123-num-2,一只黑狗在沙滩上攻击一只棕色的狗
7124-num-1,一只棕色的狗和一只黑狗在沙滩上嬉戏
7124-num-2,一只棕色的狗和黑狗在沙滩上玩耍
7125-num-1,一只棕色的狗和黑狗在沙滩上玩耍
7125-num-2,没有棕色的狗和黑狗在沙滩上玩耍
7126-num-1,一只棕色的狗和一只黑狗在沙滩上嬉戏
7126-num-2,一只黑狗在沙滩上和一只棕色的狗一起玩
7127-num-1,一只黑狗在沙滩上和一只棕色的狗一起玩
7127-num-2,没有棕色的狗和黑狗在沙滩上玩耍
7128-num-1,一只棕色的狗和黑狗在沙滩上玩耍
7128-num-2,黑狗正在和沙滩上的棕色狗一起玩
7129-num-1,一只棕色的狗和黑狗在沙滩上玩耍
7129-num-2,一只黑狗在沙滩上攻击一只棕色的狗
7130-num-1,一只棕色的狗和黑狗在沙滩上玩耍
7130-num-2,一只黑狗在沙滩上和一只棕色的狗一起玩
7131-num-1,一个女人和三个男人一动作照片
7131-num-2,一个女人和三个男人摆姿势拍照
7132-num-1,一个女人和三个男人摆姿势拍照
7132-num-2,一个女人和三个男人否认一张照片
7133-num-1,一个女人和三个男人摆姿势拍照
7133-num-2,一个女人在为三个男人摆姿势拍照
7134-num-1,三个男人和一个女人静止不动拍照
7134-num-2,三个男人和一个女人摆姿势拍照
7135-num-1,三个男人和一个女人逃离图片
7135-num-2,三个男人和一个女人摆姿势拍照
7136-num-1,三个男人和一个女人静止不动拍照
7136-num-2,一个女人和三个男人摆姿势拍照
7137-num-1,一个女人和三个男人摆姿势拍照
7137-num-2,三个男人和一个女人逃离图片
7138-num-1,一个女人和三个男人一动作照片
7138-num-2,三个男人和一个女人摆姿势拍照
7139-num-1,一个女人和三个男人否认一张照片
7139-num-2,三个男人和一个女人摆姿势拍照
7140-num-1,三个男人和一个女人摆姿势拍照
7140-num-2,一个女人在为三个男人摆姿势拍照
7141-num-1,三个男人和一个女人摆姿势拍照
7141-num-2,一个女人和三个男人摆姿势拍照
7142-num-1,一个被草覆盖的小男孩在木栅栏附近跳跃
7142-num-2,一个被草覆盖的小男孩在用木头制成的篱笆附近跳跃
7143-num-1,没有小男孩被草覆盖在木篱笆附近
7143-num-2,一个被草覆盖的小男孩在木栅栏附近跳跃
7144-num-1,一个小男孩正在跳跃并用草覆盖附近的木篱笆
7144-num-2,一个被草覆盖的小男孩在木栅栏附近跳跃
7145-num-1,一个湿的男孩在肮脏和湿的草地上跳来跳去
7145-num-2,一个湿的男孩在肮脏和湿的草地上跳来跳去
7146-num-1,一个湿的男孩站在肮脏和湿的草地上
7146-num-2,一个湿的男孩在肮脏和湿的草地上跳来跳去
7147-num-1,一个湿的男孩在肮脏和湿的草地上跳来跳去
7147-num-2,一个被草覆盖的小男孩在木栅栏附近跳跃
7148-num-1,一个湿的男孩站在肮脏和湿的草地上
7148-num-2,一个被草覆盖的小男孩在木栅栏附近跳跃
7149-num-1,一个湿的男孩在肮脏和湿的草地上跳来跳去
7149-num-2,一个被草覆盖的小男孩在用木头制成的篱笆附近跳跃
7150-num-1,一个湿的男孩在肮脏和湿的草地上跳来跳去
7150-num-2,没有小男孩被草覆盖在木篱笆附近
7151-num-1,一个湿的男孩在肮脏和湿的草地上跳来跳去
7151-num-2,一个小男孩正在跳跃并用草覆盖附近的木篱笆
7152-num-1,一个被草覆盖的小男孩在木栅栏附近跳跃
7152-num-2,一个湿的男孩在肮脏和湿的草地上跳来跳去
7153-num-1,一只黑狗正在穿过一些高大的草
7153-num-2,黑狗正在高大的草丛
7154-num-1,黑狗正在高大的草丛
7154-num-2,黑狗没有穿过高大的草
7155-num-1,黑狗在草丛中冲刺
7155-num-2,黑狗在草地上奔跑
7156-num-1,黑狗在草地上奔跑
7156-num-2,黑狗没有穿过草
7157-num-1,黑狗在草丛中冲刺
7157-num-2,黑狗正在高大的草丛
7158-num-1,黑狗正在高大的草丛
7158-num-2,黑狗没有穿过草
7159-num-1,一只黑狗正在穿过一些高大的草
7159-num-2,黑狗在草地上奔跑
7160-num-1,黑狗没有穿过高大的草
7160-num-2,黑狗在草地上奔跑
7161-num-1,黑狗在草地上奔跑
7161-num-2,黑狗正在高大的草丛
7162-num-1,黑狗在岩石上爬
7162-num-2,黑狗正在爬上一块岩石
7163-num-1,黑狗在岩石上爬
7163-num-2,黑狗不是在岩石上攀登
7164-num-1,黑人登山者正在摇摆一只狗
7164-num-2,黑狗在岩石上爬
7165-num-1,一只狗站在田野里的岩石上的两个前爪
7165-num-2,那只狗站在田野的一块岩石上的两个前爪
7166-num-1,一只狗站在田野里的岩石上的两个前爪
7166-num-2,没有狗站在野外的岩石上的两个前爪
7167-num-1,黑狗在岩石上爬
7167-num-2,那只狗站在田野的一块岩石上的两个前爪
7168-num-1,黑狗在岩石上爬
7168-num-2,没有狗站在野外的岩石上的两个前爪
7169-num-1,一只狗站在田野里的岩石上的两个前爪
7169-num-2,黑狗正在爬上一块岩石
7170-num-1,一只狗站在田野里的岩石上的两个前爪
7170-num-2,黑狗不是在岩石上攀登
7171-num-1,一只狗站在田野里的岩石上的两个前爪
7171-num-2,黑人登山者正在摇摆一只狗
7172-num-1,一只狗站在田野里的岩石上的两个前爪
7172-num-2,黑狗在岩石上爬
7173-num-1,一个黑色头发的小孩正在用相机拍照
7173-num-2,一个黑发的小孩正在用相机拍照
7174-num-1,一个黑发的小孩正在删除相机的图片
7174-num-2,一个黑发的小孩正在用相机拍照
7175-num-1,一个孩子在他的脸前拿着相机
7175-num-2,摄像机被握在孩子面前
7176-num-1,一个孩子在他的脸前拿着相机
7176-num-2,没有孩子在他的脸前拿着相机
7177-num-1,一个黑发的小孩正在用相机拍照
7177-num-2,摄像机被握在孩子面前
7178-num-1,一个黑发的小孩正在用相机拍照
7178-num-2,没有孩子在他的脸前拿着相机
7179-num-1,一个孩子在他的脸前拿着相机
7179-num-2,一个黑色头发的小孩正在用相机拍照
7180-num-1,一个孩子在他的脸前拿着相机
7180-num-2,一个黑发的小孩正在删除相机的图片
7181-num-1,一个孩子在他的脸前拿着相机
7181-num-2,一个黑发的小孩正在用相机拍照
7182-num-1,两个小男孩穿着燕尾服
7182-num-2,两个小孩穿着燕尾服
7183-num-1,两个小男孩没有穿燕尾服
7183-num-2,两个小男孩穿着燕尾服
7184-num-1,穿着燕尾服的两个男孩看上去很小
7184-num-2,两个穿着燕尾服的小男孩坐在红地毯上
7185-num-1,两个穿着燕尾服的小男孩坐在红地毯上
7185-num-2,两个穿着燕尾服的小男孩站在红地毯上
7186-num-1,两个穿着燕尾服的小男孩坐在红地毯上
7186-num-2,一些穿着地毯打扮的男孩坐在两个红色燕尾服上
7187-num-1,穿着燕尾服的两个男孩看上去很小
7187-num-2,两个小男孩穿着燕尾服
7188-num-1,两个穿着燕尾服的小男孩站在红地毯上
7188-num-2,两个小男孩穿着燕尾服
7189-num-1,一些穿着地毯打扮的男孩坐在两个红色燕尾服上
7189-num-2,两个小男孩穿着燕尾服
7190-num-1,两个穿着燕尾服的小男孩坐在红地毯上
7190-num-2,两个小孩穿着燕尾服
7191-num-1,两个穿着燕尾服的小男孩坐在红地毯上
7191-num-2,两个小男孩没有穿燕尾服
7192-num-1,两个穿着燕尾服的小男孩坐在红地毯上
7192-num-2,两个小男孩穿着燕尾服
7193-num-1,一个男人疲倦地站在公共汽车旁边
7193-num-2,一个男人站在公共汽车旁边
7194-num-1,公共汽车旁边没有人
7194-num-2,一个男人站在公共汽车旁边
7195-num-1,这个男人站在人行道上
7195-num-2,一个男人站在人行道上
7196-num-1,一个男人站在人行道上
7196-num-2,一个男人坐在人行道上
7197-num-1,一个男人站在公共汽车旁边
7197-num-2,这个男人站在人行道上
7198-num-1,一个男人坐在人行道上
7198-num-2,一个男人站在公共汽车旁边
7199-num-1,一个男人站在人行道上
7199-num-2,一个男人疲倦地站在公共汽车旁边
7200-num-1,一个男人站在人行道上
7200-num-2,公共汽车旁边没有人
7201-num-1,一个男人站在公共汽车旁边
7201-num-2,一个男人站在人行道上
7202-num-1,一只蓝色染色的狗正在贯穿草
7202-num-2,一只蓝色毯子的狗正在横穿草
7203-num-1,一只蓝色毯子的狗正在横穿草
7203-num-2,没有狗，蓝色的毯子在草地上奔跑
7204-num-1,一条带枪口和蓝色外套的狗在球场周围奔跑
7204-num-2,一只带枪口和蓝色外套的狗在院子里奔跑
7205-num-1,枪口和蓝色外套的狗在院子里休息
7205-num-2,一只带枪口和蓝色外套的狗在院子里奔跑
7206-num-1,一只带枪口和蓝色外套的狗在院子里奔跑
7206-num-2,一条带有蓝色枪口的狗在院子里跑着夹克
7207-num-1,一只蓝色毯子的狗正在横穿草
7207-num-2,一条带枪口和蓝色外套的狗在球场周围奔跑
7208-num-1,一只蓝色毯子的狗正在横穿草
7208-num-2,枪口和蓝色外套的狗在院子里休息
7209-num-1,一只蓝色毯子的狗正在横穿草
7209-num-2,一条带有蓝色枪口的狗在院子里跑着夹克
7210-num-1,一只蓝色染色的狗正在贯穿草
7210-num-2,一只带枪口和蓝色外套的狗在院子里奔跑
7211-num-1,一只带枪口和蓝色外套的狗在院子里奔跑
7211-num-2,没有狗，蓝色的毯子在草地上奔跑
7212-num-1,一只带枪口和蓝色外套的狗在院子里奔跑
7212-num-2,一只蓝色毯子的狗正在横穿草
7213-num-1,一只棕色的狗在院子里喘不过气来，嘴里有一个玩具
7213-num-2,一只棕色的狗在院子里奔跑，嘴里有一个玩具
7214-num-1,一只棕色的狗在院子里奔跑，嘴里有一个玩具
7214-num-2,院子里没有棕色的狗，嘴里有一个玩具
7215-num-1,一个彩色玩具是由草丛中的棕色狗带走的
7215-num-2,一只棕色的狗在草地上携带着彩色玩具
7216-num-1,一只棕色的狗在草地上携带着彩色玩具
7216-num-2,一只棕色的狗正在从嘴里掉下彩色玩具
7217-num-1,一个彩色玩具是由草丛中的棕色狗带走的
7217-num-2,一只棕色的狗在院子里奔跑，嘴里有一个玩具
7218-num-1,一只棕色的狗在院子里奔跑，嘴里有一个玩具
7218-num-2,一只棕色的狗正在从嘴里掉下彩色玩具
7219-num-1,一只棕色的狗在院子里喘不过气来，嘴里有一个玩具
7219-num-2,一只棕色的狗在草地上携带着彩色玩具
7220-num-1,院子里没有棕色的狗，嘴里有一个玩具
7220-num-2,一只棕色的狗在草地上携带着彩色玩具
7221-num-1,一只棕色的狗在院子里奔跑，嘴里有一个玩具
7221-num-2,一只棕色的狗在草地上携带着彩色玩具
7222-num-1,绿色衬衫的人高高跳过草地
7222-num-2,一件绿色衬衫的人在草地上跳高
7223-num-1,一个绿色衬衫的人正在跳到草地上
7223-num-2,一件绿色衬衫的人在草地上跳高
7224-num-1,一件绿色衬衫的人在草地上跳高
7224-num-2,一个没有衬衫的人在绿草上跳高
7225-num-1,一个小男孩膝盖弯曲，双臂张开
7225-num-2,一个年轻的男孩，膝盖弯曲，手臂张开
7226-num-1,一个小男孩膝盖弯曲，双臂张开
7226-num-2,没有小男孩膝盖弯曲，双臂张开
7227-num-1,一个年轻的男孩，膝盖弯曲，手臂张开
7227-num-2,一件绿色衬衫的人在草地上跳高
7228-num-1,没有小男孩膝盖弯曲，双臂张开
7228-num-2,一件绿色衬衫的人在草地上跳高
7229-num-1,绿色衬衫的人高高跳过草地
7229-num-2,一个小男孩膝盖弯曲，双臂张开
7230-num-1,一个绿色衬衫的人正在跳到草地上
7230-num-2,一个小男孩膝盖弯曲，双臂张开
7231-num-1,一个没有衬衫的人在绿草上跳高
7231-num-2,一个小男孩膝盖弯曲，双臂张开
7232-num-1,一件绿色衬衫的人在草地上跳高
7232-num-2,一个小男孩膝盖弯曲，双臂张开
7233-num-1,一只狗在空气中间被狗抓住
7233-num-2,一只狗在空中捕获球
7234-num-1,一只狗在空气中缺少球
7234-num-2,一只狗在空中捕获球
7235-num-1,一只狗在空中捕获球
7235-num-2,一只狗被球捕获
7236-num-1,一只棕色和白狗在空中跳动，嘴里有一个网球
7236-num-2,一只棕色和白狗在空中跳动，嘴里有一个网球
7237-num-1,一只棕色和白狗在空中跳动，嘴里有一个网球
7237-num-2,一只棕色和白狗在地上放在地面上，嘴里有一个网球
7238-num-1,一只狗在空中捕获球
7238-num-2,一只棕色和白狗在空中跳动，嘴里有一个网球
7239-num-1,一只狗在空中捕获球
7239-num-2,一只棕色和白狗在地上放在地面上，嘴里有一个网球
7240-num-1,一只棕色和白狗在空中跳动，嘴里有一个网球
7240-num-2,一只狗在空气中间被狗抓住
7241-num-1,一只棕色和白狗在空中跳动，嘴里有一个网球
7241-num-2,一只狗在空气中缺少球
7242-num-1,一只棕色和白狗在空中跳动，嘴里有一个网球
7242-num-2,一只狗被球捕获
7243-num-1,一只棕色和白狗在空中跳动，嘴里有一个网球
7243-num-2,一只狗在空中捕获球
7244-num-1,一个穿着黑色衬衫的女人坐在荧光绿色的袋子旁边
7244-num-2,穿着黑色衬衫的女人坐在荧光绿色的袋子旁边
7245-num-1,穿着黑色衬衫的女人坐在荧光绿色的袋子旁边
7245-num-2,一件黑色衬衫的女人站在荧光绿色的袋子旁边
7246-num-1,一个女人在她的手机上大声说话，并在近壁架上放一个钱包和一个黄色的袋子
7246-num-2,一个女人在她的手机上说话，正在靠近壁架上放一个钱包和一个黄色的袋子
7247-num-1,一个女人在她的手机上说话，正在靠近壁架上放一个钱包和一个黄色的袋子
7247-num-2,一个女人保持沉默，正在靠近壁架上留下钱包和黄色袋子
7248-num-1,一个女人在她的手机上说话，正在靠近壁架上放一个钱包和一个黄色的袋子
7248-num-2,一个女人正在从壁架上说话，并将手机放在一个黄色袋中的钱包里
7249-num-1,穿着黑色衬衫的女人坐在荧光绿色的袋子旁边
7249-num-2,一个女人在她的手机上大声说话，并在近壁架上放一个钱包和一个黄色的袋子
7250-num-1,穿着黑色衬衫的女人坐在荧光绿色的袋子旁边
7250-num-2,一个女人保持沉默，正在靠近壁架上留下钱包和黄色袋子
7251-num-1,穿着黑色衬衫的女人坐在荧光绿色的袋子旁边
7251-num-2,一个女人正在从壁架上说话，并将手机放在一个黄色袋中的钱包里
7252-num-1,一个穿着黑色衬衫的女人坐在荧光绿色的袋子旁边
7252-num-2,一个女人在她的手机上说话，正在靠近壁架上放一个钱包和一个黄色的袋子
7253-num-1,一个女人在她的手机上说话，正在靠近壁架上放一个钱包和一个黄色的袋子
7253-num-2,一件黑色衬衫的女人站在荧光绿色的袋子旁边
7254-num-1,一个女人在她的手机上说话，正在靠近壁架上放一个钱包和一个黄色的袋子
7254-num-2,穿着黑色衬衫的女人坐在荧光绿色的袋子旁边
7255-num-1,一个人在山地自行车上做一个轮子
7255-num-2,该男子正在骑山地自行车上做一个轮子
7256-num-1,该男子正在骑山地自行车上做一个轮子
7256-num-2,这个男人没有在山地自行车上做轮子
7257-num-1,骑自行车的男人只骑在一个轮子上
7257-num-2,骑自行车的人只骑着一个轮子
7258-num-1,骑自行车的男人只骑在一个轮子上
7258-num-2,只有一个车轮上的骑自行车上没有人
7259-num-1,一个男人只骑着一个轮子骑自行车
7259-num-2,骑自行车的男人只骑在一个轮子上
7260-num-1,该男子正在骑山地自行车上做一个轮子
7260-num-2,骑自行车的人只骑着一个轮子
7261-num-1,该男子正在骑山地自行车上做一个轮子
7261-num-2,只有一个车轮上的骑自行车上没有人
7262-num-1,该男子正在骑山地自行车上做一个轮子
7262-num-2,一个男人只骑着一个轮子骑自行车
7263-num-1,一个人在山地自行车上做一个轮子
7263-num-2,骑自行车的男人只骑在一个轮子上
7264-num-1,这个男人没有在山地自行车上做轮子
7264-num-2,骑自行车的男人只骑在一个轮子上
7265-num-1,该男子正在骑山地自行车上做一个轮子
7265-num-2,骑自行车的男人只骑在一个轮子上
7266-num-1,一只带有棕色羽毛和绿头的鸭子在水中拍打翅膀
7266-num-2,一只带有绿头的棕色鸭子在水中拍打翅膀
7267-num-1,没有棕色的鸭，绿头在水中拍打
7267-num-2,一只带有绿头的棕色鸭子在水中拍打翅膀
7268-num-1,一只鸟猛烈地拍打着水的翅膀
7268-num-2,一只鸟在水上拍打翅膀
7269-num-1,一只鸟在水中搁在水中
7269-num-2,一只鸟在水上拍打翅膀
7270-num-1,一只鸟猛烈地拍打着水的翅膀
7270-num-2,一只带有绿头的棕色鸭子在水中拍打翅膀
7271-num-1,一只鸟在水中搁在水中
7271-num-2,一只带有绿头的棕色鸭子在水中拍打翅膀
7272-num-1,一只带有棕色羽毛和绿头的鸭子在水中拍打翅膀
7272-num-2,一只鸟在水上拍打翅膀
7273-num-1,没有棕色的鸭，绿头在水中拍打
7273-num-2,一只鸟在水上拍打翅膀
7274-num-1,一只带有绿头的棕色鸭子在水中拍打翅膀
7274-num-2,一只鸟在水上拍打翅膀
7275-num-1,带棕色外套的狗在户外玩
7275-num-2,棕色的狗在户外玩
7276-num-1,棕色的狗没有在户外玩
7276-num-2,棕色的狗在户外玩
7277-num-1,一只毛茸茸的棕色狗在草地上奔跑
7277-num-2,毛茸茸的棕色狗在草地上奔跑
7278-num-1,毛茸茸的棕色狗在草地上奔跑
7278-num-2,毛茸茸的棕色狗没有穿过草地
7279-num-1,一只毛茸茸的棕色狗在草地上奔跑
7279-num-2,棕色的狗在户外玩
7280-num-1,毛茸茸的棕色狗没有穿过草地
7280-num-2,棕色的狗在户外玩
7281-num-1,带棕色外套的狗在户外玩
7281-num-2,毛茸茸的棕色狗在草地上奔跑
7282-num-1,棕色的狗没有在户外玩
7282-num-2,毛茸茸的棕色狗在草地上奔跑
7283-num-1,棕色的狗在户外玩
7283-num-2,毛茸茸的棕色狗在草地上奔跑
7284-num-1,一个戴着皮毛和皮大衣的女人站在建筑物外面
7284-num-2,一位戴着皮毛和皮大衣的女士站在建筑物外面
7285-num-1,一个戴着皮毛和皮大衣的女人坐在建筑物外面
7285-num-2,一个戴着皮毛和皮大衣的女人站在建筑物外面
7286-num-1,这位年迈的女士焦急地在人行道上等待
7286-num-2,这位年迈的女士在人行道上等待
7287-num-1,这位年迈的女士不在人行道上等待
7287-num-2,这位年迈的女士在人行道上等待
7288-num-1,这位年迈的女士在人行道上等待
7288-num-2,老人在人行道上等待一位女士
7289-num-1,这位年迈的女士焦急地在人行道上等待
7289-num-2,一个戴着皮毛和皮大衣的女人站在建筑物外面
7290-num-1,这位年迈的女士不在人行道上等待
7290-num-2,一个戴着皮毛和皮大衣的女人站在建筑物外面
7291-num-1,老人在人行道上等待一位女士
7291-num-2,一个戴着皮毛和皮大衣的女人站在建筑物外面
7292-num-1,这位年迈的女士在人行道上等待
7292-num-2,一位戴着皮毛和皮大衣的女士站在建筑物外面
7293-num-1,这位年迈的女士在人行道上等待
7293-num-2,一个戴着皮毛和皮大衣的女人坐在建筑物外面
7294-num-1,一个戴着皮毛和皮大衣的女人站在建筑物外面
7294-num-2,这位年迈的女士在人行道上等待
7295-num-1,一个幼儿沿着一条碎石路覆盖，上面覆盖着枯叶
7295-num-2,一个幼儿沿着一条砾石制成的道路，上面覆盖着枯叶
7296-num-1,一个幼儿沿着一条碎石路覆盖，上面覆盖着枯叶
7296-num-2,一个幼儿躺在一条被枯叶覆盖的砾石路上
7297-num-1,一个小孩在外面跑到一些堕落的叶子上
7297-num-2,一个小孩在倒下的叶子外面跑到外面
7298-num-1,没有小孩在倒下的叶子外面跑来跑去
7298-num-2,一个小孩在倒下的叶子外面跑到外面
7299-num-1,一个小孩在外面跑到一些堕落的叶子上
7299-num-2,一个幼儿沿着一条碎石路覆盖，上面覆盖着枯叶
7300-num-1,没有小孩在倒下的叶子外面跑来跑去
7300-num-2,一个幼儿沿着一条碎石路覆盖，上面覆盖着枯叶
7301-num-1,一个幼儿沿着一条砾石制成的道路，上面覆盖着枯叶
7301-num-2,一个小孩在倒下的叶子外面跑到外面
7302-num-1,一个小孩在倒下的叶子外面跑到外面
7302-num-2,一个幼儿躺在一条被枯叶覆盖的砾石路上
7303-num-1,一个幼儿沿着一条碎石路覆盖，上面覆盖着枯叶
7303-num-2,一个小孩在倒下的叶子外面跑到外面
7304-num-1,草帽里的那个人正在抽烟
7304-num-2,那个男人戴着草帽正在抽烟
7305-num-1,草帽里的那个人没有抽烟
7305-num-2,草帽里的那个人正在抽烟
7306-num-1,帽子里的男人正在抽烟卷烟
7306-num-2,草帽里的那个人正在抽烟
7307-num-1,一个男人戴着草帽和抽烟
7307-num-2,一个人戴着草帽和抽烟
7308-num-1,没有男人戴着草帽正在抽烟
7308-num-2,一个男人戴着草帽和抽烟
7309-num-1,草帽里的那个人正在抽烟
7309-num-2,一个人戴着草帽和抽烟
7310-num-1,没有男人戴着草帽正在抽烟
7310-num-2,草帽里的那个人正在抽烟
7311-num-1,那个男人戴着草帽正在抽烟
7311-num-2,一个男人戴着草帽和抽烟
7312-num-1,草帽里的那个人没有抽烟
7312-num-2,一个男人戴着草帽和抽烟
7313-num-1,帽子里的男人正在抽烟卷烟
7313-num-2,一个男人戴着草帽和抽烟
7314-num-1,一个男人戴着草帽和抽烟
7314-num-2,草帽里的那个人正在抽烟
7315-num-1,一个男人穿着蓝色方格衬衫，在街上愉快地骑独轮车
7315-num-2,一个男人穿着蓝色方格衬衫，在街上骑独轮车
7316-num-1,一个男人穿着蓝色方格衬衫，在街上骑独轮车
7316-num-2,一个男人在街上赤着拳
7317-num-1,一个男人穿着长袖蓝色衬衫和牛仔裤，在街上骑独轮车
7317-num-2,一个男人穿着一件长袖和牛仔裤的蓝色衬衫，沿着街道骑独轮车
7318-num-1,没有男人穿着长袖蓝色衬衫和牛仔裤，沿着街道骑独轮车
7318-num-2,一个男人穿着长袖蓝色衬衫和牛仔裤，在街上骑独轮车
7319-num-1,一个男人穿着一件长袖和牛仔裤的蓝色衬衫，沿着街道骑独轮车
7319-num-2,一个男人穿着蓝色方格衬衫，在街上骑独轮车
7320-num-1,一个男人穿着蓝色方格衬衫，在街上骑独轮车
7320-num-2,没有男人穿着长袖蓝色衬衫和牛仔裤，沿着街道骑独轮车
7321-num-1,一个男人穿着长袖蓝色衬衫和牛仔裤，在街上骑独轮车
7321-num-2,一个男人穿着蓝色方格衬衫，在街上愉快地骑独轮车
7322-num-1,一个男人在街上赤着拳
7322-num-2,一个男人穿着长袖蓝色衬衫和牛仔裤，在街上骑独轮车
7323-num-1,一个男人穿着长袖蓝色衬衫和牛仔裤，在街上骑独轮车
7323-num-2,一个男人穿着蓝色方格衬衫，在街上骑独轮车
7324-num-1,三个人盯着远处的大绿色山丘
7324-num-2,有些男人在远处盯着绿色的山丘
7325-num-1,三个人盯着远处的大绿色山丘
7325-num-2,三个人在远处没有盯着绿色的山丘
7326-num-1,远处有些男人盯着三个大山丘
7326-num-2,三个人盯着远处的大绿色山丘
7327-num-1,三个人看着远处看着
7327-num-2,三个人正在远处
7328-num-1,三个人正在远处
7328-num-2,三个人正在看附近的东西
7329-num-1,三个人看着远处看着
7329-num-2,三个人盯着远处的大绿色山丘
7330-num-1,三个人盯着远处的大绿色山丘
7330-num-2,三个人正在看附近的东西
7331-num-1,有些男人在远处盯着绿色的山丘
7331-num-2,三个人正在远处
7332-num-1,三个人在远处没有盯着绿色的山丘
7332-num-2,三个人正在远处
7333-num-1,三个人正在远处
7333-num-2,远处有些男人盯着三个大山丘
7334-num-1,三个人盯着远处的大绿色山丘
7334-num-2,三个人正在远处
7335-num-1,两人正在攀登一座山
7335-num-2,这些人在爬山
7336-num-1,这些人没有爬山
7336-num-2,这些人在爬山
7337-num-1,一个人正在爬岩墙，另一个男人拿着绳子
7337-num-2,一个人正在爬上岩石制成的墙，另一个人拿着绳子
7338-num-1,一个人正在从岩石墙上跳下来，另一个男人正在掉绳子
7338-num-2,一个人正在爬岩墙，另一个男人拿着绳子
7339-num-1,一个人正在爬岩墙，另一个男人拿着绳子
7339-num-2,一个登山者拿着一块岩石，另一个男人在围墙
7340-num-1,这些人在爬山
7340-num-2,一个人正在爬上岩石制成的墙，另一个人拿着绳子
7341-num-1,一个人正在从岩石墙上跳下来，另一个男人正在掉绳子
7341-num-2,这些人在爬山
7342-num-1,这些人在爬山
7342-num-2,一个登山者拿着一块岩石，另一个男人在围墙
7343-num-1,两人正在攀登一座山
7343-num-2,一个人正在爬岩墙，另一个男人拿着绳子
7344-num-1,一个人正在爬岩墙，另一个男人拿着绳子
7344-num-2,这些人没有爬山
7345-num-1,一个人正在爬岩墙，另一个男人拿着绳子
7345-num-2,这些人在爬山
7346-num-1,两个孩子在雕像上玩耍
7346-num-2,有些孩子在雕像上玩耍
7347-num-1,两个孩子在雕像上玩耍
7347-num-2,没有孩子在雕像上玩
7348-num-1,小孩在公园里爬一个雕像
7348-num-2,小孩在公园里爬一个雕像
7349-num-1,小孩在公园里下一个雕像
7349-num-2,小孩在公园里爬一个雕像
7350-num-1,登山者正在与孩子们一起停车
7350-num-2,小孩在公园里爬一个雕像
7351-num-1,两个孩子在雕像上玩耍
7351-num-2,小孩在公园里爬一个雕像
7352-num-1,小孩在公园里下一个雕像
7352-num-2,两个孩子在雕像上玩耍
7353-num-1,两个孩子在雕像上玩耍
7353-num-2,登山者正在与孩子们一起停车
7354-num-1,小孩在公园里爬一个雕像
7354-num-2,有些孩子在雕像上玩耍
7355-num-1,没有孩子在雕像上玩
7355-num-2,小孩在公园里爬一个雕像
7356-num-1,小孩在公园里爬一个雕像
7356-num-2,两个孩子在雕像上玩耍
7357-num-1,一位金发女士正在看一座塔
7357-num-2,一个金发女士正在看塔
7358-num-1,一个金发女士正在看塔
7358-num-2,没有金发女士看着塔
7359-num-1,一个女人正在看城市的景色
7359-num-2,女人正在看城市的景色
7360-num-1,一个女人从城市的视野中转过身来
7360-num-2,一个女人正在看城市的景色
7361-num-1,一个金发女士正在看塔
7361-num-2,女人正在看城市的景色
7362-num-1,一个女人从城市的视野中转过身来
7362-num-2,一个金发女士正在看塔
7363-num-1,一位金发女士正在看一座塔
7363-num-2,一个女人正在看城市的景色
7364-num-1,一个女人正在看城市的景色
7364-num-2,没有金发女士看着塔
7365-num-1,一个金发女士正在看塔
7365-num-2,一个女人正在看城市的景色
7366-num-1,一个人站在山顶上
7366-num-2,有人站在山顶上
7367-num-1,一个人坐在山顶上
7367-num-2,一个人站在山顶上
7368-num-1,一个人站在岩石的顶部，后面有云
7368-num-2,一个人站在岩石的顶部，后面有云
7369-num-1,一个人站在岩石的顶部，后面有云
7369-num-2,一个人躺在岩石的顶部，后面有云
7370-num-1,一个人站在岩石的顶部，后面有云
7370-num-2,一个人站在岩石后面，上面有云
7371-num-1,一个人站在山顶上
7371-num-2,一个人站在岩石的顶部，后面有云
7372-num-1,一个人躺在岩石的顶部，后面有云
7372-num-2,一个人站在山顶上
7373-num-1,一个人站在岩石后面，上面有云
7373-num-2,一个人站在山顶上
7374-num-1,一个人站在岩石的顶部，后面有云
7374-num-2,有人站在山顶上
7375-num-1,一个人站在岩石的顶部，后面有云
7375-num-2,一个人坐在山顶上
7376-num-1,一个人站在岩石的顶部，后面有云
7376-num-2,一个人站在山顶上
7377-num-1,穿着冬季衣服的微笑男孩在雪地里挥舞着他的手套的手
7377-num-2,一个穿着冬季衣服的微笑男孩在雪地里的一座建筑物外挥舞着他的手套的手
7378-num-1,一个穿着夏季衣服的微笑男孩站在大楼外面
7378-num-2,一个穿着冬季衣服的微笑男孩在雪地里的一座建筑物外挥舞着他的手套的手
7379-num-1,一个年轻的孩子穿着寒冷的天气，正站在外面
7379-num-2,一个穿着寒冷天气的小孩站在外面
7380-num-1,没有年幼的孩子穿着寒冷的天气站在外面
7380-num-2,一个穿着寒冷天气的小孩站在外面
7381-num-1,一个穿着冬季衣服的微笑男孩在雪地里的一座建筑物外挥舞着他的手套的手
7381-num-2,一个年轻的孩子穿着寒冷的天气，正站在外面
7382-num-1,没有年幼的孩子穿着寒冷的天气站在外面
7382-num-2,一个穿着冬季衣服的微笑男孩在雪地里的一座建筑物外挥舞着他的手套的手
7383-num-1,一个穿着寒冷天气的小孩站在外面
7383-num-2,穿着冬季衣服的微笑男孩在雪地里挥舞着他的手套的手
7384-num-1,一个穿着夏季衣服的微笑男孩站在大楼外面
7384-num-2,一个穿着寒冷天气的小孩站在外面
7385-num-1,一个穿着冬季衣服的微笑男孩在雪地里的一座建筑物外挥舞着他的手套的手
7385-num-2,一个穿着寒冷天气的小孩站在外面
7386-num-1,一个孩子在相机上微笑，在水下游泳
7386-num-2,一个孩子在相机上微笑，在水下游泳
7387-num-1,一个孩子正在认真看着相机，然后离开游泳池
7387-num-2,一个孩子在相机上微笑，在水下游泳
7388-num-1,一个孩子在游泳池里嬉戏地在水下游泳
7388-num-2,一个孩子在水下游泳
7389-num-1,一个孩子在水下游泳
7389-num-2,一个孩子在水池的水面上游泳
7390-num-1,一个孩子在游泳池里嬉戏地在水下游泳
7390-num-2,一个孩子在相机上微笑，在水下游泳
7391-num-1,一个孩子在相机上微笑，在水下游泳
7391-num-2,一个孩子在水池的水面上游泳
7392-num-1,一个孩子在水下游泳
7392-num-2,一个孩子在相机上微笑，在水下游泳
7393-num-1,一个孩子正在认真看着相机，然后离开游泳池
7393-num-2,一个孩子在水下游泳
7394-num-1,一个孩子在相机上微笑，在水下游泳
7394-num-2,一个孩子在水下游泳
7395-num-1,一个男人和一个孩子在温柔的水域中划独木舟
7395-num-2,这个男人和孩子正在通过温柔的水划艇
7396-num-1,一个男人和一个孩子在温柔的水域中划独木舟
7396-num-2,没有男人和孩子在温柔的水域中划皮艇
7397-num-1,一个男人和一个小男孩正在骑着黄色的皮划艇
7397-num-2,一个男人和一个小男孩骑着黄色的皮划艇
7398-num-1,一个男人和一个小男孩骑着黄色的皮划艇
7398-num-2,一个男人和一个小男孩从黄色皮划艇跳下来
7399-num-1,一个男人和一个孩子在温柔的水域中划独木舟
7399-num-2,一个男人和一个小男孩正在骑着黄色的皮划艇
7400-num-1,一个男人和一个小男孩从黄色皮划艇跳下来
7400-num-2,一个男人和一个孩子在温柔的水域中划独木舟
7401-num-1,这个男人和孩子正在通过温柔的水划艇
7401-num-2,一个男人和一个小男孩骑着黄色的皮划艇
7402-num-1,没有男人和孩子在温柔的水域中划皮艇
7402-num-2,一个男人和一个小男孩骑着黄色的皮划艇
7403-num-1,一个男人和一个孩子在温柔的水域中划独木舟
7403-num-2,一个男人和一个小男孩骑着黄色的皮划艇
7404-num-1,一名美式足球运动员穿着红色和白色条纹
7404-num-2,美国足球运动员穿着红色和白色的条带
7405-num-1,美国足球运动员没有穿红色和白色条纹
7405-num-2,美国足球运动员穿着红色和白色的条带
7406-num-1,踢足球的人穿着黑色臂章
7406-num-2,足球运动员穿着黑色臂章
7407-num-1,足球运动员穿着黑色臂章
7407-num-2,一名足球运动员正在脱下黑色臂章
7408-num-1,踢足球的人穿着黑色臂章
7408-num-2,美国足球运动员穿着红色和白色的条带
7409-num-1,美国足球运动员穿着红色和白色的条带
7409-num-2,一名足球运动员正在脱下黑色臂章
7410-num-1,一名美式足球运动员穿着红色和白色条纹
7410-num-2,足球运动员穿着黑色臂章
7411-num-1,美国足球运动员没有穿红色和白色条纹
7411-num-2,足球运动员穿着黑色臂章
7412-num-1,美国足球运动员穿着红色和白色的条带
7412-num-2,足球运动员穿着黑色臂章
7413-num-1,一只狗在草地上奔跑
7413-num-2,一只狗在草地上追逐一个球
7414-num-1,没有狗在草地上追逐球
7414-num-2,一只狗在草地上追逐一个球
7415-num-1,一只狗在草地上追逐一个球
7415-num-2,一只带球的狗被追赶在草地上
7416-num-1,一只狗在草地上追逐一个球
7416-num-2,一个球被草地上的狗追赶
7417-num-1,一只狗在草地上追逐一个球
7417-num-2,一只狗在草地上失去球
7418-num-1,一只狗在草地上追逐一个球
7418-num-2,一个球被草地上的狗追赶
7419-num-1,一只狗在草地上追逐一个球
7419-num-2,一只狗在草地上失去球
7420-num-1,一只狗在草地上奔跑
7420-num-2,一只狗在草地上追逐一个球
7421-num-1,一只狗在草地上追逐一个球
7421-num-2,没有狗在草地上追逐球
7422-num-1,一只带球的狗被追赶在草地上
7422-num-2,一只狗在草地上追逐一个球
7423-num-1,一只狗在草地上追逐一个球
7423-num-2,一只狗在草地上追逐一个球
7424-num-1,一只红狗兴奋地跳起来，在嘴里抓了一个网球
7424-num-2,一只红狗在嘴里跳跃并抓住网球
7425-num-1,一只红狗坐着，从嘴里掉下一个网球
7425-num-2,一只红狗在嘴里跳跃并抓住网球
7426-num-1,一只棕褐色的狗正在跳来跳去，赶上网球
7426-num-2,一条带棕褐色外套的狗正在跳来跳去并抓住网球
7427-num-1,一只棕褐色的狗正在跳来跳去，赶上网球
7427-num-2,没有棕褐色的狗跳了起来，打网球
7428-num-1,一只红狗在嘴里跳跃并抓住网球
7428-num-2,一条带棕褐色外套的狗正在跳来跳去并抓住网球
7429-num-1,没有棕褐色的狗跳了起来，打网球
7429-num-2,一只红狗在嘴里跳跃并抓住网球
7430-num-1,一只红狗兴奋地跳起来，在嘴里抓了一个网球
7430-num-2,一只棕褐色的狗正在跳来跳去，赶上网球
7431-num-1,一只棕褐色的狗正在跳来跳去，赶上网球
7431-num-2,一只红狗坐着，从嘴里掉下一个网球
7432-num-1,一只红狗在嘴里跳跃并抓住网球
7432-num-2,一只棕褐色的狗正在跳来跳去，赶上网球
7433-num-1,一个男人坐在火车上，将手放在脸上
7433-num-2,这个男人坐在火车上，将手放在他的脸上
7434-num-1,一个男人坐在火车上，将手放在脸上
7434-num-2,一个男人站在火车上，将手放在腿上
7435-num-1,胡子男人坐在火车上
7435-num-2,毛茸茸的男人坐在火车上
7436-num-1,胡子男人没有坐在火车上
7436-num-2,胡子男人坐在火车上
7437-num-1,一个男人坐在火车上，将手放在脸上
7437-num-2,毛茸茸的男人坐在火车上
7438-num-1,一个男人坐在火车上，将手放在脸上
7438-num-2,胡子男人没有坐在火车上
7439-num-1,胡子男人坐在火车上
7439-num-2,这个男人坐在火车上，将手放在他的脸上
7440-num-1,一个男人站在火车上，将手放在腿上
7440-num-2,胡子男人坐在火车上
7441-num-1,一个男人坐在火车上，将手放在脸上
7441-num-2,胡子男人坐在火车上
7442-num-1,一个小孩在公园的秋千上表现出兴奋
7442-num-2,一个小孩在公园的一组秋千上表现出兴奋
7443-num-1,一个小孩在公园的秋千上表现出兴奋
7443-num-2,一个小孩在公园的秋千上表现出无聊
7444-num-1,小孩的表演正在公园举行令人兴奋的秋千
7444-num-2,一个小孩在公园的秋千上表现出兴奋
7445-num-1,小女孩在摇摆，女人站在她身后
7445-num-2,小小的女孩在摇摆，女人站在后面
7446-num-1,小女孩没有摇摆，女人没有站在她身后
7446-num-2,小女孩在摇摆，女人站在她身后
7447-num-1,小女孩在摇摆，女人站在她身后
7447-num-2,这个女孩站在那个摇摆的小女人后面
7448-num-1,一个小孩在公园的秋千上表现出兴奋
7448-num-2,小小的女孩在摇摆，女人站在后面
7449-num-1,一个小孩在公园的秋千上表现出兴奋
7449-num-2,小女孩没有摇摆，女人没有站在她身后
7450-num-1,一个小孩在公园的秋千上表现出兴奋
7450-num-2,这个女孩站在那个摇摆的小女人后面
7451-num-1,一个小孩在公园的一组秋千上表现出兴奋
7451-num-2,小女孩在摇摆，女人站在她身后
7452-num-1,一个小孩在公园的秋千上表现出无聊
7452-num-2,小女孩在摇摆，女人站在她身后
7453-num-1,小孩的表演正在公园举行令人兴奋的秋千
7453-num-2,小女孩在摇摆，女人站在她身后
7454-num-1,小女孩在摇摆，女人站在她身后
7454-num-2,一个小孩在公园的秋千上表现出兴奋
7455-num-1,一个男人在水中的冲浪板上执行技巧
7455-num-2,一个人正在水面冲浪板上执行技巧
7456-num-1,一个人从水中的冲浪板上掉下来
7456-num-2,一个男人在水中的冲浪板上执行技巧
7457-num-1,冲浪者正在骑波浪
7457-num-2,海浪正在被冲浪者骑行
7458-num-1,没有冲浪者骑着波浪
7458-num-2,冲浪者正在骑波浪
7459-num-1,冲浪者正在骑波浪
7459-num-2,骑手正在冲浪
7460-num-1,一个男人在水中的冲浪板上执行技巧
7460-num-2,海浪正在被冲浪者骑行
7461-num-1,没有冲浪者骑着波浪
7461-num-2,一个男人在水中的冲浪板上执行技巧
7462-num-1,骑手正在冲浪
7462-num-2,一个男人在水中的冲浪板上执行技巧
7463-num-1,一个人正在水面冲浪板上执行技巧
7463-num-2,冲浪者正在骑波浪
7464-num-1,冲浪者正在骑波浪
7464-num-2,一个人从水中的冲浪板上掉下来
7465-num-1,冲浪者正在骑波浪
7465-num-2,一个男人在水中的冲浪板上执行技巧
7466-num-1,一群人坐在一个昏暗的房间里
7466-num-2,一群人坐在一个昏暗的房间里
7467-num-1,一群人没有坐在昏暗的房间里
7467-num-2,一群人坐在一个昏暗的房间里
7468-num-1,一群人坐在一个昏暗的房间里
7468-num-2,一群昏暗的人坐在一个房间里
7469-num-1,一个男人和两个在黑暗房间里的女人坐在蜡烛的桌子上
7469-num-2,一个男人和两个在黑暗的房间里的女人坐在蜡烛的桌子上
7470-num-1,一个男人和两个女人站在一个桌子旁的桌子旁的明亮房间里
7470-num-2,一个男人和两个在黑暗的房间里的女人坐在蜡烛的桌子上
7471-num-1,一个男人和两个在黑暗房间里的女人坐在蜡烛的桌子上
7471-num-2,一群人坐在一个昏暗的房间里
7472-num-1,一个男人和两个女人站在一个桌子旁的桌子旁的明亮房间里
7472-num-2,一群人坐在一个昏暗的房间里
7473-num-1,一个男人和两个在黑暗的房间里的女人坐在蜡烛的桌子上
7473-num-2,一群人坐在一个昏暗的房间里
7474-num-1,一个男人和两个在黑暗的房间里的女人坐在蜡烛的桌子上
7474-num-2,一群人没有坐在昏暗的房间里
7475-num-1,一个男人和两个在黑暗的房间里的女人坐在蜡烛的桌子上
7475-num-2,一群昏暗的人坐在一个房间里
7476-num-1,一个男人和两个在黑暗的房间里的女人坐在蜡烛的桌子上
7476-num-2,一群人坐在一个昏暗的房间里
7477-num-1,一个穿着白色衬衫和太阳镜的男人，一个穿着黑色衬衫和太阳镜的男人坐在桌子上，上面有四瓶啤酒
7477-num-2,一个穿着白色衬衫和太阳镜的男人，一个穿着黑色衬衫和太阳镜的男人坐在桌子上，有四个啤酒瓶
7478-num-1,一个穿着白色衬衫和太阳镜的男人，一个穿着黑色衬衫和太阳镜的男人坐在桌子上，有四个啤酒瓶
7478-num-2,没有男人坐在桌子上有四个啤酒瓶
7479-num-1,两个家伙坐在桌子上，手里拿着啤酒
7479-num-2,两个家伙坐在桌子上，手里拿着啤酒
7480-num-1,两个家伙站在桌子旁，放了一些啤酒
7480-num-2,两个家伙坐在桌子上，手里拿着啤酒
7481-num-1,两个家伙坐在桌子上，手里拿着啤酒
7481-num-2,一个穿着白色衬衫和太阳镜的男人，一个穿着黑色衬衫和太阳镜的男人坐在桌子上，有四个啤酒瓶
7482-num-1,一个穿着白色衬衫和太阳镜的男人，一个穿着黑色衬衫和太阳镜的男人坐在桌子上，有四个啤酒瓶
7482-num-2,两个家伙站在桌子旁，放了一些啤酒
7483-num-1,两个家伙坐在桌子上，手里拿着啤酒
7483-num-2,一个穿着白色衬衫和太阳镜的男人，一个穿着黑色衬衫和太阳镜的男人坐在桌子上，上面有四瓶啤酒
7484-num-1,两个家伙坐在桌子上，手里拿着啤酒
7484-num-2,没有男人坐在桌子上有四个啤酒瓶
7485-num-1,两个家伙坐在桌子上，手里拿着啤酒
7485-num-2,一个穿着白色衬衫和太阳镜的男人，一个穿着黑色衬衫和太阳镜的男人坐在桌子上，有四个啤酒瓶
7486-num-1,狗在追球
7486-num-2,狗在追球
7487-num-1,狗在追球
7487-num-2,没有狗在追球
7488-num-1,狗正在抓住一个蓝色的球
7488-num-2,狗正在抓住蓝色球
7489-num-1,狗正在抓住蓝色球
7489-num-2,那只狗没有抓住蓝色的球
7490-num-1,狗在追球
7490-num-2,狗正在抓住一个蓝色的球
7491-num-1,狗在追球
7491-num-2,那只狗没有抓住蓝色的球
7492-num-1,狗正在抓住蓝色球
7492-num-2,狗在追球
7493-num-1,没有狗在追球
7493-num-2,狗正在抓住蓝色球
7494-num-1,狗正在抓住蓝色球
7494-num-2,狗在追球
7495-num-1,一个人穿着红色外套，小心翼翼地拿着啤酒
7495-num-2,一个人穿着红色外套，拿着啤酒
7496-num-1,一个人光着膀子，正在放下啤酒
7496-num-2,一个人穿着红色外套，拿着啤酒
7497-num-1,女人穿着一件红色外套，穿着T恤在男人的前面拿着杯子，这是白色
7497-num-2,女人穿着红色外套，穿着白色T恤在男人前面拿着杯子
7498-num-1,女人穿着红色外套，穿着白色T恤在男人前面拿着杯子
7498-num-2,女人没有穿红色外套，也没有穿着白色T恤在男人的前面拿着杯子
7499-num-1,女人穿着红色外套，穿着白色T恤在男人前面拿着杯子
7499-num-2,女人在穿着T恤的男人前面拿着一件白夹克和红色玻璃杯
7500-num-1,一个人穿着红色外套，拿着啤酒
7500-num-2,女人穿着一件红色外套，穿着T恤在男人的前面拿着杯子，这是白色
7501-num-1,女人没有穿红色外套，也没有穿着白色T恤在男人的前面拿着杯子
7501-num-2,一个人穿着红色外套，拿着啤酒
7502-num-1,女人在穿着T恤的男人前面拿着一件白夹克和红色玻璃杯
7502-num-2,一个人穿着红色外套，拿着啤酒
7503-num-1,女人穿着红色外套，穿着白色T恤在男人前面拿着杯子
7503-num-2,一个人穿着红色外套，小心翼翼地拿着啤酒
7504-num-1,女人穿着红色外套，穿着白色T恤在男人前面拿着杯子
7504-num-2,一个人光着膀子，正在放下啤酒
7505-num-1,一个人穿着红色外套，拿着啤酒
7505-num-2,女人穿着红色外套，穿着白色T恤在男人前面拿着杯子
7506-num-1,两只棕色的狗在水中玩飞盘
7506-num-2,两只棕色的狗正在水里玩飞盘
7507-num-1,两只棕色的狗在水中玩飞盘
7507-num-2,两只棕色的狗在水中留下飞盘
7508-num-1,两只狗正在湖上争夺飞盘
7508-num-2,两只狗在湖上争夺飞盘
7509-num-1,没有狗在湖上争夺飞盘
7509-num-2,两只狗在湖上争夺飞盘
7510-num-1,两只狗正在湖上争夺飞盘
7510-num-2,两只棕色的狗在水中玩飞盘
7511-num-1,没有狗在湖上争夺飞盘
7511-num-2,两只棕色的狗在水中玩飞盘
7512-num-1,两只棕色的狗正在水里玩飞盘
7512-num-2,两只狗在湖上争夺飞盘
7513-num-1,两只狗在湖上争夺飞盘
7513-num-2,两只棕色的狗在水中留下飞盘
7514-num-1,两只狗在湖上争夺飞盘
7514-num-2,两只棕色的狗在水中玩飞盘
7515-num-1,一个粉红色的女孩正在旋转丝带
7515-num-2,一条丝带被一个穿着粉红色的女孩旋转
7516-num-1,一个粉红色的女孩正在旋转丝带
7516-num-2,没有粉红色的女孩旋转的丝带
7517-num-1,女孩穿着一件衬衫，颜色为白色，粉红色的裙子，站在房子前
7517-num-2,这个女孩穿着白衬衫和粉红色的裙子，站在房子前
7518-num-1,这个女孩没有穿着白衬衫和粉红色的裙子，也没有站在房子前
7518-num-2,这个女孩穿着白衬衫和粉红色的裙子，站在房子前
7519-num-1,女孩穿着一件衬衫，颜色为白色，粉红色的裙子，站在房子前
7519-num-2,一个粉红色的女孩正在旋转丝带
7520-num-1,一个粉红色的女孩正在旋转丝带
7520-num-2,这个女孩没有穿着白衬衫和粉红色的裙子，也没有站在房子前
7521-num-1,这个女孩穿着白衬衫和粉红色的裙子，站在房子前
7521-num-2,一条丝带被一个穿着粉红色的女孩旋转
7522-num-1,没有粉红色的女孩旋转的丝带
7522-num-2,这个女孩穿着白衬衫和粉红色的裙子，站在房子前
7523-num-1,一个粉红色的女孩正在旋转丝带
7523-num-2,这个女孩穿着白衬衫和粉红色的裙子，站在房子前
7524-num-1,孩子正在户外玩水，他的其他人在看
7524-num-2,一个孩子在户外玩水，他的其他成员在看
7525-num-1,没有孩子在户外玩水，他的家人看着
7525-num-2,一个孩子在户外玩水，他的其他成员在看
7526-num-1,一个孩子正在看着某人在户外玩耍，并在他的家人的其他地方喷水
7526-num-2,一个孩子在户外玩水，他的其他成员在看
7527-num-1,一个男孩旁边有一个软管，另一个男孩正在看着
7527-num-2,一个男孩拿着一个男人旁边的软管，另一个男孩正在看着
7528-num-1,一个男孩躺在一个男人旁边的软管，另一个男孩逃跑了
7528-num-2,一个男孩拿着一个男人旁边的软管，另一个男孩正在看着
7529-num-1,一个孩子在户外玩水，他的其他成员在看
7529-num-2,一个男孩旁边有一个软管，另一个男孩正在看着
7530-num-1,一个孩子在户外玩水，他的其他成员在看
7530-num-2,一个男孩躺在一个男人旁边的软管，另一个男孩逃跑了
7531-num-1,孩子正在户外玩水，他的其他人在看
7531-num-2,一个男孩拿着一个男人旁边的软管，另一个男孩正在看着
7532-num-1,没有孩子在户外玩水，他的家人看着
7532-num-2,一个男孩拿着一个男人旁边的软管，另一个男孩正在看着
7533-num-1,一个孩子正在看着某人在户外玩耍，并在他的家人的其他地方喷水
7533-num-2,一个男孩拿着一个男人旁边的软管，另一个男孩正在看着
7534-num-1,一个孩子在户外玩水，他的其他成员在看
7534-num-2,一个男孩拿着一个男人旁边的软管，另一个男孩正在看着
7535-num-1,一名足球运动员正经过一名携带足球的官员
7535-num-2,一个踢足球的人正在跑过一名携带足球的官员
7536-num-1,一名足球运动员遇到了一名携带足球的官员
7536-num-2,一名足球运动员正经过一名携带足球的官员
7537-num-1,一名足球运动员正经过一名携带足球的官员
7537-num-2,一名足球运动员正在携带官员，经过滚动足球
7538-num-1,穿着紫色球衣的足球运动员正与球奔跑
7538-num-2,紫色球衣的一名足球运动员正与球跑步
7539-num-1,紫色球衣的一名足球运动员正与球跑步
7539-num-2,在紫色球衣中没有足球运动员奔跑的球进行触地得分
7540-num-1,穿着紫色球衣的足球运动员正与球奔跑
7540-num-2,一名足球运动员正经过一名携带足球的官员
7541-num-1,在紫色球衣中没有足球运动员奔跑的球进行触地得分
7541-num-2,一名足球运动员正经过一名携带足球的官员
7542-num-1,紫色球衣的一名足球运动员正与球跑步
7542-num-2,一个踢足球的人正在跑过一名携带足球的官员
7543-num-1,紫色球衣的一名足球运动员正与球跑步
7543-num-2,一名足球运动员遇到了一名携带足球的官员
7544-num-1,一名足球运动员正在携带官员，经过滚动足球
7544-num-2,紫色球衣的一名足球运动员正与球跑步
7545-num-1,紫色球衣的一名足球运动员正与球跑步
7545-num-2,一名足球运动员正经过一名携带足球的官员
7546-num-1,一个穿着蓝色紧身连衣裤的年轻女孩正在空中跳跃
7546-num-2,一个穿着蓝色的紧身连衣裤的年轻女孩在空中跳跃
7547-num-1,一个穿着蓝色紧身连衣裤的年轻女孩正在地面跳跃
7547-num-2,一个穿着蓝色紧身连衣裤的年轻女孩正在空中跳跃
7548-num-1,蓝色的年轻女孩在空中跳跃
7548-num-2,一个蓝色的年轻女孩在空中跳跃
7549-num-1,一个蓝色的年轻女孩在空中跳跃
7549-num-2,空中没有蓝色的女孩
7550-num-1,一个穿着蓝色紧身连衣裤的年轻女孩正在空中跳跃
7550-num-2,蓝色的年轻女孩在空中跳跃
7551-num-1,一个穿着蓝色紧身连衣裤的年轻女孩正在空中跳跃
7551-num-2,空中没有蓝色的女孩
7552-num-1,一个穿着蓝色的紧身连衣裤的年轻女孩在空中跳跃
7552-num-2,一个蓝色的年轻女孩在空中跳跃
7553-num-1,一个蓝色的年轻女孩在空中跳跃
7553-num-2,一个穿着蓝色紧身连衣裤的年轻女孩正在地面跳跃
7554-num-1,一个穿着蓝色紧身连衣裤的年轻女孩正在空中跳跃
7554-num-2,一个蓝色的年轻女孩在空中跳跃
7555-num-1,一个小的男孩坐在绿色隧道里，脸上露出微笑
7555-num-2,一个小男孩坐在绿色隧道里，脸上露出微笑
7556-num-1,一个小男孩坐在绿色隧道里，脸上露出微笑
7556-num-2,一个小男孩在绿色隧道中爬行，脸上微笑
7557-num-1,一个穿着条纹衬衫的小男孩从绿色管子上滑出
7557-num-2,一个穿着条纹衬衫的小男孩从绿色管子上滑出
7558-num-1,一个穿着条纹衬衫的小男孩从绿色管子上滑出
7558-num-2,一个小的赤膊男孩滑入绿色管
7559-num-1,一个穿着绿色衬衫的小男孩正在剥离滑动管
7559-num-2,一个穿着条纹衬衫的小男孩从绿色管子上滑出
7560-num-1,一个小男孩坐在绿色隧道里，脸上露出微笑
7560-num-2,一个穿着条纹衬衫的小男孩从绿色管子上滑出
7561-num-1,一个小男孩坐在绿色隧道里，脸上露出微笑
7561-num-2,一个小的赤膊男孩滑入绿色管
7562-num-1,一个小男孩坐在绿色隧道里，脸上露出微笑
7562-num-2,一个穿着绿色衬衫的小男孩正在剥离滑动管
7563-num-1,一个小的男孩坐在绿色隧道里，脸上露出微笑
7563-num-2,一个穿着条纹衬衫的小男孩从绿色管子上滑出
7564-num-1,一个穿着条纹衬衫的小男孩从绿色管子上滑出
7564-num-2,一个小男孩在绿色隧道中爬行，脸上微笑
7565-num-1,一个穿着条纹衬衫的小男孩从绿色管子上滑出
7565-num-2,一个小男孩坐在绿色隧道里，脸上露出微笑
7566-num-1,该人正在骑自行车飞过空中
7566-num-2,该人在自行车上飞过空中
7567-num-1,该人正在骑自行车飞过空中
7567-num-2,该人没有骑自行车飞过空中
7568-num-1,骑自行车的人正在空中跳跃，太阳在自行车框架上耀眼
7568-num-2,骑自行车的人正在空中跳跃，阳光正穿过自行车框架
7569-num-1,没有人骑自行车跳过空中，阳光穿过自行车框架
7569-num-2,骑自行车的人正在空中跳跃，阳光正穿过自行车框架
7570-num-1,骑自行车的人正在空中跳跃，太阳在自行车框架上耀眼
7570-num-2,该人正在骑自行车飞过空中
7571-num-1,该人正在骑自行车飞过空中
7571-num-2,没有人骑自行车跳过空中，阳光穿过自行车框架
7572-num-1,骑自行车的人正在空中跳跃，阳光正穿过自行车框架
7572-num-2,该人在自行车上飞过空中
7573-num-1,骑自行车的人正在空中跳跃，阳光正穿过自行车框架
7573-num-2,该人没有骑自行车飞过空中
7574-num-1,骑自行车的人正在空中跳跃，阳光正穿过自行车框架
7574-num-2,该人正在骑自行车飞过空中
7575-num-1,一群人在泥泞的田野上打橄榄球
7575-num-2,一群人在充满泥土的田野上打橄榄球
7576-num-1,一群人在泥泞的田野上打橄榄球
7576-num-2,一群人没有在泥泞的田野上打橄榄球
7577-num-1,一群人在橄榄球场上玩泥
7577-num-2,一群人在泥泞的田野上打橄榄球
7578-num-1,橄榄球在扮演一些男人
7578-num-2,有些男人在玩橄榄球
7579-num-1,有些男人闲着
7579-num-2,有些男人在玩橄榄球
7580-num-1,一群人在泥泞的田野上打橄榄球
7580-num-2,橄榄球在扮演一些男人
7581-num-1,一群人在泥泞的田野上打橄榄球
7581-num-2,有些男人闲着
7582-num-1,一群人在充满泥土的田野上打橄榄球
7582-num-2,有些男人在玩橄榄球
7583-num-1,一群人没有在泥泞的田野上打橄榄球
7583-num-2,有些男人在玩橄榄球
7584-num-1,有些男人在玩橄榄球
7584-num-2,一群人在橄榄球场上玩泥
7585-num-1,一群人在泥泞的田野上打橄榄球
7585-num-2,有些男人在玩橄榄球
7586-num-1,骑自行车的人正在寻找另一个自行车骑手的事故
7586-num-2,自行车骑手正在寻找另一个自行车骑手的事故
7587-num-1,自行车骑手并不是在看另一个自行车骑手的事故
7587-num-2,自行车骑手正在寻找另一个自行车骑手的事故
7588-num-1,一个人正在看一辆专为越野摩托车设计的自行车
7588-num-2,一个人正在看一辆躺在一边的越野摩托车，另一个人在赛车
7589-num-1,一个人忽略躺在一边的越野自行车，没有人在
7589-num-2,一个人正在看一辆躺在一边的越野摩托车，另一个人在赛车
7590-num-1,一个人正在看一辆专为越野摩托车设计的自行车
7590-num-2,自行车骑手正在寻找另一个自行车骑手的事故
7591-num-1,自行车骑手正在寻找另一个自行车骑手的事故
7591-num-2,一个人忽略躺在一边的越野自行车，没有人在
7592-num-1,骑自行车的人正在寻找另一个自行车骑手的事故
7592-num-2,一个人正在看一辆躺在一边的越野摩托车，另一个人在赛车
7593-num-1,一个人正在看一辆躺在一边的越野摩托车，另一个人在赛车
7593-num-2,自行车骑手并不是在看另一个自行车骑手的事故
7594-num-1,自行车骑手正在寻找另一个自行车骑手的事故
7594-num-2,一个人正在看一辆躺在一边的越野摩托车，另一个人在赛车
7595-num-1,两只狗在雪地里嬉戏
7595-num-2,两只狗在雪地里玩耍
7596-num-1,在雪地里没有狗在玩
7596-num-2,两只狗在雪地里玩耍
7597-num-1,在两只玩狗上下雪
7597-num-2,两只狗在雪地里玩耍
7598-num-1,一只棕色的狗和一只灰狗在雪地里玩耍
7598-num-2,棕色的狗和灰狗在雪地里玩耍
7599-num-1,一只棕色的狗和一只灰狗在雪地里战斗
7599-num-2,一只棕色的狗和一只灰狗在雪地里玩耍
7600-num-1,棕色的狗和灰狗在雪地里玩耍
7600-num-2,两只狗在雪地里玩耍
7601-num-1,一只棕色的狗和一只灰狗在雪地里战斗
7601-num-2,两只狗在雪地里玩耍
7602-num-1,两只狗在雪地里嬉戏
7602-num-2,一只棕色的狗和一只灰狗在雪地里玩耍
7603-num-1,在雪地里没有狗在玩
7603-num-2,一只棕色的狗和一只灰狗在雪地里玩耍
7604-num-1,在两只玩狗上下雪
7604-num-2,一只棕色的狗和一只灰狗在雪地里玩耍
7605-num-1,一只棕色的狗和一只灰狗在雪地里玩耍
7605-num-2,两只狗在雪地里玩耍
7606-num-1,一个年轻的女人在她的手上纹身
7606-num-2,一个女孩在她的手上纹身
7607-num-1,一个女孩从她的手中摘下纹身
7607-num-2,一个女孩在她的手上纹身
7608-num-1,那个少年手上用白色毛衣的女人画了纹身
7608-num-2,白色毛衣的女人在少年手上画纹身
7609-num-1,白色毛衣的女人没有在少年手上画纹身
7609-num-2,白色毛衣的女人在少年手上画纹身
7610-num-1,一个女孩在她的手上纹身
7610-num-2,那个少年手上用白色毛衣的女人画了纹身
7611-num-1,白色毛衣的女人没有在少年手上画纹身
7611-num-2,一个女孩在她的手上纹身
7612-num-1,一个年轻的女人在她的手上纹身
7612-num-2,白色毛衣的女人在少年手上画纹身
7613-num-1,一个女孩从她的手中摘下纹身
7613-num-2,白色毛衣的女人在少年手上画纹身
7614-num-1,白色毛衣的女人在少年手上画纹身
7614-num-2,一个女孩在她的手上纹身
7615-num-1,一个紫色上衣的女人正在两块石柱之间骑自行车
7615-num-2,一个紫色顶部的女人正在两块石柱之间骑自行车
7616-num-1,一个紫色上衣的女人正在两块石柱之间骑自行车
7616-num-2,紫色上没有女人在两个石柱之间行走自行车
7617-num-1,一个紫色上衣的女人正在两块石柱之间骑自行车
7617-num-2,一个石头女人和自行车位于两个紫色的柱子上
7618-num-1,一个穿着紫色和蓝色的女孩在晚上慢慢走在她的自行车旁边
7618-num-2,一个穿着紫色和蓝色的女孩在晚上在她的自行车旁边行走
7619-num-1,一个穿着紫色和蓝色的女孩在晚上在她的自行车旁边行走
7619-num-2,一个裸体女孩在晚上在她的自行车旁边行走
7620-num-1,一个紫色上衣的女人正在两块石柱之间骑自行车
7620-num-2,一个穿着紫色和蓝色的女孩在晚上慢慢走在她的自行车旁边
7621-num-1,一个紫色上衣的女人正在两块石柱之间骑自行车
7621-num-2,一个裸体女孩在晚上在她的自行车旁边行走
7622-num-1,一个穿着紫色和蓝色的女孩在晚上在她的自行车旁边行走
7622-num-2,一个紫色顶部的女人正在两块石柱之间骑自行车
7623-num-1,一个穿着紫色和蓝色的女孩在晚上在她的自行车旁边行走
7623-num-2,紫色上没有女人在两个石柱之间行走自行车
7624-num-1,一个穿着紫色和蓝色的女孩在晚上在她的自行车旁边行走
7624-num-2,一个石头女人和自行车位于两个紫色的柱子上
7625-num-1,一个穿着紫色和蓝色的女孩在晚上在她的自行车旁边行走
7625-num-2,一个紫色上衣的女人正在两块石柱之间骑自行车
7626-num-1,一个穿着红色外套的男人站在海洋旁的一些岩石上的黄色皮划艇旁边
7626-num-2,红色外套的那个人站在海洋旁的一些岩石上的黄色皮划艇旁边
7627-num-1,一个穿着红色外套的男人站在海洋旁的一些岩石上的黄色皮划艇旁边
7627-num-2,在海洋旁的一些岩石上，没有一件红色外套的男人
7628-num-1,一个男人穿着一件红色外套，站在一些带有水的岩石上的黄色独木舟旁边
7628-num-2,一个男人穿着一件红色外套，站在一些带有水的巨石上的黄色独木舟旁边
7629-num-1,一个男人站在一个黄色的独木舟旁边，在某些岩石上，背景上有水
7629-num-2,一个男人穿着一件红色外套，站在一些带有水的岩石上的黄色独木舟旁边
7630-num-1,一个男人穿着一件红色外套，站在一些带有水的巨石上的黄色独木舟旁边
7630-num-2,一个穿着红色外套的男人站在海洋旁的一些岩石上的黄色皮划艇旁边
7631-num-1,一个穿着红色外套的男人站在海洋旁的一些岩石上的黄色皮划艇旁边
7631-num-2,一个男人站在一个黄色的独木舟旁边，在某些岩石上，背景上有水
7632-num-1,一个男人穿着一件红色外套，站在一些带有水的岩石上的黄色独木舟旁边
7632-num-2,红色外套的那个人站在海洋旁的一些岩石上的黄色皮划艇旁边
7633-num-1,一个男人穿着一件红色外套，站在一些带有水的岩石上的黄色独木舟旁边
7633-num-2,在海洋旁的一些岩石上，没有一件红色外套的男人
7634-num-1,一个穿着红色外套的男人站在海洋旁的一些岩石上的黄色皮划艇旁边
7634-num-2,一个男人穿着一件红色外套，站在一些带有水的岩石上的黄色独木舟旁边
7635-num-1,黑色外套的狗沿着水面桥行走
7635-num-2,黑狗沿着水桥走在水面上
7636-num-1,黑狗沿着水桥走在水面上
7636-num-2,黑狗不是沿着水面桥行走
7637-num-1,一条河被一条狗在倒下的树桥上越过
7637-num-2,一只狗在用倒下的树制成的桥上穿过一条河
7638-num-1,一只狗在用倒下的树制成的桥上穿过一条河
7638-num-2,没有狗穿过一棵倒下的树的桥上的河流
7639-num-1,一棵树落在狗穿过的河上的桥上
7639-num-2,一只狗在用倒下的树制成的桥上穿过一条河
7640-num-1,黑狗沿着水桥走在水面上
7640-num-2,一条河被一条狗在倒下的树桥上越过
7641-num-1,黑狗沿着水桥走在水面上
7641-num-2,没有狗穿过一棵倒下的树的桥上的河流
7642-num-1,黑狗沿着水桥走在水面上
7642-num-2,一棵树落在狗穿过的河上的桥上
7643-num-1,黑色外套的狗沿着水面桥行走
7643-num-2,一只狗在用倒下的树制成的桥上穿过一条河
7644-num-1,黑狗不是沿着水面桥行走
7644-num-2,一只狗在用倒下的树制成的桥上穿过一条河
7645-num-1,黑狗沿着水桥走在水面上
7645-num-2,一只狗在用倒下的树制成的桥上穿过一条河
7646-num-1,穿着绿色和白色运动服的孩子在草地上奔跑
7646-num-2,穿着绿色和白色制服的运动的孩子在草地上奔跑
7647-num-1,一个穿着绿色和白色运动服的孩子坐在草地上
7647-num-2,穿着绿色和白色运动服的孩子在草地上奔跑
7648-num-1,一个小男孩自豪地穿着绿色的足球条，正在草地上奔跑
7648-num-2,一个小男孩穿着绿色的足球条，正在草地上跑步
7649-num-1,没有小男孩穿着绿色足球并在草地上跑步
7649-num-2,一个小男孩穿着绿色的足球条，正在草地上跑步
7650-num-1,一个小男孩自豪地穿着绿色的足球条，正在草地上奔跑
7650-num-2,穿着绿色和白色运动服的孩子在草地上奔跑
7651-num-1,穿着绿色和白色运动服的孩子在草地上奔跑
7651-num-2,没有小男孩穿着绿色足球并在草地上跑步
7652-num-1,穿着绿色和白色制服的运动的孩子在草地上奔跑
7652-num-2,一个小男孩穿着绿色的足球条，正在草地上跑步
7653-num-1,一个小男孩穿着绿色的足球条，正在草地上跑步
7653-num-2,一个穿着绿色和白色运动服的孩子坐在草地上
7654-num-1,穿着绿色和白色运动服的孩子在草地上奔跑
7654-num-2,一个小男孩穿着绿色的足球条，正在草地上跑步
7655-num-1,黑色帽子的女孩在海滩上穿比基尼
7655-num-2,一个黑色帽子的女孩在海滩上穿比基尼
7656-num-1,一个黑色帽子的女孩站在海滩上裸照
7656-num-2,一个黑色帽子的女孩在海滩上穿比基尼
7657-num-1,一个黑色帽子的女孩在海滩上穿比基尼
7657-num-2,一个没有比基尼的黑人女孩在海滩上戴帽子
7658-num-1,一位比基尼的年轻女士躺在海滩上
7658-num-2,一位看上去年轻的女士躺在海滩上
7659-num-1,一位比基尼的年轻女士躺在海滩上
7659-num-2,一位比基尼的年轻女士站在海滩上
7660-num-1,一位看上去年轻的女士躺在海滩上
7660-num-2,一个黑色帽子的女孩在海滩上穿比基尼
7661-num-1,一位比基尼的年轻女士站在海滩上
7661-num-2,一个黑色帽子的女孩在海滩上穿比基尼
7662-num-1,黑色帽子的女孩在海滩上穿比基尼
7662-num-2,一位比基尼的年轻女士躺在海滩上
7663-num-1,一个黑色帽子的女孩站在海滩上裸照
7663-num-2,一位比基尼的年轻女士躺在海滩上
7664-num-1,一位比基尼的年轻女士躺在海滩上
7664-num-2,一个没有比基尼的黑人女孩在海滩上戴帽子
7665-num-1,一位比基尼的年轻女士躺在海滩上
7665-num-2,一个黑色帽子的女孩在海滩上穿比基尼
7666-num-1,该男子在海滩的水边缘的湿海岸上做倒立的倒立
7666-num-2,该男子在海滩水边缘的湿沙上做倒立的倒立
7667-num-1,海滩上的那个人没有在水边的湿沙上倒立
7667-num-2,该男子在海滩水边缘的湿沙上做倒立的倒立
7668-num-1,一个男人在海滩上表演倒立
7668-num-2,一个男人在海滩上正在倒立
7669-num-1,一个男人坐在海滩上
7669-num-2,一个男人在海滩上表演倒立
7670-num-1,该男子在海滩水边缘的湿沙上做倒立的倒立
7670-num-2,一个男人在海滩上正在倒立
7671-num-1,一个男人坐在海滩上
7671-num-2,该男子在海滩水边缘的湿沙上做倒立的倒立
7672-num-1,该男子在海滩的水边缘的湿海岸上做倒立的倒立
7672-num-2,一个男人在海滩上表演倒立
7673-num-1,一个男人在海滩上表演倒立
7673-num-2,海滩上的那个人没有在水边的湿沙上倒立
7674-num-1,该男子在海滩水边缘的湿沙上做倒立的倒立
7674-num-2,一个男人在海滩上表演倒立
7675-num-1,一个年轻的男孩和他的母亲在公园里玩耍
7675-num-2,一个小男孩和他的母亲在公园里玩耍
7676-num-1,一个小男孩和他的母亲在公园里玩耍
7676-num-2,没有小男孩和他的母亲在公园里玩耍
7677-num-1,一个年轻的母亲正在公园里和她的男孩一起玩
7677-num-2,一个小男孩和他的母亲在公园里玩耍
7678-num-1,蓝色的男孩逃离了蓝色的女人
7678-num-2,一个蓝色的男孩逃离一个蓝色的女人
7679-num-1,一个蓝色的男孩逃离一个蓝色的女人
7679-num-2,一个蓝色的男孩正朝着一个蓝色的女人奔跑
7680-num-1,一个小男孩和他的母亲在公园里玩耍
7680-num-2,蓝色的男孩逃离了蓝色的女人
7681-num-1,一个小男孩和他的母亲在公园里玩耍
7681-num-2,一个蓝色的男孩正朝着一个蓝色的女人奔跑
7682-num-1,一个年轻的男孩和他的母亲在公园里玩耍
7682-num-2,一个蓝色的男孩逃离一个蓝色的女人
7683-num-1,一个蓝色的男孩逃离一个蓝色的女人
7683-num-2,没有小男孩和他的母亲在公园里玩耍
7684-num-1,一个蓝色的男孩逃离一个蓝色的女人
7684-num-2,一个年轻的母亲正在公园里和她的男孩一起玩
7685-num-1,一个小男孩和他的母亲在公园里玩耍
7685-num-2,一个蓝色的男孩逃离一个蓝色的女人
7686-num-1,一个有棕色头发的小男孩正在从棕色椅子上跳到地板上
7686-num-2,一个有棕色头发的小男孩从棕色椅子上跳下来
7687-num-1,一个有棕色头发的小男孩从棕色椅子上跳下来
7687-num-2,没有一个小男孩，棕色的头发从棕色椅子上跳下来
7688-num-1,一个小男孩迅速跳下椅子
7688-num-2,一个小男孩跳下椅子
7689-num-1,一个小男孩跳下椅子
7689-num-2,一个小男孩跳上椅子
7690-num-1,一个有棕色头发的小男孩从棕色椅子上跳下来
7690-num-2,一个小男孩迅速跳下椅子
7691-num-1,一个有棕色头发的小男孩从棕色椅子上跳下来
7691-num-2,一个小男孩跳上椅子
7692-num-1,一个有棕色头发的小男孩正在从棕色椅子上跳到地板上
7692-num-2,一个小男孩跳下椅子
7693-num-1,一个小男孩跳下椅子
7693-num-2,没有一个小男孩，棕色的头发从棕色椅子上跳下来
7694-num-1,一个有棕色头发的小男孩从棕色椅子上跳下来
7694-num-2,一个小男孩跳下椅子
7695-num-1,两个孩子在五颜六色的球上弹跳
7695-num-2,两个孩子在五颜六色的球上弹跳
7696-num-1,两个孩子坐在五颜六色的球上
7696-num-2,两个孩子在五颜六色的球上弹跳
7697-num-1,两个球正在与一些五颜六色的孩子弹跳
7697-num-2,两个孩子在五颜六色的球上弹跳
7698-num-1,孩子们穿着黑色紧身裤和跳跃
7698-num-2,一些孩子穿着黑色紧身裤和跳跃
7699-num-1,孩子们没有穿黑色紧身裤，也没有跳
7699-num-2,孩子们穿着黑色紧身裤和跳跃
7700-num-1,两个孩子在五颜六色的球上弹跳
7700-num-2,一些孩子穿着黑色紧身裤和跳跃
7701-num-1,孩子们没有穿黑色紧身裤，也没有跳
7701-num-2,两个孩子在五颜六色的球上弹跳
7702-num-1,两个孩子在五颜六色的球上弹跳
7702-num-2,孩子们穿着黑色紧身裤和跳跃
7703-num-1,两个孩子坐在五颜六色的球上
7703-num-2,孩子们穿着黑色紧身裤和跳跃
7704-num-1,孩子们穿着黑色紧身裤和跳跃
7704-num-2,两个球正在与一些五颜六色的孩子弹跳
7705-num-1,孩子们穿着黑色紧身裤和跳跃
7705-num-2,两个孩子在五颜六色的球上弹跳
7706-num-1,一个小女孩在微笑，戴着假鼻子和眼镜
7706-num-2,小女孩在微笑，戴着假鼻子和眼镜
7707-num-1,一个小女孩皱着眉头，摘下假鼻子和眼镜
7707-num-2,一个小女孩在微笑，戴着假鼻子和眼镜
7708-num-1,粉红色上衣的金发女孩在微笑着，戴着有趣的眼镜，鼻子大鼻子
7708-num-2,粉红色上衣的金发女孩愉快地微笑着，戴着有趣的眼镜，鼻子上附着很大的鼻子
7709-num-1,粉红色上衣的金发女孩在微笑着，戴着有趣的眼镜，鼻子大鼻子
7709-num-2,粉红色上衣的金发女孩没有微笑，也没有戴着鼻子大的鼻子戴着有趣的眼镜
7710-num-1,粉红色上衣的金发女孩愉快地微笑着，戴着有趣的眼镜，鼻子上附着很大的鼻子
7710-num-2,一个小女孩在微笑，戴着假鼻子和眼镜
7711-num-1,一个小女孩在微笑，戴着假鼻子和眼镜
7711-num-2,粉红色上衣的金发女孩没有微笑，也没有戴着鼻子大的鼻子戴着有趣的眼镜
7712-num-1,粉红色上衣的金发女孩在微笑着，戴着有趣的眼镜，鼻子大鼻子
7712-num-2,小女孩在微笑，戴着假鼻子和眼镜
7713-num-1,粉红色上衣的金发女孩在微笑着，戴着有趣的眼镜，鼻子大鼻子
7713-num-2,一个小女孩皱着眉头，摘下假鼻子和眼镜
7714-num-1,粉红色上衣的金发女孩在微笑着，戴着有趣的眼镜，鼻子大鼻子
7714-num-2,一个小女孩在微笑，戴着假鼻子和眼镜
7715-num-1,水被一个男人用喷枪喷到白狗的嘴里
7715-num-2,一个人用喷枪将水喷到白狗的嘴里
7716-num-1,一个人用喷枪将水喷到白狗的嘴里
7716-num-2,没有人用喷枪喷水到一只白狗的嘴里
7717-num-1,一个人正在将超级浸泡器喷到狗的嘴里
7717-num-2,该男子正在将超级浸泡器喷到狗的嘴里
7718-num-1,一个人正在将超级浸泡器喷到狗的嘴里
7718-num-2,没有人将超级浸泡器喷到狗的嘴里
7719-num-1,一个人用喷枪将水喷到白狗的嘴里
7719-num-2,该男子正在将超级浸泡器喷到狗的嘴里
7720-num-1,没有人将超级浸泡器喷到狗的嘴里
7720-num-2,一个人用喷枪将水喷到白狗的嘴里
7721-num-1,水被一个男人用喷枪喷到白狗的嘴里
7721-num-2,一个人正在将超级浸泡器喷到狗的嘴里
7722-num-1,一个人正在将超级浸泡器喷到狗的嘴里
7722-num-2,没有人用喷枪喷水到一只白狗的嘴里
7723-num-1,一个人正在将超级浸泡器喷到狗的嘴里
7723-num-2,一个人用喷枪将水喷到白狗的嘴里
7724-num-1,他的父亲握着一个男孩，他的父亲穿着蓝色的外套
7724-num-2,他的父亲穿着蓝色外套的父亲抱着一个男孩
7725-num-1,一个穿着蓝色外套的父亲放开的男孩正在放开
7725-num-2,他的父亲穿着蓝色外套的父亲抱着一个男孩
7726-num-1,他的父亲穿着蓝色外套的父亲抱着一个男孩
7726-num-2,一个穿着蓝色外套的男孩被父亲戴在雨伞下
7727-num-1,一个孩子惊人地经历了一个新世界
7727-num-2,一个孩子正在经历一个新世界
7728-num-1,一个孩子正在经历一个新世界
7728-num-2,一个孩子睡着了
7729-num-1,他的父亲穿着蓝色外套的父亲抱着一个男孩
7729-num-2,一个孩子惊人地经历了一个新世界
7730-num-1,一个孩子睡着了
7730-num-2,他的父亲穿着蓝色外套的父亲抱着一个男孩
7731-num-1,一个孩子正在经历一个新世界
7731-num-2,他的父亲握着一个男孩，他的父亲穿着蓝色的外套
7732-num-1,一个孩子正在经历一个新世界
7732-num-2,一个穿着蓝色外套的父亲放开的男孩正在放开
7733-num-1,一个穿着蓝色外套的男孩被父亲戴在雨伞下
7733-num-2,一个孩子正在经历一个新世界
7734-num-1,他的父亲穿着蓝色外套的父亲抱着一个男孩
7734-num-2,一个孩子正在经历一个新世界
7735-num-1,一条狗沿着雪花行走
7735-num-2,一只狗沿着雪花行走
7736-num-1,没有狗沿着雪花行走
7736-num-2,一只狗沿着雪花行走
7737-num-1,一只狗在雪覆盖的海滩上独自玩耍
7737-num-2,一只狗独自在雪覆盖的岸边玩耍
7738-num-1,一只狗在雪覆盖的海滩上独自玩耍
7738-num-2,一只狗在雪覆盖的海滩上睡觉
7739-num-1,一只狗独自在雪覆盖的岸边玩耍
7739-num-2,一只狗沿着雪花行走
7740-num-1,一只狗在雪覆盖的海滩上睡觉
7740-num-2,一只狗沿着雪花行走
7741-num-1,一条狗沿着雪花行走
7741-num-2,一只狗在雪覆盖的海滩上独自玩耍
7742-num-1,一只狗在雪覆盖的海滩上独自玩耍
7742-num-2,没有狗沿着雪花行走
7743-num-1,一只狗在雪覆盖的海滩上独自玩耍
7743-num-2,一只狗沿着雪花行走
7744-num-1,一条浅棕色的狗在街上跑来跑去
7744-num-2,浅棕色的狗在街上奔跑
7745-num-1,一条浅棕色的狗在街上跑来跑去
7745-num-2,没有浅棕色的狗在街上奔跑
7746-num-1,那只狗撞到了棕色的灯光
7746-num-2,一条浅棕色的狗在街上跑来跑去
7747-num-1,一只伟大的狗正在爬上陡峭的山丘
7747-num-2,一只伟大的狗疯狂地爬上陡峭的山丘
7748-num-1,一只伟大的狗正在爬上陡峭的山丘
7748-num-2,一只伟大的狗正在陡峭的山丘上
7749-num-1,一只伟大的狗疯狂地爬上陡峭的山丘
7749-num-2,一条浅棕色的狗在街上跑来跑去
7750-num-1,一条浅棕色的狗在街上跑来跑去
7750-num-2,一只伟大的狗正在陡峭的山丘上
7751-num-1,一只伟大的狗正在爬上陡峭的山丘
7751-num-2,浅棕色的狗在街上奔跑
7752-num-1,一只伟大的狗正在爬上陡峭的山丘
7752-num-2,没有浅棕色的狗在街上奔跑
7753-num-1,那只狗撞到了棕色的灯光
7753-num-2,一只伟大的狗正在爬上陡峭的山丘
7754-num-1,一只伟大的狗正在爬上陡峭的山丘
7754-num-2,一条浅棕色的狗在街上跑来跑去
7755-num-1,一个男人和一个女人在城市的街道上行走
7755-num-2,一个男人和一个女人在城市街道上行走
7756-num-1,一个男人和一个女人在城市街道上行走
7756-num-2,一个男人和一个女人在城市街道上闲逛
7757-num-1,人们在拥挤的街道上行走
7757-num-2,人们正在穿过拥挤的街道
7758-num-1,人们不是在拥挤的街道上行走
7758-num-2,人们在拥挤的街道上行走
7759-num-1,人们在街上的人群中行走
7759-num-2,人们在拥挤的街道上行走
7760-num-1,人们正在穿过拥挤的街道
7760-num-2,一个男人和一个女人在城市街道上行走
7761-num-1,一个男人和一个女人在城市街道上行走
7761-num-2,人们不是在拥挤的街道上行走
7762-num-1,人们在街上的人群中行走
7762-num-2,一个男人和一个女人在城市街道上行走
7763-num-1,一个男人和一个女人在城市的街道上行走
7763-num-2,人们在拥挤的街道上行走
7764-num-1,人们在拥挤的街道上行走
7764-num-2,一个男人和一个女人在城市街道上闲逛
7765-num-1,人们在拥挤的街道上行走
7765-num-2,一个男人和一个女人在城市街道上行走
7766-num-1,冲浪者在深绿色的水中骑着大浪
7766-num-2,冲浪者在深绿色的水上骑着大浪
7767-num-1,冲浪者在深绿色的水中骑着大浪
7767-num-2,没有冲浪者在深绿色的水中骑着大浪
7768-num-1,冲浪者正在大波浪
7768-num-2,冲浪者正在大波浪
7769-num-1,冲浪者正在骑小浪
7769-num-2,冲浪者正在大波浪
7770-num-1,大冲浪者正在骑行和挥舞
7770-num-2,冲浪者正在大波浪
7771-num-1,冲浪者在深绿色的水中骑着大浪
7771-num-2,冲浪者正在大波浪
7772-num-1,冲浪者在深绿色的水中骑着大浪
7772-num-2,冲浪者正在骑小浪
7773-num-1,冲浪者在深绿色的水中骑着大浪
7773-num-2,大冲浪者正在骑行和挥舞
7774-num-1,冲浪者在深绿色的水上骑着大浪
7774-num-2,冲浪者正在大波浪
7775-num-1,没有冲浪者在深绿色的水中骑着大浪
7775-num-2,冲浪者正在大波浪
7776-num-1,冲浪者在深绿色的水中骑着大浪
7776-num-2,冲浪者正在大波浪
7777-num-1,穿着条纹短裤和太阳镜的光着膀子的男人站在一个穿着白衬衫和太阳镜的男人附近
7777-num-2,穿着条纹短裤和太阳镜的光着膀子的男人站在一个穿着白色衬衫和太阳镜的人附近
7778-num-1,穿着条纹短裤和太阳镜的光着膀子的男人不在一个穿着白色衬衫和太阳镜的男人附近
7778-num-2,穿着条纹短裤和太阳镜的光着膀子的男人站在一个穿着白衬衫和太阳镜的男人附近
7779-num-1,肌肉发达的黑人在跳舞，他身后的男人戴着绿色的珠子
7779-num-2,肌肉发达的人在跳舞，他身后的男人戴着绿色的珠子
7780-num-1,肌肉发达的黑人在跳舞，他身后的男人戴着绿色的珠子
7780-num-2,肌肉发达的白人在跳舞，他身后的那个人戴着绿色的珠子
7781-num-1,肌肉发达的人在跳舞，他身后的男人戴着绿色的珠子
7781-num-2,穿着条纹短裤和太阳镜的光着膀子的男人站在一个穿着白衬衫和太阳镜的男人附近
7782-num-1,穿着条纹短裤和太阳镜的光着膀子的男人站在一个穿着白衬衫和太阳镜的男人附近
7782-num-2,肌肉发达的白人在跳舞，他身后的那个人戴着绿色的珠子
7783-num-1,穿着条纹短裤和太阳镜的光着膀子的男人站在一个穿着白色衬衫和太阳镜的人附近
7783-num-2,肌肉发达的黑人在跳舞，他身后的男人戴着绿色的珠子
7784-num-1,肌肉发达的黑人在跳舞，他身后的男人戴着绿色的珠子
7784-num-2,穿着条纹短裤和太阳镜的光着膀子的男人不在一个穿着白色衬衫和太阳镜的男人附近
7785-num-1,肌肉发达的黑人在跳舞，他身后的男人戴着绿色的珠子
7785-num-2,穿着条纹短裤和太阳镜的光着膀子的男人站在一个穿着白衬衫和太阳镜的男人附近
7786-num-1,穿着灰色裤子的人在滑雪板上空中流动
7786-num-2,一个人在滑雪板上穿灰色裤子
7787-num-1,没有人穿着灰色的裤子，在滑雪板上空降
7787-num-2,穿着灰色裤子的人在滑雪板上空中流动
7788-num-1,一个单板滑雪的人在空中跳跃
7788-num-2,单板滑雪者正在空中跳跃
7789-num-1,一个滑雪的女人在空中跳跃
7789-num-2,一个单板滑雪的人在空中跳跃
7790-num-1,单板滑雪者正在空中跳跃
7790-num-2,穿着灰色裤子的人在滑雪板上空中流动
7791-num-1,一个滑雪的女人在空中跳跃
7791-num-2,穿着灰色裤子的人在滑雪板上空中流动
7792-num-1,一个人在滑雪板上穿灰色裤子
7792-num-2,一个单板滑雪的人在空中跳跃
7793-num-1,没有人穿着灰色的裤子，在滑雪板上空降
7793-num-2,一个单板滑雪的人在空中跳跃
7794-num-1,一个单板滑雪的人在空中跳跃
7794-num-2,穿着灰色裤子的人在滑雪板上空中流动
7795-num-1,一名网球运动员向左伸出
7795-num-2,一名网球运动员向左跳
7796-num-1,左边没有网球运动员
7796-num-2,一名网球运动员向左伸出
7797-num-1,一个带有绿色头带的网球运动员正在击球
7797-num-2,带有绿色头带的网球运动员正在击球
7798-num-1,一个带有绿色头带的网球运动员正在击球
7798-num-2,一个带有绿色头带的网球运动员缺少球
7799-num-1,一名网球运动员向左伸出
7799-num-2,带有绿色头带的网球运动员正在击球
7800-num-1,一个带有绿色头带的网球运动员缺少球
7800-num-2,一名网球运动员向左伸出
7801-num-1,一个带有绿色头带的网球运动员正在击球
7801-num-2,一名网球运动员向左跳
7802-num-1,左边没有网球运动员
7802-num-2,一个带有绿色头带的网球运动员正在击球
7803-num-1,一个带有绿色头带的网球运动员正在击球
7803-num-2,一名网球运动员向左伸出
7804-num-1,一个男人蹲下并拿着相机
7804-num-2,一个人蹲下并握着相机
7805-num-1,一个男人蹲下并拿着相机
7805-num-2,一个女人蹲下并拿着相机
7806-num-1,一个男人在刷子上蹲下并拍照
7806-num-2,一个男人在刷子上蹲下并拍照
7807-num-1,一个男人在刷子上蹲下并拍照
7807-num-2,没有男人在刷子上蹲下并拍照
7808-num-1,一个男人在刷子上蹲下并拍照
7808-num-2,一个男人蹲下并拿着相机
7809-num-1,没有男人在刷子上蹲下并拍照
7809-num-2,一个男人蹲下并拿着相机
7810-num-1,一个男人在刷子上蹲下并拍照
7810-num-2,一个人蹲下并握着相机
7811-num-1,一个男人在刷子上蹲下并拍照
7811-num-2,一个女人蹲下并拿着相机
7812-num-1,一个男人在刷子上蹲下并拍照
7812-num-2,一个男人蹲下并拿着相机
7813-num-1,有些狗在河里玩耍
7813-num-2,有些狗在溪流中玩耍
7814-num-1,有些狗不在溪流中玩耍
7814-num-2,有些狗在溪流中玩耍
7815-num-1,两只狗看着在水中移动的东西
7815-num-2,两只狗看着在水中溅出的东西
7816-num-1,两只狗看着在水中溅出的东西
7816-num-2,两只猫正在看水中溅出的东西
7817-num-1,有些狗在溪流中玩耍
7817-num-2,两只狗看着在水中移动的东西
7818-num-1,有些狗在溪流中玩耍
7818-num-2,两只猫正在看水中溅出的东西
7819-num-1,两只狗看着在水中溅出的东西
7819-num-2,有些狗在河里玩耍
7820-num-1,两只狗看着在水中溅出的东西
7820-num-2,有些狗不在溪流中玩耍
7821-num-1,两只狗看着在水中溅出的东西
7821-num-2,有些狗在溪流中玩耍
7822-num-1,一只黑狗从圆柱干草贝尔跳下来
7822-num-2,一只黑狗从圆柱干草贝尔跳下来
7823-num-1,一只白狗从圆柱干草贝尔跳下来
7823-num-2,一只黑狗从圆柱干草贝尔跳下来
7824-num-1,一只黑狗从干草球跳到另一个干草球
7824-num-2,一只黑狗从干草球跳到另一个干草球
7825-num-1,一只黑猫从干草球跳到另一个干草球
7825-num-2,一只黑狗从干草球跳到另一个干草球
7826-num-1,一只黑狗从干草球跳到另一个干草球
7826-num-2,一只黑狗从圆柱干草贝尔跳下来
7827-num-1,一只黑狗从圆柱干草贝尔跳下来
7827-num-2,一只黑猫从干草球跳到另一个干草球
7828-num-1,一只黑狗从干草球跳到另一个干草球
7828-num-2,一只黑狗从圆柱干草贝尔跳下来
7829-num-1,一只黑狗从干草球跳到另一个干草球
7829-num-2,一只白狗从圆柱干草贝尔跳下来
7830-num-1,一只黑狗从干草球跳到另一个干草球
7830-num-2,一只黑狗从圆柱干草贝尔跳下来
7831-num-1,棕色的狗在空中跳跃
7831-num-2,棕色动物在空中跳跃
7832-num-1,棕色的狗在空中跳跃
7832-num-2,一只棕色的狗在水中跳跃
7833-num-1,一只棕色的狗在空中跳跃
7833-num-2,一只狗在空中跳跃
7834-num-1,一只棕色的狗在空中跳跃
7834-num-2,空中没有棕色的狗
7835-num-1,棕色的狗在空中跳跃
7835-num-2,一只狗在空中跳跃
7836-num-1,空中没有棕色的狗
7836-num-2,棕色的狗在空中跳跃
7837-num-1,一只棕色的狗在空中跳跃
7837-num-2,棕色动物在空中跳跃
7838-num-1,一只棕色的狗在水中跳跃
7838-num-2,一只棕色的狗在空中跳跃
7839-num-1,棕色的狗在空中跳跃
7839-num-2,一只棕色的狗在空中跳跃
7840-num-1,骑摩托车的男人骑在轨道上，开心地挥舞着
7840-num-2,骑摩托车的男人骑在轨道上并挥手
7841-num-1,一匹马的男人在赛道上骑着挥手
7841-num-2,骑摩托车的男人骑在轨道上并挥手
7842-num-1,摩托车上的人举起他的手臂
7842-num-2,摩托车上的人举起手臂
7843-num-1,摩托车上的人举起手臂
7843-num-2,摩托车上的人没有举起手臂
7844-num-1,骑摩托车的男人骑在轨道上并挥手
7844-num-2,摩托车上的人举起他的手臂
7845-num-1,骑摩托车的男人骑在轨道上并挥手
7845-num-2,摩托车上的人没有举起手臂
7846-num-1,骑摩托车的男人骑在轨道上，开心地挥舞着
7846-num-2,摩托车上的人举起手臂
7847-num-1,一匹马的男人在赛道上骑着挥手
7847-num-2,摩托车上的人举起手臂
7848-num-1,摩托车上的人举起手臂
7848-num-2,骑摩托车的男人骑在轨道上并挥手
7849-num-1,两个成年人站在一个黄色花朵的踏板车上
7849-num-2,两个成年人站在鲜花田里的踏板车上
7850-num-1,两个成年人站在一个黄色花朵的踏板车上
7850-num-2,两个成年人没有站在黄色花朵的踏板车上
7851-num-1,两个戴着头盔的人骑着黄色和白色的花朵
7851-num-2,两个戴着头盔的人在黄色和白色的花朵上行驶
7852-num-1,两个戴着头盔的人骑着黄色和白色的花朵
7852-num-2,两个戴着头盔的人没有骑在黄色和白色的花朵上
7853-num-1,两个戴着头盔的人在黄色和白色的花朵上行驶
7853-num-2,两个成年人站在一个黄色花朵的踏板车上
7854-num-1,两个戴着头盔的人没有骑在黄色和白色的花朵上
7854-num-2,两个成年人站在一个黄色花朵的踏板车上
7855-num-1,两个戴着头盔的人骑着黄色和白色的花朵
7855-num-2,两个成年人站在鲜花田里的踏板车上
7856-num-1,两个戴着头盔的人骑着黄色和白色的花朵
7856-num-2,两个成年人没有站在黄色花朵的踏板车上
7857-num-1,两个戴着头盔的人骑着黄色和白色的花朵
7857-num-2,两个成年人站在一个黄色花朵的踏板车上
7858-num-1,一个男人正在沿着土山骑越野车
7858-num-2,一个人正在沿着土山骑越野车
7859-num-1,一个人骑着一辆泥土的越野车
7859-num-2,一个人正在沿着土山骑越野车
7860-num-1,一个人沿着泥泞的小径骑自行车
7860-num-2,一个人沿着小径骑自行车
7861-num-1,没有人沿着泥泞的小径骑自行车
7861-num-2,一个人沿着泥泞的小径骑自行车
7862-num-1,一个人正在沿着土山骑越野车
7862-num-2,一个人沿着小径骑自行车
7863-num-1,没有人沿着泥泞的小径骑自行车
7863-num-2,一个人正在沿着土山骑越野车
7864-num-1,一个男人正在沿着土山骑越野车
7864-num-2,一个人沿着泥泞的小径骑自行车
7865-num-1,一个人沿着泥泞的小径骑自行车
7865-num-2,一个人骑着一辆泥土的越野车
7866-num-1,一个人沿着泥泞的小径骑自行车
7866-num-2,一个人正在沿着土山骑越野车
7867-num-1,一个蓝色的男人正在一条土路上骑马
7867-num-2,一个蓝色的男人正在一条土路上骑动物
7868-num-1,一个蓝色的男人正在一条土路上骑马
7868-num-2,一个穿着蓝色的女人在一条土路上骑马
7869-num-1,一个蓝色的男人正在一条土路上骑马
7869-num-2,一个男人在蓝色的道路上骑着肮脏的马
7870-num-1,一匹白马被一个戴着蓝色牛仔帽子的男人骑
7870-num-2,一个戴着蓝牛仔帽的男人骑着白马
7871-num-1,一个戴着蓝色牛仔帽子的男人正在骑黑马
7871-num-2,一个戴着蓝牛仔帽的男人骑着白马
7872-num-1,一匹白马被一个戴着蓝色牛仔帽子的男人骑
7872-num-2,一个蓝色的男人正在一条土路上骑马
7873-num-1,一个蓝色的男人正在一条土路上骑马
7873-num-2,一个戴着蓝色牛仔帽子的男人正在骑黑马
7874-num-1,一个蓝色的男人正在一条土路上骑动物
7874-num-2,一个戴着蓝牛仔帽的男人骑着白马
7875-num-1,一个戴着蓝牛仔帽的男人骑着白马
7875-num-2,一个穿着蓝色的女人在一条土路上骑马
7876-num-1,一个戴着蓝牛仔帽的男人骑着白马
7876-num-2,一个男人在蓝色的道路上骑着肮脏的马
7877-num-1,一个戴着蓝牛仔帽的男人骑着白马
7877-num-2,一个蓝色的男人正在一条土路上骑马
7878-num-1,三个人正在驾驶ATV
7878-num-2,ATV是由三个人驱动的
7879-num-1,三个人正在驾驶ATV
7879-num-2,没有人驾驶ATV
7880-num-1,三个人在一个野外驾驶四轮ATV
7880-num-2,三人在田野里驾驶四辆轮车
7881-num-1,三人在街上开车四轮ATV
7881-num-2,三个人在一个野外驾驶四轮ATV
7882-num-1,三个人正在驾驶ATV
7882-num-2,三人在田野里驾驶四辆轮车
7883-num-1,三人在街上开车四轮ATV
7883-num-2,三个人正在驾驶ATV
7884-num-1,三个人在一个野外驾驶四轮ATV
7884-num-2,ATV是由三个人驱动的
7885-num-1,三个人在一个野外驾驶四轮ATV
7885-num-2,没有人驾驶ATV
7886-num-1,三个人在一个野外驾驶四轮ATV
7886-num-2,三个人正在驾驶ATV
7887-num-1,两只白狗和一只棕色的狗在追球
7887-num-2,两只白狗和一只棕色的狗正在追逐玩具
7888-num-1,两只白狗和一只棕色的狗没有追赶球
7888-num-2,两只白狗和一只棕色的狗在追球
7889-num-1,两只白狗正在和一只棕色的狗和一个网球一起玩
7889-num-2,两只白狗正在和一只棕色的狗和一只球一起玩
7890-num-1,两只白猫正在和一只棕色的狗和一个球一起玩
7890-num-2,两只白狗正在和一只棕色的狗和一只球一起玩
7891-num-1,两只白狗正在和一只棕色的狗和一个网球一起玩
7891-num-2,两只白狗和一只棕色的狗在追球
7892-num-1,两只白猫正在和一只棕色的狗和一个球一起玩
7892-num-2,两只白狗和一只棕色的狗在追球
7893-num-1,两只白狗正在和一只棕色的狗和一只球一起玩
7893-num-2,两只白狗和一只棕色的狗正在追逐玩具
7894-num-1,两只白狗和一只棕色的狗没有追赶球
7894-num-2,两只白狗正在和一只棕色的狗和一只球一起玩
7895-num-1,两只白狗和一只棕色的狗在追球
7895-num-2,两只白狗正在和一只棕色的狗和一只球一起玩
7896-num-1,一辆白色赛车正在穿过水坑
7896-num-2,一辆白色的赛车正在穿过水坑
7897-num-1,一辆白色赛车正在穿过水坑
7897-num-2,没有白色赛车穿过水坑
7898-num-1,白色拉力赛车将泥土扔向空中，并在轨道上接近弯道
7898-num-2,一辆白色的拉力赛车将泥土扔向空中，并在轨道上弯曲
7899-num-1,一辆白色的拉力赛车将泥土扔向空中，并在轨道上弯曲
7899-num-2,一辆黑色的拉力赛车将泥土扔向空中，并在轨道上接近弯道
7900-num-1,一辆白色赛车正在穿过水坑
7900-num-2,白色拉力赛车将泥土扔向空中，并在轨道上接近弯道
7901-num-1,一辆黑色的拉力赛车将泥土扔向空中，并在轨道上接近弯道
7901-num-2,一辆白色赛车正在穿过水坑
7902-num-1,一辆白色的拉力赛车将泥土扔向空中，并在轨道上弯曲
7902-num-2,一辆白色的赛车正在穿过水坑
7903-num-1,一辆白色的拉力赛车将泥土扔向空中，并在轨道上弯曲
7903-num-2,没有白色赛车穿过水坑
7904-num-1,一辆白色赛车正在穿过水坑
7904-num-2,一辆白色的拉力赛车将泥土扔向空中，并在轨道上弯曲
7905-num-1,一只狗在干叶的田野里跳上闪亮的蓝色足球
7905-num-2,动物在干燥的叶片领域跳上闪亮的蓝色足球
7906-num-1,一只狗在干叶的田野里跳上闪亮的蓝色足球
7906-num-2,在干燥的叶片领域，没有狗在闪亮的蓝色足球上跳
7907-num-1,一只狗在干叶的田野里跳上闪亮的蓝色足球
7907-num-2,一只狗在闪亮的蓝色足球领域跳动干叶
7908-num-1,一只小黑狗戴着红色的项圈，在叶子里，有一个蓝色的球
7908-num-2,一只小黑狗穿着红色领子，在叶子里，带着蓝色的球
7909-num-1,一只大黑狗穿着红色的项圈，在叶子里，带着蓝色的球
7909-num-2,一只小黑狗穿着红色领子，在叶子里，带着蓝色的球
7910-num-1,一只小黑狗戴着红色的项圈，在叶子里，有一个蓝色的球
7910-num-2,一只狗在干叶的田野里跳上闪亮的蓝色足球
7911-num-1,一只大黑狗穿着红色的项圈，在叶子里，带着蓝色的球
7911-num-2,一只狗在干叶的田野里跳上闪亮的蓝色足球
7912-num-1,一只小黑狗穿着红色领子，在叶子里，带着蓝色的球
7912-num-2,动物在干燥的叶片领域跳上闪亮的蓝色足球
7913-num-1,一只小黑狗穿着红色领子，在叶子里，带着蓝色的球
7913-num-2,在干燥的叶片领域，没有狗在闪亮的蓝色足球上跳
7914-num-1,一只小黑狗穿着红色领子，在叶子里，带着蓝色的球
7914-num-2,一只狗在闪亮的蓝色足球领域跳动干叶
7915-num-1,一只狗在干叶的田野里跳上闪亮的蓝色足球
7915-num-2,一只小黑狗穿着红色领子，在叶子里，带着蓝色的球
7916-num-1,一只狗正朝着球奔跑
7916-num-2,一只狗奔向玩具
7917-num-1,狗没有奔向球
7917-num-2,一只狗正朝着球奔跑
7918-num-1,一只狗在田野里奔跑，正在追逐球
7918-num-2,一只狗在田野里奔跑，正在追逐玩具
7919-num-1,一只狗在田野里奔跑，正在追逐球
7919-num-2,没有狗在田野里奔跑并追逐球
7920-num-1,一只狗正朝着球奔跑
7920-num-2,一只狗在田野里奔跑，正在追逐玩具
7921-num-1,一只狗正朝着球奔跑
7921-num-2,没有狗在田野里奔跑并追逐球
7922-num-1,一只狗在田野里奔跑，正在追逐球
7922-num-2,一只狗奔向玩具
7923-num-1,狗没有奔向球
7923-num-2,一只狗在田野里奔跑，正在追逐球
7924-num-1,一只狗在田野里奔跑，正在追逐球
7924-num-2,一只狗正朝着球奔跑
7925-num-1,四个运动员和一个男人一起在一个拥挤的体育场
7925-num-2,四个运动员和一个人在一起的体育场
7926-num-1,四个运动员和一个男人一起在一个拥挤的体育场
7926-num-2,四个运动员和一个女人一起在一个拥挤的体育场
7927-num-1,穿着粉红色夹克的人正在奔跑
7927-num-2,一个粉红色的人正在跑到田野上
7928-num-1,穿着粉红色夹克的人正在奔跑
7928-num-2,穿着粉红色外套的人没有跑到田野上
7929-num-1,一个粉红色的人正在跑到田野上
7929-num-2,四个运动员和一个男人一起在一个拥挤的体育场
7930-num-1,四个运动员和一个男人一起在一个拥挤的体育场
7930-num-2,穿着粉红色外套的人没有跑到田野上
7931-num-1,四个运动员和一个人在一起的体育场
7931-num-2,穿着粉红色夹克的人正在奔跑
7932-num-1,穿着粉红色夹克的人正在奔跑
7932-num-2,四个运动员和一个女人一起在一个拥挤的体育场
7933-num-1,穿着粉红色夹克的人正在奔跑
7933-num-2,四个运动员和一个男人一起在一个拥挤的体育场
7934-num-1,一条皮草围巾被亚洲女人持有
7934-num-2,一个亚洲女人拿着皮草围巾
7935-num-1,一个亚洲女人拿着皮草围巾
7935-num-2,没有亚洲女人拿着皮草围巾
7936-num-1,一个穿着优雅衣服的女人在一群人里面，正在低头看
7936-num-2,一个优雅的女人在一群人里面，正在低头看
7937-num-1,一个穿着优雅衣服的女人在一群人里面，正在抬头
7937-num-2,一个穿着优雅衣服的女人在一群人里面，正在低头看
7938-num-1,一个亚洲女人拿着皮草围巾
7938-num-2,一个优雅的女人在一群人里面，正在低头看
7939-num-1,一个亚洲女人拿着皮草围巾
7939-num-2,一个穿着优雅衣服的女人在一群人里面，正在抬头
7940-num-1,一个穿着优雅衣服的女人在一群人里面，正在低头看
7940-num-2,一条皮草围巾被亚洲女人持有
7941-num-1,没有亚洲女人拿着皮草围巾
7941-num-2,一个穿着优雅衣服的女人在一群人里面，正在低头看
7942-num-1,一个亚洲女人拿着皮草围巾
7942-num-2,一个穿着优雅衣服的女人在一群人里面，正在低头看
7943-num-1,一个男孩在海滩上奔跑
7943-num-2,一个男孩在海滩上奔跑
7944-num-1,一个女孩在海滩上奔跑
7944-num-2,一个男孩在海滩上奔跑
7945-num-1,一件白色T恤的男孩在浅水中飞溅
7945-num-2,穿着白色T恤的孩子在浅水中溅出
7946-num-1,一件白色T恤的男孩在浅水中飞溅
7946-num-2,没有男孩穿着白色T恤在浅水中溅出
7947-num-1,穿着白色T恤的孩子在浅水中溅出
7947-num-2,一个男孩在海滩上奔跑
7948-num-1,没有男孩穿着白色T恤在浅水中溅出
7948-num-2,一个男孩在海滩上奔跑
7949-num-1,一件白色T恤的男孩在浅水中飞溅
7949-num-2,一个男孩在海滩上奔跑
7950-num-1,一个女孩在海滩上奔跑
7950-num-2,一件白色T恤的男孩在浅水中飞溅
7951-num-1,一件白色T恤的男孩在浅水中飞溅
7951-num-2,一个男孩在海滩上奔跑
7952-num-1,两名高大的篮球运动员在球场上争夺球
7952-num-2,两名篮球运动员在球场上争夺球
7953-num-1,两名足球运动员在球场上争夺球
7953-num-2,两名篮球运动员在球场上争夺球
7954-num-1,一名篮球运动员在球场上，另一名篮球运动员正在抓住球
7954-num-2,一名篮球运动员在球场上，球被另一个球抓住
7955-num-1,一名篮球运动员在球场上，另一名篮球运动员正在抓住球
7955-num-2,球场上没有篮球运动员，没有人抓住球
7956-num-1,一名篮球运动员在球场上，球被另一个球抓住
7956-num-2,两名篮球运动员在球场上争夺球
7957-num-1,球场上没有篮球运动员，没有人抓住球
7957-num-2,两名篮球运动员在球场上争夺球
7958-num-1,两名高大的篮球运动员在球场上争夺球
7958-num-2,一名篮球运动员在球场上，另一名篮球运动员正在抓住球
7959-num-1,两名足球运动员在球场上争夺球
7959-num-2,一名篮球运动员在球场上，另一名篮球运动员正在抓住球
7960-num-1,一名篮球运动员在球场上，另一名篮球运动员正在抓住球
7960-num-2,两名篮球运动员在球场上争夺球
7961-num-1,白狗好奇地看着黑色骆驼
7961-num-2,白狗正在看黑骆驼
7962-num-1,白狗并不好奇地看着黑色骆驼
7962-num-2,白狗好奇地看着黑色骆驼
7963-num-1,黑色骆驼好奇地看着白狗
7963-num-2,白狗好奇地看着黑色骆驼
7964-num-1,一只黑羊站在三只白狗附近
7964-num-2,一只黑绵羊站在三只白狗附近
7965-num-1,一只黑羊站在三只白狗附近
7965-num-2,一只黑羊站在远离三只白狗
7966-num-1,白狗好奇地看着黑色骆驼
7966-num-2,一只黑绵羊站在三只白狗附近
7967-num-1,一只黑羊站在远离三只白狗
7967-num-2,白狗好奇地看着黑色骆驼
7968-num-1,一只黑羊站在三只白狗附近
7968-num-2,白狗正在看黑骆驼
7969-num-1,白狗并不好奇地看着黑色骆驼
7969-num-2,一只黑羊站在三只白狗附近
7970-num-1,黑色骆驼好奇地看着白狗
7970-num-2,一只黑羊站在三只白狗附近
7971-num-1,白狗好奇地看着黑色骆驼
7971-num-2,一只黑羊站在三只白狗附近
7972-num-1,两个贵宾犬在雪地里，一个贵宾跳高
7972-num-2,两个贵宾在雪地里，一个正在跳跃
7973-num-1,两个贵宾在雪地里，一个躺在
7973-num-2,两个贵宾犬在雪地里，一个贵宾跳高
7974-num-1,一只灰狗在柔软的雪中跳向黑白狗
7974-num-2,一只灰狗在雪地里跳向黑白狗
7975-num-1,一只灰狗在雪地里跳向黑白狗
7975-num-2,一只灰色的狗跳向水中的黑白狗
7976-num-1,一只灰狗在柔软的雪中跳向黑白狗
7976-num-2,两个贵宾犬在雪地里，一个贵宾跳高
7977-num-1,两个贵宾犬在雪地里，一个贵宾跳高
7977-num-2,一只灰色的狗跳向水中的黑白狗
7978-num-1,两个贵宾在雪地里，一个正在跳跃
7978-num-2,一只灰狗在雪地里跳向黑白狗
7979-num-1,一只灰狗在雪地里跳向黑白狗
7979-num-2,两个贵宾在雪地里，一个躺在
7980-num-1,两个贵宾犬在雪地里，一个贵宾跳高
7980-num-2,一只灰狗在雪地里跳向黑白狗
7981-num-1,被摄影师包围的人穿着灰色西装和眼镜
7981-num-2,那个被相机男人包围的人穿着灰色西装和眼镜
7982-num-1,被摄影师包围的人穿着灰色西装和眼镜
7982-num-2,被摄影师包围的女人穿着灰色西装和眼镜
7983-num-1,穿着优雅连衣裙的男人被摄影师包围
7983-num-2,穿着西装的男人被摄影师包围
7984-num-1,穿着西装的男人没有被摄影师包围
7984-num-2,穿着西装的男人被摄影师包围
7985-num-1,摄影师被男人包围
7985-num-2,穿着西装的男人被摄影师包围
7986-num-1,穿着优雅连衣裙的男人被摄影师包围
7986-num-2,被摄影师包围的人穿着灰色西装和眼镜
7987-num-1,被摄影师包围的人穿着灰色西装和眼镜
7987-num-2,穿着西装的男人没有被摄影师包围
7988-num-1,摄影师被男人包围
7988-num-2,被摄影师包围的人穿着灰色西装和眼镜
7989-num-1,那个被相机男人包围的人穿着灰色西装和眼镜
7989-num-2,穿着西装的男人被摄影师包围
7990-num-1,被摄影师包围的女人穿着灰色西装和眼镜
7990-num-2,穿着西装的男人被摄影师包围
7991-num-1,被摄影师包围的人穿着灰色西装和眼镜
7991-num-2,穿着西装的男人被摄影师包围
7992-num-1,穿着游泳服的孩子在游泳池里玩
7992-num-2,穿着泳衣的孩子在水里玩耍
7993-num-1,穿着泳衣的孩子没有在水中玩耍
7993-num-2,穿着泳衣的孩子在水里玩耍
7994-num-1,男孩们穿着泳衣，水在周围飞溅
7994-num-2,孩子们穿着泳衣，水在周围飞溅
7995-num-1,孩子们穿着泳衣，水在周围飞溅
7995-num-2,孩子们没有穿西装，水在周围溅出
7996-num-1,穿着泳衣的孩子在水里玩耍
7996-num-2,男孩们穿着泳衣，水在周围飞溅
7997-num-1,孩子们没有穿西装，水在周围溅出
7997-num-2,穿着泳衣的孩子在水里玩耍
7998-num-1,穿着游泳服的孩子在游泳池里玩
7998-num-2,孩子们穿着泳衣，水在周围飞溅
7999-num-1,穿着泳衣的孩子没有在水中玩耍
7999-num-2,孩子们穿着泳衣，水在周围飞溅
8000-num-1,孩子们穿着泳衣，水在周围飞溅
8000-num-2,穿着泳衣的孩子在水里玩耍
8001-num-1,男孩从皮带上晃来晃去，互相踢
8001-num-2,人们从皮带上晃来晃去，互相踢
8002-num-1,人们从皮带上晃来晃去，互相踢
8002-num-2,没有人从皮带上晃来晃去，互相踢
8003-num-1,一个金发女孩被体操绳悬挂
8003-num-2,一个女孩被体操绳悬挂
8004-num-1,一个金发女孩被体操绳悬挂
8004-num-2,一个金发男子被体操绳悬挂
8005-num-1,一个女孩被体操绳悬挂
8005-num-2,人们从皮带上晃来晃去，互相踢
8006-num-1,一个金发男子被体操绳悬挂
8006-num-2,人们从皮带上晃来晃去，互相踢
8007-num-1,一个金发女孩被体操绳悬挂
8007-num-2,男孩从皮带上晃来晃去，互相踢
8008-num-1,没有人从皮带上晃来晃去，互相踢
8008-num-2,一个金发女孩被体操绳悬挂
8009-num-1,人们从皮带上晃来晃去，互相踢
8009-num-2,一个金发女孩被体操绳悬挂
8010-num-1,一个穿着黑白的男人正在举起网球球拍，正在等待球
8010-num-2,一个穿着黑白的球员正在举起网球球拍，正在等待球
8011-num-1,一个穿着黑白的男人正在举起网球球拍，正在等待球
8011-num-2,一个穿着黑白的男人正在丢下网球球拍，正在等待球
8012-num-1,比赛中的一名网球运动员正在拿着球拍
8012-num-2,一名网球运动员在比赛中被网球运动员握住
8013-num-1,比赛中的一名网球运动员正在拿着球拍
8013-num-2,比赛中的网球运动员没有拿着球拍
8014-num-1,一个穿着黑白的男人正在举起网球球拍，正在等待球
8014-num-2,一名网球运动员在比赛中被网球运动员握住
8015-num-1,比赛中的网球运动员没有拿着球拍
8015-num-2,一个穿着黑白的男人正在举起网球球拍，正在等待球
8016-num-1,比赛中的一名网球运动员正在拿着球拍
8016-num-2,一个穿着黑白的球员正在举起网球球拍，正在等待球
8017-num-1,一个穿着黑白的男人正在丢下网球球拍，正在等待球
8017-num-2,比赛中的一名网球运动员正在拿着球拍
8018-num-1,一个穿着黑白的男人正在举起网球球拍，正在等待球
8018-num-2,比赛中的一名网球运动员正在拿着球拍
8019-num-1,一只狗在绿色的田野里玩
8019-num-2,一只狗在绿草上玩耍
8020-num-1,一只狗在绿草上睡觉
8020-num-2,一只狗在绿草上玩耍
8021-num-1,一只棕色和白狗在草地上玩耍
8021-num-2,一只棕色和白狗在草坪上玩
8022-num-1,一只棕色和白猫在草地上玩耍
8022-num-2,一只棕色和白狗在草地上玩耍
8023-num-1,一只棕色和白狗在草坪上玩
8023-num-2,一只狗在绿草上玩耍
8024-num-1,一只狗在绿草上玩耍
8024-num-2,一只棕色和白猫在草地上玩耍
8025-num-1,一只棕色和白狗在草地上玩耍
8025-num-2,一只狗在绿色的田野里玩
8026-num-1,一只狗在绿草上睡觉
8026-num-2,一只棕色和白狗在草地上玩耍
8027-num-1,一只棕色和白狗在草地上玩耍
8027-num-2,一只狗在绿草上玩耍
8028-num-1,一个棕褐色的皮肤孩子正在看相机
8028-num-2,棕褐色的孩子正在看相机
8029-num-1,看着相机没有棕褐色的皮肤儿童
8029-num-2,棕褐色的孩子正在看相机
8030-num-1,一个带围兜的小男孩正在看相机
8030-num-2,一个带围兜的小男孩正在看相机
8031-num-1,一个带围兜的小男孩没有看相机
8031-num-2,一个带围兜的小男孩正在看相机
8032-num-1,一个带围兜的小男孩正在看相机
8032-num-2,棕褐色的孩子正在看相机
8033-num-1,一个带围兜的小男孩没有看相机
8033-num-2,棕褐色的孩子正在看相机
8034-num-1,一个带围兜的小男孩正在看相机
8034-num-2,一个棕褐色的皮肤孩子正在看相机
8035-num-1,看着相机没有棕褐色的皮肤儿童
8035-num-2,一个带围兜的小男孩正在看相机
8036-num-1,棕褐色的孩子正在看相机
8036-num-2,一个带围兜的小男孩正在看相机
8037-num-1,一个穿着蓝色衬衫的小男孩跳入水中
8037-num-2,穿着蓝色衬衫的小男孩跳入水中
8038-num-1,蓝色衬衫的小男孩没有跳入水中
8038-num-2,穿着蓝色衬衫的小男孩跳入水中
8039-num-1,一个小男孩正在跳入静止的湖泊
8039-num-2,一个小男孩跳入静止的湖泊
8040-num-1,一个年轻的女孩正在跳入静止的湖泊
8040-num-2,一个小男孩跳入静止的湖泊
8041-num-1,穿着蓝色衬衫的小男孩跳入水中
8041-num-2,一个小男孩正在跳入静止的湖泊
8042-num-1,穿着蓝色衬衫的小男孩跳入水中
8042-num-2,一个年轻的女孩正在跳入静止的湖泊
8043-num-1,一个小男孩跳入静止的湖泊
8043-num-2,一个穿着蓝色衬衫的小男孩跳入水中
8044-num-1,一个小男孩跳入静止的湖泊
8044-num-2,蓝色衬衫的小男孩没有跳入水中
8045-num-1,一个小男孩跳入静止的湖泊
8045-num-2,穿着蓝色衬衫的小男孩跳入水中
8046-num-1,两个男人拿着五颜六色的篮子和毯子，在建筑物附近走路
8046-num-2,两个人拿着五颜六色的篮子和毯子，在建筑物附近行走
8047-num-1,两个人拿着五颜六色的篮子和毯子，在建筑物附近行走
8047-num-2,两个人拿着灰色的篮子和毯子，在建筑物附近走路
8048-num-1,有两个人带着载有篮子和五颜六色的毯子行走
8048-num-2,两个人带着装满篮子和毯子走路
8049-num-1,两个人坐在篮子和毯子上
8049-num-2,两个人带着装满篮子和毯子走路
8050-num-1,两个人拿着五颜六色的篮子和毯子，在建筑物附近行走
8050-num-2,有两个人带着载有篮子和五颜六色的毯子行走
8051-num-1,两个人拿着五颜六色的篮子和毯子，在建筑物附近行走
8051-num-2,两个人坐在篮子和毯子上
8052-num-1,两个男人拿着五颜六色的篮子和毯子，在建筑物附近走路
8052-num-2,两个人带着装满篮子和毯子走路
8053-num-1,两个人拿着灰色的篮子和毯子，在建筑物附近走路
8053-num-2,两个人带着装满篮子和毯子走路
8054-num-1,两个人拿着五颜六色的篮子和毯子，在建筑物附近行走
8054-num-2,两个人带着装满篮子和毯子走路
8055-num-1,一个年轻的女孩坐在泳衣上
8055-num-2,一个年轻的女孩坐在游泳装备中
8056-num-1,一个年轻的女孩坐在游泳装备中
8056-num-2,一个年轻人坐在游泳装备中
8057-num-1,一个年轻的女孩穿着蓝色图案的泳衣，黑色和黄色的游泳帽，头上有蓝色的游泳护目镜
8057-num-2,一个小女孩穿着蓝色图案的泳衣，黑色和黄色的游泳帽，头上有蓝色的游泳护目镜
8058-num-1,一个小男孩穿着蓝色图案泳衣，黑色和黄色的泳帽，头上有蓝色的泳镜
8058-num-2,一个年轻的女孩穿着蓝色图案的泳衣，黑色和黄色的游泳帽，头上有蓝色的游泳护目镜
8059-num-1,一个小女孩穿着蓝色图案的泳衣，黑色和黄色的游泳帽，头上有蓝色的游泳护目镜
8059-num-2,一个年轻的女孩坐在游泳装备中
8060-num-1,一个小男孩穿着蓝色图案泳衣，黑色和黄色的泳帽，头上有蓝色的泳镜
8060-num-2,一个年轻的女孩坐在游泳装备中
8061-num-1,一个年轻的女孩坐在泳衣上
8061-num-2,一个年轻的女孩穿着蓝色图案的泳衣，黑色和黄色的游泳帽，头上有蓝色的游泳护目镜
8062-num-1,一个年轻人坐在游泳装备中
8062-num-2,一个年轻的女孩穿着蓝色图案的泳衣，黑色和黄色的游泳帽，头上有蓝色的游泳护目镜
8063-num-1,一个年轻的女孩坐在游泳装备中
8063-num-2,一个年轻的女孩穿着蓝色图案的泳衣，黑色和黄色的游泳帽，头上有蓝色的游泳护目镜
8064-num-1,一条狗在一条白雪皑皑的道路上奔跑
8064-num-2,一只狗在一条白雪皑皑的道路上奔跑
8065-num-1,狗在泥泞的道路上奔跑
8065-num-2,一只狗在一条白雪皑皑的道路上奔跑
8066-num-1,一只棕色的狗正在一条白雪皑皑的路径
8066-num-2,一只棕色的狗穿过一条雪小径
8067-num-1,一只棕色的狗穿过一条雪小径
8067-num-2,一只白狗正在一条白雪皑皑的小径奔跑
8068-num-1,一只棕色的狗正在一条白雪皑皑的路径
8068-num-2,一只狗在一条白雪皑皑的道路上奔跑
8069-num-1,一只白狗正在一条白雪皑皑的小径奔跑
8069-num-2,一只狗在一条白雪皑皑的道路上奔跑
8070-num-1,一只棕色的狗穿过一条雪小径
8070-num-2,一条狗在一条白雪皑皑的道路上奔跑
8071-num-1,狗在泥泞的道路上奔跑
8071-num-2,一只棕色的狗穿过一条雪小径
8072-num-1,一只棕色的狗穿过一条雪小径
8072-num-2,一只狗在一条白雪皑皑的道路上奔跑
8073-num-1,两个穿着白色服装和红色防护装备的男孩在垫子上争吵
8073-num-2,两个穿着白色服装和红色防护装备的孩子在垫子上陪伴
8074-num-1,两个穿着白色服装和红色防护装备的孩子坐在垫子上
8074-num-2,两个穿着白色服装和红色防护装备的孩子在垫子上陪伴
8075-num-1,两个男孩在蓝色垫子上做武术
8075-num-2,两个孩子在蓝色垫子上做武术
8076-num-1,两个男孩在绿色垫子上做武术
8076-num-2,两个男孩在蓝色垫子上做武术
8077-num-1,两个孩子在蓝色垫子上做武术
8077-num-2,两个穿着白色服装和红色防护装备的孩子在垫子上陪伴
8078-num-1,两个男孩在绿色垫子上做武术
8078-num-2,两个穿着白色服装和红色防护装备的孩子在垫子上陪伴
8079-num-1,两个男孩在蓝色垫子上做武术
8079-num-2,两个穿着白色服装和红色防护装备的男孩在垫子上争吵
8080-num-1,两个男孩在蓝色垫子上做武术
8080-num-2,两个穿着白色服装和红色防护装备的孩子坐在垫子上
8081-num-1,两个男孩在蓝色垫子上做武术
8081-num-2,两个穿着白色服装和红色防护装备的孩子在垫子上陪伴
8082-num-1,一只黑白狗在棕色田地里玩了一个毁坏的排球
8082-num-2,一只黑白狗在棕色的田野里玩破烂的排球
8083-num-1,一只黑白狗在棕色的田野里玩破烂的排球
8083-num-2,一只黑白狗在棕色的田野里玩飞盘
8084-num-1,一只黑白狗正在打破排球打破
8084-num-2,一只黑白狗正在玩破球
8085-num-1,一只黑白狗正在玩新的排球
8085-num-2,一只黑白狗正在打破排球打破
8086-num-1,一只黑白狗正在玩破球
8086-num-2,一只黑白狗在棕色的田野里玩破烂的排球
8087-num-1,一只黑白狗在棕色的田野里玩破烂的排球
8087-num-2,一只黑白狗正在玩新的排球
8088-num-1,一只黑白狗在棕色田地里玩了一个毁坏的排球
8088-num-2,一只黑白狗正在打破排球打破
8089-num-1,一只黑白狗在棕色的田野里玩飞盘
8089-num-2,一只黑白狗正在打破排球打破
8090-num-1,一只黑白狗在棕色的田野里玩破烂的排球
8090-num-2,一只黑白狗正在打破排球打破
8091-num-1,一个戴着头盔的小男孩正在路上骑自行车
8091-num-2,一个小男孩戴着头盔在路上骑自行车
8092-num-1,一个戴着头盔的小男孩正在草坪上骑自行车
8092-num-2,一个戴着头盔的小男孩正在路上骑自行车
8093-num-1,小男孩在比赛中骑自行车
8093-num-2,在比赛中，小男孩正在骑自行车
8094-num-1,小男孩在比赛中骑自行车
8094-num-2,小女孩在比赛中骑自行车
8095-num-1,在比赛中，小男孩正在骑自行车
8095-num-2,一个戴着头盔的小男孩正在路上骑自行车
8096-num-1,一个戴着头盔的小男孩正在路上骑自行车
8096-num-2,小女孩在比赛中骑自行车
8097-num-1,一个小男孩戴着头盔在路上骑自行车
8097-num-2,小男孩在比赛中骑自行车
8098-num-1,小男孩在比赛中骑自行车
8098-num-2,一个戴着头盔的小男孩正在草坪上骑自行车
8099-num-1,一个戴着头盔的小男孩正在路上骑自行车
8099-num-2,小男孩在比赛中骑自行车
8100-num-1,泥覆盖了一个裸照的女人
8100-num-2,一个裸照的女人被泥覆盖
8101-num-1,一个裸照的女人被泥覆盖
8101-num-2,没有裸照的女人被泥覆盖
8102-num-1,一个裸照的女人被棕色物质涂抹，一个模糊的人群在后台
8102-num-2,一个女人被棕色物质涂抹，一个模糊的人群在后台
8103-num-1,一个裸照的女人被棕色物质涂抹，一个模糊的人群在后台
8103-num-2,一个裸照的女人被棕色物质涂抹，一个人在后台
8104-num-1,一个女人被棕色物质涂抹，一个模糊的人群在后台
8104-num-2,一个裸照的女人被泥覆盖
8105-num-1,一个裸照的女人被棕色物质涂抹，一个人在后台
8105-num-2,一个裸照的女人被泥覆盖
8106-num-1,泥覆盖了一个裸照的女人
8106-num-2,一个裸照的女人被棕色物质涂抹，一个模糊的人群在后台
8107-num-1,没有裸照的女人被泥覆盖
8107-num-2,一个裸照的女人被棕色物质涂抹，一个模糊的人群在后台
8108-num-1,一个裸照的女人被泥覆盖
8108-num-2,一个裸照的女人被棕色物质涂抹，一个模糊的人群在后台
8109-num-1,两个男孩和一个男人在街机上玩游戏
8109-num-2,两个孩子和一个男人在街机上玩游戏
8110-num-1,两个孩子和一个男人在街机上玩游戏
8110-num-2,两个孩子和一个女人在街机上玩游戏
8111-num-1,一家人在自动售货机上购买东西
8111-num-2,一家人在自动售货机上购买东西
8112-num-1,一家人不是在自动售货机上购买的东西
8112-num-2,一家人在自动售货机上购买东西
8113-num-1,一家人在自动售货机上购买东西
8113-num-2,两个孩子和一个男人在街机上玩游戏
8114-num-1,两个孩子和一个男人在街机上玩游戏
8114-num-2,一家人不是在自动售货机上购买的东西
8115-num-1,一家人在自动售货机上购买东西
8115-num-2,两个男孩和一个男人在街机上玩游戏
8116-num-1,一家人在自动售货机上购买东西
8116-num-2,两个孩子和一个女人在街机上玩游戏
8117-num-1,两个孩子和一个男人在街机上玩游戏
8117-num-2,一家人在自动售货机上购买东西
8118-num-1,一名女啦啦队坐在男性啦啦队的膝盖上
8118-num-2,一位女啦啦队坐在男人的膝盖上
8119-num-1,一名女啦啦队正在男性啦啦队的膝盖上跳跃
8119-num-2,一名女啦啦队坐在男性啦啦队的膝盖上
8120-num-1,一些啦啦队正在休息一下
8120-num-2,一些啦啦队正在放松
8121-num-1,一些啦啦队正在休息一下
8121-num-2,一些啦啦队正在跳舞
8122-num-1,一名女啦啦队坐在男性啦啦队的膝盖上
8122-num-2,一些啦啦队正在放松
8123-num-1,一些啦啦队正在跳舞
8123-num-2,一名女啦啦队坐在男性啦啦队的膝盖上
8124-num-1,一些啦啦队正在休息一下
8124-num-2,一位女啦啦队坐在男人的膝盖上
8125-num-1,一名女啦啦队正在男性啦啦队的膝盖上跳跃
8125-num-2,一些啦啦队正在休息一下
8126-num-1,一名女啦啦队坐在男性啦啦队的膝盖上
8126-num-2,一些啦啦队正在休息一下
8127-num-1,一群人正在拿酒，指着相机
8127-num-2,指向相机的人持有饮料
8128-num-1,一群人拿着食物，指着相机
8128-num-2,一群人正在拿酒，指着相机
8129-num-1,几个年轻人正在为照片摆姿势并抱着啤酒
8129-num-2,几个年轻人正在摆张照片和拿酒
8130-num-1,几个年轻人正在为照片摆姿势并抱着啤酒
8130-num-2,几个老人正在摆张照片，拿着啤酒
8131-num-1,几个年轻人正在摆张照片和拿酒
8131-num-2,一群人正在拿酒，指着相机
8132-num-1,几个老人正在摆张照片，拿着啤酒
8132-num-2,一群人正在拿酒，指着相机
8133-num-1,几个年轻人正在为照片摆姿势并抱着啤酒
8133-num-2,指向相机的人持有饮料
8134-num-1,几个年轻人正在为照片摆姿势并抱着啤酒
8134-num-2,一群人拿着食物，指着相机
8135-num-1,几个年轻人正在为照片摆姿势并抱着啤酒
8135-num-2,一群人正在拿酒，指着相机
8136-num-1,一个红头发和红色眉毛的女孩正在说话
8136-num-2,一个红头发和红色眉毛的女孩在中语中
8138-num-1,这个女孩有红色的头发和眉毛，耳朵里有几个穿孔，背面有一幅绘画
8138-num-2,女孩有红色的头发和眉毛，耳朵里有几个穿孔，背面有纹身
8139-num-1,女孩有红色的头发和眉毛，耳朵里有几个穿孔，背面有纹身
8139-num-2,女孩有红色的头发和眉毛，耳朵里有几个穿孔，背面没有纹身
8140-num-1,这个女孩有红色的头发和眉毛，耳朵里有几个穿孔，背面有一幅绘画
8140-num-2,一个红头发和红色眉毛的女孩在中语中
8141-num-1,女孩有红色的头发和眉毛，耳朵里有几个穿孔，背面没有纹身
8141-num-2,一个红头发和红色眉毛的女孩在中语中
8142-num-1,女孩有红色的头发和眉毛，耳朵里有几个穿孔，背面有纹身
8142-num-2,一个红头发和红色眉毛的女孩正在说话
8144-num-1,一个红头发和红色眉毛的女孩在中语中
8144-num-2,女孩有红色的头发和眉毛，耳朵里有几个穿孔，背面有纹身
8145-num-1,一个蓝色的女人在手套中有一个黄球
8145-num-2,一个蓝色的女人手里有一个黄色的球
8146-num-1,一个蓝色的女人在手套中有一个黄球
8146-num-2,一个蓝色的男人在手套中有一个黄球
8147-num-1,蓝色的女孩正在以球衣上的数字追逐基础跑步者
8147-num-2,蓝色的女孩正在泽西岛追逐球员
8148-num-1,蓝色的女孩正在以球衣上的数字追逐基础跑步者
8148-num-2,蓝色的男人正在以球衣上的数字追逐基本跑步者
8149-num-1,蓝色的女孩正在泽西岛追逐球员
8149-num-2,一个蓝色的女人在手套中有一个黄球
8150-num-1,一个蓝色的女人在手套中有一个黄球
8150-num-2,蓝色的男人正在以球衣上的数字追逐基本跑步者
8151-num-1,一个蓝色的女人手里有一个黄色的球
8151-num-2,蓝色的女孩正在以球衣上的数字追逐基础跑步者
8152-num-1,蓝色的女孩正在以球衣上的数字追逐基础跑步者
8152-num-2,一个蓝色的男人在手套中有一个黄球
8153-num-1,蓝色的女孩正在以球衣上的数字追逐基础跑步者
8153-num-2,一个蓝色的女人在手套中有一个黄球
8154-num-1,年轻人正在攀岩
8154-num-2,这个男人正在攀岩
8155-num-1,年轻人不是攀岩
8155-num-2,年轻人正在攀岩
8156-num-1,一个戴着紫色帽子的男人用裸手爬上岩石墙
8156-num-2,一个岩石的墙壁是由一个戴着紫色帽子的男人裸露的
8157-num-1,一个戴着紫色帽子的男人没有用裸露的手爬上岩石墙
8157-num-2,一个戴着紫色帽子的男人用裸手爬上岩石墙
8158-num-1,一个岩石的墙壁是由一个戴着紫色帽子的男人裸露的
8158-num-2,年轻人正在攀岩
8159-num-1,一个戴着紫色帽子的男人没有用裸露的手爬上岩石墙
8159-num-2,年轻人正在攀岩
8160-num-1,一个戴着紫色帽子的男人用裸手爬上岩石墙
8160-num-2,这个男人正在攀岩
8161-num-1,一个戴着紫色帽子的男人用裸手爬上岩石墙
8161-num-2,年轻人不是攀岩
8162-num-1,一个戴着紫色帽子的男人用裸手爬上岩石墙
8162-num-2,年轻人正在攀岩
8163-num-1,两个人驾驶吉普车，一位女士坐在它的顶部
8163-num-2,两个人驾驶吉普车，一个女孩坐在它的顶部
8164-num-1,两个人驾驶吉普车，一位女士坐在它的顶部
8164-num-2,两个人开着船，一位女士坐在它的顶部
8165-num-1,一个金发妇女坐在黄色车的屋顶上，两个人在里面
8165-num-2,一个金色头发的女人坐在黄色车的屋顶上，两个人在里面
8166-num-1,一个金发妇女坐在黄色车的屋顶上，两个人在里面
8166-num-2,一个金发妇女坐在黄色车的屋顶上，两个人在外面
8167-num-1,一个金色头发的女人坐在黄色车的屋顶上，两个人在里面
8167-num-2,两个人驾驶吉普车，一位女士坐在它的顶部
8168-num-1,两个人驾驶吉普车，一位女士坐在它的顶部
8168-num-2,一个金发妇女坐在黄色车的屋顶上，两个人在外面
8169-num-1,两个人驾驶吉普车，一个女孩坐在它的顶部
8169-num-2,一个金发妇女坐在黄色车的屋顶上，两个人在里面
8170-num-1,两个人开着船，一位女士坐在它的顶部
8170-num-2,一个金发妇女坐在黄色车的屋顶上，两个人在里面
8171-num-1,一个金发妇女坐在黄色车的屋顶上，两个人在里面
8171-num-2,两个人驾驶吉普车，一位女士坐在它的顶部
8172-num-1,一只大棕色狗跳过红色障碍
8172-num-2,一只大棕色狗跳了一个红色的障碍
8173-num-1,一只大棕色猫跳过红色障碍
8173-num-2,一只大棕色狗跳过红色障碍
8174-num-1,一只棕色和白狗跳过红色，黄色和白色的障碍物
8174-num-2,一只棕色和白狗跳过红色，黄色和白色的障碍
8175-num-1,一只棕色和白狗跳过红色，黄色和白色的障碍
8175-num-2,一只棕色和白狗在红色，黄色和白色的障碍下经过
8176-num-1,一只大棕色狗跳过红色障碍
8176-num-2,一只棕色和白狗跳过红色，黄色和白色的障碍物
8177-num-1,一只棕色和白狗在红色，黄色和白色的障碍下经过
8177-num-2,一只大棕色狗跳过红色障碍
8178-num-1,一只大棕色狗跳了一个红色的障碍
8178-num-2,一只棕色和白狗跳过红色，黄色和白色的障碍
8179-num-1,一只棕色和白狗跳过红色，黄色和白色的障碍
8179-num-2,一只大棕色猫跳过红色障碍
8180-num-1,一只棕色和白狗跳过红色，黄色和白色的障碍
8180-num-2,一只大棕色狗跳过红色障碍
8181-num-1,黄狗是从瓶子里喝水
8181-num-2,黄狗是从容器中喝水
8182-num-1,黄狗是从瓶子里喝水
8182-num-2,黄狗是从锅里喝水
8183-num-1,一只黄狗是水龙头中的水
8183-num-2,水龙头中的水被黄色的狗喝醉了
8184-num-1,一只黄狗是水龙头中的水
8184-num-2,一只黄色的狗不是水龙头中的水
8185-num-1,水龙头中的水被黄色的狗喝醉了
8185-num-2,黄狗是从瓶子里喝水
8186-num-1,黄狗是从瓶子里喝水
8186-num-2,一只黄色的狗不是水龙头中的水
8187-num-1,黄狗是从容器中喝水
8187-num-2,一只黄狗是水龙头中的水
8188-num-1,一只黄狗是水龙头中的水
8188-num-2,黄狗是从锅里喝水
8189-num-1,一只黄狗是水龙头中的水
8189-num-2,黄狗是从瓶子里喝水
8190-num-1,成人和儿童站在林区附近的台阶前和玩耍
8190-num-2,成人和儿童站在林木区附近的楼梯前和玩耍
8191-num-1,成人和儿童站在沙漠地区附近的台阶前和玩耍
8191-num-2,成人和儿童站在林区附近的台阶前和玩耍
8192-num-1,成人和儿童正在户外座位安排附近分组
8192-num-2,成人和儿童正在聚集在户外座位安排附近
8193-num-1,成人和儿童没有在户外座位安排附近聚集
8193-num-2,成人和儿童正在聚集在户外座位安排附近
8194-num-1,成人和儿童站在林区附近的台阶前和玩耍
8194-num-2,成人和儿童正在户外座位安排附近分组
8195-num-1,成人和儿童没有在户外座位安排附近聚集
8195-num-2,成人和儿童站在林区附近的台阶前和玩耍
8196-num-1,成人和儿童正在聚集在户外座位安排附近
8196-num-2,成人和儿童站在林木区附近的楼梯前和玩耍
8197-num-1,成人和儿童正在聚集在户外座位安排附近
8197-num-2,成人和儿童站在沙漠地区附近的台阶前和玩耍
8198-num-1,成人和儿童站在林区附近的台阶前和玩耍
8198-num-2,成人和儿童正在聚集在户外座位安排附近
8199-num-1,一件白色连衣裙的新娘正在低头
8199-num-2,带有白色面纱的新娘看着
8200-num-1,黑色面纱的新娘正在低头
8200-num-2,带有白色面纱的新娘看着
8201-num-1,一个女人正在低头，穿着婚纱
8201-num-2,一个女人看着，穿着婚礼面纱
8202-num-1,一个女人看着，穿着婚礼面纱
8202-num-2,一个男孩正在低头，穿着婚礼面纱
8203-num-1,一个女人正在低头，穿着婚纱
8203-num-2,带有白色面纱的新娘看着
8204-num-1,带有白色面纱的新娘看着
8204-num-2,一个男孩正在低头，穿着婚礼面纱
8205-num-1,一件白色连衣裙的新娘正在低头
8205-num-2,一个女人看着，穿着婚礼面纱
8206-num-1,黑色面纱的新娘正在低头
8206-num-2,一个女人看着，穿着婚礼面纱
8207-num-1,带有白色面纱的新娘看着
8207-num-2,一个女人看着，穿着婚礼面纱
8208-num-1,一个年轻的女孩站在一个小组中，穿着黑色衬衫和粉红色的珠子
8208-num-2,一个女孩站在一个小组中，穿着黑色衬衫和粉红色的珠子
8209-num-1,一个女孩站在一个小组中，穿着黑色衬衫和粉红色的珠子
8209-num-2,一个女孩独自一人，穿着黑色衬衫和粉红色的珠子
8210-num-1,一个女孩的脸颊上有黑色和橙色斑块
8210-num-2,一个女孩的脸颊上有彩色斑块
8211-num-1,脸颊上没有黑色和橙色斑块的女孩
8211-num-2,一个女孩的脸颊上有黑色和橙色斑块
8212-num-1,一个女孩的脸颊上有彩色斑块
8212-num-2,一个女孩站在一个小组中，穿着黑色衬衫和粉红色的珠子
8213-num-1,脸颊上没有黑色和橙色斑块的女孩
8213-num-2,一个女孩站在一个小组中，穿着黑色衬衫和粉红色的珠子
8214-num-1,一个女孩的脸颊上有黑色和橙色斑块
8214-num-2,一个年轻的女孩站在一个小组中，穿着黑色衬衫和粉红色的珠子
8215-num-1,一个女孩的脸颊上有黑色和橙色斑块
8215-num-2,一个女孩独自一人，穿着黑色衬衫和粉红色的珠子
8216-num-1,一个女孩站在一个小组中，穿着黑色衬衫和粉红色的珠子
8216-num-2,一个女孩的脸颊上有黑色和橙色斑块
8217-num-1,两只大狗在草地上嬉戏
8217-num-2,两只大狗在一个田野里嬉戏
8218-num-1,两只大狗在草地上嬉戏
8218-num-2,两只大狗在停车场嬉戏
8219-num-1,两只狗正在高草奔跑
8219-num-2,两只动物正在高草奔跑
8220-num-1,两只狗在水中奔跑
8220-num-2,两只狗正在高草奔跑
8221-num-1,两只大狗在草地上嬉戏
8221-num-2,两只动物正在高草奔跑
8222-num-1,两只大狗在草地上嬉戏
8222-num-2,两只狗在水中奔跑
8223-num-1,两只大狗在一个田野里嬉戏
8223-num-2,两只狗正在高草奔跑
8224-num-1,两只大狗在停车场嬉戏
8224-num-2,两只狗正在高草奔跑
8225-num-1,两只狗正在高草奔跑
8225-num-2,两只大狗在草地上嬉戏
8226-num-1,一只黑狗在岩石景观上奔跑
8226-num-2,一只狗在岩石的景观上奔跑
8227-num-1,一只白狗在岩石景观上奔跑
8227-num-2,一只黑狗在岩石景观上奔跑
8228-num-1,一只黑狗沿着岩石地形行走
8228-num-2,一只黑狗沿着岩石地形移动
8229-num-1,一只黑狗沿着岩石地形行走
8229-num-2,一只黑猫沿着岩石地形行走
8230-num-1,一只黑狗在岩石景观上奔跑
8230-num-2,一只黑狗沿着岩石地形移动
8231-num-1,一只黑狗在岩石景观上奔跑
8231-num-2,一只黑猫沿着岩石地形行走
8232-num-1,一只狗在岩石的景观上奔跑
8232-num-2,一只黑狗沿着岩石地形行走
8233-num-1,一只黑狗沿着岩石地形行走
8233-num-2,一只白狗在岩石景观上奔跑
8234-num-1,一只黑狗在岩石景观上奔跑
8234-num-2,一只黑狗沿着岩石地形行走
8235-num-1,三只小狗正在嗅探某事
8235-num-2,三只狗在嗅探某事
8236-num-1,三只小猫正在嗅探一些东西
8236-num-2,三只小狗正在嗅探某事
8237-num-1,三只狗在人行道上休息
8237-num-2,三只狗在人行道上休息
8238-num-1,三只狗在沙发上休息
8238-num-2,三只狗在人行道上休息
8239-num-1,三只小狗正在嗅探某事
8239-num-2,三只狗在人行道上休息
8240-num-1,三只小狗正在嗅探某事
8240-num-2,三只狗在沙发上休息
8241-num-1,三只狗在人行道上休息
8241-num-2,三只狗在嗅探某事
8242-num-1,三只小猫正在嗅探一些东西
8242-num-2,三只狗在人行道上休息
8243-num-1,三只狗在人行道上休息
8243-num-2,三只小狗正在嗅探某事
8244-num-1,一个年轻人正在越野摩托车上越过土山
8244-num-2,一个年轻人将一辆越野摩托车推到一个土山上
8245-num-1,一个年轻人将一辆越野摩托车推到一个土山上
8245-num-2,一个年轻人将一辆越野摩托车推到土山上
8246-num-1,一些年轻的越野骑自行车的人正在沿着沙质山上的越野车
8246-num-2,一些年轻的骑自行车的人在沙质的山上拿着泥土
8247-num-1,一些年轻的越野骑自行车的人正在沿着沙质山上的越野车
8247-num-2,一些旧的越野骑自行车的人在沙质山上拿着污垢的自行车
8248-num-1,一个年轻人将一辆越野摩托车推到一个土山上
8248-num-2,一些年轻的骑自行车的人在沙质的山上拿着泥土
8249-num-1,一个年轻人将一辆越野摩托车推到一个土山上
8249-num-2,一些旧的越野骑自行车的人在沙质山上拿着污垢的自行车
8250-num-1,一些年轻的越野骑自行车的人正在沿着沙质山上的越野车
8250-num-2,一个年轻人正在越野摩托车上越过土山
8251-num-1,一些年轻的越野骑自行车的人正在沿着沙质山上的越野车
8251-num-2,一个年轻人将一辆越野摩托车推到土山上
8252-num-1,一些年轻的越野骑自行车的人正在沿着沙质山上的越野车
8252-num-2,一个年轻人将一辆越野摩托车推到一个土山上
8253-num-1,一个中年男子和女人在水旁边的一条道路上骑自行车
8253-num-2,一个中年男子和女人在水附近的道路上骑自行车
8254-num-1,一个中年男子和女人在水旁边的一条道路上骑自行车
8254-num-2,一个中年男子和女人在水旁边的一条路上骑马
8255-num-1,一个年长的男人和一个女人在海洋附近的木板路上骑自行车
8255-num-2,一个年长的男人和一个女人在水附近的木板路上骑自行车
8256-num-1,一个年轻人和一个女人在海洋附近的木板路上骑自行车
8256-num-2,一个年长的男人和一个女人在海洋附近的木板路上骑自行车
8257-num-1,一个年长的男人和一个女人在水附近的木板路上骑自行车
8257-num-2,一个中年男子和女人在水旁边的一条道路上骑自行车
8258-num-1,一个年轻人和一个女人在海洋附近的木板路上骑自行车
8258-num-2,一个中年男子和女人在水旁边的一条道路上骑自行车
8259-num-1,一个中年男子和女人在水附近的道路上骑自行车
8259-num-2,一个年长的男人和一个女人在海洋附近的木板路上骑自行车
8260-num-1,一个年长的男人和一个女人在海洋附近的木板路上骑自行车
8260-num-2,一个中年男子和女人在水旁边的一条路上骑马
8261-num-1,一个年长的男人和一个女人在海洋附近的木板路上骑自行车
8261-num-2,一个中年男子和女人在水旁边的一条道路上骑自行车
8262-num-1,有些人和汽车在拥挤的街道上
8262-num-2,有些人和车辆在拥挤的街道上
8263-num-1,有些人和车辆在拥挤的街道上
8263-num-2,有些人和车辆在几乎空荡荡的街道上
8264-num-1,行人和汽车正在大城市中的交通拥堵中移动
8264-num-2,行人和汽车正在大城市的交通拥堵中移动
8265-num-1,行人和汽车正在一个小城市的交通拥堵中移动
8265-num-2,行人和汽车正在大城市中的交通拥堵中移动
8266-num-1,有些人和车辆在拥挤的街道上
8266-num-2,行人和汽车正在大城市的交通拥堵中移动
8267-num-1,行人和汽车正在一个小城市的交通拥堵中移动
8267-num-2,有些人和车辆在拥挤的街道上
8268-num-1,行人和汽车正在大城市中的交通拥堵中移动
8268-num-2,有些人和汽车在拥挤的街道上
8269-num-1,有些人和车辆在几乎空荡荡的街道上
8269-num-2,行人和汽车正在大城市中的交通拥堵中移动
8270-num-1,行人和汽车正在大城市中的交通拥堵中移动
8270-num-2,有些人和车辆在拥挤的街道上
8271-num-1,两只棕色和白狗在树前的草地上战斗
8271-num-2,两只棕色和白狗在植物前的草地上战斗
8272-num-1,两只棕色和白狗在树前的草地上战斗
8272-num-2,两只棕色和白狗在树后面的草地上战斗
8273-num-1,两只狗在外面玩
8273-num-2,两只动物在外面玩
8274-num-1,两只狗在里面玩
8274-num-2,两只狗在外面玩
8275-num-1,两只棕色和白狗在树前的草地上战斗
8275-num-2,两只动物在外面玩
8276-num-1,两只狗在里面玩
8276-num-2,两只棕色和白狗在树前的草地上战斗
8277-num-1,两只棕色和白狗在植物前的草地上战斗
8277-num-2,两只狗在外面玩
8278-num-1,两只狗在外面玩
8278-num-2,两只棕色和白狗在树后面的草地上战斗
8279-num-1,两只狗在外面玩
8279-num-2,两只棕色和白狗在树前的草地上战斗
8280-num-1,一名足球运动员坐在场上，正在喝水
8280-num-2,坐在场上的足球运动员喝水
8281-num-1,一名足球运动员坐在场上，正在喝水
8281-num-2,一名足球运动员坐在场上，正在喝啤酒
8282-num-1,一个男人坐在草地上，从水瓶里喝酒
8282-num-2,一个男人坐在草坪上，从水瓶里喝酒
8283-num-1,一个男人坐在草地上，从水瓶里喝酒
8283-num-2,一个女人坐在草地上，正在水瓶里喝酒
8284-num-1,一个男人坐在草坪上，从水瓶里喝酒
8284-num-2,一名足球运动员坐在场上，正在喝水
8285-num-1,一名足球运动员坐在场上，正在喝水
8285-num-2,一个女人坐在草地上，正在水瓶里喝酒
8286-num-1,坐在场上的足球运动员喝水
8286-num-2,一个男人坐在草地上，从水瓶里喝酒
8287-num-1,一名足球运动员坐在场上，正在喝啤酒
8287-num-2,一个男人坐在草地上，从水瓶里喝酒
8288-num-1,一名足球运动员坐在场上，正在喝水
8288-num-2,一个男人坐在草地上，从水瓶里喝酒
8289-num-1,一只狗在海岸上奔跑
8289-num-2,一只狗在海滩上奔跑
8290-num-1,一只狗在海滩上奔跑
8290-num-2,海滩上没有狗奔跑
8291-num-1,狗正在湿沙
8291-num-2,狗正在湿沙子中移动
8292-num-1,狗正在湿沙
8292-num-2,狗正在干燥的沙滩上奔跑
8293-num-1,一只狗在海滩上奔跑
8293-num-2,狗正在湿沙子中移动
8294-num-1,狗正在干燥的沙滩上奔跑
8294-num-2,一只狗在海滩上奔跑
8295-num-1,狗正在湿沙
8295-num-2,一只狗在海岸上奔跑
8296-num-1,狗正在湿沙
8296-num-2,海滩上没有狗奔跑
8297-num-1,一只狗在海滩上奔跑
8297-num-2,狗正在湿沙
8298-num-1,一个男孩正在戴太阳镜
8298-num-2,一个男孩戴太阳镜
8299-num-1,一个男孩戴太阳镜
8299-num-2,一个女孩戴太阳镜
8300-num-1,一个胖乎乎的男孩戴着太阳镜
8300-num-2,一个胖乎乎的男孩戴着深色眼镜
8301-num-1,一个胖乎乎的男孩不戴太阳镜
8301-num-2,一个胖乎乎的男孩戴着太阳镜
8302-num-1,一个胖乎乎的男孩戴着深色眼镜
8302-num-2,一个男孩戴太阳镜
8303-num-1,一个男孩戴太阳镜
8303-num-2,一个胖乎乎的男孩不戴太阳镜
8304-num-1,一个胖乎乎的男孩戴着太阳镜
8304-num-2,一个男孩正在戴太阳镜
8305-num-1,一个胖乎乎的男孩戴着太阳镜
8305-num-2,一个女孩戴太阳镜
8306-num-1,一个胖乎乎的男孩戴着太阳镜
8306-num-2,一个男孩戴太阳镜
8307-num-1,孩子们穿着服装和玩游戏
8307-num-2,孩子们穿着服装和玩游戏
8308-num-1,孩子们穿着服装和玩游戏
8308-num-2,孩子们没有穿着服装和玩游戏
8309-num-1,一个有彩绘脸的年轻女孩站在其他一些孩子旁边
8309-num-2,一个有油漆的女孩站在其他一些孩子旁边
8310-num-1,一个有油漆脸的小男孩站在其他一些孩子旁边
8310-num-2,一个有彩绘脸的年轻女孩站在其他一些孩子旁边
8311-num-1,一个有油漆的女孩站在其他一些孩子旁边
8311-num-2,孩子们穿着服装和玩游戏
8312-num-1,孩子们穿着服装和玩游戏
8312-num-2,一个有油漆脸的小男孩站在其他一些孩子旁边
8313-num-1,一个有彩绘脸的年轻女孩站在其他一些孩子旁边
8313-num-2,孩子们穿着服装和玩游戏
8314-num-1,一个有彩绘脸的年轻女孩站在其他一些孩子旁边
8314-num-2,孩子们没有穿着服装和玩游戏
8315-num-1,一个有彩绘脸的年轻女孩站在其他一些孩子旁边
8315-num-2,孩子们穿着服装和玩游戏
8316-num-1,狗在赛道上赛车
8316-num-2,狗在轨道上奔跑
8317-num-1,狗在赛道上赛车
8317-num-2,赛道上没有狗赛车
8318-num-1,一匹马正在赛车
8318-num-2,一匹马在奔跑
8319-num-1,一匹马正在赛车
8319-num-2,一匹马没有赛车
8320-num-1,一匹马在奔跑
8320-num-2,狗在赛道上赛车
8321-num-1,一匹马没有赛车
8321-num-2,狗在赛道上赛车
8322-num-1,一匹马正在赛车
8322-num-2,狗在轨道上奔跑
8323-num-1,一匹马正在赛车
8323-num-2,赛道上没有狗赛车
8324-num-1,狗在赛道上赛车
8324-num-2,一匹马正在赛车
8325-num-1,两个BMX骑自行车的人在水面前跳下泥土
8325-num-2,两个BMX骑自行车的人在水面前跳下泥土坡道
8326-num-1,在水面前没有BMX骑自行车的越野坡道
8326-num-2,两个BMX骑自行车的人在水面前跳下泥土坡道
8327-num-1,一些骑自行车的人在水和天际线附近的轨道上做杂技
8327-num-2,一些骑自行车的人在水和天际线附近的轨道上播放空降
8328-num-1,一些骑自行车的人在水和天际线附近的轨道上播放空降
8328-num-2,一些骑自行车的人在水和天际线附近的轨道上没有空降
8329-num-1,两个BMX骑自行车的人在水面前跳下泥土坡道
8329-num-2,一些骑自行车的人在水和天际线附近的轨道上做杂技
8330-num-1,两个BMX骑自行车的人在水面前跳下泥土坡道
8330-num-2,一些骑自行车的人在水和天际线附近的轨道上没有空降
8331-num-1,两个BMX骑自行车的人在水面前跳下泥土
8331-num-2,一些骑自行车的人在水和天际线附近的轨道上播放空降
8332-num-1,在水面前没有BMX骑自行车的越野坡道
8332-num-2,一些骑自行车的人在水和天际线附近的轨道上播放空降
8333-num-1,两个BMX骑自行车的人在水面前跳下泥土坡道
8333-num-2,一些骑自行车的人在水和天际线附近的轨道上播放空降
8334-num-1,一个男人在滑板上做一个技巧
8334-num-2,一个人在滑板上做技巧
8335-num-1,一个男人在滑板上做一个技巧
8335-num-2,一个男人正在骑自行车
8336-num-1,一个男人在室外公园门廊上做滑板技巧
8336-num-2,一个男人在公园门廊上做滑板技巧
8337-num-1,一个女人在户外公园门廊上做滑板技巧
8337-num-2,一个男人在室外公园门廊上做滑板技巧
8338-num-1,一个男人在公园门廊上做滑板技巧
8338-num-2,一个男人在滑板上做一个技巧
8339-num-1,一个女人在户外公园门廊上做滑板技巧
8339-num-2,一个男人在滑板上做一个技巧
8340-num-1,一个男人在室外公园门廊上做滑板技巧
8340-num-2,一个人在滑板上做技巧
8341-num-1,一个男人正在骑自行车
8341-num-2,一个男人在室外公园门廊上做滑板技巧
8342-num-1,一个男人在室外公园门廊上做滑板技巧
8342-num-2,一个男人在滑板上做一个技巧
8343-num-1,穿着越野摩托车制服的男人戴着头盔，骑着红色摩托车
8343-num-2,穿着越野摩托车制服的人戴着头盔，骑着红色摩托车
8344-num-1,穿着越野摩托车制服的人戴着头盔，骑着红色摩托车
8344-num-2,穿着越野摩托车制服的人没有戴头盔，骑着红色摩托车
8345-num-1,一个全面装备的男人戴着带有赞助商徽标的头盔，正在骑红色运动摩托车
8345-num-2,一位全新装备的赛车手戴着带有赞助商徽标的头盔，正在骑红色运动摩托车
8346-num-1,一位全新装备的赛车手戴着带有赞助商徽标的头盔，正在骑红色运动摩托车
8346-num-2,全新装备的赛车手戴着带有赞助商徽标的头盔，正在骑蓝色运动摩托车
8347-num-1,一个全面装备的男人戴着带有赞助商徽标的头盔，正在骑红色运动摩托车
8347-num-2,穿着越野摩托车制服的人戴着头盔，骑着红色摩托车
8348-num-1,穿着越野摩托车制服的人戴着头盔，骑着红色摩托车
8348-num-2,全新装备的赛车手戴着带有赞助商徽标的头盔，正在骑蓝色运动摩托车
8349-num-1,一位全新装备的赛车手戴着带有赞助商徽标的头盔，正在骑红色运动摩托车
8349-num-2,穿着越野摩托车制服的男人戴着头盔，骑着红色摩托车
8350-num-1,穿着越野摩托车制服的人没有戴头盔，骑着红色摩托车
8350-num-2,一位全新装备的赛车手戴着带有赞助商徽标的头盔，正在骑红色运动摩托车
8351-num-1,一位全新装备的赛车手戴着带有赞助商徽标的头盔，正在骑红色运动摩托车
8351-num-2,穿着越野摩托车制服的人戴着头盔，骑着红色摩托车
8352-num-1,人们坐在红色房间的方形桌子上
8352-num-2,人们坐在红色房间的桌子上
8353-num-1,人们坐在红色房间里的圆桌会议上
8353-num-2,人们坐在红色房间的方形桌子上
8354-num-1,几个人坐在黑暗的房间里的小桌子旁
8354-num-2,几个人坐在黑暗的房间里的小桌子上
8355-num-1,几个人坐在一个小房间里的小桌子上
8355-num-2,几个人坐在黑暗的房间里的小桌子上
8356-num-1,人们坐在红色房间的方形桌子上
8356-num-2,几个人坐在黑暗的房间里的小桌子旁
8357-num-1,人们坐在红色房间的方形桌子上
8357-num-2,几个人坐在一个小房间里的小桌子上
8358-num-1,几个人坐在黑暗的房间里的小桌子上
8358-num-2,人们坐在红色房间的桌子上
8359-num-1,几个人坐在黑暗的房间里的小桌子上
8359-num-2,人们坐在红色房间里的圆桌会议上
8360-num-1,几个人坐在黑暗的房间里的小桌子上
8360-num-2,人们坐在红色房间的方形桌子上
8361-num-1,一个穿着条纹衬衫的男孩在喷泉前玩
8361-num-2,一个穿着条纹衬衫的男孩跳在喷泉前
8362-num-1,一个穿着条纹衬衫的男孩正在喷泉后跳跃
8362-num-2,一个穿着条纹衬衫的男孩跳在喷泉前
8363-num-1,一个男孩在建筑物前面由石头制成的水喷泉的侧面跳下
8363-num-2,一个男孩跳出建筑物前石头喷泉的侧面
8364-num-1,一个男孩在建筑物前的石头喷泉的侧面跳跃
8364-num-2,一个男孩跳出建筑物前石头喷泉的侧面
8365-num-1,一个男孩在建筑物前面由石头制成的水喷泉的侧面跳下
8365-num-2,一个穿着条纹衬衫的男孩跳在喷泉前
8366-num-1,一个穿着条纹衬衫的男孩跳在喷泉前
8366-num-2,一个男孩在建筑物前的石头喷泉的侧面跳跃
8367-num-1,一个男孩跳出建筑物前石头喷泉的侧面
8367-num-2,一个穿着条纹衬衫的男孩在喷泉前玩
8368-num-1,一个男孩跳出建筑物前石头喷泉的侧面
8368-num-2,一个穿着条纹衬衫的男孩正在喷泉后跳跃
8369-num-1,一个男孩跳出建筑物前石头喷泉的侧面
8369-num-2,一个穿着条纹衬衫的男孩跳在喷泉前
8370-num-1,两只狗在白雪皑皑的草和岩石上跳跃
8370-num-2,两只狗跳过白雪皑皑的草和岩石
8371-num-1,两只狗在白雪皑皑的草和岩石上跳跃
8371-num-2,没有狗从白雪皑皑的草和岩石跳上
8372-num-1,两只大狗，一条浅色的狗，一根深色的狗正在迅速穿过白雪皑皑的地形
8372-num-2,两只大狗，一条浅色的狗，一条深色的狗正在雪地
8373-num-1,两只大狗，一条浅色的狗和一个深色的狗，正在雪地上睡觉
8373-num-2,两只大狗，一条浅色的狗，一条深色的狗正在雪地
8374-num-1,两只大狗，一条浅色的狗，一根深色的狗正在迅速穿过白雪皑皑的地形
8374-num-2,两只狗在白雪皑皑的草和岩石上跳跃
8375-num-1,两只大狗，一条浅色的狗和一个深色的狗，正在雪地上睡觉
8375-num-2,两只狗在白雪皑皑的草和岩石上跳跃
8376-num-1,两只狗跳过白雪皑皑的草和岩石
8376-num-2,两只大狗，一条浅色的狗，一条深色的狗正在雪地
8377-num-1,没有狗从白雪皑皑的草和岩石跳上
8377-num-2,两只大狗，一条浅色的狗，一条深色的狗正在雪地
8378-num-1,两只大狗，一条浅色的狗，一条深色的狗正在雪地
8378-num-2,两只狗在白雪皑皑的草和岩石上跳跃
8379-num-1,一个蓝色的女孩正在滑下绿色滑梯
8379-num-2,一个蓝色的女孩滑下滑梯
8380-num-1,一个蓝色的女孩正在滑下绿色滑梯
8380-num-2,一个蓝色的男孩正在滑下绿色滑梯
8381-num-1,蓝色的年轻女孩在滑梯上玩得开心
8381-num-2,蓝色的年轻女孩正在享受滑梯
8382-num-1,蓝色的年轻女孩在秋千上玩得开心
8382-num-2,蓝色的年轻女孩在滑梯上玩得开心
8383-num-1,一个蓝色的女孩正在滑下绿色滑梯
8383-num-2,蓝色的年轻女孩正在享受滑梯
8384-num-1,一个蓝色的女孩正在滑下绿色滑梯
8384-num-2,蓝色的年轻女孩在秋千上玩得开心
8385-num-1,蓝色的年轻女孩在滑梯上玩得开心
8385-num-2,一个蓝色的女孩滑下滑梯
8386-num-1,一个蓝色的男孩正在滑下绿色滑梯
8386-num-2,蓝色的年轻女孩在滑梯上玩得开心
8387-num-1,一个蓝色的女孩正在滑下绿色滑梯
8387-num-2,蓝色的年轻女孩在滑梯上玩得开心
8388-num-1,一个黑人在大城市的商店旁边走路
8388-num-2,一个黑人正在大城市旁边的建筑物旁边行走
8389-num-1,一个白人正在大城市旁边的建筑物旁边行走
8389-num-2,一个黑人正在大城市旁边的建筑物旁边行走
8390-num-1,一个男人正在望着距离，人们在建筑物之间行走
8390-num-2,一个人看着距离，人们在建筑物之间行走
8391-num-1,一个女人看着距离，人们在建筑物之间行走
8391-num-2,一个男人正在望着距离，人们在建筑物之间行走
8392-num-1,一个人看着距离，人们在建筑物之间行走
8392-num-2,一个黑人正在大城市旁边的建筑物旁边行走
8393-num-1,一个黑人正在大城市旁边的建筑物旁边行走
8393-num-2,一个女人看着距离，人们在建筑物之间行走
8394-num-1,一个男人正在望着距离，人们在建筑物之间行走
8394-num-2,一个黑人在大城市的商店旁边走路
8395-num-1,一个白人正在大城市旁边的建筑物旁边行走
8395-num-2,一个男人正在望着距离，人们在建筑物之间行走
8396-num-1,一个黑人正在大城市旁边的建筑物旁边行走
8396-num-2,一个男人正在望着距离，人们在建筑物之间行走
8397-num-1,乐队中的一个秃头男人正在聚光灯下弹吉他
8397-num-2,乐队中的一个秃头男人正在聚光灯下演奏乐器
8399-num-1,一个男人在鼓手旁边弹吉他
8399-num-2,一个男人在鼓手旁边弹吉他
8400-num-1,鼓手旁边没有人弹吉他
8400-num-2,一个男人在鼓手旁边弹吉他
8401-num-1,乐队中的一个秃头男人正在聚光灯下弹吉他
8401-num-2,一个男人在鼓手旁边弹吉他
8402-num-1,乐队中的一个秃头男人正在聚光灯下弹吉他
8402-num-2,鼓手旁边没有人弹吉他
8403-num-1,乐队中的一个秃头男人正在聚光灯下演奏乐器
8403-num-2,一个男人在鼓手旁边弹吉他
8405-num-1,乐队中的一个秃头男人正在聚光灯下弹吉他
8405-num-2,一个男人在鼓手旁边弹吉他
8406-num-1,一只黑狗从码头跳入池塘
8406-num-2,一只黑狗从码头跳入水中
8407-num-1,一只黑狗从码头跳入池塘
8407-num-2,一只黑狗正在码头跳入池塘
8408-num-1,一只黑狗从码头跳到水中
8408-num-2,一只黑色动物从码头跳入水中
8409-num-1,一只黑狗从码头跳到水中
8409-num-2,一只白狗从码头跳到水中
8410-num-1,一只黑狗从码头跳入池塘
8410-num-2,一只黑色动物从码头跳入水中
8411-num-1,一只黑狗从码头跳入池塘
8411-num-2,一只白狗从码头跳到水中
8412-num-1,一只黑狗从码头跳入水中
8412-num-2,一只黑狗从码头跳到水中
8413-num-1,一只黑狗正在码头跳入池塘
8413-num-2,一只黑狗从码头跳到水中
8414-num-1,一只黑狗从码头跳入池塘
8414-num-2,一只黑狗从码头跳到水中
8415-num-1,穿着白色连衣裙的新娘正在奔跑
8415-num-2,穿着白色连衣裙的女孩正在奔跑
8416-num-1,穿着白色连衣裙的女孩正在奔跑
8416-num-2,穿着白色连衣裙的女孩站着
8417-num-1,一个小女孩在微笑，跑出屋子
8417-num-2,一个小女孩在外面微笑着奔跑
8418-num-1,一个小女孩在外面微笑着奔跑
8418-num-2,一个小女孩在屋子里微笑着奔跑
8419-num-1,一个小女孩在微笑，跑出屋子
8419-num-2,穿着白色连衣裙的女孩正在奔跑
8420-num-1,穿着白色连衣裙的女孩正在奔跑
8420-num-2,一个小女孩在屋子里微笑着奔跑
8421-num-1,一个小女孩在外面微笑着奔跑
8421-num-2,穿着白色连衣裙的新娘正在奔跑
8422-num-1,穿着白色连衣裙的女孩站着
8422-num-2,一个小女孩在外面微笑着奔跑
8423-num-1,一个小女孩在外面微笑着奔跑
8423-num-2,穿着白色连衣裙的女孩正在奔跑
8424-num-1,黑色的滑雪者正在抓住一点点空气
8424-num-2,穿着黑色的滑雪者正在抓住一点点空气
8425-num-1,白色的滑雪者正在抓住一点点空气
8425-num-2,黑色的滑雪者正在抓住一点点空气
8426-num-1,一个男人在下雪的山上滑雪
8426-num-2,一个男人在下雪的山上滑雪
8427-num-1,没有人滑下一座白雪皑皑的山丘
8427-num-2,一个男人在下雪的山上滑雪
8428-num-1,一个男人在下雪的山上滑雪
8428-num-2,黑色的滑雪者正在抓住一点点空气
8429-num-1,没有人滑下一座白雪皑皑的山丘
8429-num-2,黑色的滑雪者正在抓住一点点空气
8430-num-1,穿着黑色的滑雪者正在抓住一点点空气
8430-num-2,一个男人在下雪的山上滑雪
8431-num-1,一个男人在下雪的山上滑雪
8431-num-2,白色的滑雪者正在抓住一点点空气
8432-num-1,黑色的滑雪者正在抓住一点点空气
8432-num-2,一个男人在下雪的山上滑雪
8433-num-1,一个男孩在草地上滑倒并滑行
8433-num-2,一个孩子在草地上打滑并滑行
8434-num-1,一个孩子在草地上打滑并滑行
8434-num-2,一个孩子没有玩滑倒，在草地上滑动
8435-num-1,一个孩子在游泳池里溅到儿童，其他孩子在后台玩耍
8435-num-2,一个孩子在儿童的游泳池里飞溅，其他孩子在后台玩耍
8436-num-1,一个孩子在游泳池里溅到儿童，没有其他孩子在后台玩耍
8436-num-2,一个孩子在儿童的游泳池里飞溅，其他孩子在后台玩耍
8437-num-1,一个孩子在草地上打滑并滑行
8437-num-2,一个孩子在游泳池里溅到儿童，其他孩子在后台玩耍
8438-num-1,一个孩子在草地上打滑并滑行
8438-num-2,一个孩子在游泳池里溅到儿童，没有其他孩子在后台玩耍
8439-num-1,一个男孩在草地上滑倒并滑行
8439-num-2,一个孩子在儿童的游泳池里飞溅，其他孩子在后台玩耍
8440-num-1,一个孩子在儿童的游泳池里飞溅，其他孩子在后台玩耍
8440-num-2,一个孩子没有玩滑倒，在草地上滑动
8441-num-1,一个孩子在草地上打滑并滑行
8441-num-2,一个孩子在儿童的游泳池里飞溅，其他孩子在后台玩耍
8442-num-1,两个人站在一起，一个人看着远处
8442-num-2,两个人站在一起，一个人看着双筒望远镜
8443-num-1,两个女人站在一起，一个人看着双筒望远镜
8443-num-2,两个人站在一起，一个人看着双筒望远镜
8444-num-1,两个男人正在看着，其中一个人持有双筒望远镜
8444-num-2,两个人看着，一个人抱着双筒望远镜
8445-num-1,两个人看着，一个人抱着双筒望远镜
8445-num-2,两个男人正在望着，一个人拿着蜘蛛侠
8446-num-1,两个人站在一起，一个人看着双筒望远镜
8446-num-2,两个男人正在看着，其中一个人持有双筒望远镜
8447-num-1,两个人站在一起，一个人看着双筒望远镜
8447-num-2,两个男人正在望着，一个人拿着蜘蛛侠
8448-num-1,两个人看着，一个人抱着双筒望远镜
8448-num-2,两个人站在一起，一个人看着远处
8449-num-1,两个女人站在一起，一个人看着双筒望远镜
8449-num-2,两个人看着，一个人抱着双筒望远镜
8450-num-1,两个人站在一起，一个人看着双筒望远镜
8450-num-2,两个人看着，一个人抱着双筒望远镜
8452-num-1,骑自行车的摩托车手靠在一个尖锐的角落
8452-num-2,自行车上没有摩托车手靠在锋利的角落
8453-num-1,骑摩托车的男人在拐角处转身
8453-num-2,骑摩托车的男人绕着一个角落
8454-num-1,骑摩托车的男人绕着一个角落
8454-num-2,骑摩托车的女人绕着角落
8455-num-1,骑自行车的摩托车手靠在一个尖锐的角落
8455-num-2,骑摩托车的男人在拐角处转身
8456-num-1,骑自行车的摩托车手靠在一个尖锐的角落
8456-num-2,骑摩托车的女人绕着角落
8457-num-1,骑自行车的摩托车手靠在一个尖锐的角落
8457-num-2,骑摩托车的男人绕着一个角落
8458-num-1,骑摩托车的男人绕着一个角落
8458-num-2,自行车上没有摩托车手靠在锋利的角落
8459-num-1,骑摩托车的男人绕着一个角落
8459-num-2,骑自行车的摩托车手靠在一个尖锐的角落
8460-num-1,一个戴着帽子的男人坐在地上
8460-num-2,一个戴着帽子的人坐在地上
8461-num-1,一个没有帽子的男人坐在地上
8461-num-2,一个戴着帽子的男人坐在地上
8462-num-1,一个穿着白色衬衫，金色和黑色帽子的年轻人坐着
8462-num-2,一个穿着白色衬衫，金色和黑色帽子的年轻人坐在腿上
8463-num-1,一个穿着白色衬衫，金色和黑色帽子的老人坐在腿上
8463-num-2,一个穿着白色衬衫，金色和黑色帽子的年轻人坐着
8464-num-1,一个穿着白色衬衫，金色和黑色帽子的年轻人坐在腿上
8464-num-2,一个戴着帽子的男人坐在地上
8465-num-1,一个戴着帽子的男人坐在地上
8465-num-2,一个穿着白色衬衫，金色和黑色帽子的老人坐在腿上
8466-num-1,一个戴着帽子的人坐在地上
8466-num-2,一个穿着白色衬衫，金色和黑色帽子的年轻人坐着
8467-num-1,一个穿着白色衬衫，金色和黑色帽子的年轻人坐着
8467-num-2,一个没有帽子的男人坐在地上
8468-num-1,一个穿着白色衬衫，金色和黑色帽子的年轻人坐着
8468-num-2,一个戴着帽子的男人坐在地上
8469-num-1,一个年轻的东方女孩站在人群上方，正在玩风车
8469-num-2,一个年轻的东方女孩站在人们上方，正在玩风车
8470-num-1,一个年轻的西方女孩站在人群上方，正在玩风车
8470-num-2,一个年轻的东方女孩站在人群上方，正在玩风车
8471-num-1,蓝色毛衣的一个女孩正在拿着一个多色玩具，坐在一个白发的老人的肩膀上
8471-num-2,一个穿着蓝色毛衣的女孩拿着一个多色玩具，正坐在一个男人的肩膀上
8472-num-1,一个穿着蓝色毛衣的女孩拿着一个多色玩具，正坐在一个男人的肩膀上
8472-num-2,蓝色毛衣的一个女孩正在拿着一个多色玩具，坐在一个有白发的女人的肩膀上
8473-num-1,一个年轻的东方女孩站在人群上方，正在玩风车
8473-num-2,蓝色毛衣的一个女孩正在拿着一个多色玩具，坐在一个白发的老人的肩膀上
8474-num-1,一个年轻的东方女孩站在人群上方，正在玩风车
8474-num-2,蓝色毛衣的一个女孩正在拿着一个多色玩具，坐在一个有白发的女人的肩膀上
8475-num-1,一个穿着蓝色毛衣的女孩拿着一个多色玩具，正坐在一个男人的肩膀上
8475-num-2,一个年轻的东方女孩站在人们上方，正在玩风车
8476-num-1,一个年轻的西方女孩站在人群上方，正在玩风车
8476-num-2,一个穿着蓝色毛衣的女孩拿着一个多色玩具，正坐在一个男人的肩膀上
8477-num-1,一个年轻的东方女孩站在人群上方，正在玩风车
8477-num-2,一个穿着蓝色毛衣的女孩拿着一个多色玩具，正坐在一个男人的肩膀上
8478-num-1,BMX自行车上的一个年轻人正在跳下砖石金字塔
8478-num-2,BMX自行车上的一个年轻人正在跳下金字塔
8479-num-1,BMX骑自行车的年轻人正在跳上砌体金字塔
8479-num-2,BMX自行车上的一个年轻人正在跳下砖石金字塔
8480-num-1,一个骑自行车的男人跳上金字塔形坡道
8480-num-2,骑自行车的人跳上金字塔形坡道
8481-num-1,没有骑自行车的人跳到金字塔形坡道上
8481-num-2,骑自行车的人跳上金字塔形坡道
8482-num-1,BMX自行车上的一个年轻人正在跳下砖石金字塔
8482-num-2,一个骑自行车的男人跳上金字塔形坡道
8483-num-1,没有骑自行车的人跳到金字塔形坡道上
8483-num-2,BMX自行车上的一个年轻人正在跳下砖石金字塔
8484-num-1,BMX自行车上的一个年轻人正在跳下金字塔
8484-num-2,骑自行车的人跳上金字塔形坡道
8485-num-1,BMX骑自行车的年轻人正在跳上砌体金字塔
8485-num-2,骑自行车的人跳上金字塔形坡道
8486-num-1,骑自行车的人跳上金字塔形坡道
8486-num-2,BMX自行车上的一个年轻人正在跳下砖石金字塔
8487-num-1,一个光着膀子的男人在草坪上踢足球
8487-num-2,一个光着膀子的男人在田野上踢足球
8488-num-1,一个光着膀子的男人正在健身房踢足球
8488-num-2,一个光着膀子的男人在草坪上踢足球
8489-num-1,一个没有衬衫的男人正在拿着足球
8489-num-2,一个没有衬衫的男人持有足球
8490-num-1,一个穿着衬衫的男人正在拿足球
8490-num-2,一个没有衬衫的男人正在拿着足球
8491-num-1,一个光着膀子的男人在草坪上踢足球
8491-num-2,一个没有衬衫的男人持有足球
8492-num-1,一个穿着衬衫的男人正在拿足球
8492-num-2,一个光着膀子的男人在草坪上踢足球
8493-num-1,一个光着膀子的男人在田野上踢足球
8493-num-2,一个没有衬衫的男人正在拿着足球
8494-num-1,一个没有衬衫的男人正在拿着足球
8494-num-2,一个光着膀子的男人正在健身房踢足球
8495-num-1,一个没有衬衫的男人正在拿着足球
8495-num-2,一个光着膀子的男人在草坪上踢足球
8496-num-1,这个男人要进入湖泊
8496-num-2,这个男人要进入水中
8497-num-1,这个男人要进入水中
8497-num-2,这个男人不进水
8498-num-1,这个人要进入大海
8498-num-2,这个人要进入水中
8499-num-1,这个人要进入水中
8499-num-2,这个人没有进入水中
8500-num-1,这个男人要进入水中
8500-num-2,这个人要进入大海
8501-num-1,这个人没有进入水中
8501-num-2,这个男人要进入水中
8502-num-1,这个男人要进入湖泊
8502-num-2,这个人要进入水中
8503-num-1,这个人要进入水中
8503-num-2,这个男人不进水
8504-num-1,这个男人要进入水中
8504-num-2,这个人要进入水中
8505-num-1,两个人在晴天坐在公园长凳上
8505-num-2,两个人在炎热的天气里坐在公园长凳上
8506-num-1,两个人在晴天坐在公园长凳上
8506-num-2,有两个人在下雨天坐在公园长凳上
8507-num-1,两个穿着白色和黑色的女人在长凳上放松
8507-num-2,两个穿着白色和黑色的女人坐在长凳上
8508-num-1,两个穿着白色和黑色的女人坐在长凳上
8508-num-2,两个穿着白色和黑色的男人坐在长凳上
8509-num-1,两个穿着白色和黑色的女人在长凳上放松
8509-num-2,两个人在晴天坐在公园长凳上
8510-num-1,两个人在晴天坐在公园长凳上
8510-num-2,两个穿着白色和黑色的男人坐在长凳上
8511-num-1,两个人在炎热的天气里坐在公园长凳上
8511-num-2,两个穿着白色和黑色的女人坐在长凳上
8512-num-1,两个穿着白色和黑色的女人坐在长凳上
8512-num-2,有两个人在下雨天坐在公园长凳上
8513-num-1,两个穿着白色和黑色的女人坐在长凳上
8513-num-2,两个人在晴天坐在公园长凳上
8514-num-1,五个人站在草地上，有三只狗
8514-num-2,五个人和一些狗站在草地上
8515-num-1,五个人站在草地上，没有狗
8515-num-2,五个人站在草地上，有三只狗
8516-num-1,五个人站在路边的绿色田野里
8516-num-2,五个人站在公园旁边的公园里
8517-num-1,五个人在路边的绿色田地里奔跑
8517-num-2,五个人站在路边的绿色田野里
8518-num-1,五个人站在草地上，有三只狗
8518-num-2,五个人站在公园旁边的公园里
8519-num-1,五个人站在草地上，有三只狗
8519-num-2,五个人在路边的绿色田地里奔跑
8520-num-1,五个人站在路边的绿色田野里
8520-num-2,五个人和一些狗站在草地上
8521-num-1,五个人站在草地上，没有狗
8521-num-2,五个人站在路边的绿色田野里
8522-num-1,五个人站在路边的绿色田野里
8522-num-2,五个人站在草地上，有三只狗
8523-num-1,一个女孩在海滩上载着很多五颜六色的围巾
8523-num-2,一个年轻女子在海滩上载着很多五颜六色的围巾
8524-num-1,一个老妇在海滩上载着很多五颜六色的围巾
8524-num-2,一个年轻女子在海滩上载着很多五颜六色的围巾
8525-num-1,一个彩虹阿富汗人被一个戴着金色和紫色的女孩抱住
8525-num-2,一个金色和紫色的女孩拿着彩虹阿富汗
8526-num-1,一个金色和紫色的女孩拿着彩虹阿富汗
8526-num-2,一个金色和紫色的男人拿着彩虹阿富汗
8527-num-1,一个年轻女子在海滩上载着很多五颜六色的围巾
8527-num-2,一个彩虹阿富汗人被一个戴着金色和紫色的女孩抱住
8528-num-1,一个金色和紫色的男人拿着彩虹阿富汗
8528-num-2,一个年轻女子在海滩上载着很多五颜六色的围巾
8529-num-1,一个金色和紫色的女孩拿着彩虹阿富汗
8529-num-2,一个女孩在海滩上载着很多五颜六色的围巾
8530-num-1,一个老妇在海滩上载着很多五颜六色的围巾
8530-num-2,一个金色和紫色的女孩拿着彩虹阿富汗
8531-num-1,一个年轻女子在海滩上载着很多五颜六色的围巾
8531-num-2,一个金色和紫色的女孩拿着彩虹阿富汗
8532-num-1,一只浅棕色的狗在水中奔跑
8532-num-2,一只浅棕色的狗在水中冲刺
8533-num-1,一只浅棕色的狗在草丛中奔跑
8533-num-2,一只浅棕色的狗在水中奔跑
8534-num-1,一只棕褐色的狗在池塘河岸的水中溅出
8534-num-2,一只棕褐色的狗在池塘河岸的水中玩耍
8535-num-1,一只棕褐色的狗在池塘河岸的水中溅出
8535-num-2,一只棕褐色的狗在河岸的水中溅入水
8536-num-1,一只浅棕色的狗在水中奔跑
8536-num-2,一只棕褐色的狗在池塘河岸的水中玩耍
8537-num-1,一只浅棕色的狗在水中奔跑
8537-num-2,一只棕褐色的狗在河岸的水中溅入水
8538-num-1,一只棕褐色的狗在池塘河岸的水中溅出
8538-num-2,一只浅棕色的狗在水中冲刺
8539-num-1,一只棕褐色的狗在池塘河岸的水中溅出
8539-num-2,一只浅棕色的狗在草丛中奔跑
8540-num-1,一只浅棕色的狗在水中奔跑
8540-num-2,一只棕褐色的狗在池塘河岸的水中溅出
8541-num-1,孩子在一个小的蓝色游泳池里溅水
8541-num-2,孩子在游泳池里溅水
8542-num-1,孩子在一个小的蓝色游泳池里溅水
8542-num-2,孩子在一个大红色的游泳池里溅水
8543-num-1,一个婴儿在一个蓝色划桨池中溅出
8543-num-2,一个蹒跚学步的人在一个蓝色划船游泳池里飞溅
8544-num-1,一个蹒跚学步的人在一个蓝色划船游泳池外面飞溅
8544-num-2,一个蹒跚学步的人在一个蓝色划船游泳池里飞溅
8545-num-1,孩子在一个小的蓝色游泳池里溅水
8545-num-2,一个婴儿在一个蓝色划桨池中溅出
8546-num-1,一个蹒跚学步的人在一个蓝色划船游泳池外面飞溅
8546-num-2,孩子在一个小的蓝色游泳池里溅水
8547-num-1,一个蹒跚学步的人在一个蓝色划船游泳池里飞溅
8547-num-2,孩子在游泳池里溅水
8548-num-1,孩子在一个大红色的游泳池里溅水
8548-num-2,一个蹒跚学步的人在一个蓝色划船游泳池里飞溅
8549-num-1,一个蹒跚学步的人在一个蓝色划船游泳池里飞溅
8549-num-2,孩子在一个小的蓝色游泳池里溅水
8550-num-1,一只灰色丝滑的狗正在草地上睡觉，一只棕色的狗正在看着
8550-num-2,一只灰色丝滑的狗躺在草地上，一只棕色的狗在看着
8551-num-1,一只灰色的丝质狗在草丛中奔跑，一只棕色的狗看着
8551-num-2,一只灰色丝滑的狗躺在草地上，一只棕色的狗在看着
8552-num-1,棕色的狗发现一只黑狗躺在干田里
8552-num-2,棕色的狗发现一只黑狗躺在干草中
8553-num-1,棕色的狗发现一只黑狗，正在干草中玩耍
8553-num-2,棕色的狗发现一只黑狗躺在干草中
8554-num-1,一只灰色丝滑的狗躺在草地上，一只棕色的狗在看着
8554-num-2,棕色的狗发现一只黑狗躺在干田里
8555-num-1,棕色的狗发现一只黑狗，正在干草中玩耍
8555-num-2,一只灰色丝滑的狗躺在草地上，一只棕色的狗在看着
8556-num-1,棕色的狗发现一只黑狗躺在干草中
8556-num-2,一只灰色丝滑的狗正在草地上睡觉，一只棕色的狗正在看着
8557-num-1,棕色的狗发现一只黑狗躺在干草中
8557-num-2,一只灰色的丝质狗在草丛中奔跑，一只棕色的狗看着
8558-num-1,一只灰色丝滑的狗躺在草地上，一只棕色的狗在看着
8558-num-2,棕色的狗发现一只黑狗躺在干草中
8559-num-1,一个男人站在黑色吉普车旁边的一个土山上
8559-num-2,一个男人站在黑色汽车旁边的一个土山上
8560-num-1,一个男人站在土山上的黑色吉普车上
8560-num-2,一个男人站在黑色吉普车旁边的一个土山上
8561-num-1,一个戴着帽子的男人站在绿色吉普车外面
8561-num-2,一个戴着帽子的男人站在绿色车辆外面
8562-num-1,一个戴着帽子的男人站在绿色吉普车外面
8562-num-2,一个没有帽子的男人站在绿色吉普车外面
8563-num-1,一个男人站在黑色吉普车旁边的一个土山上
8563-num-2,一个戴着帽子的男人站在绿色车辆外面
8564-num-1,一个没有帽子的男人站在绿色吉普车外面
8564-num-2,一个男人站在黑色吉普车旁边的一个土山上
8565-num-1,一个戴着帽子的男人站在绿色吉普车外面
8565-num-2,一个男人站在黑色汽车旁边的一个土山上
8566-num-1,一个戴着帽子的男人站在绿色吉普车外面
8566-num-2,一个男人站在土山上的黑色吉普车上
8567-num-1,一个戴着帽子的男人站在绿色吉普车外面
8567-num-2,一个男人站在黑色吉普车旁边的一个土山上
8568-num-1,一只黑狗和一只小白狗和黑狗抬头看着厨房台面
8568-num-2,两只狗抬头看着厨房台面
8569-num-1,一只黑狗和一只小白狗和黑狗抬头看着厨房台面
8569-num-2,一只黑猫和一只小白猫和黑猫抬头看着厨房台面
8570-num-1,一只大狗和一只小狗站在厨房柜台旁边，正在嗅探
8570-num-2,一只大狗和一只小狗站在厨房柜台旁边，正在调查
8571-num-1,一只大狗和一只小狗站在厨房柜台旁边，正在调查
8571-num-2,一只大狗和一只小狗站在厨房柜台上并调查
8572-num-1,一只黑狗和一只小白狗和黑狗抬头看着厨房台面
8572-num-2,一只大狗和一只小狗站在厨房柜台旁边，正在嗅探
8573-num-1,一只黑狗和一只小白狗和黑狗抬头看着厨房台面
8573-num-2,一只大狗和一只小狗站在厨房柜台上并调查
8574-num-1,一只大狗和一只小狗站在厨房柜台旁边，正在调查
8574-num-2,两只狗抬头看着厨房台面
8575-num-1,一只黑猫和一只小白猫和黑猫抬头看着厨房台面
8575-num-2,一只大狗和一只小狗站在厨房柜台旁边，正在调查
8576-num-1,一只黑狗和一只小白狗和黑狗抬头看着厨房台面
8576-num-2,一只大狗和一只小狗站在厨房柜台旁边，正在调查
8577-num-1,狗在地面上玩
8577-num-2,一只狗在地面上滚动
8578-num-1,一只狗在地面上滚动
8578-num-2,狗在地面上睡觉
8579-num-1,一只肮脏的棕褐色狗在泥土中滚动，看着相机
8579-num-2,一只肮脏的棕褐色狗在泥土中滚动，看着相机
8580-num-1,一只肮脏的棕褐色狗在水中滚动，直视相机
8580-num-2,一只肮脏的棕褐色狗在泥土中滚动，看着相机
8581-num-1,一只肮脏的棕褐色狗在泥土中滚动，看着相机
8581-num-2,一只狗在地面上滚动
8582-num-1,一只肮脏的棕褐色狗在水中滚动，直视相机
8582-num-2,一只狗在地面上滚动
8583-num-1,一只肮脏的棕褐色狗在泥土中滚动，看着相机
8583-num-2,狗在地面上玩
8584-num-1,一只肮脏的棕褐色狗在泥土中滚动，看着相机
8584-num-2,狗在地面上睡觉
8585-num-1,一只肮脏的棕褐色狗在泥土中滚动，看着相机
8585-num-2,一只狗在地面上滚动
8586-num-1,一个阿拉伯人戴着白帽子
8586-num-2,阿拉伯人正在戴白帽子
8587-num-1,一个阿拉伯人没有戴白帽子
8587-num-2,一个阿拉伯人戴着白帽子
8588-num-1,一个戴着白帽和棕色衬衫的男人在一个红色的女人后面，正在向左看
8588-num-2,一个戴着白帽和棕色衬衫的男人在一个红色的女人后面，正在向侧面看
8589-num-1,一个戴着白帽和棕色衬衫的男人在一个红色的女人后面，正在向右看
8589-num-2,一个戴着白帽和棕色衬衫的男人在一个红色的女人后面，正在向左看
8590-num-1,一个阿拉伯人戴着白帽子
8590-num-2,一个戴着白帽和棕色衬衫的男人在一个红色的女人后面，正在向侧面看
8591-num-1,一个戴着白帽和棕色衬衫的男人在一个红色的女人后面，正在向右看
8591-num-2,一个阿拉伯人戴着白帽子
8592-num-1,阿拉伯人正在戴白帽子
8592-num-2,一个戴着白帽和棕色衬衫的男人在一个红色的女人后面，正在向左看
8593-num-1,一个阿拉伯人没有戴白帽子
8593-num-2,一个戴着白帽和棕色衬衫的男人在一个红色的女人后面，正在向左看
8594-num-1,一个戴着白帽和棕色衬衫的男人在一个红色的女人后面，正在向左看
8594-num-2,一个阿拉伯人戴着白帽子
8595-num-1,小男孩在很多人面前在喷泉里玩耍
8595-num-2,小孩子在很多人面前在喷泉里玩耍
8596-num-1,小孩子在很多人面前在喷泉里玩耍
8596-num-2,小孩子在很少有人面前玩喷泉里玩耍
8597-num-1,孩子们在喷泉中玩耍，该喷泉正在地面上喷水
8597-num-2,孩子们在地面喷泉玩耍
8598-num-1,孩子们在喷泉中玩耍，该喷泉正在地面上喷水
8598-num-2,动物在喷泉中玩耍，从地面喷水
8599-num-1,孩子们在地面喷泉玩耍
8599-num-2,小孩子在很多人面前在喷泉里玩耍
8600-num-1,小孩子在很多人面前在喷泉里玩耍
8600-num-2,动物在喷泉中玩耍，从地面喷水
8601-num-1,小男孩在很多人面前在喷泉里玩耍
8601-num-2,孩子们在喷泉中玩耍，该喷泉正在地面上喷水
8602-num-1,小孩子在很少有人面前玩喷泉里玩耍
8602-num-2,孩子们在喷泉中玩耍，该喷泉正在地面上喷水
8603-num-1,孩子们在喷泉中玩耍，该喷泉正在地面上喷水
8603-num-2,小孩子在很多人面前在喷泉里玩耍
8604-num-1,一个骑着黄色泥土自行车的男人正在跳跃
8604-num-2,一辆黄色越自行车的人正在跳跃
8605-num-1,一辆黄色越自行车的人正在跳跃
8605-num-2,一辆黄色清洁自行车的人正在跳跃
8606-num-1,一辆黄色自行车的人是空降的
8606-num-2,一辆黄色自行车的骑自行车的人是空降的
8607-num-1,一辆黄色自行车的骑自行车的人是空降的
8607-num-2,黄色自行车上没有骑自行车的人
8608-num-1,一辆黄色自行车的人是空降的
8608-num-2,一辆黄色越自行车的人正在跳跃
8609-num-1,黄色自行车上没有骑自行车的人
8609-num-2,一辆黄色越自行车的人正在跳跃
8610-num-1,一个骑着黄色泥土自行车的男人正在跳跃
8610-num-2,一辆黄色自行车的骑自行车的人是空降的
8611-num-1,一辆黄色清洁自行车的人正在跳跃
8611-num-2,一辆黄色自行车的骑自行车的人是空降的
8612-num-1,一辆黄色越自行车的人正在跳跃
8612-num-2,一辆黄色自行车的骑自行车的人是空降的
8613-num-1,骑自行车在娱乐径上戴上贝雷帽的男人骑着
8613-num-2,一个男人穿着贝雷帽，正在娱乐小径上骑自行车
8614-num-1,一个男人穿着贝雷帽，正在娱乐小径上骑自行车
8614-num-2,一个女人穿着贝雷帽，正在娱乐径上骑自行车
8615-num-1,一个有灰色胡须的老人正在骑自行车
8615-num-2,一个带有灰色胡须的老人正在骑自行车
8616-num-1,一个有灰色胡须的老人没有骑自行车
8616-num-2,一个有灰色胡须的老人正在骑自行车
8617-num-1,一个带有灰色胡须的老人正在骑自行车
8617-num-2,一个男人穿着贝雷帽，正在娱乐小径上骑自行车
8618-num-1,一个男人穿着贝雷帽，正在娱乐小径上骑自行车
8618-num-2,一个有灰色胡须的老人没有骑自行车
8619-num-1,一个有灰色胡须的老人正在骑自行车
8619-num-2,骑自行车在娱乐径上戴上贝雷帽的男人骑着
8620-num-1,一个女人穿着贝雷帽，正在娱乐径上骑自行车
8620-num-2,一个有灰色胡须的老人正在骑自行车
8621-num-1,一个有灰色胡须的老人正在骑自行车
8621-num-2,一个男人穿着贝雷帽，正在娱乐小径上骑自行车
8622-num-1,五个成年人坐在石阶上
8622-num-2,五个成年人坐在石头制成的台阶上
8623-num-1,五个成年人坐在石阶上
8623-num-2,五个成年人坐在椅子上
8624-num-1,人们坐在墙上
8624-num-2,人们坐在墙附近
8625-num-1,人们坐在墙上
8625-num-2,人们站在墙上
8626-num-1,五个成年人坐在石阶上
8626-num-2,人们坐在墙附近
8627-num-1,五个成年人坐在石阶上
8627-num-2,人们站在墙上
8628-num-1,人们坐在墙上
8628-num-2,五个成年人坐在石头制成的台阶上
8629-num-1,五个成年人坐在椅子上
8629-num-2,人们坐在墙上
8630-num-1,人们坐在墙上
8630-num-2,五个成年人坐在石阶上
8631-num-1,一个人在攀岩，一个城市和海湾在后台
8631-num-2,一个人在攀岩，城市和海湾在后台
8632-num-1,一个人不是攀岩，一个城市和海湾在后台
8632-num-2,一个人在攀岩，一个城市和海湾在后台
8633-num-1,一个人正在攀岩，暂停和计算路线
8633-num-2,一个男人正在攀岩，停止和计算路线
8634-num-1,一个人正在攀岩，暂停和计算路线
8634-num-2,一个女人正在攀岩，暂停和计算路线
8635-num-1,一个男人正在攀岩，停止和计算路线
8635-num-2,一个人在攀岩，一个城市和海湾在后台
8636-num-1,一个女人正在攀岩，暂停和计算路线
8636-num-2,一个人在攀岩，一个城市和海湾在后台
8637-num-1,一个人正在攀岩，暂停和计算路线
8637-num-2,一个人在攀岩，城市和海湾在后台
8638-num-1,一个人不是攀岩，一个城市和海湾在后台
8638-num-2,一个人正在攀岩，暂停和计算路线
8639-num-1,一个人正在攀岩，暂停和计算路线
8639-num-2,一个人在攀岩，一个城市和海湾在后台
8640-num-1,一个穿着粉红色衬衫的小女孩正在玩T球并挥杆
8640-num-2,一个穿着粉红色衬衫的小女孩在玩T球并挥杆
8641-num-1,一个穿着粉红色衬衫的小女孩在玩T球并挥杆
8641-num-2,一个穿着粉红色衬衫的小男孩在玩T球并挥杆
8642-num-1,一个小女孩在发球台上打棒球
8642-num-2,一个小女孩在发球台上击球
8643-num-1,一个小女孩在发球台上错过了棒球
8643-num-2,一个小女孩在发球台上打棒球
8644-num-1,一个女孩正在用棒球打一点T恤
8644-num-2,一个小女孩在发球台上打棒球
8645-num-1,一个小女孩在发球台上击球
8645-num-2,一个穿着粉红色衬衫的小女孩在玩T球并挥杆
8646-num-1,一个小女孩在发球台上错过了棒球
8646-num-2,一个穿着粉红色衬衫的小女孩在玩T球并挥杆
8647-num-1,一个穿着粉红色衬衫的小女孩在玩T球并挥杆
8647-num-2,一个女孩正在用棒球打一点T恤
8648-num-1,一个穿着粉红色衬衫的小女孩正在玩T球并挥杆
8648-num-2,一个小女孩在发球台上打棒球
8649-num-1,一个小女孩在发球台上打棒球
8649-num-2,一个穿着粉红色衬衫的小男孩在玩T球并挥杆
8650-num-1,一个小女孩在发球台上打棒球
8650-num-2,一个穿着粉红色衬衫的小女孩在玩T球并挥杆
8651-num-1,人们在展览会上分组
8651-num-2,一群人聚集在博览会的一个看台上
8652-num-1,一群人聚集在博览会的一个看台上
8652-num-2,没有一群人聚集在博览会上
8653-num-1,人们站在狂欢节上
8653-num-2,人们站在游行
8654-num-1,人们站在狂欢节上
8654-num-2,人们正在狂欢节
8655-num-1,人们站在游行
8655-num-2,一群人聚集在博览会的一个看台上
8656-num-1,一群人聚集在博览会的一个看台上
8656-num-2,人们正在狂欢节
8657-num-1,人们在展览会上分组
8657-num-2,人们站在狂欢节上
8658-num-1,没有一群人聚集在博览会上
8658-num-2,人们站在狂欢节上
8659-num-1,一群人聚集在博览会的一个看台上
8659-num-2,人们站在狂欢节上
8660-num-1,一群旱冰鞋在街上排队
8660-num-2,一群旱冰鞋在路上排队
8661-num-1,一群旱冰鞋在街上排队
8661-num-2,一群旱冰鞋散落在街上
8662-num-1,旱冰鞋在山上滚动
8662-num-2,旱冰鞋在山上奔跑
8663-num-1,旱冰鞋在山上滚动
8663-num-2,旱冰鞋没有在山上滚动
8664-num-1,旱冰鞋在山上奔跑
8664-num-2,一群旱冰鞋在街上排队
8665-num-1,旱冰鞋没有在山上滚动
8665-num-2,一群旱冰鞋在街上排队
8666-num-1,一群旱冰鞋在路上排队
8666-num-2,旱冰鞋在山上滚动
8667-num-1,一群旱冰鞋散落在街上
8667-num-2,旱冰鞋在山上滚动
8668-num-1,旱冰鞋在山上滚动
8668-num-2,一群旱冰鞋在街上排队
8669-num-1,一个女人和一只狗一起游行
8669-num-2,一个女人正在和一只狗一起行走
8670-num-1,一个女人正和一只狗站在一起
8670-num-2,一个女人和一只狗一起游行
8671-num-1,一个女人在狗表演中向狗展示很长的头发
8671-num-2,女人在狗表演中展示了一只长发很长的狗
8672-num-1,一个女人在狗表演中向狗展示很短的头发
8672-num-2,一个女人在狗表演中向狗展示很长的头发
8673-num-1,女人在狗表演中展示了一只长发很长的狗
8673-num-2,一个女人和一只狗一起游行
8674-num-1,一个女人和一只狗一起游行
8674-num-2,一个女人在狗表演中向狗展示很短的头发
8675-num-1,一个女人正在和一只狗一起行走
8675-num-2,一个女人在狗表演中向狗展示很长的头发
8676-num-1,一个女人正和一只狗站在一起
8676-num-2,一个女人在狗表演中向狗展示很长的头发
8677-num-1,一个女人在狗表演中向狗展示很长的头发
8677-num-2,一个女人和一只狗一起游行
8678-num-1,滑板手正在跳下坡道
8678-num-2,滑板手正在跳下坡道
8679-num-1,滑板手正在跳下坡道
8679-num-2,没有滑板手从坡道上跳下来
8680-num-1,一个穿着黑色的男人穿着直线溜冰鞋，在铁轨上表演杂技
8680-num-2,一个穿着黑色的男人穿着直线溜冰鞋，并在轨道上表演技巧
8681-num-1,一个穿着黑色的男人穿着直线溜冰鞋，并在轨道上表演技巧
8681-num-2,一个穿着黑色的女人穿着直线溜冰鞋，在铁轨上表演
8682-num-1,一个穿着黑色的男人穿着直线溜冰鞋，在铁轨上表演杂技
8682-num-2,滑板手正在跳下坡道
8683-num-1,滑板手正在跳下坡道
8683-num-2,一个穿着黑色的女人穿着直线溜冰鞋，在铁轨上表演
8684-num-1,一个穿着黑色的男人穿着直线溜冰鞋，并在轨道上表演技巧
8684-num-2,滑板手正在跳下坡道
8685-num-1,没有滑板手从坡道上跳下来
8685-num-2,一个穿着黑色的男人穿着直线溜冰鞋，并在轨道上表演技巧
8686-num-1,一个穿着黑色的男人穿着直线溜冰鞋，并在轨道上表演技巧
8686-num-2,滑板手正在跳下坡道
8687-num-1,三个孩子在山上跑来跑去
8687-num-2,三个孩子在山上奔跑
8688-num-1,三个孩子在山上跑来跑去
8688-num-2,三个孩子跑到山上
8689-num-1,三个孩子沿着草山坡跑来
8689-num-2,三个孩子沿着草地覆盖着山坡
8690-num-1,三个孩子正在跑上草地的山坡
8690-num-2,三个孩子沿着草山坡跑来
8691-num-1,三个孩子沿着草地覆盖着山坡
8691-num-2,三个孩子在山上跑来跑去
8692-num-1,三个孩子在山上跑来跑去
8692-num-2,三个孩子正在跑上草地的山坡
8693-num-1,三个孩子沿着草山坡跑来
8693-num-2,三个孩子在山上奔跑
8694-num-1,三个孩子跑到山上
8694-num-2,三个孩子沿着草山坡跑来
8695-num-1,三个孩子沿着草山坡跑来
8695-num-2,三个孩子在山上跑来跑去
8696-num-1,一只黑色和橙色的鸟站在草坪上
8696-num-2,一只黑色和橙色的鸟站在草地上
8697-num-1,一只黑色和橙色的鸟站在草地上
8697-num-2,一只黑色和橙色的鸟不站在草地上
8698-num-1,带有黄色喙的黑鸟站在绿草
8698-num-2,一只带有黄色喙的黑鸟站在绿草中
8699-num-1,一只带有黄色喙的白鸟站在绿草
8699-num-2,一只带有黄色喙的黑鸟站在绿草中
8700-num-1,一只黑色和橙色的鸟站在草地上
8700-num-2,带有黄色喙的黑鸟站在绿草
8701-num-1,一只带有黄色喙的白鸟站在绿草
8701-num-2,一只黑色和橙色的鸟站在草地上
8702-num-1,一只黑色和橙色的鸟站在草坪上
8702-num-2,一只带有黄色喙的黑鸟站在绿草中
8703-num-1,一只带有黄色喙的黑鸟站在绿草中
8703-num-2,一只黑色和橙色的鸟不站在草地上
8704-num-1,一只黑色和橙色的鸟站在草地上
8704-num-2,一只带有黄色喙的黑鸟站在绿草中
8705-num-1,一个光着膀子的男人与一个在公园远足的女孩合影
8705-num-2,一个光着膀子的人与一个在公园远足的女孩合影
8706-num-1,一个光着膀子的男人与一个在公园远足的女孩合影
8706-num-2,一个光着膀子的女人和一个在公园远足的女孩合影
8707-num-1,一个没有衬衫的男人摆姿势，手臂张开在一个女人旁边
8707-num-2,一个没有衬衫的男人摆姿势，手臂在女人附近张开
8708-num-1,一个穿着衬衫的男人摆姿势，手臂张开在一个女人旁边
8708-num-2,一个没有衬衫的男人摆姿势，手臂张开在一个女人旁边
8709-num-1,一个光着膀子的男人与一个在公园远足的女孩合影
8709-num-2,一个没有衬衫的男人摆姿势，手臂在女人附近张开
8710-num-1,一个光着膀子的男人与一个在公园远足的女孩合影
8710-num-2,一个穿着衬衫的男人摆姿势，手臂张开在一个女人旁边
8711-num-1,一个光着膀子的人与一个在公园远足的女孩合影
8711-num-2,一个没有衬衫的男人摆姿势，手臂张开在一个女人旁边
8712-num-1,一个没有衬衫的男人摆姿势，手臂张开在一个女人旁边
8712-num-2,一个光着膀子的女人和一个在公园远足的女孩合影
8713-num-1,一个没有衬衫的男人摆姿势，手臂张开在一个女人旁边
8713-num-2,一个光着膀子的男人与一个在公园远足的女孩合影
8714-num-1,两只白狗迅速一起奔跑
8714-num-2,两只白狗一起奔跑
8715-num-1,两只白狗没有一起奔跑
8715-num-2,两只白狗一起奔跑
8716-num-1,两只白幼犬在游泳池附近玩耍
8716-num-2,两只白幼犬在水附近玩耍
8717-num-1,两只黑色小狗在游泳池附近玩耍
8717-num-2,两只白幼犬在游泳池附近玩耍
8718-num-1,两只白狗一起奔跑
8718-num-2,两只白幼犬在水附近玩耍
8719-num-1,两只白狗一起奔跑
8719-num-2,两只黑色小狗在游泳池附近玩耍
8720-num-1,两只白狗迅速一起奔跑
8720-num-2,两只白幼犬在游泳池附近玩耍
8721-num-1,两只白幼犬在游泳池附近玩耍
8721-num-2,两只白狗没有一起奔跑
8722-num-1,两只白幼犬在游泳池附近玩耍
8722-num-2,两只白狗一起奔跑
8723-num-1,一群人站在一个声音混合桌旁
8723-num-2,一群人站在声音混合控制台周围
8724-num-1,一群人没有站在声音混合桌旁
8724-num-2,一群人站在一个声音混合桌旁
8725-num-1,一群人正在看音响设备
8725-num-2,有些人正在看音响设备
8726-num-1,一群人不在看音响设备
8726-num-2,一群人正在看音响设备
8727-num-1,一群人站在一个声音混合桌旁
8727-num-2,有些人正在看音响设备
8728-num-1,一群人站在一个声音混合桌旁
8728-num-2,一群人不在看音响设备
8729-num-1,一群人正在看音响设备
8729-num-2,一群人站在声音混合控制台周围
8730-num-1,一群人正在看音响设备
8730-num-2,一群人没有站在声音混合桌旁
8731-num-1,一群人正在看音响设备
8731-num-2,一群人站在一个声音混合桌旁
8732-num-1,一对年轻夫妇在床上睡觉
8732-num-2,一对年轻夫妇躺在床上
8733-num-1,一对年轻夫妇躺在床上
8733-num-2,一对年轻夫妇不躺在床上
8734-num-1,一对年轻夫妇一起躺在床上
8734-num-2,一对夫妇一起躺在床上
8735-num-1,一对年轻夫妇一起躺在床上
8735-num-2,一对年轻夫妇一起躺在沙发上
8736-num-1,一对年轻夫妇躺在床上
8736-num-2,一对夫妇一起躺在床上
8737-num-1,一对年轻夫妇一起躺在沙发上
8737-num-2,一对年轻夫妇躺在床上
8738-num-1,一对年轻夫妇在床上睡觉
8738-num-2,一对年轻夫妇一起躺在床上
8739-num-1,一对年轻夫妇一起躺在床上
8739-num-2,一对年轻夫妇不躺在床上
8740-num-1,一对年轻夫妇躺在床上
8740-num-2,一对年轻夫妇一起躺在床上
8741-num-1,三个人在河上走过绳子和木桥
8741-num-2,三个人在河上行走绳子和木桥
8742-num-1,三个人在河上行走绳子和木桥
8742-num-2,三个人在河上走过绳索和钢桥
8743-num-1,人们在岩石溪流上越过绳子桥
8743-num-2,人们正越过岩石桥上的岩石溪流
8744-num-1,人们正越过岩石桥上的岩石溪流
8744-num-2,人们没有在岩石溪流上行走
8745-num-1,人们在岩石溪流上越过绳子桥
8745-num-2,三个人在河上行走绳子和木桥
8746-num-1,三个人在河上行走绳子和木桥
8746-num-2,人们没有在岩石溪流上行走
8747-num-1,三个人在河上走过绳子和木桥
8747-num-2,人们正越过岩石桥上的岩石溪流
8748-num-1,三个人在河上走过绳索和钢桥
8748-num-2,人们正越过岩石桥上的岩石溪流
8749-num-1,人们正越过岩石桥上的岩石溪流
8749-num-2,三个人在河上行走绳子和木桥
8750-num-1,四个人在河上的桥上行走
8750-num-2,四个人在一座水面上行走
8751-num-1,四个人在一座水面上行走
8751-num-2,四个人坐在一座水上的桥上
8752-num-1,几个人在一座桥上越过
8752-num-2,几个人在一座桥上排队行走
8753-num-1,几个人在一座桥上排队行走
8753-num-2,几个人没有在桥上排队行走
8754-num-1,几个人在一座桥上越过
8754-num-2,四个人在一座水面上行走
8755-num-1,四个人在一座水面上行走
8755-num-2,几个人没有在桥上排队行走
8756-num-1,四个人在河上的桥上行走
8756-num-2,几个人在一座桥上排队行走
8757-num-1,四个人坐在一座水上的桥上
8757-num-2,几个人在一座桥上排队行走
8758-num-1,四个人在一座水面上行走
8758-num-2,几个人在一座桥上排队行走
8759-num-1,一个小男孩跳入水中
8759-num-2,一个小孩子正在跳入水中
8760-num-1,一个小男孩跳出水
8760-num-2,一个小男孩跳入水中
8761-num-1,一个男孩穿着黄色外套，从岩石上跳下来
8761-num-2,一个孩子穿着黄色外套，从岩石上跳下来
8762-num-1,一个孩子穿着黄色外套，从岩石上跳下来
8762-num-2,一个孩子穿着黄色夹克，跳上岩石
8763-num-1,一个男孩穿着黄色外套，从岩石上跳下来
8763-num-2,一个小男孩跳入水中
8764-num-1,一个小男孩跳入水中
8764-num-2,一个孩子穿着黄色夹克，跳上岩石
8765-num-1,一个孩子穿着黄色外套，从岩石上跳下来
8765-num-2,一个小孩子正在跳入水中
8766-num-1,一个小男孩跳出水
8766-num-2,一个孩子穿着黄色外套，从岩石上跳下来
8767-num-1,一个孩子穿着黄色外套，从岩石上跳下来
8767-num-2,一个小男孩跳入水中
8768-num-1,小孩正在人行道上骑三轮踏板车
8768-num-2,一个小孩正在人行道上骑三轮踏板车
8769-num-1,没有小孩在人行道上骑三轮踏板车
8769-num-2,一个小孩正在人行道上骑三轮踏板车
8770-num-1,一个小孩正在骑塑料踏板车玩具
8770-num-2,一个小孩正在玩塑料踏板车玩具
8771-num-1,一个小孩正在骑塑料踏板车玩具
8771-num-2,一个小孩不是骑塑料踏板车玩具
8772-num-1,一个小孩正在玩塑料踏板车玩具
8772-num-2,一个小孩正在人行道上骑三轮踏板车
8773-num-1,一个小孩不是骑塑料踏板车玩具
8773-num-2,一个小孩正在人行道上骑三轮踏板车
8774-num-1,小孩正在人行道上骑三轮踏板车
8774-num-2,一个小孩正在骑塑料踏板车玩具
8775-num-1,没有小孩在人行道上骑三轮踏板车
8775-num-2,一个小孩正在骑塑料踏板车玩具
8776-num-1,一个小孩正在骑塑料踏板车玩具
8776-num-2,一个小孩正在人行道上骑三轮踏板车
8777-num-1,三个人坐在山腰上，看着一对双筒望远镜的景色
8777-num-2,三名徒步旅行者坐在山腰上，用一对双筒望远镜看着景色
8778-num-1,三名徒步旅行者站在山腰上，用一对双筒望远镜看着景色
8778-num-2,三名徒步旅行者坐在山腰上，用一对双筒望远镜看着景色
8779-num-1,三个人躺在山上，看着山脉和天空
8779-num-2,三个人坐在山上看山和天空
8780-num-1,三个人坐在山上看山和天空
8780-num-2,三个人坐在山上看海
8781-num-1,三个人躺在山上，看着山脉和天空
8781-num-2,三名徒步旅行者坐在山腰上，用一对双筒望远镜看着景色
8782-num-1,三个人坐在山上看海
8782-num-2,三名徒步旅行者坐在山腰上，用一对双筒望远镜看着景色
8783-num-1,三个人坐在山腰上，看着一对双筒望远镜的景色
8783-num-2,三个人坐在山上看山和天空
8784-num-1,三名徒步旅行者站在山腰上，用一对双筒望远镜看着景色
8784-num-2,三个人坐在山上看山和天空
8785-num-1,三名徒步旅行者坐在山腰上，用一对双筒望远镜看着景色
8785-num-2,三个人坐在山上看山和天空
8786-num-1,一个女孩在人行道上跳过绳子
8786-num-2,一个女孩在街道附近跳过绳子
8787-num-1,一个女孩在公园里跳过绳子
8787-num-2,一个女孩在人行道上跳过绳子
8788-num-1,一个年轻的女孩在停车场附近的人行道上跳绳
8788-num-2,一个女孩在停车场附近的人行道上跳绳
8789-num-1,一个女孩在停车场附近的人行道上跳绳
8789-num-2,一个男孩在停车场附近的人行道上跳绳
8790-num-1,一个年轻的女孩在停车场附近的人行道上跳绳
8790-num-2,一个女孩在人行道上跳过绳子
8791-num-1,一个女孩在人行道上跳过绳子
8791-num-2,一个男孩在停车场附近的人行道上跳绳
8792-num-1,一个女孩在停车场附近的人行道上跳绳
8792-num-2,一个女孩在街道附近跳过绳子
8793-num-1,一个女孩在公园里跳过绳子
8793-num-2,一个女孩在停车场附近的人行道上跳绳
8794-num-1,一个女孩在停车场附近的人行道上跳绳
8794-num-2,一个女孩在人行道上跳过绳子
8795-num-1,人们晚上聚集在篝火旁
8795-num-2,人们晚上坐在篝火旁
8796-num-1,人们晚上聚集在篝火旁
8796-num-2,人们在早上篝火旁聚集
8797-num-1,晚上有几个人坐在火周围
8797-num-2,晚上有几个人聚集在大火周围
8798-num-1,晚上没有人坐在火周围
8798-num-2,晚上有几个人坐在火周围
8799-num-1,人们晚上聚集在篝火旁
8799-num-2,晚上有几个人聚集在大火周围
8800-num-1,晚上没有人坐在火周围
8800-num-2,人们晚上聚集在篝火旁
8801-num-1,人们晚上坐在篝火旁
8801-num-2,晚上有几个人坐在火周围
8802-num-1,人们在早上篝火旁聚集
8802-num-2,晚上有几个人坐在火周围
8803-num-1,晚上有几个人坐在火周围
8803-num-2,人们晚上聚集在篝火旁
8804-num-1,一只棕色的狗站在湖中
8804-num-2,一只棕色的狗站在水里
8805-num-1,一只白狗站在湖中
8805-num-2,一只棕色的狗站在湖中
8806-num-1,狗在水体中游泳
8806-num-2,动物在水体中游泳
8807-num-1,狗不是在水体中游泳
8807-num-2,狗在水体中游泳
8808-num-1,动物在水体中游泳
8808-num-2,一只棕色的狗站在湖中
8809-num-1,狗不是在水体中游泳
8809-num-2,一只棕色的狗站在湖中
8810-num-1,一只棕色的狗站在水里
8810-num-2,狗在水体中游泳
8811-num-1,一只白狗站在湖中
8811-num-2,狗在水体中游泳
8812-num-1,一只棕色的狗站在湖中
8812-num-2,狗在水体中游泳
8813-num-1,两只狗在公园里奔跑
8813-num-2,两只动物在公园里奔跑
8814-num-1,两只狗在海滩上奔跑
8814-num-2,两只狗在公园里奔跑
8815-num-1,两只狗迅速穿过公园
8815-num-2,两只狗迅速穿过公园
8816-num-1,两只狗正在慢慢走过公园
8816-num-2,两只狗迅速穿过公园
8817-num-1,两只狗迅速穿过公园
8817-num-2,两只狗在公园里奔跑
8818-num-1,两只狗正在慢慢走过公园
8818-num-2,两只狗在公园里奔跑
8819-num-1,两只动物在公园里奔跑
8819-num-2,两只狗迅速穿过公园
8820-num-1,两只狗在海滩上奔跑
8820-num-2,两只狗迅速穿过公园
8821-num-1,两只狗迅速穿过公园
8821-num-2,两只狗在公园里奔跑
8822-num-1,一个男孩在陡峭的滑梯上加速
8822-num-2,一个孩子正在陡峭的滑梯上超速
8823-num-1,一个女孩正在沿着陡峭的滑梯速度
8823-num-2,一个男孩在陡峭的滑梯上加速
8824-num-1,一个男孩穿着全黑，正在滑下吹黄色滑梯
8824-num-2,一个男孩穿着黑色，正在滑下吹幻灯片
8825-num-1,一个男孩穿着全黑，正在滑下吹黄色滑梯
8825-num-2,一个女孩穿着黑色，正在滑下吹黄色滑梯
8826-num-1,一个男孩在陡峭的滑梯上加速
8826-num-2,一个男孩穿着黑色，正在滑下吹幻灯片
8827-num-1,一个男孩在陡峭的滑梯上加速
8827-num-2,一个女孩穿着黑色，正在滑下吹黄色滑梯
8828-num-1,一个男孩穿着全黑，正在滑下吹黄色滑梯
8828-num-2,一个孩子正在陡峭的滑梯上超速
8829-num-1,一个男孩穿着全黑，正在滑下吹黄色滑梯
8829-num-2,一个女孩正在沿着陡峭的滑梯速度
8830-num-1,一个男孩在陡峭的滑梯上加速
8830-num-2,一个男孩穿着全黑，正在滑下吹黄色滑梯
8831-num-1,一个男人挂在阳台的壁架上
8831-num-2,一个人靠在阳台的壁架上
8832-num-1,一个女人靠在阳台的壁架上
8832-num-2,一个人靠在阳台的壁架上
8833-num-1,一个白色胡须的人站在阳台上，正在看着下面的道路
8833-num-2,一个有胡须的人站在阳台上，看着下面的道路
8834-num-1,一个有白色胡须的人坐在阳台上，看着下面的道路
8834-num-2,一个白色胡须的人站在阳台上，正在看着下面的道路
8835-num-1,一个人靠在阳台的壁架上
8835-num-2,一个有胡须的人站在阳台上，看着下面的道路
8836-num-1,一个有白色胡须的人坐在阳台上，看着下面的道路
8836-num-2,一个人靠在阳台的壁架上
8837-num-1,一个白色胡须的人站在阳台上，正在看着下面的道路
8837-num-2,一个男人挂在阳台的壁架上
8838-num-1,一个女人靠在阳台的壁架上
8838-num-2,一个白色胡须的人站在阳台上，正在看着下面的道路
8839-num-1,一个白色胡须的人站在阳台上，正在看着下面的道路
8839-num-2,一个人靠在阳台的壁架上
8840-num-1,一只小白狗在草坪上奔跑
8840-num-2,一只小白狗在草坪上奔跑
8841-num-1,一只小白狗在草坪上奔跑
8841-num-2,一只大白狗在草坪上奔跑
8842-num-1,一只带有棕色和黑色头巾的棕色和白狗快速运行
8842-num-2,一只带有棕色和黑色头巾的棕色和白狗非常快速运行
8843-num-1,一只带有棕色和黑色头巾的棕色和白狗非常快速运行
8843-num-2,一只带有棕色和黑色头巾的棕色和白色猫的运行速度很快
8844-num-1,一只小白狗在草坪上奔跑
8844-num-2,一只带有棕色和黑色头巾的棕色和白狗快速运行
8845-num-1,一只小白狗在草坪上奔跑
8845-num-2,一只带有棕色和黑色头巾的棕色和白色猫的运行速度很快
8846-num-1,一只带有棕色和黑色头巾的棕色和白狗非常快速运行
8846-num-2,一只小白狗在草坪上奔跑
8847-num-1,一只大白狗在草坪上奔跑
8847-num-2,一只带有棕色和黑色头巾的棕色和白狗非常快速运行
8848-num-1,一只带有棕色和黑色头巾的棕色和白狗非常快速运行
8848-num-2,一只小白狗在草坪上奔跑
8849-num-1,那只狗在皮带牵引上，正走出水面
8849-num-2,狗在皮带上，正在水边行走
8850-num-1,狗在皮带上，正在水中行走
8850-num-2,那只狗在皮带牵引上，正走出水面
8851-num-1,皮带上的黑狗在水中行走
8851-num-2,皮带上的狗在水中行走
8852-num-1,皮带上的黑狗在水中行走
8852-num-2,皮带上的一只白狗在水中行走
8853-num-1,皮带上的狗在水中行走
8853-num-2,那只狗在皮带牵引上，正走出水面
8854-num-1,皮带上的一只白狗在水中行走
8854-num-2,那只狗在皮带牵引上，正走出水面
8855-num-1,狗在皮带上，正在水边行走
8855-num-2,皮带上的黑狗在水中行走
8856-num-1,皮带上的黑狗在水中行走
8856-num-2,狗在皮带上，正在水中行走
8857-num-1,那只狗在皮带牵引上，正走出水面
8857-num-2,皮带上的黑狗在水中行走
8858-num-1,一个小女孩穿着绿色外套和一个男孩在雪地里行走
8858-num-2,一个穿着绿色外套的小女孩和一个拿着红雪橇的男孩在雪地里行走
8859-num-1,一个穿着绿色外套的小女孩和一个拿着红雪橇的男孩在雪地里行走
8859-num-2,一个穿着绿色外套的小女孩和一个抱着红雪橇的男孩躺在雪地里
8860-num-1,一个孩子穿着外套，穿着绿色和黑色外套的孩子在孩子身后
8860-num-2,一个孩子穿着外套，穿着绿色和黑色外套附近的孩子附近带有红色雪橇
8861-num-1,一个孩子不穿外套，穿着绿色和黑色外套的孩子在孩子身后携带红色雪橇
8861-num-2,一个孩子穿着外套，穿着绿色和黑色外套的孩子在孩子身后
8862-num-1,一个穿着绿色外套的小女孩和一个拿着红雪橇的男孩在雪地里行走
8862-num-2,一个孩子穿着外套，穿着绿色和黑色外套附近的孩子附近带有红色雪橇
8863-num-1,一个孩子不穿外套，穿着绿色和黑色外套的孩子在孩子身后携带红色雪橇
8863-num-2,一个穿着绿色外套的小女孩和一个拿着红雪橇的男孩在雪地里行走
8864-num-1,一个小女孩穿着绿色外套和一个男孩在雪地里行走
8864-num-2,一个孩子穿着外套，穿着绿色和黑色外套的孩子在孩子身后
8865-num-1,一个孩子穿着外套，穿着绿色和黑色外套的孩子在孩子身后
8865-num-2,一个穿着绿色外套的小女孩和一个抱着红雪橇的男孩躺在雪地里
8866-num-1,一个穿着绿色外套的小女孩和一个拿着红雪橇的男孩在雪地里行走
8866-num-2,一个孩子穿着外套，穿着绿色和黑色外套的孩子在孩子身后
8867-num-1,一个男孩坐在地上
8867-num-2,一个小孩坐下
8868-num-1,一个小孩站起来
8868-num-2,一个小孩坐下
8869-num-1,一个男孩坐在座位上
8869-num-2,一个小孩坐在座位上
8870-num-1,一个男孩坐在座位上
8870-num-2,一个女孩坐在座位上
8871-num-1,一个小孩坐在座位上
8871-num-2,一个小孩坐下
8872-num-1,一个小孩坐下
8872-num-2,一个女孩坐在座位上
8873-num-1,一个男孩坐在地上
8873-num-2,一个男孩坐在座位上
8874-num-1,一个男孩坐在座位上
8874-num-2,一个小孩站起来
8875-num-1,一个男孩坐在座位上
8875-num-2,一个小孩坐下
8876-num-1,一只狗正在捕捉黑色飞盘
8876-num-2,狗正在咬黑色飞盘
8877-num-1,一只狗正在捕捉黑色飞盘
8877-num-2,一只狗正在捕捉白色飞盘
8878-num-1,一只大湿黄色的狗正在找回玩具
8878-num-2,一只大湿黄狗拿着玩具
8879-num-1,一只大湿黄色的狗正在找回玩具
8879-num-2,一只大湿黄猫正在找回玩具
8880-num-1,一只大湿黄狗拿着玩具
8880-num-2,一只狗正在捕捉黑色飞盘
8881-num-1,一只狗正在捕捉黑色飞盘
8881-num-2,一只大湿黄猫正在找回玩具
8882-num-1,一只大湿黄色的狗正在找回玩具
8882-num-2,狗正在咬黑色飞盘
8883-num-1,一只大湿黄色的狗正在找回玩具
8883-num-2,一只狗正在捕捉白色飞盘
8884-num-1,一只大湿黄色的狗正在找回玩具
8884-num-2,一只狗正在捕捉黑色飞盘
8885-num-1,一个女人穿着长长的黑色外套和棕色帽子，然后走过一个有很多盛开的树木的公园
8885-num-2,一个女人穿着长长的黑色外套和棕色帽子，然后走过一个有很多盛开的树木的公园
8886-num-1,一个男人穿着长长的黑色外套和棕色帽子，然后走过一个有很多盛开的树木的公园
8886-num-2,一个女人穿着长长的黑色外套和棕色帽子，然后走过一个有很多盛开的树木的公园
8887-num-1,一个女人在城市街道上行走
8887-num-2,一个女人在道路上行走
8888-num-1,一个男人在城市街道上行走
8888-num-2,一个女人在城市街道上行走
8889-num-1,一个女人在道路上行走
8889-num-2,一个女人穿着长长的黑色外套和棕色帽子，然后走过一个有很多盛开的树木的公园
8890-num-1,一个男人在城市街道上行走
8890-num-2,一个女人穿着长长的黑色外套和棕色帽子，然后走过一个有很多盛开的树木的公园
8891-num-1,一个女人在城市街道上行走
8891-num-2,一个女人穿着长长的黑色外套和棕色帽子，然后走过一个有很多盛开的树木的公园
8892-num-1,一个女人在城市街道上行走
8892-num-2,一个男人穿着长长的黑色外套和棕色帽子，然后走过一个有很多盛开的树木的公园
8893-num-1,一个女人在城市街道上行走
8893-num-2,一个女人穿着长长的黑色外套和棕色帽子，然后走过一个有很多盛开的树木的公园
8894-num-1,两个人骑摩托车
8894-num-2,摩托车被两个人骑
8895-num-1,两个人没有骑摩托车
8895-num-2,两个人骑摩托车
8896-num-1,越野骑自行车的人骑在小径上
8896-num-2,骑自行车的人骑在小径上
8897-num-1,越野骑自行车的人没有骑在小径上
8897-num-2,越野骑自行车的人骑在小径上
8898-num-1,两个人骑摩托车
8898-num-2,骑自行车的人骑在小径上
8899-num-1,两个人骑摩托车
8899-num-2,越野骑自行车的人没有骑在小径上
8900-num-1,越野骑自行车的人骑在小径上
8900-num-2,摩托车被两个人骑
8901-num-1,越野骑自行车的人骑在小径上
8901-num-2,两个人没有骑摩托车
8902-num-1,两个人骑摩托车
8902-num-2,越野骑自行车的人骑在小径上
8903-num-1,一个人靠在杆子上，被人们包围
8903-num-2,一个人靠在杆子上，被包围
8904-num-1,一个女人靠在杆子上，被人包围
8904-num-2,一个人靠在杆子上，被人们包围
8905-num-1,一个中东男人站在背部，靠近其他人的灯具
8905-num-2,一个中东男人站在其他人附近的灯具上
8906-num-1,一个中东妇女正站在她的背上，在其他人附近的灯具上
8906-num-2,一个中东男人站在背部，靠近其他人的灯具
8907-num-1,一个中东男人站在其他人附近的灯具上
8907-num-2,一个人靠在杆子上，被人们包围
8908-num-1,一个中东妇女正站在她的背上，在其他人附近的灯具上
8908-num-2,一个人靠在杆子上，被人们包围
8909-num-1,一个中东男人站在背部，靠近其他人的灯具
8909-num-2,一个人靠在杆子上，被包围
8910-num-1,一个中东男人站在背部，靠近其他人的灯具
8910-num-2,一个女人靠在杆子上，被人包围
8911-num-1,一个中东男人站在背部，靠近其他人的灯具
8911-num-2,一个人靠在杆子上，被人们包围
8912-num-1,一对夫妇正在看街道指南
8912-num-2,一对夫妇正在看地图
8913-num-1,一对夫妇没有看地图
8913-num-2,一对夫妇正在看地图
8914-num-1,一个男人和一个女人站在美术馆前，正在看地图
8914-num-2,一个男人和一个女人站在美术馆前，正在看招牌
8915-num-1,一个男人和一个女人站在美术馆前，正在看地图
8915-num-2,一个男人和一个女人坐在美术馆前，正在看地图
8916-num-1,一个男人和一个女人站在美术馆前，正在看招牌
8916-num-2,一对夫妇正在看地图
8917-num-1,一个男人和一个女人坐在美术馆前，正在看地图
8917-num-2,一对夫妇正在看地图
8918-num-1,一对夫妇正在看街道指南
8918-num-2,一个男人和一个女人站在美术馆前，正在看地图
8919-num-1,一对夫妇没有看地图
8919-num-2,一个男人和一个女人站在美术馆前，正在看地图
8920-num-1,一个男人和一个女人站在美术馆前，正在看地图
8920-num-2,一对夫妇正在看地图
8921-num-1,狗在肮脏的道路上奔跑
8921-num-2,狗在砾石上奔跑
8922-num-1,猫在砾石上奔跑
8922-num-2,狗在砾石上奔跑
8923-num-1,一只小狗在海滩上奔跑
8923-num-2,一只小狗在沙滩上奔跑
8924-num-1,一只小狗在沙滩上奔跑
8924-num-2,没有小狗在沙滩上奔跑
8925-num-1,一只小狗在海滩上奔跑
8925-num-2,狗在砾石上奔跑
8926-num-1,没有小狗在沙滩上奔跑
8926-num-2,狗在砾石上奔跑
8927-num-1,狗在肮脏的道路上奔跑
8927-num-2,一只小狗在沙滩上奔跑
8928-num-1,一只小狗在沙滩上奔跑
8928-num-2,猫在砾石上奔跑
8929-num-1,一只小狗在沙滩上奔跑
8929-num-2,狗在砾石上奔跑
8930-num-1,一个穿着橙色短裤的男孩站在水上的岩石悬崖上，另一个穿着黑色短裤的男孩正在水中跳入水中
8930-num-2,一个穿着橙色短裤的男孩站在水上的岩石悬崖上，另一个穿着黑色短裤的男孩跳入水中
8931-num-1,一个穿着橙色短裤的女孩站在水上的岩石悬崖上，另一个穿着黑色短裤的女孩跳入水中
8931-num-2,一个穿着橙色短裤的男孩站在水上的岩石悬崖上，另一个穿着黑色短裤的男孩跳入水中
8932-num-1,两名雄性站在悬崖边缘，一个正在跳入大海
8932-num-2,两名雄性站在悬崖边缘，一只跳入水中
8933-num-1,两名雄性站在悬崖边缘，一只跳入水中
8933-num-2,两名雄性站在悬崖边缘，没有人跳入水中
8934-num-1,一个穿着橙色短裤的男孩站在水上的岩石悬崖上，另一个穿着黑色短裤的男孩跳入水中
8934-num-2,两名雄性站在悬崖边缘，一个正在跳入大海
8935-num-1,两名雄性站在悬崖边缘，没有人跳入水中
8935-num-2,一个穿着橙色短裤的男孩站在水上的岩石悬崖上，另一个穿着黑色短裤的男孩跳入水中
8936-num-1,一个穿着橙色短裤的男孩站在水上的岩石悬崖上，另一个穿着黑色短裤的男孩正在水中跳入水中
8936-num-2,两名雄性站在悬崖边缘，一只跳入水中
8937-num-1,一个穿着橙色短裤的女孩站在水上的岩石悬崖上，另一个穿着黑色短裤的女孩跳入水中
8937-num-2,两名雄性站在悬崖边缘，一只跳入水中
8938-num-1,一个穿着橙色短裤的男孩站在水上的岩石悬崖上，另一个穿着黑色短裤的男孩跳入水中
8938-num-2,两名雄性站在悬崖边缘，一只跳入水中
8939-num-1,一个男孩正在玩木块的游戏
8939-num-2,一个男孩正在玩游戏，上面有木头制成的块
8940-num-1,一个男孩正在玩钢块的游戏
8940-num-2,一个男孩正在玩木块的游戏
8941-num-1,一位穿着蓝色衬衫的男孩在桌子上的一堆块上看着他的手
8941-num-2,那个穿着蓝色衬衫的男孩在桌子上的一堆街区附近看着他的手
8942-num-1,一位穿着蓝色衬衫的男孩在桌子上的一堆块上看着他的手
8942-num-2,一位穿着蓝色衬衫的女人在桌子上的一堆街区看着她的手
8943-num-1,那个穿着蓝色衬衫的男孩在桌子上的一堆街区附近看着他的手
8943-num-2,一个男孩正在玩木块的游戏
8944-num-1,一个男孩正在玩木块的游戏
8944-num-2,一位穿着蓝色衬衫的女人在桌子上的一堆街区看着她的手
8945-num-1,一个男孩正在玩游戏，上面有木头制成的块
8945-num-2,一位穿着蓝色衬衫的男孩在桌子上的一堆块上看着他的手
8946-num-1,一位穿着蓝色衬衫的男孩在桌子上的一堆块上看着他的手
8946-num-2,一个男孩正在玩钢块的游戏
8947-num-1,一位穿着蓝色衬衫的男孩在桌子上的一堆块上看着他的手
8947-num-2,一个男孩正在玩木块的游戏
8948-num-1,一名比基尼的女人在海滨牵引一只狗
8948-num-2,一个比基尼的女人在海滩上拉一只狗
8949-num-1,一个比基尼的女人在海滩上拉一只狗
8949-num-2,一个比基尼的女人在海滩上拉一只猫
8950-num-1,一个女人正和一条狗站在海滩上
8950-num-2,一个女人正站在海滩上，有一只动物在皮带上
8951-num-1,一个女人在海滩上跑着狗在皮带上
8951-num-2,一个女人正和一条狗站在海滩上
8952-num-1,一个比基尼的女人在海滩上拉一只狗
8952-num-2,一个女人正站在海滩上，有一只动物在皮带上
8953-num-1,一个女人在海滩上跑着狗在皮带上
8953-num-2,一个比基尼的女人在海滩上拉一只狗
8954-num-1,一个女人正和一条狗站在海滩上
8954-num-2,一名比基尼的女人在海滨牵引一只狗
8955-num-1,一个比基尼的女人在海滩上拉一只猫
8955-num-2,一个女人正和一条狗站在海滩上
8956-num-1,一个女人正和一条狗站在海滩上
8956-num-2,一个比基尼的女人在海滩上拉一只狗
8957-num-1,一小群人站着，两个人坐在沙发上
8957-num-2,一小群人站着，两个人坐在沙发上
8958-num-1,一大批人站着，两个人坐在沙发上
8958-num-2,一小群人站着，两个人坐在沙发上
8959-num-1,一群五个年轻人在房间里闲逛
8959-num-2,一组五名年轻人在室内闲逛
8960-num-1,一组五个老年人在室内闲逛
8960-num-2,一组五名年轻人在室内闲逛
8961-num-1,一群五个年轻人在房间里闲逛
8961-num-2,一小群人站着，两个人坐在沙发上
8962-num-1,一组五个老年人在室内闲逛
8962-num-2,一小群人站着，两个人坐在沙发上
8963-num-1,一小群人站着，两个人坐在沙发上
8963-num-2,一组五名年轻人在室内闲逛
8964-num-1,一大批人站着，两个人坐在沙发上
8964-num-2,一组五名年轻人在室内闲逛
8965-num-1,一小群人站着，两个人坐在沙发上
8965-num-2,一组五名年轻人在室内闲逛
8966-num-1,狗的头在红色和绿色的礼品袋中
8966-num-2,狗的头在红色和绿色的礼品袋中
8967-num-1,一只狗的头在红色和绿色的礼品袋外面
8967-num-2,狗的头在红色和绿色的礼品袋中
8968-num-1,一只红色和棕色的狗在节日礼物袋里挖鼻子
8968-num-2,红狗和棕色的狗在节日礼物袋里挖鼻子
8969-num-1,红狗和棕色的狗在节日礼物袋里挖鼻子
8969-num-2,红色和棕色的狗没有在节日礼物袋中挖鼻子
8970-num-1,狗的头在红色和绿色的礼品袋中
8970-num-2,一只红色和棕色的狗在节日礼物袋里挖鼻子
8971-num-1,狗的头在红色和绿色的礼品袋中
8971-num-2,红色和棕色的狗没有在节日礼物袋中挖鼻子
8972-num-1,红狗和棕色的狗在节日礼物袋里挖鼻子
8972-num-2,狗的头在红色和绿色的礼品袋中
8973-num-1,一只狗的头在红色和绿色的礼品袋外面
8973-num-2,红狗和棕色的狗在节日礼物袋里挖鼻子
8974-num-1,狗的头在红色和绿色的礼品袋中
8974-num-2,红狗和棕色的狗在节日礼物袋里挖鼻子
8975-num-1,这个男人在雪地里骑自行车，穿着红色外套
8975-num-2,骑手在雪中骑自行车，穿着红色外套
8976-num-1,骑手在雨中骑自行车，穿着红色外套
8976-num-2,骑手在雪中骑自行车，穿着红色外套
8977-num-1,骑自行车的人在黑暗中骑自行车
8977-num-2,骑自行车的人晚上在雪森林中骑自行车
8978-num-1,骑自行车的人当天在白雪皑皑的森林中骑自行车
8978-num-2,骑自行车的人晚上在雪森林中骑自行车
8979-num-1,骑自行车的人在黑暗中骑自行车
8979-num-2,骑手在雪中骑自行车，穿着红色外套
8980-num-1,骑手在雪中骑自行车，穿着红色外套
8980-num-2,骑自行车的人当天在白雪皑皑的森林中骑自行车
8981-num-1,骑自行车的人晚上在雪森林中骑自行车
8981-num-2,这个男人在雪地里骑自行车，穿着红色外套
8982-num-1,骑手在雨中骑自行车，穿着红色外套
8982-num-2,骑自行车的人晚上在雪森林中骑自行车
8983-num-1,骑自行车的人晚上在雪森林中骑自行车
8983-num-2,骑手在雪中骑自行车，穿着红色外套
8984-num-1,一个穿着比基尼的女孩在沙丘上玩
8984-num-2,一个穿着比基尼的女孩在沙滩上玩耍
8985-num-1,一个穿着比基尼的女孩在沙丘上玩
8985-num-2,没有穿比基尼的女孩在沙丘上玩
8986-num-1,一个比基尼穿着比基尼的年轻女孩在海滩上跳跃
8986-num-2,一个穿着游泳套房的年轻女孩在海滩上跳跃
8987-num-1,一个比基尼穿着比基尼的年轻女孩在海滩上跳跃
8987-num-2,一个比基尼的年轻女孩坐在海滩上
8988-num-1,一个穿着游泳套房的年轻女孩在海滩上跳跃
8988-num-2,一个穿着比基尼的女孩在沙丘上玩
8989-num-1,一个穿着比基尼的女孩在沙丘上玩
8989-num-2,一个比基尼的年轻女孩坐在海滩上
8990-num-1,一个比基尼穿着比基尼的年轻女孩在海滩上跳跃
8990-num-2,一个穿着比基尼的女孩在沙滩上玩耍
8991-num-1,一个比基尼穿着比基尼的年轻女孩在海滩上跳跃
8991-num-2,没有穿比基尼的女孩在沙丘上玩
8992-num-1,一个比基尼穿着比基尼的年轻女孩在海滩上跳跃
8992-num-2,一个穿着比基尼的女孩在沙丘上玩
8993-num-1,一个男孩戴着帽子，正在湿沙中行走
8993-num-2,一个小孩子戴着帽子，正在湿沙中行走
8994-num-1,一个小孩戴着帽子，正在干燥的沙滩上行走
8994-num-2,一个小孩子戴着帽子，正在湿沙中行走
8995-num-1,一个湿的孩子穿沙子，正在戴着小帽子行走
8995-num-2,一个小孩子戴着帽子，正在湿沙中行走
8996-num-1,一个男孩正在海滩上跑来戴白帽子
8996-num-2,一个男孩戴着白帽子，在海滩上奔跑
8997-num-1,一个男孩戴着白帽子，在海滩上奔跑
8997-num-2,一个男孩戴着白帽子，正在海滩上行走
8998-num-1,一个小孩子戴着帽子，正在湿沙中行走
8998-num-2,一个男孩正在海滩上跑来戴白帽子
8999-num-1,一个男孩戴着白帽子，正在海滩上行走
8999-num-2,一个小孩子戴着帽子，正在湿沙中行走
9000-num-1,一个男孩戴着帽子，正在湿沙中行走
9000-num-2,一个男孩戴着白帽子，在海滩上奔跑
9001-num-1,一个男孩戴着白帽子，在海滩上奔跑
9001-num-2,一个小孩戴着帽子，正在干燥的沙滩上行走
9002-num-1,一个男孩戴着白帽子，在海滩上奔跑
9002-num-2,一个湿的孩子穿沙子，正在戴着小帽子行走
9003-num-1,一个男孩戴着白帽子，在海滩上奔跑
9003-num-2,一个小孩子戴着帽子，正在湿沙中行走
9004-num-1,一个纸板箱被一个黑色帽子的男人触摸
9004-num-2,一个黑帽子的男人正在触摸纸板箱
9005-num-1,一个戴着白帽子的男人正在触摸纸板箱
9005-num-2,一个黑帽子的男人正在触摸纸板箱
9006-num-1,一个戴着黑色帽子的男人正在伸出一个盒子
9006-num-2,一个戴着黑帽子的人正在伸到一个盒子里
9007-num-1,一个戴着黑帽子的男人没有伸手去拿盒子
9007-num-2,一个戴着黑色帽子的男人正在伸出一个盒子
9008-num-1,一个黑帽子的男人正在触摸纸板箱
9008-num-2,一个戴着黑帽子的人正在伸到一个盒子里
9009-num-1,一个黑帽子的男人正在触摸纸板箱
9009-num-2,一个戴着黑帽子的男人没有伸手去拿盒子
9010-num-1,一个戴着黑色帽子的男人正在伸出一个盒子
9010-num-2,一个纸板箱被一个黑色帽子的男人触摸
9011-num-1,一个戴着白帽子的男人正在触摸纸板箱
9011-num-2,一个戴着黑色帽子的男人正在伸出一个盒子
9012-num-1,一个戴着黑色帽子的男人正在伸出一个盒子
9012-num-2,一个黑帽子的男人正在触摸纸板箱
9013-num-1,一个金发的孩子正在滑下来，伸出双臂
9013-num-2,一个金发的孩子正在滑下来，伸出双臂
9014-num-1,一个金发的孩子正在滑下来，伸出双臂
9014-num-2,一个黑发的孩子正在滑下来，伸出双臂
9015-num-1,当她在滑梯上玩耍时
9015-num-2,当她滑动时，一个带有心脏背心的年轻女孩举起双手
9016-num-1,当她滑动时，一个带有心脏背心的年轻女孩举起双手
9016-num-2,一个带有心脏背心的小男孩在滑动时举起双手
9017-num-1,当她在滑梯上玩耍时
9017-num-2,一个金发的孩子正在滑下来，伸出双臂
9018-num-1,一个带有心脏背心的小男孩在滑动时举起双手
9018-num-2,一个金发的孩子正在滑下来，伸出双臂
9019-num-1,当她滑动时，一个带有心脏背心的年轻女孩举起双手
9019-num-2,一个金发的孩子正在滑下来，伸出双臂
9020-num-1,一个黑发的孩子正在滑下来，伸出双臂
9020-num-2,当她滑动时，一个带有心脏背心的年轻女孩举起双手
9021-num-1,一个金发的孩子正在滑下来，伸出双臂
9021-num-2,当她滑动时，一个带有心脏背心的年轻女孩举起双手
9022-num-1,两只狗在海滩上玩耍
9022-num-2,两只狗在海滩上玩耍
9023-num-1,两只狗在海滩上玩耍
9023-num-2,两只狗在森林里玩耍
9024-num-1,一只棕色的狗在岩石海岸上奔跑
9024-num-2,一只棕色的狗在岩石海岸上奔跑
9025-num-1,一只棕色的狗在岩石海岸上奔跑
9025-num-2,一只棕色的狗在岩石海岸上奔跑
9026-num-1,两只狗在海滩上玩耍
9026-num-2,一只棕色的狗在岩石海岸上奔跑
9027-num-1,两只狗在海滩上玩耍
9027-num-2,一只棕色的狗在岩石海岸上奔跑
9028-num-1,两只狗在海滩上玩耍
9028-num-2,一只棕色的狗在岩石海岸上奔跑
9029-num-1,两只狗在森林里玩耍
9029-num-2,一只棕色的狗在岩石海岸上奔跑
9030-num-1,一只棕色的狗在岩石海岸上奔跑
9030-num-2,两只狗在海滩上玩耍
9031-num-1,两只狗在岩石海滩上玩耍
9031-num-2,两只狗在岩石制成的海滩上玩耍
9032-num-1,两只狗在沙滩上玩耍
9032-num-2,两只狗在岩石海滩上玩耍
9033-num-1,一只黑狗在卵石海滩上接近金狗
9033-num-2,一只黑色动物正在卵石海滩上接近金狗
9034-num-1,一只黑狗在卵石海滩上接近金狗
9034-num-2,一只白狗在卵石海滩上接近金狗
9035-num-1,一只黑色动物正在卵石海滩上接近金狗
9035-num-2,两只狗在岩石海滩上玩耍
9036-num-1,一只白狗在卵石海滩上接近金狗
9036-num-2,两只狗在岩石海滩上玩耍
9037-num-1,两只狗在岩石制成的海滩上玩耍
9037-num-2,一只黑狗在卵石海滩上接近金狗
9038-num-1,一只黑狗在卵石海滩上接近金狗
9038-num-2,两只狗在沙滩上玩耍
9039-num-1,两只狗在岩石海滩上玩耍
9039-num-2,一只黑狗在卵石海滩上接近金狗
9040-num-1,一只大白狗在雪地上覆盖着雪地
9040-num-2,一只大白狗在雪地上跳跃在空中
9041-num-1,一只大黑狗在雪地上跳动
9041-num-2,一只大白狗在雪地上跳跃在空中
9042-num-1,一只大白狗在雪中跳来跳去
9042-num-2,一只大的白色动物在雪中跳来跳去
9043-num-1,一只小白狗在雪中跳来跳去
9043-num-2,一只大白狗在雪中跳来跳去
9044-num-1,一只大白狗在雪地上跳跃在空中
9044-num-2,一只大的白色动物在雪中跳来跳去
9045-num-1,一只大白狗在雪地上跳跃在空中
9045-num-2,一只小白狗在雪中跳来跳去
9046-num-1,一只大白狗在雪地上覆盖着雪地
9046-num-2,一只大白狗在雪中跳来跳去
9047-num-1,一只大白狗在雪中跳来跳去
9047-num-2,一只大黑狗在雪地上跳动
9048-num-1,一只大白狗在雪中跳来跳去
9048-num-2,一只大白狗在雪地上跳跃在空中
9049-num-1,两个小男孩戴着帽子，伸出颜色的舌头
9049-num-2,两个小孩戴着帽子，伸出颜色的舌头
9050-num-1,两个小男孩戴着帽子，伸出颜色的舌头
9050-num-2,两个年轻女孩戴着帽子，伸出颜色的舌头
9051-num-1,一对孩子伸出蓝色和绿色的舌头
9051-num-2,两个孩子伸出蓝色和绿色的舌头
9052-num-1,两个孩子没有伸出蓝色和绿色的舌头
9052-num-2,两个孩子伸出蓝色和绿色的舌头
9053-num-1,一对孩子伸出蓝色和绿色的舌头
9053-num-2,两个小男孩戴着帽子，伸出颜色的舌头
9054-num-1,两个小男孩戴着帽子，伸出颜色的舌头
9054-num-2,两个孩子没有伸出蓝色和绿色的舌头
9055-num-1,两个小孩戴着帽子，伸出颜色的舌头
9055-num-2,两个孩子伸出蓝色和绿色的舌头
9056-num-1,两个年轻女孩戴着帽子，伸出颜色的舌头
9056-num-2,两个孩子伸出蓝色和绿色的舌头
9057-num-1,两个孩子伸出蓝色和绿色的舌头
9057-num-2,两个小男孩戴着帽子，伸出颜色的舌头
9058-num-1,一只狗站在山的侧面
9058-num-2,一只狗站在山上
9059-num-1,山的侧面没有狗
9059-num-2,一只狗站在山的侧面
9060-num-1,一只白狗站在被草覆盖的山上
9060-num-2,一只白狗站在草地上
9061-num-1,一只白狗站在草地上
9061-num-2,一只黑狗站在草地上
9062-num-1,一只狗站在山的侧面
9062-num-2,一只白狗站在被草覆盖的山上
9063-num-1,一只狗站在山的侧面
9063-num-2,一只黑狗站在草地上
9064-num-1,一只狗站在山上
9064-num-2,一只白狗站在草地上
9065-num-1,山的侧面没有狗
9065-num-2,一只白狗站在草地上
9066-num-1,一只白狗站在草地上
9066-num-2,一只狗站在山的侧面
9067-num-1,两个孩子在肮脏的水中滚动
9067-num-2,两个孩子在泥泞的水中滚动
9068-num-1,两个孩子在干净的水中滚动
9068-num-2,两个孩子在泥泞的水中滚动
9069-num-1,两个男孩躺在海滩附近的海洋中
9069-num-2,两个男孩躺在海滩附近的水中
9070-num-1,两个男孩躺在海滩附近的海洋中
9070-num-2,两个男孩躺在海滩的海洋中
9071-num-1,两个孩子在泥泞的水中滚动
9071-num-2,两个男孩躺在海滩附近的水中
9072-num-1,两个孩子在泥泞的水中滚动
9072-num-2,两个男孩躺在海滩的海洋中
9073-num-1,两个孩子在肮脏的水中滚动
9073-num-2,两个男孩躺在海滩附近的海洋中
9074-num-1,两个孩子在干净的水中滚动
9074-num-2,两个男孩躺在海滩附近的海洋中
9075-num-1,两个孩子在泥泞的水中滚动
9075-num-2,两个男孩躺在海滩附近的海洋中
9076-num-1,一只黑色和棕色的狗正在苍蝇
9076-num-2,一只黑色和棕色的狗正在注视昆虫
9077-num-1,一只黑色和棕色的猫正在苍蝇
9077-num-2,一只黑色和棕色的狗正在苍蝇
9078-num-1,一只棕色和黑狗正在向上抬头
9078-num-2,一只棕色和黑狗将鼻子向上指向
9079-num-1,一只棕色和黑狗将鼻子向上指向
9079-num-2,一只棕色和黑狗向下指向鼻子
9080-num-1,一只棕色和黑狗正在向上抬头
9080-num-2,一只黑色和棕色的狗正在苍蝇
9081-num-1,一只黑色和棕色的狗正在苍蝇
9081-num-2,一只棕色和黑狗向下指向鼻子
9082-num-1,一只棕色和黑狗将鼻子向上指向
9082-num-2,一只黑色和棕色的狗正在注视昆虫
9083-num-1,一只棕色和黑狗将鼻子向上指向
9083-num-2,一只黑色和棕色的猫正在苍蝇
9084-num-1,一只黑色和棕色的狗正在苍蝇
9084-num-2,一只棕色和黑狗将鼻子向上指向
9085-num-1,一个大个子坐在军事配件店里
9085-num-2,一个大个子坐在军事配件商店里
9086-num-1,一个大个子坐在军事配件商店里
9086-num-2,一个小男人坐在军事配件商店里
9087-num-1,退伍军人正在向某些人展示不同的事物
9087-num-2,退伍军人向某些人展示了与战争的不同事物
9088-num-1,没有资深人士向某些人展示事物
9088-num-2,退伍军人正在向某些人展示不同的事物
9089-num-1,退伍军人向某些人展示了与战争的不同事物
9089-num-2,一个大个子坐在军事配件商店里
9090-num-1,没有资深人士向某些人展示事物
9090-num-2,一个大个子坐在军事配件商店里
9091-num-1,退伍军人正在向某些人展示不同的事物
9091-num-2,一个大个子坐在军事配件店里
9092-num-1,退伍军人正在向某些人展示不同的事物
9092-num-2,一个小男人坐在军事配件商店里
9093-num-1,一个大个子坐在军事配件商店里
9093-num-2,退伍军人正在向某些人展示不同的事物
9094-num-1,一只灰狗在草地上弹跳足球
9094-num-2,一只灰狗在草坪上弹跳足球
9095-num-1,一只灰狗在草地上弹跳足球
9095-num-2,一只灰狗在草地上的头上弹跳了一个网球
9096-num-1,一只带有蓝领的狗正在花园里玩球
9096-num-2,一条带有蓝领的狗在外面玩球
9097-num-1,蓝领的狗没有在外面玩球
9097-num-2,一条带有蓝领的狗在外面玩球
9098-num-1,一只带有蓝领的狗正在花园里玩球
9098-num-2,一只灰狗在草地上弹跳足球
9099-num-1,蓝领的狗没有在外面玩球
9099-num-2,一只灰狗在草地上弹跳足球
9100-num-1,一只灰狗在草坪上弹跳足球
9100-num-2,一条带有蓝领的狗在外面玩球
9101-num-1,一只灰狗在草地上的头上弹跳了一个网球
9101-num-2,一条带有蓝领的狗在外面玩球
9102-num-1,一条带有蓝领的狗在外面玩球
9102-num-2,一只灰狗在草地上弹跳足球
9103-num-1,一个年轻的黑人孩子站在一些水桶附近的水域边缘
9103-num-2,一个年轻的黑人孩子正在等待一些水桶附近的水的边缘
9104-num-1,一个年轻的白人孩子不站在一些水桶附近的水的边缘
9104-num-2,一个年轻的黑人孩子站在一些水桶附近的水域边缘
9105-num-1,一个男孩旁边的一些破布拿着东西
9105-num-2,一个男孩旁边的抹布拿着一个物体
9106-num-1,一个男孩旁边的抹布拿着一个物体
9106-num-2,一个男孩旁边的一些抹布没有拿着物体
9107-num-1,一个男孩旁边的一些破布拿着东西
9107-num-2,一个年轻的黑人孩子站在一些水桶附近的水域边缘
9108-num-1,一个年轻的黑人孩子站在一些水桶附近的水域边缘
9108-num-2,一个男孩旁边的一些抹布没有拿着物体
9109-num-1,一个男孩旁边的抹布拿着一个物体
9109-num-2,一个年轻的黑人孩子正在等待一些水桶附近的水的边缘
9110-num-1,一个男孩旁边的抹布拿着一个物体
9110-num-2,一个年轻的白人孩子不站在一些水桶附近的水的边缘
9111-num-1,一个男孩旁边的抹布拿着一个物体
9111-num-2,一个年轻的黑人孩子站在一些水桶附近的水域边缘
9112-num-1,两个孩子在公园踢足球
9112-num-2,两个孩子在公园里玩球
9113-num-1,两个孩子在公园踢足球
9113-num-2,两个孩子没有在公园踢足球
9114-num-1,两个小男孩在外面玩足球在绿草上
9114-num-2,孩子们在外面玩足球在绿草上
9115-num-1,两个小男孩在外面玩足球在绿草上
9115-num-2,外面没有小男孩在绿草上踢足球
9116-num-1,两个孩子在公园踢足球
9116-num-2,孩子们在外面玩足球在绿草上
9117-num-1,外面没有小男孩在绿草上踢足球
9117-num-2,两个孩子在公园踢足球
9118-num-1,两个小男孩在外面玩足球在绿草上
9118-num-2,两个孩子在公园里玩球
9119-num-1,两个孩子没有在公园踢足球
9119-num-2,两个小男孩在外面玩足球在绿草上
9120-num-1,两个小男孩在外面玩足球在绿草上
9120-num-2,两个孩子在公园踢足球
9121-num-1,女人穿着五颜六色的衬衫和很多珠宝
9121-num-2,女人穿着五颜六色的衬衫和很多珠宝
9122-num-1,女人穿着五颜六色的衬衫和很多珠宝
9122-num-2,一个男人穿着五颜六色的衬衫和很多珠宝
9123-num-1,一位年轻的女人，手上有印度衣服和指甲花，正在经历文书工作
9123-num-2,一个印度衣服和指甲花的女孩正在通过文书工作
9124-num-1,一个带印度衣服和指甲花的男人正在经历文书工作
9124-num-2,一个印度衣服和指甲花的女孩正在通过文书工作
9125-num-1,一位年轻的女人，手上有印度衣服和指甲花，正在经历文书工作
9125-num-2,女人穿着五颜六色的衬衫和很多珠宝
9126-num-1,女人穿着五颜六色的衬衫和很多珠宝
9126-num-2,一个带印度衣服和指甲花的男人正在经历文书工作
9127-num-1,一个印度衣服和指甲花的女孩正在通过文书工作
9127-num-2,女人穿着五颜六色的衬衫和很多珠宝
9128-num-1,一个印度衣服和指甲花的女孩正在通过文书工作
9128-num-2,一个男人穿着五颜六色的衬衫和很多珠宝
9129-num-1,女人穿着五颜六色的衬衫和很多珠宝
9129-num-2,一个印度衣服和指甲花的女孩正在通过文书工作
9130-num-1,一个男人站在健身房中间，穿着球衣
9130-num-2,一个男人站在健身房，穿着球衣
9131-num-1,一个男人站在健身房中间，穿着球衣
9131-num-2,没有人站在健身房中间，穿着球衣
9132-num-1,黑色球衣中的男人站在健身房
9132-num-2,一个穿着黑色球衣的男人站在健身房
9133-num-1,一个穿着黑色球衣的男人站在健身房
9133-num-2,一个穿着黑色球衣的女人站在健身房
9134-num-1,一个男人站在健身房中间，穿着球衣
9134-num-2,黑色球衣中的男人站在健身房
9135-num-1,一个男人站在健身房中间，穿着球衣
9135-num-2,一个穿着黑色球衣的女人站在健身房
9136-num-1,一个穿着黑色球衣的男人站在健身房
9136-num-2,一个男人站在健身房，穿着球衣
9137-num-1,没有人站在健身房中间，穿着球衣
9137-num-2,一个穿着黑色球衣的男人站在健身房
9138-num-1,一个男人站在健身房中间，穿着球衣
9138-num-2,一个穿着黑色球衣的男人站在健身房
9139-num-1,滑雪者正在下雪
9139-num-2,滑雪者正在跳下雪
9140-num-1,滑雪者正在跳下雪
9140-num-2,没有滑雪者跳下雪
9141-num-1,滑雪者正在跳下雪地的山丘
9141-num-2,滑雪者正在跳下一座白雪皑皑的山丘
9142-num-1,滑雪板没有跳下雪山的山丘
9142-num-2,滑雪者正在跳下雪地的山丘
9143-num-1,滑雪者正在跳下一座白雪皑皑的山丘
9143-num-2,滑雪者正在跳下雪
9144-num-1,滑雪者正在跳下雪
9144-num-2,滑雪板没有跳下雪山的山丘
9145-num-1,滑雪者正在跳下雪地的山丘
9145-num-2,滑雪者正在下雪
9146-num-1,没有滑雪者跳下雪
9146-num-2,滑雪者正在跳下雪地的山丘
9147-num-1,滑雪者正在跳下雪地的山丘
9147-num-2,滑雪者正在跳下雪
9148-num-1,一位女士穿着黑色连衣裙，正在携带白色十字架
9148-num-2,一位女士穿着黑色，正在携带白色十字架
9149-num-1,一个男孩穿着黑色连衣裙，正在携带白色十字架
9149-num-2,一位女士穿着黑色连衣裙，正在携带白色十字架
9150-num-1,一个穿着黑色连衣裙的女人正在拉车，站在两个坐在公园长凳上的男人面前
9150-num-2,一个穿着黑色礼服的女人正在拉车，站在两个坐在公园长凳上的男人附近
9151-num-1,一个穿着黑色礼服的男人正在拉车，站在两个坐在公园长凳上的男人面前
9151-num-2,一个穿着黑色连衣裙的女人正在拉车，站在两个坐在公园长凳上的男人面前
9152-num-1,一个穿着黑色礼服的女人正在拉车，站在两个坐在公园长凳上的男人附近
9152-num-2,一位女士穿着黑色连衣裙，正在携带白色十字架
9153-num-1,一位女士穿着黑色连衣裙，正在携带白色十字架
9153-num-2,一个穿着黑色礼服的男人正在拉车，站在两个坐在公园长凳上的男人面前
9154-num-1,一个穿着黑色连衣裙的女人正在拉车，站在两个坐在公园长凳上的男人面前
9154-num-2,一位女士穿着黑色，正在携带白色十字架
9155-num-1,一个穿着黑色连衣裙的女人正在拉车，站在两个坐在公园长凳上的男人面前
9155-num-2,一个男孩穿着黑色连衣裙，正在携带白色十字架
9156-num-1,一位女士穿着黑色连衣裙，正在携带白色十字架
9156-num-2,一个穿着黑色连衣裙的女人正在拉车，站在两个坐在公园长凳上的男人面前
9157-num-1,穿着泳衣的男孩坐在圆形喷泉的顶部
9157-num-2,穿着泳衣的男孩坐在圆形喷泉上
9158-num-1,没有男孩穿着泳衣坐在圆形喷泉的顶部
9158-num-2,穿着泳衣的男孩坐在圆形喷泉的顶部
9159-num-1,这个男孩站在喷泉的开口旁边
9159-num-2,一个男孩站在喷泉的开口旁边
9160-num-1,一个男孩站在喷泉的开口旁边
9160-num-2,一个女孩站在喷泉的开口旁边
9161-num-1,穿着泳衣的男孩坐在圆形喷泉的顶部
9161-num-2,这个男孩站在喷泉的开口旁边
9162-num-1,穿着泳衣的男孩坐在圆形喷泉的顶部
9162-num-2,一个女孩站在喷泉的开口旁边
9163-num-1,穿着泳衣的男孩坐在圆形喷泉上
9163-num-2,一个男孩站在喷泉的开口旁边
9164-num-1,没有男孩穿着泳衣坐在圆形喷泉的顶部
9164-num-2,一个男孩站在喷泉的开口旁边
9165-num-1,一个男孩站在喷泉的开口旁边
9165-num-2,穿着泳衣的男孩坐在圆形喷泉的顶部
9166-num-1,一只棕色和白色的动物在人行道上跳跃
9166-num-2,一只棕色和白狗在人行道上跳跃
9167-num-1,一只棕色和白猫在人行道上跳跃
9167-num-2,一只棕色和白狗在人行道上跳跃
9168-num-1,一只小棕色和白狗在人行道上奔跑
9168-num-2,一只小棕色和白狗在人行道上奔跑
9169-num-1,一只小棕色和白狗在人行道上奔跑
9169-num-2,一只小棕色和白狗在路上奔跑
9170-num-1,一只棕色和白狗在人行道上跳跃
9170-num-2,一只小棕色和白狗在人行道上奔跑
9171-num-1,一只棕色和白狗在人行道上跳跃
9171-num-2,一只小棕色和白狗在路上奔跑
9172-num-1,一只棕色和白色的动物在人行道上跳跃
9172-num-2,一只小棕色和白狗在人行道上奔跑
9173-num-1,一只小棕色和白狗在人行道上奔跑
9173-num-2,一只棕色和白猫在人行道上跳跃
9174-num-1,一只棕色和白狗在人行道上跳跃
9174-num-2,一只小棕色和白狗在人行道上奔跑
9175-num-1,这个人正在远足
9175-num-2,这个人在走路
9176-num-1,没有人正在远足
9176-num-2,这个人正在远足
9177-num-1,一个有蓝色背包的远方人正在岩石区远足
9177-num-2,一个有蓝色背包的远方人是远足区，里面满是岩石
9178-num-1,没有人在岩石地区有蓝色背包远足
9178-num-2,一个有蓝色背包的远方人正在岩石区远足
9179-num-1,一个有蓝色背包的远方人是远足区，里面满是岩石
9179-num-2,这个人正在远足
9180-num-1,没有人在岩石地区有蓝色背包远足
9180-num-2,这个人正在远足
9181-num-1,一个有蓝色背包的远方人正在岩石区远足
9181-num-2,这个人在走路
9182-num-1,没有人正在远足
9182-num-2,一个有蓝色背包的远方人正在岩石区远足
9183-num-1,一个有蓝色背包的远方人正在岩石区远足
9183-num-2,这个人正在远足
9184-num-1,一个球被黄色的狗追赶
9184-num-2,一只黄狗正在追逐球
9185-num-1,一只黄色的猫在追球
9185-num-2,一只黄狗正在追逐球
9186-num-1,一只狗正在开草，追求飞行的网球
9186-num-2,一只狗正在开草，追捕飞球
9187-num-1,没有狗在草地上打球，然后追捕飞球
9187-num-2,一只狗正在开草，追捕飞球
9188-num-1,一只狗正在开草，追求飞行的网球
9188-num-2,一只黄狗正在追逐球
9189-num-1,没有狗在草地上打球，然后追捕飞球
9189-num-2,一只黄狗正在追逐球
9190-num-1,一只狗正在开草，追捕飞球
9190-num-2,一个球被黄色的狗追赶
9191-num-1,一只黄色的猫在追球
9191-num-2,一只狗正在开草，追捕飞球
9192-num-1,一只黄狗正在追逐球
9192-num-2,一只狗正在开草，追捕飞球
9193-num-1,一个穿着蓝色牛仔裤的女人站在一个由石头制成的房子旁边的孩子面前
9193-num-2,一个穿着蓝色牛仔裤的女人站在一群孩子旁边的一群孩子面前
9194-num-1,一个穿着蓝色牛仔裤的男人站在一群孩子旁边的一群孩子面前
9194-num-2,一个穿着蓝色牛仔裤的女人站在一群孩子旁边的一群孩子面前
9195-num-1,一位女士站在街上，被小学生包围
9195-num-2,一位女士站在街上，被孩子包围
9196-num-1,一位女士站在街上，被小学生包围
9196-num-2,没有女士站在街上，被小学生包围
9197-num-1,一位女士站在街上，被孩子包围
9197-num-2,一个穿着蓝色牛仔裤的女人站在一群孩子旁边的一群孩子面前
9198-num-1,一个穿着蓝色牛仔裤的女人站在一群孩子旁边的一群孩子面前
9198-num-2,没有女士站在街上，被小学生包围
9199-num-1,一位女士站在街上，被小学生包围
9199-num-2,一个穿着蓝色牛仔裤的女人站在一个由石头制成的房子旁边的孩子面前
9200-num-1,一位女士站在街上，被小学生包围
9200-num-2,一个穿着蓝色牛仔裤的男人站在一群孩子旁边的一群孩子面前
9201-num-1,一个穿着蓝色牛仔裤的女人站在一群孩子旁边的一群孩子面前
9201-num-2,一位女士站在街上，被小学生包围
9202-num-1,一个奇怪的衣服的女孩正在骑自行车
9202-num-2,一辆奇怪的衣服的女孩正在骑自行车
9203-num-1,一个奇怪的衣服的女孩正在骑自行车
9203-num-2,一个奇怪的衣服的男孩正在骑自行车
9204-num-1,一个女人穿着油漆和服装，正在繁忙的街道上骑自行车
9204-num-2,一辆骑自行车在繁忙的街道上骑着油漆和服装的女人骑着
9205-num-1,一个女人穿着油漆和服装件，正在空旷的街道上骑自行车
9205-num-2,一个女人穿着油漆和服装，正在繁忙的街道上骑自行车
9206-num-1,一个奇怪的衣服的女孩正在骑自行车
9206-num-2,一辆骑自行车在繁忙的街道上骑着油漆和服装的女人骑着
9207-num-1,一个女人穿着油漆和服装件，正在空旷的街道上骑自行车
9207-num-2,一个奇怪的衣服的女孩正在骑自行车
9208-num-1,一辆奇怪的衣服的女孩正在骑自行车
9208-num-2,一个女人穿着油漆和服装，正在繁忙的街道上骑自行车
9209-num-1,一个奇怪的衣服的男孩正在骑自行车
9209-num-2,一个女人穿着油漆和服装，正在繁忙的街道上骑自行车
9210-num-1,一个女人穿着油漆和服装，正在繁忙的街道上骑自行车
9210-num-2,一个奇怪的衣服的女孩正在骑自行车
9211-num-1,一个人在木头上跳入空中
9211-num-2,一个人在树木繁茂的地区跳入空中
9212-num-1,没有人在树木繁茂的地区跳入空中
9212-num-2,一个人在树木繁茂的地区跳入空中
9213-num-1,一个没有衬衫的男人正在跳过原木
9213-num-2,一个光着膀子的男人跳过原木
9214-num-1,一个光着膀子的男人跳过原木
9214-num-2,一个光着膀子的女人跳过原木
9215-num-1,一个没有衬衫的男人正在跳过原木
9215-num-2,一个人在树木繁茂的地区跳入空中
9216-num-1,一个光着膀子的女人跳过原木
9216-num-2,一个人在树木繁茂的地区跳入空中
9217-num-1,一个人在木头上跳入空中
9217-num-2,一个光着膀子的男人跳过原木
9218-num-1,没有人在树木繁茂的地区跳入空中
9218-num-2,一个光着膀子的男人跳过原木
9219-num-1,一个光着膀子的男人跳过原木
9219-num-2,一个人在树木繁茂的地区跳入空中
9220-num-1,黑狗在嘴里带着蓝色和白色的球
9220-num-2,黑狗在嘴里带着蓝色和白色玩具
9221-num-1,白狗在嘴里带着蓝色和白色的球
9221-num-2,黑狗在嘴里带着蓝色和白色的球
9222-num-1,一只狗在排球奔跑
9222-num-2,一只狗在奔跑
9223-num-1,没有排球的狗
9223-num-2,一只狗在排球奔跑
9224-num-1,一只狗在奔跑
9224-num-2,黑狗在嘴里带着蓝色和白色的球
9225-num-1,没有排球的狗
9225-num-2,黑狗在嘴里带着蓝色和白色的球
9226-num-1,一只狗在排球奔跑
9226-num-2,黑狗在嘴里带着蓝色和白色玩具
9227-num-1,白狗在嘴里带着蓝色和白色的球
9227-num-2,一只狗在排球奔跑
9228-num-1,黑狗在嘴里带着蓝色和白色的球
9228-num-2,一只狗在排球奔跑
9229-num-1,乐队中的一个女孩正在演奏长笛
9229-num-2,乐队中的一个女孩正在演奏乐器
9230-num-1,乐队中的一个女孩正在演奏长笛
9230-num-2,乐队中的一个男孩正在演奏长笛
9231-num-1,一个穿着制服的女孩正在和一支游行乐队一起演奏长笛
9231-num-2,一个穿着制服的女孩和乐队一起演奏长笛
9232-num-1,一个穿着制服的女孩正在和一支游行乐队一起演奏长笛
9232-num-2,穿着制服的女孩没有和一支游行乐队一起演奏长笛
9233-num-1,一个穿着制服的女孩和乐队一起演奏长笛
9233-num-2,乐队中的一个女孩正在演奏长笛
9234-num-1,穿着制服的女孩没有和一支游行乐队一起演奏长笛
9234-num-2,乐队中的一个女孩正在演奏长笛
9235-num-1,一个穿着制服的女孩正在和一支游行乐队一起演奏长笛
9235-num-2,乐队中的一个女孩正在演奏乐器
9236-num-1,乐队中的一个男孩正在演奏长笛
9236-num-2,一个穿着制服的女孩正在和一支游行乐队一起演奏长笛
9237-num-1,一个穿着制服的女孩正在和一支游行乐队一起演奏长笛
9237-num-2,乐队中的一个女孩正在演奏长笛
9238-num-1,一个男人站在一辆经典的美国汽车的方向盘上
9238-num-2,一个人站在一辆经典的美国汽车的方向盘上，它的门和树干打开
9239-num-1,一个男人站在一辆经典的美国汽车的方向盘上
9239-num-2,一个女人站在一辆经典的美国汽车的方向盘上，它的门和树干打开
9240-num-1,蓝色的男人在车辆旁边摆姿势
9240-num-2,蓝色的男人在汽车旁边摆张照片
9241-num-1,蓝色的男人在汽车旁边摆张照片
9241-num-2,蓝色的女人在汽车旁边摆张照片
9242-num-1,蓝色的男人在车辆旁边摆姿势
9242-num-2,一个男人站在一辆经典的美国汽车的方向盘上
9243-num-1,一个男人站在一辆经典的美国汽车的方向盘上
9243-num-2,蓝色的女人在汽车旁边摆张照片
9244-num-1,一个人站在一辆经典的美国汽车的方向盘上，它的门和树干打开
9244-num-2,蓝色的男人在汽车旁边摆张照片
9245-num-1,一个女人站在一辆经典的美国汽车的方向盘上，它的门和树干打开
9245-num-2,蓝色的男人在汽车旁边摆张照片
9246-num-1,一个男人站在一辆经典的美国汽车的方向盘上
9246-num-2,蓝色的男人在汽车旁边摆张照片
9247-num-1,两个人坐在白色的长凳上
9247-num-2,两个人坐在长凳上
9248-num-1,两个人站在长凳上
9248-num-2,两个人坐在长凳上
9249-num-1,女人正坐在花床附近，正在俯瞰隧道
9249-num-2,一个女人坐在花床附近，正在俯瞰隧道
9250-num-1,一个男人坐在花床附近，正在俯瞰隧道
9250-num-2,一个女人坐在花床附近，正在俯瞰隧道
9251-num-1,女人正坐在花床附近，正在俯瞰隧道
9251-num-2,两个人坐在长凳上
9252-num-1,一个男人坐在花床附近，正在俯瞰隧道
9252-num-2,两个人坐在长凳上
9253-num-1,两个人坐在白色的长凳上
9253-num-2,一个女人坐在花床附近，正在俯瞰隧道
9254-num-1,一个女人坐在花床附近，正在俯瞰隧道
9254-num-2,两个人站在长凳上
9255-num-1,一个女人坐在花床附近，正在俯瞰隧道
9255-num-2,两个人坐在长凳上
9256-num-1,一个男人戴着透明的塑料帽和面具
9256-num-2,一个男人戴着透明的塑料帽和面罩
9257-num-1,一个男人没有戴着透明的塑料帽和口罩
9257-num-2,一个男人戴着透明的塑料帽和面罩
9258-num-1,一个砖墙的男人在他的嘴周围戴着口罩和一个发自
9258-num-2,一个用砖块制成的墙壁的男人在他的嘴上戴着口罩和一个发自
9259-num-1,一个砖墙的男人在他的嘴周围戴着口罩和一个发自
9259-num-2,一个砖墙的女人在她的嘴周围戴着口罩，发自
9260-num-1,一个用砖块制成的墙壁的男人在他的嘴上戴着口罩和一个发自
9260-num-2,一个男人戴着透明的塑料帽和面罩
9261-num-1,一个男人戴着透明的塑料帽和面罩
9261-num-2,一个砖墙的女人在她的嘴周围戴着口罩，发自
9262-num-1,一个男人戴着透明的塑料帽和面具
9262-num-2,一个砖墙的男人在他的嘴周围戴着口罩和一个发自
9263-num-1,一个砖墙的男人在他的嘴周围戴着口罩和一个发自
9263-num-2,一个男人没有戴着透明的塑料帽和口罩
9264-num-1,一个砖墙的男人在他的嘴周围戴着口罩和一个发自
9264-num-2,一个男人戴着透明的塑料帽和面罩
9265-num-1,两只狗在后腿上的狗窝里，彼此面对
9265-num-2,两只动物在后腿上的狗窝里，彼此面对
9266-num-1,两只狗在后腿上的狗窝里，彼此面对
9266-num-2,两只猫在后腿上的狗窝里，彼此面对
9267-num-1,一只黑狗和一只黄狗正在互相玩耍
9267-num-2,两只狗互相玩耍
9268-num-1,黑狗和一只黄狗没有互相玩耍
9268-num-2,一只黑狗和一只黄狗正在互相玩耍
9269-num-1,两只狗在后腿上的狗窝里，彼此面对
9269-num-2,两只狗互相玩耍
9270-num-1,两只狗在后腿上的狗窝里，彼此面对
9270-num-2,黑狗和一只黄狗没有互相玩耍
9271-num-1,一只黑狗和一只黄狗正在互相玩耍
9271-num-2,两只动物在后腿上的狗窝里，彼此面对
9272-num-1,一只黑狗和一只黄狗正在互相玩耍
9272-num-2,两只猫在后腿上的狗窝里，彼此面对
9273-num-1,一只黑狗和一只黄狗正在互相玩耍
9273-num-2,两只狗在后腿上的狗窝里，彼此面对
9274-num-1,两只狗和两个人在树林里行走
9274-num-2,两只狗和两个人在木头上行走
9275-num-1,两只狗和两个人坐在树林里
9275-num-2,两只狗和两个人在树林里行走
9276-num-1,两个有狗的女人在森林道路上行走
9276-num-2,两个有狗的女孩在森林小路上行走
9277-num-1,两个有狗的女人在森林道路上行走
9277-num-2,有两个有狗的男人在森林小路上行走
9278-num-1,两个有狗的女孩在森林小路上行走
9278-num-2,两只狗和两个人在树林里行走
9279-num-1,两只狗和两个人在树林里行走
9279-num-2,有两个有狗的男人在森林小路上行走
9280-num-1,两只狗和两个人在木头上行走
9280-num-2,两个有狗的女人在森林道路上行走
9281-num-1,两个有狗的女人在森林道路上行走
9281-num-2,两只狗和两个人坐在树林里
9282-num-1,两个有狗的女人在森林道路上行走
9282-num-2,两只狗和两个人在树林里行走
9283-num-1,一个人在雪地里滑雪
9283-num-2,一个人在雪中滑雪
9284-num-1,一个人在雪地里滑雪
9284-num-2,一个女人在雪地里滑雪
9285-num-1,一个人在山上滑雪，越过红色的障碍物
9285-num-2,一个男人在山上滑雪，跳了一个红色的障碍物
9286-num-1,一个女人在山上滑雪，越过红色的障碍物
9286-num-2,一个人在山上滑雪，越过红色的障碍物
9287-num-1,一个男人在山上滑雪，跳了一个红色的障碍物
9287-num-2,一个人在雪地里滑雪
9288-num-1,一个女人在山上滑雪，越过红色的障碍物
9288-num-2,一个人在雪地里滑雪
9289-num-1,一个人在雪中滑雪
9289-num-2,一个人在山上滑雪，越过红色的障碍物
9290-num-1,一个女人在雪地里滑雪
9290-num-2,一个人在山上滑雪，越过红色的障碍物
9291-num-1,一个人在山上滑雪，越过红色的障碍物
9291-num-2,一个人在雪地里滑雪
9292-num-1,两个男人正在休息一下
9292-num-2,两个男人下班休息
9293-num-1,两个男人没有休息一下
9293-num-2,两个男人正在休息一下
9294-num-1,两名建筑工人坐在宫殿的侧面
9294-num-2,两名建筑工人正坐在建筑物的侧面
9295-num-1,两名建筑工人正坐在建筑物的侧面
9295-num-2,两名建筑工人坐在建筑物的顶部
9296-num-1,两名建筑工人坐在宫殿的侧面
9296-num-2,两个男人正在休息一下
9297-num-1,两名建筑工人坐在建筑物的顶部
9297-num-2,两个男人正在休息一下
9298-num-1,两个男人下班休息
9298-num-2,两名建筑工人正坐在建筑物的侧面
9299-num-1,两个男人没有休息一下
9299-num-2,两名建筑工人正坐在建筑物的侧面
9300-num-1,两个男人正在休息一下
9300-num-2,两名建筑工人正坐在建筑物的侧面
9301-num-1,穿着红色衬衫的男人正在用滑板做一个技巧
9301-num-2,穿着红色衬衫的男人正在用滑板做一个技巧
9302-num-1,穿着红色衬衫的男人正在用滚筒
9302-num-2,穿着红色衬衫的男人正在用滑板做一个技巧
9303-num-1,滑板手在空中跳跃
9303-num-2,滑板手在空中跳跃
9304-num-1,滑板手在空中跳跃
9304-num-2,没有滑板手在空中跳跃
9305-num-1,滑板手在空中跳跃
9305-num-2,穿着红色衬衫的男人正在用滑板做一个技巧
9306-num-1,没有滑板手在空中跳跃
9306-num-2,穿着红色衬衫的男人正在用滑板做一个技巧
9307-num-1,穿着红色衬衫的男人正在用滑板做一个技巧
9307-num-2,滑板手在空中跳跃
9308-num-1,滑板手在空中跳跃
9308-num-2,穿着红色衬衫的男人正在用滚筒
9309-num-1,滑板手在空中跳跃
9309-num-2,穿着红色衬衫的男人正在用滑板做一个技巧
9310-num-1,单板滑雪者正在磨削一条长长的混凝土轨道
9310-num-2,滑雪者正在磨一条长轨
9311-num-1,单板滑雪者正在磨削一条长长的混凝土轨道
9311-num-2,没有滑雪板磨碎一条长的混凝土轨道
9312-num-1,一个人在滑雪板上做杂技
9312-num-2,一个人在滑雪板上做技巧
9313-num-1,一个人没有在幻灯片上做技巧
9313-num-2,一个人在滑雪板上做技巧
9314-num-1,单板滑雪者正在磨削一条长长的混凝土轨道
9314-num-2,一个人在滑雪板上做杂技
9315-num-1,一个人没有在幻灯片上做技巧
9315-num-2,单板滑雪者正在磨削一条长长的混凝土轨道
9316-num-1,一个人在滑雪板上做技巧
9316-num-2,滑雪者正在磨一条长轨
9317-num-1,没有滑雪板磨碎一条长的混凝土轨道
9317-num-2,一个人在滑雪板上做技巧
9318-num-1,一个人在滑雪板上做技巧
9318-num-2,单板滑雪者正在磨削一条长长的混凝土轨道
9319-num-1,三个朋友正在为相机做面孔
9319-num-2,三个朋友正在拍照面孔
9320-num-1,三个朋友正在为相机做面孔
9320-num-2,三个敌人正在为相机制作面孔
9321-num-1,三个朋友正在为相机做面孔
9321-num-2,朋友们正在为相机做面孔
9322-num-1,两个男人和一个木面板墙前的女孩摆姿势带着有趣的面孔
9322-num-2,两个男人和一个在木面板墙前的女孩正在制作有趣的面孔
9323-num-1,两个男人和一个女孩在木面板墙后面摆着有趣的面孔
9323-num-2,两个男人和一个木面板墙前的女孩摆姿势带着有趣的面孔
9324-num-1,两个男人和一个在木面板墙前的女孩正在制作有趣的面孔
9324-num-2,三个朋友正在为相机做面孔
9325-num-1,三个朋友正在为相机做面孔
9325-num-2,两个男人和一个女孩在木面板墙后面摆着有趣的面孔
9326-num-1,三个朋友正在拍照面孔
9326-num-2,两个男人和一个木面板墙前的女孩摆姿势带着有趣的面孔
9327-num-1,两个男人和一个木面板墙前的女孩摆姿势带着有趣的面孔
9327-num-2,三个敌人正在为相机制作面孔
9328-num-1,两个男人和一个木面板墙前的女孩摆姿势带着有趣的面孔
9328-num-2,朋友们正在为相机做面孔
9329-num-1,三个朋友正在为相机做面孔
9329-num-2,两个男人和一个木面板墙前的女孩摆姿势带着有趣的面孔
9330-num-1,四个人沿着城市人行道行走，绿帽子里的一张正在打电话给某人
9330-num-2,四个人沿着城市人行道行走，绿帽子里的一张正在用手机说话
9331-num-1,四个人沿着城市人行道行走，绿帽子里的一张正在用手机说话
9331-num-2,有四个人沿着城市人行道行走，绿帽子里的一张没有在手机上说话
9332-num-1,一群人在街上行走，一个戴着绿帽子的人在电话上
9332-num-2,一群人在街上行走，一个戴着帽子的人在电话上
9333-num-1,一群人在街上行走，一个戴着绿帽子的人在电话上
9333-num-2,一群人没有走在街上，一个戴着绿帽的人在电话上
9334-num-1,四个人沿着城市人行道行走，绿帽子里的一张正在用手机说话
9334-num-2,一群人在街上行走，一个戴着帽子的人在电话上
9335-num-1,四个人沿着城市人行道行走，绿帽子里的一张正在用手机说话
9335-num-2,一群人没有走在街上，一个戴着绿帽的人在电话上
9336-num-1,一群人在街上行走，一个戴着绿帽子的人在电话上
9336-num-2,四个人沿着城市人行道行走，绿帽子里的一张正在打电话给某人
9337-num-1,一群人在街上行走，一个戴着绿帽子的人在电话上
9337-num-2,有四个人沿着城市人行道行走，绿帽子里的一张没有在手机上说话
9338-num-1,四个人沿着城市人行道行走，绿帽子里的一张正在用手机说话
9338-num-2,一群人在街上行走，一个戴着绿帽子的人在电话上
9339-num-1,一个人站在山边缘的雪地
9339-num-2,一个人站在山边缘的雪地
9340-num-1,一个人在山边缘的雪地里行走
9340-num-2,一个人站在山边缘的雪地
9341-num-1,一个男人站在黄昏，几乎是原始的，多雪的路上，只有大灯照亮
9341-num-2,一个人站在一条几乎原始的雪地上的黄昏，只有大灯照亮
9342-num-1,一个女人正站在黄昏，几乎是原始的雪道，只有大灯点亮
9342-num-2,一个男人站在黄昏，几乎是原始的，多雪的路上，只有大灯照亮
9343-num-1,一个人站在一条几乎原始的雪地上的黄昏，只有大灯照亮
9343-num-2,一个人站在山边缘的雪地
9344-num-1,一个人站在山边缘的雪地
9344-num-2,一个女人正站在黄昏，几乎是原始的雪道，只有大灯点亮
9345-num-1,一个男人站在黄昏，几乎是原始的，多雪的路上，只有大灯照亮
9345-num-2,一个人站在山边缘的雪地
9346-num-1,一个人在山边缘的雪地里行走
9346-num-2,一个男人站在黄昏，几乎是原始的，多雪的路上，只有大灯照亮
9347-num-1,一个男人站在黄昏，几乎是原始的，多雪的路上，只有大灯照亮
9347-num-2,一个人站在山边缘的雪地
9348-num-1,三个女人坐在编织的墙壁附近
9348-num-2,一些女人坐在编织的墙壁附近
9349-num-1,三个女人坐在编织的墙壁附近
9349-num-2,三个人坐在编织的墙壁附近
9350-num-1,三个妇女在一个村庄休息
9350-num-2,三个女人坐在一个村庄
9351-num-1,三个女人坐在一个村庄
9351-num-2,三个妇女在一个村庄里奔跑
9352-num-1,三个女人坐在编织的墙壁附近
9352-num-2,三个妇女在一个村庄休息
9353-num-1,三个妇女在一个村庄里奔跑
9353-num-2,三个女人坐在编织的墙壁附近
9354-num-1,一些女人坐在编织的墙壁附近
9354-num-2,三个女人坐在一个村庄
9355-num-1,三个人坐在编织的墙壁附近
9355-num-2,三个女人坐在一个村庄
9356-num-1,三个女人坐在编织的墙壁附近
9356-num-2,三个女人坐在一个村庄
9357-num-1,穿着黑色潜水衣的男人正在骑泡沫浪潮
9357-num-2,穿着黑色潜水衣的冲浪者正在骑泡沫浪潮
9358-num-1,穿着黑色潜水衣的冲浪者正在骑泡沫浪潮
9358-num-2,穿着白潜水衣的冲浪者正在骑泡沫浪潮
9359-num-1,冲浪者正在冲浪
9359-num-2,冲浪者正在冲浪一波
9360-num-1,冲浪者正在冲浪一波
9360-num-2,冲浪者正在冲浪一波
9361-num-1,穿着黑色潜水衣的冲浪者正在骑泡沫浪潮
9361-num-2,冲浪者正在冲浪
9362-num-1,冲浪者正在冲浪一波
9362-num-2,穿着黑色潜水衣的冲浪者正在骑泡沫浪潮
9363-num-1,穿着黑色潜水衣的男人正在骑泡沫浪潮
9363-num-2,冲浪者正在冲浪一波
9364-num-1,冲浪者正在冲浪一波
9364-num-2,穿着白潜水衣的冲浪者正在骑泡沫浪潮
9365-num-1,穿着黑色潜水衣的冲浪者正在骑泡沫浪潮
9365-num-2,冲浪者正在冲浪一波
9366-num-1,一个红色连帽外套和黑色背包的人正在岩石墙附近行走
9366-num-2,一个穿着红色连帽外套和黑色背包的人在岩石墙附近移动
9367-num-1,一个红色连帽外套和黑色背包的人正在岩石墙附近行走
9367-num-2,一个红色连帽外套和黑色背包的人没有在岩石墙附近行走
9368-num-1,一个穿着红色外套和卡其色裤子的男人正在穿越美国州
9368-num-2,穿着红色外套和卡其色裤子的人正在穿越美国州
9369-num-1,一个穿着红色外套和卡其色裤子的男人正在穿越欧洲州
9369-num-2,一个穿着红色外套和卡其色裤子的男人正在穿越美国州
9370-num-1,穿着红色外套和卡其色裤子的人正在穿越美国州
9370-num-2,一个红色连帽外套和黑色背包的人正在岩石墙附近行走
9371-num-1,一个红色连帽外套和黑色背包的人正在岩石墙附近行走
9371-num-2,一个穿着红色外套和卡其色裤子的男人正在穿越欧洲州
9372-num-1,一个穿着红色外套和卡其色裤子的男人正在穿越美国州
9372-num-2,一个穿着红色连帽外套和黑色背包的人在岩石墙附近移动
9373-num-1,一个穿着红色外套和卡其色裤子的男人正在穿越美国州
9373-num-2,一个红色连帽外套和黑色背包的人没有在岩石墙附近行走
9374-num-1,一个红色连帽外套和黑色背包的人正在岩石墙附近行走
9374-num-2,一个穿着红色外套和卡其色裤子的男人正在穿越美国州
9375-num-1,球员正在为足球运动
9375-num-2,球员正在为球操纵
9376-num-1,球员正在为足球运动
9376-num-2,球员正在为篮球运动
9377-num-1,一个绿色的男人正在击中足球，一个紫色和白色的男人正在倒下
9377-num-2,一个绿色的男人正在踢足球，一个紫色和白色的男人跌倒了
9378-num-1,一个绿色的男人正在踢足球，一个紫色和白色的男人正在上升
9378-num-2,一个绿色的男人正在踢足球，一个紫色和白色的男人跌倒了
9379-num-1,球员正在为足球运动
9379-num-2,一个绿色的男人正在击中足球，一个紫色和白色的男人正在倒下
9380-num-1,球员正在为足球运动
9380-num-2,一个绿色的男人正在踢足球，一个紫色和白色的男人正在上升
9381-num-1,球员正在为球操纵
9381-num-2,一个绿色的男人正在踢足球，一个紫色和白色的男人跌倒了
9382-num-1,球员正在为篮球运动
9382-num-2,一个绿色的男人正在踢足球，一个紫色和白色的男人跌倒了
9383-num-1,球员正在为足球运动
9383-num-2,一个绿色的男人正在踢足球，一个紫色和白色的男人跌倒了
9384-num-1,一个孩子在海洋中飞溅
9384-num-2,一个孩子在水中溅出
9385-num-1,一个孩子在游泳池里飞溅
9385-num-2,一个孩子在海洋中飞溅
9386-num-1,两个孩子在冲浪中玩耍
9386-num-2,两个孩子在玩
9387-num-1,两个孩子没有在冲浪中玩耍
9387-num-2,两个孩子在冲浪中玩耍
9388-num-1,两个孩子在玩
9388-num-2,一个孩子在海洋中飞溅
9389-num-1,一个孩子在海洋中飞溅
9389-num-2,两个孩子没有在冲浪中玩耍
9390-num-1,两个孩子在冲浪中玩耍
9390-num-2,一个孩子在水中溅出
9391-num-1,两个孩子在冲浪中玩耍
9391-num-2,一个孩子在游泳池里飞溅
9392-num-1,一个孩子在海洋中飞溅
9392-num-2,两个孩子在冲浪中玩耍
9393-num-1,一个男人穿着紫色的衬衫和黑色皮革，并为相机摆姿势
9393-num-2,模型穿着紫色衬衫和黑色皮革chap，并为相机摆姿势
9394-num-1,一个男人穿着紫色的衬衫和黑色皮革，并为相机摆姿势
9394-num-2,一个男人不穿紫色衬衫和黑色皮革，并为相机摆姿势
9395-num-1,那个穿着皮革和紫色衬衫制成的粉红色的人站在一些围观者的面前
9395-num-2,那个穿着皮革的男人和紫色的衬衫站在某人面前
9396-num-1,穿着皮革chap和紫色衬衫的女人站在旁观者面前
9396-num-2,那个穿着皮革的男人和紫色的衬衫站在某人面前
9397-num-1,那个穿着皮革和紫色衬衫制成的粉红色的人站在一些围观者的面前
9397-num-2,一个男人穿着紫色的衬衫和黑色皮革，并为相机摆姿势
9398-num-1,一个男人穿着紫色的衬衫和黑色皮革，并为相机摆姿势
9398-num-2,穿着皮革chap和紫色衬衫的女人站在旁观者面前
9399-num-1,模型穿着紫色衬衫和黑色皮革chap，并为相机摆姿势
9399-num-2,那个穿着皮革的男人和紫色的衬衫站在某人面前
9400-num-1,那个穿着皮革的男人和紫色的衬衫站在某人面前
9400-num-2,一个男人不穿紫色衬衫和黑色皮革，并为相机摆姿势
9401-num-1,那个穿着皮革的男人和紫色的衬衫站在某人面前
9401-num-2,一个男人穿着紫色的衬衫和黑色皮革，并为相机摆姿势
9402-num-1,两只狗正在奔跑，试图赶上足球
9402-num-2,两只狗正在奔跑，试图接球
9403-num-1,两只狗正在跑步并捉网球
9403-num-2,两只狗正在奔跑，试图赶上足球
9404-num-1,两只狗在草地上玩塑料玩具
9404-num-2,草坪上的两只狗正在玩塑料玩具
9405-num-1,草坪上的两只猫正在玩塑料玩具
9405-num-2,草坪上的两只狗正在玩塑料玩具
9406-num-1,两只狗正在奔跑，试图赶上足球
9406-num-2,两只狗在草地上玩塑料玩具
9407-num-1,两只狗正在奔跑，试图赶上足球
9407-num-2,草坪上的两只猫正在玩塑料玩具
9408-num-1,草坪上的两只狗正在玩塑料玩具
9408-num-2,两只狗正在奔跑，试图接球
9409-num-1,草坪上的两只狗正在玩塑料玩具
9409-num-2,两只狗正在跑步并捉网球
9410-num-1,两只狗正在奔跑，试图赶上足球
9410-num-2,草坪上的两只狗正在玩塑料玩具
9411-num-1,两个穿着绿色和红色服装的人在人行道上在外面
9411-num-2,两个穿着绿色和红色服装的人在街附近
9412-num-1,两个穿着绿色和红色服装的人在外面
9412-num-2,两个穿着绿色和红色服装的人在人行道上在外面
9413-num-1,穿着服装的男人在街上四处走动
9413-num-2,穿着服装的人在街上四处走动
9414-num-1,穿着服装的人坐在街上
9414-num-2,穿着服装的人在街上四处走动
9415-num-1,穿着服装的男人在街上四处走动
9415-num-2,两个穿着绿色和红色服装的人在人行道上在外面
9416-num-1,穿着服装的人坐在街上
9416-num-2,两个穿着绿色和红色服装的人在人行道上在外面
9417-num-1,穿着服装的人在街上四处走动
9417-num-2,两个穿着绿色和红色服装的人在街附近
9418-num-1,穿着服装的人在街上四处走动
9418-num-2,两个穿着绿色和红色服装的人在外面
9419-num-1,穿着服装的人在街上四处走动
9419-num-2,两个穿着绿色和红色服装的人在人行道上在外面
9420-num-1,一只狗在一个充满沙子的区域，沙子被搅动到空中，几个植物在后台
9420-num-2,一只狗在沙质区域，沙滩被搅动到空中，几种植物在后台
9421-num-1,一只狗在沙质区域，沙滩被搅动到空中，几种植物在后台
9421-num-2,一只猫在沙质区域，沙滩被搅动到空气中，有几种植物在后台
9422-num-1,一只狗在空中吹来的沙子
9422-num-2,一只狗在风中吹来的沙子
9423-num-1,在风中吹来的沙子里没有狗
9423-num-2,一只狗在风中吹来的沙子
9424-num-1,一只狗在沙质区域，沙滩被搅动到空中，几种植物在后台
9424-num-2,一只狗在空中吹来的沙子
9425-num-1,在风中吹来的沙子里没有狗
9425-num-2,一只狗在沙质区域，沙滩被搅动到空中，几种植物在后台
9426-num-1,一只狗在一个充满沙子的区域，沙子被搅动到空中，几个植物在后台
9426-num-2,一只狗在风中吹来的沙子
9427-num-1,一只狗在风中吹来的沙子
9427-num-2,一只猫在沙质区域，沙滩被搅动到空气中，有几种植物在后台
9428-num-1,一只狗在风中吹来的沙子
9428-num-2,一只狗在沙质区域，沙滩被搅动到空中，几种植物在后台
9429-num-1,黑白狗在田野里奔跑
9429-num-2,黑白狗在绿色院子里奔跑
9430-num-1,黑白狗坐在绿色的院子里
9430-num-2,黑白狗在绿色院子里奔跑
9431-num-1,黑白狗在户外跑步
9431-num-2,一只黑白狗在户外跑步
9432-num-1,黑白狗在室内运行
9432-num-2,黑白狗在户外跑步
9433-num-1,黑白狗在绿色院子里奔跑
9433-num-2,一只黑白狗在户外跑步
9434-num-1,黑白狗在室内运行
9434-num-2,黑白狗在绿色院子里奔跑
9435-num-1,黑白狗在田野里奔跑
9435-num-2,黑白狗在户外跑步
9436-num-1,黑白狗在户外跑步
9436-num-2,黑白狗坐在绿色的院子里
9437-num-1,黑白狗在绿色院子里奔跑
9437-num-2,黑白狗在户外跑步
9438-num-1,一对夫妇站在路边
9438-num-2,一个男人和一个女人站在路边
9439-num-1,一个男人和一个女人在路边跳跃
9439-num-2,一个男人和一个女人站在路边
9440-num-1,一个穿着蓝色衬衫和高跟鞋的女人站在人行道上
9440-num-2,一个穿着蓝色衬衫和高跟鞋的女人站在男人旁边的人行道上
9441-num-1,一个穿着蓝色衬衫和高跟鞋的女人站在人行道上
9441-num-2,一个穿着蓝色衬衫和高跟鞋的女人站在人行道上
9442-num-1,一个穿着蓝色衬衫和高跟鞋的女人站在男人旁边的人行道上
9442-num-2,一个男人和一个女人站在路边
9443-num-1,一个穿着蓝色衬衫和高跟鞋的女人站在人行道上
9443-num-2,一个男人和一个女人站在路边
9444-num-1,一个穿着蓝色衬衫和高跟鞋的女人站在人行道上
9444-num-2,一对夫妇站在路边
9445-num-1,一个穿着蓝色衬衫和高跟鞋的女人站在人行道上
9445-num-2,一个男人和一个女人在路边跳跃
9446-num-1,一个穿着蓝色衬衫和高跟鞋的女人站在人行道上
9446-num-2,一个男人和一个女人站在路边
9447-num-1,狗在一些树的阴影中跳跃
9447-num-2,一只狗在一些树的阴影中跳跃
9448-num-1,没有狗在一些树的阴影中跳跃
9448-num-2,一只狗在一些树的阴影中跳跃
9449-num-1,一只狗在一些树的阴影中跳跃
9449-num-2,一只狗在阴影中跳上树木
9450-num-1,一只狗在该国的空中高高地跳入空中
9450-num-2,一只狗在乡下跳入空中
9451-num-1,一只猫在该国的空中高高地跳入空中
9451-num-2,一只狗在该国的空中高高地跳入空中
9452-num-1,一只狗在乡下跳入空中
9452-num-2,一只狗在一些树的阴影中跳跃
9453-num-1,一只狗在一些树的阴影中跳跃
9453-num-2,一只猫在该国的空中高高地跳入空中
9454-num-1,一只狗在该国的空中高高地跳入空中
9454-num-2,狗在一些树的阴影中跳跃
9455-num-1,一只狗在该国的空中高高地跳入空中
9455-num-2,没有狗在一些树的阴影中跳跃
9456-num-1,一只狗在该国的空中高高地跳入空中
9456-num-2,一只狗在阴影中跳上树木
9457-num-1,一只狗在该国的空中高高地跳入空中
9457-num-2,一只狗在一些树的阴影中跳跃
9458-num-1,一辆绿色自行车的男人在泥土上表演技巧
9458-num-2,骑绿色自行车的人正在泥土坡道上表演技巧
9459-num-1,一辆绿色自行车的男人在泥土上表演技巧
9459-num-2,绿色汽车上的男人正在泥土上表演技巧
9460-num-1,自行车上的特技演员在水体附近的空气中
9460-num-2,骑自行车的人在水体附近的空中
9461-num-1,骑自行车的人不在水体附近的空中
9461-num-2,骑自行车的人在水体附近的空中
9462-num-1,一辆绿色自行车的男人在泥土上表演技巧
9462-num-2,自行车上的特技演员在水体附近的空气中
9463-num-1,一辆绿色自行车的男人在泥土上表演技巧
9463-num-2,骑自行车的人不在水体附近的空中
9464-num-1,骑自行车的人在水体附近的空中
9464-num-2,骑绿色自行车的人正在泥土坡道上表演技巧
9465-num-1,骑自行车的人在水体附近的空中
9465-num-2,绿色汽车上的男人正在泥土上表演技巧
9466-num-1,一辆绿色自行车的男人在泥土上表演技巧
9466-num-2,骑自行车的人在水体附近的空中
9467-num-1,一个小男孩坐在泳衣上，等待下一场比赛
9467-num-2,一名年轻游泳者坐在泳衣中，等待下一场比赛
9468-num-1,一名年轻游泳者坐在泳衣中，等待下一场比赛
9468-num-2,一名年轻游泳者站在泳衣上，等待下一场比赛
9469-num-1,一个孩子正在等待泳装
9469-num-2,一个孩子穿着游泳装备坐着
9470-num-1,一个女人坐着穿游泳装备
9470-num-2,一个孩子穿着游泳装备坐着
9471-num-1,一名年轻游泳者坐在泳衣中，等待下一场比赛
9471-num-2,一个孩子正在等待泳装
9472-num-1,一个女人坐着穿游泳装备
9472-num-2,一名年轻游泳者坐在泳衣中，等待下一场比赛
9473-num-1,一个小男孩坐在泳衣上，等待下一场比赛
9473-num-2,一个孩子穿着游泳装备坐着
9474-num-1,一个孩子穿着游泳装备坐着
9474-num-2,一名年轻游泳者站在泳衣上，等待下一场比赛
9475-num-1,一个孩子穿着游泳装备坐着
9475-num-2,一名年轻游泳者坐在泳衣中，等待下一场比赛
9476-num-1,一只黑狗和一只白狗在地板上摔跤
9476-num-2,一只黑狗和一只白狗在地上摔跤
9477-num-1,一只黑狗和一只白狗在床上摔跤
9477-num-2,一只黑狗和一只白狗在地上摔跤
9478-num-1,一只黑狗和一只棕褐色的狗在战斗
9478-num-2,两只狗在战斗
9479-num-1,黑狗和一只棕褐色的狗正在睡觉
9479-num-2,一只黑狗和一只棕褐色的狗在战斗
9480-num-1,一只黑狗和一只白狗在地上摔跤
9480-num-2,两只狗在战斗
9481-num-1,一只黑狗和一只白狗在地上摔跤
9481-num-2,黑狗和一只棕褐色的狗正在睡觉
9482-num-1,一只黑狗和一只棕褐色的狗在战斗
9482-num-2,一只黑狗和一只白狗在地板上摔跤
9483-num-1,一只黑狗和一只白狗在床上摔跤
9483-num-2,一只黑狗和一只棕褐色的狗在战斗
9484-num-1,一只黑狗和一只棕褐色的狗在战斗
9484-num-2,一只黑狗和一只白狗在地上摔跤
9485-num-1,一群四只棕色狗在棕色草地上玩耍
9485-num-2,一群四只棕色的狗在棕色草地上玩耍
9486-num-1,一群四只棕色狗在棕色草地上玩耍
9486-num-2,在棕色草地上没有狗玩
9487-num-1,四只狗在草地覆盖的区域玩耍
9487-num-2,四只狗在草地里玩耍
9488-num-1,四只狗在草地里玩耍
9488-num-2,四只狗没有在草地上玩耍
9489-num-1,一群四只棕色狗在棕色草地上玩耍
9489-num-2,四只狗在草地覆盖的区域玩耍
9490-num-1,一群四只棕色狗在棕色草地上玩耍
9490-num-2,四只狗没有在草地上玩耍
9491-num-1,一群四只棕色的狗在棕色草地上玩耍
9491-num-2,四只狗在草地里玩耍
9492-num-1,在棕色草地上没有狗玩
9492-num-2,四只狗在草地里玩耍
9493-num-1,一群四只棕色狗在棕色草地上玩耍
9493-num-2,四只狗在草地里玩耍
9494-num-1,狗在公园里小睡
9494-num-2,那只狗在公园里休息
9495-num-1,那只狗在公园里休息
9495-num-2,那只狗在客厅里休息
9496-num-1,一只大棕色和白色斑点狗躺在街上的夹克上
9496-num-2,一只大棕色和白色斑点狗躺在街上的一块布上
9497-num-1,一只大棕色和白色斑点狗躺在街上的夹克上
9497-num-2,一只小棕色和白色斑点狗躺在街上的一件外套上
9498-num-1,一只大棕色和白色斑点狗躺在街上的一块布上
9498-num-2,那只狗在公园里休息
9499-num-1,一只小棕色和白色斑点狗躺在街上的一件外套上
9499-num-2,那只狗在公园里休息
9500-num-1,一只大棕色和白色斑点狗躺在街上的夹克上
9500-num-2,狗在公园里小睡
9501-num-1,一只大棕色和白色斑点狗躺在街上的夹克上
9501-num-2,那只狗在客厅里休息
9502-num-1,一只大棕色和白色斑点狗躺在街上的夹克上
9502-num-2,那只狗在公园里休息
9503-num-1,一只棕色的小狗正在gnaw gnaw，被困在地面上的金属柱
9503-num-2,一只棕色的狗正在gnaw狗，该金属柱被卡在地上
9504-num-1,一只棕色的小狗正在gnaw，木头被卡在地上
9504-num-2,一只棕色的小狗正在gnaw gnaw，被困在地面上的金属柱
9505-num-1,一只棕色的小狗正在咬一根杆子
9505-num-2,一只棕色的小狗咬一根棍子
9506-num-1,一只白色的小狗咬一根杆子
9506-num-2,一只棕色的小狗正在咬一根杆子
9507-num-1,一只棕色的小狗咬一根棍子
9507-num-2,一只棕色的小狗正在gnaw gnaw，被困在地面上的金属柱
9508-num-1,一只白色的小狗咬一根杆子
9508-num-2,一只棕色的小狗正在gnaw gnaw，被困在地面上的金属柱
9509-num-1,一只棕色的狗正在gnaw狗，该金属柱被卡在地上
9509-num-2,一只棕色的小狗正在咬一根杆子
9510-num-1,一只棕色的小狗正在gnaw，木头被卡在地上
9510-num-2,一只棕色的小狗正在咬一根杆子
9511-num-1,一只棕色的小狗正在gnaw gnaw，被困在地面上的金属柱
9511-num-2,一只棕色的小狗正在咬一根杆子
9512-num-1,一个女人在靠近石头小径附近的狗
9512-num-2,一个女人正在抚摸一条狗靠近石路
9513-num-1,一个女人正在抚摸一条狗靠近石路
9513-num-2,一个男人在靠近石路附近抚摸一只狗
9514-num-1,一个女人在花园里和一只棕色狗一起玩
9514-num-2,一个女人在花园路上和一只棕色的狗一起玩
9515-num-1,一个女人在花园路上和一只棕色的狗一起玩
9515-num-2,一个女人在花园路上和一只棕色猫一起玩
9516-num-1,一个女人在花园里和一只棕色狗一起玩
9516-num-2,一个女人正在抚摸一条狗靠近石路
9517-num-1,一个女人正在抚摸一条狗靠近石路
9517-num-2,一个女人在花园路上和一只棕色猫一起玩
9518-num-1,一个女人在靠近石头小径附近的狗
9518-num-2,一个女人在花园路上和一只棕色的狗一起玩
9519-num-1,一个男人在靠近石路附近抚摸一只狗
9519-num-2,一个女人在花园路上和一只棕色的狗一起玩
9520-num-1,一个女人正在抚摸一条狗靠近石路
9520-num-2,一个女人在花园路上和一只棕色的狗一起玩
9521-num-1,两个人在河里走
9521-num-2,两个人在水中行走
9522-num-1,两个男人在草地上行走
9522-num-2,两个人在水中行走
9523-num-1,两个人站在海洋中
9523-num-2,两个人站在深水中
9524-num-1,两个人在深水中游泳
9524-num-2,两个人站在深水中
9525-num-1,两个人在水中行走
9525-num-2,两个人站在海洋中
9526-num-1,两个人在水中行走
9526-num-2,两个人在深水中游泳
9527-num-1,两个人站在深水中
9527-num-2,两个人在河里走
9528-num-1,两个男人在草地上行走
9528-num-2,两个人站在深水中
9529-num-1,两个人站在深水中
9529-num-2,两个人在水中行走
9530-num-1,一辆白色的汽车和一辆黄色的汽车在赛道上赛车
9530-num-2,两辆汽车在赛道上赛跑
9531-num-1,一辆白色的汽车和一辆黄色的汽车在赛道上赛车
9531-num-2,一辆白色的自行车和一辆黄色自行车正在赛道上赛车
9532-num-1,两辆赛车在草地停车场前的道路上
9532-num-2,两辆赛车的汽车在草地停车场前的道路上
9533-num-1,两辆赛车在草地停车场前的道路上
9533-num-2,没有赛车在草地停车场前的道路上
9534-num-1,两辆赛车的汽车在草地停车场前的道路上
9534-num-2,一辆白色的汽车和一辆黄色的汽车在赛道上赛车
9535-num-1,一辆白色的汽车和一辆黄色的汽车在赛道上赛车
9535-num-2,没有赛车在草地停车场前的道路上
9536-num-1,两辆赛车在草地停车场前的道路上
9536-num-2,两辆汽车在赛道上赛跑
9537-num-1,一辆白色的自行车和一辆黄色自行车正在赛道上赛车
9537-num-2,两辆赛车在草地停车场前的道路上
9538-num-1,两辆赛车在草地停车场前的道路上
9538-num-2,一辆白色的汽车和一辆黄色的汽车在赛道上赛车
9539-num-1,穿着橙色的骑手正在一个轮子上驾驶摩托车
9539-num-2,橙色骑手在一个轮子上驾驶摩托车
9540-num-1,橙色骑手没有在一个轮子上驾驶摩托车
9540-num-2,橙色骑手在一个轮子上驾驶摩托车
9541-num-1,一辆黄色运动自行车的男人正在做一个轮子，一个黑色自行车的朋友正在赶上
9541-num-2,骑着黄色运动自行车的骑自行车的人正在做一个轮子，而一辆黑色自行车的朋友正在赶上
9542-num-1,一辆黄色运动自行车的男人正在做一个轮子，一辆白色自行车的朋友正在赶上
9542-num-2,一辆黄色运动自行车的男人正在做一个轮子，一个黑色自行车的朋友正在赶上
9543-num-1,骑着黄色运动自行车的骑自行车的人正在做一个轮子，而一辆黑色自行车的朋友正在赶上
9543-num-2,橙色骑手在一个轮子上驾驶摩托车
9544-num-1,橙色骑手在一个轮子上驾驶摩托车
9544-num-2,一辆黄色运动自行车的男人正在做一个轮子，一辆白色自行车的朋友正在赶上
9545-num-1,一辆黄色运动自行车的男人正在做一个轮子，一个黑色自行车的朋友正在赶上
9545-num-2,穿着橙色的骑手正在一个轮子上驾驶摩托车
9546-num-1,一辆黄色运动自行车的男人正在做一个轮子，一个黑色自行车的朋友正在赶上
9546-num-2,橙色骑手没有在一个轮子上驾驶摩托车
9547-num-1,一辆黄色运动自行车的男人正在做一个轮子，一个黑色自行车的朋友正在赶上
9547-num-2,橙色骑手在一个轮子上驾驶摩托车
9548-num-1,一群孩子正在弹铃
9548-num-2,一群孩子正在玩鼓声
9549-num-1,一群孩子正在玩鼓声
9549-num-2,一群孩子没有玩鼓声
9550-num-1,一群教堂地下室的孩子正在玩马拉卡斯和戒指
9550-num-2,一群建筑物地下室的孩子正在玩Maracas和Tambourines
9551-num-1,一群教堂地下室的孩子正在弹吉他和戒指
9551-num-2,一群教堂地下室的孩子正在玩马拉卡斯和戒指
9552-num-1,一群建筑物地下室的孩子正在玩Maracas和Tambourines
9552-num-2,一群孩子正在玩鼓声
9553-num-1,一群教堂地下室的孩子正在弹吉他和戒指
9553-num-2,一群孩子正在玩鼓声
9554-num-1,一群教堂地下室的孩子正在玩马拉卡斯和戒指
9554-num-2,一群孩子正在弹铃
9555-num-1,一群孩子没有玩鼓声
9555-num-2,一群教堂地下室的孩子正在玩马拉卡斯和戒指
9556-num-1,一群教堂地下室的孩子正在玩马拉卡斯和戒指
9556-num-2,一群孩子正在玩鼓声
9557-num-1,一只狗在白雪
9557-num-2,一只狗在雪中奔跑
9558-num-1,一只狗在雪中奔跑
9558-num-2,没有狗在雪中奔跑
9559-num-1,一只棕色的狗在雪地里奔跑
9559-num-2,棕色的狗在雪地里奔跑
9560-num-1,一只棕色的狗在雪地里奔跑
9560-num-2,一只黑狗在雪地里奔跑
9561-num-1,棕色的狗在雪地里奔跑
9561-num-2,一只狗在雪中奔跑
9562-num-1,一只黑狗在雪地里奔跑
9562-num-2,一只狗在雪中奔跑
9563-num-1,一只棕色的狗在雪地里奔跑
9563-num-2,一只狗在白雪
9564-num-1,一只棕色的狗在雪地里奔跑
9564-num-2,没有狗在雪中奔跑
9565-num-1,一只棕色的狗在雪地里奔跑
9565-num-2,一只狗在雪中奔跑
9566-num-1,一个老人坐在长凳上
9566-num-2,一个老人坐在长凳上
9567-num-1,一个老人坐在长凳上
9567-num-2,一个年轻人坐在长凳上
9568-num-1,一个老妇坐在长凳上，穿着灰色外套和黑色裤子
9568-num-2,女人坐在长凳上，穿着灰色外套和黑色裤子
9569-num-1,一个老妇坐在长凳上，穿着灰色外套和黑色裤子
9569-num-2,一位老人坐在长凳上，穿着灰色外套和黑色裤子
9570-num-1,一个老人坐在长凳上
9570-num-2,女人坐在长凳上，穿着灰色外套和黑色裤子
9571-num-1,一位老人坐在长凳上，穿着灰色外套和黑色裤子
9571-num-2,一个老人坐在长凳上
9572-num-1,一个老妇坐在长凳上，穿着灰色外套和黑色裤子
9572-num-2,一个老人坐在长凳上
9573-num-1,一个年轻人坐在长凳上
9573-num-2,一个老妇坐在长凳上，穿着灰色外套和黑色裤子
9574-num-1,一个老妇坐在长凳上，穿着灰色外套和黑色裤子
9574-num-2,一个老人坐在长凳上
9575-num-1,一只狗从非常清澈的水中取出一块木头
9575-num-2,狗正在用非常清澈的水拿出棍子
9576-num-1,狗正在用非常清澈的水拿出棍子
9576-num-2,狗正在用非常脏的水拿出棍子
9577-num-1,一只黑白小狗携带一根棍子，正在游泳
9577-num-2,一只黑白小狗正在咬一根棍子，正在游泳
9578-num-1,一只黑白小狗携带一根棍子，正在游泳
9578-num-2,一只黑色和白狗正在携带棍子，正在游泳
9579-num-1,狗正在用非常清澈的水拿出棍子
9579-num-2,一只黑白小狗正在咬一根棍子，正在游泳
9580-num-1,狗正在用非常清澈的水拿出棍子
9580-num-2,一只黑色和白狗正在携带棍子，正在游泳
9581-num-1,一只狗从非常清澈的水中取出一块木头
9581-num-2,一只黑白小狗携带一根棍子，正在游泳
9582-num-1,一只黑白小狗携带一根棍子，正在游泳
9582-num-2,狗正在用非常脏的水拿出棍子
9583-num-1,狗正在用非常清澈的水拿出棍子
9583-num-2,一只黑白小狗携带一根棍子，正在游泳
9584-num-1,该名女子拿着画笔在艺术家画架旁边
9584-num-2,这位女士在画家画架旁边拿着画笔
9585-num-1,这位女士在画家画架旁边拿着画笔
9585-num-2,没有女士在画家画架旁边拿着画笔
9586-num-1,蓝色工作岗位的女孩正在绘画
9586-num-2,蓝色工作岗位中的女孩正在绘画
9587-num-1,蓝色工作岗位中的女孩正在绘画
9587-num-2,蓝色工作岗位中的男孩正在绘画
9588-num-1,这个女孩正在画一个下属的蓝色
9588-num-2,蓝色工作岗位中的女孩正在绘画
9589-num-1,这位女士在画家画架旁边拿着画笔
9589-num-2,蓝色工作岗位的女孩正在绘画
9590-num-1,蓝色工作岗位中的男孩正在绘画
9590-num-2,这位女士在画家画架旁边拿着画笔
9591-num-1,这个女孩正在画一个下属的蓝色
9591-num-2,这位女士在画家画架旁边拿着画笔
9592-num-1,蓝色工作岗位中的女孩正在绘画
9592-num-2,该名女子拿着画笔在艺术家画架旁边
9593-num-1,蓝色工作岗位中的女孩正在绘画
9593-num-2,没有女士在画家画架旁边拿着画笔
9594-num-1,这位女士在画家画架旁边拿着画笔
9594-num-2,蓝色工作岗位中的女孩正在绘画
9595-num-1,金毛猎犬正在运行
9595-num-2,狗在奔跑
9596-num-1,金毛猎犬正在运行
9596-num-2,金毛猎犬没有运行
9597-num-1,一只黄色的狗正在沿着沙质路径奔跑
9597-num-2,一只黄色的狗沿着一条被沙子覆盖的路线奔跑
9598-num-1,一只黄色的狗在沙质路径上奔跑
9598-num-2,一只黄色的狗正在沿着沙质路径奔跑
9599-num-1,一只黄色的狗沿着一条被沙子覆盖的路线奔跑
9599-num-2,金毛猎犬正在运行
9600-num-1,一只黄色的狗在沙质路径上奔跑
9600-num-2,金毛猎犬正在运行
9601-num-1,一只黄色的狗正在沿着沙质路径奔跑
9601-num-2,狗在奔跑
9602-num-1,一只黄色的狗正在沿着沙质路径奔跑
9602-num-2,金毛猎犬没有运行
9603-num-1,一只黄色的狗正在沿着沙质路径奔跑
9603-num-2,金毛猎犬正在运行
9604-num-1,一只黑白狗正在跳球
9604-num-2,黑白狗跳了球
9605-num-1,没有黑白狗跳一个球
9605-num-2,一只黑白狗正在跳球
9606-num-1,一只狗站在一条腿上，正在等待足球
9606-num-2,一只狗站在一条腿上，正在等待球
9607-num-1,一条腿没有狗，正在等待足球
9607-num-2,一只狗站在一条腿上，正在等待足球
9608-num-1,一只狗站在一条腿上，正在等待球
9608-num-2,一只黑白狗正在跳球
9609-num-1,一条腿没有狗，正在等待足球
9609-num-2,一只黑白狗正在跳球
9610-num-1,一只狗站在一条腿上，正在等待足球
9610-num-2,黑白狗跳了球
9611-num-1,一只狗站在一条腿上，正在等待足球
9611-num-2,没有黑白狗跳一个球
9612-num-1,一只黑白狗正在跳球
9612-num-2,一只狗站在一条腿上，正在等待足球
9613-num-1,两个男人坐在骆驼上，另一个骆驼在前景
9613-num-2,两个人坐在骆驼上，另一个骆驼在前景
9614-num-1,两个人坐在骆驼附近，另一个骆驼在前景
9614-num-2,两个人坐在骆驼上，另一个骆驼在前景
9615-num-1,人们在海滩上骑两只骆驼
9615-num-2,人们在沙滩上骑两只骆驼
9616-num-1,没有人在海滩上骑骆驼
9616-num-2,人们在海滩上骑两只骆驼
9617-num-1,人们在沙滩上骑两只骆驼
9617-num-2,两个人坐在骆驼上，另一个骆驼在前景
9618-num-1,没有人在海滩上骑骆驼
9618-num-2,两个人坐在骆驼上，另一个骆驼在前景
9619-num-1,人们在海滩上骑两只骆驼
9619-num-2,两个男人坐在骆驼上，另一个骆驼在前景
9620-num-1,人们在海滩上骑两只骆驼
9620-num-2,两个人坐在骆驼附近，另一个骆驼在前景
9621-num-1,两个人坐在骆驼上，另一个骆驼在前景
9621-num-2,人们在海滩上骑两只骆驼
9622-num-1,一个男人穿着蓝色衬衫，在网球场赤脚行走
9622-num-2,一个人穿着蓝色衬衫，在网球场赤脚行走
9623-num-1,一个男人穿着蓝色衬衫，在网球场赤脚行走
9623-num-2,一个女人穿着蓝色衬衫，在网球场赤脚行走
9624-num-1,一个穿着睡衣的赤脚男子正在朝星星看，并在网球场上行走
9624-num-2,一个穿着睡衣的赤脚男子正朝着天空看，正在网球场行走
9625-num-1,一个穿着睡衣的赤脚男子正朝着天空看，正在网球场行走
9625-num-2,一个穿着睡衣的赤脚男子正朝着天空看，站在网球场上
9626-num-1,一个男人穿着蓝色衬衫，在网球场赤脚行走
9626-num-2,一个穿着睡衣的赤脚男子正在朝星星看，并在网球场上行走
9627-num-1,一个穿着睡衣的赤脚男子正朝着天空看，站在网球场上
9627-num-2,一个男人穿着蓝色衬衫，在网球场赤脚行走
9628-num-1,一个人穿着蓝色衬衫，在网球场赤脚行走
9628-num-2,一个穿着睡衣的赤脚男子正朝着天空看，正在网球场行走
9629-num-1,一个女人穿着蓝色衬衫，在网球场赤脚行走
9629-num-2,一个穿着睡衣的赤脚男子正朝着天空看，正在网球场行走
9630-num-1,一个男人穿着蓝色衬衫，在网球场赤脚行走
9630-num-2,一个穿着睡衣的赤脚男子正朝着天空看，正在网球场行走
9631-num-1,该男子站在瀑布附近的湖中
9631-num-2,该男子站在瀑布附近的水体中
9632-num-1,该男子正在瀑布附近的水体中游泳
9632-num-2,该男子站在瀑布附近的水体中
9633-num-1,该男子站在瀑布附近的水体中
9633-num-2,一个人的身体在瀑布附近的水中
9634-num-1,该男子站在瀑布底部的水中
9634-num-2,一个人站在瀑布底部的水中
9635-num-1,一个女人站在瀑布底部的水中
9635-num-2,一个人站在瀑布底部的水中
9636-num-1,该男子站在瀑布底部的水中
9636-num-2,该男子站在瀑布附近的水体中
9637-num-1,该男子站在瀑布附近的水体中
9637-num-2,一个女人站在瀑布底部的水中
9638-num-1,一个人站在瀑布底部的水中
9638-num-2,该男子站在瀑布附近的湖中
9639-num-1,一个人站在瀑布底部的水中
9639-num-2,该男子正在瀑布附近的水体中游泳
9640-num-1,一个人站在瀑布底部的水中
9640-num-2,一个人的身体在瀑布附近的水中
9641-num-1,一个人站在瀑布底部的水中
9641-num-2,该男子站在瀑布附近的水体中
9642-num-1,一只棕色和白狗穿过河
9642-num-2,一只棕色和白狗正在水中奔跑
9643-num-1,一只棕色和白狗穿过河
9643-num-2,一只棕色和白狗没有穿过河
9644-num-1,一只狗从湖中涌出
9644-num-2,动物正在从湖中出来
9645-num-1,没有狗从湖中出来
9645-num-2,一只狗从湖中涌出
9646-num-1,一只棕色和白狗穿过河
9646-num-2,动物正在从湖中出来
9647-num-1,没有狗从湖中出来
9647-num-2,一只棕色和白狗穿过河
9648-num-1,一只棕色和白狗正在水中奔跑
9648-num-2,一只狗从湖中涌出
9649-num-1,一只棕色和白狗没有穿过河
9649-num-2,一只狗从湖中涌出
9650-num-1,一只狗从湖中涌出
9650-num-2,一只棕色和白狗穿过河
9651-num-1,一只棕色和白狗在泥土中抓住一个肮脏的网球
9651-num-2,一只棕色和白狗在泥土中咬一个肮脏的网球
9652-num-1,一只棕色和白狗在泥土中抓住一个肮脏的网球
9652-num-2,一只棕色和白狗在泥土中抓住一个肮脏的高尔夫球
9653-num-1,一只狗在海滩上奔跑，追赶球
9653-num-2,一只狗在沙滩上奔跑，追赶球
9654-num-1,一只狗在沙滩上奔跑，追赶球
9654-num-2,一只狗在草地上奔跑，追赶球
9655-num-1,一只棕色和白狗在泥土中抓住一个肮脏的网球
9655-num-2,一只狗在海滩上奔跑，追赶球
9656-num-1,一只狗在草地上奔跑，追赶球
9656-num-2,一只棕色和白狗在泥土中抓住一个肮脏的网球
9657-num-1,一只狗在沙滩上奔跑，追赶球
9657-num-2,一只棕色和白狗在泥土中咬一个肮脏的网球
9658-num-1,一只棕色和白狗在泥土中抓住一个肮脏的高尔夫球
9658-num-2,一只狗在沙滩上奔跑，追赶球
9659-num-1,一只狗在沙滩上奔跑，追赶球
9659-num-2,一只棕色和白狗在泥土中抓住一个肮脏的网球
9660-num-1,一个光着膀子的男人带领一匹马拉动马车
9660-num-2,一个光着膀子的男人正带领马车被一匹马拉
9661-num-1,一个光着膀子的女人正在带领一匹马拉动马车
9661-num-2,一个光着膀子的男人带领一匹马拉动马车
9662-num-1,一个光着膀子的男人正在护送一匹马，该马正在沿着铺好的道路拉动马车
9662-num-2,一个光着膀子的男人正在护送一匹马，该马正在沿着道路拉动马车
9663-num-1,一个光着膀子的男人正在护送一匹马，该马正在沿着铺好的道路拉动马车
9663-num-2,一个光着膀子的男人正在护送一匹马，该马正在沿着肮脏的道路拉动马车
9664-num-1,一个光着膀子的男人正在护送一匹马，该马正在沿着道路拉动马车
9664-num-2,一个光着膀子的男人带领一匹马拉动马车
9665-num-1,一个光着膀子的男人正在护送一匹马，该马正在沿着肮脏的道路拉动马车
9665-num-2,一个光着膀子的男人带领一匹马拉动马车
9666-num-1,一个光着膀子的男人正在护送一匹马，该马正在沿着铺好的道路拉动马车
9666-num-2,一个光着膀子的男人正带领马车被一匹马拉
9667-num-1,一个光着膀子的男人正在护送一匹马，该马正在沿着铺好的道路拉动马车
9667-num-2,一个光着膀子的女人正在带领一匹马拉动马车
9668-num-1,一个光着膀子的男人正在护送一匹马，该马正在沿着铺好的道路拉动马车
9668-num-2,一个光着膀子的男人带领一匹马拉动马车
9669-num-1,这个年轻的女孩在喷泉的边缘玩耍，一个年长的女人在看着她
9669-num-2,一个年轻的女孩在喷泉的边缘玩耍，一个年长的女人在看着她
9670-num-1,一个年轻的女孩在喷泉的边缘玩耍，一个年长的女人在看着她
9670-num-2,一个年轻的女孩在喷泉的边缘玩耍，一个年长的女人没有看着她
9671-num-1,一个小女孩和一个穿着黄色衬衫的女人被一个城市喷泉溅了
9671-num-2,一个小女孩和一个穿着黄色衬衫的女人在喷泉附近被溅出
9672-num-1,一个小男孩和一个穿着黄色衬衫的女人被一个城市喷泉飞溅
9672-num-2,一个小女孩和一个穿着黄色衬衫的女人被一个城市喷泉溅了
9673-num-1,一个小女孩和一个穿着黄色衬衫的女人在喷泉附近被溅出
9673-num-2,一个年轻的女孩在喷泉的边缘玩耍，一个年长的女人在看着她
9674-num-1,一个小男孩和一个穿着黄色衬衫的女人被一个城市喷泉飞溅
9674-num-2,一个年轻的女孩在喷泉的边缘玩耍，一个年长的女人在看着她
9675-num-1,一个小女孩和一个穿着黄色衬衫的女人被一个城市喷泉溅了
9675-num-2,这个年轻的女孩在喷泉的边缘玩耍，一个年长的女人在看着她
9676-num-1,一个年轻的女孩在喷泉的边缘玩耍，一个年长的女人没有看着她
9676-num-2,一个小女孩和一个穿着黄色衬衫的女人被一个城市喷泉溅了
9677-num-1,一个年轻的女孩在喷泉的边缘玩耍，一个年长的女人在看着她
9677-num-2,一个小女孩和一个穿着黄色衬衫的女人被一个城市喷泉溅了
9678-num-1,一个穿着橙色衬衫和小丑化妆的女人站在公园里，其他人正在看着
9678-num-2,一个穿着橙色衬衫和小丑化妆的女孩站在公园里，其他人正在看着
9679-num-1,一个穿着橙色衬衫和小丑化妆的女孩在公园里行走，其他人正在看
9679-num-2,一个穿着橙色衬衫和小丑化妆的女孩站在公园里，其他人正在看着
9680-num-1,女孩穿着橙色衬衫和条纹领带
9680-num-2,一个女孩穿着橙色衬衫和条纹领带
9681-num-1,一个女孩穿着橙色衬衫和条纹领带
9681-num-2,一个男孩穿着橙色衬衫和条纹领带
9682-num-1,女孩穿着橙色衬衫和条纹领带
9682-num-2,一个穿着橙色衬衫和小丑化妆的女孩站在公园里，其他人正在看着
9683-num-1,一个男孩穿着橙色衬衫和条纹领带
9683-num-2,一个穿着橙色衬衫和小丑化妆的女孩站在公园里，其他人正在看着
9684-num-1,一个穿着橙色衬衫和小丑化妆的女人站在公园里，其他人正在看着
9684-num-2,一个女孩穿着橙色衬衫和条纹领带
9685-num-1,一个穿着橙色衬衫和小丑化妆的女孩在公园里行走，其他人正在看
9685-num-2,一个女孩穿着橙色衬衫和条纹领带
9686-num-1,一个女孩穿着橙色衬衫和条纹领带
9686-num-2,一个穿着橙色衬衫和小丑化妆的女孩站在公园里，其他人正在看着
9687-num-1,一个男人正在骑自行车上跳跃
9687-num-2,骑自行车的人正在骑自行车上跳跃
9688-num-1,没有骑自行车的人在自行车上跳跃
9688-num-2,骑自行车的人正在骑自行车上跳跃
9689-num-1,骑自行车的人正在用石墨墙上的墙壁执行技巧
9689-num-2,骑自行车的人在墙上表现出充满涂鸦的技巧
9690-num-1,骑自行车的人在干净的墙壁上表现出一个技巧
9690-num-2,骑自行车的人正在用石墨墙上的墙壁执行技巧
9691-num-1,骑自行车的人正在骑自行车上跳跃
9691-num-2,骑自行车的人在墙上表现出充满涂鸦的技巧
9692-num-1,骑自行车的人在干净的墙壁上表现出一个技巧
9692-num-2,骑自行车的人正在骑自行车上跳跃
9693-num-1,一个男人正在骑自行车上跳跃
9693-num-2,骑自行车的人正在用石墨墙上的墙壁执行技巧
9694-num-1,没有骑自行车的人在自行车上跳跃
9694-num-2,骑自行车的人正在用石墨墙上的墙壁执行技巧
9695-num-1,骑自行车的人正在用石墨墙上的墙壁执行技巧
9695-num-2,骑自行车的人正在骑自行车上跳跃
9696-num-1,一个女人正在向婴儿展示小狗
9696-num-2,一个女人正在向婴儿展示一只小狗
9697-num-1,一个女人正在向婴儿展示一只小猫
9697-num-2,一个女人正在向婴儿展示一只小狗
9698-num-1,一个女人蹲在狗旁边，对一个坐在人行道上的年轻女孩微笑
9698-num-2,一个女人蹲在狗旁边，对坐在人行道上的一个小女孩微笑
9699-num-1,一个女人蹲在狗旁边，对坐在人行道上的一个小女孩微笑
9699-num-2,一个男人蹲在狗旁边，对坐在人行道上的一个小女孩微笑
9700-num-1,一个女人正在向婴儿展示一只小狗
9700-num-2,一个女人蹲在狗旁边，对一个坐在人行道上的年轻女孩微笑
9701-num-1,一个男人蹲在狗旁边，对坐在人行道上的一个小女孩微笑
9701-num-2,一个女人正在向婴儿展示一只小狗
9702-num-1,一个女人正在向婴儿展示小狗
9702-num-2,一个女人蹲在狗旁边，对坐在人行道上的一个小女孩微笑
9703-num-1,一个女人蹲在狗旁边，对坐在人行道上的一个小女孩微笑
9703-num-2,一个女人正在向婴儿展示一只小猫
9704-num-1,一个女人正在向婴儿展示一只小狗
9704-num-2,一个女人蹲在狗旁边，对坐在人行道上的一个小女孩微笑
9705-num-1,一只黑白狗在野外正在奔跑
9705-num-2,一只黑白狗在草丛中奔跑
9706-num-1,一只黑白狗，有一个大树枝站在田野里
9706-num-2,一只黑白狗在野外正在奔跑
9707-num-1,一只黑白狗在绿草上载着一根大棍子
9707-num-2,一只黑白狗在绿草上载着一根巨大的棍子
9708-num-1,一只黑白狗在绿草上载着一根小棍子
9708-num-2,一只黑白狗在绿草上载着一根巨大的棍子
9709-num-1,一只黑白狗在绿草上载着一根大棍子
9709-num-2,一只黑白狗在野外正在奔跑
9710-num-1,一只黑白狗在绿草上载着一根小棍子
9710-num-2,一只黑白狗在野外正在奔跑
9711-num-1,一只黑白狗在草丛中奔跑
9711-num-2,一只黑白狗在绿草上载着一根巨大的棍子
9712-num-1,一只黑白狗，有一个大树枝站在田野里
9712-num-2,一只黑白狗在绿草上载着一根巨大的棍子
9713-num-1,一只黑白狗在绿草上载着一根巨大的棍子
9713-num-2,一只黑白狗在野外正在奔跑
9714-num-1,一个穿着条纹衬衫的男孩在沙质山上赤脚奔跑
9714-num-2,一个穿着条纹衬衫的孩子在沙质山上赤脚奔跑
9715-num-1,一个穿着条纹衬衫的男孩在沙质山上赤脚奔跑
9715-num-2,一个穿着条纹衬衫的女孩在沙质山上赤脚奔跑
9716-num-1,一个男孩在海滩上奔跑
9716-num-2,一个男孩在沙滩上奔跑
9717-num-1,一个男孩在草地上奔跑
9717-num-2,一个男孩在沙滩上奔跑
9718-num-1,一个穿着条纹衬衫的男孩在沙质山上赤脚奔跑
9718-num-2,一个男孩在海滩上奔跑
9719-num-1,一个男孩在草地上奔跑
9719-num-2,一个穿着条纹衬衫的男孩在沙质山上赤脚奔跑
9720-num-1,一个穿着条纹衬衫的孩子在沙质山上赤脚奔跑
9720-num-2,一个男孩在沙滩上奔跑
9721-num-1,一个男孩在沙滩上奔跑
9721-num-2,一个穿着条纹衬衫的女孩在沙质山上赤脚奔跑
9722-num-1,一个男孩在沙滩上奔跑
9722-num-2,一个穿着条纹衬衫的男孩在沙质山上赤脚奔跑
9723-num-1,赛车手正在依靠赛车摩托车
9723-num-2,一个男人靠赛车摩托车
9724-num-1,一个女人靠在赛车上
9724-num-2,一个男人靠赛车摩托车
9725-num-1,摩托车赛车手正在骑红色和黑色自行车
9725-num-2,摩托车赛车手正在骑红色和黑色自行车
9726-num-1,摩托车赛车手正在骑红色和黑色自行车
9726-num-2,没有摩托车赛车手正在骑红色和黑色自行车
9727-num-1,摩托车赛车手正在骑红色和黑色自行车
9727-num-2,一个男人靠赛车摩托车
9728-num-1,没有摩托车赛车手正在骑红色和黑色自行车
9728-num-2,一个男人靠赛车摩托车
9729-num-1,赛车手正在依靠赛车摩托车
9729-num-2,摩托车赛车手正在骑红色和黑色自行车
9730-num-1,摩托车赛车手正在骑红色和黑色自行车
9730-num-2,一个女人靠在赛车上
9731-num-1,摩托车赛车手正在骑红色和黑色自行车
9731-num-2,一个男人靠赛车摩托车
9732-num-1,一个女人在目标实践中开火
9732-num-2,一个女人在目标练习中射击
9733-num-1,一个女人在目标练习中射击
9733-num-2,一个男人正在目标练习中射击
9734-num-1,一个女人正在戴耳朵保护，并在室内射击场发射枪
9734-num-2,该名女子戴着耳朵保护，正在室内射击场发射枪
9735-num-1,一个女人正在戴耳朵保护，并在室外射击范围内开枪
9735-num-2,一个女人正在戴耳朵保护，并在室内射击场发射枪
9736-num-1,该名女子戴着耳朵保护，正在室内射击场发射枪
9736-num-2,一个女人在目标练习中射击
9737-num-1,一个女人正在戴耳朵保护，并在室外射击范围内开枪
9737-num-2,一个女人在目标练习中射击
9738-num-1,一个女人正在戴耳朵保护，并在室内射击场发射枪
9738-num-2,一个女人在目标实践中开火
9739-num-1,一个男人正在目标练习中射击
9739-num-2,一个女人正在戴耳朵保护，并在室内射击场发射枪
9740-num-1,一个女人正在戴耳朵保护，并在室内射击场发射枪
9740-num-2,一个女人在目标练习中射击
9741-num-1,两个小男孩抬头看着相机，一个正在伸出舌头
9741-num-2,两个孩子抬头看着相机，一个伸出他的舌头
9742-num-1,两个年轻的女孩抬头看着相机，一个正在伸出舌头
9742-num-2,两个小男孩抬头看着相机，一个正在伸出舌头
9743-num-1,这个小男孩正在伸出舌头去照相机，另一个男孩正在看着
9743-num-2,一个小男孩正在伸出舌头的镜头，另一个男孩正在看着
9744-num-1,一个小男孩正在伸出舌头的镜头，另一个男孩正在看着
9744-num-2,一个小男孩正在伸出舌头，为相机伸出来，另一个男孩没有看
9745-num-1,两个小男孩抬头看着相机，一个正在伸出舌头
9745-num-2,这个小男孩正在伸出舌头去照相机，另一个男孩正在看着
9746-num-1,两个小男孩抬头看着相机，一个正在伸出舌头
9746-num-2,一个小男孩正在伸出舌头，为相机伸出来，另一个男孩没有看
9747-num-1,一个小男孩正在伸出舌头的镜头，另一个男孩正在看着
9747-num-2,两个孩子抬头看着相机，一个伸出他的舌头
9748-num-1,两个年轻的女孩抬头看着相机，一个正在伸出舌头
9748-num-2,一个小男孩正在伸出舌头的镜头，另一个男孩正在看着
9749-num-1,一个小男孩正在伸出舌头的镜头，另一个男孩正在看着
9749-num-2,两个小男孩抬头看着相机，一个正在伸出舌头
9750-num-1,那只大狗在外面走路，并在嘴里带着五颜六色的玩具
9750-num-2,大狗在外面走路，嘴里拿着一个五颜六色的玩具
9751-num-1,那只小狗在外面走路，并在嘴里带上一个五颜六色的玩具
9751-num-2,那只大狗在外面走路，并在嘴里带着五颜六色的玩具
9752-num-1,一只狗在混凝土上奔跑，拿着一个蓝色的球
9752-num-2,一只狗在混凝土上奔跑，拿着球
9753-num-1,一只狗站在混凝土上，拿着蓝色的球
9753-num-2,一只狗在混凝土上奔跑，拿着一个蓝色的球
9754-num-1,一只狗在混凝土上奔跑，拿着球
9754-num-2,那只大狗在外面走路，并在嘴里带着五颜六色的玩具
9755-num-1,一只狗站在混凝土上，拿着蓝色的球
9755-num-2,那只大狗在外面走路，并在嘴里带着五颜六色的玩具
9756-num-1,一只狗在混凝土上奔跑，拿着一个蓝色的球
9756-num-2,大狗在外面走路，嘴里拿着一个五颜六色的玩具
9757-num-1,那只小狗在外面走路，并在嘴里带上一个五颜六色的玩具
9757-num-2,一只狗在混凝土上奔跑，拿着一个蓝色的球
9758-num-1,一只狗在混凝土上奔跑，拿着一个蓝色的球
9758-num-2,那只大狗在外面走路，并在嘴里带着五颜六色的玩具
9759-num-1,一个笑的孩子拿着水枪并喷水
9759-num-2,穿着蓝色外套的人正在跳到高高的水泥墙上
9760-num-1,一个小女孩和一个穿着黄色衬衫的女人被一个城市喷泉溅了
9760-num-2,一个女人在玩小号
9761-num-1,这个男孩在泥里玩
9761-num-2,一个小男孩裸照，很认真
9762-num-1,没有人切土豆
9762-num-2,一个人正在摩托车上表演技巧
9763-num-1,一个人正在切一些蘑菇
9763-num-2,大象被那个女人骑了
9764-num-1,一个男孩在桥上行走
9764-num-2,一个人在碗里搅拌蔬菜
9765-num-1,没有金发的孩子抱着黄色的瓶子
9765-num-2,有人在弹吉他
9766-num-1,一个男人正在爬绳子
9766-num-2,没有男人握着口罩的手
9767-num-1,一个女人打保龄两个鸡蛋打破舞者
9767-num-2,一个婴儿正在玩洋娃娃
9768-num-1,一个穿着红色连衣裙的女人正在演奏一种乐器
9768-num-2,一个男人正在爬上绳子
9769-num-1,老虎幼崽在咆哮
9769-num-2,两只狗在外面玩
9770-num-1,一个女人正在从一锅水中取出两个鸡蛋
9770-num-2,一个男人在玩小号
9771-num-1,两个小孩在街上玩玩具车
9771-num-2,一只狗在田野里奔跑，正在追逐玩具
9772-num-1,两只狗在外面玩
9772-num-2,一只狗在田野里奔跑，正在追逐球
9773-num-1,熊猫不吃竹子
9773-num-2,骑自行车的男人只骑在一个轮子上
9774-num-1,女人被一个女人放在架子上
9774-num-2,一只狗在该国的空中高高地跳入空中
9775-num-1,阳光照在穿着黄色连衣裙的女孩的脸上
9775-num-2,一个年轻的黑人孩子站在一些水桶附近的水域边缘
9776-num-1,一个穿着条纹衬衫的男孩在沙质山上赤脚奔跑
9776-num-2,一个女人戴着蓝色头盔，正在停车场骑自行车
9777-num-1,女人正在割鱼
9777-num-2,这个男人正在切土豆
9778-num-1,一只狗在雪覆盖的海滩上独自玩耍
9778-num-2,微波炉的按钮被男人按下
9779-num-1,一条鱼在游泳
9779-num-2,这个男人正在切面包
9780-num-1,狮子正在慢慢移动
9780-num-2,一个人将胡萝卜切成碎片
9781-num-1,这部戏是关于一个快乐的男孩弹钢琴
9781-num-2,一个男人在弹吉他
9782-num-1,一个男孩正在玩木块的游戏
9782-num-2,一些啦啦队正在跳舞
9783-num-1,一个穿着白色衬衫，金色和黑色帽子的年轻人坐着
9783-num-2,没有女孩在海滩上玩小提琴
9784-num-1,女人正在戳土豆
9784-num-2,没有人骑摩托车
9785-num-1,一个男人坐在草地上，从水瓶里喝酒
9785-num-2,这个孩子很高兴玩玩具在户外
9786-num-1,一只狗在绿草上玩耍
9786-num-2,这个男人没有弹吉他
9787-num-1,小孩子在很少有人面前玩喷泉里玩耍
9787-num-2,猴子正在刷狗
9788-num-1,一个男人正在弹电吉他
9788-num-2,一群人正在拿酒，指着相机
9789-num-1,一个金色和紫色的女孩拿着彩虹阿富汗
9789-num-2,一个男人在刷子上蹲下并拍照
9790-num-1,皮带上的一只白狗在水中行走
9790-num-2,一个光着膀子的男人在草坪上踢足球
9791-num-1,一只大棕色狗跳过红色障碍
9791-num-2,一个年轻人逃离钓鱼线
9792-num-1,一只小的狗在绿草上玩耍
9792-num-2,一个穿着蓝色衬衫和高跟鞋的女人站在男人旁边的人行道上
9793-num-1,一个人正在阅读电子邮件
9793-num-2,一件绿色衬衫的人在草地上跳高
9794-num-1,猴子正在刷狗
9794-num-2,一个人正在从岩石墙上跳下来，另一个男人正在掉绳子
9795-num-1,一个男人在玩小提琴
9795-num-2,一个女人正在切白洋葱
9796-num-1,女人在跳舞
9796-num-2,歌手正在雇用一个人解雇吉他手
9797-num-1,女人正在切蔬菜
9797-num-2,一个男人在房子里，正在向目标扔刀片
9798-num-1,该男子站在瀑布附近的湖中
9798-num-2,一个男人在水中的冲浪板上执行技巧
9799-num-1,行人和汽车正在大城市的交通拥堵中移动
9799-num-2,一个男人用手打破木板
9800-num-1,一个男孩站在喷泉的开口旁边
9800-num-2,这个人站在岩石山上，灰色云在背景中
9802-num-1,女人正在吃纸杯蛋糕
9802-num-2,一个男人正在切土豆
9803-num-1,一个坐着的女人正在唱歌和弹吉他
9803-num-2,这个男人没有举重
9804-num-1,一个男人舒适地坐在桌子旁
9804-num-2,一只棕色的狗在雪地里奔跑
9805-num-1,小小的女孩在摇摆，女人站在后面
9805-num-2,一只红狗在嘴里跳跃并抓住网球
9806-num-1,那个女人正在炸面包猪排
9806-num-2,那位女士没有将生鸡蛋分成碗
9807-num-1,骑师在田野上骑马，这完全是绿色的
9807-num-2,黑鸟坐在一棵无叶的树上
9808-num-1,一个男人，一个女人和两个女孩在海滩上行走
9808-num-2,一个女人正在向一些肉增添香料
9809-num-1,滑雪者正在跳下雪地的山丘
9809-num-2,这个人不站在白冰上
9810-num-1,一个幼儿正在浇灌植物
9810-num-2,一个男人在玩长笛
9811-num-1,这个男人在打鼓
9811-num-2,黑鸟坐在一棵无叶的树上
9812-num-1,一个小男人坐在军事配件商店里
9812-num-2,这个人在切洋葱
9813-num-1,一个女孩穿着T恤，张开嘴。
9813-num-2,一只棕色和白狗在嘴里拿着棒球
9814-num-1,父亲正在将女儿推到卡丁车上，另一个女孩正在看着
9814-num-2,一只白狗站在倒下的叶子上
9815-num-1,一个男人正在修剪草坪
9815-num-2,一只黑白狗在棕色的田野里玩破烂的排球
9816-num-1,一辆白色的汽车是由男人驾驶的
9816-num-2,一个踢足球的人正在跑过一名携带足球的官员
9817-num-1,女人正在炸鱼
9817-num-2,两个女人穿比基尼，在沙滩上行走
9818-num-1,一个男孩站在灯灯的房间里
9818-num-2,一小群人站着，两个人坐在沙发上
9819-num-1,一对夫妇奔向海洋
9819-num-2,一个单板滑雪的人在空中跳跃
9820-num-1,冲浪者正在骑波浪
9820-num-2,没有人绑鞋
9821-num-1,一只大狗和一只小白狗正在一起玩耍
9821-num-2,两名建筑工人坐在建筑物的顶部
9822-num-1,两个人骑自行车
9822-num-2,练习跳线正在将一个人的滑雪板扔到空中
9823-num-1,哑剧在舞台上表演
9823-num-2,没有小狗在沙滩上奔跑
9824-num-1,一个正在练习单板滑雪的人跳入空中
9824-num-2,一个人在锅中炸肉
9825-num-1,这个女孩正在携带一个标志，一群人在跟随她
9825-num-2,女人正在清洁男人的脸
9826-num-1,一个男人坐在草坪上，从水瓶里喝酒
9826-num-2,女人在外面跳舞
9827-num-1,女人正在打破鸡蛋
9827-num-2,一个光着膀子的男人与一个在公园远足的女孩合影
9828-num-1,一个无鞋的女人坐在薰衣草伞下的毯子上
9828-num-2,一只小狗躺在床上
9829-num-1,一个有纹身的男人在沙发上闲逛，正在寻找铅笔
9829-num-2,一头牛正在吃干草
9830-num-1,没有小男孩在玩风乐器
9830-num-2,男人在弹吉他
9831-num-1,没有人弹钢琴
9831-num-2,一只猴子在动物园里戏弄狗
9832-num-1,一个小孩正在玩塑料踏板车玩具
9832-num-2,一个蓝色的女人在手套中有一个黄球
9833-num-1,一个女孩在弹吉他
9833-num-2,一个女人在大火附近跳舞
9834-num-1,一个男人正在射击a弹枪
9834-num-2,有人在弹吉他
9835-num-1,两个孩子在蓝色垫子上做武术
9835-num-2,棕褐色的狗正在刷子奔跑
9836-num-1,三个人坐在山上看山和天空
9836-num-2,一个女人正在缝合一些肉
9837-num-1,一个人正在砍洋葱
9837-num-2,一个大绿球正在敲土豆
9838-num-1,乐队正在演奏一些乐器
9838-num-2,一个年轻的裸照女人被油漆覆盖
9839-num-1,两个人在战斗
9839-num-2,几个男孩正​​在玩电子游戏
9840-num-1,两个人舒适地坐在板凳上
9840-num-2,一个男人在踢足球
9841-num-1,一个男孩旁边的一些破布拿着东西
9841-num-2,一个男孩在桥上行走
9842-num-1,一个老人坐在长凳上
9842-num-2,一只大狗在草地上奔跑，嘴里有一个网球
9843-num-1,一家人在自动售货机上购买东西
9843-num-2,一个穿着西装的男人站在麦克风上唱歌
9844-num-1,该男子正在用摩托车在地面上做一个轮子，这主要是贫瘠的
9844-num-2,没有孩子拿着喷枪
9845-num-1,两个人在战斗
9845-num-2,一个女人正在浸泡在击球手中
9846-num-1,男人没有弹吉他
9846-num-2,一位著名歌手在天花板上跳舞
9847-num-1,女人正在冲浪
9847-num-2,一个可怕的小男孩在攀岩墙上
9848-num-1,一个男人在弹吉他
9848-num-2,原木躺在熊猫熊上
9849-num-1,一个男人在半管上滑板
9849-num-2,孩子们在一个带着微笑的男人附近玩户外玩耍
9850-num-1,一个没有衬衫的男人持有足球
9850-num-2,这个男人正在为鸡肉搅拌酱汁
9851-num-1,穿着黑色和红色制服的自行车骑手站在一辆泥土上
9851-num-2,五个成年人坐在石阶上
9852-num-1,一个可怕的小男孩在攀岩墙上
9852-num-2,那个男人坐在鸟笼旁边
9853-num-1,钢琴是由男人弹的
9853-num-2,一个金发的孩子正在滑下来，伸出双臂
9854-num-1,没有女人切胡萝卜
9854-num-2,一个男孩在沙滩上奔跑
9855-num-1,一个男人自信地用刀切成胡萝卜
9855-num-2,一个孩子在户外玩水，他的其他成员在看
9856-num-1,一只猫在玩西瓜
9856-num-2,一个女人正在看城市的景色
9857-num-1,没有男人玩两个键盘
9857-num-2,一个男人用剑切开靴子
9858-num-1,一个无鞋的女人坐在薰衣草伞下的毯子上
9858-num-2,一个黑色帽子的女孩在海滩上穿比基尼
9859-num-1,这些人将行李箱包装到汽车的后备箱中
9859-num-2,小男孩正在海浪奔跑
9860-num-1,男人正在吃谷物
9860-num-2,男孩和女孩在玩耍，戴着手臂浮标
9861-num-1,那个女人正在捡起一个婴儿袋鼠
9861-num-2,一个用来攀爬设备的人在垂直的白色岩石下
9862-num-1,一个穿着橙色短裤的男孩站在水上的岩石悬崖上，另一个穿着黑色短裤的男孩跳入水中
9862-num-2,一个婴儿正在打喷嚏和恐惧另一个婴儿
9863-num-1,穿着黑色外套的人正在摩托车上做技巧
9863-num-2,小小的女孩正在小心地将头发梳成小马尾巴
9864-num-1,一只大狗和一只小狗站在厨房柜台旁边，正在调查
9864-num-2,一个穿着冬季衣服的微笑男孩在雪地里的一座建筑物外挥舞着他的手套的手
9865-num-1,两个孩子在公园踢足球
9865-num-2,没有白狗戴着圣诞驯鹿头带，在草地上和一只棕色的狗一起玩
9866-num-1,一块岩石是由绳索攀登的，这是粉红色的
9866-num-2,比赛中的两个人正在翻转拖拉机轮胎
9867-num-1,一只狗在草地上追逐动物的尾巴
9867-num-2,粉红色上衣的金发女孩没有微笑，也没有戴着鼻子大的鼻子戴着有趣的眼镜
9868-num-1,一条鱼被男人切成薄片
9868-num-2,一只猫跳入盒子里
9869-num-1,一辆自行车正在猴子上骑
9869-num-2,一个人正在沿着土山骑越野车
9870-num-1,一只白色和棕褐色的狗正在高大而绿色的草丛中奔跑
9870-num-2,那位女士正在吃肉片
9871-num-1,棕色的狗在户外玩
9871-num-2,两个人在人群附近争论
9872-num-1,父亲正在游泳池里发射女儿
9872-num-2,空中没有骑自行车的人
9873-num-1,没有女孩玩长笛
9873-num-2,两个婴儿熊猫正在玩
9874-num-1,老虎没有走来走去
9874-num-2,有些人在走路
9875-num-1,这个女孩正在骑马
9875-num-2,骑摩托车的男人没有骑在一个轮子上
9876-num-1,一个人用水冲洗牛排
9876-num-2,一个男人正在黄油一片面包
9877-num-1,一个男人把大蒜放在一些面包片上
9877-num-2,一个人将食材保龄球给搅拌机的男人
9878-num-1,一个婴儿正在打喷嚏，吓到另一个婴儿
9878-num-2,一个黑发的小孩正在删除相机的图片
9879-num-1,一个无家可归的人举起标志，乞求钱
9879-num-2,猫饥饿地喝牛奶
9880-num-1,骑自行车的人从篱笆上骑行
9880-num-2,一个男人在路上跳舞
9881-num-1,一个人在屋顶上跳舞
9881-num-2,一只白狗站在倒下的叶子上
9882-num-1,一个穿着条纹衬衫的女孩在沙质山上赤脚奔跑
9882-num-2,一位女士在碗中混合肉混合物
9883-num-1,女孩正在穿着蓝色和白色制服的男人欢呼
9883-num-2,一名足球运动员正在他的对手解决
9884-num-1,一个孩子在相机上微笑，在水下游泳
9884-num-2,动物在吠叫
9885-num-1,一个穿着红色泳衣的小男孩正在跳入一个蓝色的小孩子池
9885-num-2,一个男人把一些食物放在容器中
9886-num-1,两个孩子在一些金属条上伸展
9886-num-2,穿着黑色和红色制服的自行车骑手站在一辆泥土上
9887-num-1,一个女人在碗外面打破一些鸡蛋
9887-num-2,一个男人正在参加BMX比赛
9888-num-1,一个家庭的孩子在玩耍和等待
9888-num-2,一个人用斧头切碎一棵树
9889-num-1,没有女人在碗中打两个鸡蛋，然后用电线制成
9889-num-2,一个穿着染色黑衬衫的男人坐在桌子旁笑着
9890-num-1,两个鳄鱼漂浮在一些玩耍的孩子附近的绿色游泳池中
9890-num-2,两个贵宾犬在雪地里，一个贵宾跳高
9891-num-1,一个男人正在吐口水
9891-num-2,没有人站在广阔的冰川冰上
9892-num-1,一个小女孩在外面微笑着奔跑
9892-num-2,冲浪者正在骑小浪
9893-num-1,一个孩子在户外玩水，他的其他成员在看
9893-num-2,一个男人站在一个大又丰富多彩的鸟笼旁边
9894-num-1,人们坐在墙上
9894-num-2,一个女人穿着一件蓝色衬衫和白色的帽子，正在说话和游行
9895-num-1,该男子正在使用大锤打破另一个人的混凝土块
9895-num-2,一个男人和一个女人在树林里一起行走
9896-num-1,一个人正在擦洗西葫芦
9896-num-2,那个女人正在割煮熟的章鱼
9897-num-1,一个男人和两个在黑暗的房间里的女人坐在蜡烛的桌子上
9897-num-2,一个男人突然从野外铺设的轨道上摔下一匹马
9898-num-1,有人在弹吉他
9898-num-2,一个光着膀子的女人跳过原木
9899-num-1,没有鹦鹉说话
9899-num-2,一只黄色的狗在晴天在白雪上奔跑
9900-num-1,一个男孩被狗撞倒在水中
9900-num-2,穿着越野摩托车制服的人戴着头盔，骑着红色摩托车
9901-num-1,没有男人砍盒子
9901-num-2,一个无家可归的人举起标志，乞求钱
9902-num-1,那只狗正在接球
9902-num-2,一个小女孩骑在玩具车上
9903-num-1,一个登山者拿着一块岩石，另一个男人在围墙
9903-num-2,黑白狗在户外跑步
9904-num-1,这个男人正在攀岩
9904-num-2,一个男人正在煮蛇
9905-num-1,三只小狗正在嗅探某事
9905-num-2,黄油被男人切碎到容器中
9906-num-1,一个女人正在从一锅水中取出两个鸡蛋
9906-num-2,一个人正在黄油托盘
9907-num-1,猫在玩键盘
9907-num-2,没有人打架
9908-num-1,没有男人在草地上玩游戏
9908-num-2,一个男人在弹吉他
9909-num-1,一个人正在骑机械牛
9909-num-2,一个中东男人站在其他人附近的灯具上
9910-num-1,一只大棕色狗和一只小灰狗站在岩石表面上
9910-num-2,女人正在割洋葱
9911-num-1,一个女人正在将鸡蛋打碎到一个碗里
9911-num-2,一只带有棕色和黑色头巾的棕色和白狗快速运行
9912-num-1,病人正在帮助医生
9912-num-2,两个球队正在踢足球
9913-num-1,有人在钉指甲上撞一个相机镜头
9913-num-2,男人将一些油倒在西红柿上
9914-num-1,一个女人看着距离，人们在建筑物之间行走
9914-num-2,一个男人在玩长笛
9915-num-1,一只棕色的小狗正在gnaw gnaw，被困在地面上的金属柱
9915-num-2,一只营养不良的狗站在后腿上，准备跳跃
9916-num-1,两个玩男孩的视频游戏在沙发上
9916-num-2,有人将食材倒入锅中
9917-num-1,小小的女孩正在将头发梳成小马尾巴。
9917-num-2,穿着红色衬衫的男人正在用滚筒
9918-num-1,没有男人玩长笛
9918-num-2,两个孩子在游泳池里推一个可充气的鳄鱼
9919-num-1,三个孩子跑到山上
9919-num-2,一只宠物狗站在河岸上，正在看池塘里的另一只棕色狗
9920-num-1,一个男人正在锻炼
9920-num-2,两只猫在玩红球
9921-num-1,一个年轻的女人正在弹吉他
9921-num-2,一个男人正在准备一些菜
9922-num-1,一个男人蹲下并拿着相机
9922-num-2,没有老虎幼崽发出声音
9923-num-1,一个女孩站在一个小组中，穿着黑色衬衫和粉红色的珠子
9923-num-2,一只小白狗在雪中跳来跳去
9924-num-1,没有金发女士看着塔
9924-num-2,一个穿着优雅衣服的女人在一群人里面，正在低头看
9925-num-1,一个女人正在将一些鸡蛋裂成一个碗
9925-num-2,一个孩子正在陡峭的滑梯上超速
9926-num-1,穿着牛仔裤的女人坐在马鞍上
9926-num-2,没有人弹钢琴
9927-num-1,那位女士正在折磨洋葱
9927-num-2,橄榄球球员正在互相应对
9928-num-1,这个人正在切蔬菜
9928-num-2,一个男人在玩小提琴
9929-num-1,猫不是从碟子上舔牛奶
9929-num-2,一只狗在湖里游泳，阳光照在他身上
9930-num-1,狗正在用非常脏的水拿出棍子
9930-num-2,女人正在向肉加糖
9931-num-1,女人正在弹电吉他
9931-num-2,一个孩子正在弹吉他
9932-num-1,一个带有心脏背心的小男孩在滑动时举起双手
9932-num-2,男人在玩长笛
9933-num-1,这个人不站在白冰上
9933-num-2,女人正在剥土豆
9934-num-1,一个女人正在砍章鱼
9934-num-2,一个小孩坐在座位上
9935-num-1,一位全新装备的赛车手戴着带有赞助商徽标的头盔，正在骑红色运动摩托车
9935-num-2,滑雪者正在跳下雪地的山丘
9936-num-1,没有人将超级浸泡器喷到狗的嘴里
9936-num-2,一个人正在切碎洋葱
9937-num-1,穿着牛仔裤的女人正站在一匹马附近
9937-num-2,小猫热切地从碗里喝牛奶
9938-num-1,退伍军人向某些人展示了与战争的不同事物
9938-num-2,三个朋友正在为相机做面孔
9939-num-1,这个男人正在把相机放开，然后从海滩走开
9939-num-2,一个白色胡须的人站在阳台上，正在看着下面的道路
9940-num-1,一条穿着彩色外套的狗在院子里奔跑
9940-num-2,一只黑色和棕色的狗正在注视昆虫
9941-num-1,这个男人正在弹吉他
9941-num-2,在黄色球衣中没有曲棍球运动员来守护进球
9942-num-1,一只黑色和棕色的猫正在苍蝇
9942-num-2,这个男人正在吃谷物
9943-num-1,人们站在游行
9943-num-2,一只白鸟迅速降落在水中
9944-num-1,一些跑步者正在比赛中
9944-num-2,女人在跳舞
9945-num-1,棕褐色的狗看着一只棕色的狗在池塘里游泳
9945-num-2,几只小猫在吃
9946-num-1,棕色和白色的外套漂浮在小跑狗附近的浅水上
9946-num-2,一个女人在刷她的脚
9947-num-1,没有人切土豆
9947-num-2,一个男人将消音器安装到手枪上
9948-num-1,一位伟大的歌手在天花板上跳舞
9948-num-2,一个孩子正在做一个雪球
9949-num-1,该男子正在骑山地自行车上做一个轮子
9949-num-2,一个男人在道路的中间停下来
9950-num-1,一匹马站着
9950-num-2,有人拿着刺猬
9951-num-1,男人正在做练习
9951-num-2,一个人把肉放在煎锅里
9952-num-1,一个全面装备的男人戴着带有赞助商徽标的头盔，正在骑红色运动摩托车
9952-num-2,一个女人在敲打手指
9953-num-1,一个男人在向女人唱歌
9953-num-2,一群有趣的人正在做两个拳击男人
9954-num-1,一个人正在床
9954-num-2,有人在切番茄
9955-num-1,两个男人正在做一个非常有趣的短剧，一个拳击手在一群人面前
9955-num-2,一只兔子正在玩玩具兔子
9956-num-1,医生没有帮助病人
9956-num-2,一位女士穿着黑色连衣裙，正在携带白色十字架
9957-num-1,一只棕色的小狗正在咬一根杆子
9957-num-2,男人和女人没有走路
9958-num-1,犀牛正在草地上喂食
9958-num-2,小男孩在户外玩，男人在附近微笑
9959-num-1,一只狗在红色的球附近，空中在空中
9959-num-2,一个男人在弹吉他
9960-num-1,该人正在沙质轨道上骑摩托车
9960-num-2,一个男人正在举起杠铃
9961-num-1,一只松鼠在圈子四处奔跑
9961-num-2,这个男人正在从树上取出刀子
9962-num-1,一个女人正在剥土豆
9962-num-2,一朵黄色的花被蜜蜂粘在
9963-num-1,动物在草地上放牧
9963-num-2,警察坐在警察自行车上
9964-num-1,一只金毛的狗在水中
9964-num-2,一个女人在电话上说话
9965-num-1,没有骑自行车的人跳到金字塔形坡道上
9965-num-2,棕褐色的狗看着一只棕色的狗在池塘里游泳
9966-num-1,吉他是由男人弹的，他的吉他表壳开放了捐款
9966-num-2,女人在跳舞
9967-num-1,四个年轻人站着不动，一辆汽车在他们身后爆炸
9967-num-2,一个男人站在黑色汽车旁边的一个土山上
9968-num-1,女人在walking狗
9968-num-2,一个女人摇摇欲坠，躺在读书的人身上
9969-num-1,一个男人在玩竖琴
9969-num-2,一个人被推到微波炉的按钮
9970-num-1,女人正在用刷子擦洗西葫芦
9970-num-2,一个男人在滑板上做一个技巧
9971-num-1,一个人在脚之间踢足球
9971-num-2,一只棕色和黑狗穿过叶子
9972-num-1,没有使用缝纫机的女人
9972-num-2,一个女孩在刷头发
9973-num-1,军官向新兵大喊
9973-num-2,旱冰鞋正在坡道上执行技巧
9974-num-1,一个男人正在用用于速记的机器打字
9974-num-2,没有人沿着泥泞的小径骑自行车
9975-num-1,那只狗在一些水滴
9975-num-2,乐队中的一个女孩正在演奏乐器
9976-num-1,一个男人好奇地看着一个女人
9976-num-2,这个人站在岩石山上，灰色云在背景中
9977-num-1,两个人在雪地里，穿着提供伪装的衣服
9977-num-2,一个女人正在骑踏板车去水
9978-num-1,精明的terger正在挖掘地球
9978-num-2,女人正在切豆腐
9979-num-1,一个人戴着草帽和抽烟
9979-num-2,一只狗在空中的红球附近
9980-num-1,那个女人正在捡起袋鼠
9980-num-2,一个男人站在屋顶的顶部，玩小提琴
9981-num-1,小提琴是由一个小女孩在海滩上演奏的
9981-num-2,女人正在煮鱼
9982-num-1,人们正越过岩石桥上的岩石溪流
9982-num-2,这个男人正在吃马铃薯片
9983-num-1,一个无家可归的人举起标志，乞求钱
9983-num-2,女人和男人在乘车旅行
9984-num-1,两只狗在海滩上玩耍
9984-num-2,两个人驾驶吉普车，一位女士坐在它的顶部
9985-num-1,一群亚洲餐厅里的一群人正在吃饭
9985-num-2,啦啦队在游行，穿着黑色，粉红色和白色制服
9986-num-1,女人正在骑马
9986-num-2,一个蓝色的男孩正在滑下绿色滑梯
9987-num-1,一个男人正在画一些数字
9987-num-2,一个男人在雨中漫步
9988-num-1,一个年轻人将一辆越野摩托车推到土山上
9988-num-2,一只狗在网球后游泳
9989-num-1,人们在美丽的瀑布旁边的道路上行走
9989-num-2,没有棕色的狗和黑狗在沙滩上玩耍
9990-num-1,猎豹正在追逐猎物在一个领域
9990-num-2,一只白狗和棕色的狗困难地穿过水中
9991-num-1,这个年轻的女孩正在吹一个巨大的泡沫
9991-num-2,没有粉红色的女孩旋转的丝带
9992-num-1,一条穿着彩色外套的狗在院子里奔跑
9992-num-2,长笛在扮演一个男人
9993-num-1,一个男人打开门
9993-num-2,乐队中的一个秃头男人正在聚光灯下弹吉他
9994-num-1,一个男孩很高兴弹钢琴
9994-num-2,一只白鸟迅速降落在水中
9995-num-1,小小的女孩正在将头发梳成小马尾巴。
9995-num-2,两个戴着头盔的人在黄色和白色的花朵上行驶
9996-num-1,一个男人在停车场，正在大墙上打网球
9996-num-2,滑雪者正在无畏地跳过白雪
9997-num-1,有人在锅里煮秋葵
9997-num-2,这个男人不打鼓
9998-num-1,这个男人正在衷心唱歌，弹吉他
9998-num-2,一名骑自行车的人在一群人的头上握着自行车
9999-num-1,一个蓝色的男人在手套中有一个黄球
9999-num-2,一个男人在外面跳绳
10000-num-1,三只狗在人行道上休息
10000-num-2,那个用刀的女人正在切胡椒
