file,concept1,concept2,value
input-data/sick_annotated.txt,1-num-1,1-num-2,4.5
input-data/sick_annotated.txt,2-num-1,2-num-2,3.2
input-data/sick_annotated.txt,3-num-1,3-num-2,4.7
input-data/sick_annotated.txt,4-num-1,4-num-2,3.6
input-data/sick_annotated.txt,5-num-1,5-num-2,3.4
input-data/sick_annotated.txt,6-num-1,6-num-2,3.3
input-data/sick_annotated.txt,7-num-1,7-num-2,3.7
input-data/sick_annotated.txt,8-num-1,8-num-2,3
input-data/sick_annotated.txt,9-num-1,9-num-2,3.7
input-data/sick_annotated.txt,10-num-1,10-num-2,4.9
input-data/sick_annotated.txt,11-num-1,11-num-2,3.665
input-data/sick_annotated.txt,12-num-1,12-num-2,4
input-data/sick_annotated.txt,13-num-1,13-num-2,3.3
input-data/sick_annotated.txt,14-num-1,14-num-2,3.5
input-data/sick_annotated.txt,15-num-1,15-num-2,2.7
input-data/sick_annotated.txt,16-num-1,16-num-2,2.9
input-data/sick_annotated.txt,17-num-1,17-num-2,2.3
input-data/sick_annotated.txt,18-num-1,18-num-2,3.2
input-data/sick_annotated.txt,19-num-1,19-num-2,4.9
input-data/sick_annotated.txt,20-num-1,20-num-2,3.6
input-data/sick_annotated.txt,21-num-1,21-num-2,3
input-data/sick_annotated.txt,22-num-1,22-num-2,4.3
input-data/sick_annotated.txt,23-num-1,23-num-2,4.1
input-data/sick_annotated.txt,24-num-1,24-num-2,3.4
input-data/sick_annotated.txt,25-num-1,25-num-2,2.8
input-data/sick_annotated.txt,26-num-1,26-num-2,3.7
input-data/sick_annotated.txt,27-num-1,27-num-2,3.2
input-data/sick_annotated.txt,28-num-1,28-num-2,3.4
input-data/sick_annotated.txt,29-num-1,29-num-2,3.3
input-data/sick_annotated.txt,30-num-1,30-num-2,4.9
input-data/sick_annotated.txt,31-num-1,31-num-2,4
input-data/sick_annotated.txt,32-num-1,32-num-2,4.2
input-data/sick_annotated.txt,33-num-1,33-num-2,4.7
input-data/sick_annotated.txt,34-num-1,34-num-2,3.9
input-data/sick_annotated.txt,35-num-1,35-num-2,3.6
input-data/sick_annotated.txt,36-num-1,36-num-2,3.5
input-data/sick_annotated.txt,37-num-1,37-num-2,4
input-data/sick_annotated.txt,38-num-1,38-num-2,3.5
input-data/sick_annotated.txt,39-num-1,39-num-2,3.6
input-data/sick_annotated.txt,40-num-1,40-num-2,3.8
input-data/sick_annotated.txt,41-num-1,41-num-2,4.4
input-data/sick_annotated.txt,42-num-1,42-num-2,3.4
input-data/sick_annotated.txt,43-num-1,43-num-2,4
input-data/sick_annotated.txt,44-num-1,44-num-2,4.9
input-data/sick_annotated.txt,45-num-1,45-num-2,3.9
input-data/sick_annotated.txt,46-num-1,46-num-2,3.9
input-data/sick_annotated.txt,47-num-1,47-num-2,3.415
input-data/sick_annotated.txt,48-num-1,48-num-2,3.7
input-data/sick_annotated.txt,49-num-1,49-num-2,3.7
input-data/sick_annotated.txt,50-num-1,50-num-2,3.6
input-data/sick_annotated.txt,51-num-1,51-num-2,3.9
input-data/sick_annotated.txt,52-num-1,52-num-2,4.9
input-data/sick_annotated.txt,53-num-1,53-num-2,4
input-data/sick_annotated.txt,54-num-1,54-num-2,3.9
input-data/sick_annotated.txt,55-num-1,55-num-2,4.4
input-data/sick_annotated.txt,56-num-1,56-num-2,3.8
input-data/sick_annotated.txt,57-num-1,57-num-2,4.1
input-data/sick_annotated.txt,58-num-1,58-num-2,3.5
input-data/sick_annotated.txt,59-num-1,59-num-2,3.9
input-data/sick_annotated.txt,60-num-1,60-num-2,3.1
input-data/sick_annotated.txt,61-num-1,61-num-2,3.9
input-data/sick_annotated.txt,62-num-1,62-num-2,4
input-data/sick_annotated.txt,63-num-1,63-num-2,4.4
input-data/sick_annotated.txt,64-num-1,64-num-2,3.8
input-data/sick_annotated.txt,65-num-1,65-num-2,2.9
input-data/sick_annotated.txt,66-num-1,66-num-2,4.8
input-data/sick_annotated.txt,67-num-1,67-num-2,4.1
input-data/sick_annotated.txt,68-num-1,68-num-2,4.6
input-data/sick_annotated.txt,69-num-1,69-num-2,3.6
input-data/sick_annotated.txt,70-num-1,70-num-2,4.1
input-data/sick_annotated.txt,71-num-1,71-num-2,3.3
input-data/sick_annotated.txt,72-num-1,72-num-2,2.5
input-data/sick_annotated.txt,73-num-1,73-num-2,4.2
input-data/sick_annotated.txt,74-num-1,74-num-2,4.7
input-data/sick_annotated.txt,75-num-1,75-num-2,3.8
input-data/sick_annotated.txt,76-num-1,76-num-2,2.9
input-data/sick_annotated.txt,77-num-1,77-num-2,4.4
input-data/sick_annotated.txt,78-num-1,78-num-2,3.2
input-data/sick_annotated.txt,79-num-1,79-num-2,3.635
input-data/sick_annotated.txt,80-num-1,80-num-2,1.3
input-data/sick_annotated.txt,81-num-1,81-num-2,2.4
input-data/sick_annotated.txt,82-num-1,82-num-2,2.6
input-data/sick_annotated.txt,83-num-1,83-num-2,2.2
input-data/sick_annotated.txt,84-num-1,84-num-2,3
input-data/sick_annotated.txt,85-num-1,85-num-2,2
input-data/sick_annotated.txt,86-num-1,86-num-2,2.6
input-data/sick_annotated.txt,87-num-1,87-num-2,5
input-data/sick_annotated.txt,88-num-1,88-num-2,4.2
input-data/sick_annotated.txt,89-num-1,89-num-2,4.8
input-data/sick_annotated.txt,90-num-1,90-num-2,3
input-data/sick_annotated.txt,91-num-1,91-num-2,3.1
input-data/sick_annotated.txt,92-num-1,92-num-2,1.6
input-data/sick_annotated.txt,93-num-1,93-num-2,1.7
input-data/sick_annotated.txt,94-num-1,94-num-2,1.4
input-data/sick_annotated.txt,95-num-1,95-num-2,1.6
input-data/sick_annotated.txt,96-num-1,96-num-2,1.2
input-data/sick_annotated.txt,97-num-1,97-num-2,1.5
input-data/sick_annotated.txt,98-num-1,98-num-2,4.8
input-data/sick_annotated.txt,99-num-1,99-num-2,3.8
input-data/sick_annotated.txt,100-num-1,100-num-2,4.1
input-data/sick_annotated.txt,101-num-1,101-num-2,4
input-data/sick_annotated.txt,102-num-1,102-num-2,3.7
input-data/sick_annotated.txt,103-num-1,103-num-2,3.7
input-data/sick_annotated.txt,104-num-1,104-num-2,4.3
input-data/sick_annotated.txt,105-num-1,105-num-2,3.8
input-data/sick_annotated.txt,106-num-1,106-num-2,4.1
input-data/sick_annotated.txt,107-num-1,107-num-2,4.3
input-data/sick_annotated.txt,108-num-1,108-num-2,3.5
input-data/sick_annotated.txt,109-num-1,109-num-2,4.7
input-data/sick_annotated.txt,110-num-1,110-num-2,3.9
input-data/sick_annotated.txt,111-num-1,111-num-2,4.8
input-data/sick_annotated.txt,112-num-1,112-num-2,2.1
input-data/sick_annotated.txt,113-num-1,113-num-2,3
input-data/sick_annotated.txt,114-num-1,114-num-2,3
input-data/sick_annotated.txt,115-num-1,115-num-2,2.7
input-data/sick_annotated.txt,116-num-1,116-num-2,2.9
input-data/sick_annotated.txt,117-num-1,117-num-2,2.6
input-data/sick_annotated.txt,118-num-1,118-num-2,4.8
input-data/sick_annotated.txt,119-num-1,119-num-2,4.2
input-data/sick_annotated.txt,120-num-1,120-num-2,3.2
input-data/sick_annotated.txt,121-num-1,121-num-2,4.8
input-data/sick_annotated.txt,122-num-1,122-num-2,3.7
input-data/sick_annotated.txt,123-num-1,123-num-2,2.8
input-data/sick_annotated.txt,124-num-1,124-num-2,2.6
input-data/sick_annotated.txt,125-num-1,125-num-2,3
input-data/sick_annotated.txt,126-num-1,126-num-2,2.7
input-data/sick_annotated.txt,127-num-1,127-num-2,2.3
input-data/sick_annotated.txt,128-num-1,128-num-2,2.3
input-data/sick_annotated.txt,129-num-1,129-num-2,4.4
input-data/sick_annotated.txt,130-num-1,130-num-2,2.6
input-data/sick_annotated.txt,131-num-1,131-num-2,4.1
input-data/sick_annotated.txt,132-num-1,132-num-2,3.3
input-data/sick_annotated.txt,133-num-1,133-num-2,3.4
input-data/sick_annotated.txt,134-num-1,134-num-2,4
input-data/sick_annotated.txt,135-num-1,135-num-2,2.7
input-data/sick_annotated.txt,136-num-1,136-num-2,3.3
input-data/sick_annotated.txt,137-num-1,137-num-2,2.8
input-data/sick_annotated.txt,138-num-1,138-num-2,1.4
input-data/sick_annotated.txt,139-num-1,139-num-2,3.8
input-data/sick_annotated.txt,140-num-1,140-num-2,4.9
input-data/sick_annotated.txt,141-num-1,141-num-2,3.7
input-data/sick_annotated.txt,142-num-1,142-num-2,4.9
input-data/sick_annotated.txt,143-num-1,143-num-2,3.4
input-data/sick_annotated.txt,144-num-1,144-num-2,2.9
input-data/sick_annotated.txt,145-num-1,145-num-2,2.2
input-data/sick_annotated.txt,146-num-1,146-num-2,3.2
input-data/sick_annotated.txt,147-num-1,147-num-2,2.8
input-data/sick_annotated.txt,148-num-1,148-num-2,3.1
input-data/sick_annotated.txt,149-num-1,149-num-2,4.535
input-data/sick_annotated.txt,150-num-1,150-num-2,3.9
input-data/sick_annotated.txt,151-num-1,151-num-2,4.8
input-data/sick_annotated.txt,152-num-1,152-num-2,4.1
input-data/sick_annotated.txt,153-num-1,153-num-2,4.5
input-data/sick_annotated.txt,154-num-1,154-num-2,2.685
input-data/sick_annotated.txt,155-num-1,155-num-2,4.2
input-data/sick_annotated.txt,156-num-1,156-num-2,3.55
input-data/sick_annotated.txt,157-num-1,157-num-2,4.9
input-data/sick_annotated.txt,158-num-1,158-num-2,4.7
input-data/sick_annotated.txt,159-num-1,159-num-2,3.4
input-data/sick_annotated.txt,160-num-1,160-num-2,4.7
input-data/sick_annotated.txt,161-num-1,161-num-2,3.5
input-data/sick_annotated.txt,162-num-1,162-num-2,3.8
input-data/sick_annotated.txt,163-num-1,163-num-2,3.6
input-data/sick_annotated.txt,164-num-1,164-num-2,3.6
input-data/sick_annotated.txt,165-num-1,165-num-2,3.4
input-data/sick_annotated.txt,166-num-1,166-num-2,3.7
input-data/sick_annotated.txt,167-num-1,167-num-2,4.4
input-data/sick_annotated.txt,168-num-1,168-num-2,3.8
input-data/sick_annotated.txt,169-num-1,169-num-2,4.6
input-data/sick_annotated.txt,170-num-1,170-num-2,3.9
input-data/sick_annotated.txt,171-num-1,171-num-2,3.7
input-data/sick_annotated.txt,172-num-1,172-num-2,3.7
input-data/sick_annotated.txt,173-num-1,173-num-2,3.015
input-data/sick_annotated.txt,174-num-1,174-num-2,3.7
input-data/sick_annotated.txt,175-num-1,175-num-2,4.2
input-data/sick_annotated.txt,176-num-1,176-num-2,2.7
input-data/sick_annotated.txt,177-num-1,177-num-2,4.1
input-data/sick_annotated.txt,178-num-1,178-num-2,4.8
input-data/sick_annotated.txt,179-num-1,179-num-2,3.4
input-data/sick_annotated.txt,180-num-1,180-num-2,3.5
input-data/sick_annotated.txt,181-num-1,181-num-2,4.6
input-data/sick_annotated.txt,182-num-1,182-num-2,3.2
input-data/sick_annotated.txt,183-num-1,183-num-2,3.3
input-data/sick_annotated.txt,184-num-1,184-num-2,2.9
input-data/sick_annotated.txt,185-num-1,185-num-2,2.6
input-data/sick_annotated.txt,186-num-1,186-num-2,3.1
input-data/sick_annotated.txt,187-num-1,187-num-2,3
input-data/sick_annotated.txt,188-num-1,188-num-2,3.2
input-data/sick_annotated.txt,189-num-1,189-num-2,3.3
input-data/sick_annotated.txt,190-num-1,190-num-2,3.3
input-data/sick_annotated.txt,191-num-1,191-num-2,4.1
input-data/sick_annotated.txt,192-num-1,192-num-2,3.8
input-data/sick_annotated.txt,193-num-1,193-num-2,4.6
input-data/sick_annotated.txt,194-num-1,194-num-2,3.7
input-data/sick_annotated.txt,195-num-1,195-num-2,3.6
input-data/sick_annotated.txt,196-num-1,196-num-2,3.6
input-data/sick_annotated.txt,197-num-1,197-num-2,3.165
input-data/sick_annotated.txt,198-num-1,198-num-2,3.6
input-data/sick_annotated.txt,199-num-1,199-num-2,3.7
input-data/sick_annotated.txt,200-num-1,200-num-2,4.6
input-data/sick_annotated.txt,201-num-1,201-num-2,3.7
input-data/sick_annotated.txt,202-num-1,202-num-2,4.8
input-data/sick_annotated.txt,203-num-1,203-num-2,3.7
input-data/sick_annotated.txt,204-num-1,204-num-2,4
input-data/sick_annotated.txt,205-num-1,205-num-2,3.3
input-data/sick_annotated.txt,206-num-1,206-num-2,3.8
input-data/sick_annotated.txt,207-num-1,207-num-2,3.3
input-data/sick_annotated.txt,208-num-1,208-num-2,4.5
input-data/sick_annotated.txt,209-num-1,209-num-2,4.2
input-data/sick_annotated.txt,210-num-1,210-num-2,3.3
input-data/sick_annotated.txt,211-num-1,211-num-2,4.6
input-data/sick_annotated.txt,212-num-1,212-num-2,3.565
input-data/sick_annotated.txt,213-num-1,213-num-2,2.8
input-data/sick_annotated.txt,214-num-1,214-num-2,2.6
input-data/sick_annotated.txt,215-num-1,215-num-2,3.7
input-data/sick_annotated.txt,216-num-1,216-num-2,2.7
input-data/sick_annotated.txt,217-num-1,217-num-2,3
input-data/sick_annotated.txt,218-num-1,218-num-2,4.9
input-data/sick_annotated.txt,219-num-1,219-num-2,4.2
input-data/sick_annotated.txt,220-num-1,220-num-2,4.4
input-data/sick_annotated.txt,221-num-1,221-num-2,3.9
input-data/sick_annotated.txt,222-num-1,222-num-2,3.9
input-data/sick_annotated.txt,223-num-1,223-num-2,4
input-data/sick_annotated.txt,224-num-1,224-num-2,3.3
input-data/sick_annotated.txt,225-num-1,225-num-2,2.7
input-data/sick_annotated.txt,226-num-1,226-num-2,3.5
input-data/sick_annotated.txt,227-num-1,227-num-2,3.3
input-data/sick_annotated.txt,228-num-1,228-num-2,3.3
input-data/sick_annotated.txt,229-num-1,229-num-2,4.5
input-data/sick_annotated.txt,230-num-1,230-num-2,3.1
input-data/sick_annotated.txt,231-num-1,231-num-2,4.5
input-data/sick_annotated.txt,232-num-1,232-num-2,3.9
input-data/sick_annotated.txt,233-num-1,233-num-2,3.7
input-data/sick_annotated.txt,234-num-1,234-num-2,1.9
input-data/sick_annotated.txt,235-num-1,235-num-2,2.7
input-data/sick_annotated.txt,236-num-1,236-num-2,1.9
input-data/sick_annotated.txt,237-num-1,237-num-2,2.3
input-data/sick_annotated.txt,238-num-1,238-num-2,1.6
input-data/sick_annotated.txt,239-num-1,239-num-2,2.3
input-data/sick_annotated.txt,240-num-1,240-num-2,4.3
input-data/sick_annotated.txt,241-num-1,241-num-2,4
input-data/sick_annotated.txt,242-num-1,242-num-2,3.9
input-data/sick_annotated.txt,243-num-1,243-num-2,3.9
input-data/sick_annotated.txt,244-num-1,244-num-2,3.9
input-data/sick_annotated.txt,245-num-1,245-num-2,3.7
input-data/sick_annotated.txt,246-num-1,246-num-2,2.3
input-data/sick_annotated.txt,247-num-1,247-num-2,3.6
input-data/sick_annotated.txt,248-num-1,248-num-2,3.6
input-data/sick_annotated.txt,249-num-1,249-num-2,2.5
input-data/sick_annotated.txt,250-num-1,250-num-2,3
input-data/sick_annotated.txt,251-num-1,251-num-2,3.1
input-data/sick_annotated.txt,252-num-1,252-num-2,3.8
input-data/sick_annotated.txt,253-num-1,253-num-2,4.7
input-data/sick_annotated.txt,254-num-1,254-num-2,3.2
input-data/sick_annotated.txt,255-num-1,255-num-2,4.2
input-data/sick_annotated.txt,256-num-1,256-num-2,4.3
input-data/sick_annotated.txt,257-num-1,257-num-2,2.5
input-data/sick_annotated.txt,258-num-1,258-num-2,2.5
input-data/sick_annotated.txt,259-num-1,259-num-2,2.9
input-data/sick_annotated.txt,260-num-1,260-num-2,2.4
input-data/sick_annotated.txt,261-num-1,261-num-2,3.2
input-data/sick_annotated.txt,262-num-1,262-num-2,4.7
input-data/sick_annotated.txt,263-num-1,263-num-2,4.1
input-data/sick_annotated.txt,264-num-1,264-num-2,2.8
input-data/sick_annotated.txt,265-num-1,265-num-2,4.8
input-data/sick_annotated.txt,266-num-1,266-num-2,3.6
input-data/sick_annotated.txt,267-num-1,267-num-2,2.9
input-data/sick_annotated.txt,268-num-1,268-num-2,2.5
input-data/sick_annotated.txt,269-num-1,269-num-2,3.2
input-data/sick_annotated.txt,270-num-1,270-num-2,3.7
input-data/sick_annotated.txt,271-num-1,271-num-2,3.1
input-data/sick_annotated.txt,272-num-1,272-num-2,3.8
input-data/sick_annotated.txt,273-num-1,273-num-2,4.1
input-data/sick_annotated.txt,274-num-1,274-num-2,3.6
input-data/sick_annotated.txt,275-num-1,275-num-2,4.2
input-data/sick_annotated.txt,276-num-1,276-num-2,3.2
input-data/sick_annotated.txt,277-num-1,277-num-2,3
input-data/sick_annotated.txt,278-num-1,278-num-2,2.8
input-data/sick_annotated.txt,279-num-1,279-num-2,3.3
input-data/sick_annotated.txt,280-num-1,280-num-2,3.135
input-data/sick_annotated.txt,281-num-1,281-num-2,4
input-data/sick_annotated.txt,282-num-1,282-num-2,4.6
input-data/sick_annotated.txt,283-num-1,283-num-2,3.6
input-data/sick_annotated.txt,284-num-1,284-num-2,4.7
input-data/sick_annotated.txt,285-num-1,285-num-2,3.9
input-data/sick_annotated.txt,286-num-1,286-num-2,3
input-data/sick_annotated.txt,287-num-1,287-num-2,3.8
input-data/sick_annotated.txt,288-num-1,288-num-2,3.8
input-data/sick_annotated.txt,289-num-1,289-num-2,3.4
input-data/sick_annotated.txt,290-num-1,290-num-2,3
input-data/sick_annotated.txt,291-num-1,291-num-2,4
input-data/sick_annotated.txt,292-num-1,292-num-2,3.285
input-data/sick_annotated.txt,293-num-1,293-num-2,4.4
input-data/sick_annotated.txt,294-num-1,294-num-2,3.8
input-data/sick_annotated.txt,295-num-1,295-num-2,2.9
input-data/sick_annotated.txt,296-num-1,296-num-2,2.8
input-data/sick_annotated.txt,297-num-1,297-num-2,2.3
input-data/sick_annotated.txt,298-num-1,298-num-2,1.8
input-data/sick_annotated.txt,299-num-1,299-num-2,3.2
input-data/sick_annotated.txt,300-num-1,300-num-2,4.7
input-data/sick_annotated.txt,301-num-1,301-num-2,2.9
input-data/sick_annotated.txt,302-num-1,302-num-2,3.1
input-data/sick_annotated.txt,303-num-1,303-num-2,4.4
input-data/sick_annotated.txt,304-num-1,304-num-2,3.8
input-data/sick_annotated.txt,305-num-1,305-num-2,3.8
input-data/sick_annotated.txt,306-num-1,306-num-2,3.1
input-data/sick_annotated.txt,307-num-1,307-num-2,3.5
input-data/sick_annotated.txt,308-num-1,308-num-2,3.2
input-data/sick_annotated.txt,309-num-1,309-num-2,3
input-data/sick_annotated.txt,310-num-1,310-num-2,4.2
input-data/sick_annotated.txt,311-num-1,311-num-2,4.3
input-data/sick_annotated.txt,312-num-1,312-num-2,3.8
input-data/sick_annotated.txt,313-num-1,313-num-2,4.5
input-data/sick_annotated.txt,314-num-1,314-num-2,3.8
input-data/sick_annotated.txt,315-num-1,315-num-2,3.3
input-data/sick_annotated.txt,316-num-1,316-num-2,1.6
input-data/sick_annotated.txt,317-num-1,317-num-2,1.3
input-data/sick_annotated.txt,318-num-1,318-num-2,1.7
input-data/sick_annotated.txt,319-num-1,319-num-2,1.8
input-data/sick_annotated.txt,320-num-1,320-num-2,1
input-data/sick_annotated.txt,321-num-1,321-num-2,1.9
input-data/sick_annotated.txt,322-num-1,322-num-2,4.7
input-data/sick_annotated.txt,323-num-1,323-num-2,3.9
input-data/sick_annotated.txt,324-num-1,324-num-2,4.4
input-data/sick_annotated.txt,325-num-1,325-num-2,4.1
input-data/sick_annotated.txt,326-num-1,326-num-2,2.3
input-data/sick_annotated.txt,327-num-1,327-num-2,1.5
input-data/sick_annotated.txt,328-num-1,328-num-2,1.4
input-data/sick_annotated.txt,329-num-1,329-num-2,1.3
input-data/sick_annotated.txt,330-num-1,330-num-2,1.3
input-data/sick_annotated.txt,331-num-1,331-num-2,4
input-data/sick_annotated.txt,332-num-1,332-num-2,2.6
input-data/sick_annotated.txt,333-num-1,333-num-2,4.5
input-data/sick_annotated.txt,334-num-1,334-num-2,3.1
input-data/sick_annotated.txt,335-num-1,335-num-2,4.6
input-data/sick_annotated.txt,336-num-1,336-num-2,4.4
input-data/sick_annotated.txt,337-num-1,337-num-2,3.8
input-data/sick_annotated.txt,338-num-1,338-num-2,1.4
input-data/sick_annotated.txt,339-num-1,339-num-2,4.3
input-data/sick_annotated.txt,340-num-1,340-num-2,4.7
input-data/sick_annotated.txt,341-num-1,341-num-2,3.7
input-data/sick_annotated.txt,342-num-1,342-num-2,2.7
input-data/sick_annotated.txt,343-num-1,343-num-2,4.8
input-data/sick_annotated.txt,344-num-1,344-num-2,3.8
input-data/sick_annotated.txt,345-num-1,345-num-2,3.5
input-data/sick_annotated.txt,346-num-1,346-num-2,2.5
input-data/sick_annotated.txt,347-num-1,347-num-2,2.8
input-data/sick_annotated.txt,348-num-1,348-num-2,2.6
input-data/sick_annotated.txt,349-num-1,349-num-2,2.1
input-data/sick_annotated.txt,350-num-1,350-num-2,3.2
input-data/sick_annotated.txt,351-num-1,351-num-2,4.6
input-data/sick_annotated.txt,352-num-1,352-num-2,3.9
input-data/sick_annotated.txt,353-num-1,353-num-2,3.2
input-data/sick_annotated.txt,354-num-1,354-num-2,4.3
input-data/sick_annotated.txt,355-num-1,355-num-2,3.5
input-data/sick_annotated.txt,356-num-1,356-num-2,4.2
input-data/sick_annotated.txt,357-num-1,357-num-2,3.1
input-data/sick_annotated.txt,358-num-1,358-num-2,3.9
input-data/sick_annotated.txt,359-num-1,359-num-2,3.9
input-data/sick_annotated.txt,360-num-1,360-num-2,3.2
input-data/sick_annotated.txt,361-num-1,361-num-2,4
input-data/sick_annotated.txt,362-num-1,362-num-2,4.5
input-data/sick_annotated.txt,363-num-1,363-num-2,3.4
input-data/sick_annotated.txt,364-num-1,364-num-2,4.9
input-data/sick_annotated.txt,365-num-1,365-num-2,4.4
input-data/sick_annotated.txt,366-num-1,366-num-2,4.1
input-data/sick_annotated.txt,367-num-1,367-num-2,3.2
input-data/sick_annotated.txt,368-num-1,368-num-2,3.8
input-data/sick_annotated.txt,369-num-1,369-num-2,2.8
input-data/sick_annotated.txt,370-num-1,370-num-2,4.3
input-data/sick_annotated.txt,371-num-1,371-num-2,4.3
input-data/sick_annotated.txt,372-num-1,372-num-2,3.8
input-data/sick_annotated.txt,373-num-1,373-num-2,4.4
input-data/sick_annotated.txt,374-num-1,374-num-2,2.9
input-data/sick_annotated.txt,375-num-1,375-num-2,2.6
input-data/sick_annotated.txt,376-num-1,376-num-2,2.4
input-data/sick_annotated.txt,377-num-1,377-num-2,2.1
input-data/sick_annotated.txt,378-num-1,378-num-2,2
input-data/sick_annotated.txt,379-num-1,379-num-2,2.5
input-data/sick_annotated.txt,380-num-1,380-num-2,1.6
input-data/sick_annotated.txt,381-num-1,381-num-2,2.4
input-data/sick_annotated.txt,382-num-1,382-num-2,4.4
input-data/sick_annotated.txt,383-num-1,383-num-2,3.935
input-data/sick_annotated.txt,384-num-1,384-num-2,4.35
input-data/sick_annotated.txt,385-num-1,385-num-2,4
input-data/sick_annotated.txt,386-num-1,386-num-2,4
input-data/sick_annotated.txt,387-num-1,387-num-2,3.8
input-data/sick_annotated.txt,388-num-1,388-num-2,3.6
input-data/sick_annotated.txt,389-num-1,389-num-2,3.4
input-data/sick_annotated.txt,390-num-1,390-num-2,4.6
input-data/sick_annotated.txt,391-num-1,391-num-2,4.8
input-data/sick_annotated.txt,392-num-1,392-num-2,4.1
input-data/sick_annotated.txt,393-num-1,393-num-2,3.7
input-data/sick_annotated.txt,394-num-1,394-num-2,3.6
input-data/sick_annotated.txt,395-num-1,395-num-2,4.2
input-data/sick_annotated.txt,396-num-1,396-num-2,2.6
input-data/sick_annotated.txt,397-num-1,397-num-2,2.7
input-data/sick_annotated.txt,398-num-1,398-num-2,3.1
input-data/sick_annotated.txt,399-num-1,399-num-2,2.7
input-data/sick_annotated.txt,400-num-1,400-num-2,3.2
input-data/sick_annotated.txt,401-num-1,401-num-2,3.7
input-data/sick_annotated.txt,402-num-1,402-num-2,4.1
input-data/sick_annotated.txt,403-num-1,403-num-2,3.5
input-data/sick_annotated.txt,404-num-1,404-num-2,4.7
input-data/sick_annotated.txt,405-num-1,405-num-2,3.5
input-data/sick_annotated.txt,406-num-1,406-num-2,3.6
input-data/sick_annotated.txt,407-num-1,407-num-2,1.8
input-data/sick_annotated.txt,408-num-1,408-num-2,4.1
input-data/sick_annotated.txt,409-num-1,409-num-2,1.5
input-data/sick_annotated.txt,410-num-1,410-num-2,3.2
input-data/sick_annotated.txt,411-num-1,411-num-2,4.9
input-data/sick_annotated.txt,412-num-1,412-num-2,3.3
input-data/sick_annotated.txt,413-num-1,413-num-2,3
input-data/sick_annotated.txt,414-num-1,414-num-2,4.7
input-data/sick_annotated.txt,415-num-1,415-num-2,3.5
input-data/sick_annotated.txt,416-num-1,416-num-2,3.8
input-data/sick_annotated.txt,417-num-1,417-num-2,4
input-data/sick_annotated.txt,418-num-1,418-num-2,3.2
input-data/sick_annotated.txt,419-num-1,419-num-2,3.9
input-data/sick_annotated.txt,420-num-1,420-num-2,2.2
input-data/sick_annotated.txt,421-num-1,421-num-2,3.7
input-data/sick_annotated.txt,422-num-1,422-num-2,4.3
input-data/sick_annotated.txt,423-num-1,423-num-2,3.2
input-data/sick_annotated.txt,424-num-1,424-num-2,4.5
input-data/sick_annotated.txt,425-num-1,425-num-2,3.4
input-data/sick_annotated.txt,426-num-1,426-num-2,3.6
input-data/sick_annotated.txt,427-num-1,427-num-2,4.3
input-data/sick_annotated.txt,428-num-1,428-num-2,3.2
input-data/sick_annotated.txt,429-num-1,429-num-2,2.6
input-data/sick_annotated.txt,430-num-1,430-num-2,3.9
input-data/sick_annotated.txt,431-num-1,431-num-2,3.6
input-data/sick_annotated.txt,432-num-1,432-num-2,4.4
input-data/sick_annotated.txt,433-num-1,433-num-2,4.9
input-data/sick_annotated.txt,434-num-1,434-num-2,4.2
input-data/sick_annotated.txt,435-num-1,435-num-2,4.3
input-data/sick_annotated.txt,436-num-1,436-num-2,2.4
input-data/sick_annotated.txt,437-num-1,437-num-2,2.8
input-data/sick_annotated.txt,438-num-1,438-num-2,1.9
input-data/sick_annotated.txt,439-num-1,439-num-2,2.9
input-data/sick_annotated.txt,440-num-1,440-num-2,3.7
input-data/sick_annotated.txt,441-num-1,441-num-2,3.3
input-data/sick_annotated.txt,442-num-1,442-num-2,4.7
input-data/sick_annotated.txt,443-num-1,443-num-2,3.8
input-data/sick_annotated.txt,444-num-1,444-num-2,3.2
input-data/sick_annotated.txt,445-num-1,445-num-2,4.6
input-data/sick_annotated.txt,446-num-1,446-num-2,3.5
input-data/sick_annotated.txt,447-num-1,447-num-2,4
input-data/sick_annotated.txt,448-num-1,448-num-2,3.6
input-data/sick_annotated.txt,449-num-1,449-num-2,3.6
input-data/sick_annotated.txt,450-num-1,450-num-2,3.3
input-data/sick_annotated.txt,451-num-1,451-num-2,2.3
input-data/sick_annotated.txt,452-num-1,452-num-2,4
input-data/sick_annotated.txt,453-num-1,453-num-2,4.6
input-data/sick_annotated.txt,454-num-1,454-num-2,3.6
input-data/sick_annotated.txt,455-num-1,455-num-2,4.2
input-data/sick_annotated.txt,456-num-1,456-num-2,3.3
input-data/sick_annotated.txt,457-num-1,457-num-2,3
input-data/sick_annotated.txt,458-num-1,458-num-2,2.4
input-data/sick_annotated.txt,459-num-1,459-num-2,2.5
input-data/sick_annotated.txt,460-num-1,460-num-2,2.4
input-data/sick_annotated.txt,461-num-1,461-num-2,2.7
input-data/sick_annotated.txt,462-num-1,462-num-2,3.5
input-data/sick_annotated.txt,463-num-1,463-num-2,3.2
input-data/sick_annotated.txt,464-num-1,464-num-2,3.5
input-data/sick_annotated.txt,465-num-1,465-num-2,4.7
input-data/sick_annotated.txt,466-num-1,466-num-2,4.8
input-data/sick_annotated.txt,467-num-1,467-num-2,3.3
input-data/sick_annotated.txt,468-num-1,468-num-2,2.8
input-data/sick_annotated.txt,469-num-1,469-num-2,4.5
input-data/sick_annotated.txt,470-num-1,470-num-2,3.4
input-data/sick_annotated.txt,471-num-1,471-num-2,2.7
input-data/sick_annotated.txt,472-num-1,472-num-2,3.8
input-data/sick_annotated.txt,473-num-1,473-num-2,4.5
input-data/sick_annotated.txt,474-num-1,474-num-2,3.035
input-data/sick_annotated.txt,475-num-1,475-num-2,4
input-data/sick_annotated.txt,476-num-1,476-num-2,4
input-data/sick_annotated.txt,477-num-1,477-num-2,3.9
input-data/sick_annotated.txt,478-num-1,478-num-2,4.085
input-data/sick_annotated.txt,479-num-1,479-num-2,4
input-data/sick_annotated.txt,480-num-1,480-num-2,3.6
input-data/sick_annotated.txt,481-num-1,481-num-2,4.5
input-data/sick_annotated.txt,482-num-1,482-num-2,4.7
input-data/sick_annotated.txt,483-num-1,483-num-2,2.5
input-data/sick_annotated.txt,484-num-1,484-num-2,4.2
input-data/sick_annotated.txt,485-num-1,485-num-2,3.3
input-data/sick_annotated.txt,486-num-1,486-num-2,3.8
input-data/sick_annotated.txt,487-num-1,487-num-2,2.95
input-data/sick_annotated.txt,488-num-1,488-num-2,3.8
input-data/sick_annotated.txt,489-num-1,489-num-2,3
input-data/sick_annotated.txt,490-num-1,490-num-2,3.7
input-data/sick_annotated.txt,491-num-1,491-num-2,4.9
input-data/sick_annotated.txt,492-num-1,492-num-2,3.3
input-data/sick_annotated.txt,493-num-1,493-num-2,2.4
input-data/sick_annotated.txt,494-num-1,494-num-2,4.8
input-data/sick_annotated.txt,495-num-1,495-num-2,3.9
input-data/sick_annotated.txt,496-num-1,496-num-2,3
input-data/sick_annotated.txt,497-num-1,497-num-2,2.9
input-data/sick_annotated.txt,498-num-1,498-num-2,3.7
input-data/sick_annotated.txt,499-num-1,499-num-2,2.7
input-data/sick_annotated.txt,500-num-1,500-num-2,2.5
input-data/sick_annotated.txt,501-num-1,501-num-2,3.3
input-data/sick_annotated.txt,502-num-1,502-num-2,4.5
input-data/sick_annotated.txt,503-num-1,503-num-2,3.45
input-data/sick_annotated.txt,504-num-1,504-num-2,3.7
input-data/sick_annotated.txt,505-num-1,505-num-2,4.7
input-data/sick_annotated.txt,506-num-1,506-num-2,3.7
input-data/sick_annotated.txt,507-num-1,507-num-2,3.6
input-data/sick_annotated.txt,508-num-1,508-num-2,3.5
input-data/sick_annotated.txt,509-num-1,509-num-2,2.8
input-data/sick_annotated.txt,510-num-1,510-num-2,2.4
input-data/sick_annotated.txt,511-num-1,511-num-2,3
input-data/sick_annotated.txt,512-num-1,512-num-2,3
input-data/sick_annotated.txt,513-num-1,513-num-2,2.4
input-data/sick_annotated.txt,514-num-1,514-num-2,3.9
input-data/sick_annotated.txt,515-num-1,515-num-2,4.3
input-data/sick_annotated.txt,516-num-1,516-num-2,3.7
input-data/sick_annotated.txt,517-num-1,517-num-2,2.8
input-data/sick_annotated.txt,518-num-1,518-num-2,4.7
input-data/sick_annotated.txt,519-num-1,519-num-2,4
input-data/sick_annotated.txt,520-num-1,520-num-2,3.3
input-data/sick_annotated.txt,521-num-1,521-num-2,3
input-data/sick_annotated.txt,522-num-1,522-num-2,2.6
input-data/sick_annotated.txt,523-num-1,523-num-2,2.7
input-data/sick_annotated.txt,524-num-1,524-num-2,3.7
input-data/sick_annotated.txt,525-num-1,525-num-2,2.5
input-data/sick_annotated.txt,526-num-1,526-num-2,2.4
input-data/sick_annotated.txt,527-num-1,527-num-2,2.5
input-data/sick_annotated.txt,528-num-1,528-num-2,4.7
input-data/sick_annotated.txt,529-num-1,529-num-2,3.315
input-data/sick_annotated.txt,530-num-1,530-num-2,3.1
input-data/sick_annotated.txt,531-num-1,531-num-2,4.8
input-data/sick_annotated.txt,532-num-1,532-num-2,3.1
input-data/sick_annotated.txt,533-num-1,533-num-2,3.4
input-data/sick_annotated.txt,534-num-1,534-num-2,3.5
input-data/sick_annotated.txt,535-num-1,535-num-2,2.7
input-data/sick_annotated.txt,536-num-1,536-num-2,2.4
input-data/sick_annotated.txt,537-num-1,537-num-2,3.3
input-data/sick_annotated.txt,538-num-1,538-num-2,2.6
input-data/sick_annotated.txt,539-num-1,539-num-2,2.3
input-data/sick_annotated.txt,540-num-1,540-num-2,3.3
input-data/sick_annotated.txt,541-num-1,541-num-2,4.9
input-data/sick_annotated.txt,542-num-1,542-num-2,3.5
input-data/sick_annotated.txt,543-num-1,543-num-2,3
input-data/sick_annotated.txt,544-num-1,544-num-2,4.6
input-data/sick_annotated.txt,545-num-1,545-num-2,3.1
input-data/sick_annotated.txt,546-num-1,546-num-2,3.1
input-data/sick_annotated.txt,547-num-1,547-num-2,2.685
input-data/sick_annotated.txt,548-num-1,548-num-2,2.5
input-data/sick_annotated.txt,549-num-1,549-num-2,3.5
input-data/sick_annotated.txt,550-num-1,550-num-2,3.1
input-data/sick_annotated.txt,551-num-1,551-num-2,1.9
input-data/sick_annotated.txt,552-num-1,552-num-2,2.5
input-data/sick_annotated.txt,553-num-1,553-num-2,2.9
input-data/sick_annotated.txt,554-num-1,554-num-2,4.4
input-data/sick_annotated.txt,555-num-1,555-num-2,3.4
input-data/sick_annotated.txt,556-num-1,556-num-2,2.5
input-data/sick_annotated.txt,557-num-1,557-num-2,4.9
input-data/sick_annotated.txt,558-num-1,558-num-2,3.8
input-data/sick_annotated.txt,559-num-1,559-num-2,3.1
input-data/sick_annotated.txt,560-num-1,560-num-2,4
input-data/sick_annotated.txt,561-num-1,561-num-2,3.6
input-data/sick_annotated.txt,562-num-1,562-num-2,2.5
input-data/sick_annotated.txt,563-num-1,563-num-2,3.6
input-data/sick_annotated.txt,564-num-1,564-num-2,3.1
input-data/sick_annotated.txt,565-num-1,565-num-2,2
input-data/sick_annotated.txt,566-num-1,566-num-2,3.9
input-data/sick_annotated.txt,567-num-1,567-num-2,5
input-data/sick_annotated.txt,568-num-1,568-num-2,4.1
input-data/sick_annotated.txt,569-num-1,569-num-2,2.9
input-data/sick_annotated.txt,570-num-1,570-num-2,4.5
input-data/sick_annotated.txt,571-num-1,571-num-2,2.6
input-data/sick_annotated.txt,572-num-1,572-num-2,3.6
input-data/sick_annotated.txt,573-num-1,573-num-2,3.8
input-data/sick_annotated.txt,574-num-1,574-num-2,3.1
input-data/sick_annotated.txt,575-num-1,575-num-2,2.3
input-data/sick_annotated.txt,576-num-1,576-num-2,4
input-data/sick_annotated.txt,577-num-1,577-num-2,3.5
input-data/sick_annotated.txt,578-num-1,578-num-2,2.5
input-data/sick_annotated.txt,579-num-1,579-num-2,3.7
input-data/sick_annotated.txt,580-num-1,580-num-2,4.9
input-data/sick_annotated.txt,581-num-1,581-num-2,3.5
input-data/sick_annotated.txt,582-num-1,582-num-2,3.6
input-data/sick_annotated.txt,583-num-1,583-num-2,4.9
input-data/sick_annotated.txt,584-num-1,584-num-2,4.3
input-data/sick_annotated.txt,585-num-1,585-num-2,3.8
input-data/sick_annotated.txt,586-num-1,586-num-2,3.4
input-data/sick_annotated.txt,587-num-1,587-num-2,3.4
input-data/sick_annotated.txt,588-num-1,588-num-2,3.4
input-data/sick_annotated.txt,589-num-1,589-num-2,3.4
input-data/sick_annotated.txt,590-num-1,590-num-2,4.2
input-data/sick_annotated.txt,591-num-1,591-num-2,4.3
input-data/sick_annotated.txt,592-num-1,592-num-2,3.5
input-data/sick_annotated.txt,593-num-1,593-num-2,4.9
input-data/sick_annotated.txt,594-num-1,594-num-2,3.8
input-data/sick_annotated.txt,595-num-1,595-num-2,3.6
input-data/sick_annotated.txt,596-num-1,596-num-2,2.4
input-data/sick_annotated.txt,597-num-1,597-num-2,2.8
input-data/sick_annotated.txt,598-num-1,598-num-2,3.2
input-data/sick_annotated.txt,599-num-1,599-num-2,3.4
input-data/sick_annotated.txt,600-num-1,600-num-2,5
input-data/sick_annotated.txt,601-num-1,601-num-2,3.8
input-data/sick_annotated.txt,602-num-1,602-num-2,2.8
input-data/sick_annotated.txt,603-num-1,603-num-2,5
input-data/sick_annotated.txt,604-num-1,604-num-2,3.7
input-data/sick_annotated.txt,605-num-1,605-num-2,3.3
input-data/sick_annotated.txt,606-num-1,606-num-2,3.1
input-data/sick_annotated.txt,607-num-1,607-num-2,3.2
input-data/sick_annotated.txt,608-num-1,608-num-2,1.915
input-data/sick_annotated.txt,609-num-1,609-num-2,2.4
input-data/sick_annotated.txt,610-num-1,610-num-2,2
input-data/sick_annotated.txt,611-num-1,611-num-2,2.3
input-data/sick_annotated.txt,612-num-1,612-num-2,3
input-data/sick_annotated.txt,613-num-1,613-num-2,4.9
input-data/sick_annotated.txt,614-num-1,614-num-2,3.935
input-data/sick_annotated.txt,615-num-1,615-num-2,4.2
input-data/sick_annotated.txt,616-num-1,616-num-2,5
input-data/sick_annotated.txt,617-num-1,617-num-2,3.4
input-data/sick_annotated.txt,618-num-1,618-num-2,2.8
input-data/sick_annotated.txt,619-num-1,619-num-2,3.5
input-data/sick_annotated.txt,620-num-1,620-num-2,2.6
input-data/sick_annotated.txt,621-num-1,621-num-2,2.2
input-data/sick_annotated.txt,622-num-1,622-num-2,4.1
input-data/sick_annotated.txt,623-num-1,623-num-2,3
input-data/sick_annotated.txt,624-num-1,624-num-2,3.4
input-data/sick_annotated.txt,625-num-1,625-num-2,3.9
input-data/sick_annotated.txt,626-num-1,626-num-2,4.8
input-data/sick_annotated.txt,627-num-1,627-num-2,3.3
input-data/sick_annotated.txt,628-num-1,628-num-2,3.2
input-data/sick_annotated.txt,629-num-1,629-num-2,4.8
input-data/sick_annotated.txt,630-num-1,630-num-2,3.5
input-data/sick_annotated.txt,631-num-1,631-num-2,2.2
input-data/sick_annotated.txt,632-num-1,632-num-2,3.9
input-data/sick_annotated.txt,633-num-1,633-num-2,3
input-data/sick_annotated.txt,634-num-1,634-num-2,1.6
input-data/sick_annotated.txt,635-num-1,635-num-2,4.2
input-data/sick_annotated.txt,636-num-1,636-num-2,2.9
input-data/sick_annotated.txt,637-num-1,637-num-2,2.515
input-data/sick_annotated.txt,638-num-1,638-num-2,3.8
input-data/sick_annotated.txt,639-num-1,639-num-2,4.9
input-data/sick_annotated.txt,640-num-1,640-num-2,3.3
input-data/sick_annotated.txt,641-num-1,641-num-2,3.1
input-data/sick_annotated.txt,642-num-1,642-num-2,5
input-data/sick_annotated.txt,643-num-1,643-num-2,3.9
input-data/sick_annotated.txt,644-num-1,644-num-2,3.4
input-data/sick_annotated.txt,645-num-1,645-num-2,4.3
input-data/sick_annotated.txt,646-num-1,646-num-2,3.4
input-data/sick_annotated.txt,647-num-1,647-num-2,3.3
input-data/sick_annotated.txt,648-num-1,648-num-2,4.1
input-data/sick_annotated.txt,649-num-1,649-num-2,2.8
input-data/sick_annotated.txt,650-num-1,650-num-2,2.685
input-data/sick_annotated.txt,651-num-1,651-num-2,4.6
input-data/sick_annotated.txt,652-num-1,652-num-2,4.8
input-data/sick_annotated.txt,653-num-1,653-num-2,4.1
input-data/sick_annotated.txt,654-num-1,654-num-2,3.3
input-data/sick_annotated.txt,655-num-1,655-num-2,4.7
input-data/sick_annotated.txt,656-num-1,656-num-2,4
input-data/sick_annotated.txt,657-num-1,657-num-2,3.2
input-data/sick_annotated.txt,658-num-1,658-num-2,4.3
input-data/sick_annotated.txt,659-num-1,659-num-2,3.4
input-data/sick_annotated.txt,660-num-1,660-num-2,3.4
input-data/sick_annotated.txt,661-num-1,661-num-2,4.3
input-data/sick_annotated.txt,662-num-1,662-num-2,3.9
input-data/sick_annotated.txt,663-num-1,663-num-2,2.9
input-data/sick_annotated.txt,664-num-1,664-num-2,4.2
input-data/sick_annotated.txt,665-num-1,665-num-2,4.8
input-data/sick_annotated.txt,666-num-1,666-num-2,3.5
input-data/sick_annotated.txt,667-num-1,667-num-2,4.9
input-data/sick_annotated.txt,668-num-1,668-num-2,3.8
input-data/sick_annotated.txt,669-num-1,669-num-2,2.4
input-data/sick_annotated.txt,670-num-1,670-num-2,4.065
input-data/sick_annotated.txt,671-num-1,671-num-2,2.9
input-data/sick_annotated.txt,672-num-1,672-num-2,3
input-data/sick_annotated.txt,673-num-1,673-num-2,4.1
input-data/sick_annotated.txt,674-num-1,674-num-2,3.3
input-data/sick_annotated.txt,675-num-1,675-num-2,4.4
input-data/sick_annotated.txt,676-num-1,676-num-2,4.9
input-data/sick_annotated.txt,677-num-1,677-num-2,3.6
input-data/sick_annotated.txt,678-num-1,678-num-2,3.1
input-data/sick_annotated.txt,679-num-1,679-num-2,4.6
input-data/sick_annotated.txt,680-num-1,680-num-2,3.9
input-data/sick_annotated.txt,681-num-1,681-num-2,3.1
input-data/sick_annotated.txt,682-num-1,682-num-2,3.9
input-data/sick_annotated.txt,683-num-1,683-num-2,3.4
input-data/sick_annotated.txt,684-num-1,684-num-2,2.9
input-data/sick_annotated.txt,685-num-1,685-num-2,4.1
input-data/sick_annotated.txt,686-num-1,686-num-2,3.5
input-data/sick_annotated.txt,687-num-1,687-num-2,3.4
input-data/sick_annotated.txt,688-num-1,688-num-2,4.4
input-data/sick_annotated.txt,690-num-1,690-num-2,3.4
input-data/sick_annotated.txt,691-num-1,691-num-2,3.2
input-data/sick_annotated.txt,692-num-1,692-num-2,5
input-data/sick_annotated.txt,693-num-1,693-num-2,3.7
input-data/sick_annotated.txt,694-num-1,694-num-2,3.9
input-data/sick_annotated.txt,695-num-1,695-num-2,3.4
input-data/sick_annotated.txt,696-num-1,696-num-2,3.2
input-data/sick_annotated.txt,697-num-1,697-num-2,3.4
input-data/sick_annotated.txt,699-num-1,699-num-2,2.8
input-data/sick_annotated.txt,700-num-1,700-num-2,2.1
input-data/sick_annotated.txt,701-num-1,701-num-2,2.5
input-data/sick_annotated.txt,702-num-1,702-num-2,4.7
input-data/sick_annotated.txt,703-num-1,703-num-2,4.1
input-data/sick_annotated.txt,704-num-1,704-num-2,3.7
input-data/sick_annotated.txt,705-num-1,705-num-2,4.6
input-data/sick_annotated.txt,706-num-1,706-num-2,3.585
input-data/sick_annotated.txt,707-num-1,707-num-2,3.5
input-data/sick_annotated.txt,708-num-1,708-num-2,3.6
input-data/sick_annotated.txt,709-num-1,709-num-2,3.3
input-data/sick_annotated.txt,710-num-1,710-num-2,2.8
input-data/sick_annotated.txt,711-num-1,711-num-2,3
input-data/sick_annotated.txt,712-num-1,712-num-2,3.9
input-data/sick_annotated.txt,713-num-1,713-num-2,5
input-data/sick_annotated.txt,714-num-1,714-num-2,3.1
input-data/sick_annotated.txt,715-num-1,715-num-2,3.7
input-data/sick_annotated.txt,716-num-1,716-num-2,4.1
input-data/sick_annotated.txt,717-num-1,717-num-2,3.9
input-data/sick_annotated.txt,718-num-1,718-num-2,3.9
input-data/sick_annotated.txt,719-num-1,719-num-2,3.1
input-data/sick_annotated.txt,720-num-1,720-num-2,2.1
input-data/sick_annotated.txt,721-num-1,721-num-2,3.1
input-data/sick_annotated.txt,722-num-1,722-num-2,3.1
input-data/sick_annotated.txt,723-num-1,723-num-2,3.7
input-data/sick_annotated.txt,724-num-1,724-num-2,3.4
input-data/sick_annotated.txt,725-num-1,725-num-2,3.8
input-data/sick_annotated.txt,726-num-1,726-num-2,4.9
input-data/sick_annotated.txt,727-num-1,727-num-2,3.6
input-data/sick_annotated.txt,728-num-1,728-num-2,3.6
input-data/sick_annotated.txt,729-num-1,729-num-2,4.9
input-data/sick_annotated.txt,730-num-1,730-num-2,3.4
input-data/sick_annotated.txt,731-num-1,731-num-2,3.4
input-data/sick_annotated.txt,732-num-1,732-num-2,3.2
input-data/sick_annotated.txt,733-num-1,733-num-2,3.6
input-data/sick_annotated.txt,734-num-1,734-num-2,3.2
input-data/sick_annotated.txt,735-num-1,735-num-2,2.8
input-data/sick_annotated.txt,736-num-1,736-num-2,3.3
input-data/sick_annotated.txt,737-num-1,737-num-2,4.8
input-data/sick_annotated.txt,738-num-1,738-num-2,4.3
input-data/sick_annotated.txt,739-num-1,739-num-2,3.2
input-data/sick_annotated.txt,740-num-1,740-num-2,4.8
input-data/sick_annotated.txt,741-num-1,741-num-2,4.4
input-data/sick_annotated.txt,742-num-1,742-num-2,2.9
input-data/sick_annotated.txt,743-num-1,743-num-2,4.1
input-data/sick_annotated.txt,744-num-1,744-num-2,3.9
input-data/sick_annotated.txt,745-num-1,745-num-2,2.8
input-data/sick_annotated.txt,746-num-1,746-num-2,3.6
input-data/sick_annotated.txt,747-num-1,747-num-2,4
input-data/sick_annotated.txt,748-num-1,748-num-2,2.6
input-data/sick_annotated.txt,749-num-1,749-num-2,3.4
input-data/sick_annotated.txt,750-num-1,750-num-2,4.3
input-data/sick_annotated.txt,751-num-1,751-num-2,2.3
input-data/sick_annotated.txt,752-num-1,752-num-2,4.8
input-data/sick_annotated.txt,753-num-1,753-num-2,4.4
input-data/sick_annotated.txt,754-num-1,754-num-2,3.4
input-data/sick_annotated.txt,755-num-1,755-num-2,3.1
input-data/sick_annotated.txt,756-num-1,756-num-2,2.9
input-data/sick_annotated.txt,757-num-1,757-num-2,3
input-data/sick_annotated.txt,758-num-1,758-num-2,3.9
input-data/sick_annotated.txt,760-num-1,760-num-2,3.2
input-data/sick_annotated.txt,761-num-1,761-num-2,3.5
input-data/sick_annotated.txt,762-num-1,762-num-2,4.5
input-data/sick_annotated.txt,763-num-1,763-num-2,4.2
input-data/sick_annotated.txt,764-num-1,764-num-2,3.4
input-data/sick_annotated.txt,765-num-1,765-num-2,4
input-data/sick_annotated.txt,766-num-1,766-num-2,3.4
input-data/sick_annotated.txt,767-num-1,767-num-2,2.7
input-data/sick_annotated.txt,769-num-1,769-num-2,2.7
input-data/sick_annotated.txt,770-num-1,770-num-2,3.6
input-data/sick_annotated.txt,771-num-1,771-num-2,3.6
input-data/sick_annotated.txt,772-num-1,772-num-2,4.5
input-data/sick_annotated.txt,773-num-1,773-num-2,3.5
input-data/sick_annotated.txt,774-num-1,774-num-2,4.4
input-data/sick_annotated.txt,775-num-1,775-num-2,3.6
input-data/sick_annotated.txt,776-num-1,776-num-2,2.8
input-data/sick_annotated.txt,777-num-1,777-num-2,2.4
input-data/sick_annotated.txt,778-num-1,778-num-2,3.685
input-data/sick_annotated.txt,779-num-1,779-num-2,3
input-data/sick_annotated.txt,780-num-1,780-num-2,3.1
input-data/sick_annotated.txt,781-num-1,781-num-2,4.3
input-data/sick_annotated.txt,782-num-1,782-num-2,3.75
input-data/sick_annotated.txt,783-num-1,783-num-2,3.5
input-data/sick_annotated.txt,784-num-1,784-num-2,4.5
input-data/sick_annotated.txt,785-num-1,785-num-2,4
input-data/sick_annotated.txt,786-num-1,786-num-2,2.3
input-data/sick_annotated.txt,787-num-1,787-num-2,3.2
input-data/sick_annotated.txt,788-num-1,788-num-2,3.5
input-data/sick_annotated.txt,789-num-1,789-num-2,2.9
input-data/sick_annotated.txt,790-num-1,790-num-2,3.65
input-data/sick_annotated.txt,791-num-1,791-num-2,3.5
input-data/sick_annotated.txt,792-num-1,792-num-2,2.4
input-data/sick_annotated.txt,793-num-1,793-num-2,4.2
input-data/sick_annotated.txt,794-num-1,794-num-2,4.6
input-data/sick_annotated.txt,795-num-1,795-num-2,3.8
input-data/sick_annotated.txt,796-num-1,796-num-2,4.4
input-data/sick_annotated.txt,797-num-1,797-num-2,3.3
input-data/sick_annotated.txt,798-num-1,798-num-2,3.8
input-data/sick_annotated.txt,799-num-1,799-num-2,2.7
input-data/sick_annotated.txt,800-num-1,800-num-2,2.5
input-data/sick_annotated.txt,801-num-1,801-num-2,2.1
input-data/sick_annotated.txt,802-num-1,802-num-2,3.2
input-data/sick_annotated.txt,803-num-1,803-num-2,2.6
input-data/sick_annotated.txt,804-num-1,804-num-2,2.7
input-data/sick_annotated.txt,805-num-1,805-num-2,4.9
input-data/sick_annotated.txt,806-num-1,806-num-2,3.2
input-data/sick_annotated.txt,807-num-1,807-num-2,4.6
input-data/sick_annotated.txt,808-num-1,808-num-2,4.6
input-data/sick_annotated.txt,809-num-1,809-num-2,3.9
input-data/sick_annotated.txt,810-num-1,810-num-2,2.6
input-data/sick_annotated.txt,811-num-1,811-num-2,2.2
input-data/sick_annotated.txt,812-num-1,812-num-2,2.4
input-data/sick_annotated.txt,813-num-1,813-num-2,2.1
input-data/sick_annotated.txt,814-num-1,814-num-2,2.4
input-data/sick_annotated.txt,815-num-1,815-num-2,3
input-data/sick_annotated.txt,816-num-1,816-num-2,5
input-data/sick_annotated.txt,817-num-1,817-num-2,3.5
input-data/sick_annotated.txt,818-num-1,818-num-2,4.8
input-data/sick_annotated.txt,819-num-1,819-num-2,3.6
input-data/sick_annotated.txt,820-num-1,820-num-2,3.6
input-data/sick_annotated.txt,821-num-1,821-num-2,2.4
input-data/sick_annotated.txt,822-num-1,822-num-2,2.3
input-data/sick_annotated.txt,823-num-1,823-num-2,2.7
input-data/sick_annotated.txt,824-num-1,824-num-2,2
input-data/sick_annotated.txt,825-num-1,825-num-2,2
input-data/sick_annotated.txt,826-num-1,826-num-2,2.7
input-data/sick_annotated.txt,828-num-1,828-num-2,3.1
input-data/sick_annotated.txt,829-num-1,829-num-2,4.4
input-data/sick_annotated.txt,830-num-1,830-num-2,4.6
input-data/sick_annotated.txt,831-num-1,831-num-2,4.1
input-data/sick_annotated.txt,832-num-1,832-num-2,3.7
input-data/sick_annotated.txt,833-num-1,833-num-2,3.4
input-data/sick_annotated.txt,834-num-1,834-num-2,3
input-data/sick_annotated.txt,835-num-1,835-num-2,2.9
input-data/sick_annotated.txt,836-num-1,836-num-2,3.5
input-data/sick_annotated.txt,837-num-1,837-num-2,3.8
input-data/sick_annotated.txt,838-num-1,838-num-2,3.4
input-data/sick_annotated.txt,840-num-1,840-num-2,4.8
input-data/sick_annotated.txt,841-num-1,841-num-2,3.9
input-data/sick_annotated.txt,842-num-1,842-num-2,3.2
input-data/sick_annotated.txt,843-num-1,843-num-2,4.2
input-data/sick_annotated.txt,844-num-1,844-num-2,4.085
input-data/sick_annotated.txt,845-num-1,845-num-2,2.9
input-data/sick_annotated.txt,846-num-1,846-num-2,2.1
input-data/sick_annotated.txt,847-num-1,847-num-2,2.7
input-data/sick_annotated.txt,848-num-1,848-num-2,1.8
input-data/sick_annotated.txt,849-num-1,849-num-2,3.1
input-data/sick_annotated.txt,850-num-1,850-num-2,2.7
input-data/sick_annotated.txt,851-num-1,851-num-2,1.8
input-data/sick_annotated.txt,852-num-1,852-num-2,2.7
input-data/sick_annotated.txt,853-num-1,853-num-2,4.4
input-data/sick_annotated.txt,854-num-1,854-num-2,3.2
input-data/sick_annotated.txt,855-num-1,855-num-2,2.4
input-data/sick_annotated.txt,856-num-1,856-num-2,4.7
input-data/sick_annotated.txt,857-num-1,857-num-2,3.7
input-data/sick_annotated.txt,858-num-1,858-num-2,4.4
input-data/sick_annotated.txt,859-num-1,859-num-2,4.115
input-data/sick_annotated.txt,860-num-1,860-num-2,4.2
input-data/sick_annotated.txt,861-num-1,861-num-2,3.2
input-data/sick_annotated.txt,862-num-1,862-num-2,2.3
input-data/sick_annotated.txt,863-num-1,863-num-2,4.1
input-data/sick_annotated.txt,864-num-1,864-num-2,3.9
input-data/sick_annotated.txt,865-num-1,865-num-2,3.5
input-data/sick_annotated.txt,866-num-1,866-num-2,3.9
input-data/sick_annotated.txt,867-num-1,867-num-2,4.9
input-data/sick_annotated.txt,868-num-1,868-num-2,3.6
input-data/sick_annotated.txt,869-num-1,869-num-2,4
input-data/sick_annotated.txt,870-num-1,870-num-2,4.2
input-data/sick_annotated.txt,871-num-1,871-num-2,3.6
input-data/sick_annotated.txt,872-num-1,872-num-2,3.5
input-data/sick_annotated.txt,873-num-1,873-num-2,3.5
input-data/sick_annotated.txt,874-num-1,874-num-2,3.6
input-data/sick_annotated.txt,875-num-1,875-num-2,4.5
input-data/sick_annotated.txt,876-num-1,876-num-2,4.5
input-data/sick_annotated.txt,877-num-1,877-num-2,4.5
input-data/sick_annotated.txt,878-num-1,878-num-2,3.4
input-data/sick_annotated.txt,879-num-1,879-num-2,3.3
input-data/sick_annotated.txt,880-num-1,880-num-2,4.9
input-data/sick_annotated.txt,881-num-1,881-num-2,4.1
input-data/sick_annotated.txt,882-num-1,882-num-2,3.1
input-data/sick_annotated.txt,883-num-1,883-num-2,4.2
input-data/sick_annotated.txt,884-num-1,884-num-2,2.7
input-data/sick_annotated.txt,885-num-1,885-num-2,3.3
input-data/sick_annotated.txt,886-num-1,886-num-2,3.8
input-data/sick_annotated.txt,887-num-1,887-num-2,3.4
input-data/sick_annotated.txt,888-num-1,888-num-2,3.2
input-data/sick_annotated.txt,889-num-1,889-num-2,3.3
input-data/sick_annotated.txt,890-num-1,890-num-2,4.3
input-data/sick_annotated.txt,891-num-1,891-num-2,3.6
input-data/sick_annotated.txt,892-num-1,892-num-2,4.8
input-data/sick_annotated.txt,893-num-1,893-num-2,2.9
input-data/sick_annotated.txt,894-num-1,894-num-2,3.8
input-data/sick_annotated.txt,895-num-1,895-num-2,2.8
input-data/sick_annotated.txt,896-num-1,896-num-2,3.2
input-data/sick_annotated.txt,897-num-1,897-num-2,3.7
input-data/sick_annotated.txt,898-num-1,898-num-2,3.8
input-data/sick_annotated.txt,900-num-1,900-num-2,4
input-data/sick_annotated.txt,901-num-1,901-num-2,3.6
input-data/sick_annotated.txt,902-num-1,902-num-2,4.4
input-data/sick_annotated.txt,903-num-1,903-num-2,3.6
input-data/sick_annotated.txt,904-num-1,904-num-2,3.5
input-data/sick_annotated.txt,905-num-1,905-num-2,3.6
input-data/sick_annotated.txt,906-num-1,906-num-2,3.5
input-data/sick_annotated.txt,907-num-1,907-num-2,2.6
input-data/sick_annotated.txt,908-num-1,908-num-2,4.1
input-data/sick_annotated.txt,909-num-1,909-num-2,3.4
input-data/sick_annotated.txt,910-num-1,910-num-2,3.6
input-data/sick_annotated.txt,911-num-1,911-num-2,3.7
input-data/sick_annotated.txt,912-num-1,912-num-2,4.9
input-data/sick_annotated.txt,913-num-1,913-num-2,4.2
input-data/sick_annotated.txt,914-num-1,914-num-2,4.4
input-data/sick_annotated.txt,915-num-1,915-num-2,3
input-data/sick_annotated.txt,916-num-1,916-num-2,3.8
input-data/sick_annotated.txt,917-num-1,917-num-2,4
input-data/sick_annotated.txt,918-num-1,918-num-2,1.1
input-data/sick_annotated.txt,919-num-1,919-num-2,3.15
input-data/sick_annotated.txt,920-num-1,920-num-2,4.1
input-data/sick_annotated.txt,921-num-1,921-num-2,3.1
input-data/sick_annotated.txt,922-num-1,922-num-2,4
input-data/sick_annotated.txt,923-num-1,923-num-2,4.4
input-data/sick_annotated.txt,924-num-1,924-num-2,2.4
input-data/sick_annotated.txt,925-num-1,925-num-2,2.965
input-data/sick_annotated.txt,926-num-1,926-num-2,4.9
input-data/sick_annotated.txt,927-num-1,927-num-2,3.7
input-data/sick_annotated.txt,928-num-1,928-num-2,4
input-data/sick_annotated.txt,929-num-1,929-num-2,3.8
input-data/sick_annotated.txt,930-num-1,930-num-2,3.8
input-data/sick_annotated.txt,931-num-1,931-num-2,3.3
input-data/sick_annotated.txt,932-num-1,932-num-2,3
input-data/sick_annotated.txt,933-num-1,933-num-2,3.8
input-data/sick_annotated.txt,934-num-1,934-num-2,4.6
input-data/sick_annotated.txt,935-num-1,935-num-2,3.5
input-data/sick_annotated.txt,936-num-1,936-num-2,3
input-data/sick_annotated.txt,937-num-1,937-num-2,4.9
input-data/sick_annotated.txt,938-num-1,938-num-2,4
input-data/sick_annotated.txt,939-num-1,939-num-2,3.4
input-data/sick_annotated.txt,940-num-1,940-num-2,3.8
input-data/sick_annotated.txt,941-num-1,941-num-2,3.2
input-data/sick_annotated.txt,942-num-1,942-num-2,2.6
input-data/sick_annotated.txt,943-num-1,943-num-2,4.2
input-data/sick_annotated.txt,944-num-1,944-num-2,2.9
input-data/sick_annotated.txt,945-num-1,945-num-2,2.6
input-data/sick_annotated.txt,946-num-1,946-num-2,3.8
input-data/sick_annotated.txt,947-num-1,947-num-2,4.8
input-data/sick_annotated.txt,948-num-1,948-num-2,3.4
input-data/sick_annotated.txt,949-num-1,949-num-2,3.9
input-data/sick_annotated.txt,950-num-1,950-num-2,4.9
input-data/sick_annotated.txt,951-num-1,951-num-2,2.8
input-data/sick_annotated.txt,952-num-1,952-num-2,3.9
input-data/sick_annotated.txt,953-num-1,953-num-2,4.5
input-data/sick_annotated.txt,954-num-1,954-num-2,3
input-data/sick_annotated.txt,955-num-1,955-num-2,3.3
input-data/sick_annotated.txt,956-num-1,956-num-2,4.3
input-data/sick_annotated.txt,957-num-1,957-num-2,1.6
input-data/sick_annotated.txt,958-num-1,958-num-2,3
input-data/sick_annotated.txt,959-num-1,959-num-2,4.3
input-data/sick_annotated.txt,960-num-1,960-num-2,5
input-data/sick_annotated.txt,961-num-1,961-num-2,3.4
input-data/sick_annotated.txt,962-num-1,962-num-2,3
input-data/sick_annotated.txt,963-num-1,963-num-2,4.6
input-data/sick_annotated.txt,964-num-1,964-num-2,3.7
input-data/sick_annotated.txt,965-num-1,965-num-2,4.8
input-data/sick_annotated.txt,966-num-1,966-num-2,3.5
input-data/sick_annotated.txt,967-num-1,967-num-2,3.6
input-data/sick_annotated.txt,968-num-1,968-num-2,3.5
input-data/sick_annotated.txt,969-num-1,969-num-2,3.9
input-data/sick_annotated.txt,970-num-1,970-num-2,2.8
input-data/sick_annotated.txt,971-num-1,971-num-2,1.9
input-data/sick_annotated.txt,972-num-1,972-num-2,3.765
input-data/sick_annotated.txt,973-num-1,973-num-2,4.9
input-data/sick_annotated.txt,974-num-1,974-num-2,4
input-data/sick_annotated.txt,975-num-1,975-num-2,2.9
input-data/sick_annotated.txt,976-num-1,976-num-2,4.5
input-data/sick_annotated.txt,977-num-1,977-num-2,3.8
input-data/sick_annotated.txt,978-num-1,978-num-2,3
input-data/sick_annotated.txt,979-num-1,979-num-2,3.4
input-data/sick_annotated.txt,980-num-1,980-num-2,2.1
input-data/sick_annotated.txt,981-num-1,981-num-2,2.2
input-data/sick_annotated.txt,982-num-1,982-num-2,3.1
input-data/sick_annotated.txt,983-num-1,983-num-2,2.6
input-data/sick_annotated.txt,984-num-1,984-num-2,2.2
input-data/sick_annotated.txt,985-num-1,985-num-2,2.7
input-data/sick_annotated.txt,986-num-1,986-num-2,4.6
input-data/sick_annotated.txt,987-num-1,987-num-2,4.3
input-data/sick_annotated.txt,988-num-1,988-num-2,3.1
input-data/sick_annotated.txt,989-num-1,989-num-2,5
input-data/sick_annotated.txt,990-num-1,990-num-2,4.1
input-data/sick_annotated.txt,991-num-1,991-num-2,3.3
input-data/sick_annotated.txt,992-num-1,992-num-2,2.4
input-data/sick_annotated.txt,993-num-1,993-num-2,3
input-data/sick_annotated.txt,994-num-1,994-num-2,2
input-data/sick_annotated.txt,995-num-1,995-num-2,3
input-data/sick_annotated.txt,996-num-1,996-num-2,2.2
input-data/sick_annotated.txt,997-num-1,997-num-2,1.5
input-data/sick_annotated.txt,998-num-1,998-num-2,1.8
input-data/sick_annotated.txt,999-num-1,999-num-2,4.7
input-data/sick_annotated.txt,1000-num-1,1000-num-2,4
input-data/sick_annotated.txt,1001-num-1,1001-num-2,4.8
input-data/sick_annotated.txt,1002-num-1,1002-num-2,4.1
input-data/sick_annotated.txt,1003-num-1,1003-num-2,3.1
input-data/sick_annotated.txt,1004-num-1,1004-num-2,2
input-data/sick_annotated.txt,1005-num-1,1005-num-2,2.3
input-data/sick_annotated.txt,1006-num-1,1006-num-2,2.2
input-data/sick_annotated.txt,1007-num-1,1007-num-2,2.4
input-data/sick_annotated.txt,1008-num-1,1008-num-2,4.7
input-data/sick_annotated.txt,1009-num-1,1009-num-2,4.2
input-data/sick_annotated.txt,1010-num-1,1010-num-2,4
input-data/sick_annotated.txt,1011-num-1,1011-num-2,4.7
input-data/sick_annotated.txt,1012-num-1,1012-num-2,3.2
input-data/sick_annotated.txt,1013-num-1,1013-num-2,3.4
input-data/sick_annotated.txt,1014-num-1,1014-num-2,3.5
input-data/sick_annotated.txt,1015-num-1,1015-num-2,2.9
input-data/sick_annotated.txt,1016-num-1,1016-num-2,2.8
input-data/sick_annotated.txt,1017-num-1,1017-num-2,3.3
input-data/sick_annotated.txt,1018-num-1,1018-num-2,3
input-data/sick_annotated.txt,1019-num-1,1019-num-2,3.9
input-data/sick_annotated.txt,1020-num-1,1020-num-2,3.6
input-data/sick_annotated.txt,1021-num-1,1021-num-2,5
input-data/sick_annotated.txt,1022-num-1,1022-num-2,3.8
input-data/sick_annotated.txt,1023-num-1,1023-num-2,2.6
input-data/sick_annotated.txt,1024-num-1,1024-num-2,4.8
input-data/sick_annotated.txt,1025-num-1,1025-num-2,3.4
input-data/sick_annotated.txt,1026-num-1,1026-num-2,3.6
input-data/sick_annotated.txt,1027-num-1,1027-num-2,2.4
input-data/sick_annotated.txt,1028-num-1,1028-num-2,3.5
input-data/sick_annotated.txt,1029-num-1,1029-num-2,3
input-data/sick_annotated.txt,1030-num-1,1030-num-2,2
input-data/sick_annotated.txt,1031-num-1,1031-num-2,3.8
input-data/sick_annotated.txt,1032-num-1,1032-num-2,5
input-data/sick_annotated.txt,1033-num-1,1033-num-2,3.5
input-data/sick_annotated.txt,1034-num-1,1034-num-2,3.5
input-data/sick_annotated.txt,1035-num-1,1035-num-2,4.5
input-data/sick_annotated.txt,1036-num-1,1036-num-2,3.6
input-data/sick_annotated.txt,1037-num-1,1037-num-2,3.2
input-data/sick_annotated.txt,1038-num-1,1038-num-2,3.9
input-data/sick_annotated.txt,1039-num-1,1039-num-2,3.3
input-data/sick_annotated.txt,1040-num-1,1040-num-2,2.9
input-data/sick_annotated.txt,1041-num-1,1041-num-2,4
input-data/sick_annotated.txt,1042-num-1,1042-num-2,3.4
input-data/sick_annotated.txt,1043-num-1,1043-num-2,2.8
input-data/sick_annotated.txt,1044-num-1,1044-num-2,4.1
input-data/sick_annotated.txt,1045-num-1,1045-num-2,4.9
input-data/sick_annotated.txt,1046-num-1,1046-num-2,3.6
input-data/sick_annotated.txt,1047-num-1,1047-num-2,4.2
input-data/sick_annotated.txt,1048-num-1,1048-num-2,4.7
input-data/sick_annotated.txt,1049-num-1,1049-num-2,3.9
input-data/sick_annotated.txt,1050-num-1,1050-num-2,2.8
input-data/sick_annotated.txt,1051-num-1,1051-num-2,2.9
input-data/sick_annotated.txt,1052-num-1,1052-num-2,2.6
input-data/sick_annotated.txt,1053-num-1,1053-num-2,1.8
input-data/sick_annotated.txt,1054-num-1,1054-num-2,2.4
input-data/sick_annotated.txt,1055-num-1,1055-num-2,2
input-data/sick_annotated.txt,1056-num-1,1056-num-2,2.9
input-data/sick_annotated.txt,1057-num-1,1057-num-2,2.7
input-data/sick_annotated.txt,1058-num-1,1058-num-2,4.9
input-data/sick_annotated.txt,1059-num-1,1059-num-2,3.5
input-data/sick_annotated.txt,1060-num-1,1060-num-2,3.7
input-data/sick_annotated.txt,1061-num-1,1061-num-2,4.4
input-data/sick_annotated.txt,1062-num-1,1062-num-2,3.6
input-data/sick_annotated.txt,1063-num-1,1063-num-2,3.5
input-data/sick_annotated.txt,1064-num-1,1064-num-2,3.6
input-data/sick_annotated.txt,1065-num-1,1065-num-2,3.565
input-data/sick_annotated.txt,1066-num-1,1066-num-2,2.6
input-data/sick_annotated.txt,1067-num-1,1067-num-2,3.4
input-data/sick_annotated.txt,1068-num-1,1068-num-2,3.3
input-data/sick_annotated.txt,1069-num-1,1069-num-2,3.3
input-data/sick_annotated.txt,1070-num-1,1070-num-2,3.8
input-data/sick_annotated.txt,1071-num-1,1071-num-2,4.5
input-data/sick_annotated.txt,1072-num-1,1072-num-2,2.8
input-data/sick_annotated.txt,1073-num-1,1073-num-2,4.9
input-data/sick_annotated.txt,1074-num-1,1074-num-2,4.5
input-data/sick_annotated.txt,1075-num-1,1075-num-2,4.5
input-data/sick_annotated.txt,1076-num-1,1076-num-2,4.1
input-data/sick_annotated.txt,1077-num-1,1077-num-2,3.7
input-data/sick_annotated.txt,1078-num-1,1078-num-2,3.6
input-data/sick_annotated.txt,1079-num-1,1079-num-2,4.2
input-data/sick_annotated.txt,1080-num-1,1080-num-2,3.3
input-data/sick_annotated.txt,1081-num-1,1081-num-2,4.1
input-data/sick_annotated.txt,1082-num-1,1082-num-2,4.7
input-data/sick_annotated.txt,1083-num-1,1083-num-2,3.5
input-data/sick_annotated.txt,1084-num-1,1084-num-2,3.8
input-data/sick_annotated.txt,1085-num-1,1085-num-2,4.4
input-data/sick_annotated.txt,1086-num-1,1086-num-2,2.6
input-data/sick_annotated.txt,1087-num-1,1087-num-2,3.1
input-data/sick_annotated.txt,1088-num-1,1088-num-2,4.2
input-data/sick_annotated.txt,1089-num-1,1089-num-2,3.5
input-data/sick_annotated.txt,1090-num-1,1090-num-2,2.45
input-data/sick_annotated.txt,1091-num-1,1091-num-2,4.2
input-data/sick_annotated.txt,1092-num-1,1092-num-2,3.4
input-data/sick_annotated.txt,1093-num-1,1093-num-2,3.2
input-data/sick_annotated.txt,1094-num-1,1094-num-2,4.4
input-data/sick_annotated.txt,1097-num-1,1097-num-2,2.9
input-data/sick_annotated.txt,1098-num-1,1098-num-2,4.4
input-data/sick_annotated.txt,1099-num-1,1099-num-2,2.8
input-data/sick_annotated.txt,1100-num-1,1100-num-2,1
input-data/sick_annotated.txt,1101-num-1,1101-num-2,1
input-data/sick_annotated.txt,1102-num-1,1102-num-2,1
input-data/sick_annotated.txt,1103-num-1,1103-num-2,1.1
input-data/sick_annotated.txt,1104-num-1,1104-num-2,1.2
input-data/sick_annotated.txt,1105-num-1,1105-num-2,1.1
input-data/sick_annotated.txt,1106-num-1,1106-num-2,4.3
input-data/sick_annotated.txt,1107-num-1,1107-num-2,3.4
input-data/sick_annotated.txt,1109-num-1,1109-num-2,4.9
input-data/sick_annotated.txt,1110-num-1,1110-num-2,2.6
input-data/sick_annotated.txt,1111-num-1,1111-num-2,1.2
input-data/sick_annotated.txt,1112-num-1,1112-num-2,1.2
input-data/sick_annotated.txt,1113-num-1,1113-num-2,1.5
input-data/sick_annotated.txt,1114-num-1,1114-num-2,1.1
input-data/sick_annotated.txt,1115-num-1,1115-num-2,1.9
input-data/sick_annotated.txt,1116-num-1,1116-num-2,1.5
input-data/sick_annotated.txt,1121-num-1,1121-num-2,4.5
input-data/sick_annotated.txt,1122-num-1,1122-num-2,3.8
input-data/sick_annotated.txt,1126-num-1,1126-num-2,4.5
input-data/sick_annotated.txt,1127-num-1,1127-num-2,3.4
input-data/sick_annotated.txt,1128-num-1,1128-num-2,3.9
input-data/sick_annotated.txt,1129-num-1,1129-num-2,4.6
input-data/sick_annotated.txt,1130-num-1,1130-num-2,4
input-data/sick_annotated.txt,1131-num-1,1131-num-2,3.8
input-data/sick_annotated.txt,1132-num-1,1132-num-2,4
input-data/sick_annotated.txt,1133-num-1,1133-num-2,3.2
input-data/sick_annotated.txt,1134-num-1,1134-num-2,3.2
input-data/sick_annotated.txt,1135-num-1,1135-num-2,3.9
input-data/sick_annotated.txt,1136-num-1,1136-num-2,3.4
input-data/sick_annotated.txt,1137-num-1,1137-num-2,3.5
input-data/sick_annotated.txt,1138-num-1,1138-num-2,3.8
input-data/sick_annotated.txt,1139-num-1,1139-num-2,5
input-data/sick_annotated.txt,1140-num-1,1140-num-2,3.6
input-data/sick_annotated.txt,1141-num-1,1141-num-2,4.4
input-data/sick_annotated.txt,1142-num-1,1142-num-2,4.1
input-data/sick_annotated.txt,1143-num-1,1143-num-2,1
input-data/sick_annotated.txt,1144-num-1,1144-num-2,1
input-data/sick_annotated.txt,1145-num-1,1145-num-2,1.4
input-data/sick_annotated.txt,1146-num-1,1146-num-2,1
input-data/sick_annotated.txt,1147-num-1,1147-num-2,1
input-data/sick_annotated.txt,1148-num-1,1148-num-2,4.5
input-data/sick_annotated.txt,1149-num-1,1149-num-2,2.8
input-data/sick_annotated.txt,1150-num-1,1150-num-2,4.5
input-data/sick_annotated.txt,1151-num-1,1151-num-2,3.9
input-data/sick_annotated.txt,1152-num-1,1152-num-2,2.8
input-data/sick_annotated.txt,1153-num-1,1153-num-2,2.5
input-data/sick_annotated.txt,1154-num-1,1154-num-2,2.4
input-data/sick_annotated.txt,1155-num-1,1155-num-2,3.2
input-data/sick_annotated.txt,1156-num-1,1156-num-2,2.7
input-data/sick_annotated.txt,1157-num-1,1157-num-2,4.6
input-data/sick_annotated.txt,1158-num-1,1158-num-2,3.3
input-data/sick_annotated.txt,1159-num-1,1159-num-2,4.6
input-data/sick_annotated.txt,1160-num-1,1160-num-2,3.6
input-data/sick_annotated.txt,1161-num-1,1161-num-2,4.3
input-data/sick_annotated.txt,1162-num-1,1162-num-2,3.5
input-data/sick_annotated.txt,1163-num-1,1163-num-2,4.3
input-data/sick_annotated.txt,1164-num-1,1164-num-2,3.5
input-data/sick_annotated.txt,1165-num-1,1165-num-2,4.1
input-data/sick_annotated.txt,1166-num-1,1166-num-2,5
input-data/sick_annotated.txt,1167-num-1,1167-num-2,4.1
input-data/sick_annotated.txt,1168-num-1,1168-num-2,5
input-data/sick_annotated.txt,1169-num-1,1169-num-2,3.9
input-data/sick_annotated.txt,1170-num-1,1170-num-2,3
input-data/sick_annotated.txt,1171-num-1,1171-num-2,3.2
input-data/sick_annotated.txt,1172-num-1,1172-num-2,3.1
input-data/sick_annotated.txt,1173-num-1,1173-num-2,3.2
input-data/sick_annotated.txt,1174-num-1,1174-num-2,3.2
input-data/sick_annotated.txt,1175-num-1,1175-num-2,4.1
input-data/sick_annotated.txt,1176-num-1,1176-num-2,3.185
input-data/sick_annotated.txt,1177-num-1,1177-num-2,4.1
input-data/sick_annotated.txt,1178-num-1,1178-num-2,3.6
input-data/sick_annotated.txt,1179-num-1,1179-num-2,1.2
input-data/sick_annotated.txt,1180-num-1,1180-num-2,1
input-data/sick_annotated.txt,1181-num-1,1181-num-2,1.3
input-data/sick_annotated.txt,1182-num-1,1182-num-2,1.5
input-data/sick_annotated.txt,1183-num-1,1183-num-2,1.4
input-data/sick_annotated.txt,1184-num-1,1184-num-2,4.5
input-data/sick_annotated.txt,1185-num-1,1185-num-2,3.6
input-data/sick_annotated.txt,1186-num-1,1186-num-2,4.9
input-data/sick_annotated.txt,1187-num-1,1187-num-2,3.5
input-data/sick_annotated.txt,1188-num-1,1188-num-2,4.5
input-data/sick_annotated.txt,1189-num-1,1189-num-2,2.9
input-data/sick_annotated.txt,1190-num-1,1190-num-2,4.3
input-data/sick_annotated.txt,1191-num-1,1191-num-2,3.8
input-data/sick_annotated.txt,1192-num-1,1192-num-2,4.6
input-data/sick_annotated.txt,1193-num-1,1193-num-2,4.8
input-data/sick_annotated.txt,1194-num-1,1194-num-2,3
input-data/sick_annotated.txt,1195-num-1,1195-num-2,4.8
input-data/sick_annotated.txt,1196-num-1,1196-num-2,3.4
input-data/sick_annotated.txt,1197-num-1,1197-num-2,3.8
input-data/sick_annotated.txt,1198-num-1,1198-num-2,3.565
input-data/sick_annotated.txt,1199-num-1,1199-num-2,3.3
input-data/sick_annotated.txt,1200-num-1,1200-num-2,3.4
input-data/sick_annotated.txt,1201-num-1,1201-num-2,3.7
input-data/sick_annotated.txt,1202-num-1,1202-num-2,4.1
input-data/sick_annotated.txt,1203-num-1,1203-num-2,3.7
input-data/sick_annotated.txt,1204-num-1,1204-num-2,4
input-data/sick_annotated.txt,1205-num-1,1205-num-2,4.3
input-data/sick_annotated.txt,1206-num-1,1206-num-2,4.7
input-data/sick_annotated.txt,1207-num-1,1207-num-2,3.5
input-data/sick_annotated.txt,1208-num-1,1208-num-2,4.4
input-data/sick_annotated.txt,1209-num-1,1209-num-2,4.3
input-data/sick_annotated.txt,1210-num-1,1210-num-2,2.7
input-data/sick_annotated.txt,1211-num-1,1211-num-2,3.3
input-data/sick_annotated.txt,1212-num-1,1212-num-2,2.5
input-data/sick_annotated.txt,1213-num-1,1213-num-2,2.8
input-data/sick_annotated.txt,1214-num-1,1214-num-2,3.1
input-data/sick_annotated.txt,1215-num-1,1215-num-2,4
input-data/sick_annotated.txt,1216-num-1,1216-num-2,3.6
input-data/sick_annotated.txt,1217-num-1,1217-num-2,4.3
input-data/sick_annotated.txt,1218-num-1,1218-num-2,3.7
input-data/sick_annotated.txt,1219-num-1,1219-num-2,3.9
input-data/sick_annotated.txt,1220-num-1,1220-num-2,3.2
input-data/sick_annotated.txt,1221-num-1,1221-num-2,4.3
input-data/sick_annotated.txt,1222-num-1,1222-num-2,3.7
input-data/sick_annotated.txt,1223-num-1,1223-num-2,4.1
input-data/sick_annotated.txt,1224-num-1,1224-num-2,4.8
input-data/sick_annotated.txt,1225-num-1,1225-num-2,3.5
input-data/sick_annotated.txt,1226-num-1,1226-num-2,4.5
input-data/sick_annotated.txt,1227-num-1,1227-num-2,3.3
input-data/sick_annotated.txt,1228-num-1,1228-num-2,3.2
input-data/sick_annotated.txt,1229-num-1,1229-num-2,3.2
input-data/sick_annotated.txt,1230-num-1,1230-num-2,2.9
input-data/sick_annotated.txt,1231-num-1,1231-num-2,2.7
input-data/sick_annotated.txt,1232-num-1,1232-num-2,3.6
input-data/sick_annotated.txt,1233-num-1,1233-num-2,4.4
input-data/sick_annotated.txt,1234-num-1,1234-num-2,3.8
input-data/sick_annotated.txt,1235-num-1,1235-num-2,4.8
input-data/sick_annotated.txt,1236-num-1,1236-num-2,3.285
input-data/sick_annotated.txt,1237-num-1,1237-num-2,3.8
input-data/sick_annotated.txt,1238-num-1,1238-num-2,4
input-data/sick_annotated.txt,1239-num-1,1239-num-2,3.4
input-data/sick_annotated.txt,1240-num-1,1240-num-2,3.1
input-data/sick_annotated.txt,1241-num-1,1241-num-2,4.1
input-data/sick_annotated.txt,1242-num-1,1242-num-2,4.9
input-data/sick_annotated.txt,1243-num-1,1243-num-2,3.4
input-data/sick_annotated.txt,1244-num-1,1244-num-2,3.1
input-data/sick_annotated.txt,1245-num-1,1245-num-2,3.065
input-data/sick_annotated.txt,1246-num-1,1246-num-2,2.3
input-data/sick_annotated.txt,1247-num-1,1247-num-2,2.9
input-data/sick_annotated.txt,1248-num-1,1248-num-2,3.2
input-data/sick_annotated.txt,1249-num-1,1249-num-2,1.8
input-data/sick_annotated.txt,1250-num-1,1250-num-2,3
input-data/sick_annotated.txt,1251-num-1,1251-num-2,4.5
input-data/sick_annotated.txt,1252-num-1,1252-num-2,3.1
input-data/sick_annotated.txt,1253-num-1,1253-num-2,4.3
input-data/sick_annotated.txt,1254-num-1,1254-num-2,3.4
input-data/sick_annotated.txt,1255-num-1,1255-num-2,2.5
input-data/sick_annotated.txt,1256-num-1,1256-num-2,1.9
input-data/sick_annotated.txt,1257-num-1,1257-num-2,1.8
input-data/sick_annotated.txt,1258-num-1,1258-num-2,2.1
input-data/sick_annotated.txt,1259-num-1,1259-num-2,2.2
input-data/sick_annotated.txt,1260-num-1,1260-num-2,4.9
input-data/sick_annotated.txt,1261-num-1,1261-num-2,4.6
input-data/sick_annotated.txt,1262-num-1,1262-num-2,4.9
input-data/sick_annotated.txt,1263-num-1,1263-num-2,4.1
input-data/sick_annotated.txt,1264-num-1,1264-num-2,5
input-data/sick_annotated.txt,1265-num-1,1265-num-2,3.6
input-data/sick_annotated.txt,1266-num-1,1266-num-2,5
input-data/sick_annotated.txt,1267-num-1,1267-num-2,4.3
input-data/sick_annotated.txt,1268-num-1,1268-num-2,4.9
input-data/sick_annotated.txt,1269-num-1,1269-num-2,3.8
input-data/sick_annotated.txt,1270-num-1,1270-num-2,3.7
input-data/sick_annotated.txt,1271-num-1,1271-num-2,3
input-data/sick_annotated.txt,1272-num-1,1272-num-2,4.4
input-data/sick_annotated.txt,1273-num-1,1273-num-2,1.5
input-data/sick_annotated.txt,1274-num-1,1274-num-2,1.9
input-data/sick_annotated.txt,1275-num-1,1275-num-2,1.6
input-data/sick_annotated.txt,1276-num-1,1276-num-2,1.2
input-data/sick_annotated.txt,1277-num-1,1277-num-2,1.2
input-data/sick_annotated.txt,1278-num-1,1278-num-2,3.5
input-data/sick_annotated.txt,1279-num-1,1279-num-2,2.7
input-data/sick_annotated.txt,1280-num-1,1280-num-2,4.1
input-data/sick_annotated.txt,1281-num-1,1281-num-2,4.6
input-data/sick_annotated.txt,1282-num-1,1282-num-2,2.2
input-data/sick_annotated.txt,1283-num-1,1283-num-2,1.6
input-data/sick_annotated.txt,1284-num-1,1284-num-2,3.2
input-data/sick_annotated.txt,1285-num-1,1285-num-2,2.6
input-data/sick_annotated.txt,1286-num-1,1286-num-2,2.485
input-data/sick_annotated.txt,1287-num-1,1287-num-2,4.5
input-data/sick_annotated.txt,1288-num-1,1288-num-2,3.8
input-data/sick_annotated.txt,1289-num-1,1289-num-2,5
input-data/sick_annotated.txt,1290-num-1,1290-num-2,4
input-data/sick_annotated.txt,1291-num-1,1291-num-2,4.1
input-data/sick_annotated.txt,1292-num-1,1292-num-2,4.635
input-data/sick_annotated.txt,1293-num-1,1293-num-2,3.8
input-data/sick_annotated.txt,1294-num-1,1294-num-2,2.8
input-data/sick_annotated.txt,1295-num-1,1295-num-2,4.3
input-data/sick_annotated.txt,1296-num-1,1296-num-2,4.8
input-data/sick_annotated.txt,1297-num-1,1297-num-2,3.5
input-data/sick_annotated.txt,1298-num-1,1298-num-2,3.3
input-data/sick_annotated.txt,1299-num-1,1299-num-2,4
input-data/sick_annotated.txt,1300-num-1,1300-num-2,4.8
input-data/sick_annotated.txt,1301-num-1,1301-num-2,2.6
input-data/sick_annotated.txt,1302-num-1,1302-num-2,1.5
input-data/sick_annotated.txt,1303-num-1,1303-num-2,1.3
input-data/sick_annotated.txt,1304-num-1,1304-num-2,1.8
input-data/sick_annotated.txt,1305-num-1,1305-num-2,1.1
input-data/sick_annotated.txt,1306-num-1,1306-num-2,1.1
input-data/sick_annotated.txt,1307-num-1,1307-num-2,1.965
input-data/sick_annotated.txt,1308-num-1,1308-num-2,1.7
input-data/sick_annotated.txt,1309-num-1,1309-num-2,4.5
input-data/sick_annotated.txt,1310-num-1,1310-num-2,3.8
input-data/sick_annotated.txt,1311-num-1,1311-num-2,4.8
input-data/sick_annotated.txt,1312-num-1,1312-num-2,3.1
input-data/sick_annotated.txt,1313-num-1,1313-num-2,1
input-data/sick_annotated.txt,1314-num-1,1314-num-2,1
input-data/sick_annotated.txt,1315-num-1,1315-num-2,1
input-data/sick_annotated.txt,1316-num-1,1316-num-2,1
input-data/sick_annotated.txt,1317-num-1,1317-num-2,1
input-data/sick_annotated.txt,1318-num-1,1318-num-2,4.5
input-data/sick_annotated.txt,1319-num-1,1319-num-2,3.5
input-data/sick_annotated.txt,1320-num-1,1320-num-2,3.6
input-data/sick_annotated.txt,1321-num-1,1321-num-2,4.4
input-data/sick_annotated.txt,1322-num-1,1322-num-2,2.6
input-data/sick_annotated.txt,1323-num-1,1323-num-2,3.6
input-data/sick_annotated.txt,1324-num-1,1324-num-2,4.2
input-data/sick_annotated.txt,1325-num-1,1325-num-2,3.5
input-data/sick_annotated.txt,1326-num-1,1326-num-2,3.5
input-data/sick_annotated.txt,1327-num-1,1327-num-2,4.1
input-data/sick_annotated.txt,1328-num-1,1328-num-2,3.5
input-data/sick_annotated.txt,1329-num-1,1329-num-2,3.3
input-data/sick_annotated.txt,1330-num-1,1330-num-2,4.3
input-data/sick_annotated.txt,1331-num-1,1331-num-2,4.7
input-data/sick_annotated.txt,1332-num-1,1332-num-2,3
input-data/sick_annotated.txt,1333-num-1,1333-num-2,4.9
input-data/sick_annotated.txt,1334-num-1,1334-num-2,3.5
input-data/sick_annotated.txt,1335-num-1,1335-num-2,4.4
input-data/sick_annotated.txt,1336-num-1,1336-num-2,3
input-data/sick_annotated.txt,1337-num-1,1337-num-2,4.4
input-data/sick_annotated.txt,1338-num-1,1338-num-2,2.9
input-data/sick_annotated.txt,1339-num-1,1339-num-2,4.7
input-data/sick_annotated.txt,1340-num-1,1340-num-2,4.3
input-data/sick_annotated.txt,1341-num-1,1341-num-2,3.4
input-data/sick_annotated.txt,1342-num-1,1342-num-2,4.8
input-data/sick_annotated.txt,1343-num-1,1343-num-2,3.365
input-data/sick_annotated.txt,1344-num-1,1344-num-2,4.3
input-data/sick_annotated.txt,1345-num-1,1345-num-2,3.8
input-data/sick_annotated.txt,1346-num-1,1346-num-2,4.2
input-data/sick_annotated.txt,1347-num-1,1347-num-2,4
input-data/sick_annotated.txt,1348-num-1,1348-num-2,4.8
input-data/sick_annotated.txt,1349-num-1,1349-num-2,4.2
input-data/sick_annotated.txt,1350-num-1,1350-num-2,3.8
input-data/sick_annotated.txt,1351-num-1,1351-num-2,4.4
input-data/sick_annotated.txt,1352-num-1,1352-num-2,3.8
input-data/sick_annotated.txt,1353-num-1,1353-num-2,4.3
input-data/sick_annotated.txt,1354-num-1,1354-num-2,3.6
input-data/sick_annotated.txt,1355-num-1,1355-num-2,4.1
input-data/sick_annotated.txt,1356-num-1,1356-num-2,3.8
input-data/sick_annotated.txt,1357-num-1,1357-num-2,4.4
input-data/sick_annotated.txt,1358-num-1,1358-num-2,4.5
input-data/sick_annotated.txt,1359-num-1,1359-num-2,2.9
input-data/sick_annotated.txt,1360-num-1,1360-num-2,4.7
input-data/sick_annotated.txt,1361-num-1,1361-num-2,3.8
input-data/sick_annotated.txt,1362-num-1,1362-num-2,4.2
input-data/sick_annotated.txt,1363-num-1,1363-num-2,2.8
input-data/sick_annotated.txt,1364-num-1,1364-num-2,4.3
input-data/sick_annotated.txt,1365-num-1,1365-num-2,2.1
input-data/sick_annotated.txt,1366-num-1,1366-num-2,5
input-data/sick_annotated.txt,1367-num-1,1367-num-2,4.1
input-data/sick_annotated.txt,1369-num-1,1369-num-2,4.2
input-data/sick_annotated.txt,1370-num-1,1370-num-2,4
input-data/sick_annotated.txt,1371-num-1,1371-num-2,4.2
input-data/sick_annotated.txt,1372-num-1,1372-num-2,2.6
input-data/sick_annotated.txt,1373-num-1,1373-num-2,4.3
input-data/sick_annotated.txt,1374-num-1,1374-num-2,3.4
input-data/sick_annotated.txt,1375-num-1,1375-num-2,4.6
input-data/sick_annotated.txt,1376-num-1,1376-num-2,4.6
input-data/sick_annotated.txt,1377-num-1,1377-num-2,3.4
input-data/sick_annotated.txt,1378-num-1,1378-num-2,5
input-data/sick_annotated.txt,1379-num-1,1379-num-2,4
input-data/sick_annotated.txt,1380-num-1,1380-num-2,4.2
input-data/sick_annotated.txt,1381-num-1,1381-num-2,3.8
input-data/sick_annotated.txt,1382-num-1,1382-num-2,4
input-data/sick_annotated.txt,1383-num-1,1383-num-2,3.3
input-data/sick_annotated.txt,1384-num-1,1384-num-2,4.6
input-data/sick_annotated.txt,1385-num-1,1385-num-2,4.6
input-data/sick_annotated.txt,1386-num-1,1386-num-2,4.4
input-data/sick_annotated.txt,1387-num-1,1387-num-2,4.4
input-data/sick_annotated.txt,1388-num-1,1388-num-2,3.3
input-data/sick_annotated.txt,1389-num-1,1389-num-2,1.1
input-data/sick_annotated.txt,1390-num-1,1390-num-2,1.2
input-data/sick_annotated.txt,1391-num-1,1391-num-2,1.2
input-data/sick_annotated.txt,1392-num-1,1392-num-2,1.1
input-data/sick_annotated.txt,1393-num-1,1393-num-2,1.4
input-data/sick_annotated.txt,1394-num-1,1394-num-2,4.4
input-data/sick_annotated.txt,1395-num-1,1395-num-2,2.5
input-data/sick_annotated.txt,1396-num-1,1396-num-2,3.6
input-data/sick_annotated.txt,1397-num-1,1397-num-2,4
input-data/sick_annotated.txt,1398-num-1,1398-num-2,3.3
input-data/sick_annotated.txt,1399-num-1,1399-num-2,2.1
input-data/sick_annotated.txt,1400-num-1,1400-num-2,2.9
input-data/sick_annotated.txt,1401-num-1,1401-num-2,3.1
input-data/sick_annotated.txt,1402-num-1,1402-num-2,3.1
input-data/sick_annotated.txt,1403-num-1,1403-num-2,5
input-data/sick_annotated.txt,1404-num-1,1404-num-2,4.8
input-data/sick_annotated.txt,1405-num-1,1405-num-2,4
input-data/sick_annotated.txt,1406-num-1,1406-num-2,3.5
input-data/sick_annotated.txt,1407-num-1,1407-num-2,2.3
input-data/sick_annotated.txt,1408-num-1,1408-num-2,1.8
input-data/sick_annotated.txt,1409-num-1,1409-num-2,1.4
input-data/sick_annotated.txt,1410-num-1,1410-num-2,1.4
input-data/sick_annotated.txt,1411-num-1,1411-num-2,2.4
input-data/sick_annotated.txt,1412-num-1,1412-num-2,4.5
input-data/sick_annotated.txt,1413-num-1,1413-num-2,4
input-data/sick_annotated.txt,1414-num-1,1414-num-2,4.8
input-data/sick_annotated.txt,1415-num-1,1415-num-2,3.9
input-data/sick_annotated.txt,1416-num-1,1416-num-2,4.3
input-data/sick_annotated.txt,1417-num-1,1417-num-2,3.9
input-data/sick_annotated.txt,1418-num-1,1418-num-2,3.6
input-data/sick_annotated.txt,1419-num-1,1419-num-2,3.8
input-data/sick_annotated.txt,1420-num-1,1420-num-2,4.3
input-data/sick_annotated.txt,1421-num-1,1421-num-2,3.7
input-data/sick_annotated.txt,1422-num-1,1422-num-2,3.2
input-data/sick_annotated.txt,1423-num-1,1423-num-2,4.5
input-data/sick_annotated.txt,1424-num-1,1424-num-2,3.5
input-data/sick_annotated.txt,1425-num-1,1425-num-2,1.3
input-data/sick_annotated.txt,1426-num-1,1426-num-2,1.3
input-data/sick_annotated.txt,1427-num-1,1427-num-2,1
input-data/sick_annotated.txt,1428-num-1,1428-num-2,1.5
input-data/sick_annotated.txt,1429-num-1,1429-num-2,1.2
input-data/sick_annotated.txt,1431-num-1,1431-num-2,3.4
input-data/sick_annotated.txt,1432-num-1,1432-num-2,4.2
input-data/sick_annotated.txt,1433-num-1,1433-num-2,3.5
input-data/sick_annotated.txt,1434-num-1,1434-num-2,2.3
input-data/sick_annotated.txt,1435-num-1,1435-num-2,2.7
input-data/sick_annotated.txt,1436-num-1,1436-num-2,2.4
input-data/sick_annotated.txt,1437-num-1,1437-num-2,3.735
input-data/sick_annotated.txt,1438-num-1,1438-num-2,3
input-data/sick_annotated.txt,1439-num-1,1439-num-2,4.7
input-data/sick_annotated.txt,1440-num-1,1440-num-2,4.1
input-data/sick_annotated.txt,1441-num-1,1441-num-2,4.5
input-data/sick_annotated.txt,1442-num-1,1442-num-2,3.3
input-data/sick_annotated.txt,1443-num-1,1443-num-2,1.7
input-data/sick_annotated.txt,1444-num-1,1444-num-2,3.3
input-data/sick_annotated.txt,1445-num-1,1445-num-2,2
input-data/sick_annotated.txt,1446-num-1,1446-num-2,1.7
input-data/sick_annotated.txt,1447-num-1,1447-num-2,2.2
input-data/sick_annotated.txt,1448-num-1,1448-num-2,4.8
input-data/sick_annotated.txt,1449-num-1,1449-num-2,4
input-data/sick_annotated.txt,1450-num-1,1450-num-2,4.5
input-data/sick_annotated.txt,1451-num-1,1451-num-2,4.6
input-data/sick_annotated.txt,1452-num-1,1452-num-2,1.085
input-data/sick_annotated.txt,1453-num-1,1453-num-2,1.1
input-data/sick_annotated.txt,1454-num-1,1454-num-2,1.5
input-data/sick_annotated.txt,1455-num-1,1455-num-2,1.7
input-data/sick_annotated.txt,1456-num-1,1456-num-2,1.1
input-data/sick_annotated.txt,1457-num-1,1457-num-2,4.5
input-data/sick_annotated.txt,1458-num-1,1458-num-2,3.1
input-data/sick_annotated.txt,1459-num-1,1459-num-2,4.5
input-data/sick_annotated.txt,1460-num-1,1460-num-2,3.7
input-data/sick_annotated.txt,1461-num-1,1461-num-2,1.1
input-data/sick_annotated.txt,1462-num-1,1462-num-2,1.1
input-data/sick_annotated.txt,1463-num-1,1463-num-2,1
input-data/sick_annotated.txt,1464-num-1,1464-num-2,1
input-data/sick_annotated.txt,1465-num-1,1465-num-2,1.1
input-data/sick_annotated.txt,1466-num-1,1466-num-2,4.9
input-data/sick_annotated.txt,1467-num-1,1467-num-2,4
input-data/sick_annotated.txt,1468-num-1,1468-num-2,4.4
input-data/sick_annotated.txt,1469-num-1,1469-num-2,3.8
input-data/sick_annotated.txt,1470-num-1,1470-num-2,2.5
input-data/sick_annotated.txt,1471-num-1,1471-num-2,2
input-data/sick_annotated.txt,1472-num-1,1472-num-2,2.8
input-data/sick_annotated.txt,1473-num-1,1473-num-2,2.8
input-data/sick_annotated.txt,1474-num-1,1474-num-2,2.7
input-data/sick_annotated.txt,1475-num-1,1475-num-2,3.8
input-data/sick_annotated.txt,1476-num-1,1476-num-2,3.3
input-data/sick_annotated.txt,1477-num-1,1477-num-2,4.4
input-data/sick_annotated.txt,1478-num-1,1478-num-2,3.6
input-data/sick_annotated.txt,1479-num-1,1479-num-2,3.8
input-data/sick_annotated.txt,1480-num-1,1480-num-2,3.7
input-data/sick_annotated.txt,1481-num-1,1481-num-2,4
input-data/sick_annotated.txt,1482-num-1,1482-num-2,3.5
input-data/sick_annotated.txt,1483-num-1,1483-num-2,4.6
input-data/sick_annotated.txt,1484-num-1,1484-num-2,4.9
input-data/sick_annotated.txt,1485-num-1,1485-num-2,3.4
input-data/sick_annotated.txt,1486-num-1,1486-num-2,4.1
input-data/sick_annotated.txt,1487-num-1,1487-num-2,4
input-data/sick_annotated.txt,1488-num-1,1488-num-2,3.2
input-data/sick_annotated.txt,1489-num-1,1489-num-2,3.2
input-data/sick_annotated.txt,1490-num-1,1490-num-2,2.9
input-data/sick_annotated.txt,1491-num-1,1491-num-2,2.6
input-data/sick_annotated.txt,1492-num-1,1492-num-2,3.6
input-data/sick_annotated.txt,1493-num-1,1493-num-2,4.9
input-data/sick_annotated.txt,1494-num-1,1494-num-2,4.3
input-data/sick_annotated.txt,1495-num-1,1495-num-2,4.9
input-data/sick_annotated.txt,1496-num-1,1496-num-2,3.5
input-data/sick_annotated.txt,1497-num-1,1497-num-2,4.6
input-data/sick_annotated.txt,1498-num-1,1498-num-2,4.1
input-data/sick_annotated.txt,1499-num-1,1499-num-2,4.5
input-data/sick_annotated.txt,1500-num-1,1500-num-2,3.7
input-data/sick_annotated.txt,1501-num-1,1501-num-2,4.9
input-data/sick_annotated.txt,1502-num-1,1502-num-2,4.5
input-data/sick_annotated.txt,1503-num-1,1503-num-2,3.3
input-data/sick_annotated.txt,1504-num-1,1504-num-2,4.5
input-data/sick_annotated.txt,1505-num-1,1505-num-2,3.7
input-data/sick_annotated.txt,1506-num-1,1506-num-2,3.8
input-data/sick_annotated.txt,1507-num-1,1507-num-2,3.4
input-data/sick_annotated.txt,1508-num-1,1508-num-2,3.4
input-data/sick_annotated.txt,1509-num-1,1509-num-2,2.4
input-data/sick_annotated.txt,1510-num-1,1510-num-2,3.1
input-data/sick_annotated.txt,1511-num-1,1511-num-2,3.9
input-data/sick_annotated.txt,1512-num-1,1512-num-2,3.5
input-data/sick_annotated.txt,1513-num-1,1513-num-2,4.3
input-data/sick_annotated.txt,1514-num-1,1514-num-2,2.8
input-data/sick_annotated.txt,1515-num-1,1515-num-2,1
input-data/sick_annotated.txt,1516-num-1,1516-num-2,1
input-data/sick_annotated.txt,1517-num-1,1517-num-2,1.1
input-data/sick_annotated.txt,1518-num-1,1518-num-2,1.1
input-data/sick_annotated.txt,1519-num-1,1519-num-2,1.1
input-data/sick_annotated.txt,1520-num-1,1520-num-2,4.2
input-data/sick_annotated.txt,1521-num-1,1521-num-2,3.4
input-data/sick_annotated.txt,1522-num-1,1522-num-2,4.1
input-data/sick_annotated.txt,1523-num-1,1523-num-2,3.1
input-data/sick_annotated.txt,1524-num-1,1524-num-2,3.5
input-data/sick_annotated.txt,1525-num-1,1525-num-2,1.2
input-data/sick_annotated.txt,1526-num-1,1526-num-2,2.2
input-data/sick_annotated.txt,1527-num-1,1527-num-2,2.3
input-data/sick_annotated.txt,1528-num-1,1528-num-2,2.865
input-data/sick_annotated.txt,1529-num-1,1529-num-2,4.5
input-data/sick_annotated.txt,1530-num-1,1530-num-2,3.7
input-data/sick_annotated.txt,1531-num-1,1531-num-2,4.4
input-data/sick_annotated.txt,1533-num-1,1533-num-2,1
input-data/sick_annotated.txt,1534-num-1,1534-num-2,1
input-data/sick_annotated.txt,1535-num-1,1535-num-2,1
input-data/sick_annotated.txt,1536-num-1,1536-num-2,1
input-data/sick_annotated.txt,1537-num-1,1537-num-2,1
input-data/sick_annotated.txt,1538-num-1,1538-num-2,4.1
input-data/sick_annotated.txt,1539-num-1,1539-num-2,3.9
input-data/sick_annotated.txt,1540-num-1,1540-num-2,4.2
input-data/sick_annotated.txt,1541-num-1,1541-num-2,2.4
input-data/sick_annotated.txt,1542-num-1,1542-num-2,2.3
input-data/sick_annotated.txt,1543-num-1,1543-num-2,2.5
input-data/sick_annotated.txt,1544-num-1,1544-num-2,2.3
input-data/sick_annotated.txt,1545-num-1,1545-num-2,2.3
input-data/sick_annotated.txt,1546-num-1,1546-num-2,2.1
input-data/sick_annotated.txt,1547-num-1,1547-num-2,4.8
input-data/sick_annotated.txt,1548-num-1,1548-num-2,3.6
input-data/sick_annotated.txt,1549-num-1,1549-num-2,4.4
input-data/sick_annotated.txt,1550-num-1,1550-num-2,3.5
input-data/sick_annotated.txt,1551-num-1,1551-num-2,3.6
input-data/sick_annotated.txt,1552-num-1,1552-num-2,3.1
input-data/sick_annotated.txt,1553-num-1,1553-num-2,3.5
input-data/sick_annotated.txt,1554-num-1,1554-num-2,2.135
input-data/sick_annotated.txt,1555-num-1,1555-num-2,4.1
input-data/sick_annotated.txt,1556-num-1,1556-num-2,4.3
input-data/sick_annotated.txt,1557-num-1,1557-num-2,3.6
input-data/sick_annotated.txt,1558-num-1,1558-num-2,4.9
input-data/sick_annotated.txt,1559-num-1,1559-num-2,3.9
input-data/sick_annotated.txt,1560-num-1,1560-num-2,4.65
input-data/sick_annotated.txt,1561-num-1,1561-num-2,3.2
input-data/sick_annotated.txt,1562-num-1,1562-num-2,3.3
input-data/sick_annotated.txt,1563-num-1,1563-num-2,3.5
input-data/sick_annotated.txt,1564-num-1,1564-num-2,4.3
input-data/sick_annotated.txt,1565-num-1,1565-num-2,4.6
input-data/sick_annotated.txt,1566-num-1,1566-num-2,3.5
input-data/sick_annotated.txt,1567-num-1,1567-num-2,3
input-data/sick_annotated.txt,1568-num-1,1568-num-2,5
input-data/sick_annotated.txt,1569-num-1,1569-num-2,3.6
input-data/sick_annotated.txt,1570-num-1,1570-num-2,3.5
input-data/sick_annotated.txt,1571-num-1,1571-num-2,2.8
input-data/sick_annotated.txt,1572-num-1,1572-num-2,2.8
input-data/sick_annotated.txt,1573-num-1,1573-num-2,1.5
input-data/sick_annotated.txt,1574-num-1,1574-num-2,2.5
input-data/sick_annotated.txt,1575-num-1,1575-num-2,2.5
input-data/sick_annotated.txt,1576-num-1,1576-num-2,2.5
input-data/sick_annotated.txt,1577-num-1,1577-num-2,2.7
input-data/sick_annotated.txt,1578-num-1,1578-num-2,4.9
input-data/sick_annotated.txt,1579-num-1,1579-num-2,4
input-data/sick_annotated.txt,1580-num-1,1580-num-2,4.5
input-data/sick_annotated.txt,1581-num-1,1581-num-2,3.9
input-data/sick_annotated.txt,1582-num-1,1582-num-2,4
input-data/sick_annotated.txt,1583-num-1,1583-num-2,4
input-data/sick_annotated.txt,1584-num-1,1584-num-2,4.5
input-data/sick_annotated.txt,1585-num-1,1585-num-2,2.7
input-data/sick_annotated.txt,1586-num-1,1586-num-2,4.2
input-data/sick_annotated.txt,1587-num-1,1587-num-2,4.6
input-data/sick_annotated.txt,1588-num-1,1588-num-2,3.7
input-data/sick_annotated.txt,1589-num-1,1589-num-2,4.8
input-data/sick_annotated.txt,1590-num-1,1590-num-2,3.5
input-data/sick_annotated.txt,1591-num-1,1591-num-2,3.2
input-data/sick_annotated.txt,1592-num-1,1592-num-2,2.3
input-data/sick_annotated.txt,1593-num-1,1593-num-2,4.4
input-data/sick_annotated.txt,1594-num-1,1594-num-2,3.3
input-data/sick_annotated.txt,1595-num-1,1595-num-2,4.1
input-data/sick_annotated.txt,1596-num-1,1596-num-2,5
input-data/sick_annotated.txt,1597-num-1,1597-num-2,3.5
input-data/sick_annotated.txt,1598-num-1,1598-num-2,4.5
input-data/sick_annotated.txt,1599-num-1,1599-num-2,3.3
input-data/sick_annotated.txt,1600-num-1,1600-num-2,3.5
input-data/sick_annotated.txt,1601-num-1,1601-num-2,4.2
input-data/sick_annotated.txt,1602-num-1,1602-num-2,3.7
input-data/sick_annotated.txt,1603-num-1,1603-num-2,3.2
input-data/sick_annotated.txt,1604-num-1,1604-num-2,4.8
input-data/sick_annotated.txt,1605-num-1,1605-num-2,3.4
input-data/sick_annotated.txt,1606-num-1,1606-num-2,4.7
input-data/sick_annotated.txt,1607-num-1,1607-num-2,4.7
input-data/sick_annotated.txt,1608-num-1,1608-num-2,4.7
input-data/sick_annotated.txt,1609-num-1,1609-num-2,2.3
input-data/sick_annotated.txt,1610-num-1,1610-num-2,4.8
input-data/sick_annotated.txt,1611-num-1,1611-num-2,2.7
input-data/sick_annotated.txt,1612-num-1,1612-num-2,4.8
input-data/sick_annotated.txt,1613-num-1,1613-num-2,4
input-data/sick_annotated.txt,1614-num-1,1614-num-2,4.6
input-data/sick_annotated.txt,1615-num-1,1615-num-2,3.4
input-data/sick_annotated.txt,1616-num-1,1616-num-2,2.1
input-data/sick_annotated.txt,1617-num-1,1617-num-2,4.9
input-data/sick_annotated.txt,1618-num-1,1618-num-2,4.9
input-data/sick_annotated.txt,1619-num-1,1619-num-2,4.8
input-data/sick_annotated.txt,1620-num-1,1620-num-2,4.6
input-data/sick_annotated.txt,1621-num-1,1621-num-2,3.6
input-data/sick_annotated.txt,1622-num-1,1622-num-2,1.7
input-data/sick_annotated.txt,1623-num-1,1623-num-2,1.5
input-data/sick_annotated.txt,1624-num-1,1624-num-2,1.3
input-data/sick_annotated.txt,1625-num-1,1625-num-2,1.5
input-data/sick_annotated.txt,1626-num-1,1626-num-2,1.3
input-data/sick_annotated.txt,1627-num-1,1627-num-2,4.5
input-data/sick_annotated.txt,1628-num-1,1628-num-2,4.6
input-data/sick_annotated.txt,1629-num-1,1629-num-2,2.8
input-data/sick_annotated.txt,1630-num-1,1630-num-2,4.4
input-data/sick_annotated.txt,1631-num-1,1631-num-2,3.4
input-data/sick_annotated.txt,1632-num-1,1632-num-2,2
input-data/sick_annotated.txt,1633-num-1,1633-num-2,3.6
input-data/sick_annotated.txt,1634-num-1,1634-num-2,3
input-data/sick_annotated.txt,1635-num-1,1635-num-2,1.6
input-data/sick_annotated.txt,1636-num-1,1636-num-2,2.6
input-data/sick_annotated.txt,1637-num-1,1637-num-2,3.45
input-data/sick_annotated.txt,1638-num-1,1638-num-2,2.1
input-data/sick_annotated.txt,1639-num-1,1639-num-2,3.3
input-data/sick_annotated.txt,1640-num-1,1640-num-2,4.6
input-data/sick_annotated.txt,1641-num-1,1641-num-2,3.6
input-data/sick_annotated.txt,1642-num-1,1642-num-2,3.4
input-data/sick_annotated.txt,1643-num-1,1643-num-2,4.9
input-data/sick_annotated.txt,1644-num-1,1644-num-2,3.9
input-data/sick_annotated.txt,1645-num-1,1645-num-2,3.2
input-data/sick_annotated.txt,1646-num-1,1646-num-2,4.4
input-data/sick_annotated.txt,1647-num-1,1647-num-2,3.6
input-data/sick_annotated.txt,1648-num-1,1648-num-2,4
input-data/sick_annotated.txt,1649-num-1,1649-num-2,4.2
input-data/sick_annotated.txt,1650-num-1,1650-num-2,3.3
input-data/sick_annotated.txt,1651-num-1,1651-num-2,2.9
input-data/sick_annotated.txt,1652-num-1,1652-num-2,4.4
input-data/sick_annotated.txt,1653-num-1,1653-num-2,4.7
input-data/sick_annotated.txt,1654-num-1,1654-num-2,3.2
input-data/sick_annotated.txt,1655-num-1,1655-num-2,3.6
input-data/sick_annotated.txt,1656-num-1,1656-num-2,4.9
input-data/sick_annotated.txt,1657-num-1,1657-num-2,3.2
input-data/sick_annotated.txt,1658-num-1,1658-num-2,4.9
input-data/sick_annotated.txt,1659-num-1,1659-num-2,3.6
input-data/sick_annotated.txt,1660-num-1,1660-num-2,4.5
input-data/sick_annotated.txt,1661-num-1,1661-num-2,3.5
input-data/sick_annotated.txt,1662-num-1,1662-num-2,3.4
input-data/sick_annotated.txt,1663-num-1,1663-num-2,4.8
input-data/sick_annotated.txt,1664-num-1,1664-num-2,4.8
input-data/sick_annotated.txt,1665-num-1,1665-num-2,3.3
input-data/sick_annotated.txt,1666-num-1,1666-num-2,3.5
input-data/sick_annotated.txt,1667-num-1,1667-num-2,4.9
input-data/sick_annotated.txt,1668-num-1,1668-num-2,3.9
input-data/sick_annotated.txt,1669-num-1,1669-num-2,4.8
input-data/sick_annotated.txt,1670-num-1,1670-num-2,1
input-data/sick_annotated.txt,1671-num-1,1671-num-2,1
input-data/sick_annotated.txt,1672-num-1,1672-num-2,1
input-data/sick_annotated.txt,1673-num-1,1673-num-2,1
input-data/sick_annotated.txt,1674-num-1,1674-num-2,1
input-data/sick_annotated.txt,1675-num-1,1675-num-2,1
input-data/sick_annotated.txt,1676-num-1,1676-num-2,1.1
input-data/sick_annotated.txt,1677-num-1,1677-num-2,4.6
input-data/sick_annotated.txt,1678-num-1,1678-num-2,3.9
input-data/sick_annotated.txt,1679-num-1,1679-num-2,3.9
input-data/sick_annotated.txt,1680-num-1,1680-num-2,4.8
input-data/sick_annotated.txt,1681-num-1,1681-num-2,3.5
input-data/sick_annotated.txt,1682-num-1,1682-num-2,2.4
input-data/sick_annotated.txt,1683-num-1,1683-num-2,4.9
input-data/sick_annotated.txt,1684-num-1,1684-num-2,3.3
input-data/sick_annotated.txt,1685-num-1,1685-num-2,3.1
input-data/sick_annotated.txt,1686-num-1,1686-num-2,4.3
input-data/sick_annotated.txt,1687-num-1,1687-num-2,3
input-data/sick_annotated.txt,1688-num-1,1688-num-2,2.8
input-data/sick_annotated.txt,1689-num-1,1689-num-2,4.6
input-data/sick_annotated.txt,1690-num-1,1690-num-2,5
input-data/sick_annotated.txt,1691-num-1,1691-num-2,3.7
input-data/sick_annotated.txt,1692-num-1,1692-num-2,2.4
input-data/sick_annotated.txt,1693-num-1,1693-num-2,4.465
input-data/sick_annotated.txt,1694-num-1,1694-num-2,3.7
input-data/sick_annotated.txt,1695-num-1,1695-num-2,4
input-data/sick_annotated.txt,1696-num-1,1696-num-2,4.2
input-data/sick_annotated.txt,1697-num-1,1697-num-2,3.7
input-data/sick_annotated.txt,1698-num-1,1698-num-2,3.9
input-data/sick_annotated.txt,1699-num-1,1699-num-2,4.2
input-data/sick_annotated.txt,1700-num-1,1700-num-2,3.7
input-data/sick_annotated.txt,1701-num-1,1701-num-2,1.7
input-data/sick_annotated.txt,1702-num-1,1702-num-2,4.2
input-data/sick_annotated.txt,1703-num-1,1703-num-2,4.7
input-data/sick_annotated.txt,1704-num-1,1704-num-2,3.4
input-data/sick_annotated.txt,1705-num-1,1705-num-2,4.8
input-data/sick_annotated.txt,1706-num-1,1706-num-2,3.6
input-data/sick_annotated.txt,1707-num-1,1707-num-2,1.1
input-data/sick_annotated.txt,1708-num-1,1708-num-2,1.2
input-data/sick_annotated.txt,1709-num-1,1709-num-2,1.4
input-data/sick_annotated.txt,1710-num-1,1710-num-2,1.2
input-data/sick_annotated.txt,1711-num-1,1711-num-2,1.1
input-data/sick_annotated.txt,1712-num-1,1712-num-2,4.9
input-data/sick_annotated.txt,1713-num-1,1713-num-2,3.7
input-data/sick_annotated.txt,1714-num-1,1714-num-2,3.7
input-data/sick_annotated.txt,1715-num-1,1715-num-2,4.9
input-data/sick_annotated.txt,1716-num-1,1716-num-2,3.1
input-data/sick_annotated.txt,1717-num-1,1717-num-2,5
input-data/sick_annotated.txt,1718-num-1,1718-num-2,3.8
input-data/sick_annotated.txt,1719-num-1,1719-num-2,4.8
input-data/sick_annotated.txt,1720-num-1,1720-num-2,2.6
input-data/sick_annotated.txt,1721-num-1,1721-num-2,3.2
input-data/sick_annotated.txt,1722-num-1,1722-num-2,4.8
input-data/sick_annotated.txt,1723-num-1,1723-num-2,4.2
input-data/sick_annotated.txt,1724-num-1,1724-num-2,4.1
input-data/sick_annotated.txt,1725-num-1,1725-num-2,4.8
input-data/sick_annotated.txt,1726-num-1,1726-num-2,2.9
input-data/sick_annotated.txt,1727-num-1,1727-num-2,3.015
input-data/sick_annotated.txt,1728-num-1,1728-num-2,1.8
input-data/sick_annotated.txt,1729-num-1,1729-num-2,1.4
input-data/sick_annotated.txt,1730-num-1,1730-num-2,1.5
input-data/sick_annotated.txt,1731-num-1,1731-num-2,1.8
input-data/sick_annotated.txt,1732-num-1,1732-num-2,1.8
input-data/sick_annotated.txt,1733-num-1,1733-num-2,1
input-data/sick_annotated.txt,1734-num-1,1734-num-2,4.7
input-data/sick_annotated.txt,1735-num-1,1735-num-2,3.6
input-data/sick_annotated.txt,1736-num-1,1736-num-2,5
input-data/sick_annotated.txt,1737-num-1,1737-num-2,4
input-data/sick_annotated.txt,1738-num-1,1738-num-2,1.3
input-data/sick_annotated.txt,1739-num-1,1739-num-2,1
input-data/sick_annotated.txt,1740-num-1,1740-num-2,1
input-data/sick_annotated.txt,1741-num-1,1741-num-2,1
input-data/sick_annotated.txt,1742-num-1,1742-num-2,1
input-data/sick_annotated.txt,1743-num-1,1743-num-2,4.8
input-data/sick_annotated.txt,1744-num-1,1744-num-2,3.1
input-data/sick_annotated.txt,1745-num-1,1745-num-2,2.8
input-data/sick_annotated.txt,1746-num-1,1746-num-2,4.5
input-data/sick_annotated.txt,1747-num-1,1747-num-2,4
input-data/sick_annotated.txt,1748-num-1,1748-num-2,4.1
input-data/sick_annotated.txt,1749-num-1,1749-num-2,3.3
input-data/sick_annotated.txt,1750-num-1,1750-num-2,4.2
input-data/sick_annotated.txt,1751-num-1,1751-num-2,3.7
input-data/sick_annotated.txt,1752-num-1,1752-num-2,3.4
input-data/sick_annotated.txt,1753-num-1,1753-num-2,4.3
input-data/sick_annotated.txt,1754-num-1,1754-num-2,4.6
input-data/sick_annotated.txt,1755-num-1,1755-num-2,3.1
input-data/sick_annotated.txt,1756-num-1,1756-num-2,3.8
input-data/sick_annotated.txt,1757-num-1,1757-num-2,4.485
input-data/sick_annotated.txt,1758-num-1,1758-num-2,3.4
input-data/sick_annotated.txt,1759-num-1,1759-num-2,4.2
input-data/sick_annotated.txt,1760-num-1,1760-num-2,3.4
input-data/sick_annotated.txt,1761-num-1,1761-num-2,3.7
input-data/sick_annotated.txt,1762-num-1,1762-num-2,2.3
input-data/sick_annotated.txt,1763-num-1,1763-num-2,2.7
input-data/sick_annotated.txt,1764-num-1,1764-num-2,4.2
input-data/sick_annotated.txt,1765-num-1,1765-num-2,5
input-data/sick_annotated.txt,1766-num-1,1766-num-2,3.8
input-data/sick_annotated.txt,1767-num-1,1767-num-2,2.8
input-data/sick_annotated.txt,1768-num-1,1768-num-2,4.4
input-data/sick_annotated.txt,1769-num-1,1769-num-2,3.3
input-data/sick_annotated.txt,1770-num-1,1770-num-2,3.4
input-data/sick_annotated.txt,1771-num-1,1771-num-2,4.3
input-data/sick_annotated.txt,1772-num-1,1772-num-2,3.3
input-data/sick_annotated.txt,1773-num-1,1773-num-2,2.1
input-data/sick_annotated.txt,1774-num-1,1774-num-2,3.2
input-data/sick_annotated.txt,1775-num-1,1775-num-2,2.4
input-data/sick_annotated.txt,1776-num-1,1776-num-2,2.6
input-data/sick_annotated.txt,1777-num-1,1777-num-2,3.8
input-data/sick_annotated.txt,1778-num-1,1778-num-2,4.4
input-data/sick_annotated.txt,1779-num-1,1779-num-2,3.8
input-data/sick_annotated.txt,1780-num-1,1780-num-2,4.6
input-data/sick_annotated.txt,1781-num-1,1781-num-2,3.8
input-data/sick_annotated.txt,1782-num-1,1782-num-2,3.6
input-data/sick_annotated.txt,1783-num-1,1783-num-2,4.4
input-data/sick_annotated.txt,1784-num-1,1784-num-2,3.6
input-data/sick_annotated.txt,1785-num-1,1785-num-2,2.8
input-data/sick_annotated.txt,1786-num-1,1786-num-2,4.6
input-data/sick_annotated.txt,1787-num-1,1787-num-2,3.7
input-data/sick_annotated.txt,1788-num-1,1788-num-2,4.4
input-data/sick_annotated.txt,1789-num-1,1789-num-2,4.9
input-data/sick_annotated.txt,1790-num-1,1790-num-2,3.6
input-data/sick_annotated.txt,1791-num-1,1791-num-2,3.8
input-data/sick_annotated.txt,1792-num-1,1792-num-2,4.2
input-data/sick_annotated.txt,1793-num-1,1793-num-2,3.3
input-data/sick_annotated.txt,1794-num-1,1794-num-2,2.5
input-data/sick_annotated.txt,1795-num-1,1795-num-2,4
input-data/sick_annotated.txt,1796-num-1,1796-num-2,2.8
input-data/sick_annotated.txt,1797-num-1,1797-num-2,2.3
input-data/sick_annotated.txt,1798-num-1,1798-num-2,4.4
input-data/sick_annotated.txt,1799-num-1,1799-num-2,3.5
input-data/sick_annotated.txt,1800-num-1,1800-num-2,4.1
input-data/sick_annotated.txt,1801-num-1,1801-num-2,4
input-data/sick_annotated.txt,1802-num-1,1802-num-2,4.9
input-data/sick_annotated.txt,1803-num-1,1803-num-2,4.3
input-data/sick_annotated.txt,1804-num-1,1804-num-2,4.8
input-data/sick_annotated.txt,1805-num-1,1805-num-2,4
input-data/sick_annotated.txt,1806-num-1,1806-num-2,2.6
input-data/sick_annotated.txt,1807-num-1,1807-num-2,2.4
input-data/sick_annotated.txt,1808-num-1,1808-num-2,1.8
input-data/sick_annotated.txt,1809-num-1,1809-num-2,2.8
input-data/sick_annotated.txt,1810-num-1,1810-num-2,3.4
input-data/sick_annotated.txt,1811-num-1,1811-num-2,2.4
input-data/sick_annotated.txt,1812-num-1,1812-num-2,3.1
input-data/sick_annotated.txt,1813-num-1,1813-num-2,4.9
input-data/sick_annotated.txt,1814-num-1,1814-num-2,3.3
input-data/sick_annotated.txt,1815-num-1,1815-num-2,2.9
input-data/sick_annotated.txt,1816-num-1,1816-num-2,4.7
input-data/sick_annotated.txt,1817-num-1,1817-num-2,4.15
input-data/sick_annotated.txt,1818-num-1,1818-num-2,3.1
input-data/sick_annotated.txt,1819-num-1,1819-num-2,3.9
input-data/sick_annotated.txt,1820-num-1,1820-num-2,3.4
input-data/sick_annotated.txt,1821-num-1,1821-num-2,2.3
input-data/sick_annotated.txt,1822-num-1,1822-num-2,4.1
input-data/sick_annotated.txt,1823-num-1,1823-num-2,3.5
input-data/sick_annotated.txt,1824-num-1,1824-num-2,2.5
input-data/sick_annotated.txt,1825-num-1,1825-num-2,4.3
input-data/sick_annotated.txt,1826-num-1,1826-num-2,4.9
input-data/sick_annotated.txt,1827-num-1,1827-num-2,3.6
input-data/sick_annotated.txt,1828-num-1,1828-num-2,2.2
input-data/sick_annotated.txt,1829-num-1,1829-num-2,4.9
input-data/sick_annotated.txt,1830-num-1,1830-num-2,3.5
input-data/sick_annotated.txt,1831-num-1,1831-num-2,3.5
input-data/sick_annotated.txt,1832-num-1,1832-num-2,2.2
input-data/sick_annotated.txt,1833-num-1,1833-num-2,1.9
input-data/sick_annotated.txt,1834-num-1,1834-num-2,1.5
input-data/sick_annotated.txt,1835-num-1,1835-num-2,2.1
input-data/sick_annotated.txt,1836-num-1,1836-num-2,1.435
input-data/sick_annotated.txt,1837-num-1,1837-num-2,1.3
input-data/sick_annotated.txt,1838-num-1,1838-num-2,2.4
input-data/sick_annotated.txt,1839-num-1,1839-num-2,4.6
input-data/sick_annotated.txt,1840-num-1,1840-num-2,3.5
input-data/sick_annotated.txt,1841-num-1,1841-num-2,2.8
input-data/sick_annotated.txt,1842-num-1,1842-num-2,4.4
input-data/sick_annotated.txt,1843-num-1,1843-num-2,3.835
input-data/sick_annotated.txt,1844-num-1,1844-num-2,1
input-data/sick_annotated.txt,1845-num-1,1845-num-2,1
input-data/sick_annotated.txt,1846-num-1,1846-num-2,1
input-data/sick_annotated.txt,1847-num-1,1847-num-2,1
input-data/sick_annotated.txt,1848-num-1,1848-num-2,1
input-data/sick_annotated.txt,1849-num-1,1849-num-2,1.1
input-data/sick_annotated.txt,1850-num-1,1850-num-2,4.8
input-data/sick_annotated.txt,1851-num-1,1851-num-2,3.7
input-data/sick_annotated.txt,1852-num-1,1852-num-2,4.7
input-data/sick_annotated.txt,1853-num-1,1853-num-2,4.1
input-data/sick_annotated.txt,1854-num-1,1854-num-2,4.1
input-data/sick_annotated.txt,1855-num-1,1855-num-2,3.2
input-data/sick_annotated.txt,1856-num-1,1856-num-2,4
input-data/sick_annotated.txt,1857-num-1,1857-num-2,3.4
input-data/sick_annotated.txt,1858-num-1,1858-num-2,4
input-data/sick_annotated.txt,1859-num-1,1859-num-2,4.6
input-data/sick_annotated.txt,1860-num-1,1860-num-2,3.6
input-data/sick_annotated.txt,1861-num-1,1861-num-2,4
input-data/sick_annotated.txt,1862-num-1,1862-num-2,5
input-data/sick_annotated.txt,1863-num-1,1863-num-2,3.7
input-data/sick_annotated.txt,1864-num-1,1864-num-2,2.865
input-data/sick_annotated.txt,1865-num-1,1865-num-2,3.8
input-data/sick_annotated.txt,1866-num-1,1866-num-2,3.5
input-data/sick_annotated.txt,1867-num-1,1867-num-2,2.6
input-data/sick_annotated.txt,1868-num-1,1868-num-2,4.4
input-data/sick_annotated.txt,1869-num-1,1869-num-2,2.9
input-data/sick_annotated.txt,1870-num-1,1870-num-2,3.1
input-data/sick_annotated.txt,1871-num-1,1871-num-2,4.4
input-data/sick_annotated.txt,1872-num-1,1872-num-2,4.8
input-data/sick_annotated.txt,1873-num-1,1873-num-2,3.7
input-data/sick_annotated.txt,1874-num-1,1874-num-2,2.9
input-data/sick_annotated.txt,1875-num-1,1875-num-2,4.8
input-data/sick_annotated.txt,1876-num-1,1876-num-2,3.3
input-data/sick_annotated.txt,1877-num-1,1877-num-2,3.5
input-data/sick_annotated.txt,1878-num-1,1878-num-2,4.7
input-data/sick_annotated.txt,1879-num-1,1879-num-2,2.8
input-data/sick_annotated.txt,1880-num-1,1880-num-2,2.7
input-data/sick_annotated.txt,1881-num-1,1881-num-2,4.2
input-data/sick_annotated.txt,1882-num-1,1882-num-2,2.9
input-data/sick_annotated.txt,1883-num-1,1883-num-2,3
input-data/sick_annotated.txt,1884-num-1,1884-num-2,4.4
input-data/sick_annotated.txt,1885-num-1,1885-num-2,4.9
input-data/sick_annotated.txt,1886-num-1,1886-num-2,4.1
input-data/sick_annotated.txt,1887-num-1,1887-num-2,4
input-data/sick_annotated.txt,1888-num-1,1888-num-2,4.9
input-data/sick_annotated.txt,1889-num-1,1889-num-2,3.3
input-data/sick_annotated.txt,1890-num-1,1890-num-2,2.5
input-data/sick_annotated.txt,1891-num-1,1891-num-2,4.2
input-data/sick_annotated.txt,1892-num-1,1892-num-2,3.4
input-data/sick_annotated.txt,1893-num-1,1893-num-2,2.6
input-data/sick_annotated.txt,1894-num-1,1894-num-2,4.2
input-data/sick_annotated.txt,1895-num-1,1895-num-2,3.2
input-data/sick_annotated.txt,1896-num-1,1896-num-2,3.9
input-data/sick_annotated.txt,1897-num-1,1897-num-2,4.185
input-data/sick_annotated.txt,1898-num-1,1898-num-2,4.4
input-data/sick_annotated.txt,1899-num-1,1899-num-2,3.6
input-data/sick_annotated.txt,1901-num-1,1901-num-2,3.5
input-data/sick_annotated.txt,1902-num-1,1902-num-2,3.1
input-data/sick_annotated.txt,1903-num-1,1903-num-2,1
input-data/sick_annotated.txt,1904-num-1,1904-num-2,1
input-data/sick_annotated.txt,1905-num-1,1905-num-2,1
input-data/sick_annotated.txt,1906-num-1,1906-num-2,1.1
input-data/sick_annotated.txt,1907-num-1,1907-num-2,1
input-data/sick_annotated.txt,1909-num-1,1909-num-2,4.4
input-data/sick_annotated.txt,1910-num-1,1910-num-2,3.4
input-data/sick_annotated.txt,1911-num-1,1911-num-2,1.75
input-data/sick_annotated.txt,1912-num-1,1912-num-2,4.6
input-data/sick_annotated.txt,1913-num-1,1913-num-2,4.2
input-data/sick_annotated.txt,1914-num-1,1914-num-2,3.4
input-data/sick_annotated.txt,1915-num-1,1915-num-2,1.2
input-data/sick_annotated.txt,1916-num-1,1916-num-2,1.7
input-data/sick_annotated.txt,1917-num-1,1917-num-2,1.9
input-data/sick_annotated.txt,1918-num-1,1918-num-2,1.1
input-data/sick_annotated.txt,1919-num-1,1919-num-2,1.1
input-data/sick_annotated.txt,1920-num-1,1920-num-2,1.6
input-data/sick_annotated.txt,1921-num-1,1921-num-2,1.4
input-data/sick_annotated.txt,1922-num-1,1922-num-2,4.8
input-data/sick_annotated.txt,1923-num-1,1923-num-2,3.2
input-data/sick_annotated.txt,1924-num-1,1924-num-2,3.4
input-data/sick_annotated.txt,1925-num-1,1925-num-2,5
input-data/sick_annotated.txt,1926-num-1,1926-num-2,3.6
input-data/sick_annotated.txt,1927-num-1,1927-num-2,3.5
input-data/sick_annotated.txt,1928-num-1,1928-num-2,1
input-data/sick_annotated.txt,1929-num-1,1929-num-2,1
input-data/sick_annotated.txt,1930-num-1,1930-num-2,1
input-data/sick_annotated.txt,1931-num-1,1931-num-2,1
input-data/sick_annotated.txt,1932-num-1,1932-num-2,1
input-data/sick_annotated.txt,1933-num-1,1933-num-2,1
input-data/sick_annotated.txt,1934-num-1,1934-num-2,1
input-data/sick_annotated.txt,1935-num-1,1935-num-2,4.9
input-data/sick_annotated.txt,1936-num-1,1936-num-2,3.8
input-data/sick_annotated.txt,1937-num-1,1937-num-2,4.3
input-data/sick_annotated.txt,1938-num-1,1938-num-2,3.5
input-data/sick_annotated.txt,1939-num-1,1939-num-2,1
input-data/sick_annotated.txt,1940-num-1,1940-num-2,1
input-data/sick_annotated.txt,1941-num-1,1941-num-2,1
input-data/sick_annotated.txt,1942-num-1,1942-num-2,1
input-data/sick_annotated.txt,1943-num-1,1943-num-2,1
input-data/sick_annotated.txt,1945-num-1,1945-num-2,4
input-data/sick_annotated.txt,1946-num-1,1946-num-2,4.8
input-data/sick_annotated.txt,1947-num-1,1947-num-2,3.8
input-data/sick_annotated.txt,1948-num-1,1948-num-2,1.6
input-data/sick_annotated.txt,1949-num-1,1949-num-2,1.4
input-data/sick_annotated.txt,1950-num-1,1950-num-2,1.4
input-data/sick_annotated.txt,1951-num-1,1951-num-2,1.4
input-data/sick_annotated.txt,1953-num-1,1953-num-2,4.6
input-data/sick_annotated.txt,1954-num-1,1954-num-2,3.9
input-data/sick_annotated.txt,1955-num-1,1955-num-2,2.9
input-data/sick_annotated.txt,1956-num-1,1956-num-2,4.9
input-data/sick_annotated.txt,1957-num-1,1957-num-2,2.8
input-data/sick_annotated.txt,1958-num-1,1958-num-2,1
input-data/sick_annotated.txt,1959-num-1,1959-num-2,1
input-data/sick_annotated.txt,1960-num-1,1960-num-2,1
input-data/sick_annotated.txt,1961-num-1,1961-num-2,1
input-data/sick_annotated.txt,1962-num-1,1962-num-2,1
input-data/sick_annotated.txt,1963-num-1,1963-num-2,1
input-data/sick_annotated.txt,1964-num-1,1964-num-2,4.9
input-data/sick_annotated.txt,1965-num-1,1965-num-2,3.9
input-data/sick_annotated.txt,1966-num-1,1966-num-2,2.1
input-data/sick_annotated.txt,1967-num-1,1967-num-2,4.5
input-data/sick_annotated.txt,1968-num-1,1968-num-2,3.8
input-data/sick_annotated.txt,1969-num-1,1969-num-2,3.9
input-data/sick_annotated.txt,1970-num-1,1970-num-2,4.4
input-data/sick_annotated.txt,1971-num-1,1971-num-2,2.9
input-data/sick_annotated.txt,1972-num-1,1972-num-2,3.9
input-data/sick_annotated.txt,1973-num-1,1973-num-2,4.4
input-data/sick_annotated.txt,1974-num-1,1974-num-2,3.585
input-data/sick_annotated.txt,1975-num-1,1975-num-2,1.9
input-data/sick_annotated.txt,1976-num-1,1976-num-2,4.7
input-data/sick_annotated.txt,1977-num-1,1977-num-2,4.2
input-data/sick_annotated.txt,1978-num-1,1978-num-2,3.8
input-data/sick_annotated.txt,1979-num-1,1979-num-2,2.8
input-data/sick_annotated.txt,1980-num-1,1980-num-2,4.9
input-data/sick_annotated.txt,1981-num-1,1981-num-2,4
input-data/sick_annotated.txt,1982-num-1,1982-num-2,1
input-data/sick_annotated.txt,1983-num-1,1983-num-2,1
input-data/sick_annotated.txt,1984-num-1,1984-num-2,1
input-data/sick_annotated.txt,1985-num-1,1985-num-2,1
input-data/sick_annotated.txt,1986-num-1,1986-num-2,1
input-data/sick_annotated.txt,1987-num-1,1987-num-2,1
input-data/sick_annotated.txt,1988-num-1,1988-num-2,4.5
input-data/sick_annotated.txt,1989-num-1,1989-num-2,3.3
input-data/sick_annotated.txt,1990-num-1,1990-num-2,2.8
input-data/sick_annotated.txt,1991-num-1,1991-num-2,4.8
input-data/sick_annotated.txt,1992-num-1,1992-num-2,2.9
input-data/sick_annotated.txt,1993-num-1,1993-num-2,3.7
input-data/sick_annotated.txt,1994-num-1,1994-num-2,3.2
input-data/sick_annotated.txt,1995-num-1,1995-num-2,3
input-data/sick_annotated.txt,1996-num-1,1996-num-2,2.8
input-data/sick_annotated.txt,1997-num-1,1997-num-2,3.4
input-data/sick_annotated.txt,1998-num-1,1998-num-2,3.4
input-data/sick_annotated.txt,1999-num-1,1999-num-2,2.7
input-data/sick_annotated.txt,2000-num-1,2000-num-2,3.7
input-data/sick_annotated.txt,2001-num-1,2001-num-2,5
input-data/sick_annotated.txt,2002-num-1,2002-num-2,4.4
input-data/sick_annotated.txt,2003-num-1,2003-num-2,3.7
input-data/sick_annotated.txt,2004-num-1,2004-num-2,4.6
input-data/sick_annotated.txt,2005-num-1,2005-num-2,3.3
input-data/sick_annotated.txt,2006-num-1,2006-num-2,3.1
input-data/sick_annotated.txt,2007-num-1,2007-num-2,1.8
input-data/sick_annotated.txt,2008-num-1,2008-num-2,1.6
input-data/sick_annotated.txt,2009-num-1,2009-num-2,1.5
input-data/sick_annotated.txt,2010-num-1,2010-num-2,2.4
input-data/sick_annotated.txt,2011-num-1,2011-num-2,3
input-data/sick_annotated.txt,2012-num-1,2012-num-2,1.9
input-data/sick_annotated.txt,2013-num-1,2013-num-2,2.1
input-data/sick_annotated.txt,2014-num-1,2014-num-2,4.3
input-data/sick_annotated.txt,2015-num-1,2015-num-2,3.6
input-data/sick_annotated.txt,2016-num-1,2016-num-2,3.4
input-data/sick_annotated.txt,2017-num-1,2017-num-2,5
input-data/sick_annotated.txt,2018-num-1,2018-num-2,3.6
input-data/sick_annotated.txt,2019-num-1,2019-num-2,3.3
input-data/sick_annotated.txt,2020-num-1,2020-num-2,2.5
input-data/sick_annotated.txt,2021-num-1,2021-num-2,2
input-data/sick_annotated.txt,2022-num-1,2022-num-2,1.5
input-data/sick_annotated.txt,2023-num-1,2023-num-2,2.1
input-data/sick_annotated.txt,2024-num-1,2024-num-2,2
input-data/sick_annotated.txt,2025-num-1,2025-num-2,1.5
input-data/sick_annotated.txt,2026-num-1,2026-num-2,2.7
input-data/sick_annotated.txt,2027-num-1,2027-num-2,4.3
input-data/sick_annotated.txt,2028-num-1,2028-num-2,3.1
input-data/sick_annotated.txt,2029-num-1,2029-num-2,2.6
input-data/sick_annotated.txt,2030-num-1,2030-num-2,4.6
input-data/sick_annotated.txt,2031-num-1,2031-num-2,4
input-data/sick_annotated.txt,2032-num-1,2032-num-2,3.3
input-data/sick_annotated.txt,2033-num-1,2033-num-2,3.2
input-data/sick_annotated.txt,2034-num-1,2034-num-2,2.7
input-data/sick_annotated.txt,2035-num-1,2035-num-2,3.1
input-data/sick_annotated.txt,2036-num-1,2036-num-2,3.8
input-data/sick_annotated.txt,2037-num-1,2037-num-2,2
input-data/sick_annotated.txt,2038-num-1,2038-num-2,2.3
input-data/sick_annotated.txt,2039-num-1,2039-num-2,4.1
input-data/sick_annotated.txt,2040-num-1,2040-num-2,4.5
input-data/sick_annotated.txt,2041-num-1,2041-num-2,3.4
input-data/sick_annotated.txt,2042-num-1,2042-num-2,3.7
input-data/sick_annotated.txt,2043-num-1,2043-num-2,5
input-data/sick_annotated.txt,2044-num-1,2044-num-2,3.5
input-data/sick_annotated.txt,2045-num-1,2045-num-2,4.085
input-data/sick_annotated.txt,2046-num-1,2046-num-2,1
input-data/sick_annotated.txt,2047-num-1,2047-num-2,1.2
input-data/sick_annotated.txt,2048-num-1,2048-num-2,1
input-data/sick_annotated.txt,2049-num-1,2049-num-2,1
input-data/sick_annotated.txt,2050-num-1,2050-num-2,1.4
input-data/sick_annotated.txt,2051-num-1,2051-num-2,1.2
input-data/sick_annotated.txt,2052-num-1,2052-num-2,1.5
input-data/sick_annotated.txt,2053-num-1,2053-num-2,4.8
input-data/sick_annotated.txt,2054-num-1,2054-num-2,3.25
input-data/sick_annotated.txt,2055-num-1,2055-num-2,3.3
input-data/sick_annotated.txt,2056-num-1,2056-num-2,4.5
input-data/sick_annotated.txt,2057-num-1,2057-num-2,3.1
input-data/sick_annotated.txt,2058-num-1,2058-num-2,4.8
input-data/sick_annotated.txt,2059-num-1,2059-num-2,2.6
input-data/sick_annotated.txt,2060-num-1,2060-num-2,4.9
input-data/sick_annotated.txt,2061-num-1,2061-num-2,3.5
input-data/sick_annotated.txt,2062-num-1,2062-num-2,3.4
input-data/sick_annotated.txt,2063-num-1,2063-num-2,4.8
input-data/sick_annotated.txt,2064-num-1,2064-num-2,4.7
input-data/sick_annotated.txt,2065-num-1,2065-num-2,3.1
input-data/sick_annotated.txt,2066-num-1,2066-num-2,3.9
input-data/sick_annotated.txt,2067-num-1,2067-num-2,5
input-data/sick_annotated.txt,2068-num-1,2068-num-2,4.1
input-data/sick_annotated.txt,2069-num-1,2069-num-2,3.9
input-data/sick_annotated.txt,2070-num-1,2070-num-2,3.2
input-data/sick_annotated.txt,2071-num-1,2071-num-2,3.9
input-data/sick_annotated.txt,2072-num-1,2072-num-2,3
input-data/sick_annotated.txt,2073-num-1,2073-num-2,3.1
input-data/sick_annotated.txt,2074-num-1,2074-num-2,4.1
input-data/sick_annotated.txt,2075-num-1,2075-num-2,4.8
input-data/sick_annotated.txt,2076-num-1,2076-num-2,2.6
input-data/sick_annotated.txt,2077-num-1,2077-num-2,3.6
input-data/sick_annotated.txt,2078-num-1,2078-num-2,5
input-data/sick_annotated.txt,2079-num-1,2079-num-2,4
input-data/sick_annotated.txt,2080-num-1,2080-num-2,3.2
input-data/sick_annotated.txt,2081-num-1,2081-num-2,4.2
input-data/sick_annotated.txt,2082-num-1,2082-num-2,3
input-data/sick_annotated.txt,2083-num-1,2083-num-2,2.6
input-data/sick_annotated.txt,2084-num-1,2084-num-2,4.3
input-data/sick_annotated.txt,2085-num-1,2085-num-2,2.8
input-data/sick_annotated.txt,2086-num-1,2086-num-2,3.3
input-data/sick_annotated.txt,2087-num-1,2087-num-2,4.6
input-data/sick_annotated.txt,2088-num-1,2088-num-2,4.8
input-data/sick_annotated.txt,2089-num-1,2089-num-2,3.2
input-data/sick_annotated.txt,2090-num-1,2090-num-2,3.2
input-data/sick_annotated.txt,2091-num-1,2091-num-2,4.7
input-data/sick_annotated.txt,2092-num-1,2092-num-2,3.5
input-data/sick_annotated.txt,2093-num-1,2093-num-2,4.2
input-data/sick_annotated.txt,2094-num-1,2094-num-2,1.1
input-data/sick_annotated.txt,2095-num-1,2095-num-2,1
input-data/sick_annotated.txt,2096-num-1,2096-num-2,1.1
input-data/sick_annotated.txt,2097-num-1,2097-num-2,1.45
input-data/sick_annotated.txt,2098-num-1,2098-num-2,1
input-data/sick_annotated.txt,2099-num-1,2099-num-2,1.6
input-data/sick_annotated.txt,2100-num-1,2100-num-2,1.2
input-data/sick_annotated.txt,2101-num-1,2101-num-2,4.2
input-data/sick_annotated.txt,2102-num-1,2102-num-2,3.8
input-data/sick_annotated.txt,2103-num-1,2103-num-2,3.3
input-data/sick_annotated.txt,2104-num-1,2104-num-2,4.3
input-data/sick_annotated.txt,2105-num-1,2105-num-2,3.2
input-data/sick_annotated.txt,2106-num-1,2106-num-2,3.6
input-data/sick_annotated.txt,2107-num-1,2107-num-2,1.1
input-data/sick_annotated.txt,2108-num-1,2108-num-2,1.5
input-data/sick_annotated.txt,2109-num-1,2109-num-2,1
input-data/sick_annotated.txt,2110-num-1,2110-num-2,1.1
input-data/sick_annotated.txt,2111-num-1,2111-num-2,1.1
input-data/sick_annotated.txt,2112-num-1,2112-num-2,1.2
input-data/sick_annotated.txt,2113-num-1,2113-num-2,1.3
input-data/sick_annotated.txt,2114-num-1,2114-num-2,4.2
input-data/sick_annotated.txt,2115-num-1,2115-num-2,3.4
input-data/sick_annotated.txt,2116-num-1,2116-num-2,3.7
input-data/sick_annotated.txt,2117-num-1,2117-num-2,4.8
input-data/sick_annotated.txt,2118-num-1,2118-num-2,3.7
input-data/sick_annotated.txt,2119-num-1,2119-num-2,3.3
input-data/sick_annotated.txt,2120-num-1,2120-num-2,4.4
input-data/sick_annotated.txt,2121-num-1,2121-num-2,2.6
input-data/sick_annotated.txt,2122-num-1,2122-num-2,3.4
input-data/sick_annotated.txt,2123-num-1,2123-num-2,4.1
input-data/sick_annotated.txt,2124-num-1,2124-num-2,4.3
input-data/sick_annotated.txt,2125-num-1,2125-num-2,3.7
input-data/sick_annotated.txt,2126-num-1,2126-num-2,4.3
input-data/sick_annotated.txt,2127-num-1,2127-num-2,4.7
input-data/sick_annotated.txt,2128-num-1,2128-num-2,3.8
input-data/sick_annotated.txt,2129-num-1,2129-num-2,5
input-data/sick_annotated.txt,2130-num-1,2130-num-2,3.4
input-data/sick_annotated.txt,2131-num-1,2131-num-2,4.2
input-data/sick_annotated.txt,2132-num-1,2132-num-2,3
input-data/sick_annotated.txt,2133-num-1,2133-num-2,4.5
input-data/sick_annotated.txt,2134-num-1,2134-num-2,3.2
input-data/sick_annotated.txt,2135-num-1,2135-num-2,4.1
input-data/sick_annotated.txt,2137-num-1,2137-num-2,2.8
input-data/sick_annotated.txt,2138-num-1,2138-num-2,3.5
input-data/sick_annotated.txt,2139-num-1,2139-num-2,5
input-data/sick_annotated.txt,2140-num-1,2140-num-2,3.8
input-data/sick_annotated.txt,2141-num-1,2141-num-2,3.6
input-data/sick_annotated.txt,2142-num-1,2142-num-2,3.1
input-data/sick_annotated.txt,2143-num-1,2143-num-2,3.1
input-data/sick_annotated.txt,2144-num-1,2144-num-2,2.5
input-data/sick_annotated.txt,2145-num-1,2145-num-2,3.5
input-data/sick_annotated.txt,2146-num-1,2146-num-2,3.4
input-data/sick_annotated.txt,2147-num-1,2147-num-2,2.2
input-data/sick_annotated.txt,2148-num-1,2148-num-2,3.4
input-data/sick_annotated.txt,2149-num-1,2149-num-2,4.7
input-data/sick_annotated.txt,2150-num-1,2150-num-2,3.4
input-data/sick_annotated.txt,2151-num-1,2151-num-2,3.4
input-data/sick_annotated.txt,2152-num-1,2152-num-2,5
input-data/sick_annotated.txt,2153-num-1,2153-num-2,3.5
input-data/sick_annotated.txt,2154-num-1,2154-num-2,4
input-data/sick_annotated.txt,2155-num-1,2155-num-2,3.8
input-data/sick_annotated.txt,2156-num-1,2156-num-2,2.5
input-data/sick_annotated.txt,2157-num-1,2157-num-2,3
input-data/sick_annotated.txt,2158-num-1,2158-num-2,3.2
input-data/sick_annotated.txt,2159-num-1,2159-num-2,2.5
input-data/sick_annotated.txt,2160-num-1,2160-num-2,2.7
input-data/sick_annotated.txt,2161-num-1,2161-num-2,3.4
input-data/sick_annotated.txt,2163-num-1,2163-num-2,3.6
input-data/sick_annotated.txt,2164-num-1,2164-num-2,4.8
input-data/sick_annotated.txt,2165-num-1,2165-num-2,4.1
input-data/sick_annotated.txt,2166-num-1,2166-num-2,4.8
input-data/sick_annotated.txt,2167-num-1,2167-num-2,3.2
input-data/sick_annotated.txt,2168-num-1,2168-num-2,4.9
input-data/sick_annotated.txt,2169-num-1,2169-num-2,4.05
input-data/sick_annotated.txt,2170-num-1,2170-num-2,5
input-data/sick_annotated.txt,2171-num-1,2171-num-2,5
input-data/sick_annotated.txt,2172-num-1,2172-num-2,3.8
input-data/sick_annotated.txt,2173-num-1,2173-num-2,3.2
input-data/sick_annotated.txt,2174-num-1,2174-num-2,5
input-data/sick_annotated.txt,2175-num-1,2175-num-2,3.3
input-data/sick_annotated.txt,2176-num-1,2176-num-2,4.5
input-data/sick_annotated.txt,2177-num-1,2177-num-2,3
input-data/sick_annotated.txt,2178-num-1,2178-num-2,4.2
input-data/sick_annotated.txt,2179-num-1,2179-num-2,3.8
input-data/sick_annotated.txt,2180-num-1,2180-num-2,3
input-data/sick_annotated.txt,2181-num-1,2181-num-2,4.3
input-data/sick_annotated.txt,2182-num-1,2182-num-2,4.5
input-data/sick_annotated.txt,2183-num-1,2183-num-2,3.6
input-data/sick_annotated.txt,2184-num-1,2184-num-2,4.9
input-data/sick_annotated.txt,2185-num-1,2185-num-2,4
input-data/sick_annotated.txt,2186-num-1,2186-num-2,4.5
input-data/sick_annotated.txt,2187-num-1,2187-num-2,4.2
input-data/sick_annotated.txt,2188-num-1,2188-num-2,4.4
input-data/sick_annotated.txt,2189-num-1,2189-num-2,3.5
input-data/sick_annotated.txt,2190-num-1,2190-num-2,4.7
input-data/sick_annotated.txt,2191-num-1,2191-num-2,5
input-data/sick_annotated.txt,2192-num-1,2192-num-2,3.165
input-data/sick_annotated.txt,2193-num-1,2193-num-2,3.3
input-data/sick_annotated.txt,2194-num-1,2194-num-2,4.4
input-data/sick_annotated.txt,2195-num-1,2195-num-2,3.4
input-data/sick_annotated.txt,2196-num-1,2196-num-2,3.5
input-data/sick_annotated.txt,2197-num-1,2197-num-2,3.1
input-data/sick_annotated.txt,2198-num-1,2198-num-2,4.3
input-data/sick_annotated.txt,2199-num-1,2199-num-2,2.9
input-data/sick_annotated.txt,2200-num-1,2200-num-2,3
input-data/sick_annotated.txt,2201-num-1,2201-num-2,3.9
input-data/sick_annotated.txt,2202-num-1,2202-num-2,4.8
input-data/sick_annotated.txt,2203-num-1,2203-num-2,4.1
input-data/sick_annotated.txt,2204-num-1,2204-num-2,3.5
input-data/sick_annotated.txt,2205-num-1,2205-num-2,5
input-data/sick_annotated.txt,2206-num-1,2206-num-2,3.7
input-data/sick_annotated.txt,2207-num-1,2207-num-2,3.2
input-data/sick_annotated.txt,2208-num-1,2208-num-2,4.1
input-data/sick_annotated.txt,2209-num-1,2209-num-2,3.7
input-data/sick_annotated.txt,2210-num-1,2210-num-2,4
input-data/sick_annotated.txt,2211-num-1,2211-num-2,4.5
input-data/sick_annotated.txt,2212-num-1,2212-num-2,4.2
input-data/sick_annotated.txt,2213-num-1,2213-num-2,3.9
input-data/sick_annotated.txt,2214-num-1,2214-num-2,4.4
input-data/sick_annotated.txt,2215-num-1,2215-num-2,4.8
input-data/sick_annotated.txt,2216-num-1,2216-num-2,3.8
input-data/sick_annotated.txt,2217-num-1,2217-num-2,2.9
input-data/sick_annotated.txt,2218-num-1,2218-num-2,4.3
input-data/sick_annotated.txt,2219-num-1,2219-num-2,3.8
input-data/sick_annotated.txt,2220-num-1,2220-num-2,4.4
input-data/sick_annotated.txt,2221-num-1,2221-num-2,3.9
input-data/sick_annotated.txt,2222-num-1,2222-num-2,3.9
input-data/sick_annotated.txt,2223-num-1,2223-num-2,3.4
input-data/sick_annotated.txt,2224-num-1,2224-num-2,2.6
input-data/sick_annotated.txt,2225-num-1,2225-num-2,4.1
input-data/sick_annotated.txt,2226-num-1,2226-num-2,4.6
input-data/sick_annotated.txt,2227-num-1,2227-num-2,3
input-data/sick_annotated.txt,2228-num-1,2228-num-2,4.2
input-data/sick_annotated.txt,2229-num-1,2229-num-2,4.1
input-data/sick_annotated.txt,2230-num-1,2230-num-2,4.2
input-data/sick_annotated.txt,2231-num-1,2231-num-2,3.1
input-data/sick_annotated.txt,2232-num-1,2232-num-2,4.4
input-data/sick_annotated.txt,2233-num-1,2233-num-2,3.8
input-data/sick_annotated.txt,2234-num-1,2234-num-2,4.7
input-data/sick_annotated.txt,2235-num-1,2235-num-2,4.9
input-data/sick_annotated.txt,2236-num-1,2236-num-2,3.5
input-data/sick_annotated.txt,2237-num-1,2237-num-2,4.5
input-data/sick_annotated.txt,2238-num-1,2238-num-2,3.7
input-data/sick_annotated.txt,2239-num-1,2239-num-2,2.85
input-data/sick_annotated.txt,2240-num-1,2240-num-2,4
input-data/sick_annotated.txt,2241-num-1,2241-num-2,3.75
input-data/sick_annotated.txt,2242-num-1,2242-num-2,2.1
input-data/sick_annotated.txt,2243-num-1,2243-num-2,3.9
input-data/sick_annotated.txt,2244-num-1,2244-num-2,3.2
input-data/sick_annotated.txt,2245-num-1,2245-num-2,3.8
input-data/sick_annotated.txt,2246-num-1,2246-num-2,4.6
input-data/sick_annotated.txt,2247-num-1,2247-num-2,4
input-data/sick_annotated.txt,2248-num-1,2248-num-2,5
input-data/sick_annotated.txt,2249-num-1,2249-num-2,3.9
input-data/sick_annotated.txt,2250-num-1,2250-num-2,4.8
input-data/sick_annotated.txt,2251-num-1,2251-num-2,4
input-data/sick_annotated.txt,2252-num-1,2252-num-2,4.7
input-data/sick_annotated.txt,2253-num-1,2253-num-2,3.7
input-data/sick_annotated.txt,2254-num-1,2254-num-2,4.8
input-data/sick_annotated.txt,2255-num-1,2255-num-2,4.6
input-data/sick_annotated.txt,2256-num-1,2256-num-2,3.1
input-data/sick_annotated.txt,2257-num-1,2257-num-2,4.7
input-data/sick_annotated.txt,2258-num-1,2258-num-2,4.1
input-data/sick_annotated.txt,2259-num-1,2259-num-2,2.6
input-data/sick_annotated.txt,2260-num-1,2260-num-2,3.065
input-data/sick_annotated.txt,2261-num-1,2261-num-2,2.5
input-data/sick_annotated.txt,2262-num-1,2262-num-2,2.8
input-data/sick_annotated.txt,2263-num-1,2263-num-2,2.9
input-data/sick_annotated.txt,2265-num-1,2265-num-2,4
input-data/sick_annotated.txt,2266-num-1,2266-num-2,4.55
input-data/sick_annotated.txt,2267-num-1,2267-num-2,3.6
input-data/sick_annotated.txt,2268-num-1,2268-num-2,3.9
input-data/sick_annotated.txt,2269-num-1,2269-num-2,3.6
input-data/sick_annotated.txt,2270-num-1,2270-num-2,4.1
input-data/sick_annotated.txt,2271-num-1,2271-num-2,3.7
input-data/sick_annotated.txt,2272-num-1,2272-num-2,3.9
input-data/sick_annotated.txt,2273-num-1,2273-num-2,5
input-data/sick_annotated.txt,2274-num-1,2274-num-2,3.3
input-data/sick_annotated.txt,2275-num-1,2275-num-2,4.3
input-data/sick_annotated.txt,2276-num-1,2276-num-2,3
input-data/sick_annotated.txt,2277-num-1,2277-num-2,3.4
input-data/sick_annotated.txt,2278-num-1,2278-num-2,3.2
input-data/sick_annotated.txt,2279-num-1,2279-num-2,3.1
input-data/sick_annotated.txt,2280-num-1,2280-num-2,3.1
input-data/sick_annotated.txt,2281-num-1,2281-num-2,3.3
input-data/sick_annotated.txt,2282-num-1,2282-num-2,4.9
input-data/sick_annotated.txt,2283-num-1,2283-num-2,4.2
input-data/sick_annotated.txt,2284-num-1,2284-num-2,4.7
input-data/sick_annotated.txt,2285-num-1,2285-num-2,4
input-data/sick_annotated.txt,2286-num-1,2286-num-2,4.5
input-data/sick_annotated.txt,2287-num-1,2287-num-2,3.7
input-data/sick_annotated.txt,2288-num-1,2288-num-2,5
input-data/sick_annotated.txt,2289-num-1,2289-num-2,3.4
input-data/sick_annotated.txt,2290-num-1,2290-num-2,5
input-data/sick_annotated.txt,2291-num-1,2291-num-2,4.8
input-data/sick_annotated.txt,2292-num-1,2292-num-2,3.3
input-data/sick_annotated.txt,2293-num-1,2293-num-2,4.3
input-data/sick_annotated.txt,2294-num-1,2294-num-2,3.5
input-data/sick_annotated.txt,2295-num-1,2295-num-2,4.1
input-data/sick_annotated.txt,2296-num-1,2296-num-2,3.435
input-data/sick_annotated.txt,2297-num-1,2297-num-2,4.5
input-data/sick_annotated.txt,2298-num-1,2298-num-2,3.9
input-data/sick_annotated.txt,2299-num-1,2299-num-2,4.8
input-data/sick_annotated.txt,2300-num-1,2300-num-2,4.7
input-data/sick_annotated.txt,2301-num-1,2301-num-2,3.6
input-data/sick_annotated.txt,2302-num-1,2302-num-2,4.5
input-data/sick_annotated.txt,2303-num-1,2303-num-2,4.1
input-data/sick_annotated.txt,2304-num-1,2304-num-2,3.4
input-data/sick_annotated.txt,2305-num-1,2305-num-2,3.6
input-data/sick_annotated.txt,2306-num-1,2306-num-2,3.5
input-data/sick_annotated.txt,2307-num-1,2307-num-2,3.5
input-data/sick_annotated.txt,2308-num-1,2308-num-2,3.6
input-data/sick_annotated.txt,2309-num-1,2309-num-2,4.9
input-data/sick_annotated.txt,2310-num-1,2310-num-2,3.3
input-data/sick_annotated.txt,2311-num-1,2311-num-2,4.1
input-data/sick_annotated.txt,2312-num-1,2312-num-2,4.3
input-data/sick_annotated.txt,2313-num-1,2313-num-2,3
input-data/sick_annotated.txt,2314-num-1,2314-num-2,3.1
input-data/sick_annotated.txt,2315-num-1,2315-num-2,3.535
input-data/sick_annotated.txt,2316-num-1,2316-num-2,3.6
input-data/sick_annotated.txt,2317-num-1,2317-num-2,2.3
input-data/sick_annotated.txt,2318-num-1,2318-num-2,4.5
input-data/sick_annotated.txt,2319-num-1,2319-num-2,4.2
input-data/sick_annotated.txt,2320-num-1,2320-num-2,3.55
input-data/sick_annotated.txt,2321-num-1,2321-num-2,4.265
input-data/sick_annotated.txt,2322-num-1,2322-num-2,4.8
input-data/sick_annotated.txt,2324-num-1,2324-num-2,3.4
input-data/sick_annotated.txt,2325-num-1,2325-num-2,4.9
input-data/sick_annotated.txt,2326-num-1,2326-num-2,3.3
input-data/sick_annotated.txt,2327-num-1,2327-num-2,3.6
input-data/sick_annotated.txt,2328-num-1,2328-num-2,4.8
input-data/sick_annotated.txt,2329-num-1,2329-num-2,4
input-data/sick_annotated.txt,2330-num-1,2330-num-2,3.4
input-data/sick_annotated.txt,2332-num-1,2332-num-2,3.5
input-data/sick_annotated.txt,2335-num-1,2335-num-2,4.8
input-data/sick_annotated.txt,2336-num-1,2336-num-2,3.2
input-data/sick_annotated.txt,2337-num-1,2337-num-2,5
input-data/sick_annotated.txt,2338-num-1,2338-num-2,4.1
input-data/sick_annotated.txt,2339-num-1,2339-num-2,3.1
input-data/sick_annotated.txt,2340-num-1,2340-num-2,4
input-data/sick_annotated.txt,2341-num-1,2341-num-2,2.7
input-data/sick_annotated.txt,2342-num-1,2342-num-2,3.3
input-data/sick_annotated.txt,2343-num-1,2343-num-2,4.3
input-data/sick_annotated.txt,2344-num-1,2344-num-2,2.4
input-data/sick_annotated.txt,2345-num-1,2345-num-2,4.4
input-data/sick_annotated.txt,2346-num-1,2346-num-2,5
input-data/sick_annotated.txt,2347-num-1,2347-num-2,3.9
input-data/sick_annotated.txt,2348-num-1,2348-num-2,3
input-data/sick_annotated.txt,2349-num-1,2349-num-2,4.8
input-data/sick_annotated.txt,2350-num-1,2350-num-2,3.4
input-data/sick_annotated.txt,2351-num-1,2351-num-2,2.6
input-data/sick_annotated.txt,2352-num-1,2352-num-2,2.6
input-data/sick_annotated.txt,2353-num-1,2353-num-2,3.6
input-data/sick_annotated.txt,2354-num-1,2354-num-2,2.4
input-data/sick_annotated.txt,2355-num-1,2355-num-2,2.2
input-data/sick_annotated.txt,2356-num-1,2356-num-2,3.7
input-data/sick_annotated.txt,2357-num-1,2357-num-2,4.8
input-data/sick_annotated.txt,2358-num-1,2358-num-2,3.6
input-data/sick_annotated.txt,2359-num-1,2359-num-2,3.3
input-data/sick_annotated.txt,2360-num-1,2360-num-2,4.5
input-data/sick_annotated.txt,2361-num-1,2361-num-2,3.1
input-data/sick_annotated.txt,2362-num-1,2362-num-2,3.8
input-data/sick_annotated.txt,2363-num-1,2363-num-2,3.9
input-data/sick_annotated.txt,2364-num-1,2364-num-2,4.2
input-data/sick_annotated.txt,2365-num-1,2365-num-2,3.1
input-data/sick_annotated.txt,2366-num-1,2366-num-2,3.3
input-data/sick_annotated.txt,2367-num-1,2367-num-2,4.1
input-data/sick_annotated.txt,2368-num-1,2368-num-2,4.9
input-data/sick_annotated.txt,2370-num-1,2370-num-2,4.9
input-data/sick_annotated.txt,2371-num-1,2371-num-2,4.2
input-data/sick_annotated.txt,2372-num-1,2372-num-2,4.3
input-data/sick_annotated.txt,2373-num-1,2373-num-2,3.8
input-data/sick_annotated.txt,2374-num-1,2374-num-2,4.1
input-data/sick_annotated.txt,2375-num-1,2375-num-2,4.2
input-data/sick_annotated.txt,2376-num-1,2376-num-2,4.6
input-data/sick_annotated.txt,2377-num-1,2377-num-2,4.7
input-data/sick_annotated.txt,2378-num-1,2378-num-2,3.4
input-data/sick_annotated.txt,2379-num-1,2379-num-2,5
input-data/sick_annotated.txt,2380-num-1,2380-num-2,3.5
input-data/sick_annotated.txt,2381-num-1,2381-num-2,3.2
input-data/sick_annotated.txt,2382-num-1,2382-num-2,2.7
input-data/sick_annotated.txt,2383-num-1,2383-num-2,2.9
input-data/sick_annotated.txt,2384-num-1,2384-num-2,2.5
input-data/sick_annotated.txt,2385-num-1,2385-num-2,3.4
input-data/sick_annotated.txt,2386-num-1,2386-num-2,4.2
input-data/sick_annotated.txt,2387-num-1,2387-num-2,4.1
input-data/sick_annotated.txt,2388-num-1,2388-num-2,3.7
input-data/sick_annotated.txt,2389-num-1,2389-num-2,4.3
input-data/sick_annotated.txt,2390-num-1,2390-num-2,2.9
input-data/sick_annotated.txt,2391-num-1,2391-num-2,4.6
input-data/sick_annotated.txt,2392-num-1,2392-num-2,2.7
input-data/sick_annotated.txt,2393-num-1,2393-num-2,4.3
input-data/sick_annotated.txt,2394-num-1,2394-num-2,3.6
input-data/sick_annotated.txt,2395-num-1,2395-num-2,3.8
input-data/sick_annotated.txt,2396-num-1,2396-num-2,5
input-data/sick_annotated.txt,2397-num-1,2397-num-2,5
input-data/sick_annotated.txt,2398-num-1,2398-num-2,3.4
input-data/sick_annotated.txt,2399-num-1,2399-num-2,4.7
input-data/sick_annotated.txt,2400-num-1,2400-num-2,3.7
input-data/sick_annotated.txt,2401-num-1,2401-num-2,4.5
input-data/sick_annotated.txt,2402-num-1,2402-num-2,3.5
input-data/sick_annotated.txt,2403-num-1,2403-num-2,4.4
input-data/sick_annotated.txt,2404-num-1,2404-num-2,3
input-data/sick_annotated.txt,2405-num-1,2405-num-2,4.7
input-data/sick_annotated.txt,2406-num-1,2406-num-2,5
input-data/sick_annotated.txt,2407-num-1,2407-num-2,3.2
input-data/sick_annotated.txt,2408-num-1,2408-num-2,4.8
input-data/sick_annotated.txt,2409-num-1,2409-num-2,3.3
input-data/sick_annotated.txt,2410-num-1,2410-num-2,1.3
input-data/sick_annotated.txt,2411-num-1,2411-num-2,1.6
input-data/sick_annotated.txt,2412-num-1,2412-num-2,2.2
input-data/sick_annotated.txt,2413-num-1,2413-num-2,1.4
input-data/sick_annotated.txt,2414-num-1,2414-num-2,2.2
input-data/sick_annotated.txt,2415-num-1,2415-num-2,4.9
input-data/sick_annotated.txt,2416-num-1,2416-num-2,3.9
input-data/sick_annotated.txt,2417-num-1,2417-num-2,4.5
input-data/sick_annotated.txt,2418-num-1,2418-num-2,4.7
input-data/sick_annotated.txt,2419-num-1,2419-num-2,3.7
input-data/sick_annotated.txt,2420-num-1,2420-num-2,4.3
input-data/sick_annotated.txt,2421-num-1,2421-num-2,3.6
input-data/sick_annotated.txt,2422-num-1,2422-num-2,3.835
input-data/sick_annotated.txt,2423-num-1,2423-num-2,3.8
input-data/sick_annotated.txt,2424-num-1,2424-num-2,4
input-data/sick_annotated.txt,2425-num-1,2425-num-2,4.25
input-data/sick_annotated.txt,2426-num-1,2426-num-2,4.1
input-data/sick_annotated.txt,2427-num-1,2427-num-2,2.4
input-data/sick_annotated.txt,2428-num-1,2428-num-2,4.7
input-data/sick_annotated.txt,2429-num-1,2429-num-2,3.4
input-data/sick_annotated.txt,2430-num-1,2430-num-2,4.4
input-data/sick_annotated.txt,2431-num-1,2431-num-2,3.6
input-data/sick_annotated.txt,2432-num-1,2432-num-2,3.3
input-data/sick_annotated.txt,2433-num-1,2433-num-2,2.7
input-data/sick_annotated.txt,2434-num-1,2434-num-2,4.5
input-data/sick_annotated.txt,2435-num-1,2435-num-2,4.7
input-data/sick_annotated.txt,2436-num-1,2436-num-2,1.8
input-data/sick_annotated.txt,2437-num-1,2437-num-2,4.3
input-data/sick_annotated.txt,2438-num-1,2438-num-2,4.6
input-data/sick_annotated.txt,2439-num-1,2439-num-2,2.9
input-data/sick_annotated.txt,2440-num-1,2440-num-2,4.7
input-data/sick_annotated.txt,2441-num-1,2441-num-2,2.9
input-data/sick_annotated.txt,2442-num-1,2442-num-2,4.2
input-data/sick_annotated.txt,2443-num-1,2443-num-2,1.5
input-data/sick_annotated.txt,2444-num-1,2444-num-2,3.5
input-data/sick_annotated.txt,2445-num-1,2445-num-2,4.5
input-data/sick_annotated.txt,2446-num-1,2446-num-2,4.5
input-data/sick_annotated.txt,2447-num-1,2447-num-2,3.5
input-data/sick_annotated.txt,2448-num-1,2448-num-2,2.9
input-data/sick_annotated.txt,2449-num-1,2449-num-2,4.8
input-data/sick_annotated.txt,2450-num-1,2450-num-2,3.6
input-data/sick_annotated.txt,2451-num-1,2451-num-2,2.1
input-data/sick_annotated.txt,2452-num-1,2452-num-2,4.8
input-data/sick_annotated.txt,2453-num-1,2453-num-2,3.7
input-data/sick_annotated.txt,2454-num-1,2454-num-2,2.1
input-data/sick_annotated.txt,2455-num-1,2455-num-2,4.2
input-data/sick_annotated.txt,2456-num-1,2456-num-2,3.215
input-data/sick_annotated.txt,2457-num-1,2457-num-2,2.8
input-data/sick_annotated.txt,2458-num-1,2458-num-2,4.1
input-data/sick_annotated.txt,2459-num-1,2459-num-2,5
input-data/sick_annotated.txt,2460-num-1,2460-num-2,3
input-data/sick_annotated.txt,2461-num-1,2461-num-2,4.3
input-data/sick_annotated.txt,2462-num-1,2462-num-2,3.8
input-data/sick_annotated.txt,2463-num-1,2463-num-2,4.2
input-data/sick_annotated.txt,2464-num-1,2464-num-2,3.2
input-data/sick_annotated.txt,2465-num-1,2465-num-2,4.6
input-data/sick_annotated.txt,2466-num-1,2466-num-2,2.865
input-data/sick_annotated.txt,2467-num-1,2467-num-2,4.4
input-data/sick_annotated.txt,2468-num-1,2468-num-2,4.6
input-data/sick_annotated.txt,2469-num-1,2469-num-2,3.8
input-data/sick_annotated.txt,2470-num-1,2470-num-2,4.9
input-data/sick_annotated.txt,2471-num-1,2471-num-2,3.9
input-data/sick_annotated.txt,2472-num-1,2472-num-2,4.8
input-data/sick_annotated.txt,2473-num-1,2473-num-2,2.3
input-data/sick_annotated.txt,2474-num-1,2474-num-2,4.7
input-data/sick_annotated.txt,2475-num-1,2475-num-2,2.1
input-data/sick_annotated.txt,2476-num-1,2476-num-2,4.7
input-data/sick_annotated.txt,2477-num-1,2477-num-2,4.3
input-data/sick_annotated.txt,2478-num-1,2478-num-2,4.1
input-data/sick_annotated.txt,2479-num-1,2479-num-2,4.9
input-data/sick_annotated.txt,2480-num-1,2480-num-2,3.2
input-data/sick_annotated.txt,2481-num-1,2481-num-2,3
input-data/sick_annotated.txt,2482-num-1,2482-num-2,3.2
input-data/sick_annotated.txt,2483-num-1,2483-num-2,2.4
input-data/sick_annotated.txt,2484-num-1,2484-num-2,2
input-data/sick_annotated.txt,2485-num-1,2485-num-2,2.2
input-data/sick_annotated.txt,2486-num-1,2486-num-2,4.6
input-data/sick_annotated.txt,2487-num-1,2487-num-2,3.3
input-data/sick_annotated.txt,2489-num-1,2489-num-2,3.3
input-data/sick_annotated.txt,2490-num-1,2490-num-2,2.7
input-data/sick_annotated.txt,2491-num-1,2491-num-2,2.3
input-data/sick_annotated.txt,2492-num-1,2492-num-2,2.3
input-data/sick_annotated.txt,2493-num-1,2493-num-2,2.8
input-data/sick_annotated.txt,2495-num-1,2495-num-2,4.5
input-data/sick_annotated.txt,2496-num-1,2496-num-2,3.15
input-data/sick_annotated.txt,2497-num-1,2497-num-2,3.1
input-data/sick_annotated.txt,2498-num-1,2498-num-2,4.9
input-data/sick_annotated.txt,2499-num-1,2499-num-2,3.3
input-data/sick_annotated.txt,2500-num-1,2500-num-2,1.6
input-data/sick_annotated.txt,2501-num-1,2501-num-2,1.3
input-data/sick_annotated.txt,2502-num-1,2502-num-2,1.6
input-data/sick_annotated.txt,2503-num-1,2503-num-2,1
input-data/sick_annotated.txt,2504-num-1,2504-num-2,1
input-data/sick_annotated.txt,2505-num-1,2505-num-2,1.6
input-data/sick_annotated.txt,2506-num-1,2506-num-2,4.8
input-data/sick_annotated.txt,2507-num-1,2507-num-2,3.7
input-data/sick_annotated.txt,2508-num-1,2508-num-2,3.9
input-data/sick_annotated.txt,2509-num-1,2509-num-2,5
input-data/sick_annotated.txt,2510-num-1,2510-num-2,3.8
input-data/sick_annotated.txt,2511-num-1,2511-num-2,4.1
input-data/sick_annotated.txt,2512-num-1,2512-num-2,3.7
input-data/sick_annotated.txt,2513-num-1,2513-num-2,4.335
input-data/sick_annotated.txt,2514-num-1,2514-num-2,3.4
input-data/sick_annotated.txt,2515-num-1,2515-num-2,3.3
input-data/sick_annotated.txt,2516-num-1,2516-num-2,4.4
input-data/sick_annotated.txt,2517-num-1,2517-num-2,4.465
input-data/sick_annotated.txt,2518-num-1,2518-num-2,4.15
input-data/sick_annotated.txt,2519-num-1,2519-num-2,4.8
input-data/sick_annotated.txt,2520-num-1,2520-num-2,3.6
input-data/sick_annotated.txt,2521-num-1,2521-num-2,4
input-data/sick_annotated.txt,2522-num-1,2522-num-2,4.1
input-data/sick_annotated.txt,2523-num-1,2523-num-2,4.4
input-data/sick_annotated.txt,2524-num-1,2524-num-2,2.9
input-data/sick_annotated.txt,2525-num-1,2525-num-2,3.8
input-data/sick_annotated.txt,2526-num-1,2526-num-2,4.1
input-data/sick_annotated.txt,2527-num-1,2527-num-2,4.2
input-data/sick_annotated.txt,2528-num-1,2528-num-2,4.6
input-data/sick_annotated.txt,2529-num-1,2529-num-2,3.8
input-data/sick_annotated.txt,2530-num-1,2530-num-2,5
input-data/sick_annotated.txt,2531-num-1,2531-num-2,2.7
input-data/sick_annotated.txt,2532-num-1,2532-num-2,4.6
input-data/sick_annotated.txt,2533-num-1,2533-num-2,3.8
input-data/sick_annotated.txt,2534-num-1,2534-num-2,4.7
input-data/sick_annotated.txt,2535-num-1,2535-num-2,2.5
input-data/sick_annotated.txt,2536-num-1,2536-num-2,4.4
input-data/sick_annotated.txt,2537-num-1,2537-num-2,4.8
input-data/sick_annotated.txt,2538-num-1,2538-num-2,3.9
input-data/sick_annotated.txt,2539-num-1,2539-num-2,4.6
input-data/sick_annotated.txt,2540-num-1,2540-num-2,4.085
input-data/sick_annotated.txt,2541-num-1,2541-num-2,3.8
input-data/sick_annotated.txt,2542-num-1,2542-num-2,3.7
input-data/sick_annotated.txt,2543-num-1,2543-num-2,4.6
input-data/sick_annotated.txt,2544-num-1,2544-num-2,3.1
input-data/sick_annotated.txt,2545-num-1,2545-num-2,4.1
input-data/sick_annotated.txt,2546-num-1,2546-num-2,4.4
input-data/sick_annotated.txt,2547-num-1,2547-num-2,2.8
input-data/sick_annotated.txt,2548-num-1,2548-num-2,4.9
input-data/sick_annotated.txt,2549-num-1,2549-num-2,3.5
input-data/sick_annotated.txt,2550-num-1,2550-num-2,4.5
input-data/sick_annotated.txt,2551-num-1,2551-num-2,2.6
input-data/sick_annotated.txt,2552-num-1,2552-num-2,4.4
input-data/sick_annotated.txt,2553-num-1,2553-num-2,3.6
input-data/sick_annotated.txt,2554-num-1,2554-num-2,4.4
input-data/sick_annotated.txt,2555-num-1,2555-num-2,4.9
input-data/sick_annotated.txt,2556-num-1,2556-num-2,3.4
input-data/sick_annotated.txt,2557-num-1,2557-num-2,4.5
input-data/sick_annotated.txt,2558-num-1,2558-num-2,3.4
input-data/sick_annotated.txt,2559-num-1,2559-num-2,4
input-data/sick_annotated.txt,2560-num-1,2560-num-2,3.2
input-data/sick_annotated.txt,2561-num-1,2561-num-2,4.6
input-data/sick_annotated.txt,2562-num-1,2562-num-2,3.1
input-data/sick_annotated.txt,2563-num-1,2563-num-2,4.6
input-data/sick_annotated.txt,2564-num-1,2564-num-2,4.3
input-data/sick_annotated.txt,2565-num-1,2565-num-2,3.8
input-data/sick_annotated.txt,2566-num-1,2566-num-2,4.6
input-data/sick_annotated.txt,2567-num-1,2567-num-2,2.8
input-data/sick_annotated.txt,2568-num-1,2568-num-2,2.9
input-data/sick_annotated.txt,2569-num-1,2569-num-2,1.7
input-data/sick_annotated.txt,2570-num-1,2570-num-2,2.4
input-data/sick_annotated.txt,2571-num-1,2571-num-2,2.9
input-data/sick_annotated.txt,2572-num-1,2572-num-2,2.8
input-data/sick_annotated.txt,2573-num-1,2573-num-2,4.9
input-data/sick_annotated.txt,2574-num-1,2574-num-2,4
input-data/sick_annotated.txt,2575-num-1,2575-num-2,5
input-data/sick_annotated.txt,2576-num-1,2576-num-2,3.4
input-data/sick_annotated.txt,2577-num-1,2577-num-2,4.3
input-data/sick_annotated.txt,2578-num-1,2578-num-2,3.5
input-data/sick_annotated.txt,2579-num-1,2579-num-2,4.1
input-data/sick_annotated.txt,2580-num-1,2580-num-2,4.2
input-data/sick_annotated.txt,2581-num-1,2581-num-2,4.4
input-data/sick_annotated.txt,2582-num-1,2582-num-2,3.7
input-data/sick_annotated.txt,2583-num-1,2583-num-2,3.3
input-data/sick_annotated.txt,2584-num-1,2584-num-2,4.7
input-data/sick_annotated.txt,2585-num-1,2585-num-2,4.1
input-data/sick_annotated.txt,2586-num-1,2586-num-2,4.7
input-data/sick_annotated.txt,2587-num-1,2587-num-2,4.1
input-data/sick_annotated.txt,2588-num-1,2588-num-2,4.2
input-data/sick_annotated.txt,2589-num-1,2589-num-2,3.5
input-data/sick_annotated.txt,2590-num-1,2590-num-2,4.8
input-data/sick_annotated.txt,2591-num-1,2591-num-2,4.8
input-data/sick_annotated.txt,2592-num-1,2592-num-2,4.4
input-data/sick_annotated.txt,2593-num-1,2593-num-2,3.965
input-data/sick_annotated.txt,2594-num-1,2594-num-2,3.4
input-data/sick_annotated.txt,2595-num-1,2595-num-2,5
input-data/sick_annotated.txt,2596-num-1,2596-num-2,3.8
input-data/sick_annotated.txt,2597-num-1,2597-num-2,2.9
input-data/sick_annotated.txt,2598-num-1,2598-num-2,4.2
input-data/sick_annotated.txt,2599-num-1,2599-num-2,4.4
input-data/sick_annotated.txt,2600-num-1,2600-num-2,3.7
input-data/sick_annotated.txt,2601-num-1,2601-num-2,3.9
input-data/sick_annotated.txt,2602-num-1,2602-num-2,5
input-data/sick_annotated.txt,2603-num-1,2603-num-2,3.9
input-data/sick_annotated.txt,2604-num-1,2604-num-2,4.8
input-data/sick_annotated.txt,2605-num-1,2605-num-2,4
input-data/sick_annotated.txt,2606-num-1,2606-num-2,3.9
input-data/sick_annotated.txt,2607-num-1,2607-num-2,4.2
input-data/sick_annotated.txt,2608-num-1,2608-num-2,3.2
input-data/sick_annotated.txt,2609-num-1,2609-num-2,3.4
input-data/sick_annotated.txt,2610-num-1,2610-num-2,4.6
input-data/sick_annotated.txt,2611-num-1,2611-num-2,2.5
input-data/sick_annotated.txt,2612-num-1,2612-num-2,4.4
input-data/sick_annotated.txt,2613-num-1,2613-num-2,4.6
input-data/sick_annotated.txt,2614-num-1,2614-num-2,3.5
input-data/sick_annotated.txt,2615-num-1,2615-num-2,5
input-data/sick_annotated.txt,2616-num-1,2616-num-2,3.2
input-data/sick_annotated.txt,2617-num-1,2617-num-2,4.7
input-data/sick_annotated.txt,2618-num-1,2618-num-2,3
input-data/sick_annotated.txt,2619-num-1,2619-num-2,4.5
input-data/sick_annotated.txt,2620-num-1,2620-num-2,3.2
input-data/sick_annotated.txt,2621-num-1,2621-num-2,4.6
input-data/sick_annotated.txt,2622-num-1,2622-num-2,4.9
input-data/sick_annotated.txt,2623-num-1,2623-num-2,1.9
input-data/sick_annotated.txt,2624-num-1,2624-num-2,3.9
input-data/sick_annotated.txt,2625-num-1,2625-num-2,4.9
input-data/sick_annotated.txt,2626-num-1,2626-num-2,3.9
input-data/sick_annotated.txt,2627-num-1,2627-num-2,5
input-data/sick_annotated.txt,2628-num-1,2628-num-2,3.6
input-data/sick_annotated.txt,2629-num-1,2629-num-2,4.9
input-data/sick_annotated.txt,2630-num-1,2630-num-2,1.6
input-data/sick_annotated.txt,2631-num-1,2631-num-2,4.5
input-data/sick_annotated.txt,2632-num-1,2632-num-2,4.7
input-data/sick_annotated.txt,2633-num-1,2633-num-2,4.6
input-data/sick_annotated.txt,2634-num-1,2634-num-2,2.6
input-data/sick_annotated.txt,2635-num-1,2635-num-2,4.7
input-data/sick_annotated.txt,2636-num-1,2636-num-2,3
input-data/sick_annotated.txt,2637-num-1,2637-num-2,3.9
input-data/sick_annotated.txt,2638-num-1,2638-num-2,4
input-data/sick_annotated.txt,2639-num-1,2639-num-2,3.1
input-data/sick_annotated.txt,2640-num-1,2640-num-2,2.9
input-data/sick_annotated.txt,2641-num-1,2641-num-2,4.4
input-data/sick_annotated.txt,2642-num-1,2642-num-2,2.3
input-data/sick_annotated.txt,2643-num-1,2643-num-2,4.3
input-data/sick_annotated.txt,2644-num-1,2644-num-2,5
input-data/sick_annotated.txt,2645-num-1,2645-num-2,3.7
input-data/sick_annotated.txt,2646-num-1,2646-num-2,4.9
input-data/sick_annotated.txt,2647-num-1,2647-num-2,4.3
input-data/sick_annotated.txt,2648-num-1,2648-num-2,2.3
input-data/sick_annotated.txt,2649-num-1,2649-num-2,3.4
input-data/sick_annotated.txt,2650-num-1,2650-num-2,3
input-data/sick_annotated.txt,2651-num-1,2651-num-2,2.5
input-data/sick_annotated.txt,2652-num-1,2652-num-2,3
input-data/sick_annotated.txt,2653-num-1,2653-num-2,4.9
input-data/sick_annotated.txt,2654-num-1,2654-num-2,2.9
input-data/sick_annotated.txt,2655-num-1,2655-num-2,4.3
input-data/sick_annotated.txt,2656-num-1,2656-num-2,4.1
input-data/sick_annotated.txt,2657-num-1,2657-num-2,3.4
input-data/sick_annotated.txt,2658-num-1,2658-num-2,3.2
input-data/sick_annotated.txt,2659-num-1,2659-num-2,1.9
input-data/sick_annotated.txt,2660-num-1,2660-num-2,1.7
input-data/sick_annotated.txt,2661-num-1,2661-num-2,1.865
input-data/sick_annotated.txt,2662-num-1,2662-num-2,2.335
input-data/sick_annotated.txt,2663-num-1,2663-num-2,1.9
input-data/sick_annotated.txt,2664-num-1,2664-num-2,4.9
input-data/sick_annotated.txt,2665-num-1,2665-num-2,3
input-data/sick_annotated.txt,2666-num-1,2666-num-2,4.8
input-data/sick_annotated.txt,2667-num-1,2667-num-2,3.8
input-data/sick_annotated.txt,2668-num-1,2668-num-2,3.1
input-data/sick_annotated.txt,2669-num-1,2669-num-2,3.7
input-data/sick_annotated.txt,2670-num-1,2670-num-2,3.7
input-data/sick_annotated.txt,2671-num-1,2671-num-2,3.5
input-data/sick_annotated.txt,2672-num-1,2672-num-2,3.5
input-data/sick_annotated.txt,2673-num-1,2673-num-2,4.8
input-data/sick_annotated.txt,2674-num-1,2674-num-2,4.1
input-data/sick_annotated.txt,2675-num-1,2675-num-2,4.7
input-data/sick_annotated.txt,2676-num-1,2676-num-2,3.6
input-data/sick_annotated.txt,2677-num-1,2677-num-2,3
input-data/sick_annotated.txt,2678-num-1,2678-num-2,4.1
input-data/sick_annotated.txt,2679-num-1,2679-num-2,3.4
input-data/sick_annotated.txt,2680-num-1,2680-num-2,2.7
input-data/sick_annotated.txt,2681-num-1,2681-num-2,4.2
input-data/sick_annotated.txt,2682-num-1,2682-num-2,3
input-data/sick_annotated.txt,2683-num-1,2683-num-2,4.2
input-data/sick_annotated.txt,2684-num-1,2684-num-2,4.9
input-data/sick_annotated.txt,2685-num-1,2685-num-2,3.7
input-data/sick_annotated.txt,2686-num-1,2686-num-2,4.9
input-data/sick_annotated.txt,2687-num-1,2687-num-2,3
input-data/sick_annotated.txt,2688-num-1,2688-num-2,3.5
input-data/sick_annotated.txt,2689-num-1,2689-num-2,3.5
input-data/sick_annotated.txt,2690-num-1,2690-num-2,2.8
input-data/sick_annotated.txt,2691-num-1,2691-num-2,3.1
input-data/sick_annotated.txt,2692-num-1,2692-num-2,3.1
input-data/sick_annotated.txt,2693-num-1,2693-num-2,4.7
input-data/sick_annotated.txt,2694-num-1,2694-num-2,3.2
input-data/sick_annotated.txt,2695-num-1,2695-num-2,4.5
input-data/sick_annotated.txt,2696-num-1,2696-num-2,4
input-data/sick_annotated.txt,2697-num-1,2697-num-2,4.3
input-data/sick_annotated.txt,2698-num-1,2698-num-2,4.3
input-data/sick_annotated.txt,2699-num-1,2699-num-2,4.3
input-data/sick_annotated.txt,2700-num-1,2700-num-2,3.3
input-data/sick_annotated.txt,2701-num-1,2701-num-2,4.3
input-data/sick_annotated.txt,2702-num-1,2702-num-2,5
input-data/sick_annotated.txt,2703-num-1,2703-num-2,3.8
input-data/sick_annotated.txt,2704-num-1,2704-num-2,5
input-data/sick_annotated.txt,2705-num-1,2705-num-2,3.3
input-data/sick_annotated.txt,2706-num-1,2706-num-2,4.4
input-data/sick_annotated.txt,2707-num-1,2707-num-2,3.4
input-data/sick_annotated.txt,2708-num-1,2708-num-2,4.6
input-data/sick_annotated.txt,2709-num-1,2709-num-2,2.9
input-data/sick_annotated.txt,2710-num-1,2710-num-2,4.3
input-data/sick_annotated.txt,2711-num-1,2711-num-2,4.8
input-data/sick_annotated.txt,2712-num-1,2712-num-2,4.3
input-data/sick_annotated.txt,2713-num-1,2713-num-2,4.5
input-data/sick_annotated.txt,2714-num-1,2714-num-2,3.7
input-data/sick_annotated.txt,2715-num-1,2715-num-2,3.65
input-data/sick_annotated.txt,2716-num-1,2716-num-2,2.8
input-data/sick_annotated.txt,2717-num-1,2717-num-2,3.4
input-data/sick_annotated.txt,2718-num-1,2718-num-2,4.2
input-data/sick_annotated.txt,2719-num-1,2719-num-2,3.5
input-data/sick_annotated.txt,2720-num-1,2720-num-2,3
input-data/sick_annotated.txt,2721-num-1,2721-num-2,4
input-data/sick_annotated.txt,2722-num-1,2722-num-2,5
input-data/sick_annotated.txt,2723-num-1,2723-num-2,3.2
input-data/sick_annotated.txt,2724-num-1,2724-num-2,4.615
input-data/sick_annotated.txt,2725-num-1,2725-num-2,3.565
input-data/sick_annotated.txt,2726-num-1,2726-num-2,2.7
input-data/sick_annotated.txt,2727-num-1,2727-num-2,2.6
input-data/sick_annotated.txt,2728-num-1,2728-num-2,1.7
input-data/sick_annotated.txt,2729-num-1,2729-num-2,1.6
input-data/sick_annotated.txt,2730-num-1,2730-num-2,1.8
input-data/sick_annotated.txt,2731-num-1,2731-num-2,2.1
input-data/sick_annotated.txt,2732-num-1,2732-num-2,1.9
input-data/sick_annotated.txt,2733-num-1,2733-num-2,4.9
input-data/sick_annotated.txt,2734-num-1,2734-num-2,3.6
input-data/sick_annotated.txt,2735-num-1,2735-num-2,4.8
input-data/sick_annotated.txt,2736-num-1,2736-num-2,3.2
input-data/sick_annotated.txt,2737-num-1,2737-num-2,3.4
input-data/sick_annotated.txt,2738-num-1,2738-num-2,3
input-data/sick_annotated.txt,2739-num-1,2739-num-2,3.5
input-data/sick_annotated.txt,2740-num-1,2740-num-2,2.6
input-data/sick_annotated.txt,2741-num-1,2741-num-2,3.6
input-data/sick_annotated.txt,2742-num-1,2742-num-2,4.9
input-data/sick_annotated.txt,2743-num-1,2743-num-2,3.8
input-data/sick_annotated.txt,2744-num-1,2744-num-2,5
input-data/sick_annotated.txt,2745-num-1,2745-num-2,3.6
input-data/sick_annotated.txt,2746-num-1,2746-num-2,4.4
input-data/sick_annotated.txt,2747-num-1,2747-num-2,2.8
input-data/sick_annotated.txt,2748-num-1,2748-num-2,4.4
input-data/sick_annotated.txt,2749-num-1,2749-num-2,3.6
input-data/sick_annotated.txt,2750-num-1,2750-num-2,4.7
input-data/sick_annotated.txt,2751-num-1,2751-num-2,4.7
input-data/sick_annotated.txt,2752-num-1,2752-num-2,4.1
input-data/sick_annotated.txt,2753-num-1,2753-num-2,4.7
input-data/sick_annotated.txt,2754-num-1,2754-num-2,3
input-data/sick_annotated.txt,2755-num-1,2755-num-2,4.1
input-data/sick_annotated.txt,2756-num-1,2756-num-2,2.9
input-data/sick_annotated.txt,2757-num-1,2757-num-2,4.3
input-data/sick_annotated.txt,2758-num-1,2758-num-2,3.1
input-data/sick_annotated.txt,2759-num-1,2759-num-2,4.165
input-data/sick_annotated.txt,2760-num-1,2760-num-2,4
input-data/sick_annotated.txt,2761-num-1,2761-num-2,3.3
input-data/sick_annotated.txt,2762-num-1,2762-num-2,4.8
input-data/sick_annotated.txt,2763-num-1,2763-num-2,3.4
input-data/sick_annotated.txt,2764-num-1,2764-num-2,2.8
input-data/sick_annotated.txt,2765-num-1,2765-num-2,3.3
input-data/sick_annotated.txt,2766-num-1,2766-num-2,2.6
input-data/sick_annotated.txt,2767-num-1,2767-num-2,3
input-data/sick_annotated.txt,2768-num-1,2768-num-2,3.4
input-data/sick_annotated.txt,2769-num-1,2769-num-2,4.9
input-data/sick_annotated.txt,2770-num-1,2770-num-2,3.6
input-data/sick_annotated.txt,2771-num-1,2771-num-2,3.515
input-data/sick_annotated.txt,2772-num-1,2772-num-2,5
input-data/sick_annotated.txt,2773-num-1,2773-num-2,3.2
input-data/sick_annotated.txt,2774-num-1,2774-num-2,4.3
input-data/sick_annotated.txt,2775-num-1,2775-num-2,3.1
input-data/sick_annotated.txt,2776-num-1,2776-num-2,4.2
input-data/sick_annotated.txt,2777-num-1,2777-num-2,3.8
input-data/sick_annotated.txt,2778-num-1,2778-num-2,3.9
input-data/sick_annotated.txt,2779-num-1,2779-num-2,4.2
input-data/sick_annotated.txt,2780-num-1,2780-num-2,4.9
input-data/sick_annotated.txt,2781-num-1,2781-num-2,3.8
input-data/sick_annotated.txt,2782-num-1,2782-num-2,4.8
input-data/sick_annotated.txt,2783-num-1,2783-num-2,3.8
input-data/sick_annotated.txt,2784-num-1,2784-num-2,4.715
input-data/sick_annotated.txt,2785-num-1,2785-num-2,2.6
input-data/sick_annotated.txt,2786-num-1,2786-num-2,4.5
input-data/sick_annotated.txt,2787-num-1,2787-num-2,3.6
input-data/sick_annotated.txt,2788-num-1,2788-num-2,4.4
input-data/sick_annotated.txt,2789-num-1,2789-num-2,5
input-data/sick_annotated.txt,2790-num-1,2790-num-2,4.4
input-data/sick_annotated.txt,2791-num-1,2791-num-2,4.8
input-data/sick_annotated.txt,2792-num-1,2792-num-2,3.2
input-data/sick_annotated.txt,2793-num-1,2793-num-2,4.4
input-data/sick_annotated.txt,2794-num-1,2794-num-2,2.8
input-data/sick_annotated.txt,2795-num-1,2795-num-2,4.5
input-data/sick_annotated.txt,2796-num-1,2796-num-2,3.6
input-data/sick_annotated.txt,2797-num-1,2797-num-2,4.6
input-data/sick_annotated.txt,2798-num-1,2798-num-2,4.5
input-data/sick_annotated.txt,2799-num-1,2799-num-2,2.8
input-data/sick_annotated.txt,2800-num-1,2800-num-2,5
input-data/sick_annotated.txt,2801-num-1,2801-num-2,3.335
input-data/sick_annotated.txt,2802-num-1,2802-num-2,3.2
input-data/sick_annotated.txt,2803-num-1,2803-num-2,2.7
input-data/sick_annotated.txt,2804-num-1,2804-num-2,2.3
input-data/sick_annotated.txt,2805-num-1,2805-num-2,1.6
input-data/sick_annotated.txt,2806-num-1,2806-num-2,1.9
input-data/sick_annotated.txt,2807-num-1,2807-num-2,4.9
input-data/sick_annotated.txt,2808-num-1,2808-num-2,3.8
input-data/sick_annotated.txt,2809-num-1,2809-num-2,4.7
input-data/sick_annotated.txt,2810-num-1,2810-num-2,3.9
input-data/sick_annotated.txt,2811-num-1,2811-num-2,4.3
input-data/sick_annotated.txt,2812-num-1,2812-num-2,2.7
input-data/sick_annotated.txt,2813-num-1,2813-num-2,4.1
input-data/sick_annotated.txt,2814-num-1,2814-num-2,2.7
input-data/sick_annotated.txt,2815-num-1,2815-num-2,4.4
input-data/sick_annotated.txt,2816-num-1,2816-num-2,4.7
input-data/sick_annotated.txt,2817-num-1,2817-num-2,3.6
input-data/sick_annotated.txt,2818-num-1,2818-num-2,3.7
input-data/sick_annotated.txt,2819-num-1,2819-num-2,4.5
input-data/sick_annotated.txt,2820-num-1,2820-num-2,3.9
input-data/sick_annotated.txt,2821-num-1,2821-num-2,2.4
input-data/sick_annotated.txt,2822-num-1,2822-num-2,2.7
input-data/sick_annotated.txt,2823-num-1,2823-num-2,2.2
input-data/sick_annotated.txt,2824-num-1,2824-num-2,2.9
input-data/sick_annotated.txt,2825-num-1,2825-num-2,2.4
input-data/sick_annotated.txt,2826-num-1,2826-num-2,3.3
input-data/sick_annotated.txt,2827-num-1,2827-num-2,4.9
input-data/sick_annotated.txt,2828-num-1,2828-num-2,3.7
input-data/sick_annotated.txt,2829-num-1,2829-num-2,5
input-data/sick_annotated.txt,2830-num-1,2830-num-2,4.1
input-data/sick_annotated.txt,2831-num-1,2831-num-2,4.4
input-data/sick_annotated.txt,2832-num-1,2832-num-2,3.8
input-data/sick_annotated.txt,2833-num-1,2833-num-2,4.4
input-data/sick_annotated.txt,2834-num-1,2834-num-2,3.3
input-data/sick_annotated.txt,2835-num-1,2835-num-2,4.1
input-data/sick_annotated.txt,2836-num-1,2836-num-2,4.5
input-data/sick_annotated.txt,2837-num-1,2837-num-2,3.8
input-data/sick_annotated.txt,2838-num-1,2838-num-2,4.8
input-data/sick_annotated.txt,2839-num-1,2839-num-2,3
input-data/sick_annotated.txt,2840-num-1,2840-num-2,4.1
input-data/sick_annotated.txt,2841-num-1,2841-num-2,2.2
input-data/sick_annotated.txt,2842-num-1,2842-num-2,3.8
input-data/sick_annotated.txt,2843-num-1,2843-num-2,4.3
input-data/sick_annotated.txt,2844-num-1,2844-num-2,4.3
input-data/sick_annotated.txt,2845-num-1,2845-num-2,5
input-data/sick_annotated.txt,2846-num-1,2846-num-2,3.7
input-data/sick_annotated.txt,2847-num-1,2847-num-2,4.3
input-data/sick_annotated.txt,2848-num-1,2848-num-2,3.6
input-data/sick_annotated.txt,2849-num-1,2849-num-2,3.9
input-data/sick_annotated.txt,2850-num-1,2850-num-2,4.2
input-data/sick_annotated.txt,2851-num-1,2851-num-2,4.4
input-data/sick_annotated.txt,2852-num-1,2852-num-2,3
input-data/sick_annotated.txt,2853-num-1,2853-num-2,4.2
input-data/sick_annotated.txt,2854-num-1,2854-num-2,4.8
input-data/sick_annotated.txt,2855-num-1,2855-num-2,3.9
input-data/sick_annotated.txt,2856-num-1,2856-num-2,4.4
input-data/sick_annotated.txt,2857-num-1,2857-num-2,3
input-data/sick_annotated.txt,2858-num-1,2858-num-2,4.4
input-data/sick_annotated.txt,2859-num-1,2859-num-2,3.3
input-data/sick_annotated.txt,2860-num-1,2860-num-2,2.9
input-data/sick_annotated.txt,2861-num-1,2861-num-2,3.6
input-data/sick_annotated.txt,2862-num-1,2862-num-2,3.435
input-data/sick_annotated.txt,2863-num-1,2863-num-2,4.6
input-data/sick_annotated.txt,2864-num-1,2864-num-2,4.3
input-data/sick_annotated.txt,2865-num-1,2865-num-2,4.5
input-data/sick_annotated.txt,2866-num-1,2866-num-2,3.465
input-data/sick_annotated.txt,2867-num-1,2867-num-2,3.7
input-data/sick_annotated.txt,2868-num-1,2868-num-2,2.9
input-data/sick_annotated.txt,2869-num-1,2869-num-2,3.8
input-data/sick_annotated.txt,2870-num-1,2870-num-2,2.5
input-data/sick_annotated.txt,2871-num-1,2871-num-2,4.1
input-data/sick_annotated.txt,2872-num-1,2872-num-2,4.5
input-data/sick_annotated.txt,2873-num-1,2873-num-2,4.4
input-data/sick_annotated.txt,2874-num-1,2874-num-2,4.8
input-data/sick_annotated.txt,2875-num-1,2875-num-2,3.3
input-data/sick_annotated.txt,2876-num-1,2876-num-2,4.8
input-data/sick_annotated.txt,2877-num-1,2877-num-2,3.4
input-data/sick_annotated.txt,2878-num-1,2878-num-2,4.5
input-data/sick_annotated.txt,2879-num-1,2879-num-2,3.5
input-data/sick_annotated.txt,2880-num-1,2880-num-2,4.8
input-data/sick_annotated.txt,2881-num-1,2881-num-2,4.3
input-data/sick_annotated.txt,2882-num-1,2882-num-2,3.8
input-data/sick_annotated.txt,2883-num-1,2883-num-2,4.9
input-data/sick_annotated.txt,2884-num-1,2884-num-2,4.2
input-data/sick_annotated.txt,2885-num-1,2885-num-2,5
input-data/sick_annotated.txt,2886-num-1,2886-num-2,3.2
input-data/sick_annotated.txt,2887-num-1,2887-num-2,4.6
input-data/sick_annotated.txt,2888-num-1,2888-num-2,3.2
input-data/sick_annotated.txt,2889-num-1,2889-num-2,5
input-data/sick_annotated.txt,2890-num-1,2890-num-2,4.9
input-data/sick_annotated.txt,2891-num-1,2891-num-2,4
input-data/sick_annotated.txt,2892-num-1,2892-num-2,4.9
input-data/sick_annotated.txt,2893-num-1,2893-num-2,4
input-data/sick_annotated.txt,2894-num-1,2894-num-2,4.4
input-data/sick_annotated.txt,2895-num-1,2895-num-2,4.2
input-data/sick_annotated.txt,2896-num-1,2896-num-2,4.6
input-data/sick_annotated.txt,2897-num-1,2897-num-2,3.8
input-data/sick_annotated.txt,2898-num-1,2898-num-2,4.3
input-data/sick_annotated.txt,2899-num-1,2899-num-2,4.6
input-data/sick_annotated.txt,2900-num-1,2900-num-2,2.8
input-data/sick_annotated.txt,2901-num-1,2901-num-2,4.9
input-data/sick_annotated.txt,2902-num-1,2902-num-2,2.6
input-data/sick_annotated.txt,2903-num-1,2903-num-2,4.7
input-data/sick_annotated.txt,2904-num-1,2904-num-2,3.1
input-data/sick_annotated.txt,2905-num-1,2905-num-2,4.6
input-data/sick_annotated.txt,2906-num-1,2906-num-2,2.5
input-data/sick_annotated.txt,2907-num-1,2907-num-2,4.7
input-data/sick_annotated.txt,2908-num-1,2908-num-2,4.9
input-data/sick_annotated.txt,2909-num-1,2909-num-2,4.3
input-data/sick_annotated.txt,2910-num-1,2910-num-2,5
input-data/sick_annotated.txt,2911-num-1,2911-num-2,4
input-data/sick_annotated.txt,2912-num-1,2912-num-2,4.4
input-data/sick_annotated.txt,2913-num-1,2913-num-2,3.1
input-data/sick_annotated.txt,2914-num-1,2914-num-2,4.1
input-data/sick_annotated.txt,2915-num-1,2915-num-2,4
input-data/sick_annotated.txt,2916-num-1,2916-num-2,3.5
input-data/sick_annotated.txt,2917-num-1,2917-num-2,4.8
input-data/sick_annotated.txt,2918-num-1,2918-num-2,3
input-data/sick_annotated.txt,2919-num-1,2919-num-2,4.2
input-data/sick_annotated.txt,2920-num-1,2920-num-2,3.4
input-data/sick_annotated.txt,2921-num-1,2921-num-2,3.4
input-data/sick_annotated.txt,2922-num-1,2922-num-2,3.1
input-data/sick_annotated.txt,2923-num-1,2923-num-2,3.7
input-data/sick_annotated.txt,2924-num-1,2924-num-2,2.8
input-data/sick_annotated.txt,2925-num-1,2925-num-2,3.8
input-data/sick_annotated.txt,2926-num-1,2926-num-2,4.9
input-data/sick_annotated.txt,2928-num-1,2928-num-2,4.7
input-data/sick_annotated.txt,2929-num-1,2929-num-2,3.7
input-data/sick_annotated.txt,2930-num-1,2930-num-2,2.5
input-data/sick_annotated.txt,2931-num-1,2931-num-2,2.5
input-data/sick_annotated.txt,2932-num-1,2932-num-2,2.4
input-data/sick_annotated.txt,2933-num-1,2933-num-2,2.9
input-data/sick_annotated.txt,2934-num-1,2934-num-2,3.4
input-data/sick_annotated.txt,2935-num-1,2935-num-2,4.6
input-data/sick_annotated.txt,2936-num-1,2936-num-2,3
input-data/sick_annotated.txt,2937-num-1,2937-num-2,4.9
input-data/sick_annotated.txt,2938-num-1,2938-num-2,3.7
input-data/sick_annotated.txt,2939-num-1,2939-num-2,3.2
input-data/sick_annotated.txt,2940-num-1,2940-num-2,4
input-data/sick_annotated.txt,2941-num-1,2941-num-2,3.3
input-data/sick_annotated.txt,2942-num-1,2942-num-2,2.8
input-data/sick_annotated.txt,2943-num-1,2943-num-2,3.8
input-data/sick_annotated.txt,2944-num-1,2944-num-2,3.3
input-data/sick_annotated.txt,2945-num-1,2945-num-2,4
input-data/sick_annotated.txt,2946-num-1,2946-num-2,5
input-data/sick_annotated.txt,2947-num-1,2947-num-2,3.3
input-data/sick_annotated.txt,2948-num-1,2948-num-2,5
input-data/sick_annotated.txt,2949-num-1,2949-num-2,3.6
input-data/sick_annotated.txt,2950-num-1,2950-num-2,4.3
input-data/sick_annotated.txt,2951-num-1,2951-num-2,3.2
input-data/sick_annotated.txt,2952-num-1,2952-num-2,4.7
input-data/sick_annotated.txt,2953-num-1,2953-num-2,3.135
input-data/sick_annotated.txt,2954-num-1,2954-num-2,4.3
input-data/sick_annotated.txt,2955-num-1,2955-num-2,4.8
input-data/sick_annotated.txt,2957-num-1,2957-num-2,4.5
input-data/sick_annotated.txt,2958-num-1,2958-num-2,3.4
input-data/sick_annotated.txt,2959-num-1,2959-num-2,3.8
input-data/sick_annotated.txt,2960-num-1,2960-num-2,4
input-data/sick_annotated.txt,2961-num-1,2961-num-2,4.7
input-data/sick_annotated.txt,2962-num-1,2962-num-2,4.2
input-data/sick_annotated.txt,2963-num-1,2963-num-2,4.5
input-data/sick_annotated.txt,2964-num-1,2964-num-2,4.9
input-data/sick_annotated.txt,2965-num-1,2965-num-2,3.3
input-data/sick_annotated.txt,2966-num-1,2966-num-2,3.5
input-data/sick_annotated.txt,2967-num-1,2967-num-2,4.8
input-data/sick_annotated.txt,2968-num-1,2968-num-2,3.5
input-data/sick_annotated.txt,2969-num-1,2969-num-2,4.7
input-data/sick_annotated.txt,2970-num-1,2970-num-2,3.5
input-data/sick_annotated.txt,2971-num-1,2971-num-2,4.6
input-data/sick_annotated.txt,2972-num-1,2972-num-2,3.4
input-data/sick_annotated.txt,2973-num-1,2973-num-2,4.1
input-data/sick_annotated.txt,2974-num-1,2974-num-2,4.8
input-data/sick_annotated.txt,2975-num-1,2975-num-2,4.6
input-data/sick_annotated.txt,2976-num-1,2976-num-2,3.4
input-data/sick_annotated.txt,2977-num-1,2977-num-2,3.9
input-data/sick_annotated.txt,2978-num-1,2978-num-2,4.7
input-data/sick_annotated.txt,2979-num-1,2979-num-2,2.8
input-data/sick_annotated.txt,2980-num-1,2980-num-2,3.8
input-data/sick_annotated.txt,2981-num-1,2981-num-2,3.4
input-data/sick_annotated.txt,2982-num-1,2982-num-2,3.8
input-data/sick_annotated.txt,2983-num-1,2983-num-2,2.8
input-data/sick_annotated.txt,2984-num-1,2984-num-2,2.8
input-data/sick_annotated.txt,2985-num-1,2985-num-2,3
input-data/sick_annotated.txt,2986-num-1,2986-num-2,4.6
input-data/sick_annotated.txt,2987-num-1,2987-num-2,3.7
input-data/sick_annotated.txt,2988-num-1,2988-num-2,4.1
input-data/sick_annotated.txt,2989-num-1,2989-num-2,3.7
input-data/sick_annotated.txt,2990-num-1,2990-num-2,3.9
input-data/sick_annotated.txt,2991-num-1,2991-num-2,2.1
input-data/sick_annotated.txt,2992-num-1,2992-num-2,3.5
input-data/sick_annotated.txt,2993-num-1,2993-num-2,3.2
input-data/sick_annotated.txt,2994-num-1,2994-num-2,4
input-data/sick_annotated.txt,2996-num-1,2996-num-2,3.3
input-data/sick_annotated.txt,2997-num-1,2997-num-2,5
input-data/sick_annotated.txt,2998-num-1,2998-num-2,4.2
input-data/sick_annotated.txt,2999-num-1,2999-num-2,3.6
input-data/sick_annotated.txt,3000-num-1,3000-num-2,3.6
input-data/sick_annotated.txt,3001-num-1,3001-num-2,2.9
input-data/sick_annotated.txt,3002-num-1,3002-num-2,2.3
input-data/sick_annotated.txt,3003-num-1,3003-num-2,3.9
input-data/sick_annotated.txt,3004-num-1,3004-num-2,5
input-data/sick_annotated.txt,3005-num-1,3005-num-2,3.1
input-data/sick_annotated.txt,3006-num-1,3006-num-2,4.6
input-data/sick_annotated.txt,3007-num-1,3007-num-2,3.5
input-data/sick_annotated.txt,3008-num-1,3008-num-2,3.4
input-data/sick_annotated.txt,3009-num-1,3009-num-2,4.2
input-data/sick_annotated.txt,3010-num-1,3010-num-2,3.3
input-data/sick_annotated.txt,3011-num-1,3011-num-2,4.4
input-data/sick_annotated.txt,3012-num-1,3012-num-2,4
input-data/sick_annotated.txt,3013-num-1,3013-num-2,3.3
input-data/sick_annotated.txt,3014-num-1,3014-num-2,4.3
input-data/sick_annotated.txt,3015-num-1,3015-num-2,4.6
input-data/sick_annotated.txt,3016-num-1,3016-num-2,3.5
input-data/sick_annotated.txt,3017-num-1,3017-num-2,4.6
input-data/sick_annotated.txt,3018-num-1,3018-num-2,3.5
input-data/sick_annotated.txt,3019-num-1,3019-num-2,3.7
input-data/sick_annotated.txt,3020-num-1,3020-num-2,3.1
input-data/sick_annotated.txt,3021-num-1,3021-num-2,3.6
input-data/sick_annotated.txt,3022-num-1,3022-num-2,2.1
input-data/sick_annotated.txt,3023-num-1,3023-num-2,3.8
input-data/sick_annotated.txt,3024-num-1,3024-num-2,4.6
input-data/sick_annotated.txt,3025-num-1,3025-num-2,3.8
input-data/sick_annotated.txt,3026-num-1,3026-num-2,4.7
input-data/sick_annotated.txt,3027-num-1,3027-num-2,3.8
input-data/sick_annotated.txt,3028-num-1,3028-num-2,4.4
input-data/sick_annotated.txt,3029-num-1,3029-num-2,3.8
input-data/sick_annotated.txt,3030-num-1,3030-num-2,4.1
input-data/sick_annotated.txt,3031-num-1,3031-num-2,4.1
input-data/sick_annotated.txt,3032-num-1,3032-num-2,4.3
input-data/sick_annotated.txt,3034-num-1,3034-num-2,3.6
input-data/sick_annotated.txt,3035-num-1,3035-num-2,5
input-data/sick_annotated.txt,3036-num-1,3036-num-2,3.2
input-data/sick_annotated.txt,3037-num-1,3037-num-2,4.6
input-data/sick_annotated.txt,3038-num-1,3038-num-2,3.8
input-data/sick_annotated.txt,3039-num-1,3039-num-2,4.4
input-data/sick_annotated.txt,3040-num-1,3040-num-2,4
input-data/sick_annotated.txt,3042-num-1,3042-num-2,4.5
input-data/sick_annotated.txt,3043-num-1,3043-num-2,3.1
input-data/sick_annotated.txt,3044-num-1,3044-num-2,4.8
input-data/sick_annotated.txt,3045-num-1,3045-num-2,3.4
input-data/sick_annotated.txt,3046-num-1,3046-num-2,3.7
input-data/sick_annotated.txt,3047-num-1,3047-num-2,4.2
input-data/sick_annotated.txt,3048-num-1,3048-num-2,4
input-data/sick_annotated.txt,3049-num-1,3049-num-2,3
input-data/sick_annotated.txt,3050-num-1,3050-num-2,4.4
input-data/sick_annotated.txt,3051-num-1,3051-num-2,5
input-data/sick_annotated.txt,3052-num-1,3052-num-2,3.2
input-data/sick_annotated.txt,3053-num-1,3053-num-2,5
input-data/sick_annotated.txt,3054-num-1,3054-num-2,3.1
input-data/sick_annotated.txt,3055-num-1,3055-num-2,5
input-data/sick_annotated.txt,3056-num-1,3056-num-2,3.6
input-data/sick_annotated.txt,3057-num-1,3057-num-2,4.5
input-data/sick_annotated.txt,3058-num-1,3058-num-2,3.7
input-data/sick_annotated.txt,3059-num-1,3059-num-2,4.5
input-data/sick_annotated.txt,3060-num-1,3060-num-2,4.65
input-data/sick_annotated.txt,3061-num-1,3061-num-2,4.7
input-data/sick_annotated.txt,3062-num-1,3062-num-2,4.3
input-data/sick_annotated.txt,3063-num-1,3063-num-2,4.9
input-data/sick_annotated.txt,3064-num-1,3064-num-2,3.6
input-data/sick_annotated.txt,3065-num-1,3065-num-2,4.2
input-data/sick_annotated.txt,3066-num-1,3066-num-2,3.6
input-data/sick_annotated.txt,3067-num-1,3067-num-2,4.1
input-data/sick_annotated.txt,3068-num-1,3068-num-2,3.8
input-data/sick_annotated.txt,3069-num-1,3069-num-2,4.2
input-data/sick_annotated.txt,3070-num-1,3070-num-2,4.4
input-data/sick_annotated.txt,3071-num-1,3071-num-2,5
input-data/sick_annotated.txt,3072-num-1,3072-num-2,3.6
input-data/sick_annotated.txt,3073-num-1,3073-num-2,4.9
input-data/sick_annotated.txt,3074-num-1,3074-num-2,4.1
input-data/sick_annotated.txt,3075-num-1,3075-num-2,4.8
input-data/sick_annotated.txt,3076-num-1,3076-num-2,3.8
input-data/sick_annotated.txt,3077-num-1,3077-num-2,4.3
input-data/sick_annotated.txt,3078-num-1,3078-num-2,3.7
input-data/sick_annotated.txt,3079-num-1,3079-num-2,4.6
input-data/sick_annotated.txt,3080-num-1,3080-num-2,4.9
input-data/sick_annotated.txt,3081-num-1,3081-num-2,3.9
input-data/sick_annotated.txt,3082-num-1,3082-num-2,4.7
input-data/sick_annotated.txt,3083-num-1,3083-num-2,3
input-data/sick_annotated.txt,3084-num-1,3084-num-2,2.9
input-data/sick_annotated.txt,3085-num-1,3085-num-2,3.1
input-data/sick_annotated.txt,3086-num-1,3086-num-2,3
input-data/sick_annotated.txt,3087-num-1,3087-num-2,2.4
input-data/sick_annotated.txt,3088-num-1,3088-num-2,2.8
input-data/sick_annotated.txt,3089-num-1,3089-num-2,4.1
input-data/sick_annotated.txt,3090-num-1,3090-num-2,3.6
input-data/sick_annotated.txt,3091-num-1,3091-num-2,4.5
input-data/sick_annotated.txt,3092-num-1,3092-num-2,3.6
input-data/sick_annotated.txt,3093-num-1,3093-num-2,3.5
input-data/sick_annotated.txt,3094-num-1,3094-num-2,3
input-data/sick_annotated.txt,3095-num-1,3095-num-2,2.9
input-data/sick_annotated.txt,3096-num-1,3096-num-2,2.935
input-data/sick_annotated.txt,3097-num-1,3097-num-2,3.5
input-data/sick_annotated.txt,3099-num-1,3099-num-2,3.1
input-data/sick_annotated.txt,3100-num-1,3100-num-2,3.4
input-data/sick_annotated.txt,3101-num-1,3101-num-2,5
input-data/sick_annotated.txt,3102-num-1,3102-num-2,2.5
input-data/sick_annotated.txt,3103-num-1,3103-num-2,4.7
input-data/sick_annotated.txt,3104-num-1,3104-num-2,1.7
input-data/sick_annotated.txt,3106-num-1,3106-num-2,4.3
input-data/sick_annotated.txt,3107-num-1,3107-num-2,2.3
input-data/sick_annotated.txt,3108-num-1,3108-num-2,4.65
input-data/sick_annotated.txt,3109-num-1,3109-num-2,4.9
input-data/sick_annotated.txt,3110-num-1,3110-num-2,3.3
input-data/sick_annotated.txt,3111-num-1,3111-num-2,4.4
input-data/sick_annotated.txt,3112-num-1,3112-num-2,3.2
input-data/sick_annotated.txt,3113-num-1,3113-num-2,4.4
input-data/sick_annotated.txt,3114-num-1,3114-num-2,4.2
input-data/sick_annotated.txt,3115-num-1,3115-num-2,4.55
input-data/sick_annotated.txt,3116-num-1,3116-num-2,3.3
input-data/sick_annotated.txt,3117-num-1,3117-num-2,4.7
input-data/sick_annotated.txt,3118-num-1,3118-num-2,4.6
input-data/sick_annotated.txt,3119-num-1,3119-num-2,3.5
input-data/sick_annotated.txt,3120-num-1,3120-num-2,4.9
input-data/sick_annotated.txt,3121-num-1,3121-num-2,3.8
input-data/sick_annotated.txt,3122-num-1,3122-num-2,4.6
input-data/sick_annotated.txt,3123-num-1,3123-num-2,3.1
input-data/sick_annotated.txt,3124-num-1,3124-num-2,4.3
input-data/sick_annotated.txt,3125-num-1,3125-num-2,3.8
input-data/sick_annotated.txt,3126-num-1,3126-num-2,4.4
input-data/sick_annotated.txt,3127-num-1,3127-num-2,4.9
input-data/sick_annotated.txt,3128-num-1,3128-num-2,3
input-data/sick_annotated.txt,3129-num-1,3129-num-2,4.9
input-data/sick_annotated.txt,3130-num-1,3130-num-2,3.3
input-data/sick_annotated.txt,3131-num-1,3131-num-2,2.3
input-data/sick_annotated.txt,3132-num-1,3132-num-2,2.7
input-data/sick_annotated.txt,3133-num-1,3133-num-2,2.5
input-data/sick_annotated.txt,3134-num-1,3134-num-2,2.8
input-data/sick_annotated.txt,3135-num-1,3135-num-2,2.5
input-data/sick_annotated.txt,3136-num-1,3136-num-2,4.365
input-data/sick_annotated.txt,3137-num-1,3137-num-2,4.265
input-data/sick_annotated.txt,3138-num-1,3138-num-2,3.1
input-data/sick_annotated.txt,3139-num-1,3139-num-2,4.3
input-data/sick_annotated.txt,3140-num-1,3140-num-2,3.5
input-data/sick_annotated.txt,3141-num-1,3141-num-2,3.2
input-data/sick_annotated.txt,3142-num-1,3142-num-2,3.2
input-data/sick_annotated.txt,3143-num-1,3143-num-2,3.6
input-data/sick_annotated.txt,3144-num-1,3144-num-2,3.4
input-data/sick_annotated.txt,3145-num-1,3145-num-2,3.2
input-data/sick_annotated.txt,3146-num-1,3146-num-2,3.8
input-data/sick_annotated.txt,3147-num-1,3147-num-2,4.5
input-data/sick_annotated.txt,3148-num-1,3148-num-2,4.3
input-data/sick_annotated.txt,3149-num-1,3149-num-2,5
input-data/sick_annotated.txt,3150-num-1,3150-num-2,3.1
input-data/sick_annotated.txt,3151-num-1,3151-num-2,3.8
input-data/sick_annotated.txt,3152-num-1,3152-num-2,3
input-data/sick_annotated.txt,3153-num-1,3153-num-2,3.9
input-data/sick_annotated.txt,3154-num-1,3154-num-2,3.5
input-data/sick_annotated.txt,3155-num-1,3155-num-2,4.2
input-data/sick_annotated.txt,3156-num-1,3156-num-2,4.9
input-data/sick_annotated.txt,3157-num-1,3157-num-2,3.9
input-data/sick_annotated.txt,3158-num-1,3158-num-2,5
input-data/sick_annotated.txt,3159-num-1,3159-num-2,3.5
input-data/sick_annotated.txt,3160-num-1,3160-num-2,3.4
input-data/sick_annotated.txt,3161-num-1,3161-num-2,3.9
input-data/sick_annotated.txt,3162-num-1,3162-num-2,3.1
input-data/sick_annotated.txt,3163-num-1,3163-num-2,3.4
input-data/sick_annotated.txt,3164-num-1,3164-num-2,3.4
input-data/sick_annotated.txt,3165-num-1,3165-num-2,3.7
input-data/sick_annotated.txt,3166-num-1,3166-num-2,3.7
input-data/sick_annotated.txt,3167-num-1,3167-num-2,4.5
input-data/sick_annotated.txt,3168-num-1,3168-num-2,3.1
input-data/sick_annotated.txt,3169-num-1,3169-num-2,5
input-data/sick_annotated.txt,3170-num-1,3170-num-2,4.3
input-data/sick_annotated.txt,3171-num-1,3171-num-2,4.7
input-data/sick_annotated.txt,3172-num-1,3172-num-2,3.6
input-data/sick_annotated.txt,3173-num-1,3173-num-2,4
input-data/sick_annotated.txt,3174-num-1,3174-num-2,2.8
input-data/sick_annotated.txt,3175-num-1,3175-num-2,4.2
input-data/sick_annotated.txt,3176-num-1,3176-num-2,4.9
input-data/sick_annotated.txt,3177-num-1,3177-num-2,3.1
input-data/sick_annotated.txt,3178-num-1,3178-num-2,4.8
input-data/sick_annotated.txt,3179-num-1,3179-num-2,4.4
input-data/sick_annotated.txt,3180-num-1,3180-num-2,4.2
input-data/sick_annotated.txt,3181-num-1,3181-num-2,3.8
input-data/sick_annotated.txt,3182-num-1,3182-num-2,4.5
input-data/sick_annotated.txt,3183-num-1,3183-num-2,3.3
input-data/sick_annotated.txt,3184-num-1,3184-num-2,4.7
input-data/sick_annotated.txt,3185-num-1,3185-num-2,4.9
input-data/sick_annotated.txt,3187-num-1,3187-num-2,4.9
input-data/sick_annotated.txt,3188-num-1,3188-num-2,3.9
input-data/sick_annotated.txt,3189-num-1,3189-num-2,3.1
input-data/sick_annotated.txt,3190-num-1,3190-num-2,1.7
input-data/sick_annotated.txt,3191-num-1,3191-num-2,3
input-data/sick_annotated.txt,3192-num-1,3192-num-2,2.1
input-data/sick_annotated.txt,3193-num-1,3193-num-2,3
input-data/sick_annotated.txt,3194-num-1,3194-num-2,5
input-data/sick_annotated.txt,3195-num-1,3195-num-2,4
input-data/sick_annotated.txt,3196-num-1,3196-num-2,4.9
input-data/sick_annotated.txt,3197-num-1,3197-num-2,3.9
input-data/sick_annotated.txt,3198-num-1,3198-num-2,4.4
input-data/sick_annotated.txt,3199-num-1,3199-num-2,3.4
input-data/sick_annotated.txt,3200-num-1,3200-num-2,4.7
input-data/sick_annotated.txt,3201-num-1,3201-num-2,4.1
input-data/sick_annotated.txt,3202-num-1,3202-num-2,4.6
input-data/sick_annotated.txt,3203-num-1,3203-num-2,4.9
input-data/sick_annotated.txt,3204-num-1,3204-num-2,3.6
input-data/sick_annotated.txt,3205-num-1,3205-num-2,4.9
input-data/sick_annotated.txt,3206-num-1,3206-num-2,3.6
input-data/sick_annotated.txt,3207-num-1,3207-num-2,4.9
input-data/sick_annotated.txt,3208-num-1,3208-num-2,3.7
input-data/sick_annotated.txt,3209-num-1,3209-num-2,4.6
input-data/sick_annotated.txt,3210-num-1,3210-num-2,3.3
input-data/sick_annotated.txt,3211-num-1,3211-num-2,4.8
input-data/sick_annotated.txt,3212-num-1,3212-num-2,4.8
input-data/sick_annotated.txt,3213-num-1,3213-num-2,2.6
input-data/sick_annotated.txt,3214-num-1,3214-num-2,4.8
input-data/sick_annotated.txt,3215-num-1,3215-num-2,2.4
input-data/sick_annotated.txt,3216-num-1,3216-num-2,4.6
input-data/sick_annotated.txt,3217-num-1,3217-num-2,4
input-data/sick_annotated.txt,3218-num-1,3218-num-2,4.6
input-data/sick_annotated.txt,3219-num-1,3219-num-2,3.4
input-data/sick_annotated.txt,3220-num-1,3220-num-2,4.6
input-data/sick_annotated.txt,3221-num-1,3221-num-2,4.7
input-data/sick_annotated.txt,3222-num-1,3222-num-2,3.7
input-data/sick_annotated.txt,3223-num-1,3223-num-2,4.9
input-data/sick_annotated.txt,3224-num-1,3224-num-2,3.8
input-data/sick_annotated.txt,3225-num-1,3225-num-2,3.4
input-data/sick_annotated.txt,3226-num-1,3226-num-2,2.1
input-data/sick_annotated.txt,3227-num-1,3227-num-2,3.4
input-data/sick_annotated.txt,3228-num-1,3228-num-2,2.7
input-data/sick_annotated.txt,3229-num-1,3229-num-2,3.5
input-data/sick_annotated.txt,3230-num-1,3230-num-2,5
input-data/sick_annotated.txt,3231-num-1,3231-num-2,3.4
input-data/sick_annotated.txt,3232-num-1,3232-num-2,4.1
input-data/sick_annotated.txt,3233-num-1,3233-num-2,4
input-data/sick_annotated.txt,3234-num-1,3234-num-2,2.7
input-data/sick_annotated.txt,3235-num-1,3235-num-2,3.3
input-data/sick_annotated.txt,3236-num-1,3236-num-2,2.7
input-data/sick_annotated.txt,3237-num-1,3237-num-2,3.2
input-data/sick_annotated.txt,3238-num-1,3238-num-2,3.6
input-data/sick_annotated.txt,3239-num-1,3239-num-2,4.6
input-data/sick_annotated.txt,3240-num-1,3240-num-2,3.2
input-data/sick_annotated.txt,3241-num-1,3241-num-2,4.3
input-data/sick_annotated.txt,3242-num-1,3242-num-2,3.3
input-data/sick_annotated.txt,3243-num-1,3243-num-2,3.9
input-data/sick_annotated.txt,3244-num-1,3244-num-2,1.7
input-data/sick_annotated.txt,3245-num-1,3245-num-2,4.3
input-data/sick_annotated.txt,3246-num-1,3246-num-2,3.5
input-data/sick_annotated.txt,3247-num-1,3247-num-2,4.4
input-data/sick_annotated.txt,3248-num-1,3248-num-2,4.9
input-data/sick_annotated.txt,3249-num-1,3249-num-2,3.4
input-data/sick_annotated.txt,3250-num-1,3250-num-2,4.9
input-data/sick_annotated.txt,3251-num-1,3251-num-2,4
input-data/sick_annotated.txt,3252-num-1,3252-num-2,4.2
input-data/sick_annotated.txt,3253-num-1,3253-num-2,3.9
input-data/sick_annotated.txt,3254-num-1,3254-num-2,4.1
input-data/sick_annotated.txt,3255-num-1,3255-num-2,3.5
input-data/sick_annotated.txt,3256-num-1,3256-num-2,4.2
input-data/sick_annotated.txt,3257-num-1,3257-num-2,5
input-data/sick_annotated.txt,3260-num-1,3260-num-2,3.2
input-data/sick_annotated.txt,3261-num-1,3261-num-2,5
input-data/sick_annotated.txt,3263-num-1,3263-num-2,5
input-data/sick_annotated.txt,3264-num-1,3264-num-2,3.7
input-data/sick_annotated.txt,3266-num-1,3266-num-2,4.5
input-data/sick_annotated.txt,3267-num-1,3267-num-2,3.2
input-data/sick_annotated.txt,3268-num-1,3268-num-2,4.8
input-data/sick_annotated.txt,3269-num-1,3269-num-2,3.2
input-data/sick_annotated.txt,3270-num-1,3270-num-2,3.8
input-data/sick_annotated.txt,3271-num-1,3271-num-2,3.1
input-data/sick_annotated.txt,3272-num-1,3272-num-2,4.2
input-data/sick_annotated.txt,3273-num-1,3273-num-2,3.8
input-data/sick_annotated.txt,3274-num-1,3274-num-2,3.9
input-data/sick_annotated.txt,3275-num-1,3275-num-2,4.9
input-data/sick_annotated.txt,3276-num-1,3276-num-2,3.7
input-data/sick_annotated.txt,3277-num-1,3277-num-2,5
input-data/sick_annotated.txt,3278-num-1,3278-num-2,3.8
input-data/sick_annotated.txt,3279-num-1,3279-num-2,3
input-data/sick_annotated.txt,3280-num-1,3280-num-2,4.4
input-data/sick_annotated.txt,3281-num-1,3281-num-2,3.6
input-data/sick_annotated.txt,3282-num-1,3282-num-2,3.1
input-data/sick_annotated.txt,3283-num-1,3283-num-2,4.5
input-data/sick_annotated.txt,3284-num-1,3284-num-2,3.6
input-data/sick_annotated.txt,3285-num-1,3285-num-2,4
input-data/sick_annotated.txt,3286-num-1,3286-num-2,4.3
input-data/sick_annotated.txt,3287-num-1,3287-num-2,3.7
input-data/sick_annotated.txt,3288-num-1,3288-num-2,5
input-data/sick_annotated.txt,3289-num-1,3289-num-2,3.465
input-data/sick_annotated.txt,3290-num-1,3290-num-2,1.9
input-data/sick_annotated.txt,3291-num-1,3291-num-2,1.7
input-data/sick_annotated.txt,3292-num-1,3292-num-2,2.1
input-data/sick_annotated.txt,3293-num-1,3293-num-2,1.6
input-data/sick_annotated.txt,3294-num-1,3294-num-2,2
input-data/sick_annotated.txt,3295-num-1,3295-num-2,5
input-data/sick_annotated.txt,3296-num-1,3296-num-2,3.4
input-data/sick_annotated.txt,3297-num-1,3297-num-2,4.6
input-data/sick_annotated.txt,3298-num-1,3298-num-2,4.5
input-data/sick_annotated.txt,3299-num-1,3299-num-2,2.8
input-data/sick_annotated.txt,3300-num-1,3300-num-2,3.8
input-data/sick_annotated.txt,3301-num-1,3301-num-2,3
input-data/sick_annotated.txt,3302-num-1,3302-num-2,4.2
input-data/sick_annotated.txt,3303-num-1,3303-num-2,3.2
input-data/sick_annotated.txt,3304-num-1,3304-num-2,4
input-data/sick_annotated.txt,3305-num-1,3305-num-2,4.4
input-data/sick_annotated.txt,3306-num-1,3306-num-2,4.4
input-data/sick_annotated.txt,3307-num-1,3307-num-2,2.9
input-data/sick_annotated.txt,3308-num-1,3308-num-2,4.9
input-data/sick_annotated.txt,3309-num-1,3309-num-2,3.8
input-data/sick_annotated.txt,3310-num-1,3310-num-2,4.5
input-data/sick_annotated.txt,3311-num-1,3311-num-2,2.7
input-data/sick_annotated.txt,3312-num-1,3312-num-2,3.9
input-data/sick_annotated.txt,3313-num-1,3313-num-2,2.3
input-data/sick_annotated.txt,3314-num-1,3314-num-2,3.9
input-data/sick_annotated.txt,3315-num-1,3315-num-2,4.8
input-data/sick_annotated.txt,3316-num-1,3316-num-2,3.4
input-data/sick_annotated.txt,3317-num-1,3317-num-2,4.7
input-data/sick_annotated.txt,3318-num-1,3318-num-2,3.7
input-data/sick_annotated.txt,3319-num-1,3319-num-2,2.9
input-data/sick_annotated.txt,3320-num-1,3320-num-2,4.735
input-data/sick_annotated.txt,3321-num-1,3321-num-2,4
input-data/sick_annotated.txt,3322-num-1,3322-num-2,3.2
input-data/sick_annotated.txt,3323-num-1,3323-num-2,4.4
input-data/sick_annotated.txt,3324-num-1,3324-num-2,3.7
input-data/sick_annotated.txt,3325-num-1,3325-num-2,4.7
input-data/sick_annotated.txt,3326-num-1,3326-num-2,4.9
input-data/sick_annotated.txt,3327-num-1,3327-num-2,3.1
input-data/sick_annotated.txt,3328-num-1,3328-num-2,4.9
input-data/sick_annotated.txt,3329-num-1,3329-num-2,3.8
input-data/sick_annotated.txt,3330-num-1,3330-num-2,2.4
input-data/sick_annotated.txt,3331-num-1,3331-num-2,2.9
input-data/sick_annotated.txt,3332-num-1,3332-num-2,1.8
input-data/sick_annotated.txt,3333-num-1,3333-num-2,1.2
input-data/sick_annotated.txt,3334-num-1,3334-num-2,1.9
input-data/sick_annotated.txt,3335-num-1,3335-num-2,4.5
input-data/sick_annotated.txt,3336-num-1,3336-num-2,3.8
input-data/sick_annotated.txt,3337-num-1,3337-num-2,4.7
input-data/sick_annotated.txt,3338-num-1,3338-num-2,3.4
input-data/sick_annotated.txt,3339-num-1,3339-num-2,3.6
input-data/sick_annotated.txt,3340-num-1,3340-num-2,3.2
input-data/sick_annotated.txt,3341-num-1,3341-num-2,3.1
input-data/sick_annotated.txt,3342-num-1,3342-num-2,2.7
input-data/sick_annotated.txt,3343-num-1,3343-num-2,2.6
input-data/sick_annotated.txt,3344-num-1,3344-num-2,4
input-data/sick_annotated.txt,3345-num-1,3345-num-2,3
input-data/sick_annotated.txt,3346-num-1,3346-num-2,3.7
input-data/sick_annotated.txt,3347-num-1,3347-num-2,4
input-data/sick_annotated.txt,3348-num-1,3348-num-2,4.9
input-data/sick_annotated.txt,3349-num-1,3349-num-2,3.315
input-data/sick_annotated.txt,3350-num-1,3350-num-2,4.4
input-data/sick_annotated.txt,3351-num-1,3351-num-2,2.9
input-data/sick_annotated.txt,3352-num-1,3352-num-2,3
input-data/sick_annotated.txt,3353-num-1,3353-num-2,2.7
input-data/sick_annotated.txt,3354-num-1,3354-num-2,4.4
input-data/sick_annotated.txt,3355-num-1,3355-num-2,4.6
input-data/sick_annotated.txt,3359-num-1,3359-num-2,5
input-data/sick_annotated.txt,3360-num-1,3360-num-2,4
input-data/sick_annotated.txt,3364-num-1,3364-num-2,4.9
input-data/sick_annotated.txt,3365-num-1,3365-num-2,3.5
input-data/sick_annotated.txt,3366-num-1,3366-num-2,4.5
input-data/sick_annotated.txt,3367-num-1,3367-num-2,3.4
input-data/sick_annotated.txt,3368-num-1,3368-num-2,3.4
input-data/sick_annotated.txt,3369-num-1,3369-num-2,2
input-data/sick_annotated.txt,3370-num-1,3370-num-2,3.9
input-data/sick_annotated.txt,3371-num-1,3371-num-2,2.6
input-data/sick_annotated.txt,3372-num-1,3372-num-2,4.2
input-data/sick_annotated.txt,3373-num-1,3373-num-2,4.1
input-data/sick_annotated.txt,3374-num-1,3374-num-2,3.4
input-data/sick_annotated.txt,3375-num-1,3375-num-2,3.815
input-data/sick_annotated.txt,3376-num-1,3376-num-2,4.385
input-data/sick_annotated.txt,3377-num-1,3377-num-2,3.9
input-data/sick_annotated.txt,3378-num-1,3378-num-2,1.4
input-data/sick_annotated.txt,3379-num-1,3379-num-2,1.4
input-data/sick_annotated.txt,3380-num-1,3380-num-2,1.4
input-data/sick_annotated.txt,3381-num-1,3381-num-2,1.7
input-data/sick_annotated.txt,3382-num-1,3382-num-2,1.6
input-data/sick_annotated.txt,3383-num-1,3383-num-2,1.4
input-data/sick_annotated.txt,3384-num-1,3384-num-2,4.8
input-data/sick_annotated.txt,3385-num-1,3385-num-2,3.9
input-data/sick_annotated.txt,3386-num-1,3386-num-2,4.6
input-data/sick_annotated.txt,3387-num-1,3387-num-2,3.5
input-data/sick_annotated.txt,3388-num-1,3388-num-2,4.6
input-data/sick_annotated.txt,3389-num-1,3389-num-2,2.6
input-data/sick_annotated.txt,3390-num-1,3390-num-2,4.9
input-data/sick_annotated.txt,3391-num-1,3391-num-2,4.3
input-data/sick_annotated.txt,3392-num-1,3392-num-2,4.9
input-data/sick_annotated.txt,3393-num-1,3393-num-2,4.8
input-data/sick_annotated.txt,3394-num-1,3394-num-2,3.2
input-data/sick_annotated.txt,3395-num-1,3395-num-2,4.9
input-data/sick_annotated.txt,3396-num-1,3396-num-2,3.9
input-data/sick_annotated.txt,3397-num-1,3397-num-2,3.9
input-data/sick_annotated.txt,3398-num-1,3398-num-2,3.2
input-data/sick_annotated.txt,3399-num-1,3399-num-2,4.2
input-data/sick_annotated.txt,3400-num-1,3400-num-2,4.1
input-data/sick_annotated.txt,3401-num-1,3401-num-2,3.9
input-data/sick_annotated.txt,3402-num-1,3402-num-2,4.7
input-data/sick_annotated.txt,3403-num-1,3403-num-2,3.8
input-data/sick_annotated.txt,3404-num-1,3404-num-2,5
input-data/sick_annotated.txt,3405-num-1,3405-num-2,3.1
input-data/sick_annotated.txt,3406-num-1,3406-num-2,4.4
input-data/sick_annotated.txt,3407-num-1,3407-num-2,3.6
input-data/sick_annotated.txt,3408-num-1,3408-num-2,4.6
input-data/sick_annotated.txt,3409-num-1,3409-num-2,4.1
input-data/sick_annotated.txt,3410-num-1,3410-num-2,4.7
input-data/sick_annotated.txt,3411-num-1,3411-num-2,4.9
input-data/sick_annotated.txt,3412-num-1,3412-num-2,4
input-data/sick_annotated.txt,3413-num-1,3413-num-2,2.6
input-data/sick_annotated.txt,3414-num-1,3414-num-2,4.6
input-data/sick_annotated.txt,3415-num-1,3415-num-2,2.7
input-data/sick_annotated.txt,3416-num-1,3416-num-2,1.4
input-data/sick_annotated.txt,3417-num-1,3417-num-2,2.5
input-data/sick_annotated.txt,3418-num-1,3418-num-2,2.1
input-data/sick_annotated.txt,3419-num-1,3419-num-2,2.4
input-data/sick_annotated.txt,3420-num-1,3420-num-2,1.9
input-data/sick_annotated.txt,3421-num-1,3421-num-2,3.4
input-data/sick_annotated.txt,3422-num-1,3422-num-2,5
input-data/sick_annotated.txt,3424-num-1,3424-num-2,2.2
input-data/sick_annotated.txt,3426-num-1,3426-num-2,3.6
input-data/sick_annotated.txt,3427-num-1,3427-num-2,2.7
input-data/sick_annotated.txt,3428-num-1,3428-num-2,2.8
input-data/sick_annotated.txt,3429-num-1,3429-num-2,3.1
input-data/sick_annotated.txt,3430-num-1,3430-num-2,3.2
input-data/sick_annotated.txt,3431-num-1,3431-num-2,1.5
input-data/sick_annotated.txt,3432-num-1,3432-num-2,3.8
input-data/sick_annotated.txt,3433-num-1,3433-num-2,5
input-data/sick_annotated.txt,3434-num-1,3434-num-2,3.4
input-data/sick_annotated.txt,3435-num-1,3435-num-2,4.1
input-data/sick_annotated.txt,3436-num-1,3436-num-2,3.6
input-data/sick_annotated.txt,3437-num-1,3437-num-2,4.9
input-data/sick_annotated.txt,3438-num-1,3438-num-2,3.9
input-data/sick_annotated.txt,3439-num-1,3439-num-2,4.2
input-data/sick_annotated.txt,3440-num-1,3440-num-2,3.9
input-data/sick_annotated.txt,3441-num-1,3441-num-2,4.8
input-data/sick_annotated.txt,3442-num-1,3442-num-2,4.1
input-data/sick_annotated.txt,3443-num-1,3443-num-2,4.1
input-data/sick_annotated.txt,3444-num-1,3444-num-2,5
input-data/sick_annotated.txt,3445-num-1,3445-num-2,3.2
input-data/sick_annotated.txt,3446-num-1,3446-num-2,3.3
input-data/sick_annotated.txt,3447-num-1,3447-num-2,3.7
input-data/sick_annotated.txt,3448-num-1,3448-num-2,4
input-data/sick_annotated.txt,3449-num-1,3449-num-2,4.4
input-data/sick_annotated.txt,3450-num-1,3450-num-2,3.6
input-data/sick_annotated.txt,3451-num-1,3451-num-2,4.9
input-data/sick_annotated.txt,3452-num-1,3452-num-2,3.3
input-data/sick_annotated.txt,3453-num-1,3453-num-2,4.9
input-data/sick_annotated.txt,3454-num-1,3454-num-2,3.9
input-data/sick_annotated.txt,3455-num-1,3455-num-2,4
input-data/sick_annotated.txt,3456-num-1,3456-num-2,3.7
input-data/sick_annotated.txt,3457-num-1,3457-num-2,3.7
input-data/sick_annotated.txt,3458-num-1,3458-num-2,3.1
input-data/sick_annotated.txt,3459-num-1,3459-num-2,4.4
input-data/sick_annotated.txt,3462-num-1,3462-num-2,4.5
input-data/sick_annotated.txt,3463-num-1,3463-num-2,3.8
input-data/sick_annotated.txt,3466-num-1,3466-num-2,4.5
input-data/sick_annotated.txt,3470-num-1,3470-num-2,1.5
input-data/sick_annotated.txt,3471-num-1,3471-num-2,5
input-data/sick_annotated.txt,3472-num-1,3472-num-2,3.5
input-data/sick_annotated.txt,3473-num-1,3473-num-2,3.45
input-data/sick_annotated.txt,3474-num-1,3474-num-2,1.7
input-data/sick_annotated.txt,3475-num-1,3475-num-2,2.4
input-data/sick_annotated.txt,3476-num-1,3476-num-2,1.5
input-data/sick_annotated.txt,3477-num-1,3477-num-2,1.1
input-data/sick_annotated.txt,3478-num-1,3478-num-2,2.1
input-data/sick_annotated.txt,3479-num-1,3479-num-2,2.6
input-data/sick_annotated.txt,3480-num-1,3480-num-2,4.8
input-data/sick_annotated.txt,3481-num-1,3481-num-2,3.3
input-data/sick_annotated.txt,3482-num-1,3482-num-2,3.2
input-data/sick_annotated.txt,3483-num-1,3483-num-2,4.8
input-data/sick_annotated.txt,3484-num-1,3484-num-2,3.7
input-data/sick_annotated.txt,3485-num-1,3485-num-2,4.1
input-data/sick_annotated.txt,3486-num-1,3486-num-2,4
input-data/sick_annotated.txt,3487-num-1,3487-num-2,3
input-data/sick_annotated.txt,3488-num-1,3488-num-2,3.8
input-data/sick_annotated.txt,3489-num-1,3489-num-2,3.8
input-data/sick_annotated.txt,3490-num-1,3490-num-2,3.9
input-data/sick_annotated.txt,3491-num-1,3491-num-2,2.9
input-data/sick_annotated.txt,3492-num-1,3492-num-2,4
input-data/sick_annotated.txt,3493-num-1,3493-num-2,5
input-data/sick_annotated.txt,3497-num-1,3497-num-2,3.9
input-data/sick_annotated.txt,3498-num-1,3498-num-2,3.835
input-data/sick_annotated.txt,3499-num-1,3499-num-2,2.6
input-data/sick_annotated.txt,3500-num-1,3500-num-2,3
input-data/sick_annotated.txt,3501-num-1,3501-num-2,4.8
input-data/sick_annotated.txt,3502-num-1,3502-num-2,4.4
input-data/sick_annotated.txt,3504-num-1,3504-num-2,4.4
input-data/sick_annotated.txt,3505-num-1,3505-num-2,3.6
input-data/sick_annotated.txt,3506-num-1,3506-num-2,4.9
input-data/sick_annotated.txt,3507-num-1,3507-num-2,3
input-data/sick_annotated.txt,3508-num-1,3508-num-2,4.8
input-data/sick_annotated.txt,3509-num-1,3509-num-2,2.9
input-data/sick_annotated.txt,3510-num-1,3510-num-2,4.6
input-data/sick_annotated.txt,3511-num-1,3511-num-2,3.6
input-data/sick_annotated.txt,3512-num-1,3512-num-2,4.8
input-data/sick_annotated.txt,3513-num-1,3513-num-2,4.9
input-data/sick_annotated.txt,3514-num-1,3514-num-2,2.9
input-data/sick_annotated.txt,3515-num-1,3515-num-2,4.7
input-data/sick_annotated.txt,3516-num-1,3516-num-2,3.9
input-data/sick_annotated.txt,3517-num-1,3517-num-2,3
input-data/sick_annotated.txt,3518-num-1,3518-num-2,3.3
input-data/sick_annotated.txt,3519-num-1,3519-num-2,3.6
input-data/sick_annotated.txt,3520-num-1,3520-num-2,3.1
input-data/sick_annotated.txt,3521-num-1,3521-num-2,3.5
input-data/sick_annotated.txt,3522-num-1,3522-num-2,4.9
input-data/sick_annotated.txt,3523-num-1,3523-num-2,3.615
input-data/sick_annotated.txt,3524-num-1,3524-num-2,4.9
input-data/sick_annotated.txt,3525-num-1,3525-num-2,3.4
input-data/sick_annotated.txt,3526-num-1,3526-num-2,3.2
input-data/sick_annotated.txt,3527-num-1,3527-num-2,4.6
input-data/sick_annotated.txt,3528-num-1,3528-num-2,3.4
input-data/sick_annotated.txt,3529-num-1,3529-num-2,2.9
input-data/sick_annotated.txt,3530-num-1,3530-num-2,4.8
input-data/sick_annotated.txt,3531-num-1,3531-num-2,3
input-data/sick_annotated.txt,3532-num-1,3532-num-2,4.5
input-data/sick_annotated.txt,3533-num-1,3533-num-2,4.8
input-data/sick_annotated.txt,3534-num-1,3534-num-2,3.8
input-data/sick_annotated.txt,3535-num-1,3535-num-2,2.7
input-data/sick_annotated.txt,3536-num-1,3536-num-2,4.9
input-data/sick_annotated.txt,3537-num-1,3537-num-2,3.7
input-data/sick_annotated.txt,3538-num-1,3538-num-2,4.1
input-data/sick_annotated.txt,3539-num-1,3539-num-2,2.6
input-data/sick_annotated.txt,3540-num-1,3540-num-2,3.915
input-data/sick_annotated.txt,3541-num-1,3541-num-2,4.1
input-data/sick_annotated.txt,3542-num-1,3542-num-2,3
input-data/sick_annotated.txt,3543-num-1,3543-num-2,4
input-data/sick_annotated.txt,3544-num-1,3544-num-2,4.9
input-data/sick_annotated.txt,3545-num-1,3545-num-2,3.1
input-data/sick_annotated.txt,3548-num-1,3548-num-2,2.7
input-data/sick_annotated.txt,3549-num-1,3549-num-2,2.1
input-data/sick_annotated.txt,3550-num-1,3550-num-2,2.1
input-data/sick_annotated.txt,3551-num-1,3551-num-2,2.4
input-data/sick_annotated.txt,3552-num-1,3552-num-2,1.9
input-data/sick_annotated.txt,3553-num-1,3553-num-2,4.6
input-data/sick_annotated.txt,3554-num-1,3554-num-2,4.2
input-data/sick_annotated.txt,3555-num-1,3555-num-2,4.6
input-data/sick_annotated.txt,3556-num-1,3556-num-2,2.9
input-data/sick_annotated.txt,3557-num-1,3557-num-2,3.1
input-data/sick_annotated.txt,3558-num-1,3558-num-2,4.1
input-data/sick_annotated.txt,3559-num-1,3559-num-2,2.6
input-data/sick_annotated.txt,3560-num-1,3560-num-2,3.1
input-data/sick_annotated.txt,3561-num-1,3561-num-2,4.45
input-data/sick_annotated.txt,3562-num-1,3562-num-2,4.2
input-data/sick_annotated.txt,3563-num-1,3563-num-2,4.4
input-data/sick_annotated.txt,3564-num-1,3564-num-2,4.7
input-data/sick_annotated.txt,3565-num-1,3565-num-2,3.7
input-data/sick_annotated.txt,3566-num-1,3566-num-2,3.085
input-data/sick_annotated.txt,3567-num-1,3567-num-2,4.6
input-data/sick_annotated.txt,3568-num-1,3568-num-2,4
input-data/sick_annotated.txt,3569-num-1,3569-num-2,4.9
input-data/sick_annotated.txt,3570-num-1,3570-num-2,3.5
input-data/sick_annotated.txt,3571-num-1,3571-num-2,4.5
input-data/sick_annotated.txt,3572-num-1,3572-num-2,4.2
input-data/sick_annotated.txt,3573-num-1,3573-num-2,2.8
input-data/sick_annotated.txt,3574-num-1,3574-num-2,4.4
input-data/sick_annotated.txt,3575-num-1,3575-num-2,4.8
input-data/sick_annotated.txt,3576-num-1,3576-num-2,3.9
input-data/sick_annotated.txt,3577-num-1,3577-num-2,4.5
input-data/sick_annotated.txt,3578-num-1,3578-num-2,4
input-data/sick_annotated.txt,3579-num-1,3579-num-2,3.2
input-data/sick_annotated.txt,3580-num-1,3580-num-2,3.1
input-data/sick_annotated.txt,3581-num-1,3581-num-2,2.4
input-data/sick_annotated.txt,3582-num-1,3582-num-2,2.5
input-data/sick_annotated.txt,3583-num-1,3583-num-2,3.035
input-data/sick_annotated.txt,3584-num-1,3584-num-2,4.9
input-data/sick_annotated.txt,3585-num-1,3585-num-2,4.3
input-data/sick_annotated.txt,3586-num-1,3586-num-2,4.6
input-data/sick_annotated.txt,3587-num-1,3587-num-2,3.5
input-data/sick_annotated.txt,3588-num-1,3588-num-2,4.7
input-data/sick_annotated.txt,3589-num-1,3589-num-2,3.385
input-data/sick_annotated.txt,3590-num-1,3590-num-2,4.8
input-data/sick_annotated.txt,3591-num-1,3591-num-2,4.5
input-data/sick_annotated.txt,3592-num-1,3592-num-2,4.8
input-data/sick_annotated.txt,3593-num-1,3593-num-2,4.5
input-data/sick_annotated.txt,3594-num-1,3594-num-2,2.8
input-data/sick_annotated.txt,3595-num-1,3595-num-2,4.9
input-data/sick_annotated.txt,3596-num-1,3596-num-2,4.1
input-data/sick_annotated.txt,3597-num-1,3597-num-2,2.8
input-data/sick_annotated.txt,3598-num-1,3598-num-2,4.3
input-data/sick_annotated.txt,3599-num-1,3599-num-2,3.8
input-data/sick_annotated.txt,3600-num-1,3600-num-2,4.1
input-data/sick_annotated.txt,3601-num-1,3601-num-2,4.3
input-data/sick_annotated.txt,3602-num-1,3602-num-2,2.3
input-data/sick_annotated.txt,3603-num-1,3603-num-2,4.3
input-data/sick_annotated.txt,3605-num-1,3605-num-2,3.4
input-data/sick_annotated.txt,3606-num-1,3606-num-2,4.9
input-data/sick_annotated.txt,3607-num-1,3607-num-2,3
input-data/sick_annotated.txt,3608-num-1,3608-num-2,3.1
input-data/sick_annotated.txt,3609-num-1,3609-num-2,3.1
input-data/sick_annotated.txt,3610-num-1,3610-num-2,2.6
input-data/sick_annotated.txt,3611-num-1,3611-num-2,3.4
input-data/sick_annotated.txt,3612-num-1,3612-num-2,2.5
input-data/sick_annotated.txt,3613-num-1,3613-num-2,2.2
input-data/sick_annotated.txt,3614-num-1,3614-num-2,2.6
input-data/sick_annotated.txt,3615-num-1,3615-num-2,4.9
input-data/sick_annotated.txt,3616-num-1,3616-num-2,3.5
input-data/sick_annotated.txt,3617-num-1,3617-num-2,4.5
input-data/sick_annotated.txt,3618-num-1,3618-num-2,3.1
input-data/sick_annotated.txt,3619-num-1,3619-num-2,4.3
input-data/sick_annotated.txt,3620-num-1,3620-num-2,3.8
input-data/sick_annotated.txt,3621-num-1,3621-num-2,4.1
input-data/sick_annotated.txt,3622-num-1,3622-num-2,3.9
input-data/sick_annotated.txt,3623-num-1,3623-num-2,4.3
input-data/sick_annotated.txt,3624-num-1,3624-num-2,4.5
input-data/sick_annotated.txt,3625-num-1,3625-num-2,3.4
input-data/sick_annotated.txt,3626-num-1,3626-num-2,4.7
input-data/sick_annotated.txt,3627-num-1,3627-num-2,3.2
input-data/sick_annotated.txt,3628-num-1,3628-num-2,3.535
input-data/sick_annotated.txt,3629-num-1,3629-num-2,4.6
input-data/sick_annotated.txt,3630-num-1,3630-num-2,3.5
input-data/sick_annotated.txt,3631-num-1,3631-num-2,2.6
input-data/sick_annotated.txt,3632-num-1,3632-num-2,4.2
input-data/sick_annotated.txt,3633-num-1,3633-num-2,3.8
input-data/sick_annotated.txt,3634-num-1,3634-num-2,4.4
input-data/sick_annotated.txt,3635-num-1,3635-num-2,4.7
input-data/sick_annotated.txt,3636-num-1,3636-num-2,2.1
input-data/sick_annotated.txt,3637-num-1,3637-num-2,5
input-data/sick_annotated.txt,3638-num-1,3638-num-2,3.6
input-data/sick_annotated.txt,3639-num-1,3639-num-2,3.5
input-data/sick_annotated.txt,3640-num-1,3640-num-2,3.6
input-data/sick_annotated.txt,3641-num-1,3641-num-2,4.2
input-data/sick_annotated.txt,3642-num-1,3642-num-2,3.2
input-data/sick_annotated.txt,3643-num-1,3643-num-2,3.5
input-data/sick_annotated.txt,3644-num-1,3644-num-2,4.3
input-data/sick_annotated.txt,3645-num-1,3645-num-2,3.6
input-data/sick_annotated.txt,3646-num-1,3646-num-2,2.9
input-data/sick_annotated.txt,3647-num-1,3647-num-2,5
input-data/sick_annotated.txt,3648-num-1,3648-num-2,4
input-data/sick_annotated.txt,3649-num-1,3649-num-2,3.7
input-data/sick_annotated.txt,3650-num-1,3650-num-2,4
input-data/sick_annotated.txt,3651-num-1,3651-num-2,2.9
input-data/sick_annotated.txt,3652-num-1,3652-num-2,3.285
input-data/sick_annotated.txt,3653-num-1,3653-num-2,3.7
input-data/sick_annotated.txt,3654-num-1,3654-num-2,2.9
input-data/sick_annotated.txt,3655-num-1,3655-num-2,3.5
input-data/sick_annotated.txt,3656-num-1,3656-num-2,3.3
input-data/sick_annotated.txt,3657-num-1,3657-num-2,5
input-data/sick_annotated.txt,3658-num-1,3658-num-2,3.5
input-data/sick_annotated.txt,3659-num-1,3659-num-2,4.8
input-data/sick_annotated.txt,3660-num-1,3660-num-2,3.8
input-data/sick_annotated.txt,3661-num-1,3661-num-2,2.7
input-data/sick_annotated.txt,3662-num-1,3662-num-2,1.8
input-data/sick_annotated.txt,3663-num-1,3663-num-2,2.4
input-data/sick_annotated.txt,3664-num-1,3664-num-2,2.6
input-data/sick_annotated.txt,3665-num-1,3665-num-2,2.3
input-data/sick_annotated.txt,3666-num-1,3666-num-2,4.9
input-data/sick_annotated.txt,3667-num-1,3667-num-2,3.1
input-data/sick_annotated.txt,3668-num-1,3668-num-2,5
input-data/sick_annotated.txt,3669-num-1,3669-num-2,3.5
input-data/sick_annotated.txt,3670-num-1,3670-num-2,4.9
input-data/sick_annotated.txt,3671-num-1,3671-num-2,2.3
input-data/sick_annotated.txt,3672-num-1,3672-num-2,2.7
input-data/sick_annotated.txt,3673-num-1,3673-num-2,2.5
input-data/sick_annotated.txt,3674-num-1,3674-num-2,2.7
input-data/sick_annotated.txt,3675-num-1,3675-num-2,2
input-data/sick_annotated.txt,3676-num-1,3676-num-2,3.6
input-data/sick_annotated.txt,3677-num-1,3677-num-2,4.6
input-data/sick_annotated.txt,3678-num-1,3678-num-2,2.5
input-data/sick_annotated.txt,3679-num-1,3679-num-2,4.8
input-data/sick_annotated.txt,3680-num-1,3680-num-2,3.7
input-data/sick_annotated.txt,3681-num-1,3681-num-2,4.6
input-data/sick_annotated.txt,3682-num-1,3682-num-2,3.9
input-data/sick_annotated.txt,3683-num-1,3683-num-2,3.8
input-data/sick_annotated.txt,3684-num-1,3684-num-2,3.9
input-data/sick_annotated.txt,3685-num-1,3685-num-2,3.8
input-data/sick_annotated.txt,3686-num-1,3686-num-2,1.3
input-data/sick_annotated.txt,3687-num-1,3687-num-2,3.9
input-data/sick_annotated.txt,3688-num-1,3688-num-2,4.8
input-data/sick_annotated.txt,3689-num-1,3689-num-2,4.4
input-data/sick_annotated.txt,3690-num-1,3690-num-2,3.9
input-data/sick_annotated.txt,3691-num-1,3691-num-2,4.6
input-data/sick_annotated.txt,3692-num-1,3692-num-2,3.6
input-data/sick_annotated.txt,3693-num-1,3693-num-2,4.5
input-data/sick_annotated.txt,3694-num-1,3694-num-2,3.1
input-data/sick_annotated.txt,3695-num-1,3695-num-2,4.9
input-data/sick_annotated.txt,3696-num-1,3696-num-2,4
input-data/sick_annotated.txt,3697-num-1,3697-num-2,2.7
input-data/sick_annotated.txt,3698-num-1,3698-num-2,5
input-data/sick_annotated.txt,3699-num-1,3699-num-2,5
input-data/sick_annotated.txt,3700-num-1,3700-num-2,3.6
input-data/sick_annotated.txt,3701-num-1,3701-num-2,4.8
input-data/sick_annotated.txt,3702-num-1,3702-num-2,2.915
input-data/sick_annotated.txt,3703-num-1,3703-num-2,4.3
input-data/sick_annotated.txt,3704-num-1,3704-num-2,3
input-data/sick_annotated.txt,3705-num-1,3705-num-2,4.2
input-data/sick_annotated.txt,3706-num-1,3706-num-2,3.6
input-data/sick_annotated.txt,3707-num-1,3707-num-2,4.5
input-data/sick_annotated.txt,3710-num-1,3710-num-2,4.8
input-data/sick_annotated.txt,3711-num-1,3711-num-2,3.8
input-data/sick_annotated.txt,3714-num-1,3714-num-2,3.6
input-data/sick_annotated.txt,3715-num-1,3715-num-2,3.2
input-data/sick_annotated.txt,3716-num-1,3716-num-2,4.6
input-data/sick_annotated.txt,3717-num-1,3717-num-2,3.1
input-data/sick_annotated.txt,3719-num-1,3719-num-2,4.9
input-data/sick_annotated.txt,3720-num-1,3720-num-2,4
input-data/sick_annotated.txt,3721-num-1,3721-num-2,4.9
input-data/sick_annotated.txt,3722-num-1,3722-num-2,3.9
input-data/sick_annotated.txt,3723-num-1,3723-num-2,3.7
input-data/sick_annotated.txt,3724-num-1,3724-num-2,3
input-data/sick_annotated.txt,3725-num-1,3725-num-2,4.3
input-data/sick_annotated.txt,3726-num-1,3726-num-2,3.1
input-data/sick_annotated.txt,3727-num-1,3727-num-2,4
input-data/sick_annotated.txt,3728-num-1,3728-num-2,4.1
input-data/sick_annotated.txt,3729-num-1,3729-num-2,4.1
input-data/sick_annotated.txt,3730-num-1,3730-num-2,3.9
input-data/sick_annotated.txt,3731-num-1,3731-num-2,4.8
input-data/sick_annotated.txt,3732-num-1,3732-num-2,3.4
input-data/sick_annotated.txt,3733-num-1,3733-num-2,4.3
input-data/sick_annotated.txt,3734-num-1,3734-num-2,3.5
input-data/sick_annotated.txt,3735-num-1,3735-num-2,3.1
input-data/sick_annotated.txt,3736-num-1,3736-num-2,3.4
input-data/sick_annotated.txt,3737-num-1,3737-num-2,3.5
input-data/sick_annotated.txt,3738-num-1,3738-num-2,3.2
input-data/sick_annotated.txt,3739-num-1,3739-num-2,3.165
input-data/sick_annotated.txt,3740-num-1,3740-num-2,3.5
input-data/sick_annotated.txt,3741-num-1,3741-num-2,4.5
input-data/sick_annotated.txt,3742-num-1,3742-num-2,3.9
input-data/sick_annotated.txt,3743-num-1,3743-num-2,4.7
input-data/sick_annotated.txt,3744-num-1,3744-num-2,3.7
input-data/sick_annotated.txt,3745-num-1,3745-num-2,3.2
input-data/sick_annotated.txt,3746-num-1,3746-num-2,3.4
input-data/sick_annotated.txt,3747-num-1,3747-num-2,3.2
input-data/sick_annotated.txt,3748-num-1,3748-num-2,2.7
input-data/sick_annotated.txt,3749-num-1,3749-num-2,3.6
input-data/sick_annotated.txt,3750-num-1,3750-num-2,4.2
input-data/sick_annotated.txt,3751-num-1,3751-num-2,3.6
input-data/sick_annotated.txt,3752-num-1,3752-num-2,5
input-data/sick_annotated.txt,3753-num-1,3753-num-2,3.3
input-data/sick_annotated.txt,3754-num-1,3754-num-2,4.5
input-data/sick_annotated.txt,3755-num-1,3755-num-2,3.2
input-data/sick_annotated.txt,3756-num-1,3756-num-2,4.8
input-data/sick_annotated.txt,3757-num-1,3757-num-2,3.4
input-data/sick_annotated.txt,3758-num-1,3758-num-2,4.5
input-data/sick_annotated.txt,3761-num-1,3761-num-2,4.9
input-data/sick_annotated.txt,3762-num-1,3762-num-2,2.7
input-data/sick_annotated.txt,3763-num-1,3763-num-2,5
input-data/sick_annotated.txt,3765-num-1,3765-num-2,4.4
input-data/sick_annotated.txt,3766-num-1,3766-num-2,3.4
input-data/sick_annotated.txt,3768-num-1,3768-num-2,4.9
input-data/sick_annotated.txt,3769-num-1,3769-num-2,3.3
input-data/sick_annotated.txt,3770-num-1,3770-num-2,4.4
input-data/sick_annotated.txt,3771-num-1,3771-num-2,3.7
input-data/sick_annotated.txt,3772-num-1,3772-num-2,4.9
input-data/sick_annotated.txt,3773-num-1,3773-num-2,3.7
input-data/sick_annotated.txt,3774-num-1,3774-num-2,4.7
input-data/sick_annotated.txt,3775-num-1,3775-num-2,3.6
input-data/sick_annotated.txt,3776-num-1,3776-num-2,4.6
input-data/sick_annotated.txt,3777-num-1,3777-num-2,4.9
input-data/sick_annotated.txt,3778-num-1,3778-num-2,2.8
input-data/sick_annotated.txt,3779-num-1,3779-num-2,3.6
input-data/sick_annotated.txt,3780-num-1,3780-num-2,4.5
input-data/sick_annotated.txt,3781-num-1,3781-num-2,3.6
input-data/sick_annotated.txt,3782-num-1,3782-num-2,2.8
input-data/sick_annotated.txt,3783-num-1,3783-num-2,3.7
input-data/sick_annotated.txt,3784-num-1,3784-num-2,1.9
input-data/sick_annotated.txt,3785-num-1,3785-num-2,3.1
input-data/sick_annotated.txt,3786-num-1,3786-num-2,4
input-data/sick_annotated.txt,3787-num-1,3787-num-2,2.3
input-data/sick_annotated.txt,3788-num-1,3788-num-2,3
input-data/sick_annotated.txt,3789-num-1,3789-num-2,3.4
input-data/sick_annotated.txt,3790-num-1,3790-num-2,5
input-data/sick_annotated.txt,3791-num-1,3791-num-2,3.6
input-data/sick_annotated.txt,3792-num-1,3792-num-2,4.8
input-data/sick_annotated.txt,3793-num-1,3793-num-2,4.2
input-data/sick_annotated.txt,3794-num-1,3794-num-2,3.2
input-data/sick_annotated.txt,3795-num-1,3795-num-2,4.6
input-data/sick_annotated.txt,3796-num-1,3796-num-2,3.8
input-data/sick_annotated.txt,3797-num-1,3797-num-2,3.9
input-data/sick_annotated.txt,3798-num-1,3798-num-2,4.665
input-data/sick_annotated.txt,3799-num-1,3799-num-2,2.7
input-data/sick_annotated.txt,3800-num-1,3800-num-2,4.7
input-data/sick_annotated.txt,3801-num-1,3801-num-2,5
input-data/sick_annotated.txt,3802-num-1,3802-num-2,3.7
input-data/sick_annotated.txt,3803-num-1,3803-num-2,3.8
input-data/sick_annotated.txt,3804-num-1,3804-num-2,4.3
input-data/sick_annotated.txt,3805-num-1,3805-num-2,3
input-data/sick_annotated.txt,3806-num-1,3806-num-2,4.3
input-data/sick_annotated.txt,3807-num-1,3807-num-2,2.3
input-data/sick_annotated.txt,3808-num-1,3808-num-2,2.25
input-data/sick_annotated.txt,3809-num-1,3809-num-2,2.9
input-data/sick_annotated.txt,3810-num-1,3810-num-2,2.4
input-data/sick_annotated.txt,3811-num-1,3811-num-2,2.7
input-data/sick_annotated.txt,3812-num-1,3812-num-2,4.8
input-data/sick_annotated.txt,3813-num-1,3813-num-2,3.2
input-data/sick_annotated.txt,3814-num-1,3814-num-2,3
input-data/sick_annotated.txt,3815-num-1,3815-num-2,5
input-data/sick_annotated.txt,3816-num-1,3816-num-2,4.2
input-data/sick_annotated.txt,3817-num-1,3817-num-2,4.9
input-data/sick_annotated.txt,3818-num-1,3818-num-2,3.3
input-data/sick_annotated.txt,3819-num-1,3819-num-2,4.4
input-data/sick_annotated.txt,3820-num-1,3820-num-2,3.2
input-data/sick_annotated.txt,3821-num-1,3821-num-2,3
input-data/sick_annotated.txt,3822-num-1,3822-num-2,4.4
input-data/sick_annotated.txt,3823-num-1,3823-num-2,4.3
input-data/sick_annotated.txt,3824-num-1,3824-num-2,4
input-data/sick_annotated.txt,3825-num-1,3825-num-2,5
input-data/sick_annotated.txt,3826-num-1,3826-num-2,3.5
input-data/sick_annotated.txt,3827-num-1,3827-num-2,4.9
input-data/sick_annotated.txt,3828-num-1,3828-num-2,3.7
input-data/sick_annotated.txt,3829-num-1,3829-num-2,4.8
input-data/sick_annotated.txt,3830-num-1,3830-num-2,3.4
input-data/sick_annotated.txt,3831-num-1,3831-num-2,4.9
input-data/sick_annotated.txt,3832-num-1,3832-num-2,4.8
input-data/sick_annotated.txt,3833-num-1,3833-num-2,3.9
input-data/sick_annotated.txt,3834-num-1,3834-num-2,4.4
input-data/sick_annotated.txt,3835-num-1,3835-num-2,3.2
input-data/sick_annotated.txt,3836-num-1,3836-num-2,4.6
input-data/sick_annotated.txt,3837-num-1,3837-num-2,4.4
input-data/sick_annotated.txt,3838-num-1,3838-num-2,3.8
input-data/sick_annotated.txt,3839-num-1,3839-num-2,4.7
input-data/sick_annotated.txt,3840-num-1,3840-num-2,4.3
input-data/sick_annotated.txt,3841-num-1,3841-num-2,4
input-data/sick_annotated.txt,3842-num-1,3842-num-2,4.3
input-data/sick_annotated.txt,3843-num-1,3843-num-2,4.5
input-data/sick_annotated.txt,3844-num-1,3844-num-2,3.6
input-data/sick_annotated.txt,3845-num-1,3845-num-2,3.3
input-data/sick_annotated.txt,3846-num-1,3846-num-2,5
input-data/sick_annotated.txt,3847-num-1,3847-num-2,3.9
input-data/sick_annotated.txt,3848-num-1,3848-num-2,4.3
input-data/sick_annotated.txt,3849-num-1,3849-num-2,3
input-data/sick_annotated.txt,3850-num-1,3850-num-2,3.9
input-data/sick_annotated.txt,3851-num-1,3851-num-2,3.4
input-data/sick_annotated.txt,3852-num-1,3852-num-2,2.9
input-data/sick_annotated.txt,3853-num-1,3853-num-2,4.4
input-data/sick_annotated.txt,3854-num-1,3854-num-2,4.435
input-data/sick_annotated.txt,3855-num-1,3855-num-2,3.2
input-data/sick_annotated.txt,3856-num-1,3856-num-2,4.7
input-data/sick_annotated.txt,3857-num-1,3857-num-2,3.8
input-data/sick_annotated.txt,3858-num-1,3858-num-2,4.1
input-data/sick_annotated.txt,3859-num-1,3859-num-2,3.8
input-data/sick_annotated.txt,3860-num-1,3860-num-2,3.7
input-data/sick_annotated.txt,3861-num-1,3861-num-2,3.4
input-data/sick_annotated.txt,3862-num-1,3862-num-2,3.285
input-data/sick_annotated.txt,3863-num-1,3863-num-2,2.7
input-data/sick_annotated.txt,3864-num-1,3864-num-2,3.3
input-data/sick_annotated.txt,3865-num-1,3865-num-2,4.7
input-data/sick_annotated.txt,3866-num-1,3866-num-2,3.1
input-data/sick_annotated.txt,3867-num-1,3867-num-2,5
input-data/sick_annotated.txt,3868-num-1,3868-num-2,3.8
input-data/sick_annotated.txt,3869-num-1,3869-num-2,3.4
input-data/sick_annotated.txt,3870-num-1,3870-num-2,3.9
input-data/sick_annotated.txt,3871-num-1,3871-num-2,3.2
input-data/sick_annotated.txt,3872-num-1,3872-num-2,3.2
input-data/sick_annotated.txt,3873-num-1,3873-num-2,3.6
input-data/sick_annotated.txt,3874-num-1,3874-num-2,2.9
input-data/sick_annotated.txt,3875-num-1,3875-num-2,4.3
input-data/sick_annotated.txt,3876-num-1,3876-num-2,4.5
input-data/sick_annotated.txt,3877-num-1,3877-num-2,2.5
input-data/sick_annotated.txt,3878-num-1,3878-num-2,5
input-data/sick_annotated.txt,3879-num-1,3879-num-2,3.9
input-data/sick_annotated.txt,3880-num-1,3880-num-2,4.4
input-data/sick_annotated.txt,3881-num-1,3881-num-2,3.2
input-data/sick_annotated.txt,3882-num-1,3882-num-2,4
input-data/sick_annotated.txt,3883-num-1,3883-num-2,2.4
input-data/sick_annotated.txt,3884-num-1,3884-num-2,4.3
input-data/sick_annotated.txt,3885-num-1,3885-num-2,4.6
input-data/sick_annotated.txt,3886-num-1,3886-num-2,4.4
input-data/sick_annotated.txt,3887-num-1,3887-num-2,4.8
input-data/sick_annotated.txt,3888-num-1,3888-num-2,2.8
input-data/sick_annotated.txt,3889-num-1,3889-num-2,2.4
input-data/sick_annotated.txt,3891-num-1,3891-num-2,3.4
input-data/sick_annotated.txt,3892-num-1,3892-num-2,2.9
input-data/sick_annotated.txt,3893-num-1,3893-num-2,3.2
input-data/sick_annotated.txt,3894-num-1,3894-num-2,5
input-data/sick_annotated.txt,3895-num-1,3895-num-2,3.015
input-data/sick_annotated.txt,3896-num-1,3896-num-2,4.8
input-data/sick_annotated.txt,3897-num-1,3897-num-2,3.4
input-data/sick_annotated.txt,3898-num-1,3898-num-2,3
input-data/sick_annotated.txt,3899-num-1,3899-num-2,2.2
input-data/sick_annotated.txt,3900-num-1,3900-num-2,3.7
input-data/sick_annotated.txt,3901-num-1,3901-num-2,1.2
input-data/sick_annotated.txt,3902-num-1,3902-num-2,3.4
input-data/sick_annotated.txt,3904-num-1,3904-num-2,3.5
input-data/sick_annotated.txt,3905-num-1,3905-num-2,4.3
input-data/sick_annotated.txt,3906-num-1,3906-num-2,2.5
input-data/sick_annotated.txt,3907-num-1,3907-num-2,4.2
input-data/sick_annotated.txt,3908-num-1,3908-num-2,3.1
input-data/sick_annotated.txt,3909-num-1,3909-num-2,4.3
input-data/sick_annotated.txt,3910-num-1,3910-num-2,3.4
input-data/sick_annotated.txt,3911-num-1,3911-num-2,4.2
input-data/sick_annotated.txt,3912-num-1,3912-num-2,4.5
input-data/sick_annotated.txt,3913-num-1,3913-num-2,3.6
input-data/sick_annotated.txt,3914-num-1,3914-num-2,4.5
input-data/sick_annotated.txt,3915-num-1,3915-num-2,3.3
input-data/sick_annotated.txt,3916-num-1,3916-num-2,4.1
input-data/sick_annotated.txt,3917-num-1,3917-num-2,3.3
input-data/sick_annotated.txt,3918-num-1,3918-num-2,4.3
input-data/sick_annotated.txt,3919-num-1,3919-num-2,3.4
input-data/sick_annotated.txt,3920-num-1,3920-num-2,3.8
input-data/sick_annotated.txt,3921-num-1,3921-num-2,4.4
input-data/sick_annotated.txt,3922-num-1,3922-num-2,3.8
input-data/sick_annotated.txt,3923-num-1,3923-num-2,3.7
input-data/sick_annotated.txt,3924-num-1,3924-num-2,5
input-data/sick_annotated.txt,3925-num-1,3925-num-2,3.3
input-data/sick_annotated.txt,3926-num-1,3926-num-2,2.9
input-data/sick_annotated.txt,3927-num-1,3927-num-2,2.1
input-data/sick_annotated.txt,3928-num-1,3928-num-2,1.8
input-data/sick_annotated.txt,3929-num-1,3929-num-2,1.4
input-data/sick_annotated.txt,3930-num-1,3930-num-2,2.9
input-data/sick_annotated.txt,3931-num-1,3931-num-2,1.6
input-data/sick_annotated.txt,3932-num-1,3932-num-2,2.2
input-data/sick_annotated.txt,3933-num-1,3933-num-2,2.2
input-data/sick_annotated.txt,3934-num-1,3934-num-2,4.9
input-data/sick_annotated.txt,3935-num-1,3935-num-2,3.2
input-data/sick_annotated.txt,3936-num-1,3936-num-2,4.6
input-data/sick_annotated.txt,3937-num-1,3937-num-2,2.4
input-data/sick_annotated.txt,3938-num-1,3938-num-2,4.4
input-data/sick_annotated.txt,3939-num-1,3939-num-2,3.4
input-data/sick_annotated.txt,3940-num-1,3940-num-2,4.8
input-data/sick_annotated.txt,3941-num-1,3941-num-2,3.9
input-data/sick_annotated.txt,3942-num-1,3942-num-2,4.6
input-data/sick_annotated.txt,3943-num-1,3943-num-2,4.8
input-data/sick_annotated.txt,3944-num-1,3944-num-2,3.5
input-data/sick_annotated.txt,3945-num-1,3945-num-2,4.6
input-data/sick_annotated.txt,3946-num-1,3946-num-2,3.6
input-data/sick_annotated.txt,3947-num-1,3947-num-2,4.2
input-data/sick_annotated.txt,3948-num-1,3948-num-2,4.3
input-data/sick_annotated.txt,3949-num-1,3949-num-2,4.8
input-data/sick_annotated.txt,3950-num-1,3950-num-2,3.1
input-data/sick_annotated.txt,3951-num-1,3951-num-2,4.6
input-data/sick_annotated.txt,3952-num-1,3952-num-2,4.9
input-data/sick_annotated.txt,3953-num-1,3953-num-2,3.5
input-data/sick_annotated.txt,3954-num-1,3954-num-2,4.9
input-data/sick_annotated.txt,3955-num-1,3955-num-2,3.5
input-data/sick_annotated.txt,3956-num-1,3956-num-2,2.6
input-data/sick_annotated.txt,3957-num-1,3957-num-2,3.8
input-data/sick_annotated.txt,3958-num-1,3958-num-2,2.9
input-data/sick_annotated.txt,3959-num-1,3959-num-2,2.2
input-data/sick_annotated.txt,3960-num-1,3960-num-2,4.4
input-data/sick_annotated.txt,3961-num-1,3961-num-2,2.9
input-data/sick_annotated.txt,3962-num-1,3962-num-2,4.2
input-data/sick_annotated.txt,3963-num-1,3963-num-2,4.9
input-data/sick_annotated.txt,3964-num-1,3964-num-2,3.9
input-data/sick_annotated.txt,3965-num-1,3965-num-2,4.8
input-data/sick_annotated.txt,3966-num-1,3966-num-2,3.8
input-data/sick_annotated.txt,3967-num-1,3967-num-2,3.6
input-data/sick_annotated.txt,3968-num-1,3968-num-2,2.3
input-data/sick_annotated.txt,3969-num-1,3969-num-2,2.5
input-data/sick_annotated.txt,3970-num-1,3970-num-2,2.4
input-data/sick_annotated.txt,3971-num-1,3971-num-2,3.2
input-data/sick_annotated.txt,3972-num-1,3972-num-2,4.5
input-data/sick_annotated.txt,3973-num-1,3973-num-2,3
input-data/sick_annotated.txt,3974-num-1,3974-num-2,4.9
input-data/sick_annotated.txt,3975-num-1,3975-num-2,3.4
input-data/sick_annotated.txt,3976-num-1,3976-num-2,4.4
input-data/sick_annotated.txt,3977-num-1,3977-num-2,3.3
input-data/sick_annotated.txt,3978-num-1,3978-num-2,4.27
input-data/sick_annotated.txt,3979-num-1,3979-num-2,3.6
input-data/sick_annotated.txt,3980-num-1,3980-num-2,4.4
input-data/sick_annotated.txt,3981-num-1,3981-num-2,5
input-data/sick_annotated.txt,3982-num-1,3982-num-2,3.7
input-data/sick_annotated.txt,3983-num-1,3983-num-2,5
input-data/sick_annotated.txt,3985-num-1,3985-num-2,3.3
input-data/sick_annotated.txt,3986-num-1,3986-num-2,2.4
input-data/sick_annotated.txt,3987-num-1,3987-num-2,3.3
input-data/sick_annotated.txt,3988-num-1,3988-num-2,2.5
input-data/sick_annotated.txt,3990-num-1,3990-num-2,4.1
input-data/sick_annotated.txt,3991-num-1,3991-num-2,3.7
input-data/sick_annotated.txt,3992-num-1,3992-num-2,4.9
input-data/sick_annotated.txt,3994-num-1,3994-num-2,3.5
input-data/sick_annotated.txt,3995-num-1,3995-num-2,3.1
input-data/sick_annotated.txt,3996-num-1,3996-num-2,2.2
input-data/sick_annotated.txt,3997-num-1,3997-num-2,2
input-data/sick_annotated.txt,3998-num-1,3998-num-2,2.3
input-data/sick_annotated.txt,3999-num-1,3999-num-2,1.885
input-data/sick_annotated.txt,4000-num-1,4000-num-2,2.5
input-data/sick_annotated.txt,4001-num-1,4001-num-2,4.3
input-data/sick_annotated.txt,4002-num-1,4002-num-2,4.3
input-data/sick_annotated.txt,4003-num-1,4003-num-2,3.1
input-data/sick_annotated.txt,4004-num-1,4004-num-2,4.9
input-data/sick_annotated.txt,4005-num-1,4005-num-2,4.1
input-data/sick_annotated.txt,4006-num-1,4006-num-2,4.8
input-data/sick_annotated.txt,4007-num-1,4007-num-2,2.9
input-data/sick_annotated.txt,4008-num-1,4008-num-2,4.3
input-data/sick_annotated.txt,4009-num-1,4009-num-2,3.8
input-data/sick_annotated.txt,4010-num-1,4010-num-2,3.5
input-data/sick_annotated.txt,4011-num-1,4011-num-2,4.8
input-data/sick_annotated.txt,4012-num-1,4012-num-2,4.5
input-data/sick_annotated.txt,4013-num-1,4013-num-2,3
input-data/sick_annotated.txt,4014-num-1,4014-num-2,2.835
input-data/sick_annotated.txt,4015-num-1,4015-num-2,4.9
input-data/sick_annotated.txt,4016-num-1,4016-num-2,3.6
input-data/sick_annotated.txt,4017-num-1,4017-num-2,3.8
input-data/sick_annotated.txt,4018-num-1,4018-num-2,4.5
input-data/sick_annotated.txt,4019-num-1,4019-num-2,3.9
input-data/sick_annotated.txt,4020-num-1,4020-num-2,3
input-data/sick_annotated.txt,4021-num-1,4021-num-2,4.6
input-data/sick_annotated.txt,4022-num-1,4022-num-2,3.4
input-data/sick_annotated.txt,4023-num-1,4023-num-2,2.3
input-data/sick_annotated.txt,4024-num-1,4024-num-2,4.8
input-data/sick_annotated.txt,4025-num-1,4025-num-2,4.9
input-data/sick_annotated.txt,4026-num-1,4026-num-2,3.7
input-data/sick_annotated.txt,4027-num-1,4027-num-2,4.8
input-data/sick_annotated.txt,4028-num-1,4028-num-2,4.5
input-data/sick_annotated.txt,4029-num-1,4029-num-2,3.1
input-data/sick_annotated.txt,4030-num-1,4030-num-2,3.5
input-data/sick_annotated.txt,4031-num-1,4031-num-2,2.9
input-data/sick_annotated.txt,4032-num-1,4032-num-2,2.7
input-data/sick_annotated.txt,4033-num-1,4033-num-2,3.7
input-data/sick_annotated.txt,4034-num-1,4034-num-2,2.235
input-data/sick_annotated.txt,4035-num-1,4035-num-2,3.9
input-data/sick_annotated.txt,4036-num-1,4036-num-2,5
input-data/sick_annotated.txt,4037-num-1,4037-num-2,4
input-data/sick_annotated.txt,4038-num-1,4038-num-2,5
input-data/sick_annotated.txt,4039-num-1,4039-num-2,3.8
input-data/sick_annotated.txt,4040-num-1,4040-num-2,3.9
input-data/sick_annotated.txt,4041-num-1,4041-num-2,2.6
input-data/sick_annotated.txt,4042-num-1,4042-num-2,4.3
input-data/sick_annotated.txt,4043-num-1,4043-num-2,2.7
input-data/sick_annotated.txt,4044-num-1,4044-num-2,4.2
input-data/sick_annotated.txt,4045-num-1,4045-num-2,4.5
input-data/sick_annotated.txt,4046-num-1,4046-num-2,2.6
input-data/sick_annotated.txt,4047-num-1,4047-num-2,4.7
input-data/sick_annotated.txt,4048-num-1,4048-num-2,3
input-data/sick_annotated.txt,4049-num-1,4049-num-2,4.4
input-data/sick_annotated.txt,4050-num-1,4050-num-2,3.2
input-data/sick_annotated.txt,4051-num-1,4051-num-2,3.9
input-data/sick_annotated.txt,4052-num-1,4052-num-2,2.4
input-data/sick_annotated.txt,4053-num-1,4053-num-2,4.2
input-data/sick_annotated.txt,4054-num-1,4054-num-2,4.5
input-data/sick_annotated.txt,4055-num-1,4055-num-2,3.4
input-data/sick_annotated.txt,4056-num-1,4056-num-2,4.8
input-data/sick_annotated.txt,4057-num-1,4057-num-2,3.6
input-data/sick_annotated.txt,4058-num-1,4058-num-2,3.2
input-data/sick_annotated.txt,4059-num-1,4059-num-2,2.3
input-data/sick_annotated.txt,4060-num-1,4060-num-2,2.6
input-data/sick_annotated.txt,4061-num-1,4061-num-2,2.3
input-data/sick_annotated.txt,4062-num-1,4062-num-2,3.7
input-data/sick_annotated.txt,4063-num-1,4063-num-2,4.8
input-data/sick_annotated.txt,4064-num-1,4064-num-2,3.235
input-data/sick_annotated.txt,4065-num-1,4065-num-2,3.9
input-data/sick_annotated.txt,4066-num-1,4066-num-2,4.6
input-data/sick_annotated.txt,4067-num-1,4067-num-2,3.3
input-data/sick_annotated.txt,4068-num-1,4068-num-2,3.5
input-data/sick_annotated.txt,4069-num-1,4069-num-2,2.9
input-data/sick_annotated.txt,4070-num-1,4070-num-2,3.6
input-data/sick_annotated.txt,4071-num-1,4071-num-2,3.7
input-data/sick_annotated.txt,4072-num-1,4072-num-2,3.5
input-data/sick_annotated.txt,4073-num-1,4073-num-2,3.6
input-data/sick_annotated.txt,4074-num-1,4074-num-2,5
input-data/sick_annotated.txt,4075-num-1,4075-num-2,3.635
input-data/sick_annotated.txt,4076-num-1,4076-num-2,5
input-data/sick_annotated.txt,4077-num-1,4077-num-2,4.2
input-data/sick_annotated.txt,4078-num-1,4078-num-2,2.9
input-data/sick_annotated.txt,4079-num-1,4079-num-2,4.7
input-data/sick_annotated.txt,4080-num-1,4080-num-2,4.3
input-data/sick_annotated.txt,4081-num-1,4081-num-2,3
input-data/sick_annotated.txt,4082-num-1,4082-num-2,5
input-data/sick_annotated.txt,4083-num-1,4083-num-2,3.9
input-data/sick_annotated.txt,4084-num-1,4084-num-2,5
input-data/sick_annotated.txt,4085-num-1,4085-num-2,4.9
input-data/sick_annotated.txt,4086-num-1,4086-num-2,3.9
input-data/sick_annotated.txt,4087-num-1,4087-num-2,2.865
input-data/sick_annotated.txt,4088-num-1,4088-num-2,3.4
input-data/sick_annotated.txt,4089-num-1,4089-num-2,3.9
input-data/sick_annotated.txt,4090-num-1,4090-num-2,4
input-data/sick_annotated.txt,4091-num-1,4091-num-2,3.5
input-data/sick_annotated.txt,4092-num-1,4092-num-2,3.5
input-data/sick_annotated.txt,4093-num-1,4093-num-2,4.6
input-data/sick_annotated.txt,4094-num-1,4094-num-2,4.1
input-data/sick_annotated.txt,4095-num-1,4095-num-2,4
input-data/sick_annotated.txt,4096-num-1,4096-num-2,3.3
input-data/sick_annotated.txt,4097-num-1,4097-num-2,4.6
input-data/sick_annotated.txt,4098-num-1,4098-num-2,4.5
input-data/sick_annotated.txt,4099-num-1,4099-num-2,3.2
input-data/sick_annotated.txt,4100-num-1,4100-num-2,4.8
input-data/sick_annotated.txt,4101-num-1,4101-num-2,3.1
input-data/sick_annotated.txt,4102-num-1,4102-num-2,2.8
input-data/sick_annotated.txt,4103-num-1,4103-num-2,2.7
input-data/sick_annotated.txt,4104-num-1,4104-num-2,3
input-data/sick_annotated.txt,4105-num-1,4105-num-2,2.2
input-data/sick_annotated.txt,4106-num-1,4106-num-2,3.1
input-data/sick_annotated.txt,4107-num-1,4107-num-2,5
input-data/sick_annotated.txt,4108-num-1,4108-num-2,4.1
input-data/sick_annotated.txt,4109-num-1,4109-num-2,4.9
input-data/sick_annotated.txt,4110-num-1,4110-num-2,3.2
input-data/sick_annotated.txt,4111-num-1,4111-num-2,4.4
input-data/sick_annotated.txt,4112-num-1,4112-num-2,3.1
input-data/sick_annotated.txt,4113-num-1,4113-num-2,4.4
input-data/sick_annotated.txt,4114-num-1,4114-num-2,3.2
input-data/sick_annotated.txt,4115-num-1,4115-num-2,4.2
input-data/sick_annotated.txt,4116-num-1,4116-num-2,4.9
input-data/sick_annotated.txt,4117-num-1,4117-num-2,3.9
input-data/sick_annotated.txt,4118-num-1,4118-num-2,4.7
input-data/sick_annotated.txt,4119-num-1,4119-num-2,2.8
input-data/sick_annotated.txt,4120-num-1,4120-num-2,3.4
input-data/sick_annotated.txt,4121-num-1,4121-num-2,3.8
input-data/sick_annotated.txt,4122-num-1,4122-num-2,4.3
input-data/sick_annotated.txt,4123-num-1,4123-num-2,3.2
input-data/sick_annotated.txt,4124-num-1,4124-num-2,4.3
input-data/sick_annotated.txt,4125-num-1,4125-num-2,3.7
input-data/sick_annotated.txt,4126-num-1,4126-num-2,4
input-data/sick_annotated.txt,4127-num-1,4127-num-2,5
input-data/sick_annotated.txt,4128-num-1,4128-num-2,3.4
input-data/sick_annotated.txt,4129-num-1,4129-num-2,2.4
input-data/sick_annotated.txt,4130-num-1,4130-num-2,3.8
input-data/sick_annotated.txt,4131-num-1,4131-num-2,2.9
input-data/sick_annotated.txt,4132-num-1,4132-num-2,3.6
input-data/sick_annotated.txt,4134-num-1,4134-num-2,3.7
input-data/sick_annotated.txt,4135-num-1,4135-num-2,4.7
input-data/sick_annotated.txt,4136-num-1,4136-num-2,4.3
input-data/sick_annotated.txt,4137-num-1,4137-num-2,3.5
input-data/sick_annotated.txt,4138-num-1,4138-num-2,4.6
input-data/sick_annotated.txt,4139-num-1,4139-num-2,3.2
input-data/sick_annotated.txt,4140-num-1,4140-num-2,3.4
input-data/sick_annotated.txt,4141-num-1,4141-num-2,3.1
input-data/sick_annotated.txt,4142-num-1,4142-num-2,3.6
input-data/sick_annotated.txt,4143-num-1,4143-num-2,3.2
input-data/sick_annotated.txt,4144-num-1,4144-num-2,2.8
input-data/sick_annotated.txt,4145-num-1,4145-num-2,4.9
input-data/sick_annotated.txt,4147-num-1,4147-num-2,4.9
input-data/sick_annotated.txt,4148-num-1,4148-num-2,3.3
input-data/sick_annotated.txt,4149-num-1,4149-num-2,3
input-data/sick_annotated.txt,4150-num-1,4150-num-2,3.3
input-data/sick_annotated.txt,4151-num-1,4151-num-2,2.8
input-data/sick_annotated.txt,4152-num-1,4152-num-2,2.4
input-data/sick_annotated.txt,4153-num-1,4153-num-2,3.5
input-data/sick_annotated.txt,4154-num-1,4154-num-2,5
input-data/sick_annotated.txt,4155-num-1,4155-num-2,3.7
input-data/sick_annotated.txt,4157-num-1,4157-num-2,4
input-data/sick_annotated.txt,4158-num-1,4158-num-2,2.6
input-data/sick_annotated.txt,4159-num-1,4159-num-2,3.7
input-data/sick_annotated.txt,4160-num-1,4160-num-2,3
input-data/sick_annotated.txt,4161-num-1,4161-num-2,2.615
input-data/sick_annotated.txt,4162-num-1,4162-num-2,3
input-data/sick_annotated.txt,4163-num-1,4163-num-2,4.6
input-data/sick_annotated.txt,4164-num-1,4164-num-2,3.7
input-data/sick_annotated.txt,4165-num-1,4165-num-2,4.4
input-data/sick_annotated.txt,4166-num-1,4166-num-2,3.2
input-data/sick_annotated.txt,4167-num-1,4167-num-2,3.5
input-data/sick_annotated.txt,4168-num-1,4168-num-2,3.6
input-data/sick_annotated.txt,4169-num-1,4169-num-2,3.8
input-data/sick_annotated.txt,4170-num-1,4170-num-2,3.6
input-data/sick_annotated.txt,4171-num-1,4171-num-2,4
input-data/sick_annotated.txt,4172-num-1,4172-num-2,4.7
input-data/sick_annotated.txt,4173-num-1,4173-num-2,3.2
input-data/sick_annotated.txt,4174-num-1,4174-num-2,4.8
input-data/sick_annotated.txt,4175-num-1,4175-num-2,3.8
input-data/sick_annotated.txt,4176-num-1,4176-num-2,4.1
input-data/sick_annotated.txt,4177-num-1,4177-num-2,3
input-data/sick_annotated.txt,4178-num-1,4178-num-2,4.3
input-data/sick_annotated.txt,4179-num-1,4179-num-2,3.4
input-data/sick_annotated.txt,4180-num-1,4180-num-2,4.4
input-data/sick_annotated.txt,4181-num-1,4181-num-2,4.3
input-data/sick_annotated.txt,4182-num-1,4182-num-2,3.6
input-data/sick_annotated.txt,4183-num-1,4183-num-2,4.4
input-data/sick_annotated.txt,4184-num-1,4184-num-2,4.5
input-data/sick_annotated.txt,4185-num-1,4185-num-2,2.3
input-data/sick_annotated.txt,4186-num-1,4186-num-2,3.9
input-data/sick_annotated.txt,4187-num-1,4187-num-2,3.8
input-data/sick_annotated.txt,4188-num-1,4188-num-2,1.9
input-data/sick_annotated.txt,4189-num-1,4189-num-2,3.9
input-data/sick_annotated.txt,4190-num-1,4190-num-2,2.8
input-data/sick_annotated.txt,4191-num-1,4191-num-2,3.6
input-data/sick_annotated.txt,4192-num-1,4192-num-2,4.8
input-data/sick_annotated.txt,4193-num-1,4193-num-2,3.7
input-data/sick_annotated.txt,4194-num-1,4194-num-2,4.4
input-data/sick_annotated.txt,4195-num-1,4195-num-2,3.9
input-data/sick_annotated.txt,4196-num-1,4196-num-2,1.7
input-data/sick_annotated.txt,4197-num-1,4197-num-2,1.3
input-data/sick_annotated.txt,4198-num-1,4198-num-2,2.1
input-data/sick_annotated.txt,4199-num-1,4199-num-2,1.6
input-data/sick_annotated.txt,4200-num-1,4200-num-2,2.4
input-data/sick_annotated.txt,4201-num-1,4201-num-2,5
input-data/sick_annotated.txt,4202-num-1,4202-num-2,3.9
input-data/sick_annotated.txt,4203-num-1,4203-num-2,4.4
input-data/sick_annotated.txt,4204-num-1,4204-num-2,3.2
input-data/sick_annotated.txt,4205-num-1,4205-num-2,4.8
input-data/sick_annotated.txt,4206-num-1,4206-num-2,3.6
input-data/sick_annotated.txt,4207-num-1,4207-num-2,4.4
input-data/sick_annotated.txt,4208-num-1,4208-num-2,3.7
input-data/sick_annotated.txt,4209-num-1,4209-num-2,4.6
input-data/sick_annotated.txt,4210-num-1,4210-num-2,5
input-data/sick_annotated.txt,4211-num-1,4211-num-2,3.5
input-data/sick_annotated.txt,4212-num-1,4212-num-2,4.3
input-data/sick_annotated.txt,4213-num-1,4213-num-2,4
input-data/sick_annotated.txt,4214-num-1,4214-num-2,3.9
input-data/sick_annotated.txt,4215-num-1,4215-num-2,3.3
input-data/sick_annotated.txt,4216-num-1,4216-num-2,3.8
input-data/sick_annotated.txt,4217-num-1,4217-num-2,1.9
input-data/sick_annotated.txt,4218-num-1,4218-num-2,3.5
input-data/sick_annotated.txt,4219-num-1,4219-num-2,4.8
input-data/sick_annotated.txt,4220-num-1,4220-num-2,2.8
input-data/sick_annotated.txt,4221-num-1,4221-num-2,4.4
input-data/sick_annotated.txt,4222-num-1,4222-num-2,3.2
input-data/sick_annotated.txt,4223-num-1,4223-num-2,4
input-data/sick_annotated.txt,4224-num-1,4224-num-2,2.7
input-data/sick_annotated.txt,4225-num-1,4225-num-2,3.7
input-data/sick_annotated.txt,4226-num-1,4226-num-2,2.3
input-data/sick_annotated.txt,4227-num-1,4227-num-2,4.1
input-data/sick_annotated.txt,4228-num-1,4228-num-2,4.8
input-data/sick_annotated.txt,4229-num-1,4229-num-2,3.1
input-data/sick_annotated.txt,4230-num-1,4230-num-2,4.6
input-data/sick_annotated.txt,4231-num-1,4231-num-2,3.3
input-data/sick_annotated.txt,4232-num-1,4232-num-2,1.8
input-data/sick_annotated.txt,4233-num-1,4233-num-2,1.3
input-data/sick_annotated.txt,4234-num-1,4234-num-2,1.45
input-data/sick_annotated.txt,4235-num-1,4235-num-2,1.535
input-data/sick_annotated.txt,4236-num-1,4236-num-2,2.3
input-data/sick_annotated.txt,4237-num-1,4237-num-2,4.9
input-data/sick_annotated.txt,4238-num-1,4238-num-2,4
input-data/sick_annotated.txt,4240-num-1,4240-num-2,3.2
input-data/sick_annotated.txt,4241-num-1,4241-num-2,2.9
input-data/sick_annotated.txt,4242-num-1,4242-num-2,2.3
input-data/sick_annotated.txt,4243-num-1,4243-num-2,3
input-data/sick_annotated.txt,4244-num-1,4244-num-2,2
input-data/sick_annotated.txt,4245-num-1,4245-num-2,2.7
input-data/sick_annotated.txt,4246-num-1,4246-num-2,4.8
input-data/sick_annotated.txt,4247-num-1,4247-num-2,3.3
input-data/sick_annotated.txt,4248-num-1,4248-num-2,4.2
input-data/sick_annotated.txt,4249-num-1,4249-num-2,3.5
input-data/sick_annotated.txt,4250-num-1,4250-num-2,3.4
input-data/sick_annotated.txt,4251-num-1,4251-num-2,3.7
input-data/sick_annotated.txt,4252-num-1,4252-num-2,3.9
input-data/sick_annotated.txt,4253-num-1,4253-num-2,2.3
input-data/sick_annotated.txt,4254-num-1,4254-num-2,4.5
input-data/sick_annotated.txt,4255-num-1,4255-num-2,4.3
input-data/sick_annotated.txt,4256-num-1,4256-num-2,4.4
input-data/sick_annotated.txt,4257-num-1,4257-num-2,4.7
input-data/sick_annotated.txt,4258-num-1,4258-num-2,2.9
input-data/sick_annotated.txt,4259-num-1,4259-num-2,4.6
input-data/sick_annotated.txt,4260-num-1,4260-num-2,3.4
input-data/sick_annotated.txt,4261-num-1,4261-num-2,1.4
input-data/sick_annotated.txt,4262-num-1,4262-num-2,1.2
input-data/sick_annotated.txt,4263-num-1,4263-num-2,1.4
input-data/sick_annotated.txt,4264-num-1,4264-num-2,1.3
input-data/sick_annotated.txt,4265-num-1,4265-num-2,1.3
input-data/sick_annotated.txt,4266-num-1,4266-num-2,4.9
input-data/sick_annotated.txt,4267-num-1,4267-num-2,3.9
input-data/sick_annotated.txt,4268-num-1,4268-num-2,4.9
input-data/sick_annotated.txt,4269-num-1,4269-num-2,3.5
input-data/sick_annotated.txt,4270-num-1,4270-num-2,4.7
input-data/sick_annotated.txt,4271-num-1,4271-num-2,4
input-data/sick_annotated.txt,4272-num-1,4272-num-2,4.4
input-data/sick_annotated.txt,4273-num-1,4273-num-2,3.7
input-data/sick_annotated.txt,4274-num-1,4274-num-2,4.7
input-data/sick_annotated.txt,4275-num-1,4275-num-2,4.7
input-data/sick_annotated.txt,4276-num-1,4276-num-2,4.05
input-data/sick_annotated.txt,4277-num-1,4277-num-2,4.9
input-data/sick_annotated.txt,4278-num-1,4278-num-2,3.6
input-data/sick_annotated.txt,4279-num-1,4279-num-2,4.1
input-data/sick_annotated.txt,4280-num-1,4280-num-2,4.4
input-data/sick_annotated.txt,4281-num-1,4281-num-2,4.6
input-data/sick_annotated.txt,4282-num-1,4282-num-2,3.5
input-data/sick_annotated.txt,4283-num-1,4283-num-2,4.4
input-data/sick_annotated.txt,4284-num-1,4284-num-2,4.8
input-data/sick_annotated.txt,4285-num-1,4285-num-2,3.4
input-data/sick_annotated.txt,4286-num-1,4286-num-2,5
input-data/sick_annotated.txt,4287-num-1,4287-num-2,3.8
input-data/sick_annotated.txt,4288-num-1,4288-num-2,4.4
input-data/sick_annotated.txt,4289-num-1,4289-num-2,4.085
input-data/sick_annotated.txt,4290-num-1,4290-num-2,4.2
input-data/sick_annotated.txt,4291-num-1,4291-num-2,3.5
input-data/sick_annotated.txt,4292-num-1,4292-num-2,4.4
input-data/sick_annotated.txt,4293-num-1,4293-num-2,4.9
input-data/sick_annotated.txt,4294-num-1,4294-num-2,3.4
input-data/sick_annotated.txt,4295-num-1,4295-num-2,4.8
input-data/sick_annotated.txt,4296-num-1,4296-num-2,3.8
input-data/sick_annotated.txt,4297-num-1,4297-num-2,4.7
input-data/sick_annotated.txt,4298-num-1,4298-num-2,2.8
input-data/sick_annotated.txt,4300-num-1,4300-num-2,4.4
input-data/sick_annotated.txt,4301-num-1,4301-num-2,4.9
input-data/sick_annotated.txt,4302-num-1,4302-num-2,4.8
input-data/sick_annotated.txt,4303-num-1,4303-num-2,3.3
input-data/sick_annotated.txt,4304-num-1,4304-num-2,4.5
input-data/sick_annotated.txt,4305-num-1,4305-num-2,4.5
input-data/sick_annotated.txt,4306-num-1,4306-num-2,1
input-data/sick_annotated.txt,4307-num-1,4307-num-2,1
input-data/sick_annotated.txt,4308-num-1,4308-num-2,1.1
input-data/sick_annotated.txt,4309-num-1,4309-num-2,1
input-data/sick_annotated.txt,4310-num-1,4310-num-2,1
input-data/sick_annotated.txt,4311-num-1,4311-num-2,4.8
input-data/sick_annotated.txt,4312-num-1,4312-num-2,3.6
input-data/sick_annotated.txt,4313-num-1,4313-num-2,4.9
input-data/sick_annotated.txt,4314-num-1,4314-num-2,3.6
input-data/sick_annotated.txt,4315-num-1,4315-num-2,3
input-data/sick_annotated.txt,4316-num-1,4316-num-2,3.9
input-data/sick_annotated.txt,4317-num-1,4317-num-2,2.4
input-data/sick_annotated.txt,4318-num-1,4318-num-2,3
input-data/sick_annotated.txt,4319-num-1,4319-num-2,2.7
input-data/sick_annotated.txt,4320-num-1,4320-num-2,4.1
input-data/sick_annotated.txt,4321-num-1,4321-num-2,3.8
input-data/sick_annotated.txt,4322-num-1,4322-num-2,3.4
input-data/sick_annotated.txt,4323-num-1,4323-num-2,3.9
input-data/sick_annotated.txt,4324-num-1,4324-num-2,2.8
input-data/sick_annotated.txt,4325-num-1,4325-num-2,2.4
input-data/sick_annotated.txt,4326-num-1,4326-num-2,4.4
input-data/sick_annotated.txt,4327-num-1,4327-num-2,4.1
input-data/sick_annotated.txt,4328-num-1,4328-num-2,2.5
input-data/sick_annotated.txt,4329-num-1,4329-num-2,4.9
input-data/sick_annotated.txt,4330-num-1,4330-num-2,3.4
input-data/sick_annotated.txt,4331-num-1,4331-num-2,2.6
input-data/sick_annotated.txt,4332-num-1,4332-num-2,5
input-data/sick_annotated.txt,4333-num-1,4333-num-2,4
input-data/sick_annotated.txt,4334-num-1,4334-num-2,3.8
input-data/sick_annotated.txt,4337-num-1,4337-num-2,1.8
input-data/sick_annotated.txt,4338-num-1,4338-num-2,1.4
input-data/sick_annotated.txt,4339-num-1,4339-num-2,2
input-data/sick_annotated.txt,4340-num-1,4340-num-2,1.4
input-data/sick_annotated.txt,4341-num-1,4341-num-2,1.7
input-data/sick_annotated.txt,4342-num-1,4342-num-2,4.6
input-data/sick_annotated.txt,4343-num-1,4343-num-2,3.3
input-data/sick_annotated.txt,4344-num-1,4344-num-2,4.9
input-data/sick_annotated.txt,4345-num-1,4345-num-2,3.3
input-data/sick_annotated.txt,4346-num-1,4346-num-2,4
input-data/sick_annotated.txt,4347-num-1,4347-num-2,3.4
input-data/sick_annotated.txt,4348-num-1,4348-num-2,2.8
input-data/sick_annotated.txt,4349-num-1,4349-num-2,3.1
input-data/sick_annotated.txt,4350-num-1,4350-num-2,3.7
input-data/sick_annotated.txt,4351-num-1,4351-num-2,4.8
input-data/sick_annotated.txt,4352-num-1,4352-num-2,3.4
input-data/sick_annotated.txt,4353-num-1,4353-num-2,4.7
input-data/sick_annotated.txt,4354-num-1,4354-num-2,2.4
input-data/sick_annotated.txt,4355-num-1,4355-num-2,1
input-data/sick_annotated.txt,4356-num-1,4356-num-2,1
input-data/sick_annotated.txt,4357-num-1,4357-num-2,1
input-data/sick_annotated.txt,4358-num-1,4358-num-2,1
input-data/sick_annotated.txt,4359-num-1,4359-num-2,1
input-data/sick_annotated.txt,4360-num-1,4360-num-2,4.4
input-data/sick_annotated.txt,4361-num-1,4361-num-2,4.3
input-data/sick_annotated.txt,4362-num-1,4362-num-2,2.8
input-data/sick_annotated.txt,4363-num-1,4363-num-2,3.7
input-data/sick_annotated.txt,4364-num-1,4364-num-2,3
input-data/sick_annotated.txt,4365-num-1,4365-num-2,3
input-data/sick_annotated.txt,4366-num-1,4366-num-2,3.1
input-data/sick_annotated.txt,4367-num-1,4367-num-2,3.6
input-data/sick_annotated.txt,4368-num-1,4368-num-2,2.8
input-data/sick_annotated.txt,4369-num-1,4369-num-2,2
input-data/sick_annotated.txt,4370-num-1,4370-num-2,3.9
input-data/sick_annotated.txt,4372-num-1,4372-num-2,3.8
input-data/sick_annotated.txt,4373-num-1,4373-num-2,5
input-data/sick_annotated.txt,4374-num-1,4374-num-2,3
input-data/sick_annotated.txt,4375-num-1,4375-num-2,2.1
input-data/sick_annotated.txt,4376-num-1,4376-num-2,2.7
input-data/sick_annotated.txt,4377-num-1,4377-num-2,2.5
input-data/sick_annotated.txt,4378-num-1,4378-num-2,2.3
input-data/sick_annotated.txt,4379-num-1,4379-num-2,2.915
input-data/sick_annotated.txt,4380-num-1,4380-num-2,4.9
input-data/sick_annotated.txt,4382-num-1,4382-num-2,4.8
input-data/sick_annotated.txt,4383-num-1,4383-num-2,2.9
input-data/sick_annotated.txt,4387-num-1,4387-num-2,3
input-data/sick_annotated.txt,4389-num-1,4389-num-2,5
input-data/sick_annotated.txt,4390-num-1,4390-num-2,4.1
input-data/sick_annotated.txt,4391-num-1,4391-num-2,4.3
input-data/sick_annotated.txt,4392-num-1,4392-num-2,3.5
input-data/sick_annotated.txt,4393-num-1,4393-num-2,4.1
input-data/sick_annotated.txt,4394-num-1,4394-num-2,4.7
input-data/sick_annotated.txt,4395-num-1,4395-num-2,4.1
input-data/sick_annotated.txt,4396-num-1,4396-num-2,3.6
input-data/sick_annotated.txt,4397-num-1,4397-num-2,4.3
input-data/sick_annotated.txt,4398-num-1,4398-num-2,5
input-data/sick_annotated.txt,4399-num-1,4399-num-2,3.5
input-data/sick_annotated.txt,4400-num-1,4400-num-2,4.9
input-data/sick_annotated.txt,4401-num-1,4401-num-2,3.3
input-data/sick_annotated.txt,4402-num-1,4402-num-2,5
input-data/sick_annotated.txt,4403-num-1,4403-num-2,3.6
input-data/sick_annotated.txt,4404-num-1,4404-num-2,4.9
input-data/sick_annotated.txt,4405-num-1,4405-num-2,3.6
input-data/sick_annotated.txt,4406-num-1,4406-num-2,5
input-data/sick_annotated.txt,4407-num-1,4407-num-2,4.7
input-data/sick_annotated.txt,4408-num-1,4408-num-2,3.3
input-data/sick_annotated.txt,4409-num-1,4409-num-2,4.4
input-data/sick_annotated.txt,4410-num-1,4410-num-2,3.9
input-data/sick_annotated.txt,4411-num-1,4411-num-2,3.7
input-data/sick_annotated.txt,4412-num-1,4412-num-2,2.4
input-data/sick_annotated.txt,4413-num-1,4413-num-2,3.8
input-data/sick_annotated.txt,4414-num-1,4414-num-2,3.8
input-data/sick_annotated.txt,4415-num-1,4415-num-2,3.8
input-data/sick_annotated.txt,4416-num-1,4416-num-2,4.8
input-data/sick_annotated.txt,4417-num-1,4417-num-2,3.6
input-data/sick_annotated.txt,4418-num-1,4418-num-2,4.9
input-data/sick_annotated.txt,4419-num-1,4419-num-2,3.5
input-data/sick_annotated.txt,4420-num-1,4420-num-2,1
input-data/sick_annotated.txt,4421-num-1,4421-num-2,1
input-data/sick_annotated.txt,4422-num-1,4422-num-2,1
input-data/sick_annotated.txt,4423-num-1,4423-num-2,1
input-data/sick_annotated.txt,4424-num-1,4424-num-2,1
input-data/sick_annotated.txt,4425-num-1,4425-num-2,4.6
input-data/sick_annotated.txt,4426-num-1,4426-num-2,3.9
input-data/sick_annotated.txt,4427-num-1,4427-num-2,4.4
input-data/sick_annotated.txt,4428-num-1,4428-num-2,4.1
input-data/sick_annotated.txt,4429-num-1,4429-num-2,3
input-data/sick_annotated.txt,4430-num-1,4430-num-2,2.5
input-data/sick_annotated.txt,4431-num-1,4431-num-2,1.9
input-data/sick_annotated.txt,4432-num-1,4432-num-2,3.4
input-data/sick_annotated.txt,4433-num-1,4433-num-2,3
input-data/sick_annotated.txt,4434-num-1,4434-num-2,4.4
input-data/sick_annotated.txt,4436-num-1,4436-num-2,4.2
input-data/sick_annotated.txt,4437-num-1,4437-num-2,4.4
input-data/sick_annotated.txt,4438-num-1,4438-num-2,1
input-data/sick_annotated.txt,4439-num-1,4439-num-2,1
input-data/sick_annotated.txt,4440-num-1,4440-num-2,1.1
input-data/sick_annotated.txt,4441-num-1,4441-num-2,1
input-data/sick_annotated.txt,4442-num-1,4442-num-2,1
input-data/sick_annotated.txt,4443-num-1,4443-num-2,4.2
input-data/sick_annotated.txt,4444-num-1,4444-num-2,3.2
input-data/sick_annotated.txt,4445-num-1,4445-num-2,4.3
input-data/sick_annotated.txt,4446-num-1,4446-num-2,3.4
input-data/sick_annotated.txt,4447-num-1,4447-num-2,1.7
input-data/sick_annotated.txt,4448-num-1,4448-num-2,2.2
input-data/sick_annotated.txt,4449-num-1,4449-num-2,2.1
input-data/sick_annotated.txt,4450-num-1,4450-num-2,1.9
input-data/sick_annotated.txt,4451-num-1,4451-num-2,2
input-data/sick_annotated.txt,4452-num-1,4452-num-2,4.7
input-data/sick_annotated.txt,4453-num-1,4453-num-2,3.3
input-data/sick_annotated.txt,4454-num-1,4454-num-2,4.35
input-data/sick_annotated.txt,4455-num-1,4455-num-2,3.3
input-data/sick_annotated.txt,4456-num-1,4456-num-2,4
input-data/sick_annotated.txt,4457-num-1,4457-num-2,4.3
input-data/sick_annotated.txt,4458-num-1,4458-num-2,4.1
input-data/sick_annotated.txt,4459-num-1,4459-num-2,3.5
input-data/sick_annotated.txt,4460-num-1,4460-num-2,4.4
input-data/sick_annotated.txt,4461-num-1,4461-num-2,4.6
input-data/sick_annotated.txt,4462-num-1,4462-num-2,3.5
input-data/sick_annotated.txt,4463-num-1,4463-num-2,4.45
input-data/sick_annotated.txt,4464-num-1,4464-num-2,3.6
input-data/sick_annotated.txt,4465-num-1,4465-num-2,3.5
input-data/sick_annotated.txt,4466-num-1,4466-num-2,2.4
input-data/sick_annotated.txt,4467-num-1,4467-num-2,3.6
input-data/sick_annotated.txt,4468-num-1,4468-num-2,2.6
input-data/sick_annotated.txt,4469-num-1,4469-num-2,3.6
input-data/sick_annotated.txt,4470-num-1,4470-num-2,4.8
input-data/sick_annotated.txt,4471-num-1,4471-num-2,4
input-data/sick_annotated.txt,4472-num-1,4472-num-2,5
input-data/sick_annotated.txt,4473-num-1,4473-num-2,3.8
input-data/sick_annotated.txt,4474-num-1,4474-num-2,1
input-data/sick_annotated.txt,4475-num-1,4475-num-2,1
input-data/sick_annotated.txt,4476-num-1,4476-num-2,1.1
input-data/sick_annotated.txt,4477-num-1,4477-num-2,1.2
input-data/sick_annotated.txt,4478-num-1,4478-num-2,1
input-data/sick_annotated.txt,4479-num-1,4479-num-2,4.6
input-data/sick_annotated.txt,4480-num-1,4480-num-2,3
input-data/sick_annotated.txt,4481-num-1,4481-num-2,5
input-data/sick_annotated.txt,4482-num-1,4482-num-2,3.5
input-data/sick_annotated.txt,4483-num-1,4483-num-2,1
input-data/sick_annotated.txt,4484-num-1,4484-num-2,1
input-data/sick_annotated.txt,4485-num-1,4485-num-2,1
input-data/sick_annotated.txt,4486-num-1,4486-num-2,1
input-data/sick_annotated.txt,4487-num-1,4487-num-2,1
input-data/sick_annotated.txt,4488-num-1,4488-num-2,4.435
input-data/sick_annotated.txt,4489-num-1,4489-num-2,4.5
input-data/sick_annotated.txt,4490-num-1,4490-num-2,4.1
input-data/sick_annotated.txt,4491-num-1,4491-num-2,3.4
input-data/sick_annotated.txt,4493-num-1,4493-num-2,3.1
input-data/sick_annotated.txt,4494-num-1,4494-num-2,4.6
input-data/sick_annotated.txt,4495-num-1,4495-num-2,3.3
input-data/sick_annotated.txt,4496-num-1,4496-num-2,4.3
input-data/sick_annotated.txt,4497-num-1,4497-num-2,4.5
input-data/sick_annotated.txt,4498-num-1,4498-num-2,3.3
input-data/sick_annotated.txt,4499-num-1,4499-num-2,4.9
input-data/sick_annotated.txt,4500-num-1,4500-num-2,3.4
input-data/sick_annotated.txt,4501-num-1,4501-num-2,3.2
input-data/sick_annotated.txt,4502-num-1,4502-num-2,3.9
input-data/sick_annotated.txt,4503-num-1,4503-num-2,3.1
input-data/sick_annotated.txt,4504-num-1,4504-num-2,1.8
input-data/sick_annotated.txt,4505-num-1,4505-num-2,4.2
input-data/sick_annotated.txt,4506-num-1,4506-num-2,3.4
input-data/sick_annotated.txt,4507-num-1,4507-num-2,4
input-data/sick_annotated.txt,4508-num-1,4508-num-2,4.9
input-data/sick_annotated.txt,4509-num-1,4509-num-2,3.3
input-data/sick_annotated.txt,4510-num-1,4510-num-2,5
input-data/sick_annotated.txt,4511-num-1,4511-num-2,3.5
input-data/sick_annotated.txt,4512-num-1,4512-num-2,1.1
input-data/sick_annotated.txt,4513-num-1,4513-num-2,1.1
input-data/sick_annotated.txt,4514-num-1,4514-num-2,1.1
input-data/sick_annotated.txt,4515-num-1,4515-num-2,1.3
input-data/sick_annotated.txt,4516-num-1,4516-num-2,1.3
input-data/sick_annotated.txt,4518-num-1,4518-num-2,3.5
input-data/sick_annotated.txt,4521-num-1,4521-num-2,2.2
input-data/sick_annotated.txt,4522-num-1,4522-num-2,3.5
input-data/sick_annotated.txt,4523-num-1,4523-num-2,2.8
input-data/sick_annotated.txt,4524-num-1,4524-num-2,2.4
input-data/sick_annotated.txt,4525-num-1,4525-num-2,2.9
input-data/sick_annotated.txt,4527-num-1,4527-num-2,3.8
input-data/sick_annotated.txt,4528-num-1,4528-num-2,4.4
input-data/sick_annotated.txt,4529-num-1,4529-num-2,4.4
input-data/sick_annotated.txt,4530-num-1,4530-num-2,1.3
input-data/sick_annotated.txt,4531-num-1,4531-num-2,1.7
input-data/sick_annotated.txt,4532-num-1,4532-num-2,3.5
input-data/sick_annotated.txt,4533-num-1,4533-num-2,1.5
input-data/sick_annotated.txt,4534-num-1,4534-num-2,2.9
input-data/sick_annotated.txt,4535-num-1,4535-num-2,4.4
input-data/sick_annotated.txt,4536-num-1,4536-num-2,3.8
input-data/sick_annotated.txt,4537-num-1,4537-num-2,4.9
input-data/sick_annotated.txt,4538-num-1,4538-num-2,4.6
input-data/sick_annotated.txt,4539-num-1,4539-num-2,3.5
input-data/sick_annotated.txt,4540-num-1,4540-num-2,3.1
input-data/sick_annotated.txt,4541-num-1,4541-num-2,4
input-data/sick_annotated.txt,4542-num-1,4542-num-2,3.4
input-data/sick_annotated.txt,4543-num-1,4543-num-2,3.7
input-data/sick_annotated.txt,4547-num-1,4547-num-2,3.3
input-data/sick_annotated.txt,4548-num-1,4548-num-2,3.615
input-data/sick_annotated.txt,4549-num-1,4549-num-2,4.3
input-data/sick_annotated.txt,4550-num-1,4550-num-2,3.8
input-data/sick_annotated.txt,4551-num-1,4551-num-2,3.1
input-data/sick_annotated.txt,4552-num-1,4552-num-2,3.7
input-data/sick_annotated.txt,4553-num-1,4553-num-2,4.9
input-data/sick_annotated.txt,4554-num-1,4554-num-2,4
input-data/sick_annotated.txt,4555-num-1,4555-num-2,4.9
input-data/sick_annotated.txt,4556-num-1,4556-num-2,3.4
input-data/sick_annotated.txt,4557-num-1,4557-num-2,3.5
input-data/sick_annotated.txt,4558-num-1,4558-num-2,3.5
input-data/sick_annotated.txt,4559-num-1,4559-num-2,3.5
input-data/sick_annotated.txt,4560-num-1,4560-num-2,3.1
input-data/sick_annotated.txt,4561-num-1,4561-num-2,4
input-data/sick_annotated.txt,4562-num-1,4562-num-2,4.5
input-data/sick_annotated.txt,4563-num-1,4563-num-2,3.9
input-data/sick_annotated.txt,4564-num-1,4564-num-2,4.8
input-data/sick_annotated.txt,4565-num-1,4565-num-2,4
input-data/sick_annotated.txt,4566-num-1,4566-num-2,4.2
input-data/sick_annotated.txt,4567-num-1,4567-num-2,4
input-data/sick_annotated.txt,4568-num-1,4568-num-2,4
input-data/sick_annotated.txt,4569-num-1,4569-num-2,3.4
input-data/sick_annotated.txt,4570-num-1,4570-num-2,4.4
input-data/sick_annotated.txt,4571-num-1,4571-num-2,4.2
input-data/sick_annotated.txt,4572-num-1,4572-num-2,3.6
input-data/sick_annotated.txt,4573-num-1,4573-num-2,4.6
input-data/sick_annotated.txt,4574-num-1,4574-num-2,3.3
input-data/sick_annotated.txt,4575-num-1,4575-num-2,2.2
input-data/sick_annotated.txt,4576-num-1,4576-num-2,2.1
input-data/sick_annotated.txt,4577-num-1,4577-num-2,1.7
input-data/sick_annotated.txt,4578-num-1,4578-num-2,1
input-data/sick_annotated.txt,4579-num-1,4579-num-2,1.9
input-data/sick_annotated.txt,4580-num-1,4580-num-2,5
input-data/sick_annotated.txt,4582-num-1,4582-num-2,4.5
input-data/sick_annotated.txt,4584-num-1,4584-num-2,4.1
input-data/sick_annotated.txt,4586-num-1,4586-num-2,5
input-data/sick_annotated.txt,4587-num-1,4587-num-2,3.8
input-data/sick_annotated.txt,4589-num-1,4589-num-2,4.4
input-data/sick_annotated.txt,4590-num-1,4590-num-2,3.3
input-data/sick_annotated.txt,4591-num-1,4591-num-2,4.9
input-data/sick_annotated.txt,4592-num-1,4592-num-2,3.3
input-data/sick_annotated.txt,4593-num-1,4593-num-2,1
input-data/sick_annotated.txt,4594-num-1,4594-num-2,1
input-data/sick_annotated.txt,4595-num-1,4595-num-2,1
input-data/sick_annotated.txt,4596-num-1,4596-num-2,1
input-data/sick_annotated.txt,4597-num-1,4597-num-2,1
input-data/sick_annotated.txt,4598-num-1,4598-num-2,4.8
input-data/sick_annotated.txt,4600-num-1,4600-num-2,4.6
input-data/sick_annotated.txt,4601-num-1,4601-num-2,3.5
input-data/sick_annotated.txt,4602-num-1,4602-num-2,4.4
input-data/sick_annotated.txt,4603-num-1,4603-num-2,3.2
input-data/sick_annotated.txt,4604-num-1,4604-num-2,4.5
input-data/sick_annotated.txt,4606-num-1,4606-num-2,4.4
input-data/sick_annotated.txt,4607-num-1,4607-num-2,4.8
input-data/sick_annotated.txt,4608-num-1,4608-num-2,3.3
input-data/sick_annotated.txt,4611-num-1,4611-num-2,4.7
input-data/sick_annotated.txt,4613-num-1,4613-num-2,4.9
input-data/sick_annotated.txt,4616-num-1,4616-num-2,4.5
input-data/sick_annotated.txt,4617-num-1,4617-num-2,3.5
input-data/sick_annotated.txt,4618-num-1,4618-num-2,4.8
input-data/sick_annotated.txt,4619-num-1,4619-num-2,3.8
input-data/sick_annotated.txt,4620-num-1,4620-num-2,4.5
input-data/sick_annotated.txt,4621-num-1,4621-num-2,4
input-data/sick_annotated.txt,4622-num-1,4622-num-2,4.4
input-data/sick_annotated.txt,4623-num-1,4623-num-2,4.1
input-data/sick_annotated.txt,4624-num-1,4624-num-2,4.6
input-data/sick_annotated.txt,4625-num-1,4625-num-2,5
input-data/sick_annotated.txt,4626-num-1,4626-num-2,3.8
input-data/sick_annotated.txt,4627-num-1,4627-num-2,4.2
input-data/sick_annotated.txt,4628-num-1,4628-num-2,3.6
input-data/sick_annotated.txt,4629-num-1,4629-num-2,1.1
input-data/sick_annotated.txt,4630-num-1,4630-num-2,1
input-data/sick_annotated.txt,4631-num-1,4631-num-2,1
input-data/sick_annotated.txt,4632-num-1,4632-num-2,1.1
input-data/sick_annotated.txt,4633-num-1,4633-num-2,1.1
input-data/sick_annotated.txt,4634-num-1,4634-num-2,4.9
input-data/sick_annotated.txt,4635-num-1,4635-num-2,3.7
input-data/sick_annotated.txt,4636-num-1,4636-num-2,5
input-data/sick_annotated.txt,4638-num-1,4638-num-2,2.4
input-data/sick_annotated.txt,4639-num-1,4639-num-2,2.8
input-data/sick_annotated.txt,4640-num-1,4640-num-2,3.1
input-data/sick_annotated.txt,4641-num-1,4641-num-2,3.3
input-data/sick_annotated.txt,4642-num-1,4642-num-2,3.2
input-data/sick_annotated.txt,4643-num-1,4643-num-2,4.5
input-data/sick_annotated.txt,4644-num-1,4644-num-2,2.5
input-data/sick_annotated.txt,4645-num-1,4645-num-2,4.3
input-data/sick_annotated.txt,4646-num-1,4646-num-2,2.92
input-data/sick_annotated.txt,4647-num-1,4647-num-2,4.7
input-data/sick_annotated.txt,4648-num-1,4648-num-2,3.3
input-data/sick_annotated.txt,4649-num-1,4649-num-2,4.5
input-data/sick_annotated.txt,4650-num-1,4650-num-2,3.6
input-data/sick_annotated.txt,4651-num-1,4651-num-2,4.6
input-data/sick_annotated.txt,4652-num-1,4652-num-2,4.8
input-data/sick_annotated.txt,4653-num-1,4653-num-2,3.4
input-data/sick_annotated.txt,4654-num-1,4654-num-2,4.6
input-data/sick_annotated.txt,4655-num-1,4655-num-2,4.1
input-data/sick_annotated.txt,4656-num-1,4656-num-2,1.1
input-data/sick_annotated.txt,4657-num-1,4657-num-2,1
input-data/sick_annotated.txt,4658-num-1,4658-num-2,1.1
input-data/sick_annotated.txt,4659-num-1,4659-num-2,1.1
input-data/sick_annotated.txt,4660-num-1,4660-num-2,1
input-data/sick_annotated.txt,4661-num-1,4661-num-2,4.8
input-data/sick_annotated.txt,4662-num-1,4662-num-2,3.6
input-data/sick_annotated.txt,4663-num-1,4663-num-2,4.9
input-data/sick_annotated.txt,4664-num-1,4664-num-2,4.3
input-data/sick_annotated.txt,4665-num-1,4665-num-2,3.2
input-data/sick_annotated.txt,4666-num-1,4666-num-2,2.7
input-data/sick_annotated.txt,4667-num-1,4667-num-2,2.9
input-data/sick_annotated.txt,4668-num-1,4668-num-2,2.4
input-data/sick_annotated.txt,4669-num-1,4669-num-2,2.7
input-data/sick_annotated.txt,4670-num-1,4670-num-2,4
input-data/sick_annotated.txt,4671-num-1,4671-num-2,3.7
input-data/sick_annotated.txt,4672-num-1,4672-num-2,3.8
input-data/sick_annotated.txt,4673-num-1,4673-num-2,4.5
input-data/sick_annotated.txt,4674-num-1,4674-num-2,3.8
input-data/sick_annotated.txt,4675-num-1,4675-num-2,4.3
input-data/sick_annotated.txt,4676-num-1,4676-num-2,3.8
input-data/sick_annotated.txt,4677-num-1,4677-num-2,3.8
input-data/sick_annotated.txt,4678-num-1,4678-num-2,3
input-data/sick_annotated.txt,4679-num-1,4679-num-2,3.7
input-data/sick_annotated.txt,4680-num-1,4680-num-2,4.4
input-data/sick_annotated.txt,4682-num-1,4682-num-2,3.1
input-data/sick_annotated.txt,4683-num-1,4683-num-2,4.9
input-data/sick_annotated.txt,4684-num-1,4684-num-2,3.5
input-data/sick_annotated.txt,4685-num-1,4685-num-2,2.9
input-data/sick_annotated.txt,4686-num-1,4686-num-2,3.5
input-data/sick_annotated.txt,4687-num-1,4687-num-2,3
input-data/sick_annotated.txt,4688-num-1,4688-num-2,3.4
input-data/sick_annotated.txt,4689-num-1,4689-num-2,3.2
input-data/sick_annotated.txt,4690-num-1,4690-num-2,4.8
input-data/sick_annotated.txt,4691-num-1,4691-num-2,4
input-data/sick_annotated.txt,4692-num-1,4692-num-2,4.6
input-data/sick_annotated.txt,4693-num-1,4693-num-2,3.465
input-data/sick_annotated.txt,4694-num-1,4694-num-2,3.665
input-data/sick_annotated.txt,4695-num-1,4695-num-2,3.7
input-data/sick_annotated.txt,4696-num-1,4696-num-2,4.2
input-data/sick_annotated.txt,4697-num-1,4697-num-2,2.9
input-data/sick_annotated.txt,4698-num-1,4698-num-2,3.7
input-data/sick_annotated.txt,4699-num-1,4699-num-2,4.7
input-data/sick_annotated.txt,4700-num-1,4700-num-2,3.5
input-data/sick_annotated.txt,4701-num-1,4701-num-2,4.2
input-data/sick_annotated.txt,4702-num-1,4702-num-2,3.1
input-data/sick_annotated.txt,4703-num-1,4703-num-2,3.8
input-data/sick_annotated.txt,4704-num-1,4704-num-2,3.3
input-data/sick_annotated.txt,4705-num-1,4705-num-2,4
input-data/sick_annotated.txt,4706-num-1,4706-num-2,3.2
input-data/sick_annotated.txt,4707-num-1,4707-num-2,4.4
input-data/sick_annotated.txt,4708-num-1,4708-num-2,4.3
input-data/sick_annotated.txt,4709-num-1,4709-num-2,3
input-data/sick_annotated.txt,4710-num-1,4710-num-2,4.7
input-data/sick_annotated.txt,4711-num-1,4711-num-2,4
input-data/sick_annotated.txt,4712-num-1,4712-num-2,3.6
input-data/sick_annotated.txt,4713-num-1,4713-num-2,4
input-data/sick_annotated.txt,4714-num-1,4714-num-2,3.9
input-data/sick_annotated.txt,4715-num-1,4715-num-2,3.4
input-data/sick_annotated.txt,4716-num-1,4716-num-2,4
input-data/sick_annotated.txt,4717-num-1,4717-num-2,4.9
input-data/sick_annotated.txt,4718-num-1,4718-num-2,4.3
input-data/sick_annotated.txt,4719-num-1,4719-num-2,3
input-data/sick_annotated.txt,4720-num-1,4720-num-2,4.5
input-data/sick_annotated.txt,4721-num-1,4721-num-2,3.9
input-data/sick_annotated.txt,4722-num-1,4722-num-2,2.85
input-data/sick_annotated.txt,4723-num-1,4723-num-2,3.5
input-data/sick_annotated.txt,4724-num-1,4724-num-2,3.3
input-data/sick_annotated.txt,4725-num-1,4725-num-2,2.9
input-data/sick_annotated.txt,4726-num-1,4726-num-2,2.7
input-data/sick_annotated.txt,4727-num-1,4727-num-2,3.2
input-data/sick_annotated.txt,4728-num-1,4728-num-2,4.485
input-data/sick_annotated.txt,4729-num-1,4729-num-2,4
input-data/sick_annotated.txt,4730-num-1,4730-num-2,4.6
input-data/sick_annotated.txt,4731-num-1,4731-num-2,3.4
input-data/sick_annotated.txt,4732-num-1,4732-num-2,4.8
input-data/sick_annotated.txt,4733-num-1,4733-num-2,3.6
input-data/sick_annotated.txt,4734-num-1,4734-num-2,4.8
input-data/sick_annotated.txt,4735-num-1,4735-num-2,3.3
input-data/sick_annotated.txt,4736-num-1,4736-num-2,4.7
input-data/sick_annotated.txt,4737-num-1,4737-num-2,4.4
input-data/sick_annotated.txt,4738-num-1,4738-num-2,4.5
input-data/sick_annotated.txt,4739-num-1,4739-num-2,4.3
input-data/sick_annotated.txt,4740-num-1,4740-num-2,4.1
input-data/sick_annotated.txt,4741-num-1,4741-num-2,2.6
input-data/sick_annotated.txt,4742-num-1,4742-num-2,4.1
input-data/sick_annotated.txt,4743-num-1,4743-num-2,3.7
input-data/sick_annotated.txt,4744-num-1,4744-num-2,2.8
input-data/sick_annotated.txt,4745-num-1,4745-num-2,4.5
input-data/sick_annotated.txt,4746-num-1,4746-num-2,3.6
input-data/sick_annotated.txt,4747-num-1,4747-num-2,4.5
input-data/sick_annotated.txt,4748-num-1,4748-num-2,4.8
input-data/sick_annotated.txt,4749-num-1,4749-num-2,3.9
input-data/sick_annotated.txt,4750-num-1,4750-num-2,5
input-data/sick_annotated.txt,4751-num-1,4751-num-2,4.2
input-data/sick_annotated.txt,4752-num-1,4752-num-2,1.9
input-data/sick_annotated.txt,4753-num-1,4753-num-2,1.5
input-data/sick_annotated.txt,4754-num-1,4754-num-2,1.2
input-data/sick_annotated.txt,4755-num-1,4755-num-2,1.4
input-data/sick_annotated.txt,4756-num-1,4756-num-2,1.2
input-data/sick_annotated.txt,4757-num-1,4757-num-2,4.6
input-data/sick_annotated.txt,4758-num-1,4758-num-2,3.3
input-data/sick_annotated.txt,4759-num-1,4759-num-2,4.5
input-data/sick_annotated.txt,4760-num-1,4760-num-2,3.8
input-data/sick_annotated.txt,4761-num-1,4761-num-2,1.9
input-data/sick_annotated.txt,4762-num-1,4762-num-2,1.1
input-data/sick_annotated.txt,4763-num-1,4763-num-2,1
input-data/sick_annotated.txt,4764-num-1,4764-num-2,1.5
input-data/sick_annotated.txt,4765-num-1,4765-num-2,1.1
input-data/sick_annotated.txt,4766-num-1,4766-num-2,4.7
input-data/sick_annotated.txt,4767-num-1,4767-num-2,3.7
input-data/sick_annotated.txt,4768-num-1,4768-num-2,4.6
input-data/sick_annotated.txt,4769-num-1,4769-num-2,3.6
input-data/sick_annotated.txt,4770-num-1,4770-num-2,1.4
input-data/sick_annotated.txt,4771-num-1,4771-num-2,1.1
input-data/sick_annotated.txt,4772-num-1,4772-num-2,1.7
input-data/sick_annotated.txt,4773-num-1,4773-num-2,1.7
input-data/sick_annotated.txt,4774-num-1,4774-num-2,1.5
input-data/sick_annotated.txt,4775-num-1,4775-num-2,5
input-data/sick_annotated.txt,4776-num-1,4776-num-2,3.8
input-data/sick_annotated.txt,4777-num-1,4777-num-2,4.6
input-data/sick_annotated.txt,4778-num-1,4778-num-2,3.3
input-data/sick_annotated.txt,4779-num-1,4779-num-2,4.3
input-data/sick_annotated.txt,4780-num-1,4780-num-2,3.7
input-data/sick_annotated.txt,4781-num-1,4781-num-2,4.7
input-data/sick_annotated.txt,4782-num-1,4782-num-2,3.5
input-data/sick_annotated.txt,4783-num-1,4783-num-2,4.4
input-data/sick_annotated.txt,4784-num-1,4784-num-2,4.8
input-data/sick_annotated.txt,4785-num-1,4785-num-2,3.8
input-data/sick_annotated.txt,4786-num-1,4786-num-2,4.9
input-data/sick_annotated.txt,4787-num-1,4787-num-2,3.4
input-data/sick_annotated.txt,4788-num-1,4788-num-2,1
input-data/sick_annotated.txt,4789-num-1,4789-num-2,1.3
input-data/sick_annotated.txt,4790-num-1,4790-num-2,1
input-data/sick_annotated.txt,4791-num-1,4791-num-2,1.1
input-data/sick_annotated.txt,4792-num-1,4792-num-2,1.6
input-data/sick_annotated.txt,4793-num-1,4793-num-2,4.6
input-data/sick_annotated.txt,4794-num-1,4794-num-2,3.6
input-data/sick_annotated.txt,4795-num-1,4795-num-2,5
input-data/sick_annotated.txt,4796-num-1,4796-num-2,3.1
input-data/sick_annotated.txt,4797-num-1,4797-num-2,4.5
input-data/sick_annotated.txt,4798-num-1,4798-num-2,4
input-data/sick_annotated.txt,4799-num-1,4799-num-2,4
input-data/sick_annotated.txt,4800-num-1,4800-num-2,3.6
input-data/sick_annotated.txt,4801-num-1,4801-num-2,4.5
input-data/sick_annotated.txt,4802-num-1,4802-num-2,4.9
input-data/sick_annotated.txt,4803-num-1,4803-num-2,2.935
input-data/sick_annotated.txt,4804-num-1,4804-num-2,3.5
input-data/sick_annotated.txt,4805-num-1,4805-num-2,4.9
input-data/sick_annotated.txt,4806-num-1,4806-num-2,3.4
input-data/sick_annotated.txt,4807-num-1,4807-num-2,3.9
input-data/sick_annotated.txt,4808-num-1,4808-num-2,4.3
input-data/sick_annotated.txt,4809-num-1,4809-num-2,3.8
input-data/sick_annotated.txt,4810-num-1,4810-num-2,3.5
input-data/sick_annotated.txt,4811-num-1,4811-num-2,4.3
input-data/sick_annotated.txt,4812-num-1,4812-num-2,3.4
input-data/sick_annotated.txt,4813-num-1,4813-num-2,3.4
input-data/sick_annotated.txt,4814-num-1,4814-num-2,4.4
input-data/sick_annotated.txt,4815-num-1,4815-num-2,4.9
input-data/sick_annotated.txt,4816-num-1,4816-num-2,3.8
input-data/sick_annotated.txt,4817-num-1,4817-num-2,5
input-data/sick_annotated.txt,4818-num-1,4818-num-2,3.5
input-data/sick_annotated.txt,4819-num-1,4819-num-2,2.8
input-data/sick_annotated.txt,4820-num-1,4820-num-2,2.9
input-data/sick_annotated.txt,4821-num-1,4821-num-2,2.8
input-data/sick_annotated.txt,4822-num-1,4822-num-2,2.1
input-data/sick_annotated.txt,4823-num-1,4823-num-2,3
input-data/sick_annotated.txt,4825-num-1,4825-num-2,3.6
input-data/sick_annotated.txt,4826-num-1,4826-num-2,4.6
input-data/sick_annotated.txt,4827-num-1,4827-num-2,3.5
input-data/sick_annotated.txt,4828-num-1,4828-num-2,4.8
input-data/sick_annotated.txt,4829-num-1,4829-num-2,3.1
input-data/sick_annotated.txt,4830-num-1,4830-num-2,4.9
input-data/sick_annotated.txt,4831-num-1,4831-num-2,4
input-data/sick_annotated.txt,4832-num-1,4832-num-2,4.7
input-data/sick_annotated.txt,4833-num-1,4833-num-2,4.2
input-data/sick_annotated.txt,4834-num-1,4834-num-2,3.5
input-data/sick_annotated.txt,4835-num-1,4835-num-2,4.4
input-data/sick_annotated.txt,4836-num-1,4836-num-2,3.2
input-data/sick_annotated.txt,4837-num-1,4837-num-2,2.6
input-data/sick_annotated.txt,4838-num-1,4838-num-2,1.7
input-data/sick_annotated.txt,4839-num-1,4839-num-2,2
input-data/sick_annotated.txt,4840-num-1,4840-num-2,2.1
input-data/sick_annotated.txt,4841-num-1,4841-num-2,2.235
input-data/sick_annotated.txt,4842-num-1,4842-num-2,4.835
input-data/sick_annotated.txt,4843-num-1,4843-num-2,3.8
input-data/sick_annotated.txt,4846-num-1,4846-num-2,1.5
input-data/sick_annotated.txt,4847-num-1,4847-num-2,1
input-data/sick_annotated.txt,4848-num-1,4848-num-2,1.3
input-data/sick_annotated.txt,4849-num-1,4849-num-2,1.2
input-data/sick_annotated.txt,4850-num-1,4850-num-2,1.2
input-data/sick_annotated.txt,4851-num-1,4851-num-2,5
input-data/sick_annotated.txt,4852-num-1,4852-num-2,3.8
input-data/sick_annotated.txt,4853-num-1,4853-num-2,4.9
input-data/sick_annotated.txt,4854-num-1,4854-num-2,3
input-data/sick_annotated.txt,4855-num-1,4855-num-2,3.1
input-data/sick_annotated.txt,4856-num-1,4856-num-2,2.5
input-data/sick_annotated.txt,4857-num-1,4857-num-2,3
input-data/sick_annotated.txt,4858-num-1,4858-num-2,3.4
input-data/sick_annotated.txt,4859-num-1,4859-num-2,3.7
input-data/sick_annotated.txt,4861-num-1,4861-num-2,3.8
input-data/sick_annotated.txt,4862-num-1,4862-num-2,4.6
input-data/sick_annotated.txt,4863-num-1,4863-num-2,3.5
input-data/sick_annotated.txt,4864-num-1,4864-num-2,3.385
input-data/sick_annotated.txt,4865-num-1,4865-num-2,1.2
input-data/sick_annotated.txt,4866-num-1,4866-num-2,3
input-data/sick_annotated.txt,4867-num-1,4867-num-2,1.2
input-data/sick_annotated.txt,4868-num-1,4868-num-2,1.3
input-data/sick_annotated.txt,4869-num-1,4869-num-2,4.9
input-data/sick_annotated.txt,4870-num-1,4870-num-2,3.3
input-data/sick_annotated.txt,4871-num-1,4871-num-2,5
input-data/sick_annotated.txt,4872-num-1,4872-num-2,4.4
input-data/sick_annotated.txt,4873-num-1,4873-num-2,2.1
input-data/sick_annotated.txt,4874-num-1,4874-num-2,3.2
input-data/sick_annotated.txt,4875-num-1,4875-num-2,3.2
input-data/sick_annotated.txt,4876-num-1,4876-num-2,2.7
input-data/sick_annotated.txt,4877-num-1,4877-num-2,3.6
input-data/sick_annotated.txt,4878-num-1,4878-num-2,4.9
input-data/sick_annotated.txt,4879-num-1,4879-num-2,3.8
input-data/sick_annotated.txt,4880-num-1,4880-num-2,4.3
input-data/sick_annotated.txt,4881-num-1,4881-num-2,3.8
input-data/sick_annotated.txt,4882-num-1,4882-num-2,4
input-data/sick_annotated.txt,4883-num-1,4883-num-2,3.7
input-data/sick_annotated.txt,4884-num-1,4884-num-2,4.3
input-data/sick_annotated.txt,4885-num-1,4885-num-2,3.2
input-data/sick_annotated.txt,4886-num-1,4886-num-2,4.7
input-data/sick_annotated.txt,4887-num-1,4887-num-2,4.4
input-data/sick_annotated.txt,4888-num-1,4888-num-2,4.2
input-data/sick_annotated.txt,4889-num-1,4889-num-2,4.4
input-data/sick_annotated.txt,4890-num-1,4890-num-2,3.715
input-data/sick_annotated.txt,4891-num-1,4891-num-2,4
input-data/sick_annotated.txt,4892-num-1,4892-num-2,2.75
input-data/sick_annotated.txt,4893-num-1,4893-num-2,4.9
input-data/sick_annotated.txt,4894-num-1,4894-num-2,3.5
input-data/sick_annotated.txt,4895-num-1,4895-num-2,4.6
input-data/sick_annotated.txt,4896-num-1,4896-num-2,4.9
input-data/sick_annotated.txt,4897-num-1,4897-num-2,4.1
input-data/sick_annotated.txt,4898-num-1,4898-num-2,4.4
input-data/sick_annotated.txt,4899-num-1,4899-num-2,2.8
input-data/sick_annotated.txt,4900-num-1,4900-num-2,1.5
input-data/sick_annotated.txt,4901-num-1,4901-num-2,1.2
input-data/sick_annotated.txt,4902-num-1,4902-num-2,1
input-data/sick_annotated.txt,4903-num-1,4903-num-2,1.3
input-data/sick_annotated.txt,4904-num-1,4904-num-2,1.2
input-data/sick_annotated.txt,4905-num-1,4905-num-2,3.9
input-data/sick_annotated.txt,4906-num-1,4906-num-2,4.4
input-data/sick_annotated.txt,4907-num-1,4907-num-2,3.9
input-data/sick_annotated.txt,4908-num-1,4908-num-2,3.8
input-data/sick_annotated.txt,4909-num-1,4909-num-2,1
input-data/sick_annotated.txt,4910-num-1,4910-num-2,1
input-data/sick_annotated.txt,4911-num-1,4911-num-2,1.2
input-data/sick_annotated.txt,4912-num-1,4912-num-2,1.1
input-data/sick_annotated.txt,4913-num-1,4913-num-2,1.1
input-data/sick_annotated.txt,4914-num-1,4914-num-2,4.8
input-data/sick_annotated.txt,4916-num-1,4916-num-2,4.5
input-data/sick_annotated.txt,4917-num-1,4917-num-2,3.2
input-data/sick_annotated.txt,4918-num-1,4918-num-2,4.2
input-data/sick_annotated.txt,4919-num-1,4919-num-2,4
input-data/sick_annotated.txt,4921-num-1,4921-num-2,4.1
input-data/sick_annotated.txt,4923-num-1,4923-num-2,4.815
input-data/sick_annotated.txt,4924-num-1,4924-num-2,3.3
input-data/sick_annotated.txt,4925-num-1,4925-num-2,4.5
input-data/sick_annotated.txt,4926-num-1,4926-num-2,3.4
input-data/sick_annotated.txt,4927-num-1,4927-num-2,3.1
input-data/sick_annotated.txt,4928-num-1,4928-num-2,1.9
input-data/sick_annotated.txt,4929-num-1,4929-num-2,2.8
input-data/sick_annotated.txt,4930-num-1,4930-num-2,1.9
input-data/sick_annotated.txt,4931-num-1,4931-num-2,1.7
input-data/sick_annotated.txt,4932-num-1,4932-num-2,4.2
input-data/sick_annotated.txt,4933-num-1,4933-num-2,3.2
input-data/sick_annotated.txt,4934-num-1,4934-num-2,3.7
input-data/sick_annotated.txt,4935-num-1,4935-num-2,4.8
input-data/sick_annotated.txt,4936-num-1,4936-num-2,3.1
input-data/sick_annotated.txt,4937-num-1,4937-num-2,3.3
input-data/sick_annotated.txt,4938-num-1,4938-num-2,4.2
input-data/sick_annotated.txt,4939-num-1,4939-num-2,4
input-data/sick_annotated.txt,4940-num-1,4940-num-2,2.885
input-data/sick_annotated.txt,4941-num-1,4941-num-2,4.1
input-data/sick_annotated.txt,4942-num-1,4942-num-2,3.3
input-data/sick_annotated.txt,4943-num-1,4943-num-2,3.8
input-data/sick_annotated.txt,4944-num-1,4944-num-2,4.385
input-data/sick_annotated.txt,4945-num-1,4945-num-2,4.7
input-data/sick_annotated.txt,4946-num-1,4946-num-2,3.6
input-data/sick_annotated.txt,4947-num-1,4947-num-2,3.8
input-data/sick_annotated.txt,4948-num-1,4948-num-2,4
input-data/sick_annotated.txt,4949-num-1,4949-num-2,1
input-data/sick_annotated.txt,4950-num-1,4950-num-2,1
input-data/sick_annotated.txt,4951-num-1,4951-num-2,1
input-data/sick_annotated.txt,4952-num-1,4952-num-2,1
input-data/sick_annotated.txt,4953-num-1,4953-num-2,1
input-data/sick_annotated.txt,4954-num-1,4954-num-2,4.4
input-data/sick_annotated.txt,4955-num-1,4955-num-2,3.5
input-data/sick_annotated.txt,4956-num-1,4956-num-2,4.3
input-data/sick_annotated.txt,4957-num-1,4957-num-2,3.2
input-data/sick_annotated.txt,4958-num-1,4958-num-2,2.6
input-data/sick_annotated.txt,4959-num-1,4959-num-2,2.7
input-data/sick_annotated.txt,4960-num-1,4960-num-2,2
input-data/sick_annotated.txt,4961-num-1,4961-num-2,2.2
input-data/sick_annotated.txt,4962-num-1,4962-num-2,2.8
input-data/sick_annotated.txt,4963-num-1,4963-num-2,4.7
input-data/sick_annotated.txt,4964-num-1,4964-num-2,3.1
input-data/sick_annotated.txt,4965-num-1,4965-num-2,5
input-data/sick_annotated.txt,4966-num-1,4966-num-2,2.7
input-data/sick_annotated.txt,4967-num-1,4967-num-2,3.2
input-data/sick_annotated.txt,4968-num-1,4968-num-2,2
input-data/sick_annotated.txt,4969-num-1,4969-num-2,2.6
input-data/sick_annotated.txt,4970-num-1,4970-num-2,2.4
input-data/sick_annotated.txt,4971-num-1,4971-num-2,2.535
input-data/sick_annotated.txt,4972-num-1,4972-num-2,4.7
input-data/sick_annotated.txt,4973-num-1,4973-num-2,3.415
input-data/sick_annotated.txt,4974-num-1,4974-num-2,4.45
input-data/sick_annotated.txt,4975-num-1,4975-num-2,4.2
input-data/sick_annotated.txt,4976-num-1,4976-num-2,1
input-data/sick_annotated.txt,4977-num-1,4977-num-2,1
input-data/sick_annotated.txt,4978-num-1,4978-num-2,1
input-data/sick_annotated.txt,4979-num-1,4979-num-2,1.1
input-data/sick_annotated.txt,4980-num-1,4980-num-2,1
input-data/sick_annotated.txt,4981-num-1,4981-num-2,4.8
input-data/sick_annotated.txt,4982-num-1,4982-num-2,3.6
input-data/sick_annotated.txt,4984-num-1,4984-num-2,3.2
input-data/sick_annotated.txt,4985-num-1,4985-num-2,1.4
input-data/sick_annotated.txt,4986-num-1,4986-num-2,1.2
input-data/sick_annotated.txt,4987-num-1,4987-num-2,1.1
input-data/sick_annotated.txt,4988-num-1,4988-num-2,1.2
input-data/sick_annotated.txt,4989-num-1,4989-num-2,1.5
input-data/sick_annotated.txt,4990-num-1,4990-num-2,4.8
input-data/sick_annotated.txt,4991-num-1,4991-num-2,3.7
input-data/sick_annotated.txt,4992-num-1,4992-num-2,4.9
input-data/sick_annotated.txt,4993-num-1,4993-num-2,3.6
input-data/sick_annotated.txt,4994-num-1,4994-num-2,1
input-data/sick_annotated.txt,4995-num-1,4995-num-2,1
input-data/sick_annotated.txt,4996-num-1,4996-num-2,1
input-data/sick_annotated.txt,4997-num-1,4997-num-2,1.1
input-data/sick_annotated.txt,4998-num-1,4998-num-2,1
input-data/sick_annotated.txt,4999-num-1,4999-num-2,4.9
input-data/sick_annotated.txt,5000-num-1,5000-num-2,3.9
input-data/sick_annotated.txt,5001-num-1,5001-num-2,4.5
input-data/sick_annotated.txt,5002-num-1,5002-num-2,4.1
input-data/sick_annotated.txt,5003-num-1,5003-num-2,4.4
input-data/sick_annotated.txt,5004-num-1,5004-num-2,3.4
input-data/sick_annotated.txt,5005-num-1,5005-num-2,4.2
input-data/sick_annotated.txt,5006-num-1,5006-num-2,4.3
input-data/sick_annotated.txt,5007-num-1,5007-num-2,4.4
input-data/sick_annotated.txt,5008-num-1,5008-num-2,4.8
input-data/sick_annotated.txt,5009-num-1,5009-num-2,3.6
input-data/sick_annotated.txt,5011-num-1,5011-num-2,3.2
input-data/sick_annotated.txt,5012-num-1,5012-num-2,3.8
input-data/sick_annotated.txt,5013-num-1,5013-num-2,3.3
input-data/sick_annotated.txt,5014-num-1,5014-num-2,3.5
input-data/sick_annotated.txt,5015-num-1,5015-num-2,3.6
input-data/sick_annotated.txt,5016-num-1,5016-num-2,3.915
input-data/sick_annotated.txt,5017-num-1,5017-num-2,4.9
input-data/sick_annotated.txt,5018-num-1,5018-num-2,3.9
input-data/sick_annotated.txt,5019-num-1,5019-num-2,3.3
input-data/sick_annotated.txt,5020-num-1,5020-num-2,5
input-data/sick_annotated.txt,5021-num-1,5021-num-2,3.5
input-data/sick_annotated.txt,5022-num-1,5022-num-2,4.1
input-data/sick_annotated.txt,5023-num-1,5023-num-2,3.2
input-data/sick_annotated.txt,5024-num-1,5024-num-2,4.5
input-data/sick_annotated.txt,5025-num-1,5025-num-2,2.7
input-data/sick_annotated.txt,5026-num-1,5026-num-2,2.5
input-data/sick_annotated.txt,5027-num-1,5027-num-2,4.4
input-data/sick_annotated.txt,5028-num-1,5028-num-2,4.8
input-data/sick_annotated.txt,5029-num-1,5029-num-2,4.2
input-data/sick_annotated.txt,5030-num-1,5030-num-2,4.9
input-data/sick_annotated.txt,5031-num-1,5031-num-2,3.3
input-data/sick_annotated.txt,5032-num-1,5032-num-2,3.6
input-data/sick_annotated.txt,5033-num-1,5033-num-2,4.8
input-data/sick_annotated.txt,5034-num-1,5034-num-2,3.6
input-data/sick_annotated.txt,5035-num-1,5035-num-2,3.7
input-data/sick_annotated.txt,5036-num-1,5036-num-2,4.6
input-data/sick_annotated.txt,5037-num-1,5037-num-2,3.7
input-data/sick_annotated.txt,5038-num-1,5038-num-2,4.8
input-data/sick_annotated.txt,5039-num-1,5039-num-2,4.9
input-data/sick_annotated.txt,5040-num-1,5040-num-2,3
input-data/sick_annotated.txt,5041-num-1,5041-num-2,4.8
input-data/sick_annotated.txt,5042-num-1,5042-num-2,3.4
input-data/sick_annotated.txt,5043-num-1,5043-num-2,2.8
input-data/sick_annotated.txt,5044-num-1,5044-num-2,3.7
input-data/sick_annotated.txt,5045-num-1,5045-num-2,3.7
input-data/sick_annotated.txt,5046-num-1,5046-num-2,2.7
input-data/sick_annotated.txt,5047-num-1,5047-num-2,3.5
input-data/sick_annotated.txt,5048-num-1,5048-num-2,4.9
input-data/sick_annotated.txt,5049-num-1,5049-num-2,4.2
input-data/sick_annotated.txt,5050-num-1,5050-num-2,5
input-data/sick_annotated.txt,5051-num-1,5051-num-2,3.6
input-data/sick_annotated.txt,5052-num-1,5052-num-2,1.2
input-data/sick_annotated.txt,5053-num-1,5053-num-2,1.1
input-data/sick_annotated.txt,5054-num-1,5054-num-2,1.1
input-data/sick_annotated.txt,5055-num-1,5055-num-2,1.4
input-data/sick_annotated.txt,5056-num-1,5056-num-2,1
input-data/sick_annotated.txt,5057-num-1,5057-num-2,4.7
input-data/sick_annotated.txt,5058-num-1,5058-num-2,3.7
input-data/sick_annotated.txt,5059-num-1,5059-num-2,4.4
input-data/sick_annotated.txt,5060-num-1,5060-num-2,3.5
input-data/sick_annotated.txt,5061-num-1,5061-num-2,4.6
input-data/sick_annotated.txt,5062-num-1,5062-num-2,4.3
input-data/sick_annotated.txt,5063-num-1,5063-num-2,4.7
input-data/sick_annotated.txt,5064-num-1,5064-num-2,3.4
input-data/sick_annotated.txt,5065-num-1,5065-num-2,4.9
input-data/sick_annotated.txt,5066-num-1,5066-num-2,4.9
input-data/sick_annotated.txt,5067-num-1,5067-num-2,3.7
input-data/sick_annotated.txt,5068-num-1,5068-num-2,4.4
input-data/sick_annotated.txt,5069-num-1,5069-num-2,4.4
input-data/sick_annotated.txt,5070-num-1,5070-num-2,1
input-data/sick_annotated.txt,5071-num-1,5071-num-2,1
input-data/sick_annotated.txt,5072-num-1,5072-num-2,1.1
input-data/sick_annotated.txt,5073-num-1,5073-num-2,1
input-data/sick_annotated.txt,5074-num-1,5074-num-2,1
input-data/sick_annotated.txt,5075-num-1,5075-num-2,4.9
input-data/sick_annotated.txt,5076-num-1,5076-num-2,3.6
input-data/sick_annotated.txt,5077-num-1,5077-num-2,4.9
input-data/sick_annotated.txt,5078-num-1,5078-num-2,3.6
input-data/sick_annotated.txt,5079-num-1,5079-num-2,2.7
input-data/sick_annotated.txt,5080-num-1,5080-num-2,2.3
input-data/sick_annotated.txt,5081-num-1,5081-num-2,1.9
input-data/sick_annotated.txt,5082-num-1,5082-num-2,2.1
input-data/sick_annotated.txt,5083-num-1,5083-num-2,2.5
input-data/sick_annotated.txt,5084-num-1,5084-num-2,4.4
input-data/sick_annotated.txt,5085-num-1,5085-num-2,3.5
input-data/sick_annotated.txt,5086-num-1,5086-num-2,4.1
input-data/sick_annotated.txt,5087-num-1,5087-num-2,4.1
input-data/sick_annotated.txt,5088-num-1,5088-num-2,1.4
input-data/sick_annotated.txt,5089-num-1,5089-num-2,1.1
input-data/sick_annotated.txt,5090-num-1,5090-num-2,1.7
input-data/sick_annotated.txt,5091-num-1,5091-num-2,1.8
input-data/sick_annotated.txt,5092-num-1,5092-num-2,1.9
input-data/sick_annotated.txt,5093-num-1,5093-num-2,4.7
input-data/sick_annotated.txt,5094-num-1,5094-num-2,3.9
input-data/sick_annotated.txt,5095-num-1,5095-num-2,4.5
input-data/sick_annotated.txt,5096-num-1,5096-num-2,3.6
input-data/sick_annotated.txt,5097-num-1,5097-num-2,1
input-data/sick_annotated.txt,5098-num-1,5098-num-2,1
input-data/sick_annotated.txt,5099-num-1,5099-num-2,1
input-data/sick_annotated.txt,5100-num-1,5100-num-2,1
input-data/sick_annotated.txt,5101-num-1,5101-num-2,1.1
input-data/sick_annotated.txt,5102-num-1,5102-num-2,4.815
input-data/sick_annotated.txt,5103-num-1,5103-num-2,3.8
input-data/sick_annotated.txt,5104-num-1,5104-num-2,4.5
input-data/sick_annotated.txt,5105-num-1,5105-num-2,3.2
input-data/sick_annotated.txt,5106-num-1,5106-num-2,4.5
input-data/sick_annotated.txt,5107-num-1,5107-num-2,3.985
input-data/sick_annotated.txt,5108-num-1,5108-num-2,4.8
input-data/sick_annotated.txt,5109-num-1,5109-num-2,3.2
input-data/sick_annotated.txt,5110-num-1,5110-num-2,4.8
input-data/sick_annotated.txt,5111-num-1,5111-num-2,4.1
input-data/sick_annotated.txt,5112-num-1,5112-num-2,3.8
input-data/sick_annotated.txt,5113-num-1,5113-num-2,4
input-data/sick_annotated.txt,5114-num-1,5114-num-2,4.1
input-data/sick_annotated.txt,5115-num-1,5115-num-2,1
input-data/sick_annotated.txt,5116-num-1,5116-num-2,1
input-data/sick_annotated.txt,5117-num-1,5117-num-2,1
input-data/sick_annotated.txt,5118-num-1,5118-num-2,1
input-data/sick_annotated.txt,5119-num-1,5119-num-2,1
input-data/sick_annotated.txt,5120-num-1,5120-num-2,4.9
input-data/sick_annotated.txt,5121-num-1,5121-num-2,3.7
input-data/sick_annotated.txt,5122-num-1,5122-num-2,4.9
input-data/sick_annotated.txt,5123-num-1,5123-num-2,2.9
input-data/sick_annotated.txt,5124-num-1,5124-num-2,1.185
input-data/sick_annotated.txt,5125-num-1,5125-num-2,1.1
input-data/sick_annotated.txt,5126-num-1,5126-num-2,1
input-data/sick_annotated.txt,5127-num-1,5127-num-2,1.2
input-data/sick_annotated.txt,5128-num-1,5128-num-2,1.4
input-data/sick_annotated.txt,5129-num-1,5129-num-2,4.7
input-data/sick_annotated.txt,5130-num-1,5130-num-2,4
input-data/sick_annotated.txt,5131-num-1,5131-num-2,3.9
input-data/sick_annotated.txt,5133-num-1,5133-num-2,3.6
input-data/sick_annotated.txt,5134-num-1,5134-num-2,3.4
input-data/sick_annotated.txt,5135-num-1,5135-num-2,4.7
input-data/sick_annotated.txt,5136-num-1,5136-num-2,3.1
input-data/sick_annotated.txt,5137-num-1,5137-num-2,4.8
input-data/sick_annotated.txt,5138-num-1,5138-num-2,3.7
input-data/sick_annotated.txt,5139-num-1,5139-num-2,4
input-data/sick_annotated.txt,5140-num-1,5140-num-2,4.5
input-data/sick_annotated.txt,5141-num-1,5141-num-2,3.6
input-data/sick_annotated.txt,5142-num-1,5142-num-2,1.1
input-data/sick_annotated.txt,5143-num-1,5143-num-2,1.4
input-data/sick_annotated.txt,5144-num-1,5144-num-2,2.1
input-data/sick_annotated.txt,5145-num-1,5145-num-2,1.2
input-data/sick_annotated.txt,5146-num-1,5146-num-2,1.4
input-data/sick_annotated.txt,5147-num-1,5147-num-2,4.6
input-data/sick_annotated.txt,5148-num-1,5148-num-2,3.5
input-data/sick_annotated.txt,5149-num-1,5149-num-2,4.4
input-data/sick_annotated.txt,5150-num-1,5150-num-2,3.2
input-data/sick_annotated.txt,5151-num-1,5151-num-2,1
input-data/sick_annotated.txt,5152-num-1,5152-num-2,1
input-data/sick_annotated.txt,5153-num-1,5153-num-2,1
input-data/sick_annotated.txt,5154-num-1,5154-num-2,1
input-data/sick_annotated.txt,5155-num-1,5155-num-2,1
input-data/sick_annotated.txt,5156-num-1,5156-num-2,4.4
input-data/sick_annotated.txt,5157-num-1,5157-num-2,4.1
input-data/sick_annotated.txt,5158-num-1,5158-num-2,4.5
input-data/sick_annotated.txt,5159-num-1,5159-num-2,2.4
input-data/sick_annotated.txt,5160-num-1,5160-num-2,1.1
input-data/sick_annotated.txt,5161-num-1,5161-num-2,1.185
input-data/sick_annotated.txt,5162-num-1,5162-num-2,1.5
input-data/sick_annotated.txt,5163-num-1,5163-num-2,1.1
input-data/sick_annotated.txt,5164-num-1,5164-num-2,1.1
input-data/sick_annotated.txt,5165-num-1,5165-num-2,4.7
input-data/sick_annotated.txt,5166-num-1,5166-num-2,4.1
input-data/sick_annotated.txt,5167-num-1,5167-num-2,4.9
input-data/sick_annotated.txt,5168-num-1,5168-num-2,3.8
input-data/sick_annotated.txt,5169-num-1,5169-num-2,1
input-data/sick_annotated.txt,5170-num-1,5170-num-2,1.1
input-data/sick_annotated.txt,5171-num-1,5171-num-2,1.3
input-data/sick_annotated.txt,5172-num-1,5172-num-2,1.3
input-data/sick_annotated.txt,5173-num-1,5173-num-2,1.2
input-data/sick_annotated.txt,5174-num-1,5174-num-2,4.8
input-data/sick_annotated.txt,5175-num-1,5175-num-2,3.1
input-data/sick_annotated.txt,5176-num-1,5176-num-2,5
input-data/sick_annotated.txt,5177-num-1,5177-num-2,3.6
input-data/sick_annotated.txt,5178-num-1,5178-num-2,4.5
input-data/sick_annotated.txt,5179-num-1,5179-num-2,3.8
input-data/sick_annotated.txt,5180-num-1,5180-num-2,4.8
input-data/sick_annotated.txt,5181-num-1,5181-num-2,3.9
input-data/sick_annotated.txt,5182-num-1,5182-num-2,4.7
input-data/sick_annotated.txt,5183-num-1,5183-num-2,4.9
input-data/sick_annotated.txt,5184-num-1,5184-num-2,2.6
input-data/sick_annotated.txt,5185-num-1,5185-num-2,4.8
input-data/sick_annotated.txt,5186-num-1,5186-num-2,2.6
input-data/sick_annotated.txt,5187-num-1,5187-num-2,1
input-data/sick_annotated.txt,5188-num-1,5188-num-2,1
input-data/sick_annotated.txt,5189-num-1,5189-num-2,1
input-data/sick_annotated.txt,5190-num-1,5190-num-2,1
input-data/sick_annotated.txt,5191-num-1,5191-num-2,1
input-data/sick_annotated.txt,5192-num-1,5192-num-2,4.4
input-data/sick_annotated.txt,5193-num-1,5193-num-2,4.315
input-data/sick_annotated.txt,5194-num-1,5194-num-2,4.6
input-data/sick_annotated.txt,5195-num-1,5195-num-2,3
input-data/sick_annotated.txt,5196-num-1,5196-num-2,3.3
input-data/sick_annotated.txt,5197-num-1,5197-num-2,2.6
input-data/sick_annotated.txt,5198-num-1,5198-num-2,3.9
input-data/sick_annotated.txt,5199-num-1,5199-num-2,2.2
input-data/sick_annotated.txt,5200-num-1,5200-num-2,3.2
input-data/sick_annotated.txt,5201-num-1,5201-num-2,5
input-data/sick_annotated.txt,5202-num-1,5202-num-2,3.4
input-data/sick_annotated.txt,5203-num-1,5203-num-2,5
input-data/sick_annotated.txt,5204-num-1,5204-num-2,3.3
input-data/sick_annotated.txt,5205-num-1,5205-num-2,3
input-data/sick_annotated.txt,5206-num-1,5206-num-2,2.2
input-data/sick_annotated.txt,5207-num-1,5207-num-2,2.2
input-data/sick_annotated.txt,5208-num-1,5208-num-2,2.8
input-data/sick_annotated.txt,5209-num-1,5209-num-2,2.9
input-data/sick_annotated.txt,5210-num-1,5210-num-2,4.8
input-data/sick_annotated.txt,5211-num-1,5211-num-2,3.6
input-data/sick_annotated.txt,5212-num-1,5212-num-2,4.5
input-data/sick_annotated.txt,5213-num-1,5213-num-2,3.9
input-data/sick_annotated.txt,5214-num-1,5214-num-2,1.5
input-data/sick_annotated.txt,5215-num-1,5215-num-2,1.5
input-data/sick_annotated.txt,5216-num-1,5216-num-2,1.1
input-data/sick_annotated.txt,5217-num-1,5217-num-2,1.3
input-data/sick_annotated.txt,5218-num-1,5218-num-2,1.1
input-data/sick_annotated.txt,5219-num-1,5219-num-2,4.6
input-data/sick_annotated.txt,5220-num-1,5220-num-2,2.9
input-data/sick_annotated.txt,5221-num-1,5221-num-2,3.8
input-data/sick_annotated.txt,5222-num-1,5222-num-2,3
input-data/sick_annotated.txt,5223-num-1,5223-num-2,4.3
input-data/sick_annotated.txt,5224-num-1,5224-num-2,1.1
input-data/sick_annotated.txt,5225-num-1,5225-num-2,3.3
input-data/sick_annotated.txt,5226-num-1,5226-num-2,3.7
input-data/sick_annotated.txt,5227-num-1,5227-num-2,3.9
input-data/sick_annotated.txt,5228-num-1,5228-num-2,4.3
input-data/sick_annotated.txt,5229-num-1,5229-num-2,3.6
input-data/sick_annotated.txt,5230-num-1,5230-num-2,5
input-data/sick_annotated.txt,5231-num-1,5231-num-2,3.6
input-data/sick_annotated.txt,5232-num-1,5232-num-2,3.2
input-data/sick_annotated.txt,5233-num-1,5233-num-2,3.5
input-data/sick_annotated.txt,5234-num-1,5234-num-2,3.1
input-data/sick_annotated.txt,5235-num-1,5235-num-2,3.3
input-data/sick_annotated.txt,5236-num-1,5236-num-2,2.9
input-data/sick_annotated.txt,5237-num-1,5237-num-2,4.5
input-data/sick_annotated.txt,5238-num-1,5238-num-2,3.5
input-data/sick_annotated.txt,5239-num-1,5239-num-2,4.4
input-data/sick_annotated.txt,5240-num-1,5240-num-2,4.1
input-data/sick_annotated.txt,5241-num-1,5241-num-2,3.2
input-data/sick_annotated.txt,5242-num-1,5242-num-2,3.165
input-data/sick_annotated.txt,5243-num-1,5243-num-2,3
input-data/sick_annotated.txt,5244-num-1,5244-num-2,3.4
input-data/sick_annotated.txt,5245-num-1,5245-num-2,2.9
input-data/sick_annotated.txt,5246-num-1,5246-num-2,4.7
input-data/sick_annotated.txt,5247-num-1,5247-num-2,3.1
input-data/sick_annotated.txt,5248-num-1,5248-num-2,4.2
input-data/sick_annotated.txt,5249-num-1,5249-num-2,3.9
input-data/sick_annotated.txt,5250-num-1,5250-num-2,1.2
input-data/sick_annotated.txt,5251-num-1,5251-num-2,1
input-data/sick_annotated.txt,5252-num-1,5252-num-2,1
input-data/sick_annotated.txt,5253-num-1,5253-num-2,1.7
input-data/sick_annotated.txt,5254-num-1,5254-num-2,1.7
input-data/sick_annotated.txt,5257-num-1,5257-num-2,4.6
input-data/sick_annotated.txt,5258-num-1,5258-num-2,3.8
input-data/sick_annotated.txt,5259-num-1,5259-num-2,4.4
input-data/sick_annotated.txt,5260-num-1,5260-num-2,3.7
input-data/sick_annotated.txt,5261-num-1,5261-num-2,4.7
input-data/sick_annotated.txt,5262-num-1,5262-num-2,3.5
input-data/sick_annotated.txt,5263-num-1,5263-num-2,4.6
input-data/sick_annotated.txt,5264-num-1,5264-num-2,3.5
input-data/sick_annotated.txt,5265-num-1,5265-num-2,3.5
input-data/sick_annotated.txt,5266-num-1,5266-num-2,5
input-data/sick_annotated.txt,5267-num-1,5267-num-2,2.8
input-data/sick_annotated.txt,5268-num-1,5268-num-2,4.7
input-data/sick_annotated.txt,5269-num-1,5269-num-2,2.8
input-data/sick_annotated.txt,5270-num-1,5270-num-2,3.5
input-data/sick_annotated.txt,5271-num-1,5271-num-2,4.2
input-data/sick_annotated.txt,5272-num-1,5272-num-2,4.8
input-data/sick_annotated.txt,5273-num-1,5273-num-2,4.9
input-data/sick_annotated.txt,5274-num-1,5274-num-2,3.5
input-data/sick_annotated.txt,5275-num-1,5275-num-2,4.9
input-data/sick_annotated.txt,5276-num-1,5276-num-2,4.1
input-data/sick_annotated.txt,5277-num-1,5277-num-2,4.7
input-data/sick_annotated.txt,5278-num-1,5278-num-2,3.3
input-data/sick_annotated.txt,5279-num-1,5279-num-2,4.6
input-data/sick_annotated.txt,5280-num-1,5280-num-2,4.1
input-data/sick_annotated.txt,5281-num-1,5281-num-2,4.8
input-data/sick_annotated.txt,5282-num-1,5282-num-2,4.5
input-data/sick_annotated.txt,5283-num-1,5283-num-2,4
input-data/sick_annotated.txt,5284-num-1,5284-num-2,4.5
input-data/sick_annotated.txt,5285-num-1,5285-num-2,3.4
input-data/sick_annotated.txt,5286-num-1,5286-num-2,4.5
input-data/sick_annotated.txt,5287-num-1,5287-num-2,4
input-data/sick_annotated.txt,5288-num-1,5288-num-2,4.4
input-data/sick_annotated.txt,5289-num-1,5289-num-2,3.7
input-data/sick_annotated.txt,5290-num-1,5290-num-2,4.4
input-data/sick_annotated.txt,5291-num-1,5291-num-2,4.5
input-data/sick_annotated.txt,5292-num-1,5292-num-2,3
input-data/sick_annotated.txt,5293-num-1,5293-num-2,4.4
input-data/sick_annotated.txt,5294-num-1,5294-num-2,3.935
input-data/sick_annotated.txt,5295-num-1,5295-num-2,1
input-data/sick_annotated.txt,5296-num-1,5296-num-2,1
input-data/sick_annotated.txt,5297-num-1,5297-num-2,1
input-data/sick_annotated.txt,5298-num-1,5298-num-2,1.3
input-data/sick_annotated.txt,5299-num-1,5299-num-2,1
input-data/sick_annotated.txt,5300-num-1,5300-num-2,4.8
input-data/sick_annotated.txt,5301-num-1,5301-num-2,3.6
input-data/sick_annotated.txt,5302-num-1,5302-num-2,4.9
input-data/sick_annotated.txt,5303-num-1,5303-num-2,3.9
input-data/sick_annotated.txt,5304-num-1,5304-num-2,4.6
input-data/sick_annotated.txt,5305-num-1,5305-num-2,3.7
input-data/sick_annotated.txt,5306-num-1,5306-num-2,4.7
input-data/sick_annotated.txt,5307-num-1,5307-num-2,3.2
input-data/sick_annotated.txt,5308-num-1,5308-num-2,4.4
input-data/sick_annotated.txt,5309-num-1,5309-num-2,4.9
input-data/sick_annotated.txt,5310-num-1,5310-num-2,3.6
input-data/sick_annotated.txt,5311-num-1,5311-num-2,4.9
input-data/sick_annotated.txt,5312-num-1,5312-num-2,3.7
input-data/sick_annotated.txt,5313-num-1,5313-num-2,4.3
input-data/sick_annotated.txt,5314-num-1,5314-num-2,3.1
input-data/sick_annotated.txt,5315-num-1,5315-num-2,4.4
input-data/sick_annotated.txt,5316-num-1,5316-num-2,3.7
input-data/sick_annotated.txt,5317-num-1,5317-num-2,4.4
input-data/sick_annotated.txt,5318-num-1,5318-num-2,4.8
input-data/sick_annotated.txt,5319-num-1,5319-num-2,4
input-data/sick_annotated.txt,5320-num-1,5320-num-2,4.8
input-data/sick_annotated.txt,5321-num-1,5321-num-2,3
input-data/sick_annotated.txt,5322-num-1,5322-num-2,3.9
input-data/sick_annotated.txt,5323-num-1,5323-num-2,2.635
input-data/sick_annotated.txt,5324-num-1,5324-num-2,3.8
input-data/sick_annotated.txt,5325-num-1,5325-num-2,3
input-data/sick_annotated.txt,5326-num-1,5326-num-2,3.8
input-data/sick_annotated.txt,5327-num-1,5327-num-2,4.8
input-data/sick_annotated.txt,5328-num-1,5328-num-2,3.3
input-data/sick_annotated.txt,5330-num-1,5330-num-2,3.6
input-data/sick_annotated.txt,5331-num-1,5331-num-2,4.5
input-data/sick_annotated.txt,5332-num-1,5332-num-2,3.7
input-data/sick_annotated.txt,5334-num-1,5334-num-2,3.5
input-data/sick_annotated.txt,5336-num-1,5336-num-2,4.7
input-data/sick_annotated.txt,5337-num-1,5337-num-2,3
input-data/sick_annotated.txt,5338-num-1,5338-num-2,4.4
input-data/sick_annotated.txt,5339-num-1,5339-num-2,3
input-data/sick_annotated.txt,5340-num-1,5340-num-2,3
input-data/sick_annotated.txt,5341-num-1,5341-num-2,3
input-data/sick_annotated.txt,5342-num-1,5342-num-2,3.7
input-data/sick_annotated.txt,5343-num-1,5343-num-2,3.1
input-data/sick_annotated.txt,5344-num-1,5344-num-2,3
input-data/sick_annotated.txt,5347-num-1,5347-num-2,4.9
input-data/sick_annotated.txt,5348-num-1,5348-num-2,3.9
input-data/sick_annotated.txt,5349-num-1,5349-num-2,4.3
input-data/sick_annotated.txt,5350-num-1,5350-num-2,4.7
input-data/sick_annotated.txt,5351-num-1,5351-num-2,4.4
input-data/sick_annotated.txt,5352-num-1,5352-num-2,4.1
input-data/sick_annotated.txt,5353-num-1,5353-num-2,4.2
input-data/sick_annotated.txt,5354-num-1,5354-num-2,4.9
input-data/sick_annotated.txt,5355-num-1,5355-num-2,3.6
input-data/sick_annotated.txt,5356-num-1,5356-num-2,5
input-data/sick_annotated.txt,5357-num-1,5357-num-2,2.7
input-data/sick_annotated.txt,5358-num-1,5358-num-2,4.8
input-data/sick_annotated.txt,5359-num-1,5359-num-2,4.2
input-data/sick_annotated.txt,5360-num-1,5360-num-2,4.8
input-data/sick_annotated.txt,5361-num-1,5361-num-2,4.2
input-data/sick_annotated.txt,5362-num-1,5362-num-2,5
input-data/sick_annotated.txt,5365-num-1,5365-num-2,3.9
input-data/sick_annotated.txt,5366-num-1,5366-num-2,3
input-data/sick_annotated.txt,5367-num-1,5367-num-2,1.6
input-data/sick_annotated.txt,5368-num-1,5368-num-2,1.5
input-data/sick_annotated.txt,5369-num-1,5369-num-2,1.3
input-data/sick_annotated.txt,5370-num-1,5370-num-2,1.1
input-data/sick_annotated.txt,5371-num-1,5371-num-2,1.5
input-data/sick_annotated.txt,5372-num-1,5372-num-2,4.3
input-data/sick_annotated.txt,5374-num-1,5374-num-2,5
input-data/sick_annotated.txt,5375-num-1,5375-num-2,3.2
input-data/sick_annotated.txt,5376-num-1,5376-num-2,1
input-data/sick_annotated.txt,5377-num-1,5377-num-2,1
input-data/sick_annotated.txt,5378-num-1,5378-num-2,1
input-data/sick_annotated.txt,5379-num-1,5379-num-2,1
input-data/sick_annotated.txt,5380-num-1,5380-num-2,1
input-data/sick_annotated.txt,5381-num-1,5381-num-2,5
input-data/sick_annotated.txt,5382-num-1,5382-num-2,4
input-data/sick_annotated.txt,5383-num-1,5383-num-2,5
input-data/sick_annotated.txt,5385-num-1,5385-num-2,2
input-data/sick_annotated.txt,5386-num-1,5386-num-2,2.4
input-data/sick_annotated.txt,5387-num-1,5387-num-2,2.9
input-data/sick_annotated.txt,5388-num-1,5388-num-2,2.8
input-data/sick_annotated.txt,5389-num-1,5389-num-2,3.7
input-data/sick_annotated.txt,5390-num-1,5390-num-2,4.4
input-data/sick_annotated.txt,5391-num-1,5391-num-2,3.4
input-data/sick_annotated.txt,5392-num-1,5392-num-2,4.7
input-data/sick_annotated.txt,5393-num-1,5393-num-2,3.3
input-data/sick_annotated.txt,5394-num-1,5394-num-2,4.5
input-data/sick_annotated.txt,5395-num-1,5395-num-2,3.7
input-data/sick_annotated.txt,5396-num-1,5396-num-2,4.6
input-data/sick_annotated.txt,5397-num-1,5397-num-2,2.5
input-data/sick_annotated.txt,5398-num-1,5398-num-2,4.315
input-data/sick_annotated.txt,5399-num-1,5399-num-2,4.9
input-data/sick_annotated.txt,5400-num-1,5400-num-2,3.7
input-data/sick_annotated.txt,5401-num-1,5401-num-2,4.9
input-data/sick_annotated.txt,5402-num-1,5402-num-2,4
input-data/sick_annotated.txt,5403-num-1,5403-num-2,2.5
input-data/sick_annotated.txt,5404-num-1,5404-num-2,1.4
input-data/sick_annotated.txt,5405-num-1,5405-num-2,1.7
input-data/sick_annotated.txt,5406-num-1,5406-num-2,1.9
input-data/sick_annotated.txt,5407-num-1,5407-num-2,2.4
input-data/sick_annotated.txt,5408-num-1,5408-num-2,4.9
input-data/sick_annotated.txt,5409-num-1,5409-num-2,2.7
input-data/sick_annotated.txt,5410-num-1,5410-num-2,4.535
input-data/sick_annotated.txt,5411-num-1,5411-num-2,3.2
input-data/sick_annotated.txt,5412-num-1,5412-num-2,3.8
input-data/sick_annotated.txt,5413-num-1,5413-num-2,2.8
input-data/sick_annotated.txt,5414-num-1,5414-num-2,3.5
input-data/sick_annotated.txt,5415-num-1,5415-num-2,3.6
input-data/sick_annotated.txt,5416-num-1,5416-num-2,3.9
input-data/sick_annotated.txt,5417-num-1,5417-num-2,4.7
input-data/sick_annotated.txt,5418-num-1,5418-num-2,3.9
input-data/sick_annotated.txt,5419-num-1,5419-num-2,4.3
input-data/sick_annotated.txt,5421-num-1,5421-num-2,1.1
input-data/sick_annotated.txt,5422-num-1,5422-num-2,1
input-data/sick_annotated.txt,5423-num-1,5423-num-2,1
input-data/sick_annotated.txt,5424-num-1,5424-num-2,1.1
input-data/sick_annotated.txt,5425-num-1,5425-num-2,1
input-data/sick_annotated.txt,5426-num-1,5426-num-2,4.8
input-data/sick_annotated.txt,5427-num-1,5427-num-2,3.365
input-data/sick_annotated.txt,5428-num-1,5428-num-2,4.4
input-data/sick_annotated.txt,5429-num-1,5429-num-2,4.1
input-data/sick_annotated.txt,5430-num-1,5430-num-2,4.065
input-data/sick_annotated.txt,5431-num-1,5431-num-2,2.8
input-data/sick_annotated.txt,5432-num-1,5432-num-2,4.8
input-data/sick_annotated.txt,5433-num-1,5433-num-2,3.7
input-data/sick_annotated.txt,5434-num-1,5434-num-2,4.6
input-data/sick_annotated.txt,5435-num-1,5435-num-2,3.9
input-data/sick_annotated.txt,5436-num-1,5436-num-2,3.5
input-data/sick_annotated.txt,5437-num-1,5437-num-2,5
input-data/sick_annotated.txt,5438-num-1,5438-num-2,3.3
input-data/sick_annotated.txt,5439-num-1,5439-num-2,3.6
input-data/sick_annotated.txt,5440-num-1,5440-num-2,3.2
input-data/sick_annotated.txt,5441-num-1,5441-num-2,3
input-data/sick_annotated.txt,5442-num-1,5442-num-2,3.8
input-data/sick_annotated.txt,5443-num-1,5443-num-2,3.2
input-data/sick_annotated.txt,5444-num-1,5444-num-2,4.9
input-data/sick_annotated.txt,5445-num-1,5445-num-2,3.7
input-data/sick_annotated.txt,5446-num-1,5446-num-2,5
input-data/sick_annotated.txt,5447-num-1,5447-num-2,3.3
input-data/sick_annotated.txt,5448-num-1,5448-num-2,4.6
input-data/sick_annotated.txt,5449-num-1,5449-num-2,3.6
input-data/sick_annotated.txt,5450-num-1,5450-num-2,4.5
input-data/sick_annotated.txt,5451-num-1,5451-num-2,3.7
input-data/sick_annotated.txt,5452-num-1,5452-num-2,4.4
input-data/sick_annotated.txt,5453-num-1,5453-num-2,4.5
input-data/sick_annotated.txt,5454-num-1,5454-num-2,4.2
input-data/sick_annotated.txt,5455-num-1,5455-num-2,4.8
input-data/sick_annotated.txt,5456-num-1,5456-num-2,3.7
input-data/sick_annotated.txt,5457-num-1,5457-num-2,3.3
input-data/sick_annotated.txt,5458-num-1,5458-num-2,4.9
input-data/sick_annotated.txt,5459-num-1,5459-num-2,2.2
input-data/sick_annotated.txt,5460-num-1,5460-num-2,3.8
input-data/sick_annotated.txt,5461-num-1,5461-num-2,3.7
input-data/sick_annotated.txt,5462-num-1,5462-num-2,4.6
input-data/sick_annotated.txt,5463-num-1,5463-num-2,3.6
input-data/sick_annotated.txt,5464-num-1,5464-num-2,5
input-data/sick_annotated.txt,5465-num-1,5465-num-2,4.2
input-data/sick_annotated.txt,5466-num-1,5466-num-2,4.5
input-data/sick_annotated.txt,5467-num-1,5467-num-2,3.8
input-data/sick_annotated.txt,5468-num-1,5468-num-2,3.8
input-data/sick_annotated.txt,5469-num-1,5469-num-2,3.4
input-data/sick_annotated.txt,5470-num-1,5470-num-2,4.7
input-data/sick_annotated.txt,5471-num-1,5471-num-2,4.4
input-data/sick_annotated.txt,5472-num-1,5472-num-2,3.4
input-data/sick_annotated.txt,5473-num-1,5473-num-2,5
input-data/sick_annotated.txt,5474-num-1,5474-num-2,3.6
input-data/sick_annotated.txt,5475-num-1,5475-num-2,1
input-data/sick_annotated.txt,5476-num-1,5476-num-2,1.3
input-data/sick_annotated.txt,5477-num-1,5477-num-2,1.3
input-data/sick_annotated.txt,5478-num-1,5478-num-2,1.1
input-data/sick_annotated.txt,5479-num-1,5479-num-2,1.3
input-data/sick_annotated.txt,5480-num-1,5480-num-2,4.5
input-data/sick_annotated.txt,5481-num-1,5481-num-2,3.5
input-data/sick_annotated.txt,5482-num-1,5482-num-2,4.5
input-data/sick_annotated.txt,5483-num-1,5483-num-2,3.6
input-data/sick_annotated.txt,5484-num-1,5484-num-2,4.4
input-data/sick_annotated.txt,5485-num-1,5485-num-2,4.8
input-data/sick_annotated.txt,5486-num-1,5486-num-2,3.2
input-data/sick_annotated.txt,5487-num-1,5487-num-2,2.9
input-data/sick_annotated.txt,5488-num-1,5488-num-2,3.2
input-data/sick_annotated.txt,5489-num-1,5489-num-2,5
input-data/sick_annotated.txt,5490-num-1,5490-num-2,3.4
input-data/sick_annotated.txt,5491-num-1,5491-num-2,4.8
input-data/sick_annotated.txt,5492-num-1,5492-num-2,2.9
input-data/sick_annotated.txt,5493-num-1,5493-num-2,1.365
input-data/sick_annotated.txt,5494-num-1,5494-num-2,2.2
input-data/sick_annotated.txt,5495-num-1,5495-num-2,2.6
input-data/sick_annotated.txt,5496-num-1,5496-num-2,1.9
input-data/sick_annotated.txt,5497-num-1,5497-num-2,2.4
input-data/sick_annotated.txt,5498-num-1,5498-num-2,4.2
input-data/sick_annotated.txt,5499-num-1,5499-num-2,4
input-data/sick_annotated.txt,5500-num-1,5500-num-2,4.2
input-data/sick_annotated.txt,5501-num-1,5501-num-2,3.5
input-data/sick_annotated.txt,5502-num-1,5502-num-2,1.1
input-data/sick_annotated.txt,5503-num-1,5503-num-2,1
input-data/sick_annotated.txt,5504-num-1,5504-num-2,1.5
input-data/sick_annotated.txt,5505-num-1,5505-num-2,1
input-data/sick_annotated.txt,5506-num-1,5506-num-2,1.4
input-data/sick_annotated.txt,5507-num-1,5507-num-2,4.9
input-data/sick_annotated.txt,5509-num-1,5509-num-2,4.3
input-data/sick_annotated.txt,5510-num-1,5510-num-2,4.2
input-data/sick_annotated.txt,5511-num-1,5511-num-2,4.6
input-data/sick_annotated.txt,5512-num-1,5512-num-2,2.6
input-data/sick_annotated.txt,5513-num-1,5513-num-2,3.415
input-data/sick_annotated.txt,5514-num-1,5514-num-2,3
input-data/sick_annotated.txt,5515-num-1,5515-num-2,3.5
input-data/sick_annotated.txt,5516-num-1,5516-num-2,4.6
input-data/sick_annotated.txt,5517-num-1,5517-num-2,3.015
input-data/sick_annotated.txt,5518-num-1,5518-num-2,4.6
input-data/sick_annotated.txt,5519-num-1,5519-num-2,4
input-data/sick_annotated.txt,5520-num-1,5520-num-2,3.2
input-data/sick_annotated.txt,5521-num-1,5521-num-2,3
input-data/sick_annotated.txt,5522-num-1,5522-num-2,3.5
input-data/sick_annotated.txt,5523-num-1,5523-num-2,2.7
input-data/sick_annotated.txt,5524-num-1,5524-num-2,3.7
input-data/sick_annotated.txt,5525-num-1,5525-num-2,4.5
input-data/sick_annotated.txt,5526-num-1,5526-num-2,3.4
input-data/sick_annotated.txt,5527-num-1,5527-num-2,4.8
input-data/sick_annotated.txt,5528-num-1,5528-num-2,3.4
input-data/sick_annotated.txt,5529-num-1,5529-num-2,3.1
input-data/sick_annotated.txt,5530-num-1,5530-num-2,3.2
input-data/sick_annotated.txt,5531-num-1,5531-num-2,2.9
input-data/sick_annotated.txt,5532-num-1,5532-num-2,3.5
input-data/sick_annotated.txt,5533-num-1,5533-num-2,3.7
input-data/sick_annotated.txt,5534-num-1,5534-num-2,4.15
input-data/sick_annotated.txt,5535-num-1,5535-num-2,3.2
input-data/sick_annotated.txt,5536-num-1,5536-num-2,3.9
input-data/sick_annotated.txt,5537-num-1,5537-num-2,3.9
input-data/sick_annotated.txt,5538-num-1,5538-num-2,2.6
input-data/sick_annotated.txt,5539-num-1,5539-num-2,2.5
input-data/sick_annotated.txt,5540-num-1,5540-num-2,2.3
input-data/sick_annotated.txt,5541-num-1,5541-num-2,2
input-data/sick_annotated.txt,5542-num-1,5542-num-2,3.1
input-data/sick_annotated.txt,5543-num-1,5543-num-2,4.6
input-data/sick_annotated.txt,5544-num-1,5544-num-2,3.7
input-data/sick_annotated.txt,5545-num-1,5545-num-2,4.635
input-data/sick_annotated.txt,5546-num-1,5546-num-2,3.3
input-data/sick_annotated.txt,5547-num-1,5547-num-2,1.1
input-data/sick_annotated.txt,5548-num-1,5548-num-2,1.1
input-data/sick_annotated.txt,5549-num-1,5549-num-2,1.1
input-data/sick_annotated.txt,5550-num-1,5550-num-2,1.1
input-data/sick_annotated.txt,5551-num-1,5551-num-2,1
input-data/sick_annotated.txt,5552-num-1,5552-num-2,4.6
input-data/sick_annotated.txt,5553-num-1,5553-num-2,3.5
input-data/sick_annotated.txt,5554-num-1,5554-num-2,4.3
input-data/sick_annotated.txt,5555-num-1,5555-num-2,4.2
input-data/sick_annotated.txt,5556-num-1,5556-num-2,1
input-data/sick_annotated.txt,5557-num-1,5557-num-2,1.2
input-data/sick_annotated.txt,5558-num-1,5558-num-2,1.1
input-data/sick_annotated.txt,5559-num-1,5559-num-2,1
input-data/sick_annotated.txt,5560-num-1,5560-num-2,1.1
input-data/sick_annotated.txt,5561-num-1,5561-num-2,4.8
input-data/sick_annotated.txt,5562-num-1,5562-num-2,4.1
input-data/sick_annotated.txt,5563-num-1,5563-num-2,4.1
input-data/sick_annotated.txt,5564-num-1,5564-num-2,2.8
input-data/sick_annotated.txt,5565-num-1,5565-num-2,3.7
input-data/sick_annotated.txt,5566-num-1,5566-num-2,3.8
input-data/sick_annotated.txt,5567-num-1,5567-num-2,4.5
input-data/sick_annotated.txt,5568-num-1,5568-num-2,3.3
input-data/sick_annotated.txt,5569-num-1,5569-num-2,4.4
input-data/sick_annotated.txt,5570-num-1,5570-num-2,4.7
input-data/sick_annotated.txt,5571-num-1,5571-num-2,4.5
input-data/sick_annotated.txt,5572-num-1,5572-num-2,4.7
input-data/sick_annotated.txt,5573-num-1,5573-num-2,3.4
input-data/sick_annotated.txt,5574-num-1,5574-num-2,4.4
input-data/sick_annotated.txt,5575-num-1,5575-num-2,2.7
input-data/sick_annotated.txt,5576-num-1,5576-num-2,4.5
input-data/sick_annotated.txt,5577-num-1,5577-num-2,3.5
input-data/sick_annotated.txt,5578-num-1,5578-num-2,4.5
input-data/sick_annotated.txt,5579-num-1,5579-num-2,4.2
input-data/sick_annotated.txt,5580-num-1,5580-num-2,3.8
input-data/sick_annotated.txt,5581-num-1,5581-num-2,4.4
input-data/sick_annotated.txt,5582-num-1,5582-num-2,4
input-data/sick_annotated.txt,5583-num-1,5583-num-2,3.3
input-data/sick_annotated.txt,5584-num-1,5584-num-2,2.2
input-data/sick_annotated.txt,5585-num-1,5585-num-2,2.1
input-data/sick_annotated.txt,5586-num-1,5586-num-2,2.8
input-data/sick_annotated.txt,5587-num-1,5587-num-2,3.1
input-data/sick_annotated.txt,5588-num-1,5588-num-2,5
input-data/sick_annotated.txt,5589-num-1,5589-num-2,3.9
input-data/sick_annotated.txt,5590-num-1,5590-num-2,4
input-data/sick_annotated.txt,5591-num-1,5591-num-2,3.7
input-data/sick_annotated.txt,5592-num-1,5592-num-2,3.4
input-data/sick_annotated.txt,5593-num-1,5593-num-2,2.5
input-data/sick_annotated.txt,5594-num-1,5594-num-2,3.9
input-data/sick_annotated.txt,5595-num-1,5595-num-2,3.8
input-data/sick_annotated.txt,5596-num-1,5596-num-2,3.8
input-data/sick_annotated.txt,5597-num-1,5597-num-2,4.9
input-data/sick_annotated.txt,5598-num-1,5598-num-2,3.1
input-data/sick_annotated.txt,5599-num-1,5599-num-2,4.7
input-data/sick_annotated.txt,5600-num-1,5600-num-2,3.8
input-data/sick_annotated.txt,5601-num-1,5601-num-2,2.2
input-data/sick_annotated.txt,5602-num-1,5602-num-2,2.115
input-data/sick_annotated.txt,5604-num-1,5604-num-2,2.2
input-data/sick_annotated.txt,5605-num-1,5605-num-2,2.8
input-data/sick_annotated.txt,5606-num-1,5606-num-2,4.3
input-data/sick_annotated.txt,5607-num-1,5607-num-2,3.85
input-data/sick_annotated.txt,5608-num-1,5608-num-2,3.9
input-data/sick_annotated.txt,5609-num-1,5609-num-2,4.1
input-data/sick_annotated.txt,5610-num-1,5610-num-2,1.3
input-data/sick_annotated.txt,5611-num-1,5611-num-2,1.4
input-data/sick_annotated.txt,5612-num-1,5612-num-2,1
input-data/sick_annotated.txt,5613-num-1,5613-num-2,1.1
input-data/sick_annotated.txt,5614-num-1,5614-num-2,1.1
input-data/sick_annotated.txt,5615-num-1,5615-num-2,4.7
input-data/sick_annotated.txt,5616-num-1,5616-num-2,3.3
input-data/sick_annotated.txt,5617-num-1,5617-num-2,4.815
input-data/sick_annotated.txt,5618-num-1,5618-num-2,4
input-data/sick_annotated.txt,5619-num-1,5619-num-2,4
input-data/sick_annotated.txt,5620-num-1,5620-num-2,3.6
input-data/sick_annotated.txt,5621-num-1,5621-num-2,4.2
input-data/sick_annotated.txt,5622-num-1,5622-num-2,3.7
input-data/sick_annotated.txt,5623-num-1,5623-num-2,4.2
input-data/sick_annotated.txt,5624-num-1,5624-num-2,4.8
input-data/sick_annotated.txt,5625-num-1,5625-num-2,3.3
input-data/sick_annotated.txt,5626-num-1,5626-num-2,4.9
input-data/sick_annotated.txt,5627-num-1,5627-num-2,3.4
input-data/sick_annotated.txt,5628-num-1,5628-num-2,3.5
input-data/sick_annotated.txt,5629-num-1,5629-num-2,2.7
input-data/sick_annotated.txt,5630-num-1,5630-num-2,3.5
input-data/sick_annotated.txt,5631-num-1,5631-num-2,3.2
input-data/sick_annotated.txt,5632-num-1,5632-num-2,3.6
input-data/sick_annotated.txt,5633-num-1,5633-num-2,4.8
input-data/sick_annotated.txt,5634-num-1,5634-num-2,3
input-data/sick_annotated.txt,5635-num-1,5635-num-2,4.5
input-data/sick_annotated.txt,5636-num-1,5636-num-2,3.6
input-data/sick_annotated.txt,5637-num-1,5637-num-2,4.2
input-data/sick_annotated.txt,5638-num-1,5638-num-2,3.4
input-data/sick_annotated.txt,5639-num-1,5639-num-2,4.4
input-data/sick_annotated.txt,5640-num-1,5640-num-2,2.5
input-data/sick_annotated.txt,5641-num-1,5641-num-2,4.4
input-data/sick_annotated.txt,5642-num-1,5642-num-2,5
input-data/sick_annotated.txt,5643-num-1,5643-num-2,3.7
input-data/sick_annotated.txt,5644-num-1,5644-num-2,4.2
input-data/sick_annotated.txt,5645-num-1,5645-num-2,3.5
input-data/sick_annotated.txt,5646-num-1,5646-num-2,4.5
input-data/sick_annotated.txt,5647-num-1,5647-num-2,3.7
input-data/sick_annotated.txt,5648-num-1,5648-num-2,4.4
input-data/sick_annotated.txt,5649-num-1,5649-num-2,3.2
input-data/sick_annotated.txt,5650-num-1,5650-num-2,4.1
input-data/sick_annotated.txt,5651-num-1,5651-num-2,4
input-data/sick_annotated.txt,5652-num-1,5652-num-2,3.95
input-data/sick_annotated.txt,5653-num-1,5653-num-2,4.7
input-data/sick_annotated.txt,5654-num-1,5654-num-2,3
input-data/sick_annotated.txt,5655-num-1,5655-num-2,1
input-data/sick_annotated.txt,5656-num-1,5656-num-2,1.7
input-data/sick_annotated.txt,5657-num-1,5657-num-2,1.2
input-data/sick_annotated.txt,5658-num-1,5658-num-2,1.3
input-data/sick_annotated.txt,5659-num-1,5659-num-2,1.4
input-data/sick_annotated.txt,5660-num-1,5660-num-2,4.4
input-data/sick_annotated.txt,5661-num-1,5661-num-2,3.5
input-data/sick_annotated.txt,5662-num-1,5662-num-2,4.9
input-data/sick_annotated.txt,5663-num-1,5663-num-2,3.9
input-data/sick_annotated.txt,5664-num-1,5664-num-2,3.5
input-data/sick_annotated.txt,5665-num-1,5665-num-2,1.8
input-data/sick_annotated.txt,5666-num-1,5666-num-2,3.6
input-data/sick_annotated.txt,5667-num-1,5667-num-2,3.7
input-data/sick_annotated.txt,5668-num-1,5668-num-2,3.6
input-data/sick_annotated.txt,5669-num-1,5669-num-2,5
input-data/sick_annotated.txt,5670-num-1,5670-num-2,3.2
input-data/sick_annotated.txt,5671-num-1,5671-num-2,4.5
input-data/sick_annotated.txt,5672-num-1,5672-num-2,3.5
input-data/sick_annotated.txt,5673-num-1,5673-num-2,4.4
input-data/sick_annotated.txt,5674-num-1,5674-num-2,3.1
input-data/sick_annotated.txt,5676-num-1,5676-num-2,2.9
input-data/sick_annotated.txt,5677-num-1,5677-num-2,5
input-data/sick_annotated.txt,5678-num-1,5678-num-2,4.7
input-data/sick_annotated.txt,5679-num-1,5679-num-2,3.465
input-data/sick_annotated.txt,5680-num-1,5680-num-2,5
input-data/sick_annotated.txt,5681-num-1,5681-num-2,3.6
input-data/sick_annotated.txt,5682-num-1,5682-num-2,2.7
input-data/sick_annotated.txt,5683-num-1,5683-num-2,2.8
input-data/sick_annotated.txt,5684-num-1,5684-num-2,3.1
input-data/sick_annotated.txt,5685-num-1,5685-num-2,2.9
input-data/sick_annotated.txt,5686-num-1,5686-num-2,3.4
input-data/sick_annotated.txt,5688-num-1,5688-num-2,3.2
input-data/sick_annotated.txt,5689-num-1,5689-num-2,4.8
input-data/sick_annotated.txt,5690-num-1,5690-num-2,2.3
input-data/sick_annotated.txt,5691-num-1,5691-num-2,1.2
input-data/sick_annotated.txt,5692-num-1,5692-num-2,1.2
input-data/sick_annotated.txt,5693-num-1,5693-num-2,2.2
input-data/sick_annotated.txt,5694-num-1,5694-num-2,1.4
input-data/sick_annotated.txt,5695-num-1,5695-num-2,1.9
input-data/sick_annotated.txt,5696-num-1,5696-num-2,5
input-data/sick_annotated.txt,5697-num-1,5697-num-2,4
input-data/sick_annotated.txt,5698-num-1,5698-num-2,4
input-data/sick_annotated.txt,5699-num-1,5699-num-2,3.1
input-data/sick_annotated.txt,5700-num-1,5700-num-2,4.2
input-data/sick_annotated.txt,5701-num-1,5701-num-2,3.8
input-data/sick_annotated.txt,5702-num-1,5702-num-2,4.7
input-data/sick_annotated.txt,5703-num-1,5703-num-2,3.2
input-data/sick_annotated.txt,5704-num-1,5704-num-2,4.7
input-data/sick_annotated.txt,5705-num-1,5705-num-2,4.7
input-data/sick_annotated.txt,5706-num-1,5706-num-2,3.7
input-data/sick_annotated.txt,5707-num-1,5707-num-2,4.6
input-data/sick_annotated.txt,5708-num-1,5708-num-2,3.2
input-data/sick_annotated.txt,5709-num-1,5709-num-2,4.9
input-data/sick_annotated.txt,5710-num-1,5710-num-2,3.7
input-data/sick_annotated.txt,5711-num-1,5711-num-2,4.3
input-data/sick_annotated.txt,5712-num-1,5712-num-2,4.1
input-data/sick_annotated.txt,5713-num-1,5713-num-2,4.9
input-data/sick_annotated.txt,5714-num-1,5714-num-2,4.3
input-data/sick_annotated.txt,5715-num-1,5715-num-2,3.8
input-data/sick_annotated.txt,5716-num-1,5716-num-2,4.5
input-data/sick_annotated.txt,5717-num-1,5717-num-2,3.6
input-data/sick_annotated.txt,5718-num-1,5718-num-2,4.5
input-data/sick_annotated.txt,5719-num-1,5719-num-2,2.8
input-data/sick_annotated.txt,5720-num-1,5720-num-2,3.9
input-data/sick_annotated.txt,5721-num-1,5721-num-2,3.1
input-data/sick_annotated.txt,5722-num-1,5722-num-2,4.1
input-data/sick_annotated.txt,5723-num-1,5723-num-2,4.5
input-data/sick_annotated.txt,5724-num-1,5724-num-2,3.9
input-data/sick_annotated.txt,5725-num-1,5725-num-2,5
input-data/sick_annotated.txt,5726-num-1,5726-num-2,3.7
input-data/sick_annotated.txt,5727-num-1,5727-num-2,4.1
input-data/sick_annotated.txt,5728-num-1,5728-num-2,3.65
input-data/sick_annotated.txt,5729-num-1,5729-num-2,4.2
input-data/sick_annotated.txt,5730-num-1,5730-num-2,3.1
input-data/sick_annotated.txt,5731-num-1,5731-num-2,4.2
input-data/sick_annotated.txt,5732-num-1,5732-num-2,4.5
input-data/sick_annotated.txt,5733-num-1,5733-num-2,2.3
input-data/sick_annotated.txt,5734-num-1,5734-num-2,4.6
input-data/sick_annotated.txt,5735-num-1,5735-num-2,3
input-data/sick_annotated.txt,5736-num-1,5736-num-2,1
input-data/sick_annotated.txt,5737-num-1,5737-num-2,1.1
input-data/sick_annotated.txt,5738-num-1,5738-num-2,1
input-data/sick_annotated.txt,5739-num-1,5739-num-2,1.2
input-data/sick_annotated.txt,5740-num-1,5740-num-2,1.1
input-data/sick_annotated.txt,5741-num-1,5741-num-2,4.7
input-data/sick_annotated.txt,5742-num-1,5742-num-2,3.85
input-data/sick_annotated.txt,5743-num-1,5743-num-2,4.9
input-data/sick_annotated.txt,5744-num-1,5744-num-2,3.5
input-data/sick_annotated.txt,5745-num-1,5745-num-2,1.4
input-data/sick_annotated.txt,5746-num-1,5746-num-2,3.1
input-data/sick_annotated.txt,5747-num-1,5747-num-2,3.2
input-data/sick_annotated.txt,5748-num-1,5748-num-2,2.1
input-data/sick_annotated.txt,5749-num-1,5749-num-2,2.1
input-data/sick_annotated.txt,5750-num-1,5750-num-2,4.2
input-data/sick_annotated.txt,5751-num-1,5751-num-2,3.6
input-data/sick_annotated.txt,5752-num-1,5752-num-2,4.4
input-data/sick_annotated.txt,5753-num-1,5753-num-2,2.8
input-data/sick_annotated.txt,5754-num-1,5754-num-2,2.1
input-data/sick_annotated.txt,5755-num-1,5755-num-2,1.7
input-data/sick_annotated.txt,5756-num-1,5756-num-2,1
input-data/sick_annotated.txt,5757-num-1,5757-num-2,1.7
input-data/sick_annotated.txt,5758-num-1,5758-num-2,1.9
input-data/sick_annotated.txt,5759-num-1,5759-num-2,4.8
input-data/sick_annotated.txt,5760-num-1,5760-num-2,3.4
input-data/sick_annotated.txt,5761-num-1,5761-num-2,4.5
input-data/sick_annotated.txt,5762-num-1,5762-num-2,4.8
input-data/sick_annotated.txt,5763-num-1,5763-num-2,3.6
input-data/sick_annotated.txt,5764-num-1,5764-num-2,1.1
input-data/sick_annotated.txt,5765-num-1,5765-num-2,1.8
input-data/sick_annotated.txt,5766-num-1,5766-num-2,1.4
input-data/sick_annotated.txt,5767-num-1,5767-num-2,1
input-data/sick_annotated.txt,5768-num-1,5768-num-2,1.6
input-data/sick_annotated.txt,5769-num-1,5769-num-2,1
input-data/sick_annotated.txt,5770-num-1,5770-num-2,4.8
input-data/sick_annotated.txt,5771-num-1,5771-num-2,3
input-data/sick_annotated.txt,5772-num-1,5772-num-2,4.5
input-data/sick_annotated.txt,5773-num-1,5773-num-2,3.5
input-data/sick_annotated.txt,5774-num-1,5774-num-2,4.2
input-data/sick_annotated.txt,5775-num-1,5775-num-2,3.5
input-data/sick_annotated.txt,5776-num-1,5776-num-2,4.6
input-data/sick_annotated.txt,5777-num-1,5777-num-2,2.6
input-data/sick_annotated.txt,5778-num-1,5778-num-2,4.3
input-data/sick_annotated.txt,5779-num-1,5779-num-2,4.4
input-data/sick_annotated.txt,5780-num-1,5780-num-2,2.6
input-data/sick_annotated.txt,5781-num-1,5781-num-2,4.4
input-data/sick_annotated.txt,5782-num-1,5782-num-2,3.915
input-data/sick_annotated.txt,5783-num-1,5783-num-2,1
input-data/sick_annotated.txt,5784-num-1,5784-num-2,1.5
input-data/sick_annotated.txt,5785-num-1,5785-num-2,1
input-data/sick_annotated.txt,5786-num-1,5786-num-2,1
input-data/sick_annotated.txt,5787-num-1,5787-num-2,1
input-data/sick_annotated.txt,5788-num-1,5788-num-2,4.9
input-data/sick_annotated.txt,5789-num-1,5789-num-2,3.8
input-data/sick_annotated.txt,5790-num-1,5790-num-2,4.9
input-data/sick_annotated.txt,5791-num-1,5791-num-2,3.6
input-data/sick_annotated.txt,5792-num-1,5792-num-2,4.8
input-data/sick_annotated.txt,5793-num-1,5793-num-2,3
input-data/sick_annotated.txt,5794-num-1,5794-num-2,4.4
input-data/sick_annotated.txt,5795-num-1,5795-num-2,2.8
input-data/sick_annotated.txt,5796-num-1,5796-num-2,4.7
input-data/sick_annotated.txt,5797-num-1,5797-num-2,4.3
input-data/sick_annotated.txt,5798-num-1,5798-num-2,4
input-data/sick_annotated.txt,5799-num-1,5799-num-2,5
input-data/sick_annotated.txt,5800-num-1,5800-num-2,4.2
input-data/sick_annotated.txt,5801-num-1,5801-num-2,2.3
input-data/sick_annotated.txt,5802-num-1,5802-num-2,2
input-data/sick_annotated.txt,5803-num-1,5803-num-2,2.9
input-data/sick_annotated.txt,5804-num-1,5804-num-2,1.6
input-data/sick_annotated.txt,5805-num-1,5805-num-2,2.4
input-data/sick_annotated.txt,5806-num-1,5806-num-2,4.2
input-data/sick_annotated.txt,5807-num-1,5807-num-2,2.8
input-data/sick_annotated.txt,5808-num-1,5808-num-2,4.4
input-data/sick_annotated.txt,5809-num-1,5809-num-2,3.6
input-data/sick_annotated.txt,5810-num-1,5810-num-2,1.1
input-data/sick_annotated.txt,5811-num-1,5811-num-2,1.6
input-data/sick_annotated.txt,5812-num-1,5812-num-2,1.8
input-data/sick_annotated.txt,5813-num-1,5813-num-2,1
input-data/sick_annotated.txt,5814-num-1,5814-num-2,1.6
input-data/sick_annotated.txt,5815-num-1,5815-num-2,4.8
input-data/sick_annotated.txt,5816-num-1,5816-num-2,3.5
input-data/sick_annotated.txt,5817-num-1,5817-num-2,4.2
input-data/sick_annotated.txt,5818-num-1,5818-num-2,3.7
input-data/sick_annotated.txt,5819-num-1,5819-num-2,1.4
input-data/sick_annotated.txt,5820-num-1,5820-num-2,1.3
input-data/sick_annotated.txt,5821-num-1,5821-num-2,1.1
input-data/sick_annotated.txt,5822-num-1,5822-num-2,1.1
input-data/sick_annotated.txt,5823-num-1,5823-num-2,1.5
input-data/sick_annotated.txt,5824-num-1,5824-num-2,4.8
input-data/sick_annotated.txt,5825-num-1,5825-num-2,4
input-data/sick_annotated.txt,5828-num-1,5828-num-2,3.4
input-data/sick_annotated.txt,5829-num-1,5829-num-2,3.1
input-data/sick_annotated.txt,5830-num-1,5830-num-2,3.1
input-data/sick_annotated.txt,5831-num-1,5831-num-2,3.3
input-data/sick_annotated.txt,5832-num-1,5832-num-2,3.3
input-data/sick_annotated.txt,5833-num-1,5833-num-2,3.8
input-data/sick_annotated.txt,5834-num-1,5834-num-2,4
input-data/sick_annotated.txt,5835-num-1,5835-num-2,5
input-data/sick_annotated.txt,5837-num-1,5837-num-2,1.3
input-data/sick_annotated.txt,5838-num-1,5838-num-2,1.9
input-data/sick_annotated.txt,5839-num-1,5839-num-2,1.4
input-data/sick_annotated.txt,5840-num-1,5840-num-2,1.6
input-data/sick_annotated.txt,5841-num-1,5841-num-2,1.7
input-data/sick_annotated.txt,5842-num-1,5842-num-2,4.4
input-data/sick_annotated.txt,5843-num-1,5843-num-2,3.3
input-data/sick_annotated.txt,5844-num-1,5844-num-2,4.5
input-data/sick_annotated.txt,5845-num-1,5845-num-2,4.2
input-data/sick_annotated.txt,5847-num-1,5847-num-2,3.1
input-data/sick_annotated.txt,5849-num-1,5849-num-2,3.8
input-data/sick_annotated.txt,5851-num-1,5851-num-2,4.8
input-data/sick_annotated.txt,5852-num-1,5852-num-2,4
input-data/sick_annotated.txt,5853-num-1,5853-num-2,4.5
input-data/sick_annotated.txt,5854-num-1,5854-num-2,4.1
input-data/sick_annotated.txt,5855-num-1,5855-num-2,3.6
input-data/sick_annotated.txt,5856-num-1,5856-num-2,3.4
input-data/sick_annotated.txt,5857-num-1,5857-num-2,4
input-data/sick_annotated.txt,5858-num-1,5858-num-2,4
input-data/sick_annotated.txt,5859-num-1,5859-num-2,4.2
input-data/sick_annotated.txt,5860-num-1,5860-num-2,4.5
input-data/sick_annotated.txt,5861-num-1,5861-num-2,3.9
input-data/sick_annotated.txt,5862-num-1,5862-num-2,4.7
input-data/sick_annotated.txt,5863-num-1,5863-num-2,4.1
input-data/sick_annotated.txt,5864-num-1,5864-num-2,4.5
input-data/sick_annotated.txt,5865-num-1,5865-num-2,3.1
input-data/sick_annotated.txt,5866-num-1,5866-num-2,4.4
input-data/sick_annotated.txt,5867-num-1,5867-num-2,3.6
input-data/sick_annotated.txt,5868-num-1,5868-num-2,4.4
input-data/sick_annotated.txt,5869-num-1,5869-num-2,4.2
input-data/sick_annotated.txt,5870-num-1,5870-num-2,3.6
input-data/sick_annotated.txt,5871-num-1,5871-num-2,4.5
input-data/sick_annotated.txt,5873-num-1,5873-num-2,4.4
input-data/sick_annotated.txt,5875-num-1,5875-num-2,5
input-data/sick_annotated.txt,5876-num-1,5876-num-2,3.3
input-data/sick_annotated.txt,5877-num-1,5877-num-2,4.7
input-data/sick_annotated.txt,5878-num-1,5878-num-2,3.9
input-data/sick_annotated.txt,5879-num-1,5879-num-2,3.835
input-data/sick_annotated.txt,5880-num-1,5880-num-2,4.6
input-data/sick_annotated.txt,5881-num-1,5881-num-2,3.2
input-data/sick_annotated.txt,5882-num-1,5882-num-2,3.9
input-data/sick_annotated.txt,5883-num-1,5883-num-2,3.6
input-data/sick_annotated.txt,5884-num-1,5884-num-2,4.1
input-data/sick_annotated.txt,5885-num-1,5885-num-2,4
input-data/sick_annotated.txt,5886-num-1,5886-num-2,4.4
input-data/sick_annotated.txt,5887-num-1,5887-num-2,4.2
input-data/sick_annotated.txt,5888-num-1,5888-num-2,4
input-data/sick_annotated.txt,5889-num-1,5889-num-2,4.9
input-data/sick_annotated.txt,5890-num-1,5890-num-2,3.685
input-data/sick_annotated.txt,5891-num-1,5891-num-2,1
input-data/sick_annotated.txt,5892-num-1,5892-num-2,1.2
input-data/sick_annotated.txt,5893-num-1,5893-num-2,1
input-data/sick_annotated.txt,5894-num-1,5894-num-2,1
input-data/sick_annotated.txt,5895-num-1,5895-num-2,1
input-data/sick_annotated.txt,5896-num-1,5896-num-2,4.3
input-data/sick_annotated.txt,5897-num-1,5897-num-2,3.775
input-data/sick_annotated.txt,5898-num-1,5898-num-2,4.5
input-data/sick_annotated.txt,5899-num-1,5899-num-2,4.4
input-data/sick_annotated.txt,5900-num-1,5900-num-2,4.1
input-data/sick_annotated.txt,5901-num-1,5901-num-2,4.4
input-data/sick_annotated.txt,5902-num-1,5902-num-2,4.3
input-data/sick_annotated.txt,5903-num-1,5903-num-2,3.5
input-data/sick_annotated.txt,5904-num-1,5904-num-2,4
input-data/sick_annotated.txt,5905-num-1,5905-num-2,4.815
input-data/sick_annotated.txt,5906-num-1,5906-num-2,4
input-data/sick_annotated.txt,5907-num-1,5907-num-2,4.1
input-data/sick_annotated.txt,5908-num-1,5908-num-2,3.1
input-data/sick_annotated.txt,5909-num-1,5909-num-2,3.1
input-data/sick_annotated.txt,5910-num-1,5910-num-2,3.4
input-data/sick_annotated.txt,5911-num-1,5911-num-2,3.3
input-data/sick_annotated.txt,5912-num-1,5912-num-2,3.2
input-data/sick_annotated.txt,5913-num-1,5913-num-2,2.7
input-data/sick_annotated.txt,5914-num-1,5914-num-2,5
input-data/sick_annotated.txt,5915-num-1,5915-num-2,2.2
input-data/sick_annotated.txt,5916-num-1,5916-num-2,4.9
input-data/sick_annotated.txt,5917-num-1,5917-num-2,4
input-data/sick_annotated.txt,5918-num-1,5918-num-2,1
input-data/sick_annotated.txt,5919-num-1,5919-num-2,1
input-data/sick_annotated.txt,5920-num-1,5920-num-2,1
input-data/sick_annotated.txt,5921-num-1,5921-num-2,1
input-data/sick_annotated.txt,5922-num-1,5922-num-2,1
input-data/sick_annotated.txt,5923-num-1,5923-num-2,3.9
input-data/sick_annotated.txt,5924-num-1,5924-num-2,3.8
input-data/sick_annotated.txt,5925-num-1,5925-num-2,4
input-data/sick_annotated.txt,5926-num-1,5926-num-2,3.2
input-data/sick_annotated.txt,5927-num-1,5927-num-2,2.8
input-data/sick_annotated.txt,5928-num-1,5928-num-2,1.4
input-data/sick_annotated.txt,5929-num-1,5929-num-2,1.7
input-data/sick_annotated.txt,5930-num-1,5930-num-2,2.3
input-data/sick_annotated.txt,5931-num-1,5931-num-2,2
input-data/sick_annotated.txt,5932-num-1,5932-num-2,4.7
input-data/sick_annotated.txt,5933-num-1,5933-num-2,3.3
input-data/sick_annotated.txt,5934-num-1,5934-num-2,4.4
input-data/sick_annotated.txt,5935-num-1,5935-num-2,3.5
input-data/sick_annotated.txt,5936-num-1,5936-num-2,4.3
input-data/sick_annotated.txt,5937-num-1,5937-num-2,3.6
input-data/sick_annotated.txt,5938-num-1,5938-num-2,4
input-data/sick_annotated.txt,5939-num-1,5939-num-2,2.4
input-data/sick_annotated.txt,5940-num-1,5940-num-2,4.2
input-data/sick_annotated.txt,5941-num-1,5941-num-2,4.7
input-data/sick_annotated.txt,5942-num-1,5942-num-2,3.4
input-data/sick_annotated.txt,5943-num-1,5943-num-2,5
input-data/sick_annotated.txt,5944-num-1,5944-num-2,2.7
input-data/sick_annotated.txt,5945-num-1,5945-num-2,3.2
input-data/sick_annotated.txt,5946-num-1,5946-num-2,3.6
input-data/sick_annotated.txt,5947-num-1,5947-num-2,3
input-data/sick_annotated.txt,5948-num-1,5948-num-2,2.9
input-data/sick_annotated.txt,5949-num-1,5949-num-2,3.7
input-data/sick_annotated.txt,5950-num-1,5950-num-2,2.3
input-data/sick_annotated.txt,5951-num-1,5951-num-2,3.1
input-data/sick_annotated.txt,5952-num-1,5952-num-2,5
input-data/sick_annotated.txt,5953-num-1,5953-num-2,2.9
input-data/sick_annotated.txt,5954-num-1,5954-num-2,4.5
input-data/sick_annotated.txt,5955-num-1,5955-num-2,3.7
input-data/sick_annotated.txt,5956-num-1,5956-num-2,4.1
input-data/sick_annotated.txt,5957-num-1,5957-num-2,2.9
input-data/sick_annotated.txt,5958-num-1,5958-num-2,3.685
input-data/sick_annotated.txt,5959-num-1,5959-num-2,3.415
input-data/sick_annotated.txt,5960-num-1,5960-num-2,3.4
input-data/sick_annotated.txt,5961-num-1,5961-num-2,4.7
input-data/sick_annotated.txt,5962-num-1,5962-num-2,2.4
input-data/sick_annotated.txt,5963-num-1,5963-num-2,3.4
input-data/sick_annotated.txt,5964-num-1,5964-num-2,4.9
input-data/sick_annotated.txt,5965-num-1,5965-num-2,3.7
input-data/sick_annotated.txt,5966-num-1,5966-num-2,1.5
input-data/sick_annotated.txt,5967-num-1,5967-num-2,1.7
input-data/sick_annotated.txt,5968-num-1,5968-num-2,1.1
input-data/sick_annotated.txt,5969-num-1,5969-num-2,1.7
input-data/sick_annotated.txt,5970-num-1,5970-num-2,1.8
input-data/sick_annotated.txt,5971-num-1,5971-num-2,1.8
input-data/sick_annotated.txt,5972-num-1,5972-num-2,4.3
input-data/sick_annotated.txt,5973-num-1,5973-num-2,4.1
input-data/sick_annotated.txt,5974-num-1,5974-num-2,3.3
input-data/sick_annotated.txt,5975-num-1,5975-num-2,4.8
input-data/sick_annotated.txt,5976-num-1,5976-num-2,3.6
input-data/sick_annotated.txt,5977-num-1,5977-num-2,3.9
input-data/sick_annotated.txt,5978-num-1,5978-num-2,2.5
input-data/sick_annotated.txt,5979-num-1,5979-num-2,3.1
input-data/sick_annotated.txt,5980-num-1,5980-num-2,3.5
input-data/sick_annotated.txt,5981-num-1,5981-num-2,1.9
input-data/sick_annotated.txt,5982-num-1,5982-num-2,4.1
input-data/sick_annotated.txt,5983-num-1,5983-num-2,4.9
input-data/sick_annotated.txt,5984-num-1,5984-num-2,3.7
input-data/sick_annotated.txt,5985-num-1,5985-num-2,4.9
input-data/sick_annotated.txt,5986-num-1,5986-num-2,3.6
input-data/sick_annotated.txt,5987-num-1,5987-num-2,2.9
input-data/sick_annotated.txt,5988-num-1,5988-num-2,3.5
input-data/sick_annotated.txt,5989-num-1,5989-num-2,4.1
input-data/sick_annotated.txt,5990-num-1,5990-num-2,2.2
input-data/sick_annotated.txt,5991-num-1,5991-num-2,4.2
input-data/sick_annotated.txt,5992-num-1,5992-num-2,2.9
input-data/sick_annotated.txt,5993-num-1,5993-num-2,3.6
input-data/sick_annotated.txt,5994-num-1,5994-num-2,4.4
input-data/sick_annotated.txt,5995-num-1,5995-num-2,3.8
input-data/sick_annotated.txt,5996-num-1,5996-num-2,4.9
input-data/sick_annotated.txt,5997-num-1,5997-num-2,3.7
input-data/sick_annotated.txt,5998-num-1,5998-num-2,3.4
input-data/sick_annotated.txt,5999-num-1,5999-num-2,3.4
input-data/sick_annotated.txt,6000-num-1,6000-num-2,3.915
input-data/sick_annotated.txt,6001-num-1,6001-num-2,2.8
input-data/sick_annotated.txt,6002-num-1,6002-num-2,3.8
input-data/sick_annotated.txt,6003-num-1,6003-num-2,4.9
input-data/sick_annotated.txt,6004-num-1,6004-num-2,4.3
input-data/sick_annotated.txt,6005-num-1,6005-num-2,3.4
input-data/sick_annotated.txt,6006-num-1,6006-num-2,4.9
input-data/sick_annotated.txt,6007-num-1,6007-num-2,3.7
input-data/sick_annotated.txt,6008-num-1,6008-num-2,3.5
input-data/sick_annotated.txt,6009-num-1,6009-num-2,2.5
input-data/sick_annotated.txt,6010-num-1,6010-num-2,3.8
input-data/sick_annotated.txt,6011-num-1,6011-num-2,2.7
input-data/sick_annotated.txt,6012-num-1,6012-num-2,3.5
input-data/sick_annotated.txt,6013-num-1,6013-num-2,3.5
input-data/sick_annotated.txt,6014-num-1,6014-num-2,5
input-data/sick_annotated.txt,6015-num-1,6015-num-2,2.8
input-data/sick_annotated.txt,6016-num-1,6016-num-2,2.4
input-data/sick_annotated.txt,6017-num-1,6017-num-2,4.9
input-data/sick_annotated.txt,6018-num-1,6018-num-2,3.8
input-data/sick_annotated.txt,6019-num-1,6019-num-2,4.1
input-data/sick_annotated.txt,6020-num-1,6020-num-2,3
input-data/sick_annotated.txt,6021-num-1,6021-num-2,4.3
input-data/sick_annotated.txt,6022-num-1,6022-num-2,2.4
input-data/sick_annotated.txt,6023-num-1,6023-num-2,2.2
input-data/sick_annotated.txt,6024-num-1,6024-num-2,4.2
input-data/sick_annotated.txt,6025-num-1,6025-num-2,5
input-data/sick_annotated.txt,6026-num-1,6026-num-2,3.3
input-data/sick_annotated.txt,6027-num-1,6027-num-2,4.9
input-data/sick_annotated.txt,6028-num-1,6028-num-2,3.1
input-data/sick_annotated.txt,6029-num-1,6029-num-2,2.9
input-data/sick_annotated.txt,6030-num-1,6030-num-2,2.5
input-data/sick_annotated.txt,6031-num-1,6031-num-2,3.7
input-data/sick_annotated.txt,6032-num-1,6032-num-2,3.3
input-data/sick_annotated.txt,6033-num-1,6033-num-2,3.8
input-data/sick_annotated.txt,6034-num-1,6034-num-2,4.6
input-data/sick_annotated.txt,6035-num-1,6035-num-2,4.5
input-data/sick_annotated.txt,6036-num-1,6036-num-2,4.9
input-data/sick_annotated.txt,6037-num-1,6037-num-2,4
input-data/sick_annotated.txt,6038-num-1,6038-num-2,3.5
input-data/sick_annotated.txt,6039-num-1,6039-num-2,3.9
input-data/sick_annotated.txt,6040-num-1,6040-num-2,3.1
input-data/sick_annotated.txt,6041-num-1,6041-num-2,2
input-data/sick_annotated.txt,6042-num-1,6042-num-2,3.4
input-data/sick_annotated.txt,6043-num-1,6043-num-2,2.9
input-data/sick_annotated.txt,6044-num-1,6044-num-2,3.5
input-data/sick_annotated.txt,6045-num-1,6045-num-2,4.4
input-data/sick_annotated.txt,6046-num-1,6046-num-2,3
input-data/sick_annotated.txt,6047-num-1,6047-num-2,5
input-data/sick_annotated.txt,6048-num-1,6048-num-2,3
input-data/sick_annotated.txt,6049-num-1,6049-num-2,2.3
input-data/sick_annotated.txt,6050-num-1,6050-num-2,1.6
input-data/sick_annotated.txt,6051-num-1,6051-num-2,2.7
input-data/sick_annotated.txt,6052-num-1,6052-num-2,1.9
input-data/sick_annotated.txt,6053-num-1,6053-num-2,2.4
input-data/sick_annotated.txt,6054-num-1,6054-num-2,4.8
input-data/sick_annotated.txt,6055-num-1,6055-num-2,3.6
input-data/sick_annotated.txt,6056-num-1,6056-num-2,4.8
input-data/sick_annotated.txt,6057-num-1,6057-num-2,3.6
input-data/sick_annotated.txt,6058-num-1,6058-num-2,2.1
input-data/sick_annotated.txt,6059-num-1,6059-num-2,2.2
input-data/sick_annotated.txt,6060-num-1,6060-num-2,2.5
input-data/sick_annotated.txt,6061-num-1,6061-num-2,2.4
input-data/sick_annotated.txt,6062-num-1,6062-num-2,1.7
input-data/sick_annotated.txt,6063-num-1,6063-num-2,4.9
input-data/sick_annotated.txt,6064-num-1,6064-num-2,3.3
input-data/sick_annotated.txt,6065-num-1,6065-num-2,4.9
input-data/sick_annotated.txt,6066-num-1,6066-num-2,4.1
input-data/sick_annotated.txt,6067-num-1,6067-num-2,2.8
input-data/sick_annotated.txt,6068-num-1,6068-num-2,3.4
input-data/sick_annotated.txt,6069-num-1,6069-num-2,3.1
input-data/sick_annotated.txt,6070-num-1,6070-num-2,2.6
input-data/sick_annotated.txt,6071-num-1,6071-num-2,4
input-data/sick_annotated.txt,6072-num-1,6072-num-2,2.735
input-data/sick_annotated.txt,6073-num-1,6073-num-2,3.4
input-data/sick_annotated.txt,6074-num-1,6074-num-2,4.9
input-data/sick_annotated.txt,6075-num-1,6075-num-2,3.5
input-data/sick_annotated.txt,6076-num-1,6076-num-2,4.6
input-data/sick_annotated.txt,6077-num-1,6077-num-2,3.7
input-data/sick_annotated.txt,6078-num-1,6078-num-2,4.2
input-data/sick_annotated.txt,6079-num-1,6079-num-2,3.9
input-data/sick_annotated.txt,6080-num-1,6080-num-2,4.3
input-data/sick_annotated.txt,6081-num-1,6081-num-2,3.9
input-data/sick_annotated.txt,6082-num-1,6082-num-2,4.3
input-data/sick_annotated.txt,6083-num-1,6083-num-2,4.9
input-data/sick_annotated.txt,6084-num-1,6084-num-2,3.9
input-data/sick_annotated.txt,6085-num-1,6085-num-2,4.8
input-data/sick_annotated.txt,6086-num-1,6086-num-2,3.7
input-data/sick_annotated.txt,6087-num-1,6087-num-2,3.6
input-data/sick_annotated.txt,6088-num-1,6088-num-2,3.6
input-data/sick_annotated.txt,6089-num-1,6089-num-2,3.7
input-data/sick_annotated.txt,6090-num-1,6090-num-2,3.4
input-data/sick_annotated.txt,6091-num-1,6091-num-2,3.6
input-data/sick_annotated.txt,6092-num-1,6092-num-2,4.5
input-data/sick_annotated.txt,6093-num-1,6093-num-2,4.5
input-data/sick_annotated.txt,6094-num-1,6094-num-2,4.8
input-data/sick_annotated.txt,6095-num-1,6095-num-2,4.6
input-data/sick_annotated.txt,6096-num-1,6096-num-2,4.6
input-data/sick_annotated.txt,6097-num-1,6097-num-2,3
input-data/sick_annotated.txt,6098-num-1,6098-num-2,4.4
input-data/sick_annotated.txt,6099-num-1,6099-num-2,3.2
input-data/sick_annotated.txt,6100-num-1,6100-num-2,4.2
input-data/sick_annotated.txt,6101-num-1,6101-num-2,4.8
input-data/sick_annotated.txt,6102-num-1,6102-num-2,3.5
input-data/sick_annotated.txt,6103-num-1,6103-num-2,3.4
input-data/sick_annotated.txt,6104-num-1,6104-num-2,4.3
input-data/sick_annotated.txt,6105-num-1,6105-num-2,3.7
input-data/sick_annotated.txt,6106-num-1,6106-num-2,3.3
input-data/sick_annotated.txt,6107-num-1,6107-num-2,3.4
input-data/sick_annotated.txt,6108-num-1,6108-num-2,3.1
input-data/sick_annotated.txt,6109-num-1,6109-num-2,2.6
input-data/sick_annotated.txt,6110-num-1,6110-num-2,2.5
input-data/sick_annotated.txt,6111-num-1,6111-num-2,3.1
input-data/sick_annotated.txt,6112-num-1,6112-num-2,3.3
input-data/sick_annotated.txt,6113-num-1,6113-num-2,3
input-data/sick_annotated.txt,6114-num-1,6114-num-2,4.9
input-data/sick_annotated.txt,6115-num-1,6115-num-2,4.2
input-data/sick_annotated.txt,6116-num-1,6116-num-2,4.8
input-data/sick_annotated.txt,6117-num-1,6117-num-2,4.1
input-data/sick_annotated.txt,6118-num-1,6118-num-2,3.9
input-data/sick_annotated.txt,6119-num-1,6119-num-2,3.3
input-data/sick_annotated.txt,6120-num-1,6120-num-2,4.1
input-data/sick_annotated.txt,6121-num-1,6121-num-2,3.1
input-data/sick_annotated.txt,6122-num-1,6122-num-2,3.4
input-data/sick_annotated.txt,6123-num-1,6123-num-2,4.6
input-data/sick_annotated.txt,6124-num-1,6124-num-2,3.3
input-data/sick_annotated.txt,6125-num-1,6125-num-2,4.8
input-data/sick_annotated.txt,6126-num-1,6126-num-2,3.8
input-data/sick_annotated.txt,6127-num-1,6127-num-2,4
input-data/sick_annotated.txt,6128-num-1,6128-num-2,3.4
input-data/sick_annotated.txt,6129-num-1,6129-num-2,4.3
input-data/sick_annotated.txt,6130-num-1,6130-num-2,2.2
input-data/sick_annotated.txt,6131-num-1,6131-num-2,4
input-data/sick_annotated.txt,6132-num-1,6132-num-2,4.7
input-data/sick_annotated.txt,6133-num-1,6133-num-2,3.1
input-data/sick_annotated.txt,6134-num-1,6134-num-2,3.6
input-data/sick_annotated.txt,6135-num-1,6135-num-2,4.7
input-data/sick_annotated.txt,6136-num-1,6136-num-2,4
input-data/sick_annotated.txt,6137-num-1,6137-num-2,3.4
input-data/sick_annotated.txt,6138-num-1,6138-num-2,3.4
input-data/sick_annotated.txt,6139-num-1,6139-num-2,3.8
input-data/sick_annotated.txt,6140-num-1,6140-num-2,2.8
input-data/sick_annotated.txt,6141-num-1,6141-num-2,3.2
input-data/sick_annotated.txt,6142-num-1,6142-num-2,3.9
input-data/sick_annotated.txt,6143-num-1,6143-num-2,4.8
input-data/sick_annotated.txt,6144-num-1,6144-num-2,3.5
input-data/sick_annotated.txt,6145-num-1,6145-num-2,5
input-data/sick_annotated.txt,6146-num-1,6146-num-2,2.5
input-data/sick_annotated.txt,6147-num-1,6147-num-2,3.3
input-data/sick_annotated.txt,6148-num-1,6148-num-2,3.1
input-data/sick_annotated.txt,6149-num-1,6149-num-2,3.8
input-data/sick_annotated.txt,6150-num-1,6150-num-2,3.4
input-data/sick_annotated.txt,6151-num-1,6151-num-2,3.2
input-data/sick_annotated.txt,6152-num-1,6152-num-2,4.6
input-data/sick_annotated.txt,6153-num-1,6153-num-2,3
input-data/sick_annotated.txt,6154-num-1,6154-num-2,5
input-data/sick_annotated.txt,6155-num-1,6155-num-2,3.3
input-data/sick_annotated.txt,6156-num-1,6156-num-2,2.5
input-data/sick_annotated.txt,6157-num-1,6157-num-2,1.7
input-data/sick_annotated.txt,6158-num-1,6158-num-2,1.6
input-data/sick_annotated.txt,6159-num-1,6159-num-2,1.3
input-data/sick_annotated.txt,6160-num-1,6160-num-2,1.8
input-data/sick_annotated.txt,6161-num-1,6161-num-2,4.9
input-data/sick_annotated.txt,6162-num-1,6162-num-2,2.6
input-data/sick_annotated.txt,6163-num-1,6163-num-2,4.6
input-data/sick_annotated.txt,6164-num-1,6164-num-2,3.6
input-data/sick_annotated.txt,6165-num-1,6165-num-2,4
input-data/sick_annotated.txt,6166-num-1,6166-num-2,3.6
input-data/sick_annotated.txt,6167-num-1,6167-num-2,4
input-data/sick_annotated.txt,6168-num-1,6168-num-2,1.9
input-data/sick_annotated.txt,6169-num-1,6169-num-2,4.4
input-data/sick_annotated.txt,6170-num-1,6170-num-2,4.6
input-data/sick_annotated.txt,6171-num-1,6171-num-2,3.2
input-data/sick_annotated.txt,6172-num-1,6172-num-2,3.5
input-data/sick_annotated.txt,6173-num-1,6173-num-2,4.9
input-data/sick_annotated.txt,6174-num-1,6174-num-2,3.8
input-data/sick_annotated.txt,6175-num-1,6175-num-2,2.4
input-data/sick_annotated.txt,6176-num-1,6176-num-2,3.6
input-data/sick_annotated.txt,6177-num-1,6177-num-2,3.2
input-data/sick_annotated.txt,6178-num-1,6178-num-2,3
input-data/sick_annotated.txt,6179-num-1,6179-num-2,3.5
input-data/sick_annotated.txt,6180-num-1,6180-num-2,2.2
input-data/sick_annotated.txt,6181-num-1,6181-num-2,2.7
input-data/sick_annotated.txt,6182-num-1,6182-num-2,3.6
input-data/sick_annotated.txt,6183-num-1,6183-num-2,4.5
input-data/sick_annotated.txt,6184-num-1,6184-num-2,3.7
input-data/sick_annotated.txt,6185-num-1,6185-num-2,5
input-data/sick_annotated.txt,6186-num-1,6186-num-2,3.9
input-data/sick_annotated.txt,6187-num-1,6187-num-2,3.3
input-data/sick_annotated.txt,6188-num-1,6188-num-2,2.7
input-data/sick_annotated.txt,6189-num-1,6189-num-2,3.6
input-data/sick_annotated.txt,6190-num-1,6190-num-2,2.4
input-data/sick_annotated.txt,6191-num-1,6191-num-2,3.2
input-data/sick_annotated.txt,6192-num-1,6192-num-2,4.4
input-data/sick_annotated.txt,6193-num-1,6193-num-2,3.2
input-data/sick_annotated.txt,6194-num-1,6194-num-2,4.9
input-data/sick_annotated.txt,6195-num-1,6195-num-2,3.7
input-data/sick_annotated.txt,6196-num-1,6196-num-2,2.3
input-data/sick_annotated.txt,6197-num-1,6197-num-2,2.1
input-data/sick_annotated.txt,6198-num-1,6198-num-2,2.4
input-data/sick_annotated.txt,6199-num-1,6199-num-2,1.8
input-data/sick_annotated.txt,6200-num-1,6200-num-2,2.4
input-data/sick_annotated.txt,6201-num-1,6201-num-2,4.6
input-data/sick_annotated.txt,6202-num-1,6202-num-2,3.1
input-data/sick_annotated.txt,6203-num-1,6203-num-2,3.4
input-data/sick_annotated.txt,6204-num-1,6204-num-2,4.6
input-data/sick_annotated.txt,6205-num-1,6205-num-2,4
input-data/sick_annotated.txt,6206-num-1,6206-num-2,3.2
input-data/sick_annotated.txt,6207-num-1,6207-num-2,2.4
input-data/sick_annotated.txt,6208-num-1,6208-num-2,2.3
input-data/sick_annotated.txt,6209-num-1,6209-num-2,3
input-data/sick_annotated.txt,6210-num-1,6210-num-2,3.6
input-data/sick_annotated.txt,6211-num-1,6211-num-2,3.1
input-data/sick_annotated.txt,6212-num-1,6212-num-2,4.3
input-data/sick_annotated.txt,6213-num-1,6213-num-2,3.8
input-data/sick_annotated.txt,6214-num-1,6214-num-2,4.6
input-data/sick_annotated.txt,6215-num-1,6215-num-2,3.2
input-data/sick_annotated.txt,6216-num-1,6216-num-2,3.8
input-data/sick_annotated.txt,6217-num-1,6217-num-2,3.2
input-data/sick_annotated.txt,6218-num-1,6218-num-2,4.5
input-data/sick_annotated.txt,6219-num-1,6219-num-2,4.1
input-data/sick_annotated.txt,6220-num-1,6220-num-2,4
input-data/sick_annotated.txt,6221-num-1,6221-num-2,4.9
input-data/sick_annotated.txt,6222-num-1,6222-num-2,3.5
input-data/sick_annotated.txt,6223-num-1,6223-num-2,4.7
input-data/sick_annotated.txt,6224-num-1,6224-num-2,3.5
input-data/sick_annotated.txt,6225-num-1,6225-num-2,3.4
input-data/sick_annotated.txt,6226-num-1,6226-num-2,3.6
input-data/sick_annotated.txt,6227-num-1,6227-num-2,3.2
input-data/sick_annotated.txt,6228-num-1,6228-num-2,2.6
input-data/sick_annotated.txt,6229-num-1,6229-num-2,3.3
input-data/sick_annotated.txt,6230-num-1,6230-num-2,4.5
input-data/sick_annotated.txt,6231-num-1,6231-num-2,3.3
input-data/sick_annotated.txt,6232-num-1,6232-num-2,4.5
input-data/sick_annotated.txt,6233-num-1,6233-num-2,3.9
input-data/sick_annotated.txt,6234-num-1,6234-num-2,3.8
input-data/sick_annotated.txt,6235-num-1,6235-num-2,3.1
input-data/sick_annotated.txt,6236-num-1,6236-num-2,4.1
input-data/sick_annotated.txt,6237-num-1,6237-num-2,3.3
input-data/sick_annotated.txt,6238-num-1,6238-num-2,4.1
input-data/sick_annotated.txt,6239-num-1,6239-num-2,4.9
input-data/sick_annotated.txt,6240-num-1,6240-num-2,2.5
input-data/sick_annotated.txt,6241-num-1,6241-num-2,5
input-data/sick_annotated.txt,6242-num-1,6242-num-2,3
input-data/sick_annotated.txt,6243-num-1,6243-num-2,2.9
input-data/sick_annotated.txt,6244-num-1,6244-num-2,2.8
input-data/sick_annotated.txt,6245-num-1,6245-num-2,3.4
input-data/sick_annotated.txt,6246-num-1,6246-num-2,2.5
input-data/sick_annotated.txt,6247-num-1,6247-num-2,3.4
input-data/sick_annotated.txt,6248-num-1,6248-num-2,4.8
input-data/sick_annotated.txt,6249-num-1,6249-num-2,3.5
input-data/sick_annotated.txt,6250-num-1,6250-num-2,4.6
input-data/sick_annotated.txt,6251-num-1,6251-num-2,2.7
input-data/sick_annotated.txt,6252-num-1,6252-num-2,3.5
input-data/sick_annotated.txt,6253-num-1,6253-num-2,4.1
input-data/sick_annotated.txt,6254-num-1,6254-num-2,3.3
input-data/sick_annotated.txt,6255-num-1,6255-num-2,2.8
input-data/sick_annotated.txt,6256-num-1,6256-num-2,4.2
input-data/sick_annotated.txt,6257-num-1,6257-num-2,3.4
input-data/sick_annotated.txt,6258-num-1,6258-num-2,4.2
input-data/sick_annotated.txt,6259-num-1,6259-num-2,4.9
input-data/sick_annotated.txt,6260-num-1,6260-num-2,4
input-data/sick_annotated.txt,6261-num-1,6261-num-2,5
input-data/sick_annotated.txt,6262-num-1,6262-num-2,3.4
input-data/sick_annotated.txt,6263-num-1,6263-num-2,4.4
input-data/sick_annotated.txt,6264-num-1,6264-num-2,3
input-data/sick_annotated.txt,6265-num-1,6265-num-2,4.4
input-data/sick_annotated.txt,6266-num-1,6266-num-2,3.5
input-data/sick_annotated.txt,6267-num-1,6267-num-2,4.3
input-data/sick_annotated.txt,6268-num-1,6268-num-2,4.9
input-data/sick_annotated.txt,6269-num-1,6269-num-2,3.5
input-data/sick_annotated.txt,6270-num-1,6270-num-2,4.3
input-data/sick_annotated.txt,6271-num-1,6271-num-2,3.9
input-data/sick_annotated.txt,6272-num-1,6272-num-2,3.3
input-data/sick_annotated.txt,6273-num-1,6273-num-2,3.4
input-data/sick_annotated.txt,6274-num-1,6274-num-2,3.9
input-data/sick_annotated.txt,6275-num-1,6275-num-2,2.9
input-data/sick_annotated.txt,6276-num-1,6276-num-2,3.7
input-data/sick_annotated.txt,6277-num-1,6277-num-2,4.8
input-data/sick_annotated.txt,6278-num-1,6278-num-2,3.6
input-data/sick_annotated.txt,6279-num-1,6279-num-2,4.6
input-data/sick_annotated.txt,6280-num-1,6280-num-2,5
input-data/sick_annotated.txt,6281-num-1,6281-num-2,3.4
input-data/sick_annotated.txt,6282-num-1,6282-num-2,4.3
input-data/sick_annotated.txt,6283-num-1,6283-num-2,3.5
input-data/sick_annotated.txt,6284-num-1,6284-num-2,4.4
input-data/sick_annotated.txt,6285-num-1,6285-num-2,3.4
input-data/sick_annotated.txt,6286-num-1,6286-num-2,4.8
input-data/sick_annotated.txt,6287-num-1,6287-num-2,4.9
input-data/sick_annotated.txt,6288-num-1,6288-num-2,4.8
input-data/sick_annotated.txt,6289-num-1,6289-num-2,3.4
input-data/sick_annotated.txt,6290-num-1,6290-num-2,4.8
input-data/sick_annotated.txt,6291-num-1,6291-num-2,4.4
input-data/sick_annotated.txt,6292-num-1,6292-num-2,3.6
input-data/sick_annotated.txt,6293-num-1,6293-num-2,3.7
input-data/sick_annotated.txt,6294-num-1,6294-num-2,3.5
input-data/sick_annotated.txt,6295-num-1,6295-num-2,3.5
input-data/sick_annotated.txt,6296-num-1,6296-num-2,3.2
input-data/sick_annotated.txt,6297-num-1,6297-num-2,5
input-data/sick_annotated.txt,6298-num-1,6298-num-2,2.6
input-data/sick_annotated.txt,6299-num-1,6299-num-2,4.8
input-data/sick_annotated.txt,6300-num-1,6300-num-2,3.8
input-data/sick_annotated.txt,6301-num-1,6301-num-2,1.8
input-data/sick_annotated.txt,6302-num-1,6302-num-2,2.835
input-data/sick_annotated.txt,6303-num-1,6303-num-2,2.8
input-data/sick_annotated.txt,6304-num-1,6304-num-2,1.2
input-data/sick_annotated.txt,6305-num-1,6305-num-2,3
input-data/sick_annotated.txt,6306-num-1,6306-num-2,5
input-data/sick_annotated.txt,6307-num-1,6307-num-2,4.3
input-data/sick_annotated.txt,6308-num-1,6308-num-2,4.9
input-data/sick_annotated.txt,6309-num-1,6309-num-2,3.7
input-data/sick_annotated.txt,6310-num-1,6310-num-2,3
input-data/sick_annotated.txt,6311-num-1,6311-num-2,2.7
input-data/sick_annotated.txt,6312-num-1,6312-num-2,2.5
input-data/sick_annotated.txt,6313-num-1,6313-num-2,2.1
input-data/sick_annotated.txt,6314-num-1,6314-num-2,2.8
input-data/sick_annotated.txt,6315-num-1,6315-num-2,4.6
input-data/sick_annotated.txt,6316-num-1,6316-num-2,3.5
input-data/sick_annotated.txt,6317-num-1,6317-num-2,4.9
input-data/sick_annotated.txt,6318-num-1,6318-num-2,3.7
input-data/sick_annotated.txt,6319-num-1,6319-num-2,3.8
input-data/sick_annotated.txt,6320-num-1,6320-num-2,3
input-data/sick_annotated.txt,6321-num-1,6321-num-2,3
input-data/sick_annotated.txt,6322-num-1,6322-num-2,2.765
input-data/sick_annotated.txt,6323-num-1,6323-num-2,3.7
input-data/sick_annotated.txt,6324-num-1,6324-num-2,4.4
input-data/sick_annotated.txt,6325-num-1,6325-num-2,4.2
input-data/sick_annotated.txt,6326-num-1,6326-num-2,3.9
input-data/sick_annotated.txt,6327-num-1,6327-num-2,4.9
input-data/sick_annotated.txt,6328-num-1,6328-num-2,4.1
input-data/sick_annotated.txt,6329-num-1,6329-num-2,3.4
input-data/sick_annotated.txt,6330-num-1,6330-num-2,2.8
input-data/sick_annotated.txt,6331-num-1,6331-num-2,3.7
input-data/sick_annotated.txt,6332-num-1,6332-num-2,2.5
input-data/sick_annotated.txt,6333-num-1,6333-num-2,3.2
input-data/sick_annotated.txt,6334-num-1,6334-num-2,3.8
input-data/sick_annotated.txt,6335-num-1,6335-num-2,4.9
input-data/sick_annotated.txt,6336-num-1,6336-num-2,3.6
input-data/sick_annotated.txt,6337-num-1,6337-num-2,3.3
input-data/sick_annotated.txt,6338-num-1,6338-num-2,4.5
input-data/sick_annotated.txt,6339-num-1,6339-num-2,3.7
input-data/sick_annotated.txt,6340-num-1,6340-num-2,4
input-data/sick_annotated.txt,6341-num-1,6341-num-2,3.1
input-data/sick_annotated.txt,6342-num-1,6342-num-2,4.2
input-data/sick_annotated.txt,6343-num-1,6343-num-2,3.4
input-data/sick_annotated.txt,6344-num-1,6344-num-2,2.2
input-data/sick_annotated.txt,6345-num-1,6345-num-2,4.4
input-data/sick_annotated.txt,6346-num-1,6346-num-2,4.9
input-data/sick_annotated.txt,6347-num-1,6347-num-2,3.7
input-data/sick_annotated.txt,6348-num-1,6348-num-2,4.9
input-data/sick_annotated.txt,6349-num-1,6349-num-2,3.7
input-data/sick_annotated.txt,6350-num-1,6350-num-2,3.8
input-data/sick_annotated.txt,6351-num-1,6351-num-2,3.6
input-data/sick_annotated.txt,6352-num-1,6352-num-2,4
input-data/sick_annotated.txt,6353-num-1,6353-num-2,3.4
input-data/sick_annotated.txt,6354-num-1,6354-num-2,3.8
input-data/sick_annotated.txt,6355-num-1,6355-num-2,4.9
input-data/sick_annotated.txt,6356-num-1,6356-num-2,3.7
input-data/sick_annotated.txt,6357-num-1,6357-num-2,4.8
input-data/sick_annotated.txt,6358-num-1,6358-num-2,3.2
input-data/sick_annotated.txt,6359-num-1,6359-num-2,4
input-data/sick_annotated.txt,6360-num-1,6360-num-2,3.9
input-data/sick_annotated.txt,6361-num-1,6361-num-2,3.8
input-data/sick_annotated.txt,6362-num-1,6362-num-2,3.1
input-data/sick_annotated.txt,6363-num-1,6363-num-2,4
input-data/sick_annotated.txt,6364-num-1,6364-num-2,4.7
input-data/sick_annotated.txt,6365-num-1,6365-num-2,3.5
input-data/sick_annotated.txt,6366-num-1,6366-num-2,4.9
input-data/sick_annotated.txt,6367-num-1,6367-num-2,4
input-data/sick_annotated.txt,6368-num-1,6368-num-2,3.635
input-data/sick_annotated.txt,6369-num-1,6369-num-2,3.3
input-data/sick_annotated.txt,6370-num-1,6370-num-2,2.7
input-data/sick_annotated.txt,6371-num-1,6371-num-2,2.9
input-data/sick_annotated.txt,6372-num-1,6372-num-2,2.8
input-data/sick_annotated.txt,6373-num-1,6373-num-2,3
input-data/sick_annotated.txt,6374-num-1,6374-num-2,2.8
input-data/sick_annotated.txt,6375-num-1,6375-num-2,4.5
input-data/sick_annotated.txt,6376-num-1,6376-num-2,2.9
input-data/sick_annotated.txt,6377-num-1,6377-num-2,5
input-data/sick_annotated.txt,6378-num-1,6378-num-2,4.1
input-data/sick_annotated.txt,6379-num-1,6379-num-2,3.5
input-data/sick_annotated.txt,6380-num-1,6380-num-2,2.9
input-data/sick_annotated.txt,6381-num-1,6381-num-2,3
input-data/sick_annotated.txt,6382-num-1,6382-num-2,2.6
input-data/sick_annotated.txt,6383-num-1,6383-num-2,2.985
input-data/sick_annotated.txt,6384-num-1,6384-num-2,2.6
input-data/sick_annotated.txt,6385-num-1,6385-num-2,3.4
input-data/sick_annotated.txt,6386-num-1,6386-num-2,4.5
input-data/sick_annotated.txt,6387-num-1,6387-num-2,3.5
input-data/sick_annotated.txt,6388-num-1,6388-num-2,4.9
input-data/sick_annotated.txt,6389-num-1,6389-num-2,3
input-data/sick_annotated.txt,6390-num-1,6390-num-2,2.5
input-data/sick_annotated.txt,6391-num-1,6391-num-2,2
input-data/sick_annotated.txt,6392-num-1,6392-num-2,2.7
input-data/sick_annotated.txt,6393-num-1,6393-num-2,2.7
input-data/sick_annotated.txt,6394-num-1,6394-num-2,2.3
input-data/sick_annotated.txt,6395-num-1,6395-num-2,5
input-data/sick_annotated.txt,6396-num-1,6396-num-2,3.8
input-data/sick_annotated.txt,6397-num-1,6397-num-2,5
input-data/sick_annotated.txt,6398-num-1,6398-num-2,4
input-data/sick_annotated.txt,6399-num-1,6399-num-2,4.2
input-data/sick_annotated.txt,6400-num-1,6400-num-2,4.4
input-data/sick_annotated.txt,6401-num-1,6401-num-2,3.8
input-data/sick_annotated.txt,6402-num-1,6402-num-2,3.6
input-data/sick_annotated.txt,6403-num-1,6403-num-2,4.1
input-data/sick_annotated.txt,6404-num-1,6404-num-2,5
input-data/sick_annotated.txt,6405-num-1,6405-num-2,4
input-data/sick_annotated.txt,6406-num-1,6406-num-2,3.2
input-data/sick_annotated.txt,6407-num-1,6407-num-2,4.7
input-data/sick_annotated.txt,6408-num-1,6408-num-2,3.3
input-data/sick_annotated.txt,6409-num-1,6409-num-2,2.3
input-data/sick_annotated.txt,6410-num-1,6410-num-2,2.8
input-data/sick_annotated.txt,6411-num-1,6411-num-2,2.7
input-data/sick_annotated.txt,6412-num-1,6412-num-2,3
input-data/sick_annotated.txt,6413-num-1,6413-num-2,2
input-data/sick_annotated.txt,6414-num-1,6414-num-2,3.9
input-data/sick_annotated.txt,6415-num-1,6415-num-2,5
input-data/sick_annotated.txt,6416-num-1,6416-num-2,3.7
input-data/sick_annotated.txt,6417-num-1,6417-num-2,4.8
input-data/sick_annotated.txt,6418-num-1,6418-num-2,3.9
input-data/sick_annotated.txt,6419-num-1,6419-num-2,3.7
input-data/sick_annotated.txt,6420-num-1,6420-num-2,3
input-data/sick_annotated.txt,6421-num-1,6421-num-2,3.8
input-data/sick_annotated.txt,6422-num-1,6422-num-2,2.7
input-data/sick_annotated.txt,6423-num-1,6423-num-2,3.4
input-data/sick_annotated.txt,6424-num-1,6424-num-2,3.5
input-data/sick_annotated.txt,6425-num-1,6425-num-2,3.4
input-data/sick_annotated.txt,6426-num-1,6426-num-2,4.9
input-data/sick_annotated.txt,6427-num-1,6427-num-2,3.6
input-data/sick_annotated.txt,6428-num-1,6428-num-2,5
input-data/sick_annotated.txt,6429-num-1,6429-num-2,2.9
input-data/sick_annotated.txt,6430-num-1,6430-num-2,2.7
input-data/sick_annotated.txt,6431-num-1,6431-num-2,3.4
input-data/sick_annotated.txt,6432-num-1,6432-num-2,3.4
input-data/sick_annotated.txt,6433-num-1,6433-num-2,3.1
input-data/sick_annotated.txt,6434-num-1,6434-num-2,3.7
input-data/sick_annotated.txt,6435-num-1,6435-num-2,3.4
input-data/sick_annotated.txt,6436-num-1,6436-num-2,4.1
input-data/sick_annotated.txt,6437-num-1,6437-num-2,4.7
input-data/sick_annotated.txt,6438-num-1,6438-num-2,4.1
input-data/sick_annotated.txt,6439-num-1,6439-num-2,4.7
input-data/sick_annotated.txt,6440-num-1,6440-num-2,3.1
input-data/sick_annotated.txt,6441-num-1,6441-num-2,3.5
input-data/sick_annotated.txt,6442-num-1,6442-num-2,2.3
input-data/sick_annotated.txt,6443-num-1,6443-num-2,4
input-data/sick_annotated.txt,6444-num-1,6444-num-2,3
input-data/sick_annotated.txt,6445-num-1,6445-num-2,3.5
input-data/sick_annotated.txt,6446-num-1,6446-num-2,5
input-data/sick_annotated.txt,6447-num-1,6447-num-2,2.3
input-data/sick_annotated.txt,6448-num-1,6448-num-2,5
input-data/sick_annotated.txt,6449-num-1,6449-num-2,2.7
input-data/sick_annotated.txt,6450-num-1,6450-num-2,3.5
input-data/sick_annotated.txt,6451-num-1,6451-num-2,3.8
input-data/sick_annotated.txt,6452-num-1,6452-num-2,2.6
input-data/sick_annotated.txt,6453-num-1,6453-num-2,3.1
input-data/sick_annotated.txt,6454-num-1,6454-num-2,4.265
input-data/sick_annotated.txt,6455-num-1,6455-num-2,3.6
input-data/sick_annotated.txt,6456-num-1,6456-num-2,4.1
input-data/sick_annotated.txt,6457-num-1,6457-num-2,5
input-data/sick_annotated.txt,6458-num-1,6458-num-2,3.2
input-data/sick_annotated.txt,6459-num-1,6459-num-2,4.33
input-data/sick_annotated.txt,6460-num-1,6460-num-2,4.2
input-data/sick_annotated.txt,6461-num-1,6461-num-2,3.6
input-data/sick_annotated.txt,6462-num-1,6462-num-2,3.4
input-data/sick_annotated.txt,6463-num-1,6463-num-2,3
input-data/sick_annotated.txt,6464-num-1,6464-num-2,2.5
input-data/sick_annotated.txt,6465-num-1,6465-num-2,3.5
input-data/sick_annotated.txt,6466-num-1,6466-num-2,3
input-data/sick_annotated.txt,6467-num-1,6467-num-2,3.4
input-data/sick_annotated.txt,6468-num-1,6468-num-2,4.7
input-data/sick_annotated.txt,6469-num-1,6469-num-2,4.1
input-data/sick_annotated.txt,6470-num-1,6470-num-2,4.5
input-data/sick_annotated.txt,6471-num-1,6471-num-2,3.7
input-data/sick_annotated.txt,6472-num-1,6472-num-2,4
input-data/sick_annotated.txt,6473-num-1,6473-num-2,3.9
input-data/sick_annotated.txt,6474-num-1,6474-num-2,4.3
input-data/sick_annotated.txt,6475-num-1,6475-num-2,3.6
input-data/sick_annotated.txt,6476-num-1,6476-num-2,4.3
input-data/sick_annotated.txt,6477-num-1,6477-num-2,4.8
input-data/sick_annotated.txt,6478-num-1,6478-num-2,3.1
input-data/sick_annotated.txt,6479-num-1,6479-num-2,4.3
input-data/sick_annotated.txt,6480-num-1,6480-num-2,3.6
input-data/sick_annotated.txt,6481-num-1,6481-num-2,4
input-data/sick_annotated.txt,6482-num-1,6482-num-2,3.1
input-data/sick_annotated.txt,6483-num-1,6483-num-2,4
input-data/sick_annotated.txt,6484-num-1,6484-num-2,3.6
input-data/sick_annotated.txt,6485-num-1,6485-num-2,4.4
input-data/sick_annotated.txt,6486-num-1,6486-num-2,4.9
input-data/sick_annotated.txt,6487-num-1,6487-num-2,3.5
input-data/sick_annotated.txt,6488-num-1,6488-num-2,4.9
input-data/sick_annotated.txt,6489-num-1,6489-num-2,4.3
input-data/sick_annotated.txt,6490-num-1,6490-num-2,1.6
input-data/sick_annotated.txt,6491-num-1,6491-num-2,2
input-data/sick_annotated.txt,6492-num-1,6492-num-2,1.9
input-data/sick_annotated.txt,6493-num-1,6493-num-2,1.3
input-data/sick_annotated.txt,6494-num-1,6494-num-2,1.1
input-data/sick_annotated.txt,6495-num-1,6495-num-2,4.4
input-data/sick_annotated.txt,6496-num-1,6496-num-2,3.7
input-data/sick_annotated.txt,6497-num-1,6497-num-2,4.5
input-data/sick_annotated.txt,6498-num-1,6498-num-2,4.2
input-data/sick_annotated.txt,6499-num-1,6499-num-2,2.5
input-data/sick_annotated.txt,6500-num-1,6500-num-2,3.1
input-data/sick_annotated.txt,6501-num-1,6501-num-2,1.9
input-data/sick_annotated.txt,6502-num-1,6502-num-2,1.9
input-data/sick_annotated.txt,6503-num-1,6503-num-2,2.2
input-data/sick_annotated.txt,6504-num-1,6504-num-2,2.185
input-data/sick_annotated.txt,6505-num-1,6505-num-2,3.4
input-data/sick_annotated.txt,6506-num-1,6506-num-2,4.8
input-data/sick_annotated.txt,6507-num-1,6507-num-2,4.2
input-data/sick_annotated.txt,6508-num-1,6508-num-2,4.9
input-data/sick_annotated.txt,6509-num-1,6509-num-2,4.2
input-data/sick_annotated.txt,6510-num-1,6510-num-2,3.2
input-data/sick_annotated.txt,6511-num-1,6511-num-2,2.5
input-data/sick_annotated.txt,6512-num-1,6512-num-2,4
input-data/sick_annotated.txt,6513-num-1,6513-num-2,3.3
input-data/sick_annotated.txt,6514-num-1,6514-num-2,3.4
input-data/sick_annotated.txt,6515-num-1,6515-num-2,4.8
input-data/sick_annotated.txt,6516-num-1,6516-num-2,3.7
input-data/sick_annotated.txt,6517-num-1,6517-num-2,3.9
input-data/sick_annotated.txt,6518-num-1,6518-num-2,4.8
input-data/sick_annotated.txt,6519-num-1,6519-num-2,4.2
input-data/sick_annotated.txt,6520-num-1,6520-num-2,2.7
input-data/sick_annotated.txt,6521-num-1,6521-num-2,1.9
input-data/sick_annotated.txt,6522-num-1,6522-num-2,1.8
input-data/sick_annotated.txt,6523-num-1,6523-num-2,2.1
input-data/sick_annotated.txt,6524-num-1,6524-num-2,1.9
input-data/sick_annotated.txt,6525-num-1,6525-num-2,2.5
input-data/sick_annotated.txt,6526-num-1,6526-num-2,4.7
input-data/sick_annotated.txt,6527-num-1,6527-num-2,3.7
input-data/sick_annotated.txt,6528-num-1,6528-num-2,4.9
input-data/sick_annotated.txt,6529-num-1,6529-num-2,3.6
input-data/sick_annotated.txt,6530-num-1,6530-num-2,3.3
input-data/sick_annotated.txt,6531-num-1,6531-num-2,3.9
input-data/sick_annotated.txt,6532-num-1,6532-num-2,3.4
input-data/sick_annotated.txt,6533-num-1,6533-num-2,2.915
input-data/sick_annotated.txt,6534-num-1,6534-num-2,3.8
input-data/sick_annotated.txt,6535-num-1,6535-num-2,3.4
input-data/sick_annotated.txt,6536-num-1,6536-num-2,3.8
input-data/sick_annotated.txt,6537-num-1,6537-num-2,4.9
input-data/sick_annotated.txt,6538-num-1,6538-num-2,3.3
input-data/sick_annotated.txt,6540-num-1,6540-num-2,3.3
input-data/sick_annotated.txt,6541-num-1,6541-num-2,4.535
input-data/sick_annotated.txt,6542-num-1,6542-num-2,4.1
input-data/sick_annotated.txt,6543-num-1,6543-num-2,4.9
input-data/sick_annotated.txt,6544-num-1,6544-num-2,4
input-data/sick_annotated.txt,6546-num-1,6546-num-2,4.9
input-data/sick_annotated.txt,6547-num-1,6547-num-2,3.7
input-data/sick_annotated.txt,6548-num-1,6548-num-2,5
input-data/sick_annotated.txt,6549-num-1,6549-num-2,3.5
input-data/sick_annotated.txt,6550-num-1,6550-num-2,4
input-data/sick_annotated.txt,6551-num-1,6551-num-2,2.8
input-data/sick_annotated.txt,6552-num-1,6552-num-2,3.6
input-data/sick_annotated.txt,6553-num-1,6553-num-2,3.4
input-data/sick_annotated.txt,6554-num-1,6554-num-2,3.7
input-data/sick_annotated.txt,6555-num-1,6555-num-2,4.5
input-data/sick_annotated.txt,6556-num-1,6556-num-2,3.6
input-data/sick_annotated.txt,6557-num-1,6557-num-2,4.4
input-data/sick_annotated.txt,6558-num-1,6558-num-2,3.7
input-data/sick_annotated.txt,6559-num-1,6559-num-2,3.2
input-data/sick_annotated.txt,6560-num-1,6560-num-2,4
input-data/sick_annotated.txt,6561-num-1,6561-num-2,3.6
input-data/sick_annotated.txt,6562-num-1,6562-num-2,3.2
input-data/sick_annotated.txt,6563-num-1,6563-num-2,3.3
input-data/sick_annotated.txt,6564-num-1,6564-num-2,3.9
input-data/sick_annotated.txt,6565-num-1,6565-num-2,4.2
input-data/sick_annotated.txt,6566-num-1,6566-num-2,5
input-data/sick_annotated.txt,6567-num-1,6567-num-2,2.5
input-data/sick_annotated.txt,6568-num-1,6568-num-2,3.1
input-data/sick_annotated.txt,6569-num-1,6569-num-2,2.615
input-data/sick_annotated.txt,6570-num-1,6570-num-2,2.75
input-data/sick_annotated.txt,6571-num-1,6571-num-2,2.4
input-data/sick_annotated.txt,6572-num-1,6572-num-2,3.2
input-data/sick_annotated.txt,6573-num-1,6573-num-2,3.3
input-data/sick_annotated.txt,6574-num-1,6574-num-2,3.2
input-data/sick_annotated.txt,6575-num-1,6575-num-2,4.7
input-data/sick_annotated.txt,6576-num-1,6576-num-2,4.5
input-data/sick_annotated.txt,6578-num-1,6578-num-2,3.7
input-data/sick_annotated.txt,6579-num-1,6579-num-2,4.3
input-data/sick_annotated.txt,6580-num-1,6580-num-2,3.3
input-data/sick_annotated.txt,6581-num-1,6581-num-2,3.8
input-data/sick_annotated.txt,6582-num-1,6582-num-2,2.5
input-data/sick_annotated.txt,6583-num-1,6583-num-2,3.6
input-data/sick_annotated.txt,6584-num-1,6584-num-2,4.7
input-data/sick_annotated.txt,6585-num-1,6585-num-2,3
input-data/sick_annotated.txt,6586-num-1,6586-num-2,4.2
input-data/sick_annotated.txt,6587-num-1,6587-num-2,4
input-data/sick_annotated.txt,6588-num-1,6588-num-2,2.9
input-data/sick_annotated.txt,6589-num-1,6589-num-2,3.2
input-data/sick_annotated.txt,6590-num-1,6590-num-2,3.3
input-data/sick_annotated.txt,6591-num-1,6591-num-2,4
input-data/sick_annotated.txt,6592-num-1,6592-num-2,2.7
input-data/sick_annotated.txt,6593-num-1,6593-num-2,4.6
input-data/sick_annotated.txt,6594-num-1,6594-num-2,3.4
input-data/sick_annotated.txt,6595-num-1,6595-num-2,4.9
input-data/sick_annotated.txt,6596-num-1,6596-num-2,3.7
input-data/sick_annotated.txt,6597-num-1,6597-num-2,3.6
input-data/sick_annotated.txt,6598-num-1,6598-num-2,3.9
input-data/sick_annotated.txt,6599-num-1,6599-num-2,3.8
input-data/sick_annotated.txt,6600-num-1,6600-num-2,2.6
input-data/sick_annotated.txt,6601-num-1,6601-num-2,3.985
input-data/sick_annotated.txt,6602-num-1,6602-num-2,5
input-data/sick_annotated.txt,6603-num-1,6603-num-2,3.7
input-data/sick_annotated.txt,6604-num-1,6604-num-2,4.6
input-data/sick_annotated.txt,6605-num-1,6605-num-2,3.5
input-data/sick_annotated.txt,6606-num-1,6606-num-2,3.3
input-data/sick_annotated.txt,6607-num-1,6607-num-2,2.9
input-data/sick_annotated.txt,6608-num-1,6608-num-2,3.9
input-data/sick_annotated.txt,6609-num-1,6609-num-2,3.3
input-data/sick_annotated.txt,6610-num-1,6610-num-2,3.9
input-data/sick_annotated.txt,6611-num-1,6611-num-2,4.2
input-data/sick_annotated.txt,6612-num-1,6612-num-2,3.5
input-data/sick_annotated.txt,6613-num-1,6613-num-2,4.5
input-data/sick_annotated.txt,6614-num-1,6614-num-2,4.3
input-data/sick_annotated.txt,6615-num-1,6615-num-2,3.9
input-data/sick_annotated.txt,6616-num-1,6616-num-2,2.9
input-data/sick_annotated.txt,6617-num-1,6617-num-2,2.9
input-data/sick_annotated.txt,6618-num-1,6618-num-2,3
input-data/sick_annotated.txt,6619-num-1,6619-num-2,3.5
input-data/sick_annotated.txt,6620-num-1,6620-num-2,5
input-data/sick_annotated.txt,6621-num-1,6621-num-2,4
input-data/sick_annotated.txt,6622-num-1,6622-num-2,4.7
input-data/sick_annotated.txt,6623-num-1,6623-num-2,3.6
input-data/sick_annotated.txt,6624-num-1,6624-num-2,3.1
input-data/sick_annotated.txt,6625-num-1,6625-num-2,2.7
input-data/sick_annotated.txt,6626-num-1,6626-num-2,2.9
input-data/sick_annotated.txt,6627-num-1,6627-num-2,3.1
input-data/sick_annotated.txt,6628-num-1,6628-num-2,3
input-data/sick_annotated.txt,6629-num-1,6629-num-2,4.4
input-data/sick_annotated.txt,6630-num-1,6630-num-2,3.8
input-data/sick_annotated.txt,6631-num-1,6631-num-2,3.5
input-data/sick_annotated.txt,6632-num-1,6632-num-2,4.9
input-data/sick_annotated.txt,6633-num-1,6633-num-2,2.8
input-data/sick_annotated.txt,6634-num-1,6634-num-2,4.5
input-data/sick_annotated.txt,6635-num-1,6635-num-2,3.1
input-data/sick_annotated.txt,6636-num-1,6636-num-2,4.4
input-data/sick_annotated.txt,6637-num-1,6637-num-2,4.6
input-data/sick_annotated.txt,6638-num-1,6638-num-2,3.1
input-data/sick_annotated.txt,6639-num-1,6639-num-2,4.6
input-data/sick_annotated.txt,6640-num-1,6640-num-2,4.8
input-data/sick_annotated.txt,6641-num-1,6641-num-2,3.885
input-data/sick_annotated.txt,6642-num-1,6642-num-2,4.9
input-data/sick_annotated.txt,6643-num-1,6643-num-2,3.2
input-data/sick_annotated.txt,6644-num-1,6644-num-2,3.7
input-data/sick_annotated.txt,6645-num-1,6645-num-2,3.8
input-data/sick_annotated.txt,6646-num-1,6646-num-2,3.7
input-data/sick_annotated.txt,6647-num-1,6647-num-2,3.3
input-data/sick_annotated.txt,6648-num-1,6648-num-2,3.8
input-data/sick_annotated.txt,6649-num-1,6649-num-2,4.8
input-data/sick_annotated.txt,6650-num-1,6650-num-2,2.8
input-data/sick_annotated.txt,6651-num-1,6651-num-2,4.9
input-data/sick_annotated.txt,6652-num-1,6652-num-2,4.1
input-data/sick_annotated.txt,6653-num-1,6653-num-2,3.7
input-data/sick_annotated.txt,6654-num-1,6654-num-2,2.15
input-data/sick_annotated.txt,6655-num-1,6655-num-2,3.65
input-data/sick_annotated.txt,6656-num-1,6656-num-2,1.6
input-data/sick_annotated.txt,6657-num-1,6657-num-2,2.6
input-data/sick_annotated.txt,6658-num-1,6658-num-2,2.6
input-data/sick_annotated.txt,6659-num-1,6659-num-2,2.3
input-data/sick_annotated.txt,6660-num-1,6660-num-2,4.565
input-data/sick_annotated.txt,6661-num-1,6661-num-2,3.6
input-data/sick_annotated.txt,6662-num-1,6662-num-2,5
input-data/sick_annotated.txt,6663-num-1,6663-num-2,3.7
input-data/sick_annotated.txt,6664-num-1,6664-num-2,2.5
input-data/sick_annotated.txt,6665-num-1,6665-num-2,2
input-data/sick_annotated.txt,6666-num-1,6666-num-2,2.5
input-data/sick_annotated.txt,6667-num-1,6667-num-2,2.1
input-data/sick_annotated.txt,6668-num-1,6668-num-2,2.6
input-data/sick_annotated.txt,6669-num-1,6669-num-2,4.8
input-data/sick_annotated.txt,6670-num-1,6670-num-2,3.2
input-data/sick_annotated.txt,6671-num-1,6671-num-2,4.8
input-data/sick_annotated.txt,6672-num-1,6672-num-2,3.6
input-data/sick_annotated.txt,6673-num-1,6673-num-2,2.8
input-data/sick_annotated.txt,6674-num-1,6674-num-2,2.6
input-data/sick_annotated.txt,6675-num-1,6675-num-2,3
input-data/sick_annotated.txt,6676-num-1,6676-num-2,2.6
input-data/sick_annotated.txt,6677-num-1,6677-num-2,2.8
input-data/sick_annotated.txt,6678-num-1,6678-num-2,4.8
input-data/sick_annotated.txt,6679-num-1,6679-num-2,4
input-data/sick_annotated.txt,6680-num-1,6680-num-2,4.8
input-data/sick_annotated.txt,6681-num-1,6681-num-2,3.8
input-data/sick_annotated.txt,6682-num-1,6682-num-2,4
input-data/sick_annotated.txt,6683-num-1,6683-num-2,3.4
input-data/sick_annotated.txt,6684-num-1,6684-num-2,3.7
input-data/sick_annotated.txt,6685-num-1,6685-num-2,3.465
input-data/sick_annotated.txt,6686-num-1,6686-num-2,3.9
input-data/sick_annotated.txt,6687-num-1,6687-num-2,5
input-data/sick_annotated.txt,6688-num-1,6688-num-2,2.9
input-data/sick_annotated.txt,6689-num-1,6689-num-2,4.9
input-data/sick_annotated.txt,6690-num-1,6690-num-2,3.1
input-data/sick_annotated.txt,6691-num-1,6691-num-2,3
input-data/sick_annotated.txt,6692-num-1,6692-num-2,1.8
input-data/sick_annotated.txt,6693-num-1,6693-num-2,3.785
input-data/sick_annotated.txt,6694-num-1,6694-num-2,2.5
input-data/sick_annotated.txt,6695-num-1,6695-num-2,3.8
input-data/sick_annotated.txt,6696-num-1,6696-num-2,4.3
input-data/sick_annotated.txt,6697-num-1,6697-num-2,4.4
input-data/sick_annotated.txt,6698-num-1,6698-num-2,4.9
input-data/sick_annotated.txt,6699-num-1,6699-num-2,2.8
input-data/sick_annotated.txt,6700-num-1,6700-num-2,3.3
input-data/sick_annotated.txt,6701-num-1,6701-num-2,3.2
input-data/sick_annotated.txt,6702-num-1,6702-num-2,4.1
input-data/sick_annotated.txt,6703-num-1,6703-num-2,3.5
input-data/sick_annotated.txt,6704-num-1,6704-num-2,3.6
input-data/sick_annotated.txt,6705-num-1,6705-num-2,4.9
input-data/sick_annotated.txt,6706-num-1,6706-num-2,3.6
input-data/sick_annotated.txt,6707-num-1,6707-num-2,4.8
input-data/sick_annotated.txt,6708-num-1,6708-num-2,3.1
input-data/sick_annotated.txt,6709-num-1,6709-num-2,3.5
input-data/sick_annotated.txt,6710-num-1,6710-num-2,2.6
input-data/sick_annotated.txt,6711-num-1,6711-num-2,2.9
input-data/sick_annotated.txt,6712-num-1,6712-num-2,2.2
input-data/sick_annotated.txt,6713-num-1,6713-num-2,3.6
input-data/sick_annotated.txt,6714-num-1,6714-num-2,4.9
input-data/sick_annotated.txt,6715-num-1,6715-num-2,3.7
input-data/sick_annotated.txt,6716-num-1,6716-num-2,5
input-data/sick_annotated.txt,6717-num-1,6717-num-2,3.4
input-data/sick_annotated.txt,6718-num-1,6718-num-2,2.1
input-data/sick_annotated.txt,6719-num-1,6719-num-2,4.3
input-data/sick_annotated.txt,6720-num-1,6720-num-2,3.7
input-data/sick_annotated.txt,6721-num-1,6721-num-2,2.8
input-data/sick_annotated.txt,6722-num-1,6722-num-2,4
input-data/sick_annotated.txt,6723-num-1,6723-num-2,3.8
input-data/sick_annotated.txt,6724-num-1,6724-num-2,4.5
input-data/sick_annotated.txt,6725-num-1,6725-num-2,4.8
input-data/sick_annotated.txt,6726-num-1,6726-num-2,3.5
input-data/sick_annotated.txt,6727-num-1,6727-num-2,5
input-data/sick_annotated.txt,6728-num-1,6728-num-2,3.7
input-data/sick_annotated.txt,6729-num-1,6729-num-2,3.3
input-data/sick_annotated.txt,6730-num-1,6730-num-2,3.9
input-data/sick_annotated.txt,6731-num-1,6731-num-2,4.4
input-data/sick_annotated.txt,6732-num-1,6732-num-2,3.2
input-data/sick_annotated.txt,6733-num-1,6733-num-2,3.7
input-data/sick_annotated.txt,6734-num-1,6734-num-2,4.435
input-data/sick_annotated.txt,6735-num-1,6735-num-2,3.6
input-data/sick_annotated.txt,6736-num-1,6736-num-2,4.4
input-data/sick_annotated.txt,6737-num-1,6737-num-2,3.5
input-data/sick_annotated.txt,6738-num-1,6738-num-2,4
input-data/sick_annotated.txt,6739-num-1,6739-num-2,3.365
input-data/sick_annotated.txt,6740-num-1,6740-num-2,3.2
input-data/sick_annotated.txt,6741-num-1,6741-num-2,3.4
input-data/sick_annotated.txt,6742-num-1,6742-num-2,3.4
input-data/sick_annotated.txt,6743-num-1,6743-num-2,3.1
input-data/sick_annotated.txt,6744-num-1,6744-num-2,3.265
input-data/sick_annotated.txt,6745-num-1,6745-num-2,4.65
input-data/sick_annotated.txt,6746-num-1,6746-num-2,3.3
input-data/sick_annotated.txt,6747-num-1,6747-num-2,4.5
input-data/sick_annotated.txt,6748-num-1,6748-num-2,3.9
input-data/sick_annotated.txt,6749-num-1,6749-num-2,4.3
input-data/sick_annotated.txt,6750-num-1,6750-num-2,3.5
input-data/sick_annotated.txt,6751-num-1,6751-num-2,3.935
input-data/sick_annotated.txt,6752-num-1,6752-num-2,3.7
input-data/sick_annotated.txt,6753-num-1,6753-num-2,4.5
input-data/sick_annotated.txt,6754-num-1,6754-num-2,4.9
input-data/sick_annotated.txt,6755-num-1,6755-num-2,3.6
input-data/sick_annotated.txt,6756-num-1,6756-num-2,4.8
input-data/sick_annotated.txt,6757-num-1,6757-num-2,3.9
input-data/sick_annotated.txt,6758-num-1,6758-num-2,3.3
input-data/sick_annotated.txt,6759-num-1,6759-num-2,3.3
input-data/sick_annotated.txt,6760-num-1,6760-num-2,2.6
input-data/sick_annotated.txt,6761-num-1,6761-num-2,2.5
input-data/sick_annotated.txt,6762-num-1,6762-num-2,2.4
input-data/sick_annotated.txt,6763-num-1,6763-num-2,4.5
input-data/sick_annotated.txt,6764-num-1,6764-num-2,3.8
input-data/sick_annotated.txt,6765-num-1,6765-num-2,3.5
input-data/sick_annotated.txt,6766-num-1,6766-num-2,4.3
input-data/sick_annotated.txt,6767-num-1,6767-num-2,4.3
input-data/sick_annotated.txt,6768-num-1,6768-num-2,2.5
input-data/sick_annotated.txt,6769-num-1,6769-num-2,3.4
input-data/sick_annotated.txt,6770-num-1,6770-num-2,3.5
input-data/sick_annotated.txt,6771-num-1,6771-num-2,2.8
input-data/sick_annotated.txt,6772-num-1,6772-num-2,2.9
input-data/sick_annotated.txt,6773-num-1,6773-num-2,3.6
input-data/sick_annotated.txt,6774-num-1,6774-num-2,5
input-data/sick_annotated.txt,6775-num-1,6775-num-2,3.6
input-data/sick_annotated.txt,6776-num-1,6776-num-2,5
input-data/sick_annotated.txt,6777-num-1,6777-num-2,3.9
input-data/sick_annotated.txt,6778-num-1,6778-num-2,3
input-data/sick_annotated.txt,6779-num-1,6779-num-2,2.9
input-data/sick_annotated.txt,6780-num-1,6780-num-2,2.8
input-data/sick_annotated.txt,6781-num-1,6781-num-2,2.65
input-data/sick_annotated.txt,6782-num-1,6782-num-2,3
input-data/sick_annotated.txt,6783-num-1,6783-num-2,4.7
input-data/sick_annotated.txt,6784-num-1,6784-num-2,3.4
input-data/sick_annotated.txt,6785-num-1,6785-num-2,5
input-data/sick_annotated.txt,6786-num-1,6786-num-2,3.6
input-data/sick_annotated.txt,6787-num-1,6787-num-2,3.2
input-data/sick_annotated.txt,6788-num-1,6788-num-2,2.8
input-data/sick_annotated.txt,6789-num-1,6789-num-2,3.2
input-data/sick_annotated.txt,6790-num-1,6790-num-2,2.8
input-data/sick_annotated.txt,6791-num-1,6791-num-2,3.3
input-data/sick_annotated.txt,6792-num-1,6792-num-2,4.9
input-data/sick_annotated.txt,6793-num-1,6793-num-2,3.8
input-data/sick_annotated.txt,6794-num-1,6794-num-2,5
input-data/sick_annotated.txt,6795-num-1,6795-num-2,3.4
input-data/sick_annotated.txt,6796-num-1,6796-num-2,2.7
input-data/sick_annotated.txt,6797-num-1,6797-num-2,2.8
input-data/sick_annotated.txt,6798-num-1,6798-num-2,3.4
input-data/sick_annotated.txt,6799-num-1,6799-num-2,2.5
input-data/sick_annotated.txt,6800-num-1,6800-num-2,2.6
input-data/sick_annotated.txt,6801-num-1,6801-num-2,5
input-data/sick_annotated.txt,6802-num-1,6802-num-2,4.3
input-data/sick_annotated.txt,6803-num-1,6803-num-2,3.3
input-data/sick_annotated.txt,6804-num-1,6804-num-2,4.9
input-data/sick_annotated.txt,6805-num-1,6805-num-2,2.3
input-data/sick_annotated.txt,6806-num-1,6806-num-2,3.4
input-data/sick_annotated.txt,6807-num-1,6807-num-2,2
input-data/sick_annotated.txt,6808-num-1,6808-num-2,3.6
input-data/sick_annotated.txt,6809-num-1,6809-num-2,3
input-data/sick_annotated.txt,6810-num-1,6810-num-2,2.3
input-data/sick_annotated.txt,6811-num-1,6811-num-2,3.4
input-data/sick_annotated.txt,6812-num-1,6812-num-2,4.6
input-data/sick_annotated.txt,6813-num-1,6813-num-2,3.1
input-data/sick_annotated.txt,6814-num-1,6814-num-2,4.7
input-data/sick_annotated.txt,6815-num-1,6815-num-2,3.6
input-data/sick_annotated.txt,6816-num-1,6816-num-2,3.9
input-data/sick_annotated.txt,6817-num-1,6817-num-2,4
input-data/sick_annotated.txt,6818-num-1,6818-num-2,4
input-data/sick_annotated.txt,6819-num-1,6819-num-2,3.9
input-data/sick_annotated.txt,6820-num-1,6820-num-2,4.5
input-data/sick_annotated.txt,6821-num-1,6821-num-2,4.8
input-data/sick_annotated.txt,6822-num-1,6822-num-2,3.5
input-data/sick_annotated.txt,6823-num-1,6823-num-2,2.7
input-data/sick_annotated.txt,6824-num-1,6824-num-2,4.7
input-data/sick_annotated.txt,6825-num-1,6825-num-2,3.7
input-data/sick_annotated.txt,6826-num-1,6826-num-2,3.8
input-data/sick_annotated.txt,6827-num-1,6827-num-2,3.8
input-data/sick_annotated.txt,6828-num-1,6828-num-2,4
input-data/sick_annotated.txt,6829-num-1,6829-num-2,3.3
input-data/sick_annotated.txt,6830-num-1,6830-num-2,2.3
input-data/sick_annotated.txt,6831-num-1,6831-num-2,3.8
input-data/sick_annotated.txt,6832-num-1,6832-num-2,4.9
input-data/sick_annotated.txt,6833-num-1,6833-num-2,4.3
input-data/sick_annotated.txt,6834-num-1,6834-num-2,4.8
input-data/sick_annotated.txt,6835-num-1,6835-num-2,3.9
input-data/sick_annotated.txt,6836-num-1,6836-num-2,3.3
input-data/sick_annotated.txt,6837-num-1,6837-num-2,2.8
input-data/sick_annotated.txt,6838-num-1,6838-num-2,3.4
input-data/sick_annotated.txt,6839-num-1,6839-num-2,2.6
input-data/sick_annotated.txt,6840-num-1,6840-num-2,3.3
input-data/sick_annotated.txt,6841-num-1,6841-num-2,4.9
input-data/sick_annotated.txt,6842-num-1,6842-num-2,3.5
input-data/sick_annotated.txt,6843-num-1,6843-num-2,4.5
input-data/sick_annotated.txt,6844-num-1,6844-num-2,3.5
input-data/sick_annotated.txt,6845-num-1,6845-num-2,3.6
input-data/sick_annotated.txt,6846-num-1,6846-num-2,2.3
input-data/sick_annotated.txt,6847-num-1,6847-num-2,2.3
input-data/sick_annotated.txt,6848-num-1,6848-num-2,2.9
input-data/sick_annotated.txt,6849-num-1,6849-num-2,2.2
input-data/sick_annotated.txt,6850-num-1,6850-num-2,1.5
input-data/sick_annotated.txt,6851-num-1,6851-num-2,3
input-data/sick_annotated.txt,6852-num-1,6852-num-2,4.4
input-data/sick_annotated.txt,6853-num-1,6853-num-2,3.2
input-data/sick_annotated.txt,6854-num-1,6854-num-2,4.9
input-data/sick_annotated.txt,6855-num-1,6855-num-2,3.6
input-data/sick_annotated.txt,6856-num-1,6856-num-2,4.2
input-data/sick_annotated.txt,6857-num-1,6857-num-2,4.1
input-data/sick_annotated.txt,6858-num-1,6858-num-2,4
input-data/sick_annotated.txt,6859-num-1,6859-num-2,3
input-data/sick_annotated.txt,6860-num-1,6860-num-2,4.4
input-data/sick_annotated.txt,6861-num-1,6861-num-2,4.9
input-data/sick_annotated.txt,6862-num-1,6862-num-2,3.5
input-data/sick_annotated.txt,6863-num-1,6863-num-2,5
input-data/sick_annotated.txt,6864-num-1,6864-num-2,3.9
input-data/sick_annotated.txt,6865-num-1,6865-num-2,4.3
input-data/sick_annotated.txt,6866-num-1,6866-num-2,4
input-data/sick_annotated.txt,6867-num-1,6867-num-2,3.7
input-data/sick_annotated.txt,6868-num-1,6868-num-2,3.6
input-data/sick_annotated.txt,6869-num-1,6869-num-2,3.5
input-data/sick_annotated.txt,6870-num-1,6870-num-2,4.5
input-data/sick_annotated.txt,6871-num-1,6871-num-2,3.7
input-data/sick_annotated.txt,6872-num-1,6872-num-2,4.9
input-data/sick_annotated.txt,6873-num-1,6873-num-2,3.9
input-data/sick_annotated.txt,6874-num-1,6874-num-2,4.4
input-data/sick_annotated.txt,6875-num-1,6875-num-2,3.5
input-data/sick_annotated.txt,6876-num-1,6876-num-2,3.9
input-data/sick_annotated.txt,6877-num-1,6877-num-2,2.9
input-data/sick_annotated.txt,6878-num-1,6878-num-2,4.185
input-data/sick_annotated.txt,6879-num-1,6879-num-2,4.9
input-data/sick_annotated.txt,6880-num-1,6880-num-2,3
input-data/sick_annotated.txt,6881-num-1,6881-num-2,4.9
input-data/sick_annotated.txt,6882-num-1,6882-num-2,3.8
input-data/sick_annotated.txt,6883-num-1,6883-num-2,4
input-data/sick_annotated.txt,6884-num-1,6884-num-2,2.8
input-data/sick_annotated.txt,6885-num-1,6885-num-2,3.5
input-data/sick_annotated.txt,6886-num-1,6886-num-2,3.2
input-data/sick_annotated.txt,6887-num-1,6887-num-2,3.9
input-data/sick_annotated.txt,6888-num-1,6888-num-2,4.8
input-data/sick_annotated.txt,6889-num-1,6889-num-2,3.4
input-data/sick_annotated.txt,6890-num-1,6890-num-2,4.8
input-data/sick_annotated.txt,6891-num-1,6891-num-2,3.8
input-data/sick_annotated.txt,6892-num-1,6892-num-2,2.8
input-data/sick_annotated.txt,6893-num-1,6893-num-2,3
input-data/sick_annotated.txt,6894-num-1,6894-num-2,2.8
input-data/sick_annotated.txt,6895-num-1,6895-num-2,2.9
input-data/sick_annotated.txt,6896-num-1,6896-num-2,3.3
input-data/sick_annotated.txt,6897-num-1,6897-num-2,4.4
input-data/sick_annotated.txt,6898-num-1,6898-num-2,3.3
input-data/sick_annotated.txt,6899-num-1,6899-num-2,5
input-data/sick_annotated.txt,6900-num-1,6900-num-2,3.2
input-data/sick_annotated.txt,6901-num-1,6901-num-2,4.1
input-data/sick_annotated.txt,6902-num-1,6902-num-2,2.8
input-data/sick_annotated.txt,6903-num-1,6903-num-2,4.2
input-data/sick_annotated.txt,6904-num-1,6904-num-2,4
input-data/sick_annotated.txt,6905-num-1,6905-num-2,4.3
input-data/sick_annotated.txt,6906-num-1,6906-num-2,5
input-data/sick_annotated.txt,6907-num-1,6907-num-2,3
input-data/sick_annotated.txt,6908-num-1,6908-num-2,4.7
input-data/sick_annotated.txt,6909-num-1,6909-num-2,4.3
input-data/sick_annotated.txt,6910-num-1,6910-num-2,3.4
input-data/sick_annotated.txt,6911-num-1,6911-num-2,2.9
input-data/sick_annotated.txt,6912-num-1,6912-num-2,3.4
input-data/sick_annotated.txt,6913-num-1,6913-num-2,2.9
input-data/sick_annotated.txt,6914-num-1,6914-num-2,3.2
input-data/sick_annotated.txt,6915-num-1,6915-num-2,4.4
input-data/sick_annotated.txt,6916-num-1,6916-num-2,3.1
input-data/sick_annotated.txt,6917-num-1,6917-num-2,3
input-data/sick_annotated.txt,6918-num-1,6918-num-2,4.9
input-data/sick_annotated.txt,6919-num-1,6919-num-2,4
input-data/sick_annotated.txt,6920-num-1,6920-num-2,3.5
input-data/sick_annotated.txt,6921-num-1,6921-num-2,2.9
input-data/sick_annotated.txt,6922-num-1,6922-num-2,3.8
input-data/sick_annotated.txt,6923-num-1,6923-num-2,3.4
input-data/sick_annotated.txt,6924-num-1,6924-num-2,3.1
input-data/sick_annotated.txt,6925-num-1,6925-num-2,3.4
input-data/sick_annotated.txt,6926-num-1,6926-num-2,4.9
input-data/sick_annotated.txt,6927-num-1,6927-num-2,3.8
input-data/sick_annotated.txt,6928-num-1,6928-num-2,4.9
input-data/sick_annotated.txt,6929-num-1,6929-num-2,3.5
input-data/sick_annotated.txt,6930-num-1,6930-num-2,3.6
input-data/sick_annotated.txt,6931-num-1,6931-num-2,3.2
input-data/sick_annotated.txt,6932-num-1,6932-num-2,3.8
input-data/sick_annotated.txt,6933-num-1,6933-num-2,3.1
input-data/sick_annotated.txt,6934-num-1,6934-num-2,3.3
input-data/sick_annotated.txt,6935-num-1,6935-num-2,4.9
input-data/sick_annotated.txt,6936-num-1,6936-num-2,3.9
input-data/sick_annotated.txt,6937-num-1,6937-num-2,4.3
input-data/sick_annotated.txt,6938-num-1,6938-num-2,4.5
input-data/sick_annotated.txt,6939-num-1,6939-num-2,3.8
input-data/sick_annotated.txt,6940-num-1,6940-num-2,2
input-data/sick_annotated.txt,6941-num-1,6941-num-2,1.9
input-data/sick_annotated.txt,6942-num-1,6942-num-2,2.4
input-data/sick_annotated.txt,6943-num-1,6943-num-2,1.5
input-data/sick_annotated.txt,6944-num-1,6944-num-2,2.2
input-data/sick_annotated.txt,6945-num-1,6945-num-2,2.4
input-data/sick_annotated.txt,6946-num-1,6946-num-2,4.8
input-data/sick_annotated.txt,6947-num-1,6947-num-2,3.7
input-data/sick_annotated.txt,6948-num-1,6948-num-2,4.8
input-data/sick_annotated.txt,6949-num-1,6949-num-2,4.3
input-data/sick_annotated.txt,6950-num-1,6950-num-2,3.1
input-data/sick_annotated.txt,6951-num-1,6951-num-2,3.7
input-data/sick_annotated.txt,6952-num-1,6952-num-2,2.7
input-data/sick_annotated.txt,6953-num-1,6953-num-2,3
input-data/sick_annotated.txt,6954-num-1,6954-num-2,3.3
input-data/sick_annotated.txt,6955-num-1,6955-num-2,3.185
input-data/sick_annotated.txt,6956-num-1,6956-num-2,3.4
input-data/sick_annotated.txt,6957-num-1,6957-num-2,4.9
input-data/sick_annotated.txt,6958-num-1,6958-num-2,3
input-data/sick_annotated.txt,6959-num-1,6959-num-2,4.9
input-data/sick_annotated.txt,6960-num-1,6960-num-2,3.9
input-data/sick_annotated.txt,6961-num-1,6961-num-2,3
input-data/sick_annotated.txt,6962-num-1,6962-num-2,2.7
input-data/sick_annotated.txt,6963-num-1,6963-num-2,1.5
input-data/sick_annotated.txt,6964-num-1,6964-num-2,2.9
input-data/sick_annotated.txt,6965-num-1,6965-num-2,2.8
input-data/sick_annotated.txt,6966-num-1,6966-num-2,1.6
input-data/sick_annotated.txt,6967-num-1,6967-num-2,2.4
input-data/sick_annotated.txt,6968-num-1,6968-num-2,4.7
input-data/sick_annotated.txt,6969-num-1,6969-num-2,3.7
input-data/sick_annotated.txt,6970-num-1,6970-num-2,4.4
input-data/sick_annotated.txt,6971-num-1,6971-num-2,3.4
input-data/sick_annotated.txt,6972-num-1,6972-num-2,3.7
input-data/sick_annotated.txt,6973-num-1,6973-num-2,4.1
input-data/sick_annotated.txt,6974-num-1,6974-num-2,2.8
input-data/sick_annotated.txt,6975-num-1,6975-num-2,3.6
input-data/sick_annotated.txt,6976-num-1,6976-num-2,3.9
input-data/sick_annotated.txt,6977-num-1,6977-num-2,3
input-data/sick_annotated.txt,6978-num-1,6978-num-2,3.6
input-data/sick_annotated.txt,6979-num-1,6979-num-2,4.5
input-data/sick_annotated.txt,6980-num-1,6980-num-2,3.5
input-data/sick_annotated.txt,6981-num-1,6981-num-2,5
input-data/sick_annotated.txt,6982-num-1,6982-num-2,3.7
input-data/sick_annotated.txt,6983-num-1,6983-num-2,4
input-data/sick_annotated.txt,6984-num-1,6984-num-2,3.9
input-data/sick_annotated.txt,6985-num-1,6985-num-2,3.8
input-data/sick_annotated.txt,6986-num-1,6986-num-2,4
input-data/sick_annotated.txt,6987-num-1,6987-num-2,3.4
input-data/sick_annotated.txt,6988-num-1,6988-num-2,4.6
input-data/sick_annotated.txt,6989-num-1,6989-num-2,2.9
input-data/sick_annotated.txt,6990-num-1,6990-num-2,4.7
input-data/sick_annotated.txt,6991-num-1,6991-num-2,3.5
input-data/sick_annotated.txt,6992-num-1,6992-num-2,2
input-data/sick_annotated.txt,6993-num-1,6993-num-2,1.6
input-data/sick_annotated.txt,6994-num-1,6994-num-2,2.4
input-data/sick_annotated.txt,6995-num-1,6995-num-2,2.1
input-data/sick_annotated.txt,6996-num-1,6996-num-2,2.6
input-data/sick_annotated.txt,6997-num-1,6997-num-2,4.9
input-data/sick_annotated.txt,6998-num-1,6998-num-2,4.3
input-data/sick_annotated.txt,6999-num-1,6999-num-2,4.8
input-data/sick_annotated.txt,7000-num-1,7000-num-2,3.9
input-data/sick_annotated.txt,7001-num-1,7001-num-2,2.6
input-data/sick_annotated.txt,7002-num-1,7002-num-2,2.5
input-data/sick_annotated.txt,7003-num-1,7003-num-2,2.9
input-data/sick_annotated.txt,7004-num-1,7004-num-2,2.3
input-data/sick_annotated.txt,7005-num-1,7005-num-2,1.9
input-data/sick_annotated.txt,7006-num-1,7006-num-2,4.7
input-data/sick_annotated.txt,7007-num-1,7007-num-2,3.8
input-data/sick_annotated.txt,7008-num-1,7008-num-2,5
input-data/sick_annotated.txt,7009-num-1,7009-num-2,4.3
input-data/sick_annotated.txt,7010-num-1,7010-num-2,4.5
input-data/sick_annotated.txt,7011-num-1,7011-num-2,2.9
input-data/sick_annotated.txt,7012-num-1,7012-num-2,4.8
input-data/sick_annotated.txt,7013-num-1,7013-num-2,3.4
input-data/sick_annotated.txt,7014-num-1,7014-num-2,4.7
input-data/sick_annotated.txt,7015-num-1,7015-num-2,4.6
input-data/sick_annotated.txt,7016-num-1,7016-num-2,4
input-data/sick_annotated.txt,7017-num-1,7017-num-2,4.4
input-data/sick_annotated.txt,7018-num-1,7018-num-2,5
input-data/sick_annotated.txt,7019-num-1,7019-num-2,3.7
input-data/sick_annotated.txt,7020-num-1,7020-num-2,1.3
input-data/sick_annotated.txt,7021-num-1,7021-num-2,1.4
input-data/sick_annotated.txt,7022-num-1,7022-num-2,1.9
input-data/sick_annotated.txt,7023-num-1,7023-num-2,1.8
input-data/sick_annotated.txt,7024-num-1,7024-num-2,1.6
input-data/sick_annotated.txt,7025-num-1,7025-num-2,1.5
input-data/sick_annotated.txt,7026-num-1,7026-num-2,5
input-data/sick_annotated.txt,7027-num-1,7027-num-2,3
input-data/sick_annotated.txt,7028-num-1,7028-num-2,4.9
input-data/sick_annotated.txt,7029-num-1,7029-num-2,3.6
input-data/sick_annotated.txt,7030-num-1,7030-num-2,4.1
input-data/sick_annotated.txt,7031-num-1,7031-num-2,2.9
input-data/sick_annotated.txt,7032-num-1,7032-num-2,3.8
input-data/sick_annotated.txt,7033-num-1,7033-num-2,3.4
input-data/sick_annotated.txt,7034-num-1,7034-num-2,3.9
input-data/sick_annotated.txt,7035-num-1,7035-num-2,5
input-data/sick_annotated.txt,7036-num-1,7036-num-2,2.665
input-data/sick_annotated.txt,7037-num-1,7037-num-2,3.765
input-data/sick_annotated.txt,7038-num-1,7038-num-2,4.4
input-data/sick_annotated.txt,7039-num-1,7039-num-2,3.9
input-data/sick_annotated.txt,7040-num-1,7040-num-2,3.3
input-data/sick_annotated.txt,7041-num-1,7041-num-2,3.5
input-data/sick_annotated.txt,7042-num-1,7042-num-2,3.9
input-data/sick_annotated.txt,7043-num-1,7043-num-2,2.6
input-data/sick_annotated.txt,7044-num-1,7044-num-2,3.2
input-data/sick_annotated.txt,7045-num-1,7045-num-2,3.4
input-data/sick_annotated.txt,7046-num-1,7046-num-2,4.8
input-data/sick_annotated.txt,7047-num-1,7047-num-2,3.4
input-data/sick_annotated.txt,7048-num-1,7048-num-2,5
input-data/sick_annotated.txt,7049-num-1,7049-num-2,3.8
input-data/sick_annotated.txt,7050-num-1,7050-num-2,4
input-data/sick_annotated.txt,7051-num-1,7051-num-2,3.615
input-data/sick_annotated.txt,7052-num-1,7052-num-2,3.9
input-data/sick_annotated.txt,7053-num-1,7053-num-2,2.5
input-data/sick_annotated.txt,7054-num-1,7054-num-2,4
input-data/sick_annotated.txt,7055-num-1,7055-num-2,4.5
input-data/sick_annotated.txt,7056-num-1,7056-num-2,3.2
input-data/sick_annotated.txt,7057-num-1,7057-num-2,5
input-data/sick_annotated.txt,7058-num-1,7058-num-2,3.7
input-data/sick_annotated.txt,7059-num-1,7059-num-2,4.4
input-data/sick_annotated.txt,7060-num-1,7060-num-2,3.3
input-data/sick_annotated.txt,7061-num-1,7061-num-2,4.4
input-data/sick_annotated.txt,7062-num-1,7062-num-2,2.6
input-data/sick_annotated.txt,7063-num-1,7063-num-2,4.3
input-data/sick_annotated.txt,7064-num-1,7064-num-2,5
input-data/sick_annotated.txt,7065-num-1,7065-num-2,3.2
input-data/sick_annotated.txt,7066-num-1,7066-num-2,4.7
input-data/sick_annotated.txt,7067-num-1,7067-num-2,3.65
input-data/sick_annotated.txt,7068-num-1,7068-num-2,3.915
input-data/sick_annotated.txt,7069-num-1,7069-num-2,3
input-data/sick_annotated.txt,7070-num-1,7070-num-2,3.8
input-data/sick_annotated.txt,7071-num-1,7071-num-2,3.1
input-data/sick_annotated.txt,7072-num-1,7072-num-2,3.7
input-data/sick_annotated.txt,7073-num-1,7073-num-2,4.8
input-data/sick_annotated.txt,7074-num-1,7074-num-2,3.9
input-data/sick_annotated.txt,7075-num-1,7075-num-2,4.2
input-data/sick_annotated.txt,7076-num-1,7076-num-2,3.8
input-data/sick_annotated.txt,7077-num-1,7077-num-2,4
input-data/sick_annotated.txt,7078-num-1,7078-num-2,3.1
input-data/sick_annotated.txt,7079-num-1,7079-num-2,2.8
input-data/sick_annotated.txt,7080-num-1,7080-num-2,3.6
input-data/sick_annotated.txt,7081-num-1,7081-num-2,3.4
input-data/sick_annotated.txt,7082-num-1,7082-num-2,5
input-data/sick_annotated.txt,7083-num-1,7083-num-2,4.2
input-data/sick_annotated.txt,7084-num-1,7084-num-2,4.4
input-data/sick_annotated.txt,7085-num-1,7085-num-2,4.8
input-data/sick_annotated.txt,7086-num-1,7086-num-2,4.2
input-data/sick_annotated.txt,7087-num-1,7087-num-2,3.3
input-data/sick_annotated.txt,7088-num-1,7088-num-2,2.6
input-data/sick_annotated.txt,7089-num-1,7089-num-2,3.3
input-data/sick_annotated.txt,7090-num-1,7090-num-2,2.7
input-data/sick_annotated.txt,7091-num-1,7091-num-2,2.7
input-data/sick_annotated.txt,7092-num-1,7092-num-2,3.8
input-data/sick_annotated.txt,7093-num-1,7093-num-2,5
input-data/sick_annotated.txt,7094-num-1,7094-num-2,3.4
input-data/sick_annotated.txt,7095-num-1,7095-num-2,4.4
input-data/sick_annotated.txt,7096-num-1,7096-num-2,3.2
input-data/sick_annotated.txt,7097-num-1,7097-num-2,4
input-data/sick_annotated.txt,7098-num-1,7098-num-2,3.4
input-data/sick_annotated.txt,7099-num-1,7099-num-2,3.8
input-data/sick_annotated.txt,7100-num-1,7100-num-2,3.2
input-data/sick_annotated.txt,7101-num-1,7101-num-2,4
input-data/sick_annotated.txt,7102-num-1,7102-num-2,4.8
input-data/sick_annotated.txt,7103-num-1,7103-num-2,2.9
input-data/sick_annotated.txt,7104-num-1,7104-num-2,4.9
input-data/sick_annotated.txt,7105-num-1,7105-num-2,4.2
input-data/sick_annotated.txt,7106-num-1,7106-num-2,2.7
input-data/sick_annotated.txt,7107-num-1,7107-num-2,4.2
input-data/sick_annotated.txt,7108-num-1,7108-num-2,3.2
input-data/sick_annotated.txt,7109-num-1,7109-num-2,2.6
input-data/sick_annotated.txt,7110-num-1,7110-num-2,3.9
input-data/sick_annotated.txt,7111-num-1,7111-num-2,3.9
input-data/sick_annotated.txt,7112-num-1,7112-num-2,3.8
input-data/sick_annotated.txt,7113-num-1,7113-num-2,4.3
input-data/sick_annotated.txt,7114-num-1,7114-num-2,3.2
input-data/sick_annotated.txt,7115-num-1,7115-num-2,4.6
input-data/sick_annotated.txt,7116-num-1,7116-num-2,3.6
input-data/sick_annotated.txt,7117-num-1,7117-num-2,3.7
input-data/sick_annotated.txt,7118-num-1,7118-num-2,3.4
input-data/sick_annotated.txt,7119-num-1,7119-num-2,4
input-data/sick_annotated.txt,7120-num-1,7120-num-2,3.5
input-data/sick_annotated.txt,7121-num-1,7121-num-2,4
input-data/sick_annotated.txt,7122-num-1,7122-num-2,4.8
input-data/sick_annotated.txt,7123-num-1,7123-num-2,3.8
input-data/sick_annotated.txt,7124-num-1,7124-num-2,4.5
input-data/sick_annotated.txt,7125-num-1,7125-num-2,3.8
input-data/sick_annotated.txt,7126-num-1,7126-num-2,4.4
input-data/sick_annotated.txt,7127-num-1,7127-num-2,4
input-data/sick_annotated.txt,7128-num-1,7128-num-2,5
input-data/sick_annotated.txt,7129-num-1,7129-num-2,3.465
input-data/sick_annotated.txt,7130-num-1,7130-num-2,5
input-data/sick_annotated.txt,7131-num-1,7131-num-2,4.8
input-data/sick_annotated.txt,7132-num-1,7132-num-2,3.5
input-data/sick_annotated.txt,7133-num-1,7133-num-2,3.5
input-data/sick_annotated.txt,7134-num-1,7134-num-2,4.55
input-data/sick_annotated.txt,7135-num-1,7135-num-2,3.1
input-data/sick_annotated.txt,7136-num-1,7136-num-2,4.4
input-data/sick_annotated.txt,7137-num-1,7137-num-2,3
input-data/sick_annotated.txt,7138-num-1,7138-num-2,4.5
input-data/sick_annotated.txt,7139-num-1,7139-num-2,4
input-data/sick_annotated.txt,7140-num-1,7140-num-2,3.7
input-data/sick_annotated.txt,7141-num-1,7141-num-2,5
input-data/sick_annotated.txt,7142-num-1,7142-num-2,4.9
input-data/sick_annotated.txt,7143-num-1,7143-num-2,3.4
input-data/sick_annotated.txt,7144-num-1,7144-num-2,3.2
input-data/sick_annotated.txt,7145-num-1,7145-num-2,4.9
input-data/sick_annotated.txt,7146-num-1,7146-num-2,2.9
input-data/sick_annotated.txt,7147-num-1,7147-num-2,3.1
input-data/sick_annotated.txt,7148-num-1,7148-num-2,2.5
input-data/sick_annotated.txt,7149-num-1,7149-num-2,3
input-data/sick_annotated.txt,7150-num-1,7150-num-2,3.1
input-data/sick_annotated.txt,7151-num-1,7151-num-2,3.2
input-data/sick_annotated.txt,7152-num-1,7152-num-2,3
input-data/sick_annotated.txt,7153-num-1,7153-num-2,4.9
input-data/sick_annotated.txt,7154-num-1,7154-num-2,3.6
input-data/sick_annotated.txt,7155-num-1,7155-num-2,4.5
input-data/sick_annotated.txt,7156-num-1,7156-num-2,3.1
input-data/sick_annotated.txt,7157-num-1,7157-num-2,3.7
input-data/sick_annotated.txt,7158-num-1,7158-num-2,4.4
input-data/sick_annotated.txt,7159-num-1,7159-num-2,3.8
input-data/sick_annotated.txt,7160-num-1,7160-num-2,3.4
input-data/sick_annotated.txt,7161-num-1,7161-num-2,4.2
input-data/sick_annotated.txt,7162-num-1,7162-num-2,4.9
input-data/sick_annotated.txt,7163-num-1,7163-num-2,3.7
input-data/sick_annotated.txt,7164-num-1,7164-num-2,1.9
input-data/sick_annotated.txt,7165-num-1,7165-num-2,5
input-data/sick_annotated.txt,7166-num-1,7166-num-2,4.6
input-data/sick_annotated.txt,7167-num-1,7167-num-2,3
input-data/sick_annotated.txt,7168-num-1,7168-num-2,2.9
input-data/sick_annotated.txt,7169-num-1,7169-num-2,3.5
input-data/sick_annotated.txt,7170-num-1,7170-num-2,3
input-data/sick_annotated.txt,7171-num-1,7171-num-2,2.4
input-data/sick_annotated.txt,7172-num-1,7172-num-2,2.8
input-data/sick_annotated.txt,7173-num-1,7173-num-2,4.9
input-data/sick_annotated.txt,7174-num-1,7174-num-2,3.9
input-data/sick_annotated.txt,7175-num-1,7175-num-2,4.1
input-data/sick_annotated.txt,7176-num-1,7176-num-2,3.7
input-data/sick_annotated.txt,7177-num-1,7177-num-2,3.5
input-data/sick_annotated.txt,7178-num-1,7178-num-2,2.8
input-data/sick_annotated.txt,7179-num-1,7179-num-2,3.9
input-data/sick_annotated.txt,7180-num-1,7180-num-2,3.1
input-data/sick_annotated.txt,7181-num-1,7181-num-2,3.7
input-data/sick_annotated.txt,7182-num-1,7182-num-2,4.2
input-data/sick_annotated.txt,7183-num-1,7183-num-2,2.8
input-data/sick_annotated.txt,7184-num-1,7184-num-2,4.8
input-data/sick_annotated.txt,7185-num-1,7185-num-2,3.9
input-data/sick_annotated.txt,7186-num-1,7186-num-2,3.1
input-data/sick_annotated.txt,7187-num-1,7187-num-2,4.2
input-data/sick_annotated.txt,7188-num-1,7188-num-2,4.4
input-data/sick_annotated.txt,7189-num-1,7189-num-2,3.215
input-data/sick_annotated.txt,7190-num-1,7190-num-2,4.5
input-data/sick_annotated.txt,7191-num-1,7191-num-2,2.8
input-data/sick_annotated.txt,7192-num-1,7192-num-2,4.4
input-data/sick_annotated.txt,7193-num-1,7193-num-2,4.2
input-data/sick_annotated.txt,7194-num-1,7194-num-2,4.1
input-data/sick_annotated.txt,7195-num-1,7195-num-2,5
input-data/sick_annotated.txt,7196-num-1,7196-num-2,3.9
input-data/sick_annotated.txt,7197-num-1,7197-num-2,2.9
input-data/sick_annotated.txt,7198-num-1,7198-num-2,2.7
input-data/sick_annotated.txt,7199-num-1,7199-num-2,3.8
input-data/sick_annotated.txt,7200-num-1,7200-num-2,2.3
input-data/sick_annotated.txt,7201-num-1,7201-num-2,3.4
input-data/sick_annotated.txt,7202-num-1,7202-num-2,4.7
input-data/sick_annotated.txt,7203-num-1,7203-num-2,3.6
input-data/sick_annotated.txt,7204-num-1,7204-num-2,4.2
input-data/sick_annotated.txt,7205-num-1,7205-num-2,3.6
input-data/sick_annotated.txt,7206-num-1,7206-num-2,3.8
input-data/sick_annotated.txt,7207-num-1,7207-num-2,3.2
input-data/sick_annotated.txt,7208-num-1,7208-num-2,2.7
input-data/sick_annotated.txt,7209-num-1,7209-num-2,3.3
input-data/sick_annotated.txt,7210-num-1,7210-num-2,3.35
input-data/sick_annotated.txt,7211-num-1,7211-num-2,2.9
input-data/sick_annotated.txt,7212-num-1,7212-num-2,3.7
input-data/sick_annotated.txt,7213-num-1,7213-num-2,4.5
input-data/sick_annotated.txt,7214-num-1,7214-num-2,3.8
input-data/sick_annotated.txt,7215-num-1,7215-num-2,4.7
input-data/sick_annotated.txt,7216-num-1,7216-num-2,3.7
input-data/sick_annotated.txt,7217-num-1,7217-num-2,4.1
input-data/sick_annotated.txt,7218-num-1,7218-num-2,4.1
input-data/sick_annotated.txt,7219-num-1,7219-num-2,3.9
input-data/sick_annotated.txt,7220-num-1,7220-num-2,3.6
input-data/sick_annotated.txt,7221-num-1,7221-num-2,4
input-data/sick_annotated.txt,7222-num-1,7222-num-2,4.9
input-data/sick_annotated.txt,7223-num-1,7223-num-2,4.2
input-data/sick_annotated.txt,7224-num-1,7224-num-2,3.6
input-data/sick_annotated.txt,7225-num-1,7225-num-2,4.9
input-data/sick_annotated.txt,7226-num-1,7226-num-2,3.5
input-data/sick_annotated.txt,7227-num-1,7227-num-2,3
input-data/sick_annotated.txt,7228-num-1,7228-num-2,2.6
input-data/sick_annotated.txt,7229-num-1,7229-num-2,3
input-data/sick_annotated.txt,7230-num-1,7230-num-2,2.5
input-data/sick_annotated.txt,7231-num-1,7231-num-2,3.2
input-data/sick_annotated.txt,7232-num-1,7232-num-2,2.9
input-data/sick_annotated.txt,7233-num-1,7233-num-2,4.9
input-data/sick_annotated.txt,7234-num-1,7234-num-2,3.4
input-data/sick_annotated.txt,7235-num-1,7235-num-2,3.2
input-data/sick_annotated.txt,7236-num-1,7236-num-2,5
input-data/sick_annotated.txt,7237-num-1,7237-num-2,3.4
input-data/sick_annotated.txt,7238-num-1,7238-num-2,4.4
input-data/sick_annotated.txt,7239-num-1,7239-num-2,3.2
input-data/sick_annotated.txt,7240-num-1,7240-num-2,3.7
input-data/sick_annotated.txt,7241-num-1,7241-num-2,3.3
input-data/sick_annotated.txt,7242-num-1,7242-num-2,3.6
input-data/sick_annotated.txt,7243-num-1,7243-num-2,3.9
input-data/sick_annotated.txt,7244-num-1,7244-num-2,4.9
input-data/sick_annotated.txt,7245-num-1,7245-num-2,3.6
input-data/sick_annotated.txt,7246-num-1,7246-num-2,4.7
input-data/sick_annotated.txt,7247-num-1,7247-num-2,3.3
input-data/sick_annotated.txt,7248-num-1,7248-num-2,3.3
input-data/sick_annotated.txt,7249-num-1,7249-num-2,2.735
input-data/sick_annotated.txt,7250-num-1,7250-num-2,2.4
input-data/sick_annotated.txt,7251-num-1,7251-num-2,2.4
input-data/sick_annotated.txt,7252-num-1,7252-num-2,2.8
input-data/sick_annotated.txt,7253-num-1,7253-num-2,2.1
input-data/sick_annotated.txt,7254-num-1,7254-num-2,2.4
input-data/sick_annotated.txt,7255-num-1,7255-num-2,4.7
input-data/sick_annotated.txt,7256-num-1,7256-num-2,4.1
input-data/sick_annotated.txt,7257-num-1,7257-num-2,4.6
input-data/sick_annotated.txt,7258-num-1,7258-num-2,2.9
input-data/sick_annotated.txt,7259-num-1,7259-num-2,4.8
input-data/sick_annotated.txt,7260-num-1,7260-num-2,4.5
input-data/sick_annotated.txt,7261-num-1,7261-num-2,4.1
input-data/sick_annotated.txt,7262-num-1,7262-num-2,4.2
input-data/sick_annotated.txt,7263-num-1,7263-num-2,4.7
input-data/sick_annotated.txt,7264-num-1,7264-num-2,4
input-data/sick_annotated.txt,7265-num-1,7265-num-2,4.4
input-data/sick_annotated.txt,7266-num-1,7266-num-2,4.7
input-data/sick_annotated.txt,7267-num-1,7267-num-2,3
input-data/sick_annotated.txt,7268-num-1,7268-num-2,4.7
input-data/sick_annotated.txt,7269-num-1,7269-num-2,3.7
input-data/sick_annotated.txt,7270-num-1,7270-num-2,4.2
input-data/sick_annotated.txt,7271-num-1,7271-num-2,3
input-data/sick_annotated.txt,7272-num-1,7272-num-2,4.4
input-data/sick_annotated.txt,7273-num-1,7273-num-2,2.6
input-data/sick_annotated.txt,7274-num-1,7274-num-2,4.3
input-data/sick_annotated.txt,7275-num-1,7275-num-2,4.8
input-data/sick_annotated.txt,7276-num-1,7276-num-2,2.7
input-data/sick_annotated.txt,7277-num-1,7277-num-2,5
input-data/sick_annotated.txt,7278-num-1,7278-num-2,4.2
input-data/sick_annotated.txt,7279-num-1,7279-num-2,3.8
input-data/sick_annotated.txt,7280-num-1,7280-num-2,3.1
input-data/sick_annotated.txt,7281-num-1,7281-num-2,3.8
input-data/sick_annotated.txt,7282-num-1,7282-num-2,2.5
input-data/sick_annotated.txt,7283-num-1,7283-num-2,3.55
input-data/sick_annotated.txt,7284-num-1,7284-num-2,4.8
input-data/sick_annotated.txt,7285-num-1,7285-num-2,3.5
input-data/sick_annotated.txt,7286-num-1,7286-num-2,4.7
input-data/sick_annotated.txt,7287-num-1,7287-num-2,3.9
input-data/sick_annotated.txt,7288-num-1,7288-num-2,3.6
input-data/sick_annotated.txt,7289-num-1,7289-num-2,2.8
input-data/sick_annotated.txt,7290-num-1,7290-num-2,2.2
input-data/sick_annotated.txt,7291-num-1,7291-num-2,2.1
input-data/sick_annotated.txt,7292-num-1,7292-num-2,3.4
input-data/sick_annotated.txt,7293-num-1,7293-num-2,2.4
input-data/sick_annotated.txt,7294-num-1,7294-num-2,2.5
input-data/sick_annotated.txt,7295-num-1,7295-num-2,4.8
input-data/sick_annotated.txt,7296-num-1,7296-num-2,3.6
input-data/sick_annotated.txt,7297-num-1,7297-num-2,4.6
input-data/sick_annotated.txt,7298-num-1,7298-num-2,2.9
input-data/sick_annotated.txt,7299-num-1,7299-num-2,4
input-data/sick_annotated.txt,7300-num-1,7300-num-2,3.1
input-data/sick_annotated.txt,7301-num-1,7301-num-2,3.8
input-data/sick_annotated.txt,7302-num-1,7302-num-2,2.65
input-data/sick_annotated.txt,7303-num-1,7303-num-2,4.1
input-data/sick_annotated.txt,7304-num-1,7304-num-2,5
input-data/sick_annotated.txt,7305-num-1,7305-num-2,4.1
input-data/sick_annotated.txt,7306-num-1,7306-num-2,3.6
input-data/sick_annotated.txt,7307-num-1,7307-num-2,4.7
input-data/sick_annotated.txt,7308-num-1,7308-num-2,3.9
input-data/sick_annotated.txt,7309-num-1,7309-num-2,4.7
input-data/sick_annotated.txt,7310-num-1,7310-num-2,3.5
input-data/sick_annotated.txt,7311-num-1,7311-num-2,4.8
input-data/sick_annotated.txt,7312-num-1,7312-num-2,4.3
input-data/sick_annotated.txt,7313-num-1,7313-num-2,3.6
input-data/sick_annotated.txt,7314-num-1,7314-num-2,5
input-data/sick_annotated.txt,7315-num-1,7315-num-2,4.6
input-data/sick_annotated.txt,7316-num-1,7316-num-2,2.4
input-data/sick_annotated.txt,7317-num-1,7317-num-2,4.9
input-data/sick_annotated.txt,7318-num-1,7318-num-2,3.8
input-data/sick_annotated.txt,7319-num-1,7319-num-2,4.3
input-data/sick_annotated.txt,7320-num-1,7320-num-2,3.5
input-data/sick_annotated.txt,7321-num-1,7321-num-2,4
input-data/sick_annotated.txt,7322-num-1,7322-num-2,2.3
input-data/sick_annotated.txt,7323-num-1,7323-num-2,3.9
input-data/sick_annotated.txt,7324-num-1,7324-num-2,4.5
input-data/sick_annotated.txt,7325-num-1,7325-num-2,3.5
input-data/sick_annotated.txt,7326-num-1,7326-num-2,4.6
input-data/sick_annotated.txt,7327-num-1,7327-num-2,4.5
input-data/sick_annotated.txt,7328-num-1,7328-num-2,3.4
input-data/sick_annotated.txt,7329-num-1,7329-num-2,4.3
input-data/sick_annotated.txt,7330-num-1,7330-num-2,3.4
input-data/sick_annotated.txt,7331-num-1,7331-num-2,4
input-data/sick_annotated.txt,7332-num-1,7332-num-2,3.6
input-data/sick_annotated.txt,7333-num-1,7333-num-2,3.2
input-data/sick_annotated.txt,7334-num-1,7334-num-2,4.3
input-data/sick_annotated.txt,7335-num-1,7335-num-2,4.7
input-data/sick_annotated.txt,7336-num-1,7336-num-2,3.9
input-data/sick_annotated.txt,7337-num-1,7337-num-2,4.9
input-data/sick_annotated.txt,7338-num-1,7338-num-2,3.8
input-data/sick_annotated.txt,7339-num-1,7339-num-2,3.6
input-data/sick_annotated.txt,7340-num-1,7340-num-2,3.4
input-data/sick_annotated.txt,7341-num-1,7341-num-2,2.6
input-data/sick_annotated.txt,7342-num-1,7342-num-2,3.7
input-data/sick_annotated.txt,7343-num-1,7343-num-2,3.7
input-data/sick_annotated.txt,7344-num-1,7344-num-2,3
input-data/sick_annotated.txt,7345-num-1,7345-num-2,2.9
input-data/sick_annotated.txt,7346-num-1,7346-num-2,4.3
input-data/sick_annotated.txt,7347-num-1,7347-num-2,4.1
input-data/sick_annotated.txt,7348-num-1,7348-num-2,4.9
input-data/sick_annotated.txt,7349-num-1,7349-num-2,4
input-data/sick_annotated.txt,7350-num-1,7350-num-2,2.6
input-data/sick_annotated.txt,7351-num-1,7351-num-2,4.2
input-data/sick_annotated.txt,7352-num-1,7352-num-2,3.3
input-data/sick_annotated.txt,7353-num-1,7353-num-2,3.2
input-data/sick_annotated.txt,7354-num-1,7354-num-2,4.4
input-data/sick_annotated.txt,7355-num-1,7355-num-2,3.7
input-data/sick_annotated.txt,7356-num-1,7356-num-2,4.1
input-data/sick_annotated.txt,7357-num-1,7357-num-2,5
input-data/sick_annotated.txt,7358-num-1,7358-num-2,4
input-data/sick_annotated.txt,7359-num-1,7359-num-2,4.9
input-data/sick_annotated.txt,7360-num-1,7360-num-2,3.75
input-data/sick_annotated.txt,7361-num-1,7361-num-2,3.3
input-data/sick_annotated.txt,7362-num-1,7362-num-2,1.6
input-data/sick_annotated.txt,7363-num-1,7363-num-2,3.3
input-data/sick_annotated.txt,7364-num-1,7364-num-2,3.7
input-data/sick_annotated.txt,7365-num-1,7365-num-2,2.8
input-data/sick_annotated.txt,7366-num-1,7366-num-2,4.9
input-data/sick_annotated.txt,7367-num-1,7367-num-2,3.7
input-data/sick_annotated.txt,7368-num-1,7368-num-2,4.7
input-data/sick_annotated.txt,7369-num-1,7369-num-2,4.1
input-data/sick_annotated.txt,7370-num-1,7370-num-2,3.5
input-data/sick_annotated.txt,7371-num-1,7371-num-2,3.7
input-data/sick_annotated.txt,7372-num-1,7372-num-2,2.4
input-data/sick_annotated.txt,7373-num-1,7373-num-2,3.4
input-data/sick_annotated.txt,7374-num-1,7374-num-2,3.1
input-data/sick_annotated.txt,7375-num-1,7375-num-2,3.4
input-data/sick_annotated.txt,7376-num-1,7376-num-2,3.5
input-data/sick_annotated.txt,7377-num-1,7377-num-2,5
input-data/sick_annotated.txt,7378-num-1,7378-num-2,3.4
input-data/sick_annotated.txt,7379-num-1,7379-num-2,5
input-data/sick_annotated.txt,7380-num-1,7380-num-2,3.7
input-data/sick_annotated.txt,7381-num-1,7381-num-2,3.9
input-data/sick_annotated.txt,7382-num-1,7382-num-2,2.4
input-data/sick_annotated.txt,7383-num-1,7383-num-2,3.2
input-data/sick_annotated.txt,7384-num-1,7384-num-2,2.9
input-data/sick_annotated.txt,7385-num-1,7385-num-2,4.1
input-data/sick_annotated.txt,7386-num-1,7386-num-2,4.7
input-data/sick_annotated.txt,7387-num-1,7387-num-2,3.7
input-data/sick_annotated.txt,7388-num-1,7388-num-2,4.5
input-data/sick_annotated.txt,7389-num-1,7389-num-2,3.2
input-data/sick_annotated.txt,7390-num-1,7390-num-2,4.1
input-data/sick_annotated.txt,7391-num-1,7391-num-2,3.1
input-data/sick_annotated.txt,7392-num-1,7392-num-2,4
input-data/sick_annotated.txt,7393-num-1,7393-num-2,3.4
input-data/sick_annotated.txt,7394-num-1,7394-num-2,4.1
input-data/sick_annotated.txt,7395-num-1,7395-num-2,5
input-data/sick_annotated.txt,7396-num-1,7396-num-2,3.1
input-data/sick_annotated.txt,7397-num-1,7397-num-2,4.9
input-data/sick_annotated.txt,7398-num-1,7398-num-2,3.6
input-data/sick_annotated.txt,7399-num-1,7399-num-2,4.4
input-data/sick_annotated.txt,7400-num-1,7400-num-2,3.7
input-data/sick_annotated.txt,7401-num-1,7401-num-2,3.8
input-data/sick_annotated.txt,7402-num-1,7402-num-2,3.9
input-data/sick_annotated.txt,7403-num-1,7403-num-2,4.4
input-data/sick_annotated.txt,7404-num-1,7404-num-2,4.9
input-data/sick_annotated.txt,7405-num-1,7405-num-2,4
input-data/sick_annotated.txt,7406-num-1,7406-num-2,4.4
input-data/sick_annotated.txt,7407-num-1,7407-num-2,3.9
input-data/sick_annotated.txt,7408-num-1,7408-num-2,3.1
input-data/sick_annotated.txt,7409-num-1,7409-num-2,2.6
input-data/sick_annotated.txt,7410-num-1,7410-num-2,2.4
input-data/sick_annotated.txt,7411-num-1,7411-num-2,3.4
input-data/sick_annotated.txt,7412-num-1,7412-num-2,3.2
input-data/sick_annotated.txt,7413-num-1,7413-num-2,4.7
input-data/sick_annotated.txt,7414-num-1,7414-num-2,3.1
input-data/sick_annotated.txt,7415-num-1,7415-num-2,3.1
input-data/sick_annotated.txt,7416-num-1,7416-num-2,4.9
input-data/sick_annotated.txt,7417-num-1,7417-num-2,3.7
input-data/sick_annotated.txt,7418-num-1,7418-num-2,4.7
input-data/sick_annotated.txt,7419-num-1,7419-num-2,4.1
input-data/sick_annotated.txt,7420-num-1,7420-num-2,4.7
input-data/sick_annotated.txt,7421-num-1,7421-num-2,3.4
input-data/sick_annotated.txt,7422-num-1,7422-num-2,3.6
input-data/sick_annotated.txt,7423-num-1,7423-num-2,4.9
input-data/sick_annotated.txt,7424-num-1,7424-num-2,4.8
input-data/sick_annotated.txt,7425-num-1,7425-num-2,4.1
input-data/sick_annotated.txt,7426-num-1,7426-num-2,4.9
input-data/sick_annotated.txt,7427-num-1,7427-num-2,3.3
input-data/sick_annotated.txt,7428-num-1,7428-num-2,3.7
input-data/sick_annotated.txt,7429-num-1,7429-num-2,3.4
input-data/sick_annotated.txt,7430-num-1,7430-num-2,4
input-data/sick_annotated.txt,7431-num-1,7431-num-2,3.1
input-data/sick_annotated.txt,7432-num-1,7432-num-2,3.9
input-data/sick_annotated.txt,7433-num-1,7433-num-2,4.9
input-data/sick_annotated.txt,7434-num-1,7434-num-2,3.4
input-data/sick_annotated.txt,7435-num-1,7435-num-2,4
input-data/sick_annotated.txt,7436-num-1,7436-num-2,3.3
input-data/sick_annotated.txt,7437-num-1,7437-num-2,3.2
input-data/sick_annotated.txt,7438-num-1,7438-num-2,2.1
input-data/sick_annotated.txt,7439-num-1,7439-num-2,3.3
input-data/sick_annotated.txt,7440-num-1,7440-num-2,3
input-data/sick_annotated.txt,7441-num-1,7441-num-2,3.8
input-data/sick_annotated.txt,7442-num-1,7442-num-2,4.8
input-data/sick_annotated.txt,7443-num-1,7443-num-2,3.8
input-data/sick_annotated.txt,7444-num-1,7444-num-2,2.9
input-data/sick_annotated.txt,7445-num-1,7445-num-2,4.9
input-data/sick_annotated.txt,7446-num-1,7446-num-2,3.1
input-data/sick_annotated.txt,7447-num-1,7447-num-2,3.4
input-data/sick_annotated.txt,7448-num-1,7448-num-2,3.6
input-data/sick_annotated.txt,7449-num-1,7449-num-2,3.6
input-data/sick_annotated.txt,7450-num-1,7450-num-2,2.5
input-data/sick_annotated.txt,7451-num-1,7451-num-2,3.115
input-data/sick_annotated.txt,7452-num-1,7452-num-2,3
input-data/sick_annotated.txt,7453-num-1,7453-num-2,3.3
input-data/sick_annotated.txt,7454-num-1,7454-num-2,2.9
input-data/sick_annotated.txt,7455-num-1,7455-num-2,4.8
input-data/sick_annotated.txt,7456-num-1,7456-num-2,3.6
input-data/sick_annotated.txt,7457-num-1,7457-num-2,4.8
input-data/sick_annotated.txt,7458-num-1,7458-num-2,3.8
input-data/sick_annotated.txt,7459-num-1,7459-num-2,4.6
input-data/sick_annotated.txt,7460-num-1,7460-num-2,3.9
input-data/sick_annotated.txt,7461-num-1,7461-num-2,3
input-data/sick_annotated.txt,7462-num-1,7462-num-2,4.4
input-data/sick_annotated.txt,7463-num-1,7463-num-2,3.7
input-data/sick_annotated.txt,7464-num-1,7464-num-2,3.5
input-data/sick_annotated.txt,7465-num-1,7465-num-2,3.6
input-data/sick_annotated.txt,7466-num-1,7466-num-2,4.9
input-data/sick_annotated.txt,7467-num-1,7467-num-2,3.7
input-data/sick_annotated.txt,7468-num-1,7468-num-2,3.5
input-data/sick_annotated.txt,7469-num-1,7469-num-2,4.9
input-data/sick_annotated.txt,7470-num-1,7470-num-2,4.2
input-data/sick_annotated.txt,7471-num-1,7471-num-2,3.6
input-data/sick_annotated.txt,7472-num-1,7472-num-2,3.1
input-data/sick_annotated.txt,7473-num-1,7473-num-2,4.5
input-data/sick_annotated.txt,7474-num-1,7474-num-2,3.8
input-data/sick_annotated.txt,7475-num-1,7475-num-2,2.5
input-data/sick_annotated.txt,7476-num-1,7476-num-2,3.7
input-data/sick_annotated.txt,7477-num-1,7477-num-2,4.9
input-data/sick_annotated.txt,7478-num-1,7478-num-2,2.8
input-data/sick_annotated.txt,7479-num-1,7479-num-2,4.6
input-data/sick_annotated.txt,7480-num-1,7480-num-2,3.7
input-data/sick_annotated.txt,7481-num-1,7481-num-2,4
input-data/sick_annotated.txt,7482-num-1,7482-num-2,3.4
input-data/sick_annotated.txt,7483-num-1,7483-num-2,3.8
input-data/sick_annotated.txt,7484-num-1,7484-num-2,3
input-data/sick_annotated.txt,7485-num-1,7485-num-2,4.1
input-data/sick_annotated.txt,7486-num-1,7486-num-2,5
input-data/sick_annotated.txt,7487-num-1,7487-num-2,3.6
input-data/sick_annotated.txt,7488-num-1,7488-num-2,4.9
input-data/sick_annotated.txt,7489-num-1,7489-num-2,3.815
input-data/sick_annotated.txt,7490-num-1,7490-num-2,3.7
input-data/sick_annotated.txt,7491-num-1,7491-num-2,3.4
input-data/sick_annotated.txt,7492-num-1,7492-num-2,3.8
input-data/sick_annotated.txt,7493-num-1,7493-num-2,3.3
input-data/sick_annotated.txt,7494-num-1,7494-num-2,3.9
input-data/sick_annotated.txt,7495-num-1,7495-num-2,4.6
input-data/sick_annotated.txt,7496-num-1,7496-num-2,2.2
input-data/sick_annotated.txt,7497-num-1,7497-num-2,5
input-data/sick_annotated.txt,7498-num-1,7498-num-2,4
input-data/sick_annotated.txt,7499-num-1,7499-num-2,3.5
input-data/sick_annotated.txt,7500-num-1,7500-num-2,3.3
input-data/sick_annotated.txt,7501-num-1,7501-num-2,2.4
input-data/sick_annotated.txt,7502-num-1,7502-num-2,2.8
input-data/sick_annotated.txt,7503-num-1,7503-num-2,3.7
input-data/sick_annotated.txt,7504-num-1,7504-num-2,2.1
input-data/sick_annotated.txt,7505-num-1,7505-num-2,3.3
input-data/sick_annotated.txt,7506-num-1,7506-num-2,4.9
input-data/sick_annotated.txt,7507-num-1,7507-num-2,3.8
input-data/sick_annotated.txt,7508-num-1,7508-num-2,4.9
input-data/sick_annotated.txt,7509-num-1,7509-num-2,4.4
input-data/sick_annotated.txt,7510-num-1,7510-num-2,4.4
input-data/sick_annotated.txt,7511-num-1,7511-num-2,3.9
input-data/sick_annotated.txt,7512-num-1,7512-num-2,4.1
input-data/sick_annotated.txt,7513-num-1,7513-num-2,3.5
input-data/sick_annotated.txt,7514-num-1,7514-num-2,4.5
input-data/sick_annotated.txt,7515-num-1,7515-num-2,4.8
input-data/sick_annotated.txt,7516-num-1,7516-num-2,4.3
input-data/sick_annotated.txt,7517-num-1,7517-num-2,4.8
input-data/sick_annotated.txt,7518-num-1,7518-num-2,4.2
input-data/sick_annotated.txt,7519-num-1,7519-num-2,2.6
input-data/sick_annotated.txt,7520-num-1,7520-num-2,2.1
input-data/sick_annotated.txt,7521-num-1,7521-num-2,2.4
input-data/sick_annotated.txt,7522-num-1,7522-num-2,2.6
input-data/sick_annotated.txt,7523-num-1,7523-num-2,2.9
input-data/sick_annotated.txt,7524-num-1,7524-num-2,4.9
input-data/sick_annotated.txt,7525-num-1,7525-num-2,3.1
input-data/sick_annotated.txt,7526-num-1,7526-num-2,3.8
input-data/sick_annotated.txt,7527-num-1,7527-num-2,4.9
input-data/sick_annotated.txt,7528-num-1,7528-num-2,3.3
input-data/sick_annotated.txt,7529-num-1,7529-num-2,2.8
input-data/sick_annotated.txt,7530-num-1,7530-num-2,2.7
input-data/sick_annotated.txt,7531-num-1,7531-num-2,3.6
input-data/sick_annotated.txt,7532-num-1,7532-num-2,2.6
input-data/sick_annotated.txt,7533-num-1,7533-num-2,3
input-data/sick_annotated.txt,7534-num-1,7534-num-2,3.6
input-data/sick_annotated.txt,7535-num-1,7535-num-2,4.5
input-data/sick_annotated.txt,7536-num-1,7536-num-2,4
input-data/sick_annotated.txt,7537-num-1,7537-num-2,4.1
input-data/sick_annotated.txt,7538-num-1,7538-num-2,4.5
input-data/sick_annotated.txt,7539-num-1,7539-num-2,4.3
input-data/sick_annotated.txt,7540-num-1,7540-num-2,3.5
input-data/sick_annotated.txt,7541-num-1,7541-num-2,3.3
input-data/sick_annotated.txt,7542-num-1,7542-num-2,4.1
input-data/sick_annotated.txt,7543-num-1,7543-num-2,3.8
input-data/sick_annotated.txt,7544-num-1,7544-num-2,2.9
input-data/sick_annotated.txt,7545-num-1,7545-num-2,3.5
input-data/sick_annotated.txt,7546-num-1,7546-num-2,5
input-data/sick_annotated.txt,7547-num-1,7547-num-2,4.4
input-data/sick_annotated.txt,7548-num-1,7548-num-2,5
input-data/sick_annotated.txt,7549-num-1,7549-num-2,3.7
input-data/sick_annotated.txt,7550-num-1,7550-num-2,4.3
input-data/sick_annotated.txt,7551-num-1,7551-num-2,3.3
input-data/sick_annotated.txt,7552-num-1,7552-num-2,4.5
input-data/sick_annotated.txt,7553-num-1,7553-num-2,3.8
input-data/sick_annotated.txt,7554-num-1,7554-num-2,4.2
input-data/sick_annotated.txt,7555-num-1,7555-num-2,4.8
input-data/sick_annotated.txt,7556-num-1,7556-num-2,4.6
input-data/sick_annotated.txt,7557-num-1,7557-num-2,4.9
input-data/sick_annotated.txt,7558-num-1,7558-num-2,4.1
input-data/sick_annotated.txt,7559-num-1,7559-num-2,3
input-data/sick_annotated.txt,7560-num-1,7560-num-2,3.3
input-data/sick_annotated.txt,7561-num-1,7561-num-2,3
input-data/sick_annotated.txt,7562-num-1,7562-num-2,3.1
input-data/sick_annotated.txt,7563-num-1,7563-num-2,3.5
input-data/sick_annotated.txt,7564-num-1,7564-num-2,3.6
input-data/sick_annotated.txt,7565-num-1,7565-num-2,3.3
input-data/sick_annotated.txt,7566-num-1,7566-num-2,4.8
input-data/sick_annotated.txt,7567-num-1,7567-num-2,4.2
input-data/sick_annotated.txt,7568-num-1,7568-num-2,4.5
input-data/sick_annotated.txt,7569-num-1,7569-num-2,4.2
input-data/sick_annotated.txt,7570-num-1,7570-num-2,3.5
input-data/sick_annotated.txt,7571-num-1,7571-num-2,3.7
input-data/sick_annotated.txt,7572-num-1,7572-num-2,4.4
input-data/sick_annotated.txt,7573-num-1,7573-num-2,3.6
input-data/sick_annotated.txt,7574-num-1,7574-num-2,4.2
input-data/sick_annotated.txt,7575-num-1,7575-num-2,4.8
input-data/sick_annotated.txt,7576-num-1,7576-num-2,3.6
input-data/sick_annotated.txt,7577-num-1,7577-num-2,3.4
input-data/sick_annotated.txt,7578-num-1,7578-num-2,5
input-data/sick_annotated.txt,7579-num-1,7579-num-2,2.5
input-data/sick_annotated.txt,7580-num-1,7580-num-2,4.5
input-data/sick_annotated.txt,7581-num-1,7581-num-2,2.2
input-data/sick_annotated.txt,7582-num-1,7582-num-2,4.5
input-data/sick_annotated.txt,7583-num-1,7583-num-2,3.5
input-data/sick_annotated.txt,7584-num-1,7584-num-2,3.8
input-data/sick_annotated.txt,7585-num-1,7585-num-2,4.4
input-data/sick_annotated.txt,7586-num-1,7586-num-2,4.6
input-data/sick_annotated.txt,7587-num-1,7587-num-2,3.5
input-data/sick_annotated.txt,7588-num-1,7588-num-2,4.5
input-data/sick_annotated.txt,7589-num-1,7589-num-2,3.5
input-data/sick_annotated.txt,7590-num-1,7590-num-2,3.1
input-data/sick_annotated.txt,7591-num-1,7591-num-2,2.8
input-data/sick_annotated.txt,7592-num-1,7592-num-2,3.1
input-data/sick_annotated.txt,7593-num-1,7593-num-2,3.4
input-data/sick_annotated.txt,7594-num-1,7594-num-2,3.8
input-data/sick_annotated.txt,7595-num-1,7595-num-2,4.7
input-data/sick_annotated.txt,7596-num-1,7596-num-2,3.6
input-data/sick_annotated.txt,7597-num-1,7597-num-2,4
input-data/sick_annotated.txt,7598-num-1,7598-num-2,5
input-data/sick_annotated.txt,7599-num-1,7599-num-2,3.8
input-data/sick_annotated.txt,7600-num-1,7600-num-2,4.3
input-data/sick_annotated.txt,7601-num-1,7601-num-2,3.5
input-data/sick_annotated.txt,7602-num-1,7602-num-2,4.4
input-data/sick_annotated.txt,7603-num-1,7603-num-2,3.9
input-data/sick_annotated.txt,7604-num-1,7604-num-2,3.6
input-data/sick_annotated.txt,7605-num-1,7605-num-2,4.6
input-data/sick_annotated.txt,7606-num-1,7606-num-2,4.5
input-data/sick_annotated.txt,7607-num-1,7607-num-2,3.285
input-data/sick_annotated.txt,7608-num-1,7608-num-2,4.9
input-data/sick_annotated.txt,7609-num-1,7609-num-2,3.9
input-data/sick_annotated.txt,7610-num-1,7610-num-2,3.7
input-data/sick_annotated.txt,7611-num-1,7611-num-2,2.9
input-data/sick_annotated.txt,7612-num-1,7612-num-2,3.515
input-data/sick_annotated.txt,7613-num-1,7613-num-2,2.4
input-data/sick_annotated.txt,7614-num-1,7614-num-2,3.4
input-data/sick_annotated.txt,7615-num-1,7615-num-2,5
input-data/sick_annotated.txt,7616-num-1,7616-num-2,3.5
input-data/sick_annotated.txt,7617-num-1,7617-num-2,2.3
input-data/sick_annotated.txt,7618-num-1,7618-num-2,4.3
input-data/sick_annotated.txt,7619-num-1,7619-num-2,3.5
input-data/sick_annotated.txt,7620-num-1,7620-num-2,3.5
input-data/sick_annotated.txt,7621-num-1,7621-num-2,2.6
input-data/sick_annotated.txt,7622-num-1,7622-num-2,3.1
input-data/sick_annotated.txt,7623-num-1,7623-num-2,2.1
input-data/sick_annotated.txt,7624-num-1,7624-num-2,1.8
input-data/sick_annotated.txt,7625-num-1,7625-num-2,3.2
input-data/sick_annotated.txt,7626-num-1,7626-num-2,4.8
input-data/sick_annotated.txt,7627-num-1,7627-num-2,4
input-data/sick_annotated.txt,7628-num-1,7628-num-2,4.9
input-data/sick_annotated.txt,7629-num-1,7629-num-2,3.7
input-data/sick_annotated.txt,7630-num-1,7630-num-2,4.2
input-data/sick_annotated.txt,7631-num-1,7631-num-2,3.5
input-data/sick_annotated.txt,7632-num-1,7632-num-2,3.9
input-data/sick_annotated.txt,7633-num-1,7633-num-2,3.8
input-data/sick_annotated.txt,7634-num-1,7634-num-2,4
input-data/sick_annotated.txt,7635-num-1,7635-num-2,4.9
input-data/sick_annotated.txt,7636-num-1,7636-num-2,3.7
input-data/sick_annotated.txt,7637-num-1,7637-num-2,5
input-data/sick_annotated.txt,7638-num-1,7638-num-2,2.8
input-data/sick_annotated.txt,7639-num-1,7639-num-2,4.1
input-data/sick_annotated.txt,7640-num-1,7640-num-2,4.2
input-data/sick_annotated.txt,7641-num-1,7641-num-2,4.1
input-data/sick_annotated.txt,7642-num-1,7642-num-2,3.6
input-data/sick_annotated.txt,7643-num-1,7643-num-2,4
input-data/sick_annotated.txt,7644-num-1,7644-num-2,2.6
input-data/sick_annotated.txt,7645-num-1,7645-num-2,4.4
input-data/sick_annotated.txt,7646-num-1,7646-num-2,4.9
input-data/sick_annotated.txt,7647-num-1,7647-num-2,3.7
input-data/sick_annotated.txt,7648-num-1,7648-num-2,4.5
input-data/sick_annotated.txt,7649-num-1,7649-num-2,3.6
input-data/sick_annotated.txt,7650-num-1,7650-num-2,4.285
input-data/sick_annotated.txt,7651-num-1,7651-num-2,2.9
input-data/sick_annotated.txt,7652-num-1,7652-num-2,4.1
input-data/sick_annotated.txt,7653-num-1,7653-num-2,3.4
input-data/sick_annotated.txt,7654-num-1,7654-num-2,4.2
input-data/sick_annotated.txt,7655-num-1,7655-num-2,4.9
input-data/sick_annotated.txt,7656-num-1,7656-num-2,3.8
input-data/sick_annotated.txt,7657-num-1,7657-num-2,2.7
input-data/sick_annotated.txt,7658-num-1,7658-num-2,4.3
input-data/sick_annotated.txt,7659-num-1,7659-num-2,4.2
input-data/sick_annotated.txt,7660-num-1,7660-num-2,3.3
input-data/sick_annotated.txt,7661-num-1,7661-num-2,4
input-data/sick_annotated.txt,7662-num-1,7662-num-2,3.5
input-data/sick_annotated.txt,7663-num-1,7663-num-2,3
input-data/sick_annotated.txt,7664-num-1,7664-num-2,3.5
input-data/sick_annotated.txt,7665-num-1,7665-num-2,3.7
input-data/sick_annotated.txt,7666-num-1,7666-num-2,4.5
input-data/sick_annotated.txt,7667-num-1,7667-num-2,3.7
input-data/sick_annotated.txt,7668-num-1,7668-num-2,4.9
input-data/sick_annotated.txt,7669-num-1,7669-num-2,3.2
input-data/sick_annotated.txt,7670-num-1,7670-num-2,4.4
input-data/sick_annotated.txt,7671-num-1,7671-num-2,3
input-data/sick_annotated.txt,7672-num-1,7672-num-2,4.7
input-data/sick_annotated.txt,7673-num-1,7673-num-2,4.3
input-data/sick_annotated.txt,7674-num-1,7674-num-2,4.1
input-data/sick_annotated.txt,7675-num-1,7675-num-2,4.9
input-data/sick_annotated.txt,7676-num-1,7676-num-2,2.6
input-data/sick_annotated.txt,7677-num-1,7677-num-2,4.5
input-data/sick_annotated.txt,7678-num-1,7678-num-2,5
input-data/sick_annotated.txt,7679-num-1,7679-num-2,3.7
input-data/sick_annotated.txt,7680-num-1,7680-num-2,2
input-data/sick_annotated.txt,7681-num-1,7681-num-2,2.9
input-data/sick_annotated.txt,7682-num-1,7682-num-2,3.3
input-data/sick_annotated.txt,7683-num-1,7683-num-2,2.9
input-data/sick_annotated.txt,7684-num-1,7684-num-2,2.6
input-data/sick_annotated.txt,7685-num-1,7685-num-2,2.5
input-data/sick_annotated.txt,7686-num-1,7686-num-2,4.7
input-data/sick_annotated.txt,7687-num-1,7687-num-2,3.9
input-data/sick_annotated.txt,7688-num-1,7688-num-2,4.3
input-data/sick_annotated.txt,7689-num-1,7689-num-2,4.4
input-data/sick_annotated.txt,7690-num-1,7690-num-2,4.1
input-data/sick_annotated.txt,7691-num-1,7691-num-2,3.5
input-data/sick_annotated.txt,7692-num-1,7692-num-2,4.2
input-data/sick_annotated.txt,7693-num-1,7693-num-2,3.5
input-data/sick_annotated.txt,7694-num-1,7694-num-2,4.2
input-data/sick_annotated.txt,7695-num-1,7695-num-2,4.8
input-data/sick_annotated.txt,7696-num-1,7696-num-2,3.8
input-data/sick_annotated.txt,7697-num-1,7697-num-2,3.5
input-data/sick_annotated.txt,7698-num-1,7698-num-2,4.9
input-data/sick_annotated.txt,7699-num-1,7699-num-2,3.8
input-data/sick_annotated.txt,7700-num-1,7700-num-2,2.3
input-data/sick_annotated.txt,7701-num-1,7701-num-2,2.6
input-data/sick_annotated.txt,7702-num-1,7702-num-2,2.3
input-data/sick_annotated.txt,7703-num-1,7703-num-2,1.6
input-data/sick_annotated.txt,7704-num-1,7704-num-2,1.8
input-data/sick_annotated.txt,7705-num-1,7705-num-2,2.1
input-data/sick_annotated.txt,7706-num-1,7706-num-2,4.9
input-data/sick_annotated.txt,7707-num-1,7707-num-2,3.1
input-data/sick_annotated.txt,7708-num-1,7708-num-2,4.8
input-data/sick_annotated.txt,7709-num-1,7709-num-2,3.3
input-data/sick_annotated.txt,7710-num-1,7710-num-2,4.1
input-data/sick_annotated.txt,7711-num-1,7711-num-2,2.8
input-data/sick_annotated.txt,7712-num-1,7712-num-2,4.3
input-data/sick_annotated.txt,7713-num-1,7713-num-2,3.6
input-data/sick_annotated.txt,7714-num-1,7714-num-2,4.1
input-data/sick_annotated.txt,7715-num-1,7715-num-2,4.8
input-data/sick_annotated.txt,7716-num-1,7716-num-2,4.4
input-data/sick_annotated.txt,7717-num-1,7717-num-2,4.9
input-data/sick_annotated.txt,7718-num-1,7718-num-2,3.8
input-data/sick_annotated.txt,7719-num-1,7719-num-2,4.2
input-data/sick_annotated.txt,7720-num-1,7720-num-2,2.9
input-data/sick_annotated.txt,7721-num-1,7721-num-2,4.2
input-data/sick_annotated.txt,7722-num-1,7722-num-2,3.1
input-data/sick_annotated.txt,7723-num-1,7723-num-2,4
input-data/sick_annotated.txt,7724-num-1,7724-num-2,4.6
input-data/sick_annotated.txt,7725-num-1,7725-num-2,3.5
input-data/sick_annotated.txt,7726-num-1,7726-num-2,4.3
input-data/sick_annotated.txt,7727-num-1,7727-num-2,4.5
input-data/sick_annotated.txt,7728-num-1,7728-num-2,2.7
input-data/sick_annotated.txt,7729-num-1,7729-num-2,1.6
input-data/sick_annotated.txt,7730-num-1,7730-num-2,1.6
input-data/sick_annotated.txt,7731-num-1,7731-num-2,1.8
input-data/sick_annotated.txt,7732-num-1,7732-num-2,1.2
input-data/sick_annotated.txt,7733-num-1,7733-num-2,1.7
input-data/sick_annotated.txt,7734-num-1,7734-num-2,1.5
input-data/sick_annotated.txt,7735-num-1,7735-num-2,5
input-data/sick_annotated.txt,7736-num-1,7736-num-2,4.3
input-data/sick_annotated.txt,7737-num-1,7737-num-2,4.3
input-data/sick_annotated.txt,7738-num-1,7738-num-2,2.9
input-data/sick_annotated.txt,7739-num-1,7739-num-2,3.6
input-data/sick_annotated.txt,7740-num-1,7740-num-2,2.7
input-data/sick_annotated.txt,7741-num-1,7741-num-2,2.7
input-data/sick_annotated.txt,7742-num-1,7742-num-2,2.9
input-data/sick_annotated.txt,7743-num-1,7743-num-2,3.2
input-data/sick_annotated.txt,7744-num-1,7744-num-2,5
input-data/sick_annotated.txt,7745-num-1,7745-num-2,3.6
input-data/sick_annotated.txt,7746-num-1,7746-num-2,2.835
input-data/sick_annotated.txt,7747-num-1,7747-num-2,4.5
input-data/sick_annotated.txt,7748-num-1,7748-num-2,3.6
input-data/sick_annotated.txt,7749-num-1,7749-num-2,2.8
input-data/sick_annotated.txt,7750-num-1,7750-num-2,2.7
input-data/sick_annotated.txt,7751-num-1,7751-num-2,3.1
input-data/sick_annotated.txt,7752-num-1,7752-num-2,2.5
input-data/sick_annotated.txt,7753-num-1,7753-num-2,1.7
input-data/sick_annotated.txt,7754-num-1,7754-num-2,2.6
input-data/sick_annotated.txt,7755-num-1,7755-num-2,4.8
input-data/sick_annotated.txt,7756-num-1,7756-num-2,3.85
input-data/sick_annotated.txt,7757-num-1,7757-num-2,4.815
input-data/sick_annotated.txt,7758-num-1,7758-num-2,4.3
input-data/sick_annotated.txt,7759-num-1,7759-num-2,4.6
input-data/sick_annotated.txt,7760-num-1,7760-num-2,3.3
input-data/sick_annotated.txt,7761-num-1,7761-num-2,3.5
input-data/sick_annotated.txt,7762-num-1,7762-num-2,3.9
input-data/sick_annotated.txt,7763-num-1,7763-num-2,3.7
input-data/sick_annotated.txt,7764-num-1,7764-num-2,2.8
input-data/sick_annotated.txt,7765-num-1,7765-num-2,3.3
input-data/sick_annotated.txt,7766-num-1,7766-num-2,4.8
input-data/sick_annotated.txt,7767-num-1,7767-num-2,3
input-data/sick_annotated.txt,7768-num-1,7768-num-2,5
input-data/sick_annotated.txt,7769-num-1,7769-num-2,3.9
input-data/sick_annotated.txt,7770-num-1,7770-num-2,3.3
input-data/sick_annotated.txt,7771-num-1,7771-num-2,4.3
input-data/sick_annotated.txt,7772-num-1,7772-num-2,3.9
input-data/sick_annotated.txt,7773-num-1,7773-num-2,3.7
input-data/sick_annotated.txt,7774-num-1,7774-num-2,4.6
input-data/sick_annotated.txt,7775-num-1,7775-num-2,4
input-data/sick_annotated.txt,7776-num-1,7776-num-2,4.4
input-data/sick_annotated.txt,7777-num-1,7777-num-2,4.5
input-data/sick_annotated.txt,7778-num-1,7778-num-2,3.1
input-data/sick_annotated.txt,7779-num-1,7779-num-2,4.4
input-data/sick_annotated.txt,7780-num-1,7780-num-2,3.7
input-data/sick_annotated.txt,7781-num-1,7781-num-2,2.1
input-data/sick_annotated.txt,7782-num-1,7782-num-2,2.1
input-data/sick_annotated.txt,7783-num-1,7783-num-2,1.9
input-data/sick_annotated.txt,7784-num-1,7784-num-2,2
input-data/sick_annotated.txt,7785-num-1,7785-num-2,2.265
input-data/sick_annotated.txt,7786-num-1,7786-num-2,4.3
input-data/sick_annotated.txt,7787-num-1,7787-num-2,3
input-data/sick_annotated.txt,7788-num-1,7788-num-2,4.6
input-data/sick_annotated.txt,7789-num-1,7789-num-2,3.9
input-data/sick_annotated.txt,7790-num-1,7790-num-2,4.2
input-data/sick_annotated.txt,7791-num-1,7791-num-2,3.7
input-data/sick_annotated.txt,7792-num-1,7792-num-2,3.5
input-data/sick_annotated.txt,7793-num-1,7793-num-2,2.7
input-data/sick_annotated.txt,7794-num-1,7794-num-2,4
input-data/sick_annotated.txt,7795-num-1,7795-num-2,4.4
input-data/sick_annotated.txt,7796-num-1,7796-num-2,3.4
input-data/sick_annotated.txt,7797-num-1,7797-num-2,5
input-data/sick_annotated.txt,7798-num-1,7798-num-2,4.4
input-data/sick_annotated.txt,7799-num-1,7799-num-2,3.6
input-data/sick_annotated.txt,7800-num-1,7800-num-2,3
input-data/sick_annotated.txt,7801-num-1,7801-num-2,3.3
input-data/sick_annotated.txt,7802-num-1,7802-num-2,3.4
input-data/sick_annotated.txt,7803-num-1,7803-num-2,3.6
input-data/sick_annotated.txt,7804-num-1,7804-num-2,4.6
input-data/sick_annotated.txt,7805-num-1,7805-num-2,3.7
input-data/sick_annotated.txt,7806-num-1,7806-num-2,4.915
input-data/sick_annotated.txt,7807-num-1,7807-num-2,3.7
input-data/sick_annotated.txt,7808-num-1,7808-num-2,3.7
input-data/sick_annotated.txt,7809-num-1,7809-num-2,3.2
input-data/sick_annotated.txt,7810-num-1,7810-num-2,4.1
input-data/sick_annotated.txt,7811-num-1,7811-num-2,3.2
input-data/sick_annotated.txt,7812-num-1,7812-num-2,4.3
input-data/sick_annotated.txt,7813-num-1,7813-num-2,4.6
input-data/sick_annotated.txt,7814-num-1,7814-num-2,3.4
input-data/sick_annotated.txt,7815-num-1,7815-num-2,4.6
input-data/sick_annotated.txt,7816-num-1,7816-num-2,3.9
input-data/sick_annotated.txt,7817-num-1,7817-num-2,3.2
input-data/sick_annotated.txt,7818-num-1,7818-num-2,1.9
input-data/sick_annotated.txt,7819-num-1,7819-num-2,3.3
input-data/sick_annotated.txt,7820-num-1,7820-num-2,3.7
input-data/sick_annotated.txt,7821-num-1,7821-num-2,3
input-data/sick_annotated.txt,7822-num-1,7822-num-2,4.9
input-data/sick_annotated.txt,7823-num-1,7823-num-2,3.6
input-data/sick_annotated.txt,7824-num-1,7824-num-2,4.8
input-data/sick_annotated.txt,7825-num-1,7825-num-2,3.2
input-data/sick_annotated.txt,7826-num-1,7826-num-2,4.1
input-data/sick_annotated.txt,7827-num-1,7827-num-2,3.5
input-data/sick_annotated.txt,7828-num-1,7828-num-2,4.2
input-data/sick_annotated.txt,7829-num-1,7829-num-2,3.5
input-data/sick_annotated.txt,7830-num-1,7830-num-2,4
input-data/sick_annotated.txt,7831-num-1,7831-num-2,4.4
input-data/sick_annotated.txt,7832-num-1,7832-num-2,3.6
input-data/sick_annotated.txt,7833-num-1,7833-num-2,4.7
input-data/sick_annotated.txt,7834-num-1,7834-num-2,3.3
input-data/sick_annotated.txt,7835-num-1,7835-num-2,4.4
input-data/sick_annotated.txt,7836-num-1,7836-num-2,3.5
input-data/sick_annotated.txt,7837-num-1,7837-num-2,4.4
input-data/sick_annotated.txt,7838-num-1,7838-num-2,3.8
input-data/sick_annotated.txt,7839-num-1,7839-num-2,4.5
input-data/sick_annotated.txt,7840-num-1,7840-num-2,4.6
input-data/sick_annotated.txt,7841-num-1,7841-num-2,2.9
input-data/sick_annotated.txt,7842-num-1,7842-num-2,4.6
input-data/sick_annotated.txt,7843-num-1,7843-num-2,3.4
input-data/sick_annotated.txt,7844-num-1,7844-num-2,4
input-data/sick_annotated.txt,7845-num-1,7845-num-2,3.5
input-data/sick_annotated.txt,7846-num-1,7846-num-2,3.6
input-data/sick_annotated.txt,7847-num-1,7847-num-2,1.8
input-data/sick_annotated.txt,7848-num-1,7848-num-2,3.9
input-data/sick_annotated.txt,7849-num-1,7849-num-2,4.5
input-data/sick_annotated.txt,7850-num-1,7850-num-2,3.7
input-data/sick_annotated.txt,7851-num-1,7851-num-2,4.8
input-data/sick_annotated.txt,7852-num-1,7852-num-2,3.9
input-data/sick_annotated.txt,7853-num-1,7853-num-2,3.6
input-data/sick_annotated.txt,7854-num-1,7854-num-2,3.3
input-data/sick_annotated.txt,7855-num-1,7855-num-2,3.6
input-data/sick_annotated.txt,7856-num-1,7856-num-2,2.6
input-data/sick_annotated.txt,7857-num-1,7857-num-2,3.4
input-data/sick_annotated.txt,7858-num-1,7858-num-2,4.7
input-data/sick_annotated.txt,7859-num-1,7859-num-2,4
input-data/sick_annotated.txt,7860-num-1,7860-num-2,4.5
input-data/sick_annotated.txt,7861-num-1,7861-num-2,3.3
input-data/sick_annotated.txt,7862-num-1,7862-num-2,3.8
input-data/sick_annotated.txt,7863-num-1,7863-num-2,2.6
input-data/sick_annotated.txt,7864-num-1,7864-num-2,3.9
input-data/sick_annotated.txt,7865-num-1,7865-num-2,4.1
input-data/sick_annotated.txt,7866-num-1,7866-num-2,3.6
input-data/sick_annotated.txt,7867-num-1,7867-num-2,4.5
input-data/sick_annotated.txt,7868-num-1,7868-num-2,3
input-data/sick_annotated.txt,7869-num-1,7869-num-2,3.6
input-data/sick_annotated.txt,7870-num-1,7870-num-2,4.7
input-data/sick_annotated.txt,7871-num-1,7871-num-2,3.7
input-data/sick_annotated.txt,7872-num-1,7872-num-2,3.8
input-data/sick_annotated.txt,7873-num-1,7873-num-2,4
input-data/sick_annotated.txt,7874-num-1,7874-num-2,3.4
input-data/sick_annotated.txt,7875-num-1,7875-num-2,3
input-data/sick_annotated.txt,7876-num-1,7876-num-2,2.7
input-data/sick_annotated.txt,7877-num-1,7877-num-2,3.9
input-data/sick_annotated.txt,7878-num-1,7878-num-2,5
input-data/sick_annotated.txt,7879-num-1,7879-num-2,3.2
input-data/sick_annotated.txt,7880-num-1,7880-num-2,4.5
input-data/sick_annotated.txt,7881-num-1,7881-num-2,3.7
input-data/sick_annotated.txt,7882-num-1,7882-num-2,4.2
input-data/sick_annotated.txt,7883-num-1,7883-num-2,4.6
input-data/sick_annotated.txt,7884-num-1,7884-num-2,4.6
input-data/sick_annotated.txt,7885-num-1,7885-num-2,3.3
input-data/sick_annotated.txt,7886-num-1,7886-num-2,4.2
input-data/sick_annotated.txt,7887-num-1,7887-num-2,4.5
input-data/sick_annotated.txt,7888-num-1,7888-num-2,3.2
input-data/sick_annotated.txt,7889-num-1,7889-num-2,4.7
input-data/sick_annotated.txt,7890-num-1,7890-num-2,3.6
input-data/sick_annotated.txt,7891-num-1,7891-num-2,4
input-data/sick_annotated.txt,7892-num-1,7892-num-2,3.5
input-data/sick_annotated.txt,7893-num-1,7893-num-2,4.3
input-data/sick_annotated.txt,7894-num-1,7894-num-2,4
input-data/sick_annotated.txt,7895-num-1,7895-num-2,4.3
input-data/sick_annotated.txt,7896-num-1,7896-num-2,4.635
input-data/sick_annotated.txt,7897-num-1,7897-num-2,3.4
input-data/sick_annotated.txt,7898-num-1,7898-num-2,4.9
input-data/sick_annotated.txt,7899-num-1,7899-num-2,3.6
input-data/sick_annotated.txt,7900-num-1,7900-num-2,3.5
input-data/sick_annotated.txt,7901-num-1,7901-num-2,3.4
input-data/sick_annotated.txt,7902-num-1,7902-num-2,4.2
input-data/sick_annotated.txt,7903-num-1,7903-num-2,3.3
input-data/sick_annotated.txt,7904-num-1,7904-num-2,3.535
input-data/sick_annotated.txt,7905-num-1,7905-num-2,4.4
input-data/sick_annotated.txt,7906-num-1,7906-num-2,3.5
input-data/sick_annotated.txt,7907-num-1,7907-num-2,3.5
input-data/sick_annotated.txt,7908-num-1,7908-num-2,4.7
input-data/sick_annotated.txt,7909-num-1,7909-num-2,4
input-data/sick_annotated.txt,7910-num-1,7910-num-2,3.9
input-data/sick_annotated.txt,7911-num-1,7911-num-2,3.2
input-data/sick_annotated.txt,7912-num-1,7912-num-2,3.2
input-data/sick_annotated.txt,7913-num-1,7913-num-2,3.6
input-data/sick_annotated.txt,7914-num-1,7914-num-2,3.1
input-data/sick_annotated.txt,7915-num-1,7915-num-2,3.9
input-data/sick_annotated.txt,7916-num-1,7916-num-2,4.3
input-data/sick_annotated.txt,7917-num-1,7917-num-2,2.5
input-data/sick_annotated.txt,7918-num-1,7918-num-2,4.7
input-data/sick_annotated.txt,7919-num-1,7919-num-2,3.5
input-data/sick_annotated.txt,7920-num-1,7920-num-2,4.1
input-data/sick_annotated.txt,7921-num-1,7921-num-2,2.9
input-data/sick_annotated.txt,7922-num-1,7922-num-2,4.1
input-data/sick_annotated.txt,7923-num-1,7923-num-2,2.6
input-data/sick_annotated.txt,7924-num-1,7924-num-2,4.1
input-data/sick_annotated.txt,7925-num-1,7925-num-2,4.7
input-data/sick_annotated.txt,7926-num-1,7926-num-2,3.5
input-data/sick_annotated.txt,7927-num-1,7927-num-2,4.4
input-data/sick_annotated.txt,7928-num-1,7928-num-2,4.3
input-data/sick_annotated.txt,7929-num-1,7929-num-2,1.6
input-data/sick_annotated.txt,7930-num-1,7930-num-2,1.2
input-data/sick_annotated.txt,7931-num-1,7931-num-2,1.6
input-data/sick_annotated.txt,7932-num-1,7932-num-2,2
input-data/sick_annotated.txt,7933-num-1,7933-num-2,1.5
input-data/sick_annotated.txt,7934-num-1,7934-num-2,5
input-data/sick_annotated.txt,7935-num-1,7935-num-2,3
input-data/sick_annotated.txt,7936-num-1,7936-num-2,4.8
input-data/sick_annotated.txt,7937-num-1,7937-num-2,3.1
input-data/sick_annotated.txt,7938-num-1,7938-num-2,2.2
input-data/sick_annotated.txt,7939-num-1,7939-num-2,1.7
input-data/sick_annotated.txt,7940-num-1,7940-num-2,1.9
input-data/sick_annotated.txt,7941-num-1,7941-num-2,1.6
input-data/sick_annotated.txt,7942-num-1,7942-num-2,2.2
input-data/sick_annotated.txt,7943-num-1,7943-num-2,4.4
input-data/sick_annotated.txt,7944-num-1,7944-num-2,3.8
input-data/sick_annotated.txt,7945-num-1,7945-num-2,4.5
input-data/sick_annotated.txt,7946-num-1,7946-num-2,3
input-data/sick_annotated.txt,7947-num-1,7947-num-2,3.4
input-data/sick_annotated.txt,7948-num-1,7948-num-2,2.4
input-data/sick_annotated.txt,7949-num-1,7949-num-2,3.3
input-data/sick_annotated.txt,7950-num-1,7950-num-2,2.3
input-data/sick_annotated.txt,7951-num-1,7951-num-2,3.5
input-data/sick_annotated.txt,7952-num-1,7952-num-2,4.6
input-data/sick_annotated.txt,7953-num-1,7953-num-2,3
input-data/sick_annotated.txt,7954-num-1,7954-num-2,4.9
input-data/sick_annotated.txt,7955-num-1,7955-num-2,3.2
input-data/sick_annotated.txt,7956-num-1,7956-num-2,4.7
input-data/sick_annotated.txt,7957-num-1,7957-num-2,3.5
input-data/sick_annotated.txt,7958-num-1,7958-num-2,4
input-data/sick_annotated.txt,7959-num-1,7959-num-2,2.5
input-data/sick_annotated.txt,7960-num-1,7960-num-2,4.3
input-data/sick_annotated.txt,7961-num-1,7961-num-2,4.6
input-data/sick_annotated.txt,7962-num-1,7962-num-2,3.7
input-data/sick_annotated.txt,7963-num-1,7963-num-2,4.1
input-data/sick_annotated.txt,7964-num-1,7964-num-2,4.8
input-data/sick_annotated.txt,7965-num-1,7965-num-2,3.5
input-data/sick_annotated.txt,7966-num-1,7966-num-2,2.8
input-data/sick_annotated.txt,7967-num-1,7967-num-2,1.9
input-data/sick_annotated.txt,7968-num-1,7968-num-2,2.7
input-data/sick_annotated.txt,7969-num-1,7969-num-2,2
input-data/sick_annotated.txt,7970-num-1,7970-num-2,3
input-data/sick_annotated.txt,7971-num-1,7971-num-2,3
input-data/sick_annotated.txt,7972-num-1,7972-num-2,4.4
input-data/sick_annotated.txt,7973-num-1,7973-num-2,3.9
input-data/sick_annotated.txt,7974-num-1,7974-num-2,4.6
input-data/sick_annotated.txt,7975-num-1,7975-num-2,3.5
input-data/sick_annotated.txt,7976-num-1,7976-num-2,2.9
input-data/sick_annotated.txt,7977-num-1,7977-num-2,2.9
input-data/sick_annotated.txt,7978-num-1,7978-num-2,3.6
input-data/sick_annotated.txt,7979-num-1,7979-num-2,3.3
input-data/sick_annotated.txt,7980-num-1,7980-num-2,3.7
input-data/sick_annotated.txt,7981-num-1,7981-num-2,4.4
input-data/sick_annotated.txt,7982-num-1,7982-num-2,3.3
input-data/sick_annotated.txt,7983-num-1,7983-num-2,4.1
input-data/sick_annotated.txt,7984-num-1,7984-num-2,4.2
input-data/sick_annotated.txt,7985-num-1,7985-num-2,3.1
input-data/sick_annotated.txt,7986-num-1,7986-num-2,3.3
input-data/sick_annotated.txt,7987-num-1,7987-num-2,3.6
input-data/sick_annotated.txt,7988-num-1,7988-num-2,2.8
input-data/sick_annotated.txt,7989-num-1,7989-num-2,4
input-data/sick_annotated.txt,7990-num-1,7990-num-2,2.565
input-data/sick_annotated.txt,7991-num-1,7991-num-2,4.6
input-data/sick_annotated.txt,7992-num-1,7992-num-2,4.4
input-data/sick_annotated.txt,7993-num-1,7993-num-2,4.2
input-data/sick_annotated.txt,7994-num-1,7994-num-2,4.5
input-data/sick_annotated.txt,7995-num-1,7995-num-2,4.4
input-data/sick_annotated.txt,7996-num-1,7996-num-2,4
input-data/sick_annotated.txt,7997-num-1,7997-num-2,2.8
input-data/sick_annotated.txt,7998-num-1,7998-num-2,4
input-data/sick_annotated.txt,7999-num-1,7999-num-2,3.1
input-data/sick_annotated.txt,8000-num-1,8000-num-2,4.2
input-data/sick_annotated.txt,8001-num-1,8001-num-2,4.4
input-data/sick_annotated.txt,8002-num-1,8002-num-2,3.785
input-data/sick_annotated.txt,8003-num-1,8003-num-2,4.7
input-data/sick_annotated.txt,8004-num-1,8004-num-2,3
input-data/sick_annotated.txt,8005-num-1,8005-num-2,2
input-data/sick_annotated.txt,8006-num-1,8006-num-2,2.1
input-data/sick_annotated.txt,8007-num-1,8007-num-2,1.6
input-data/sick_annotated.txt,8008-num-1,8008-num-2,2.5
input-data/sick_annotated.txt,8009-num-1,8009-num-2,2.5
input-data/sick_annotated.txt,8010-num-1,8010-num-2,4.4
input-data/sick_annotated.txt,8011-num-1,8011-num-2,4
input-data/sick_annotated.txt,8012-num-1,8012-num-2,4.8
input-data/sick_annotated.txt,8013-num-1,8013-num-2,2.9
input-data/sick_annotated.txt,8014-num-1,8014-num-2,3.8
input-data/sick_annotated.txt,8015-num-1,8015-num-2,3
input-data/sick_annotated.txt,8016-num-1,8016-num-2,4.1
input-data/sick_annotated.txt,8017-num-1,8017-num-2,3.115
input-data/sick_annotated.txt,8018-num-1,8018-num-2,4
input-data/sick_annotated.txt,8019-num-1,8019-num-2,4.5
input-data/sick_annotated.txt,8020-num-1,8020-num-2,3.7
input-data/sick_annotated.txt,8021-num-1,8021-num-2,4.7
input-data/sick_annotated.txt,8022-num-1,8022-num-2,3
input-data/sick_annotated.txt,8023-num-1,8023-num-2,4.3
input-data/sick_annotated.txt,8024-num-1,8024-num-2,3.3
input-data/sick_annotated.txt,8025-num-1,8025-num-2,3.6
input-data/sick_annotated.txt,8026-num-1,8026-num-2,2.9
input-data/sick_annotated.txt,8027-num-1,8027-num-2,4.2
input-data/sick_annotated.txt,8028-num-1,8028-num-2,4.8
input-data/sick_annotated.txt,8029-num-1,8029-num-2,3.7
input-data/sick_annotated.txt,8030-num-1,8030-num-2,4.8
input-data/sick_annotated.txt,8031-num-1,8031-num-2,3.8
input-data/sick_annotated.txt,8032-num-1,8032-num-2,4.1
input-data/sick_annotated.txt,8033-num-1,8033-num-2,3
input-data/sick_annotated.txt,8034-num-1,8034-num-2,3.6
input-data/sick_annotated.txt,8035-num-1,8035-num-2,2.8
input-data/sick_annotated.txt,8036-num-1,8036-num-2,3.5
input-data/sick_annotated.txt,8037-num-1,8037-num-2,4.9
input-data/sick_annotated.txt,8038-num-1,8038-num-2,3.9
input-data/sick_annotated.txt,8039-num-1,8039-num-2,5
input-data/sick_annotated.txt,8040-num-1,8040-num-2,3.5
input-data/sick_annotated.txt,8041-num-1,8041-num-2,4
input-data/sick_annotated.txt,8042-num-1,8042-num-2,2.2
input-data/sick_annotated.txt,8043-num-1,8043-num-2,4.3
input-data/sick_annotated.txt,8044-num-1,8044-num-2,3.3
input-data/sick_annotated.txt,8045-num-1,8045-num-2,3.9
input-data/sick_annotated.txt,8046-num-1,8046-num-2,4.4
input-data/sick_annotated.txt,8047-num-1,8047-num-2,3.5
input-data/sick_annotated.txt,8048-num-1,8048-num-2,4.1
input-data/sick_annotated.txt,8049-num-1,8049-num-2,4.2
input-data/sick_annotated.txt,8050-num-1,8050-num-2,4.3
input-data/sick_annotated.txt,8051-num-1,8051-num-2,2.8
input-data/sick_annotated.txt,8052-num-1,8052-num-2,3.9
input-data/sick_annotated.txt,8053-num-1,8053-num-2,4.2
input-data/sick_annotated.txt,8054-num-1,8054-num-2,4.1
input-data/sick_annotated.txt,8055-num-1,8055-num-2,4.5
input-data/sick_annotated.txt,8056-num-1,8056-num-2,3.3
input-data/sick_annotated.txt,8057-num-1,8057-num-2,4.8
input-data/sick_annotated.txt,8058-num-1,8058-num-2,3.9
input-data/sick_annotated.txt,8059-num-1,8059-num-2,4.185
input-data/sick_annotated.txt,8060-num-1,8060-num-2,2.9
input-data/sick_annotated.txt,8061-num-1,8061-num-2,3.8
input-data/sick_annotated.txt,8062-num-1,8062-num-2,2.6
input-data/sick_annotated.txt,8063-num-1,8063-num-2,3.9
input-data/sick_annotated.txt,8064-num-1,8064-num-2,4.5
input-data/sick_annotated.txt,8065-num-1,8065-num-2,3.5
input-data/sick_annotated.txt,8066-num-1,8066-num-2,4.9
input-data/sick_annotated.txt,8067-num-1,8067-num-2,3.4
input-data/sick_annotated.txt,8068-num-1,8068-num-2,4.5
input-data/sick_annotated.txt,8069-num-1,8069-num-2,4.3
input-data/sick_annotated.txt,8070-num-1,8070-num-2,4.3
input-data/sick_annotated.txt,8071-num-1,8071-num-2,3.4
input-data/sick_annotated.txt,8072-num-1,8072-num-2,4
input-data/sick_annotated.txt,8073-num-1,8073-num-2,4.3
input-data/sick_annotated.txt,8074-num-1,8074-num-2,4.2
input-data/sick_annotated.txt,8075-num-1,8075-num-2,4.5
input-data/sick_annotated.txt,8076-num-1,8076-num-2,3.9
input-data/sick_annotated.txt,8077-num-1,8077-num-2,3.8
input-data/sick_annotated.txt,8078-num-1,8078-num-2,4
input-data/sick_annotated.txt,8079-num-1,8079-num-2,3.4
input-data/sick_annotated.txt,8080-num-1,8080-num-2,3.1
input-data/sick_annotated.txt,8081-num-1,8081-num-2,4.2
input-data/sick_annotated.txt,8082-num-1,8082-num-2,4.8
input-data/sick_annotated.txt,8083-num-1,8083-num-2,3.3
input-data/sick_annotated.txt,8084-num-1,8084-num-2,4.5
input-data/sick_annotated.txt,8085-num-1,8085-num-2,3.5
input-data/sick_annotated.txt,8086-num-1,8086-num-2,4.165
input-data/sick_annotated.txt,8087-num-1,8087-num-2,3.835
input-data/sick_annotated.txt,8088-num-1,8088-num-2,4.3
input-data/sick_annotated.txt,8089-num-1,8089-num-2,3.6
input-data/sick_annotated.txt,8090-num-1,8090-num-2,4.3
input-data/sick_annotated.txt,8091-num-1,8091-num-2,4.9
input-data/sick_annotated.txt,8092-num-1,8092-num-2,3.5
input-data/sick_annotated.txt,8093-num-1,8093-num-2,4.8
input-data/sick_annotated.txt,8094-num-1,8094-num-2,3.6
input-data/sick_annotated.txt,8095-num-1,8095-num-2,3.6
input-data/sick_annotated.txt,8096-num-1,8096-num-2,3
input-data/sick_annotated.txt,8097-num-1,8097-num-2,3.6
input-data/sick_annotated.txt,8098-num-1,8098-num-2,3.2
input-data/sick_annotated.txt,8099-num-1,8099-num-2,4
input-data/sick_annotated.txt,8100-num-1,8100-num-2,5
input-data/sick_annotated.txt,8101-num-1,8101-num-2,4.1
input-data/sick_annotated.txt,8102-num-1,8102-num-2,4.35
input-data/sick_annotated.txt,8103-num-1,8103-num-2,3.8
input-data/sick_annotated.txt,8104-num-1,8104-num-2,3.4
input-data/sick_annotated.txt,8105-num-1,8105-num-2,4
input-data/sick_annotated.txt,8106-num-1,8106-num-2,3.6
input-data/sick_annotated.txt,8107-num-1,8107-num-2,3
input-data/sick_annotated.txt,8108-num-1,8108-num-2,3.8
input-data/sick_annotated.txt,8109-num-1,8109-num-2,4.6
input-data/sick_annotated.txt,8110-num-1,8110-num-2,3.7
input-data/sick_annotated.txt,8111-num-1,8111-num-2,5
input-data/sick_annotated.txt,8112-num-1,8112-num-2,3.8
input-data/sick_annotated.txt,8113-num-1,8113-num-2,1.7
input-data/sick_annotated.txt,8114-num-1,8114-num-2,1.2
input-data/sick_annotated.txt,8115-num-1,8115-num-2,1.6
input-data/sick_annotated.txt,8116-num-1,8116-num-2,1.8
input-data/sick_annotated.txt,8117-num-1,8117-num-2,1.3
input-data/sick_annotated.txt,8118-num-1,8118-num-2,4.7
input-data/sick_annotated.txt,8119-num-1,8119-num-2,3.58
input-data/sick_annotated.txt,8120-num-1,8120-num-2,4.45
input-data/sick_annotated.txt,8121-num-1,8121-num-2,3.8
input-data/sick_annotated.txt,8122-num-1,8122-num-2,3
input-data/sick_annotated.txt,8123-num-1,8123-num-2,2.9
input-data/sick_annotated.txt,8124-num-1,8124-num-2,2.9
input-data/sick_annotated.txt,8125-num-1,8125-num-2,3
input-data/sick_annotated.txt,8126-num-1,8126-num-2,3.5
input-data/sick_annotated.txt,8127-num-1,8127-num-2,4.8
input-data/sick_annotated.txt,8128-num-1,8128-num-2,3.1
input-data/sick_annotated.txt,8129-num-1,8129-num-2,4.5
input-data/sick_annotated.txt,8130-num-1,8130-num-2,3.265
input-data/sick_annotated.txt,8131-num-1,8131-num-2,4
input-data/sick_annotated.txt,8132-num-1,8132-num-2,3.8
input-data/sick_annotated.txt,8133-num-1,8133-num-2,3.6
input-data/sick_annotated.txt,8134-num-1,8134-num-2,3.3
input-data/sick_annotated.txt,8135-num-1,8135-num-2,3.9
input-data/sick_annotated.txt,8136-num-1,8136-num-2,4.6
input-data/sick_annotated.txt,8138-num-1,8138-num-2,4.4
input-data/sick_annotated.txt,8139-num-1,8139-num-2,3.7
input-data/sick_annotated.txt,8140-num-1,8140-num-2,2.9
input-data/sick_annotated.txt,8141-num-1,8141-num-2,3
input-data/sick_annotated.txt,8142-num-1,8142-num-2,3.3
input-data/sick_annotated.txt,8144-num-1,8144-num-2,3.2
input-data/sick_annotated.txt,8145-num-1,8145-num-2,3.8
input-data/sick_annotated.txt,8146-num-1,8146-num-2,2.8
input-data/sick_annotated.txt,8147-num-1,8147-num-2,4.4
input-data/sick_annotated.txt,8148-num-1,8148-num-2,3.3
input-data/sick_annotated.txt,8149-num-1,8149-num-2,2.9
input-data/sick_annotated.txt,8150-num-1,8150-num-2,1.7
input-data/sick_annotated.txt,8151-num-1,8151-num-2,2.3
input-data/sick_annotated.txt,8152-num-1,8152-num-2,2.7
input-data/sick_annotated.txt,8153-num-1,8153-num-2,3
input-data/sick_annotated.txt,8154-num-1,8154-num-2,4.8
input-data/sick_annotated.txt,8155-num-1,8155-num-2,4.2
input-data/sick_annotated.txt,8156-num-1,8156-num-2,4.9
input-data/sick_annotated.txt,8157-num-1,8157-num-2,3.6
input-data/sick_annotated.txt,8158-num-1,8158-num-2,4.2
input-data/sick_annotated.txt,8159-num-1,8159-num-2,2.8
input-data/sick_annotated.txt,8160-num-1,8160-num-2,3.9
input-data/sick_annotated.txt,8161-num-1,8161-num-2,3.3
input-data/sick_annotated.txt,8162-num-1,8162-num-2,3.7
input-data/sick_annotated.txt,8163-num-1,8163-num-2,4.8
input-data/sick_annotated.txt,8164-num-1,8164-num-2,3.415
input-data/sick_annotated.txt,8165-num-1,8165-num-2,4.5
input-data/sick_annotated.txt,8166-num-1,8166-num-2,3.8
input-data/sick_annotated.txt,8167-num-1,8167-num-2,3.4
input-data/sick_annotated.txt,8168-num-1,8168-num-2,2.5
input-data/sick_annotated.txt,8169-num-1,8169-num-2,3
input-data/sick_annotated.txt,8170-num-1,8170-num-2,2.8
input-data/sick_annotated.txt,8171-num-1,8171-num-2,3.8
input-data/sick_annotated.txt,8172-num-1,8172-num-2,4.9
input-data/sick_annotated.txt,8173-num-1,8173-num-2,3.4
input-data/sick_annotated.txt,8174-num-1,8174-num-2,4.6
input-data/sick_annotated.txt,8175-num-1,8175-num-2,4.1
input-data/sick_annotated.txt,8176-num-1,8176-num-2,3.9
input-data/sick_annotated.txt,8177-num-1,8177-num-2,3.1
input-data/sick_annotated.txt,8178-num-1,8178-num-2,4.2
input-data/sick_annotated.txt,8179-num-1,8179-num-2,2.8
input-data/sick_annotated.txt,8180-num-1,8180-num-2,4
input-data/sick_annotated.txt,8181-num-1,8181-num-2,4.7
input-data/sick_annotated.txt,8182-num-1,8182-num-2,3.9
input-data/sick_annotated.txt,8183-num-1,8183-num-2,4.9
input-data/sick_annotated.txt,8184-num-1,8184-num-2,3.6
input-data/sick_annotated.txt,8185-num-1,8185-num-2,3.8
input-data/sick_annotated.txt,8186-num-1,8186-num-2,4.3
input-data/sick_annotated.txt,8187-num-1,8187-num-2,3.9
input-data/sick_annotated.txt,8188-num-1,8188-num-2,3.3
input-data/sick_annotated.txt,8189-num-1,8189-num-2,3.8
input-data/sick_annotated.txt,8190-num-1,8190-num-2,4.8
input-data/sick_annotated.txt,8191-num-1,8191-num-2,3.6
input-data/sick_annotated.txt,8192-num-1,8192-num-2,5
input-data/sick_annotated.txt,8193-num-1,8193-num-2,4.4
input-data/sick_annotated.txt,8194-num-1,8194-num-2,2.8
input-data/sick_annotated.txt,8195-num-1,8195-num-2,2.9
input-data/sick_annotated.txt,8196-num-1,8196-num-2,2.8
input-data/sick_annotated.txt,8197-num-1,8197-num-2,3.1
input-data/sick_annotated.txt,8198-num-1,8198-num-2,2.5
input-data/sick_annotated.txt,8199-num-1,8199-num-2,4.435
input-data/sick_annotated.txt,8200-num-1,8200-num-2,3.5
input-data/sick_annotated.txt,8201-num-1,8201-num-2,4.5
input-data/sick_annotated.txt,8202-num-1,8202-num-2,2.9
input-data/sick_annotated.txt,8203-num-1,8203-num-2,4
input-data/sick_annotated.txt,8204-num-1,8204-num-2,3.1
input-data/sick_annotated.txt,8205-num-1,8205-num-2,3.9
input-data/sick_annotated.txt,8206-num-1,8206-num-2,3.8
input-data/sick_annotated.txt,8207-num-1,8207-num-2,4.3
input-data/sick_annotated.txt,8208-num-1,8208-num-2,4.5
input-data/sick_annotated.txt,8209-num-1,8209-num-2,3.5
input-data/sick_annotated.txt,8210-num-1,8210-num-2,4.2
input-data/sick_annotated.txt,8211-num-1,8211-num-2,3.8
input-data/sick_annotated.txt,8212-num-1,8212-num-2,2.4
input-data/sick_annotated.txt,8213-num-1,8213-num-2,2.6
input-data/sick_annotated.txt,8214-num-1,8214-num-2,2.7
input-data/sick_annotated.txt,8215-num-1,8215-num-2,2.3
input-data/sick_annotated.txt,8216-num-1,8216-num-2,2
input-data/sick_annotated.txt,8217-num-1,8217-num-2,4.7
input-data/sick_annotated.txt,8218-num-1,8218-num-2,3.2
input-data/sick_annotated.txt,8219-num-1,8219-num-2,4.8
input-data/sick_annotated.txt,8220-num-1,8220-num-2,3.335
input-data/sick_annotated.txt,8221-num-1,8221-num-2,3.9
input-data/sick_annotated.txt,8222-num-1,8222-num-2,3.5
input-data/sick_annotated.txt,8223-num-1,8223-num-2,3.9
input-data/sick_annotated.txt,8224-num-1,8224-num-2,2.5
input-data/sick_annotated.txt,8225-num-1,8225-num-2,3.8
input-data/sick_annotated.txt,8226-num-1,8226-num-2,4.4
input-data/sick_annotated.txt,8227-num-1,8227-num-2,3.7
input-data/sick_annotated.txt,8228-num-1,8228-num-2,4.3
input-data/sick_annotated.txt,8229-num-1,8229-num-2,3.6
input-data/sick_annotated.txt,8230-num-1,8230-num-2,4.3
input-data/sick_annotated.txt,8231-num-1,8231-num-2,2.8
input-data/sick_annotated.txt,8232-num-1,8232-num-2,3.9
input-data/sick_annotated.txt,8233-num-1,8233-num-2,3
input-data/sick_annotated.txt,8234-num-1,8234-num-2,3.7
input-data/sick_annotated.txt,8235-num-1,8235-num-2,4.6
input-data/sick_annotated.txt,8236-num-1,8236-num-2,3.5
input-data/sick_annotated.txt,8237-num-1,8237-num-2,4.6
input-data/sick_annotated.txt,8238-num-1,8238-num-2,3
input-data/sick_annotated.txt,8239-num-1,8239-num-2,3.25
input-data/sick_annotated.txt,8240-num-1,8240-num-2,2.3
input-data/sick_annotated.txt,8241-num-1,8241-num-2,3.4
input-data/sick_annotated.txt,8242-num-1,8242-num-2,1.7
input-data/sick_annotated.txt,8243-num-1,8243-num-2,3.2
input-data/sick_annotated.txt,8244-num-1,8244-num-2,4.6
input-data/sick_annotated.txt,8245-num-1,8245-num-2,3.4
input-data/sick_annotated.txt,8246-num-1,8246-num-2,4.4
input-data/sick_annotated.txt,8247-num-1,8247-num-2,4
input-data/sick_annotated.txt,8248-num-1,8248-num-2,4
input-data/sick_annotated.txt,8249-num-1,8249-num-2,3.3
input-data/sick_annotated.txt,8250-num-1,8250-num-2,3.6
input-data/sick_annotated.txt,8251-num-1,8251-num-2,2.9
input-data/sick_annotated.txt,8252-num-1,8252-num-2,3.6
input-data/sick_annotated.txt,8253-num-1,8253-num-2,4.9
input-data/sick_annotated.txt,8254-num-1,8254-num-2,3.8
input-data/sick_annotated.txt,8255-num-1,8255-num-2,4.9
input-data/sick_annotated.txt,8256-num-1,8256-num-2,3.5
input-data/sick_annotated.txt,8257-num-1,8257-num-2,4.1
input-data/sick_annotated.txt,8258-num-1,8258-num-2,3.2
input-data/sick_annotated.txt,8259-num-1,8259-num-2,3.5
input-data/sick_annotated.txt,8260-num-1,8260-num-2,2.3
input-data/sick_annotated.txt,8261-num-1,8261-num-2,3.9
input-data/sick_annotated.txt,8262-num-1,8262-num-2,4.5
input-data/sick_annotated.txt,8263-num-1,8263-num-2,4.2
input-data/sick_annotated.txt,8264-num-1,8264-num-2,5
input-data/sick_annotated.txt,8265-num-1,8265-num-2,4
input-data/sick_annotated.txt,8266-num-1,8266-num-2,3.8
input-data/sick_annotated.txt,8267-num-1,8267-num-2,3.9
input-data/sick_annotated.txt,8268-num-1,8268-num-2,3.9
input-data/sick_annotated.txt,8269-num-1,8269-num-2,2.6
input-data/sick_annotated.txt,8270-num-1,8270-num-2,3.2
input-data/sick_annotated.txt,8271-num-1,8271-num-2,4.8
input-data/sick_annotated.txt,8272-num-1,8272-num-2,4.2
input-data/sick_annotated.txt,8273-num-1,8273-num-2,4.6
input-data/sick_annotated.txt,8274-num-1,8274-num-2,3.7
input-data/sick_annotated.txt,8275-num-1,8275-num-2,3.6
input-data/sick_annotated.txt,8276-num-1,8276-num-2,2.8
input-data/sick_annotated.txt,8277-num-1,8277-num-2,3.8
input-data/sick_annotated.txt,8278-num-1,8278-num-2,3.5
input-data/sick_annotated.txt,8279-num-1,8279-num-2,3
input-data/sick_annotated.txt,8280-num-1,8280-num-2,4.8
input-data/sick_annotated.txt,8281-num-1,8281-num-2,2.9
input-data/sick_annotated.txt,8282-num-1,8282-num-2,4.8
input-data/sick_annotated.txt,8283-num-1,8283-num-2,4
input-data/sick_annotated.txt,8284-num-1,8284-num-2,3.2
input-data/sick_annotated.txt,8285-num-1,8285-num-2,3.3
input-data/sick_annotated.txt,8286-num-1,8286-num-2,3.7
input-data/sick_annotated.txt,8287-num-1,8287-num-2,2.9
input-data/sick_annotated.txt,8288-num-1,8288-num-2,3.7
input-data/sick_annotated.txt,8289-num-1,8289-num-2,4.6
input-data/sick_annotated.txt,8290-num-1,8290-num-2,4.3
input-data/sick_annotated.txt,8291-num-1,8291-num-2,4.4
input-data/sick_annotated.txt,8292-num-1,8292-num-2,3.6
input-data/sick_annotated.txt,8293-num-1,8293-num-2,3.5
input-data/sick_annotated.txt,8294-num-1,8294-num-2,4.2
input-data/sick_annotated.txt,8295-num-1,8295-num-2,3.8
input-data/sick_annotated.txt,8296-num-1,8296-num-2,2.4
input-data/sick_annotated.txt,8297-num-1,8297-num-2,4.1
input-data/sick_annotated.txt,8298-num-1,8298-num-2,4.9
input-data/sick_annotated.txt,8299-num-1,8299-num-2,3.3
input-data/sick_annotated.txt,8300-num-1,8300-num-2,4.5
input-data/sick_annotated.txt,8301-num-1,8301-num-2,3.9
input-data/sick_annotated.txt,8302-num-1,8302-num-2,4.3
input-data/sick_annotated.txt,8303-num-1,8303-num-2,3.7
input-data/sick_annotated.txt,8304-num-1,8304-num-2,4.5
input-data/sick_annotated.txt,8305-num-1,8305-num-2,3.3
input-data/sick_annotated.txt,8306-num-1,8306-num-2,4.3
input-data/sick_annotated.txt,8307-num-1,8307-num-2,4.9
input-data/sick_annotated.txt,8308-num-1,8308-num-2,4
input-data/sick_annotated.txt,8309-num-1,8309-num-2,4.6
input-data/sick_annotated.txt,8310-num-1,8310-num-2,3.3
input-data/sick_annotated.txt,8311-num-1,8311-num-2,2.4
input-data/sick_annotated.txt,8312-num-1,8312-num-2,2.7
input-data/sick_annotated.txt,8313-num-1,8313-num-2,3.1
input-data/sick_annotated.txt,8314-num-1,8314-num-2,2.9
input-data/sick_annotated.txt,8315-num-1,8315-num-2,2.65
input-data/sick_annotated.txt,8316-num-1,8316-num-2,4.7
input-data/sick_annotated.txt,8317-num-1,8317-num-2,3
input-data/sick_annotated.txt,8318-num-1,8318-num-2,4.4
input-data/sick_annotated.txt,8319-num-1,8319-num-2,3.1
input-data/sick_annotated.txt,8320-num-1,8320-num-2,1.4
input-data/sick_annotated.txt,8321-num-1,8321-num-2,2.2
input-data/sick_annotated.txt,8322-num-1,8322-num-2,2
input-data/sick_annotated.txt,8323-num-1,8323-num-2,2.7
input-data/sick_annotated.txt,8324-num-1,8324-num-2,2.1
input-data/sick_annotated.txt,8325-num-1,8325-num-2,4.8
input-data/sick_annotated.txt,8326-num-1,8326-num-2,4.4
input-data/sick_annotated.txt,8327-num-1,8327-num-2,4.2
input-data/sick_annotated.txt,8328-num-1,8328-num-2,3.9
input-data/sick_annotated.txt,8329-num-1,8329-num-2,3.3
input-data/sick_annotated.txt,8330-num-1,8330-num-2,3.9
input-data/sick_annotated.txt,8331-num-1,8331-num-2,4.1
input-data/sick_annotated.txt,8332-num-1,8332-num-2,3.2
input-data/sick_annotated.txt,8333-num-1,8333-num-2,3.735
input-data/sick_annotated.txt,8334-num-1,8334-num-2,4.4
input-data/sick_annotated.txt,8335-num-1,8335-num-2,2.5
input-data/sick_annotated.txt,8336-num-1,8336-num-2,4.8
input-data/sick_annotated.txt,8337-num-1,8337-num-2,3.9
input-data/sick_annotated.txt,8338-num-1,8338-num-2,4.4
input-data/sick_annotated.txt,8339-num-1,8339-num-2,3.6
input-data/sick_annotated.txt,8340-num-1,8340-num-2,4.3
input-data/sick_annotated.txt,8341-num-1,8341-num-2,2.785
input-data/sick_annotated.txt,8342-num-1,8342-num-2,4.5
input-data/sick_annotated.txt,8343-num-1,8343-num-2,4.8
input-data/sick_annotated.txt,8344-num-1,8344-num-2,4
input-data/sick_annotated.txt,8345-num-1,8345-num-2,4.6
input-data/sick_annotated.txt,8346-num-1,8346-num-2,4.3
input-data/sick_annotated.txt,8347-num-1,8347-num-2,3.8
input-data/sick_annotated.txt,8348-num-1,8348-num-2,3.3
input-data/sick_annotated.txt,8349-num-1,8349-num-2,4.3
input-data/sick_annotated.txt,8350-num-1,8350-num-2,4.1
input-data/sick_annotated.txt,8351-num-1,8351-num-2,4.1
input-data/sick_annotated.txt,8352-num-1,8352-num-2,4.4
input-data/sick_annotated.txt,8353-num-1,8353-num-2,3.9
input-data/sick_annotated.txt,8354-num-1,8354-num-2,4.8
input-data/sick_annotated.txt,8355-num-1,8355-num-2,3.9
input-data/sick_annotated.txt,8356-num-1,8356-num-2,3.4
input-data/sick_annotated.txt,8357-num-1,8357-num-2,2.8
input-data/sick_annotated.txt,8358-num-1,8358-num-2,3.7
input-data/sick_annotated.txt,8359-num-1,8359-num-2,3.4
input-data/sick_annotated.txt,8360-num-1,8360-num-2,3.2
input-data/sick_annotated.txt,8361-num-1,8361-num-2,4.4
input-data/sick_annotated.txt,8362-num-1,8362-num-2,4.2
input-data/sick_annotated.txt,8363-num-1,8363-num-2,4.6
input-data/sick_annotated.txt,8364-num-1,8364-num-2,4.2
input-data/sick_annotated.txt,8365-num-1,8365-num-2,3.9
input-data/sick_annotated.txt,8366-num-1,8366-num-2,3.8
input-data/sick_annotated.txt,8367-num-1,8367-num-2,3
input-data/sick_annotated.txt,8368-num-1,8368-num-2,3.4
input-data/sick_annotated.txt,8369-num-1,8369-num-2,3.9
input-data/sick_annotated.txt,8370-num-1,8370-num-2,4.8
input-data/sick_annotated.txt,8371-num-1,8371-num-2,3.1
input-data/sick_annotated.txt,8372-num-1,8372-num-2,4.7
input-data/sick_annotated.txt,8373-num-1,8373-num-2,3.9
input-data/sick_annotated.txt,8374-num-1,8374-num-2,3.6
input-data/sick_annotated.txt,8375-num-1,8375-num-2,2.4
input-data/sick_annotated.txt,8376-num-1,8376-num-2,4.2
input-data/sick_annotated.txt,8377-num-1,8377-num-2,3.2
input-data/sick_annotated.txt,8378-num-1,8378-num-2,4.3
input-data/sick_annotated.txt,8379-num-1,8379-num-2,4.7
input-data/sick_annotated.txt,8380-num-1,8380-num-2,3.4
input-data/sick_annotated.txt,8381-num-1,8381-num-2,4.7
input-data/sick_annotated.txt,8382-num-1,8382-num-2,3.8
input-data/sick_annotated.txt,8383-num-1,8383-num-2,4.3
input-data/sick_annotated.txt,8384-num-1,8384-num-2,2.835
input-data/sick_annotated.txt,8385-num-1,8385-num-2,4.2
input-data/sick_annotated.txt,8386-num-1,8386-num-2,3.1
input-data/sick_annotated.txt,8387-num-1,8387-num-2,4.3
input-data/sick_annotated.txt,8388-num-1,8388-num-2,4.5
input-data/sick_annotated.txt,8389-num-1,8389-num-2,3.3
input-data/sick_annotated.txt,8390-num-1,8390-num-2,4.4
input-data/sick_annotated.txt,8391-num-1,8391-num-2,3.5
input-data/sick_annotated.txt,8392-num-1,8392-num-2,2.3
input-data/sick_annotated.txt,8393-num-1,8393-num-2,1.7
input-data/sick_annotated.txt,8394-num-1,8394-num-2,2.3
input-data/sick_annotated.txt,8395-num-1,8395-num-2,2.4
input-data/sick_annotated.txt,8396-num-1,8396-num-2,3.3
input-data/sick_annotated.txt,8397-num-1,8397-num-2,4.6
input-data/sick_annotated.txt,8399-num-1,8399-num-2,4.9
input-data/sick_annotated.txt,8400-num-1,8400-num-2,3.785
input-data/sick_annotated.txt,8401-num-1,8401-num-2,4
input-data/sick_annotated.txt,8402-num-1,8402-num-2,2.9
input-data/sick_annotated.txt,8403-num-1,8403-num-2,3.4
input-data/sick_annotated.txt,8405-num-1,8405-num-2,3.4
input-data/sick_annotated.txt,8406-num-1,8406-num-2,4.5
input-data/sick_annotated.txt,8407-num-1,8407-num-2,4.7
input-data/sick_annotated.txt,8408-num-1,8408-num-2,4.3
input-data/sick_annotated.txt,8409-num-1,8409-num-2,3.8
input-data/sick_annotated.txt,8410-num-1,8410-num-2,4.2
input-data/sick_annotated.txt,8411-num-1,8411-num-2,3.8
input-data/sick_annotated.txt,8412-num-1,8412-num-2,4.9
input-data/sick_annotated.txt,8413-num-1,8413-num-2,4.4
input-data/sick_annotated.txt,8414-num-1,8414-num-2,4.6
input-data/sick_annotated.txt,8415-num-1,8415-num-2,4.4
input-data/sick_annotated.txt,8416-num-1,8416-num-2,3.5
input-data/sick_annotated.txt,8417-num-1,8417-num-2,4.4
input-data/sick_annotated.txt,8418-num-1,8418-num-2,4.3
input-data/sick_annotated.txt,8419-num-1,8419-num-2,3.7
input-data/sick_annotated.txt,8420-num-1,8420-num-2,3
input-data/sick_annotated.txt,8421-num-1,8421-num-2,2.6
input-data/sick_annotated.txt,8422-num-1,8422-num-2,2.1
input-data/sick_annotated.txt,8423-num-1,8423-num-2,3.7
input-data/sick_annotated.txt,8424-num-1,8424-num-2,4.9
input-data/sick_annotated.txt,8425-num-1,8425-num-2,4
input-data/sick_annotated.txt,8426-num-1,8426-num-2,4.1
input-data/sick_annotated.txt,8427-num-1,8427-num-2,3.1
input-data/sick_annotated.txt,8428-num-1,8428-num-2,3.4
input-data/sick_annotated.txt,8429-num-1,8429-num-2,2.8
input-data/sick_annotated.txt,8430-num-1,8430-num-2,3.7
input-data/sick_annotated.txt,8431-num-1,8431-num-2,3.8
input-data/sick_annotated.txt,8432-num-1,8432-num-2,3.5
input-data/sick_annotated.txt,8433-num-1,8433-num-2,4.6
input-data/sick_annotated.txt,8434-num-1,8434-num-2,3.9
input-data/sick_annotated.txt,8435-num-1,8435-num-2,4.9
input-data/sick_annotated.txt,8436-num-1,8436-num-2,2.6
input-data/sick_annotated.txt,8437-num-1,8437-num-2,2.6
input-data/sick_annotated.txt,8438-num-1,8438-num-2,2.615
input-data/sick_annotated.txt,8439-num-1,8439-num-2,2.8
input-data/sick_annotated.txt,8440-num-1,8440-num-2,2.9
input-data/sick_annotated.txt,8441-num-1,8441-num-2,2.6
input-data/sick_annotated.txt,8442-num-1,8442-num-2,4.1
input-data/sick_annotated.txt,8443-num-1,8443-num-2,3.7
input-data/sick_annotated.txt,8444-num-1,8444-num-2,4.9
input-data/sick_annotated.txt,8445-num-1,8445-num-2,4
input-data/sick_annotated.txt,8446-num-1,8446-num-2,4
input-data/sick_annotated.txt,8447-num-1,8447-num-2,3.3
input-data/sick_annotated.txt,8448-num-1,8448-num-2,3.7
input-data/sick_annotated.txt,8449-num-1,8449-num-2,2.7
input-data/sick_annotated.txt,8450-num-1,8450-num-2,4.4
input-data/sick_annotated.txt,8452-num-1,8452-num-2,3.2
input-data/sick_annotated.txt,8453-num-1,8453-num-2,4.9
input-data/sick_annotated.txt,8454-num-1,8454-num-2,3.6
input-data/sick_annotated.txt,8455-num-1,8455-num-2,4.5
input-data/sick_annotated.txt,8456-num-1,8456-num-2,4
input-data/sick_annotated.txt,8457-num-1,8457-num-2,4.2
input-data/sick_annotated.txt,8458-num-1,8458-num-2,3.9
input-data/sick_annotated.txt,8459-num-1,8459-num-2,4
input-data/sick_annotated.txt,8460-num-1,8460-num-2,4.6
input-data/sick_annotated.txt,8461-num-1,8461-num-2,4
input-data/sick_annotated.txt,8462-num-1,8462-num-2,4.7
input-data/sick_annotated.txt,8463-num-1,8463-num-2,3.5
input-data/sick_annotated.txt,8464-num-1,8464-num-2,2.8
input-data/sick_annotated.txt,8465-num-1,8465-num-2,2.4
input-data/sick_annotated.txt,8466-num-1,8466-num-2,3.1
input-data/sick_annotated.txt,8467-num-1,8467-num-2,1.915
input-data/sick_annotated.txt,8468-num-1,8468-num-2,2.6
input-data/sick_annotated.txt,8469-num-1,8469-num-2,4.7
input-data/sick_annotated.txt,8470-num-1,8470-num-2,4.2
input-data/sick_annotated.txt,8471-num-1,8471-num-2,4.6
input-data/sick_annotated.txt,8472-num-1,8472-num-2,4.085
input-data/sick_annotated.txt,8473-num-1,8473-num-2,2.6
input-data/sick_annotated.txt,8474-num-1,8474-num-2,2.6
input-data/sick_annotated.txt,8475-num-1,8475-num-2,2.4
input-data/sick_annotated.txt,8476-num-1,8476-num-2,2.7
input-data/sick_annotated.txt,8477-num-1,8477-num-2,2.2
input-data/sick_annotated.txt,8478-num-1,8478-num-2,4.5
input-data/sick_annotated.txt,8479-num-1,8479-num-2,4.4
input-data/sick_annotated.txt,8480-num-1,8480-num-2,4.4
input-data/sick_annotated.txt,8481-num-1,8481-num-2,4.1
input-data/sick_annotated.txt,8482-num-1,8482-num-2,4
input-data/sick_annotated.txt,8483-num-1,8483-num-2,3.9
input-data/sick_annotated.txt,8484-num-1,8484-num-2,4
input-data/sick_annotated.txt,8485-num-1,8485-num-2,4.3
input-data/sick_annotated.txt,8486-num-1,8486-num-2,4.2
input-data/sick_annotated.txt,8487-num-1,8487-num-2,4.1
input-data/sick_annotated.txt,8488-num-1,8488-num-2,3.7
input-data/sick_annotated.txt,8489-num-1,8489-num-2,5
input-data/sick_annotated.txt,8490-num-1,8490-num-2,3.3
input-data/sick_annotated.txt,8491-num-1,8491-num-2,3.8
input-data/sick_annotated.txt,8492-num-1,8492-num-2,2.7
input-data/sick_annotated.txt,8493-num-1,8493-num-2,3.5
input-data/sick_annotated.txt,8494-num-1,8494-num-2,4
input-data/sick_annotated.txt,8495-num-1,8495-num-2,4
input-data/sick_annotated.txt,8496-num-1,8496-num-2,4.8
input-data/sick_annotated.txt,8497-num-1,8497-num-2,3
input-data/sick_annotated.txt,8498-num-1,8498-num-2,4.3
input-data/sick_annotated.txt,8499-num-1,8499-num-2,4.3
input-data/sick_annotated.txt,8500-num-1,8500-num-2,4.1
input-data/sick_annotated.txt,8501-num-1,8501-num-2,3.5
input-data/sick_annotated.txt,8502-num-1,8502-num-2,4.3
input-data/sick_annotated.txt,8503-num-1,8503-num-2,4.2
input-data/sick_annotated.txt,8504-num-1,8504-num-2,4.5
input-data/sick_annotated.txt,8505-num-1,8505-num-2,4.3
input-data/sick_annotated.txt,8506-num-1,8506-num-2,3.2
input-data/sick_annotated.txt,8507-num-1,8507-num-2,4.2
input-data/sick_annotated.txt,8508-num-1,8508-num-2,3.6
input-data/sick_annotated.txt,8509-num-1,8509-num-2,3.6
input-data/sick_annotated.txt,8510-num-1,8510-num-2,3.6
input-data/sick_annotated.txt,8511-num-1,8511-num-2,3.6
input-data/sick_annotated.txt,8512-num-1,8512-num-2,3.9
input-data/sick_annotated.txt,8513-num-1,8513-num-2,3.635
input-data/sick_annotated.txt,8514-num-1,8514-num-2,4.4
input-data/sick_annotated.txt,8515-num-1,8515-num-2,4.2
input-data/sick_annotated.txt,8516-num-1,8516-num-2,4.3
input-data/sick_annotated.txt,8517-num-1,8517-num-2,3.5
input-data/sick_annotated.txt,8518-num-1,8518-num-2,3.9
input-data/sick_annotated.txt,8519-num-1,8519-num-2,3.8
input-data/sick_annotated.txt,8520-num-1,8520-num-2,4.4
input-data/sick_annotated.txt,8521-num-1,8521-num-2,3.7
input-data/sick_annotated.txt,8522-num-1,8522-num-2,4.3
input-data/sick_annotated.txt,8523-num-1,8523-num-2,4.1
input-data/sick_annotated.txt,8524-num-1,8524-num-2,4.2
input-data/sick_annotated.txt,8525-num-1,8525-num-2,5
input-data/sick_annotated.txt,8526-num-1,8526-num-2,3.8
input-data/sick_annotated.txt,8527-num-1,8527-num-2,3
input-data/sick_annotated.txt,8528-num-1,8528-num-2,1.5
input-data/sick_annotated.txt,8529-num-1,8529-num-2,2.3
input-data/sick_annotated.txt,8530-num-1,8530-num-2,1.5
input-data/sick_annotated.txt,8531-num-1,8531-num-2,2.1
input-data/sick_annotated.txt,8532-num-1,8532-num-2,4.7
input-data/sick_annotated.txt,8533-num-1,8533-num-2,4
input-data/sick_annotated.txt,8534-num-1,8534-num-2,4.2
input-data/sick_annotated.txt,8535-num-1,8535-num-2,4.3
input-data/sick_annotated.txt,8536-num-1,8536-num-2,4
input-data/sick_annotated.txt,8537-num-1,8537-num-2,3.9
input-data/sick_annotated.txt,8538-num-1,8538-num-2,2.9
input-data/sick_annotated.txt,8539-num-1,8539-num-2,2.3
input-data/sick_annotated.txt,8540-num-1,8540-num-2,3.9
input-data/sick_annotated.txt,8541-num-1,8541-num-2,4.5
input-data/sick_annotated.txt,8542-num-1,8542-num-2,3.4
input-data/sick_annotated.txt,8543-num-1,8543-num-2,4.4
input-data/sick_annotated.txt,8544-num-1,8544-num-2,3.5
input-data/sick_annotated.txt,8545-num-1,8545-num-2,4.3
input-data/sick_annotated.txt,8546-num-1,8546-num-2,4.2
input-data/sick_annotated.txt,8547-num-1,8547-num-2,4.1
input-data/sick_annotated.txt,8548-num-1,8548-num-2,3.1
input-data/sick_annotated.txt,8549-num-1,8549-num-2,4.5
input-data/sick_annotated.txt,8550-num-1,8550-num-2,4.5
input-data/sick_annotated.txt,8551-num-1,8551-num-2,4.3
input-data/sick_annotated.txt,8552-num-1,8552-num-2,4.4
input-data/sick_annotated.txt,8553-num-1,8553-num-2,3.5
input-data/sick_annotated.txt,8554-num-1,8554-num-2,3.3
input-data/sick_annotated.txt,8555-num-1,8555-num-2,2.4
input-data/sick_annotated.txt,8556-num-1,8556-num-2,3.4
input-data/sick_annotated.txt,8557-num-1,8557-num-2,3.1
input-data/sick_annotated.txt,8558-num-1,8558-num-2,3.2
input-data/sick_annotated.txt,8559-num-1,8559-num-2,4.3
input-data/sick_annotated.txt,8560-num-1,8560-num-2,3.6
input-data/sick_annotated.txt,8561-num-1,8561-num-2,4.5
input-data/sick_annotated.txt,8562-num-1,8562-num-2,3.95
input-data/sick_annotated.txt,8563-num-1,8563-num-2,2.6
input-data/sick_annotated.txt,8564-num-1,8564-num-2,3.4
input-data/sick_annotated.txt,8565-num-1,8565-num-2,3
input-data/sick_annotated.txt,8566-num-1,8566-num-2,2.4
input-data/sick_annotated.txt,8567-num-1,8567-num-2,3.4
input-data/sick_annotated.txt,8568-num-1,8568-num-2,4.6
input-data/sick_annotated.txt,8569-num-1,8569-num-2,2.2
input-data/sick_annotated.txt,8570-num-1,8570-num-2,4.3
input-data/sick_annotated.txt,8571-num-1,8571-num-2,4.4
input-data/sick_annotated.txt,8572-num-1,8572-num-2,4.2
input-data/sick_annotated.txt,8573-num-1,8573-num-2,3.4
input-data/sick_annotated.txt,8574-num-1,8574-num-2,4.3
input-data/sick_annotated.txt,8575-num-1,8575-num-2,2.7
input-data/sick_annotated.txt,8576-num-1,8576-num-2,4.2
input-data/sick_annotated.txt,8577-num-1,8577-num-2,4.2
input-data/sick_annotated.txt,8578-num-1,8578-num-2,3.8
input-data/sick_annotated.txt,8579-num-1,8579-num-2,4.7
input-data/sick_annotated.txt,8580-num-1,8580-num-2,3.8
input-data/sick_annotated.txt,8581-num-1,8581-num-2,4.3
input-data/sick_annotated.txt,8582-num-1,8582-num-2,2.6
input-data/sick_annotated.txt,8583-num-1,8583-num-2,4
input-data/sick_annotated.txt,8584-num-1,8584-num-2,3.1
input-data/sick_annotated.txt,8585-num-1,8585-num-2,4.2
input-data/sick_annotated.txt,8586-num-1,8586-num-2,4.9
input-data/sick_annotated.txt,8587-num-1,8587-num-2,4.1
input-data/sick_annotated.txt,8588-num-1,8588-num-2,4.5
input-data/sick_annotated.txt,8589-num-1,8589-num-2,4.3
input-data/sick_annotated.txt,8590-num-1,8590-num-2,2.6
input-data/sick_annotated.txt,8591-num-1,8591-num-2,3.1
input-data/sick_annotated.txt,8592-num-1,8592-num-2,2.8
input-data/sick_annotated.txt,8593-num-1,8593-num-2,2.3
input-data/sick_annotated.txt,8594-num-1,8594-num-2,2.4
input-data/sick_annotated.txt,8595-num-1,8595-num-2,4.4
input-data/sick_annotated.txt,8596-num-1,8596-num-2,4.1
input-data/sick_annotated.txt,8597-num-1,8597-num-2,4.3
input-data/sick_annotated.txt,8598-num-1,8598-num-2,3.35
input-data/sick_annotated.txt,8599-num-1,8599-num-2,3.6
input-data/sick_annotated.txt,8600-num-1,8600-num-2,2.9
input-data/sick_annotated.txt,8601-num-1,8601-num-2,3.7
input-data/sick_annotated.txt,8602-num-1,8602-num-2,4.1
input-data/sick_annotated.txt,8603-num-1,8603-num-2,4
input-data/sick_annotated.txt,8604-num-1,8604-num-2,4.4
input-data/sick_annotated.txt,8605-num-1,8605-num-2,3.6
input-data/sick_annotated.txt,8606-num-1,8606-num-2,4.9
input-data/sick_annotated.txt,8607-num-1,8607-num-2,3.9
input-data/sick_annotated.txt,8608-num-1,8608-num-2,4.3
input-data/sick_annotated.txt,8609-num-1,8609-num-2,3.7
input-data/sick_annotated.txt,8610-num-1,8610-num-2,4.5
input-data/sick_annotated.txt,8611-num-1,8611-num-2,4.4
input-data/sick_annotated.txt,8612-num-1,8612-num-2,4.4
input-data/sick_annotated.txt,8613-num-1,8613-num-2,5
input-data/sick_annotated.txt,8614-num-1,8614-num-2,3.4
input-data/sick_annotated.txt,8615-num-1,8615-num-2,5
input-data/sick_annotated.txt,8616-num-1,8616-num-2,3.1
input-data/sick_annotated.txt,8617-num-1,8617-num-2,3.8
input-data/sick_annotated.txt,8618-num-1,8618-num-2,2.365
input-data/sick_annotated.txt,8619-num-1,8619-num-2,2.8
input-data/sick_annotated.txt,8620-num-1,8620-num-2,2.7
input-data/sick_annotated.txt,8621-num-1,8621-num-2,3.9
input-data/sick_annotated.txt,8622-num-1,8622-num-2,4.9
input-data/sick_annotated.txt,8623-num-1,8623-num-2,3.5
input-data/sick_annotated.txt,8624-num-1,8624-num-2,4.1
input-data/sick_annotated.txt,8625-num-1,8625-num-2,3.7
input-data/sick_annotated.txt,8626-num-1,8626-num-2,3
input-data/sick_annotated.txt,8627-num-1,8627-num-2,1.8
input-data/sick_annotated.txt,8628-num-1,8628-num-2,3.1
input-data/sick_annotated.txt,8629-num-1,8629-num-2,2.8
input-data/sick_annotated.txt,8630-num-1,8630-num-2,3.2
input-data/sick_annotated.txt,8631-num-1,8631-num-2,4.4
input-data/sick_annotated.txt,8632-num-1,8632-num-2,4.4
input-data/sick_annotated.txt,8633-num-1,8633-num-2,4.8
input-data/sick_annotated.txt,8634-num-1,8634-num-2,4.2
input-data/sick_annotated.txt,8635-num-1,8635-num-2,3.8
input-data/sick_annotated.txt,8636-num-1,8636-num-2,3.5
input-data/sick_annotated.txt,8637-num-1,8637-num-2,3.55
input-data/sick_annotated.txt,8638-num-1,8638-num-2,2.8
input-data/sick_annotated.txt,8639-num-1,8639-num-2,3.3
input-data/sick_annotated.txt,8640-num-1,8640-num-2,4.9
input-data/sick_annotated.txt,8641-num-1,8641-num-2,3.4
input-data/sick_annotated.txt,8642-num-1,8642-num-2,4.6
input-data/sick_annotated.txt,8643-num-1,8643-num-2,3.15
input-data/sick_annotated.txt,8644-num-1,8644-num-2,3.9
input-data/sick_annotated.txt,8645-num-1,8645-num-2,4.1
input-data/sick_annotated.txt,8646-num-1,8646-num-2,3.9
input-data/sick_annotated.txt,8647-num-1,8647-num-2,3.3
input-data/sick_annotated.txt,8648-num-1,8648-num-2,3.6
input-data/sick_annotated.txt,8649-num-1,8649-num-2,3.3
input-data/sick_annotated.txt,8650-num-1,8650-num-2,4.3
input-data/sick_annotated.txt,8651-num-1,8651-num-2,4.8
input-data/sick_annotated.txt,8652-num-1,8652-num-2,4.6
input-data/sick_annotated.txt,8653-num-1,8653-num-2,3.2
input-data/sick_annotated.txt,8654-num-1,8654-num-2,4.1
input-data/sick_annotated.txt,8655-num-1,8655-num-2,2.7
input-data/sick_annotated.txt,8656-num-1,8656-num-2,2.8
input-data/sick_annotated.txt,8657-num-1,8657-num-2,3.6
input-data/sick_annotated.txt,8658-num-1,8658-num-2,3.8
input-data/sick_annotated.txt,8659-num-1,8659-num-2,3.9
input-data/sick_annotated.txt,8660-num-1,8660-num-2,4.9
input-data/sick_annotated.txt,8661-num-1,8661-num-2,3.6
input-data/sick_annotated.txt,8662-num-1,8662-num-2,4.2
input-data/sick_annotated.txt,8663-num-1,8663-num-2,4.3
input-data/sick_annotated.txt,8664-num-1,8664-num-2,3.8
input-data/sick_annotated.txt,8665-num-1,8665-num-2,3.2
input-data/sick_annotated.txt,8666-num-1,8666-num-2,3.7
input-data/sick_annotated.txt,8667-num-1,8667-num-2,3.5
input-data/sick_annotated.txt,8668-num-1,8668-num-2,3.4
input-data/sick_annotated.txt,8669-num-1,8669-num-2,4.4
input-data/sick_annotated.txt,8670-num-1,8670-num-2,4.1
input-data/sick_annotated.txt,8671-num-1,8671-num-2,5
input-data/sick_annotated.txt,8672-num-1,8672-num-2,3.1
input-data/sick_annotated.txt,8673-num-1,8673-num-2,3.1
input-data/sick_annotated.txt,8674-num-1,8674-num-2,2.4
input-data/sick_annotated.txt,8675-num-1,8675-num-2,2.8
input-data/sick_annotated.txt,8676-num-1,8676-num-2,3
input-data/sick_annotated.txt,8677-num-1,8677-num-2,2.9
input-data/sick_annotated.txt,8678-num-1,8678-num-2,4.8
input-data/sick_annotated.txt,8679-num-1,8679-num-2,3.3
input-data/sick_annotated.txt,8680-num-1,8680-num-2,4.6
input-data/sick_annotated.txt,8681-num-1,8681-num-2,3
input-data/sick_annotated.txt,8682-num-1,8682-num-2,2.8
input-data/sick_annotated.txt,8683-num-1,8683-num-2,3
input-data/sick_annotated.txt,8684-num-1,8684-num-2,3
input-data/sick_annotated.txt,8685-num-1,8685-num-2,2.3
input-data/sick_annotated.txt,8686-num-1,8686-num-2,2.4
input-data/sick_annotated.txt,8687-num-1,8687-num-2,4.8
input-data/sick_annotated.txt,8688-num-1,8688-num-2,3.3
input-data/sick_annotated.txt,8689-num-1,8689-num-2,4.9
input-data/sick_annotated.txt,8690-num-1,8690-num-2,4.3
input-data/sick_annotated.txt,8691-num-1,8691-num-2,4.3
input-data/sick_annotated.txt,8692-num-1,8692-num-2,3.8
input-data/sick_annotated.txt,8693-num-1,8693-num-2,4.8
input-data/sick_annotated.txt,8694-num-1,8694-num-2,3.7
input-data/sick_annotated.txt,8695-num-1,8695-num-2,4.3
input-data/sick_annotated.txt,8696-num-1,8696-num-2,4.6
input-data/sick_annotated.txt,8697-num-1,8697-num-2,3.4
input-data/sick_annotated.txt,8698-num-1,8698-num-2,5
input-data/sick_annotated.txt,8699-num-1,8699-num-2,3.8
input-data/sick_annotated.txt,8700-num-1,8700-num-2,4
input-data/sick_annotated.txt,8701-num-1,8701-num-2,2.8
input-data/sick_annotated.txt,8702-num-1,8702-num-2,3.7
input-data/sick_annotated.txt,8703-num-1,8703-num-2,3.2
input-data/sick_annotated.txt,8704-num-1,8704-num-2,3.9
input-data/sick_annotated.txt,8705-num-1,8705-num-2,4.6
input-data/sick_annotated.txt,8706-num-1,8706-num-2,3.4
input-data/sick_annotated.txt,8707-num-1,8707-num-2,4.7
input-data/sick_annotated.txt,8708-num-1,8708-num-2,4.2
input-data/sick_annotated.txt,8709-num-1,8709-num-2,4.1
input-data/sick_annotated.txt,8710-num-1,8710-num-2,3.4
input-data/sick_annotated.txt,8711-num-1,8711-num-2,3.6
input-data/sick_annotated.txt,8712-num-1,8712-num-2,2.9
input-data/sick_annotated.txt,8713-num-1,8713-num-2,3.8
input-data/sick_annotated.txt,8714-num-1,8714-num-2,4.6
input-data/sick_annotated.txt,8715-num-1,8715-num-2,3.4
input-data/sick_annotated.txt,8716-num-1,8716-num-2,4.4
input-data/sick_annotated.txt,8717-num-1,8717-num-2,3.6
input-data/sick_annotated.txt,8718-num-1,8718-num-2,3.5
input-data/sick_annotated.txt,8719-num-1,8719-num-2,1.6
input-data/sick_annotated.txt,8720-num-1,8720-num-2,3.8
input-data/sick_annotated.txt,8721-num-1,8721-num-2,2.9
input-data/sick_annotated.txt,8722-num-1,8722-num-2,3.2
input-data/sick_annotated.txt,8723-num-1,8723-num-2,4.7
input-data/sick_annotated.txt,8724-num-1,8724-num-2,3.1
input-data/sick_annotated.txt,8725-num-1,8725-num-2,4.7
input-data/sick_annotated.txt,8726-num-1,8726-num-2,3.2
input-data/sick_annotated.txt,8727-num-1,8727-num-2,3.5
input-data/sick_annotated.txt,8728-num-1,8728-num-2,3.7
input-data/sick_annotated.txt,8729-num-1,8729-num-2,4
input-data/sick_annotated.txt,8730-num-1,8730-num-2,2.9
input-data/sick_annotated.txt,8731-num-1,8731-num-2,3.8
input-data/sick_annotated.txt,8732-num-1,8732-num-2,4.3
input-data/sick_annotated.txt,8733-num-1,8733-num-2,4
input-data/sick_annotated.txt,8734-num-1,8734-num-2,4.7
input-data/sick_annotated.txt,8735-num-1,8735-num-2,3.6
input-data/sick_annotated.txt,8736-num-1,8736-num-2,4.5
input-data/sick_annotated.txt,8737-num-1,8737-num-2,3.4
input-data/sick_annotated.txt,8738-num-1,8738-num-2,4.1
input-data/sick_annotated.txt,8739-num-1,8739-num-2,3.7
input-data/sick_annotated.txt,8740-num-1,8740-num-2,4.7
input-data/sick_annotated.txt,8741-num-1,8741-num-2,4.5
input-data/sick_annotated.txt,8742-num-1,8742-num-2,4
input-data/sick_annotated.txt,8743-num-1,8743-num-2,4.9
input-data/sick_annotated.txt,8744-num-1,8744-num-2,2.9
input-data/sick_annotated.txt,8745-num-1,8745-num-2,3.7
input-data/sick_annotated.txt,8746-num-1,8746-num-2,3.285
input-data/sick_annotated.txt,8747-num-1,8747-num-2,3.5
input-data/sick_annotated.txt,8748-num-1,8748-num-2,3.6
input-data/sick_annotated.txt,8749-num-1,8749-num-2,4.35
input-data/sick_annotated.txt,8750-num-1,8750-num-2,4.6
input-data/sick_annotated.txt,8751-num-1,8751-num-2,4.1
input-data/sick_annotated.txt,8752-num-1,8752-num-2,4.4
input-data/sick_annotated.txt,8753-num-1,8753-num-2,3.8
input-data/sick_annotated.txt,8754-num-1,8754-num-2,4.1
input-data/sick_annotated.txt,8755-num-1,8755-num-2,3.2
input-data/sick_annotated.txt,8756-num-1,8756-num-2,3.9
input-data/sick_annotated.txt,8757-num-1,8757-num-2,3.3
input-data/sick_annotated.txt,8758-num-1,8758-num-2,3.9
input-data/sick_annotated.txt,8759-num-1,8759-num-2,4.9
input-data/sick_annotated.txt,8760-num-1,8760-num-2,3.5
input-data/sick_annotated.txt,8761-num-1,8761-num-2,4.6
input-data/sick_annotated.txt,8762-num-1,8762-num-2,3.7
input-data/sick_annotated.txt,8763-num-1,8763-num-2,2.7
input-data/sick_annotated.txt,8764-num-1,8764-num-2,2.3
input-data/sick_annotated.txt,8765-num-1,8765-num-2,3.1
input-data/sick_annotated.txt,8766-num-1,8766-num-2,2.2
input-data/sick_annotated.txt,8767-num-1,8767-num-2,2.6
input-data/sick_annotated.txt,8768-num-1,8768-num-2,4.9
input-data/sick_annotated.txt,8769-num-1,8769-num-2,3.7
input-data/sick_annotated.txt,8770-num-1,8770-num-2,4.4
input-data/sick_annotated.txt,8771-num-1,8771-num-2,3.8
input-data/sick_annotated.txt,8772-num-1,8772-num-2,3.665
input-data/sick_annotated.txt,8773-num-1,8773-num-2,3
input-data/sick_annotated.txt,8774-num-1,8774-num-2,3.6
input-data/sick_annotated.txt,8775-num-1,8775-num-2,3.6
input-data/sick_annotated.txt,8776-num-1,8776-num-2,4
input-data/sick_annotated.txt,8777-num-1,8777-num-2,4.4
input-data/sick_annotated.txt,8778-num-1,8778-num-2,4.4
input-data/sick_annotated.txt,8779-num-1,8779-num-2,4.2
input-data/sick_annotated.txt,8780-num-1,8780-num-2,3.3
input-data/sick_annotated.txt,8781-num-1,8781-num-2,3.1
input-data/sick_annotated.txt,8782-num-1,8782-num-2,3.7
input-data/sick_annotated.txt,8783-num-1,8783-num-2,3.7
input-data/sick_annotated.txt,8784-num-1,8784-num-2,3.6
input-data/sick_annotated.txt,8785-num-1,8785-num-2,3.5
input-data/sick_annotated.txt,8786-num-1,8786-num-2,4.3
input-data/sick_annotated.txt,8787-num-1,8787-num-2,4
input-data/sick_annotated.txt,8788-num-1,8788-num-2,4.7
input-data/sick_annotated.txt,8789-num-1,8789-num-2,3.4
input-data/sick_annotated.txt,8790-num-1,8790-num-2,4.1
input-data/sick_annotated.txt,8791-num-1,8791-num-2,3.8
input-data/sick_annotated.txt,8792-num-1,8792-num-2,3.7
input-data/sick_annotated.txt,8793-num-1,8793-num-2,3.4
input-data/sick_annotated.txt,8794-num-1,8794-num-2,4.3
input-data/sick_annotated.txt,8795-num-1,8795-num-2,4.8
input-data/sick_annotated.txt,8796-num-1,8796-num-2,3.6
input-data/sick_annotated.txt,8797-num-1,8797-num-2,4.565
input-data/sick_annotated.txt,8798-num-1,8798-num-2,3.4
input-data/sick_annotated.txt,8799-num-1,8799-num-2,4.8
input-data/sick_annotated.txt,8800-num-1,8800-num-2,3.9
input-data/sick_annotated.txt,8801-num-1,8801-num-2,4.3
input-data/sick_annotated.txt,8802-num-1,8802-num-2,4.1
input-data/sick_annotated.txt,8803-num-1,8803-num-2,4.6
input-data/sick_annotated.txt,8804-num-1,8804-num-2,4.3
input-data/sick_annotated.txt,8805-num-1,8805-num-2,3.4
input-data/sick_annotated.txt,8806-num-1,8806-num-2,4.5
input-data/sick_annotated.txt,8807-num-1,8807-num-2,2.7
input-data/sick_annotated.txt,8808-num-1,8808-num-2,3.5
input-data/sick_annotated.txt,8809-num-1,8809-num-2,3.7
input-data/sick_annotated.txt,8810-num-1,8810-num-2,3.2
input-data/sick_annotated.txt,8811-num-1,8811-num-2,3.6
input-data/sick_annotated.txt,8812-num-1,8812-num-2,3
input-data/sick_annotated.txt,8813-num-1,8813-num-2,4.5
input-data/sick_annotated.txt,8814-num-1,8814-num-2,3.2
input-data/sick_annotated.txt,8815-num-1,8815-num-2,5
input-data/sick_annotated.txt,8816-num-1,8816-num-2,3.7
input-data/sick_annotated.txt,8817-num-1,8817-num-2,4.6
input-data/sick_annotated.txt,8818-num-1,8818-num-2,3.585
input-data/sick_annotated.txt,8819-num-1,8819-num-2,4.5
input-data/sick_annotated.txt,8820-num-1,8820-num-2,3.3
input-data/sick_annotated.txt,8821-num-1,8821-num-2,4.5
input-data/sick_annotated.txt,8822-num-1,8822-num-2,4.8
input-data/sick_annotated.txt,8823-num-1,8823-num-2,3.7
input-data/sick_annotated.txt,8824-num-1,8824-num-2,4.3
input-data/sick_annotated.txt,8825-num-1,8825-num-2,3.8
input-data/sick_annotated.txt,8826-num-1,8826-num-2,3.9
input-data/sick_annotated.txt,8827-num-1,8827-num-2,2
input-data/sick_annotated.txt,8828-num-1,8828-num-2,4.1
input-data/sick_annotated.txt,8829-num-1,8829-num-2,2
input-data/sick_annotated.txt,8830-num-1,8830-num-2,3.9
input-data/sick_annotated.txt,8831-num-1,8831-num-2,4.1
input-data/sick_annotated.txt,8832-num-1,8832-num-2,3.8
input-data/sick_annotated.txt,8833-num-1,8833-num-2,4.2
input-data/sick_annotated.txt,8834-num-1,8834-num-2,4.4
input-data/sick_annotated.txt,8835-num-1,8835-num-2,3.7
input-data/sick_annotated.txt,8836-num-1,8836-num-2,3.7
input-data/sick_annotated.txt,8837-num-1,8837-num-2,3.4
input-data/sick_annotated.txt,8838-num-1,8838-num-2,2.8
input-data/sick_annotated.txt,8839-num-1,8839-num-2,3.8
input-data/sick_annotated.txt,8840-num-1,8840-num-2,4.6
input-data/sick_annotated.txt,8841-num-1,8841-num-2,3.1
input-data/sick_annotated.txt,8842-num-1,8842-num-2,4.9
input-data/sick_annotated.txt,8843-num-1,8843-num-2,3.7
input-data/sick_annotated.txt,8844-num-1,8844-num-2,2.8
input-data/sick_annotated.txt,8845-num-1,8845-num-2,1.9
input-data/sick_annotated.txt,8846-num-1,8846-num-2,2.9
input-data/sick_annotated.txt,8847-num-1,8847-num-2,3.5
input-data/sick_annotated.txt,8848-num-1,8848-num-2,3.4
input-data/sick_annotated.txt,8849-num-1,8849-num-2,3.9
input-data/sick_annotated.txt,8850-num-1,8850-num-2,3.55
input-data/sick_annotated.txt,8851-num-1,8851-num-2,4.7
input-data/sick_annotated.txt,8852-num-1,8852-num-2,3.6
input-data/sick_annotated.txt,8853-num-1,8853-num-2,3.9
input-data/sick_annotated.txt,8854-num-1,8854-num-2,3.6
input-data/sick_annotated.txt,8855-num-1,8855-num-2,4.5
input-data/sick_annotated.txt,8856-num-1,8856-num-2,4.3
input-data/sick_annotated.txt,8857-num-1,8857-num-2,3.6
input-data/sick_annotated.txt,8858-num-1,8858-num-2,4.2
input-data/sick_annotated.txt,8859-num-1,8859-num-2,3.7
input-data/sick_annotated.txt,8860-num-1,8860-num-2,4.5
input-data/sick_annotated.txt,8861-num-1,8861-num-2,3.8
input-data/sick_annotated.txt,8862-num-1,8862-num-2,3.8
input-data/sick_annotated.txt,8863-num-1,8863-num-2,2.9
input-data/sick_annotated.txt,8864-num-1,8864-num-2,4.1
input-data/sick_annotated.txt,8865-num-1,8865-num-2,3.9
input-data/sick_annotated.txt,8866-num-1,8866-num-2,3.7
input-data/sick_annotated.txt,8867-num-1,8867-num-2,3.3
input-data/sick_annotated.txt,8868-num-1,8868-num-2,3.2
input-data/sick_annotated.txt,8869-num-1,8869-num-2,3.7
input-data/sick_annotated.txt,8870-num-1,8870-num-2,3.1
input-data/sick_annotated.txt,8871-num-1,8871-num-2,4.3
input-data/sick_annotated.txt,8872-num-1,8872-num-2,3.4
input-data/sick_annotated.txt,8873-num-1,8873-num-2,3.7
input-data/sick_annotated.txt,8874-num-1,8874-num-2,2.1
input-data/sick_annotated.txt,8875-num-1,8875-num-2,4.2
input-data/sick_annotated.txt,8876-num-1,8876-num-2,4.1
input-data/sick_annotated.txt,8877-num-1,8877-num-2,3.585
input-data/sick_annotated.txt,8878-num-1,8878-num-2,4.3
input-data/sick_annotated.txt,8879-num-1,8879-num-2,2.9
input-data/sick_annotated.txt,8880-num-1,8880-num-2,3
input-data/sick_annotated.txt,8881-num-1,8881-num-2,1.6
input-data/sick_annotated.txt,8882-num-1,8882-num-2,3.1
input-data/sick_annotated.txt,8883-num-1,8883-num-2,3.1
input-data/sick_annotated.txt,8884-num-1,8884-num-2,3.5
input-data/sick_annotated.txt,8885-num-1,8885-num-2,4.7
input-data/sick_annotated.txt,8886-num-1,8886-num-2,3.9
input-data/sick_annotated.txt,8887-num-1,8887-num-2,4.2
input-data/sick_annotated.txt,8888-num-1,8888-num-2,3.5
input-data/sick_annotated.txt,8889-num-1,8889-num-2,3.3
input-data/sick_annotated.txt,8890-num-1,8890-num-2,1.635
input-data/sick_annotated.txt,8891-num-1,8891-num-2,3
input-data/sick_annotated.txt,8892-num-1,8892-num-2,1.6
input-data/sick_annotated.txt,8893-num-1,8893-num-2,2.6
input-data/sick_annotated.txt,8894-num-1,8894-num-2,4.9
input-data/sick_annotated.txt,8895-num-1,8895-num-2,3.3
input-data/sick_annotated.txt,8896-num-1,8896-num-2,4.4
input-data/sick_annotated.txt,8897-num-1,8897-num-2,4
input-data/sick_annotated.txt,8898-num-1,8898-num-2,3.6
input-data/sick_annotated.txt,8899-num-1,8899-num-2,3.1
input-data/sick_annotated.txt,8900-num-1,8900-num-2,3.7
input-data/sick_annotated.txt,8901-num-1,8901-num-2,2.7
input-data/sick_annotated.txt,8902-num-1,8902-num-2,3.6
input-data/sick_annotated.txt,8903-num-1,8903-num-2,4.2
input-data/sick_annotated.txt,8904-num-1,8904-num-2,3.5
input-data/sick_annotated.txt,8905-num-1,8905-num-2,4.5
input-data/sick_annotated.txt,8906-num-1,8906-num-2,3.5
input-data/sick_annotated.txt,8907-num-1,8907-num-2,3.7
input-data/sick_annotated.txt,8908-num-1,8908-num-2,2.5
input-data/sick_annotated.txt,8909-num-1,8909-num-2,3.9
input-data/sick_annotated.txt,8910-num-1,8910-num-2,2.2
input-data/sick_annotated.txt,8911-num-1,8911-num-2,4.2
input-data/sick_annotated.txt,8912-num-1,8912-num-2,4.5
input-data/sick_annotated.txt,8913-num-1,8913-num-2,4.3
input-data/sick_annotated.txt,8914-num-1,8914-num-2,3.8
input-data/sick_annotated.txt,8915-num-1,8915-num-2,3.4
input-data/sick_annotated.txt,8916-num-1,8916-num-2,2.3
input-data/sick_annotated.txt,8917-num-1,8917-num-2,4.4
input-data/sick_annotated.txt,8918-num-1,8918-num-2,3.7
input-data/sick_annotated.txt,8919-num-1,8919-num-2,3
input-data/sick_annotated.txt,8920-num-1,8920-num-2,4.2
input-data/sick_annotated.txt,8921-num-1,8921-num-2,3.7
input-data/sick_annotated.txt,8922-num-1,8922-num-2,3.4
input-data/sick_annotated.txt,8923-num-1,8923-num-2,4.5
input-data/sick_annotated.txt,8924-num-1,8924-num-2,2.5
input-data/sick_annotated.txt,8925-num-1,8925-num-2,3.2
input-data/sick_annotated.txt,8926-num-1,8926-num-2,3.2
input-data/sick_annotated.txt,8927-num-1,8927-num-2,3.7
input-data/sick_annotated.txt,8928-num-1,8928-num-2,3
input-data/sick_annotated.txt,8929-num-1,8929-num-2,3.1
input-data/sick_annotated.txt,8930-num-1,8930-num-2,4.6
input-data/sick_annotated.txt,8931-num-1,8931-num-2,3.9
input-data/sick_annotated.txt,8932-num-1,8932-num-2,4.6
input-data/sick_annotated.txt,8933-num-1,8933-num-2,3.7
input-data/sick_annotated.txt,8934-num-1,8934-num-2,3.9
input-data/sick_annotated.txt,8935-num-1,8935-num-2,3.3
input-data/sick_annotated.txt,8936-num-1,8936-num-2,4.1
input-data/sick_annotated.txt,8937-num-1,8937-num-2,3.1
input-data/sick_annotated.txt,8938-num-1,8938-num-2,4
input-data/sick_annotated.txt,8939-num-1,8939-num-2,4.8
input-data/sick_annotated.txt,8940-num-1,8940-num-2,4
input-data/sick_annotated.txt,8941-num-1,8941-num-2,4.9
input-data/sick_annotated.txt,8942-num-1,8942-num-2,3.1
input-data/sick_annotated.txt,8943-num-1,8943-num-2,3.1
input-data/sick_annotated.txt,8944-num-1,8944-num-2,2
input-data/sick_annotated.txt,8945-num-1,8945-num-2,3.4
input-data/sick_annotated.txt,8946-num-1,8946-num-2,3.2
input-data/sick_annotated.txt,8947-num-1,8947-num-2,2.9
input-data/sick_annotated.txt,8948-num-1,8948-num-2,4.6
input-data/sick_annotated.txt,8949-num-1,8949-num-2,3.9
input-data/sick_annotated.txt,8950-num-1,8950-num-2,4.6
input-data/sick_annotated.txt,8951-num-1,8951-num-2,4
input-data/sick_annotated.txt,8952-num-1,8952-num-2,3.815
input-data/sick_annotated.txt,8953-num-1,8953-num-2,4
input-data/sick_annotated.txt,8954-num-1,8954-num-2,3.8
input-data/sick_annotated.txt,8955-num-1,8955-num-2,3.2
input-data/sick_annotated.txt,8956-num-1,8956-num-2,3.3
input-data/sick_annotated.txt,8957-num-1,8957-num-2,4.8
input-data/sick_annotated.txt,8958-num-1,8958-num-2,3.4
input-data/sick_annotated.txt,8959-num-1,8959-num-2,4.385
input-data/sick_annotated.txt,8960-num-1,8960-num-2,3.4
input-data/sick_annotated.txt,8961-num-1,8961-num-2,3.8
input-data/sick_annotated.txt,8962-num-1,8962-num-2,3.5
input-data/sick_annotated.txt,8963-num-1,8963-num-2,3.8
input-data/sick_annotated.txt,8964-num-1,8964-num-2,3.5
input-data/sick_annotated.txt,8965-num-1,8965-num-2,3.1
input-data/sick_annotated.txt,8966-num-1,8966-num-2,5
input-data/sick_annotated.txt,8967-num-1,8967-num-2,3.1
input-data/sick_annotated.txt,8968-num-1,8968-num-2,5
input-data/sick_annotated.txt,8969-num-1,8969-num-2,3.9
input-data/sick_annotated.txt,8970-num-1,8970-num-2,3.6
input-data/sick_annotated.txt,8971-num-1,8971-num-2,2.8
input-data/sick_annotated.txt,8972-num-1,8972-num-2,4.1
input-data/sick_annotated.txt,8973-num-1,8973-num-2,3.5
input-data/sick_annotated.txt,8974-num-1,8974-num-2,3.6
input-data/sick_annotated.txt,8975-num-1,8975-num-2,4.4
input-data/sick_annotated.txt,8976-num-1,8976-num-2,3.8
input-data/sick_annotated.txt,8977-num-1,8977-num-2,4.7
input-data/sick_annotated.txt,8978-num-1,8978-num-2,3.7
input-data/sick_annotated.txt,8979-num-1,8979-num-2,3.3
input-data/sick_annotated.txt,8980-num-1,8980-num-2,3.2
input-data/sick_annotated.txt,8981-num-1,8981-num-2,4
input-data/sick_annotated.txt,8982-num-1,8982-num-2,3
input-data/sick_annotated.txt,8983-num-1,8983-num-2,3.8
input-data/sick_annotated.txt,8984-num-1,8984-num-2,4.6
input-data/sick_annotated.txt,8985-num-1,8985-num-2,3.465
input-data/sick_annotated.txt,8986-num-1,8986-num-2,4.4
input-data/sick_annotated.txt,8987-num-1,8987-num-2,3.6
input-data/sick_annotated.txt,8988-num-1,8988-num-2,3.2
input-data/sick_annotated.txt,8989-num-1,8989-num-2,4
input-data/sick_annotated.txt,8990-num-1,8990-num-2,3.6
input-data/sick_annotated.txt,8991-num-1,8991-num-2,3.5
input-data/sick_annotated.txt,8992-num-1,8992-num-2,3.9
input-data/sick_annotated.txt,8993-num-1,8993-num-2,4.6
input-data/sick_annotated.txt,8994-num-1,8994-num-2,4.3
input-data/sick_annotated.txt,8995-num-1,8995-num-2,3.4
input-data/sick_annotated.txt,8996-num-1,8996-num-2,5
input-data/sick_annotated.txt,8997-num-1,8997-num-2,4
input-data/sick_annotated.txt,8998-num-1,8998-num-2,3.4
input-data/sick_annotated.txt,8999-num-1,8999-num-2,4.3
input-data/sick_annotated.txt,9000-num-1,9000-num-2,4.3
input-data/sick_annotated.txt,9001-num-1,9001-num-2,3.7
input-data/sick_annotated.txt,9002-num-1,9002-num-2,3.2
input-data/sick_annotated.txt,9003-num-1,9003-num-2,4.1
input-data/sick_annotated.txt,9004-num-1,9004-num-2,4.9
input-data/sick_annotated.txt,9005-num-1,9005-num-2,3.7
input-data/sick_annotated.txt,9006-num-1,9006-num-2,4.6
input-data/sick_annotated.txt,9007-num-1,9007-num-2,3.2
input-data/sick_annotated.txt,9008-num-1,9008-num-2,3.835
input-data/sick_annotated.txt,9009-num-1,9009-num-2,3.585
input-data/sick_annotated.txt,9010-num-1,9010-num-2,4.1
input-data/sick_annotated.txt,9011-num-1,9011-num-2,4.2
input-data/sick_annotated.txt,9012-num-1,9012-num-2,3.9
input-data/sick_annotated.txt,9013-num-1,9013-num-2,4.9
input-data/sick_annotated.txt,9014-num-1,9014-num-2,3.7
input-data/sick_annotated.txt,9015-num-1,9015-num-2,4.7
input-data/sick_annotated.txt,9016-num-1,9016-num-2,3.7
input-data/sick_annotated.txt,9017-num-1,9017-num-2,2.8
input-data/sick_annotated.txt,9018-num-1,9018-num-2,3.7
input-data/sick_annotated.txt,9019-num-1,9019-num-2,2.8
input-data/sick_annotated.txt,9020-num-1,9020-num-2,3.9
input-data/sick_annotated.txt,9021-num-1,9021-num-2,3.5
input-data/sick_annotated.txt,9022-num-1,9022-num-2,4.8
input-data/sick_annotated.txt,9023-num-1,9023-num-2,3.7
input-data/sick_annotated.txt,9024-num-1,9024-num-2,4.6
input-data/sick_annotated.txt,9025-num-1,9025-num-2,3.6
input-data/sick_annotated.txt,9026-num-1,9026-num-2,3
input-data/sick_annotated.txt,9027-num-1,9027-num-2,4
input-data/sick_annotated.txt,9028-num-1,9028-num-2,3.9
input-data/sick_annotated.txt,9029-num-1,9029-num-2,2.3
input-data/sick_annotated.txt,9030-num-1,9030-num-2,4.1
input-data/sick_annotated.txt,9031-num-1,9031-num-2,4.7
input-data/sick_annotated.txt,9032-num-1,9032-num-2,3.965
input-data/sick_annotated.txt,9033-num-1,9033-num-2,4.5
input-data/sick_annotated.txt,9034-num-1,9034-num-2,3.9
input-data/sick_annotated.txt,9035-num-1,9035-num-2,3.3
input-data/sick_annotated.txt,9036-num-1,9036-num-2,2.9
input-data/sick_annotated.txt,9037-num-1,9037-num-2,4
input-data/sick_annotated.txt,9038-num-1,9038-num-2,3.1
input-data/sick_annotated.txt,9039-num-1,9039-num-2,3.6
input-data/sick_annotated.txt,9040-num-1,9040-num-2,4.9
input-data/sick_annotated.txt,9041-num-1,9041-num-2,3.7
input-data/sick_annotated.txt,9042-num-1,9042-num-2,4.7
input-data/sick_annotated.txt,9043-num-1,9043-num-2,3.7
input-data/sick_annotated.txt,9044-num-1,9044-num-2,4.3
input-data/sick_annotated.txt,9045-num-1,9045-num-2,3.6
input-data/sick_annotated.txt,9046-num-1,9046-num-2,4.2
input-data/sick_annotated.txt,9047-num-1,9047-num-2,4
input-data/sick_annotated.txt,9048-num-1,9048-num-2,4.485
input-data/sick_annotated.txt,9049-num-1,9049-num-2,4.5
input-data/sick_annotated.txt,9050-num-1,9050-num-2,3.6
input-data/sick_annotated.txt,9051-num-1,9051-num-2,4.8
input-data/sick_annotated.txt,9052-num-1,9052-num-2,3.8
input-data/sick_annotated.txt,9053-num-1,9053-num-2,4
input-data/sick_annotated.txt,9054-num-1,9054-num-2,3.8
input-data/sick_annotated.txt,9055-num-1,9055-num-2,3.9
input-data/sick_annotated.txt,9056-num-1,9056-num-2,3.6
input-data/sick_annotated.txt,9057-num-1,9057-num-2,4.2
input-data/sick_annotated.txt,9058-num-1,9058-num-2,4.1
input-data/sick_annotated.txt,9059-num-1,9059-num-2,4
input-data/sick_annotated.txt,9060-num-1,9060-num-2,5
input-data/sick_annotated.txt,9061-num-1,9061-num-2,4.1
input-data/sick_annotated.txt,9062-num-1,9062-num-2,3.3
input-data/sick_annotated.txt,9063-num-1,9063-num-2,3.8
input-data/sick_annotated.txt,9064-num-1,9064-num-2,3.5
input-data/sick_annotated.txt,9065-num-1,9065-num-2,3.5
input-data/sick_annotated.txt,9066-num-1,9066-num-2,3.5
input-data/sick_annotated.txt,9067-num-1,9067-num-2,4.9
input-data/sick_annotated.txt,9068-num-1,9068-num-2,3.67
input-data/sick_annotated.txt,9069-num-1,9069-num-2,4.4
input-data/sick_annotated.txt,9070-num-1,9070-num-2,3.8
input-data/sick_annotated.txt,9071-num-1,9071-num-2,2.5
input-data/sick_annotated.txt,9072-num-1,9072-num-2,2.9
input-data/sick_annotated.txt,9073-num-1,9073-num-2,3.1
input-data/sick_annotated.txt,9074-num-1,9074-num-2,3
input-data/sick_annotated.txt,9075-num-1,9075-num-2,2.8
input-data/sick_annotated.txt,9076-num-1,9076-num-2,4.5
input-data/sick_annotated.txt,9077-num-1,9077-num-2,3.2
input-data/sick_annotated.txt,9078-num-1,9078-num-2,4.9
input-data/sick_annotated.txt,9079-num-1,9079-num-2,3.7
input-data/sick_annotated.txt,9080-num-1,9080-num-2,3.2
input-data/sick_annotated.txt,9081-num-1,9081-num-2,3
input-data/sick_annotated.txt,9082-num-1,9082-num-2,2.5
input-data/sick_annotated.txt,9083-num-1,9083-num-2,1.5
input-data/sick_annotated.txt,9084-num-1,9084-num-2,2.6
input-data/sick_annotated.txt,9085-num-1,9085-num-2,5
input-data/sick_annotated.txt,9086-num-1,9086-num-2,3.9
input-data/sick_annotated.txt,9087-num-1,9087-num-2,4.9
input-data/sick_annotated.txt,9088-num-1,9088-num-2,4.2
input-data/sick_annotated.txt,9089-num-1,9089-num-2,2.9
input-data/sick_annotated.txt,9090-num-1,9090-num-2,2.4
input-data/sick_annotated.txt,9091-num-1,9091-num-2,2.9
input-data/sick_annotated.txt,9092-num-1,9092-num-2,2.5
input-data/sick_annotated.txt,9093-num-1,9093-num-2,2.8
input-data/sick_annotated.txt,9094-num-1,9094-num-2,4.6
input-data/sick_annotated.txt,9095-num-1,9095-num-2,3.9
input-data/sick_annotated.txt,9096-num-1,9096-num-2,4.4
input-data/sick_annotated.txt,9097-num-1,9097-num-2,3.95
input-data/sick_annotated.txt,9098-num-1,9098-num-2,2.9
input-data/sick_annotated.txt,9099-num-1,9099-num-2,3.1
input-data/sick_annotated.txt,9100-num-1,9100-num-2,3.5
input-data/sick_annotated.txt,9101-num-1,9101-num-2,3.2
input-data/sick_annotated.txt,9102-num-1,9102-num-2,3.4
input-data/sick_annotated.txt,9103-num-1,9103-num-2,4.9
input-data/sick_annotated.txt,9104-num-1,9104-num-2,3.3
input-data/sick_annotated.txt,9105-num-1,9105-num-2,4.8
input-data/sick_annotated.txt,9106-num-1,9106-num-2,3
input-data/sick_annotated.txt,9107-num-1,9107-num-2,2.8
input-data/sick_annotated.txt,9108-num-1,9108-num-2,2.7
input-data/sick_annotated.txt,9109-num-1,9109-num-2,2.5
input-data/sick_annotated.txt,9110-num-1,9110-num-2,2.2
input-data/sick_annotated.txt,9111-num-1,9111-num-2,3.1
input-data/sick_annotated.txt,9112-num-1,9112-num-2,4.2
input-data/sick_annotated.txt,9113-num-1,9113-num-2,3.4
input-data/sick_annotated.txt,9114-num-1,9114-num-2,4.4
input-data/sick_annotated.txt,9115-num-1,9115-num-2,3.2
input-data/sick_annotated.txt,9116-num-1,9116-num-2,4.2
input-data/sick_annotated.txt,9117-num-1,9117-num-2,3.2
input-data/sick_annotated.txt,9118-num-1,9118-num-2,3.8
input-data/sick_annotated.txt,9119-num-1,9119-num-2,3.3
input-data/sick_annotated.txt,9120-num-1,9120-num-2,4
input-data/sick_annotated.txt,9121-num-1,9121-num-2,5
input-data/sick_annotated.txt,9122-num-1,9122-num-2,3.6
input-data/sick_annotated.txt,9123-num-1,9123-num-2,4.8
input-data/sick_annotated.txt,9124-num-1,9124-num-2,3.4
input-data/sick_annotated.txt,9125-num-1,9125-num-2,2.4
input-data/sick_annotated.txt,9126-num-1,9126-num-2,1.2
input-data/sick_annotated.txt,9127-num-1,9127-num-2,2.4
input-data/sick_annotated.txt,9128-num-1,9128-num-2,1.1
input-data/sick_annotated.txt,9129-num-1,9129-num-2,2.55
input-data/sick_annotated.txt,9130-num-1,9130-num-2,4.6
input-data/sick_annotated.txt,9131-num-1,9131-num-2,3
input-data/sick_annotated.txt,9132-num-1,9132-num-2,4.9
input-data/sick_annotated.txt,9133-num-1,9133-num-2,3.5
input-data/sick_annotated.txt,9134-num-1,9134-num-2,4.2
input-data/sick_annotated.txt,9135-num-1,9135-num-2,3
input-data/sick_annotated.txt,9136-num-1,9136-num-2,4.5
input-data/sick_annotated.txt,9137-num-1,9137-num-2,3.4
input-data/sick_annotated.txt,9138-num-1,9138-num-2,3.9
input-data/sick_annotated.txt,9139-num-1,9139-num-2,5
input-data/sick_annotated.txt,9140-num-1,9140-num-2,3.1
input-data/sick_annotated.txt,9141-num-1,9141-num-2,4.8
input-data/sick_annotated.txt,9142-num-1,9142-num-2,3.8
input-data/sick_annotated.txt,9143-num-1,9143-num-2,4.5
input-data/sick_annotated.txt,9144-num-1,9144-num-2,3.8
input-data/sick_annotated.txt,9145-num-1,9145-num-2,4.6
input-data/sick_annotated.txt,9146-num-1,9146-num-2,3.7
input-data/sick_annotated.txt,9147-num-1,9147-num-2,4.165
input-data/sick_annotated.txt,9148-num-1,9148-num-2,4.5
input-data/sick_annotated.txt,9149-num-1,9149-num-2,3.6
input-data/sick_annotated.txt,9150-num-1,9150-num-2,4.6
input-data/sick_annotated.txt,9151-num-1,9151-num-2,3.8
input-data/sick_annotated.txt,9152-num-1,9152-num-2,3
input-data/sick_annotated.txt,9153-num-1,9153-num-2,1.4
input-data/sick_annotated.txt,9154-num-1,9154-num-2,2.5
input-data/sick_annotated.txt,9155-num-1,9155-num-2,2.4
input-data/sick_annotated.txt,9156-num-1,9156-num-2,2.7
input-data/sick_annotated.txt,9157-num-1,9157-num-2,4.5
input-data/sick_annotated.txt,9158-num-1,9158-num-2,2.9
input-data/sick_annotated.txt,9159-num-1,9159-num-2,5
input-data/sick_annotated.txt,9160-num-1,9160-num-2,2.9
input-data/sick_annotated.txt,9161-num-1,9161-num-2,3.6
input-data/sick_annotated.txt,9162-num-1,9162-num-2,2.5
input-data/sick_annotated.txt,9163-num-1,9163-num-2,3.7
input-data/sick_annotated.txt,9164-num-1,9164-num-2,2.8
input-data/sick_annotated.txt,9165-num-1,9165-num-2,3.2
input-data/sick_annotated.txt,9166-num-1,9166-num-2,4.5
input-data/sick_annotated.txt,9167-num-1,9167-num-2,3.1
input-data/sick_annotated.txt,9168-num-1,9168-num-2,4.9
input-data/sick_annotated.txt,9169-num-1,9169-num-2,3.7
input-data/sick_annotated.txt,9170-num-1,9170-num-2,3.6
input-data/sick_annotated.txt,9171-num-1,9171-num-2,3.5
input-data/sick_annotated.txt,9172-num-1,9172-num-2,3.5
input-data/sick_annotated.txt,9173-num-1,9173-num-2,2.9
input-data/sick_annotated.txt,9174-num-1,9174-num-2,4
input-data/sick_annotated.txt,9175-num-1,9175-num-2,4.3
input-data/sick_annotated.txt,9176-num-1,9176-num-2,2.9
input-data/sick_annotated.txt,9177-num-1,9177-num-2,4.9
input-data/sick_annotated.txt,9178-num-1,9178-num-2,3.4
input-data/sick_annotated.txt,9179-num-1,9179-num-2,3.4
input-data/sick_annotated.txt,9180-num-1,9180-num-2,3.8
input-data/sick_annotated.txt,9181-num-1,9181-num-2,3.5
input-data/sick_annotated.txt,9182-num-1,9182-num-2,3.5
input-data/sick_annotated.txt,9183-num-1,9183-num-2,3.8
input-data/sick_annotated.txt,9184-num-1,9184-num-2,4.8
input-data/sick_annotated.txt,9185-num-1,9185-num-2,3.4
input-data/sick_annotated.txt,9186-num-1,9186-num-2,4.7
input-data/sick_annotated.txt,9187-num-1,9187-num-2,4.4
input-data/sick_annotated.txt,9188-num-1,9188-num-2,4.4
input-data/sick_annotated.txt,9189-num-1,9189-num-2,3.2
input-data/sick_annotated.txt,9190-num-1,9190-num-2,4.1
input-data/sick_annotated.txt,9191-num-1,9191-num-2,2
input-data/sick_annotated.txt,9192-num-1,9192-num-2,3.9
input-data/sick_annotated.txt,9193-num-1,9193-num-2,4.8
input-data/sick_annotated.txt,9194-num-1,9194-num-2,3.5
input-data/sick_annotated.txt,9195-num-1,9195-num-2,4.6
input-data/sick_annotated.txt,9196-num-1,9196-num-2,2.8
input-data/sick_annotated.txt,9197-num-1,9197-num-2,3.2
input-data/sick_annotated.txt,9198-num-1,9198-num-2,3.2
input-data/sick_annotated.txt,9199-num-1,9199-num-2,3.6
input-data/sick_annotated.txt,9200-num-1,9200-num-2,2
input-data/sick_annotated.txt,9201-num-1,9201-num-2,3.2
input-data/sick_annotated.txt,9202-num-1,9202-num-2,5
input-data/sick_annotated.txt,9203-num-1,9203-num-2,4
input-data/sick_annotated.txt,9204-num-1,9204-num-2,4.9
input-data/sick_annotated.txt,9205-num-1,9205-num-2,3.915
input-data/sick_annotated.txt,9206-num-1,9206-num-2,3.9
input-data/sick_annotated.txt,9207-num-1,9207-num-2,4
input-data/sick_annotated.txt,9208-num-1,9208-num-2,3.7
input-data/sick_annotated.txt,9209-num-1,9209-num-2,3.3
input-data/sick_annotated.txt,9210-num-1,9210-num-2,3.5
input-data/sick_annotated.txt,9211-num-1,9211-num-2,4.3
input-data/sick_annotated.txt,9212-num-1,9212-num-2,3.9
input-data/sick_annotated.txt,9213-num-1,9213-num-2,4.9
input-data/sick_annotated.txt,9214-num-1,9214-num-2,3.8
input-data/sick_annotated.txt,9215-num-1,9215-num-2,3.6
input-data/sick_annotated.txt,9216-num-1,9216-num-2,1.935
input-data/sick_annotated.txt,9217-num-1,9217-num-2,2.3
input-data/sick_annotated.txt,9218-num-1,9218-num-2,3.1
input-data/sick_annotated.txt,9219-num-1,9219-num-2,3
input-data/sick_annotated.txt,9220-num-1,9220-num-2,4.9
input-data/sick_annotated.txt,9221-num-1,9221-num-2,3.9
input-data/sick_annotated.txt,9222-num-1,9222-num-2,4.5
input-data/sick_annotated.txt,9223-num-1,9223-num-2,4
input-data/sick_annotated.txt,9224-num-1,9224-num-2,4
input-data/sick_annotated.txt,9225-num-1,9225-num-2,2.7
input-data/sick_annotated.txt,9226-num-1,9226-num-2,3.1
input-data/sick_annotated.txt,9227-num-1,9227-num-2,3.6
input-data/sick_annotated.txt,9228-num-1,9228-num-2,3.6
input-data/sick_annotated.txt,9229-num-1,9229-num-2,4.4
input-data/sick_annotated.txt,9230-num-1,9230-num-2,4.1
input-data/sick_annotated.txt,9231-num-1,9231-num-2,4.7
input-data/sick_annotated.txt,9232-num-1,9232-num-2,2.8
input-data/sick_annotated.txt,9233-num-1,9233-num-2,4.2
input-data/sick_annotated.txt,9234-num-1,9234-num-2,3.3
input-data/sick_annotated.txt,9235-num-1,9235-num-2,4.065
input-data/sick_annotated.txt,9236-num-1,9236-num-2,3.5
input-data/sick_annotated.txt,9237-num-1,9237-num-2,4.5
input-data/sick_annotated.txt,9238-num-1,9238-num-2,4.5
input-data/sick_annotated.txt,9239-num-1,9239-num-2,4
input-data/sick_annotated.txt,9240-num-1,9240-num-2,4.8
input-data/sick_annotated.txt,9241-num-1,9241-num-2,3.3
input-data/sick_annotated.txt,9242-num-1,9242-num-2,3.2
input-data/sick_annotated.txt,9243-num-1,9243-num-2,2.2
input-data/sick_annotated.txt,9244-num-1,9244-num-2,2.8
input-data/sick_annotated.txt,9245-num-1,9245-num-2,2.5
input-data/sick_annotated.txt,9246-num-1,9246-num-2,3.4
input-data/sick_annotated.txt,9247-num-1,9247-num-2,4.5
input-data/sick_annotated.txt,9248-num-1,9248-num-2,3.7
input-data/sick_annotated.txt,9249-num-1,9249-num-2,4.8
input-data/sick_annotated.txt,9250-num-1,9250-num-2,3.8
input-data/sick_annotated.txt,9251-num-1,9251-num-2,1.8
input-data/sick_annotated.txt,9252-num-1,9252-num-2,1.73
input-data/sick_annotated.txt,9253-num-1,9253-num-2,1.9
input-data/sick_annotated.txt,9254-num-1,9254-num-2,1.1
input-data/sick_annotated.txt,9255-num-1,9255-num-2,1.5
input-data/sick_annotated.txt,9256-num-1,9256-num-2,4.6
input-data/sick_annotated.txt,9257-num-1,9257-num-2,3.565
input-data/sick_annotated.txt,9258-num-1,9258-num-2,4.8
input-data/sick_annotated.txt,9259-num-1,9259-num-2,3.2
input-data/sick_annotated.txt,9260-num-1,9260-num-2,3.5
input-data/sick_annotated.txt,9261-num-1,9261-num-2,2.5
input-data/sick_annotated.txt,9262-num-1,9262-num-2,2.8
input-data/sick_annotated.txt,9263-num-1,9263-num-2,3.4
input-data/sick_annotated.txt,9264-num-1,9264-num-2,2.4
input-data/sick_annotated.txt,9265-num-1,9265-num-2,4.6
input-data/sick_annotated.txt,9266-num-1,9266-num-2,3.4
input-data/sick_annotated.txt,9267-num-1,9267-num-2,4.7
input-data/sick_annotated.txt,9268-num-1,9268-num-2,4.1
input-data/sick_annotated.txt,9269-num-1,9269-num-2,3.5
input-data/sick_annotated.txt,9270-num-1,9270-num-2,3.4
input-data/sick_annotated.txt,9271-num-1,9271-num-2,3.1
input-data/sick_annotated.txt,9272-num-1,9272-num-2,2.1
input-data/sick_annotated.txt,9273-num-1,9273-num-2,3.2
input-data/sick_annotated.txt,9274-num-1,9274-num-2,4.5
input-data/sick_annotated.txt,9275-num-1,9275-num-2,3.6
input-data/sick_annotated.txt,9276-num-1,9276-num-2,4
input-data/sick_annotated.txt,9277-num-1,9277-num-2,4
input-data/sick_annotated.txt,9278-num-1,9278-num-2,4.3
input-data/sick_annotated.txt,9279-num-1,9279-num-2,4.4
input-data/sick_annotated.txt,9280-num-1,9280-num-2,4.2
input-data/sick_annotated.txt,9281-num-1,9281-num-2,2.9
input-data/sick_annotated.txt,9282-num-1,9282-num-2,4.1
input-data/sick_annotated.txt,9283-num-1,9283-num-2,4.4
input-data/sick_annotated.txt,9284-num-1,9284-num-2,3.8
input-data/sick_annotated.txt,9285-num-1,9285-num-2,4.4
input-data/sick_annotated.txt,9286-num-1,9286-num-2,3.6
input-data/sick_annotated.txt,9287-num-1,9287-num-2,3.1
input-data/sick_annotated.txt,9288-num-1,9288-num-2,2.9
input-data/sick_annotated.txt,9289-num-1,9289-num-2,2.7
input-data/sick_annotated.txt,9290-num-1,9290-num-2,2.6
input-data/sick_annotated.txt,9291-num-1,9291-num-2,2.2
input-data/sick_annotated.txt,9292-num-1,9292-num-2,4.1
input-data/sick_annotated.txt,9293-num-1,9293-num-2,3.4
input-data/sick_annotated.txt,9294-num-1,9294-num-2,4.1
input-data/sick_annotated.txt,9295-num-1,9295-num-2,3.4
input-data/sick_annotated.txt,9296-num-1,9296-num-2,4.1
input-data/sick_annotated.txt,9297-num-1,9297-num-2,3.7
input-data/sick_annotated.txt,9298-num-1,9298-num-2,3.2
input-data/sick_annotated.txt,9299-num-1,9299-num-2,3.5
input-data/sick_annotated.txt,9300-num-1,9300-num-2,4
input-data/sick_annotated.txt,9301-num-1,9301-num-2,4.9
input-data/sick_annotated.txt,9302-num-1,9302-num-2,3.365
input-data/sick_annotated.txt,9303-num-1,9303-num-2,4.9
input-data/sick_annotated.txt,9304-num-1,9304-num-2,4.2
input-data/sick_annotated.txt,9305-num-1,9305-num-2,3.6
input-data/sick_annotated.txt,9306-num-1,9306-num-2,2.8
input-data/sick_annotated.txt,9307-num-1,9307-num-2,3.5
input-data/sick_annotated.txt,9308-num-1,9308-num-2,2.8
input-data/sick_annotated.txt,9309-num-1,9309-num-2,3.8
input-data/sick_annotated.txt,9310-num-1,9310-num-2,4.2
input-data/sick_annotated.txt,9311-num-1,9311-num-2,4.4
input-data/sick_annotated.txt,9312-num-1,9312-num-2,4.5
input-data/sick_annotated.txt,9313-num-1,9313-num-2,2.8
input-data/sick_annotated.txt,9314-num-1,9314-num-2,3.3
input-data/sick_annotated.txt,9315-num-1,9315-num-2,1.7
input-data/sick_annotated.txt,9316-num-1,9316-num-2,4
input-data/sick_annotated.txt,9317-num-1,9317-num-2,3.3
input-data/sick_annotated.txt,9318-num-1,9318-num-2,3.8
input-data/sick_annotated.txt,9319-num-1,9319-num-2,5
input-data/sick_annotated.txt,9320-num-1,9320-num-2,3.285
input-data/sick_annotated.txt,9321-num-1,9321-num-2,4.7
input-data/sick_annotated.txt,9322-num-1,9322-num-2,4.8
input-data/sick_annotated.txt,9323-num-1,9323-num-2,3.9
input-data/sick_annotated.txt,9324-num-1,9324-num-2,3.2
input-data/sick_annotated.txt,9325-num-1,9325-num-2,3.8
input-data/sick_annotated.txt,9326-num-1,9326-num-2,3.9
input-data/sick_annotated.txt,9327-num-1,9327-num-2,2.8
input-data/sick_annotated.txt,9328-num-1,9328-num-2,3.5
input-data/sick_annotated.txt,9329-num-1,9329-num-2,3.365
input-data/sick_annotated.txt,9330-num-1,9330-num-2,4.65
input-data/sick_annotated.txt,9331-num-1,9331-num-2,3.6
input-data/sick_annotated.txt,9332-num-1,9332-num-2,4.5
input-data/sick_annotated.txt,9333-num-1,9333-num-2,3.2
input-data/sick_annotated.txt,9334-num-1,9334-num-2,4.6
input-data/sick_annotated.txt,9335-num-1,9335-num-2,3.7
input-data/sick_annotated.txt,9336-num-1,9336-num-2,4.2
input-data/sick_annotated.txt,9337-num-1,9337-num-2,3.4
input-data/sick_annotated.txt,9338-num-1,9338-num-2,4.7
input-data/sick_annotated.txt,9339-num-1,9339-num-2,4.5
input-data/sick_annotated.txt,9340-num-1,9340-num-2,4.1
input-data/sick_annotated.txt,9341-num-1,9341-num-2,4.9
input-data/sick_annotated.txt,9342-num-1,9342-num-2,3.7
input-data/sick_annotated.txt,9343-num-1,9343-num-2,3.6
input-data/sick_annotated.txt,9344-num-1,9344-num-2,2.9
input-data/sick_annotated.txt,9345-num-1,9345-num-2,3.2
input-data/sick_annotated.txt,9346-num-1,9346-num-2,2.4
input-data/sick_annotated.txt,9347-num-1,9347-num-2,2.8
input-data/sick_annotated.txt,9348-num-1,9348-num-2,4.7
input-data/sick_annotated.txt,9349-num-1,9349-num-2,3.6
input-data/sick_annotated.txt,9350-num-1,9350-num-2,4.5
input-data/sick_annotated.txt,9351-num-1,9351-num-2,3.6
input-data/sick_annotated.txt,9352-num-1,9352-num-2,3.1
input-data/sick_annotated.txt,9353-num-1,9353-num-2,2.3
input-data/sick_annotated.txt,9354-num-1,9354-num-2,3.4
input-data/sick_annotated.txt,9355-num-1,9355-num-2,2.4
input-data/sick_annotated.txt,9356-num-1,9356-num-2,3.5
input-data/sick_annotated.txt,9357-num-1,9357-num-2,4.4
input-data/sick_annotated.txt,9358-num-1,9358-num-2,4.2
input-data/sick_annotated.txt,9359-num-1,9359-num-2,4.9
input-data/sick_annotated.txt,9360-num-1,9360-num-2,4.1
input-data/sick_annotated.txt,9361-num-1,9361-num-2,4
input-data/sick_annotated.txt,9362-num-1,9362-num-2,4.1
input-data/sick_annotated.txt,9363-num-1,9363-num-2,3.9
input-data/sick_annotated.txt,9364-num-1,9364-num-2,4.3
input-data/sick_annotated.txt,9365-num-1,9365-num-2,4.1
input-data/sick_annotated.txt,9366-num-1,9366-num-2,4.7
input-data/sick_annotated.txt,9367-num-1,9367-num-2,4.3
input-data/sick_annotated.txt,9368-num-1,9368-num-2,4.7
input-data/sick_annotated.txt,9369-num-1,9369-num-2,3.5
input-data/sick_annotated.txt,9370-num-1,9370-num-2,3.1
input-data/sick_annotated.txt,9371-num-1,9371-num-2,3
input-data/sick_annotated.txt,9372-num-1,9372-num-2,2.8
input-data/sick_annotated.txt,9373-num-1,9373-num-2,3.1
input-data/sick_annotated.txt,9374-num-1,9374-num-2,2.5
input-data/sick_annotated.txt,9375-num-1,9375-num-2,4.5
input-data/sick_annotated.txt,9376-num-1,9376-num-2,3.1
input-data/sick_annotated.txt,9377-num-1,9377-num-2,4.4
input-data/sick_annotated.txt,9378-num-1,9378-num-2,3.5
input-data/sick_annotated.txt,9379-num-1,9379-num-2,3.1
input-data/sick_annotated.txt,9380-num-1,9380-num-2,3.5
input-data/sick_annotated.txt,9381-num-1,9381-num-2,3.1
input-data/sick_annotated.txt,9382-num-1,9382-num-2,1.9
input-data/sick_annotated.txt,9383-num-1,9383-num-2,3.8
input-data/sick_annotated.txt,9384-num-1,9384-num-2,4.1
input-data/sick_annotated.txt,9385-num-1,9385-num-2,4.1
input-data/sick_annotated.txt,9386-num-1,9386-num-2,4.6
input-data/sick_annotated.txt,9387-num-1,9387-num-2,4
input-data/sick_annotated.txt,9388-num-1,9388-num-2,2
input-data/sick_annotated.txt,9389-num-1,9389-num-2,3.2
input-data/sick_annotated.txt,9390-num-1,9390-num-2,3.7
input-data/sick_annotated.txt,9391-num-1,9391-num-2,2.6
input-data/sick_annotated.txt,9392-num-1,9392-num-2,3.4
input-data/sick_annotated.txt,9393-num-1,9393-num-2,4.4
input-data/sick_annotated.txt,9394-num-1,9394-num-2,3.8
input-data/sick_annotated.txt,9395-num-1,9395-num-2,4.4
input-data/sick_annotated.txt,9396-num-1,9396-num-2,3.2
input-data/sick_annotated.txt,9397-num-1,9397-num-2,4.1
input-data/sick_annotated.txt,9398-num-1,9398-num-2,3.15
input-data/sick_annotated.txt,9399-num-1,9399-num-2,3.3
input-data/sick_annotated.txt,9400-num-1,9400-num-2,3.8
input-data/sick_annotated.txt,9401-num-1,9401-num-2,3.3
input-data/sick_annotated.txt,9402-num-1,9402-num-2,4.4
input-data/sick_annotated.txt,9403-num-1,9403-num-2,3.8
input-data/sick_annotated.txt,9404-num-1,9404-num-2,4.9
input-data/sick_annotated.txt,9405-num-1,9405-num-2,3
input-data/sick_annotated.txt,9406-num-1,9406-num-2,3.4
input-data/sick_annotated.txt,9407-num-1,9407-num-2,2.2
input-data/sick_annotated.txt,9408-num-1,9408-num-2,4.2
input-data/sick_annotated.txt,9409-num-1,9409-num-2,3.8
input-data/sick_annotated.txt,9410-num-1,9410-num-2,3.3
input-data/sick_annotated.txt,9411-num-1,9411-num-2,4.3
input-data/sick_annotated.txt,9412-num-1,9412-num-2,4
input-data/sick_annotated.txt,9413-num-1,9413-num-2,4.3
input-data/sick_annotated.txt,9414-num-1,9414-num-2,2.7
input-data/sick_annotated.txt,9415-num-1,9415-num-2,3.1
input-data/sick_annotated.txt,9416-num-1,9416-num-2,4.1
input-data/sick_annotated.txt,9417-num-1,9417-num-2,4.4
input-data/sick_annotated.txt,9418-num-1,9418-num-2,3.4
input-data/sick_annotated.txt,9419-num-1,9419-num-2,3.9
input-data/sick_annotated.txt,9420-num-1,9420-num-2,4.7
input-data/sick_annotated.txt,9421-num-1,9421-num-2,3.2
input-data/sick_annotated.txt,9422-num-1,9422-num-2,4.8
input-data/sick_annotated.txt,9423-num-1,9423-num-2,4.1
input-data/sick_annotated.txt,9424-num-1,9424-num-2,4.1
input-data/sick_annotated.txt,9425-num-1,9425-num-2,4
input-data/sick_annotated.txt,9426-num-1,9426-num-2,3.765
input-data/sick_annotated.txt,9427-num-1,9427-num-2,2.6
input-data/sick_annotated.txt,9428-num-1,9428-num-2,4.3
input-data/sick_annotated.txt,9429-num-1,9429-num-2,4.2
input-data/sick_annotated.txt,9430-num-1,9430-num-2,2.8
input-data/sick_annotated.txt,9431-num-1,9431-num-2,4.8
input-data/sick_annotated.txt,9432-num-1,9432-num-2,3.6
input-data/sick_annotated.txt,9433-num-1,9433-num-2,4.4
input-data/sick_annotated.txt,9434-num-1,9434-num-2,3.3
input-data/sick_annotated.txt,9435-num-1,9435-num-2,4.4
input-data/sick_annotated.txt,9436-num-1,9436-num-2,2.915
input-data/sick_annotated.txt,9437-num-1,9437-num-2,4.3
input-data/sick_annotated.txt,9438-num-1,9438-num-2,4.3
input-data/sick_annotated.txt,9439-num-1,9439-num-2,3.8
input-data/sick_annotated.txt,9440-num-1,9440-num-2,4.9
input-data/sick_annotated.txt,9441-num-1,9441-num-2,4.1
input-data/sick_annotated.txt,9442-num-1,9442-num-2,3.4
input-data/sick_annotated.txt,9443-num-1,9443-num-2,2.5
input-data/sick_annotated.txt,9444-num-1,9444-num-2,3.7
input-data/sick_annotated.txt,9445-num-1,9445-num-2,2.6
input-data/sick_annotated.txt,9446-num-1,9446-num-2,4.2
input-data/sick_annotated.txt,9447-num-1,9447-num-2,4.9
input-data/sick_annotated.txt,9448-num-1,9448-num-2,4.3
input-data/sick_annotated.txt,9449-num-1,9449-num-2,3.6
input-data/sick_annotated.txt,9450-num-1,9450-num-2,4.5
input-data/sick_annotated.txt,9451-num-1,9451-num-2,3.335
input-data/sick_annotated.txt,9452-num-1,9452-num-2,3.7
input-data/sick_annotated.txt,9453-num-1,9453-num-2,1.6
input-data/sick_annotated.txt,9454-num-1,9454-num-2,3.8
input-data/sick_annotated.txt,9455-num-1,9455-num-2,3.3
input-data/sick_annotated.txt,9456-num-1,9456-num-2,3.4
input-data/sick_annotated.txt,9457-num-1,9457-num-2,3.2
input-data/sick_annotated.txt,9458-num-1,9458-num-2,4.8
input-data/sick_annotated.txt,9459-num-1,9459-num-2,3.5
input-data/sick_annotated.txt,9460-num-1,9460-num-2,4.2
input-data/sick_annotated.txt,9461-num-1,9461-num-2,4
input-data/sick_annotated.txt,9462-num-1,9462-num-2,3.7
input-data/sick_annotated.txt,9463-num-1,9463-num-2,3
input-data/sick_annotated.txt,9464-num-1,9464-num-2,3.3
input-data/sick_annotated.txt,9465-num-1,9465-num-2,2
input-data/sick_annotated.txt,9466-num-1,9466-num-2,3.4
input-data/sick_annotated.txt,9467-num-1,9467-num-2,4.8
input-data/sick_annotated.txt,9468-num-1,9468-num-2,4.3
input-data/sick_annotated.txt,9469-num-1,9469-num-2,4.3
input-data/sick_annotated.txt,9470-num-1,9470-num-2,3.5
input-data/sick_annotated.txt,9471-num-1,9471-num-2,3.515
input-data/sick_annotated.txt,9472-num-1,9472-num-2,3.3
input-data/sick_annotated.txt,9473-num-1,9473-num-2,4.4
input-data/sick_annotated.txt,9474-num-1,9474-num-2,3.4
input-data/sick_annotated.txt,9475-num-1,9475-num-2,3.7
input-data/sick_annotated.txt,9476-num-1,9476-num-2,4.7
input-data/sick_annotated.txt,9477-num-1,9477-num-2,3.3
input-data/sick_annotated.txt,9478-num-1,9478-num-2,4.5
input-data/sick_annotated.txt,9479-num-1,9479-num-2,3.8
input-data/sick_annotated.txt,9480-num-1,9480-num-2,4.2
input-data/sick_annotated.txt,9481-num-1,9481-num-2,2.465
input-data/sick_annotated.txt,9482-num-1,9482-num-2,3.4
input-data/sick_annotated.txt,9483-num-1,9483-num-2,3.5
input-data/sick_annotated.txt,9484-num-1,9484-num-2,3.4
input-data/sick_annotated.txt,9485-num-1,9485-num-2,4.8
input-data/sick_annotated.txt,9486-num-1,9486-num-2,2.1
input-data/sick_annotated.txt,9487-num-1,9487-num-2,4.6
input-data/sick_annotated.txt,9488-num-1,9488-num-2,2.9
input-data/sick_annotated.txt,9489-num-1,9489-num-2,4.4
input-data/sick_annotated.txt,9490-num-1,9490-num-2,4
input-data/sick_annotated.txt,9491-num-1,9491-num-2,4.1
input-data/sick_annotated.txt,9492-num-1,9492-num-2,3.2
input-data/sick_annotated.txt,9493-num-1,9493-num-2,4.2
input-data/sick_annotated.txt,9494-num-1,9494-num-2,4.4
input-data/sick_annotated.txt,9495-num-1,9495-num-2,3.7
input-data/sick_annotated.txt,9496-num-1,9496-num-2,4.4
input-data/sick_annotated.txt,9497-num-1,9497-num-2,4.2
input-data/sick_annotated.txt,9498-num-1,9498-num-2,2.9
input-data/sick_annotated.txt,9499-num-1,9499-num-2,3
input-data/sick_annotated.txt,9500-num-1,9500-num-2,2.9
input-data/sick_annotated.txt,9501-num-1,9501-num-2,2.7
input-data/sick_annotated.txt,9502-num-1,9502-num-2,2.8
input-data/sick_annotated.txt,9503-num-1,9503-num-2,4.7
input-data/sick_annotated.txt,9504-num-1,9504-num-2,4.1
input-data/sick_annotated.txt,9505-num-1,9505-num-2,4.1
input-data/sick_annotated.txt,9506-num-1,9506-num-2,3.5
input-data/sick_annotated.txt,9507-num-1,9507-num-2,2.9
input-data/sick_annotated.txt,9508-num-1,9508-num-2,3.4
input-data/sick_annotated.txt,9509-num-1,9509-num-2,3.8
input-data/sick_annotated.txt,9510-num-1,9510-num-2,4.2
input-data/sick_annotated.txt,9511-num-1,9511-num-2,4.5
input-data/sick_annotated.txt,9512-num-1,9512-num-2,4.9
input-data/sick_annotated.txt,9513-num-1,9513-num-2,4
input-data/sick_annotated.txt,9514-num-1,9514-num-2,4.2
input-data/sick_annotated.txt,9515-num-1,9515-num-2,3.5
input-data/sick_annotated.txt,9516-num-1,9516-num-2,3.1
input-data/sick_annotated.txt,9517-num-1,9517-num-2,3
input-data/sick_annotated.txt,9518-num-1,9518-num-2,3.6
input-data/sick_annotated.txt,9519-num-1,9519-num-2,1.9
input-data/sick_annotated.txt,9520-num-1,9520-num-2,3.8
input-data/sick_annotated.txt,9521-num-1,9521-num-2,4.2
input-data/sick_annotated.txt,9522-num-1,9522-num-2,3.2
input-data/sick_annotated.txt,9523-num-1,9523-num-2,4.5
input-data/sick_annotated.txt,9524-num-1,9524-num-2,3.8
input-data/sick_annotated.txt,9525-num-1,9525-num-2,3.5
input-data/sick_annotated.txt,9526-num-1,9526-num-2,3.9
input-data/sick_annotated.txt,9527-num-1,9527-num-2,3
input-data/sick_annotated.txt,9528-num-1,9528-num-2,2.4
input-data/sick_annotated.txt,9529-num-1,9529-num-2,3.4
input-data/sick_annotated.txt,9530-num-1,9530-num-2,4.5
input-data/sick_annotated.txt,9531-num-1,9531-num-2,3.2
input-data/sick_annotated.txt,9532-num-1,9532-num-2,4.9
input-data/sick_annotated.txt,9533-num-1,9533-num-2,3.1
input-data/sick_annotated.txt,9534-num-1,9534-num-2,3.1
input-data/sick_annotated.txt,9535-num-1,9535-num-2,2.7
input-data/sick_annotated.txt,9536-num-1,9536-num-2,3.3
input-data/sick_annotated.txt,9537-num-1,9537-num-2,1.9
input-data/sick_annotated.txt,9538-num-1,9538-num-2,3.7
input-data/sick_annotated.txt,9539-num-1,9539-num-2,4.8
input-data/sick_annotated.txt,9540-num-1,9540-num-2,4.5
input-data/sick_annotated.txt,9541-num-1,9541-num-2,4.8
input-data/sick_annotated.txt,9542-num-1,9542-num-2,4.1
input-data/sick_annotated.txt,9543-num-1,9543-num-2,2.9
input-data/sick_annotated.txt,9544-num-1,9544-num-2,2.6
input-data/sick_annotated.txt,9545-num-1,9545-num-2,2.8
input-data/sick_annotated.txt,9546-num-1,9546-num-2,3.2
input-data/sick_annotated.txt,9547-num-1,9547-num-2,2.6
input-data/sick_annotated.txt,9548-num-1,9548-num-2,4.9
input-data/sick_annotated.txt,9549-num-1,9549-num-2,3.415
input-data/sick_annotated.txt,9550-num-1,9550-num-2,4.2
input-data/sick_annotated.txt,9551-num-1,9551-num-2,4.2
input-data/sick_annotated.txt,9552-num-1,9552-num-2,4.3
input-data/sick_annotated.txt,9553-num-1,9553-num-2,4
input-data/sick_annotated.txt,9554-num-1,9554-num-2,4.6
input-data/sick_annotated.txt,9555-num-1,9555-num-2,3.6
input-data/sick_annotated.txt,9556-num-1,9556-num-2,3.9
input-data/sick_annotated.txt,9557-num-1,9557-num-2,4.7
input-data/sick_annotated.txt,9558-num-1,9558-num-2,3.1
input-data/sick_annotated.txt,9559-num-1,9559-num-2,5
input-data/sick_annotated.txt,9560-num-1,9560-num-2,4.1
input-data/sick_annotated.txt,9561-num-1,9561-num-2,4.6
input-data/sick_annotated.txt,9562-num-1,9562-num-2,4.5
input-data/sick_annotated.txt,9563-num-1,9563-num-2,4.3
input-data/sick_annotated.txt,9564-num-1,9564-num-2,3.1
input-data/sick_annotated.txt,9565-num-1,9565-num-2,4.2
input-data/sick_annotated.txt,9566-num-1,9566-num-2,4.6
input-data/sick_annotated.txt,9567-num-1,9567-num-2,3.4
input-data/sick_annotated.txt,9568-num-1,9568-num-2,4.4
input-data/sick_annotated.txt,9569-num-1,9569-num-2,3.5
input-data/sick_annotated.txt,9570-num-1,9570-num-2,2.8
input-data/sick_annotated.txt,9571-num-1,9571-num-2,4.5
input-data/sick_annotated.txt,9572-num-1,9572-num-2,4
input-data/sick_annotated.txt,9573-num-1,9573-num-2,2.8
input-data/sick_annotated.txt,9574-num-1,9574-num-2,3
input-data/sick_annotated.txt,9575-num-1,9575-num-2,4.7
input-data/sick_annotated.txt,9576-num-1,9576-num-2,4
input-data/sick_annotated.txt,9577-num-1,9577-num-2,4.3
input-data/sick_annotated.txt,9578-num-1,9578-num-2,4
input-data/sick_annotated.txt,9579-num-1,9579-num-2,3.8
input-data/sick_annotated.txt,9580-num-1,9580-num-2,3.4
input-data/sick_annotated.txt,9581-num-1,9581-num-2,3.9
input-data/sick_annotated.txt,9582-num-1,9582-num-2,3.1
input-data/sick_annotated.txt,9583-num-1,9583-num-2,3.4
input-data/sick_annotated.txt,9584-num-1,9584-num-2,4.9
input-data/sick_annotated.txt,9585-num-1,9585-num-2,3.4
input-data/sick_annotated.txt,9586-num-1,9586-num-2,4.9
input-data/sick_annotated.txt,9587-num-1,9587-num-2,3.6
input-data/sick_annotated.txt,9588-num-1,9588-num-2,3.2
input-data/sick_annotated.txt,9589-num-1,9589-num-2,2.8
input-data/sick_annotated.txt,9590-num-1,9590-num-2,1.5
input-data/sick_annotated.txt,9591-num-1,9591-num-2,2.4
input-data/sick_annotated.txt,9592-num-1,9592-num-2,3.5
input-data/sick_annotated.txt,9593-num-1,9593-num-2,2.8
input-data/sick_annotated.txt,9594-num-1,9594-num-2,3.1
input-data/sick_annotated.txt,9595-num-1,9595-num-2,4.4
input-data/sick_annotated.txt,9596-num-1,9596-num-2,3.4
input-data/sick_annotated.txt,9597-num-1,9597-num-2,4.7
input-data/sick_annotated.txt,9598-num-1,9598-num-2,4.3
input-data/sick_annotated.txt,9599-num-1,9599-num-2,3.6
input-data/sick_annotated.txt,9600-num-1,9600-num-2,4
input-data/sick_annotated.txt,9601-num-1,9601-num-2,4.1
input-data/sick_annotated.txt,9602-num-1,9602-num-2,3
input-data/sick_annotated.txt,9603-num-1,9603-num-2,3.3
input-data/sick_annotated.txt,9604-num-1,9604-num-2,4.9
input-data/sick_annotated.txt,9605-num-1,9605-num-2,3.2
input-data/sick_annotated.txt,9606-num-1,9606-num-2,4.5
input-data/sick_annotated.txt,9607-num-1,9607-num-2,4.2
input-data/sick_annotated.txt,9608-num-1,9608-num-2,3.1
input-data/sick_annotated.txt,9609-num-1,9609-num-2,3
input-data/sick_annotated.txt,9610-num-1,9610-num-2,3.8
input-data/sick_annotated.txt,9611-num-1,9611-num-2,3.1
input-data/sick_annotated.txt,9612-num-1,9612-num-2,3.1
input-data/sick_annotated.txt,9613-num-1,9613-num-2,4.4
input-data/sick_annotated.txt,9614-num-1,9614-num-2,4
input-data/sick_annotated.txt,9615-num-1,9615-num-2,4.9
input-data/sick_annotated.txt,9616-num-1,9616-num-2,3.7
input-data/sick_annotated.txt,9617-num-1,9617-num-2,3.9
input-data/sick_annotated.txt,9618-num-1,9618-num-2,2.7
input-data/sick_annotated.txt,9619-num-1,9619-num-2,3
input-data/sick_annotated.txt,9620-num-1,9620-num-2,3.5
input-data/sick_annotated.txt,9621-num-1,9621-num-2,4.1
input-data/sick_annotated.txt,9622-num-1,9622-num-2,4.3
input-data/sick_annotated.txt,9623-num-1,9623-num-2,3.6
input-data/sick_annotated.txt,9624-num-1,9624-num-2,4.6
input-data/sick_annotated.txt,9625-num-1,9625-num-2,4
input-data/sick_annotated.txt,9626-num-1,9626-num-2,3.2
input-data/sick_annotated.txt,9627-num-1,9627-num-2,3.4
input-data/sick_annotated.txt,9628-num-1,9628-num-2,3.7
input-data/sick_annotated.txt,9629-num-1,9629-num-2,3.1
input-data/sick_annotated.txt,9630-num-1,9630-num-2,3.6
input-data/sick_annotated.txt,9631-num-1,9631-num-2,4.7
input-data/sick_annotated.txt,9632-num-1,9632-num-2,4
input-data/sick_annotated.txt,9633-num-1,9633-num-2,3.95
input-data/sick_annotated.txt,9634-num-1,9634-num-2,4.9
input-data/sick_annotated.txt,9635-num-1,9635-num-2,3.6
input-data/sick_annotated.txt,9636-num-1,9636-num-2,4.3
input-data/sick_annotated.txt,9637-num-1,9637-num-2,3.2
input-data/sick_annotated.txt,9638-num-1,9638-num-2,4.1
input-data/sick_annotated.txt,9639-num-1,9639-num-2,3.7
input-data/sick_annotated.txt,9640-num-1,9640-num-2,3.8
input-data/sick_annotated.txt,9641-num-1,9641-num-2,4.2
input-data/sick_annotated.txt,9642-num-1,9642-num-2,4.8
input-data/sick_annotated.txt,9643-num-1,9643-num-2,3.6
input-data/sick_annotated.txt,9644-num-1,9644-num-2,4.6
input-data/sick_annotated.txt,9645-num-1,9645-num-2,4
input-data/sick_annotated.txt,9646-num-1,9646-num-2,2.5
input-data/sick_annotated.txt,9647-num-1,9647-num-2,2.7
input-data/sick_annotated.txt,9648-num-1,9648-num-2,3.1
input-data/sick_annotated.txt,9649-num-1,9649-num-2,2.9
input-data/sick_annotated.txt,9650-num-1,9650-num-2,3.1
input-data/sick_annotated.txt,9651-num-1,9651-num-2,4.1
input-data/sick_annotated.txt,9652-num-1,9652-num-2,3.5
input-data/sick_annotated.txt,9653-num-1,9653-num-2,4.4
input-data/sick_annotated.txt,9654-num-1,9654-num-2,3.6
input-data/sick_annotated.txt,9655-num-1,9655-num-2,2.9
input-data/sick_annotated.txt,9656-num-1,9656-num-2,3.9
input-data/sick_annotated.txt,9657-num-1,9657-num-2,3.4
input-data/sick_annotated.txt,9658-num-1,9658-num-2,3.9
input-data/sick_annotated.txt,9659-num-1,9659-num-2,3.5
input-data/sick_annotated.txt,9660-num-1,9660-num-2,4.6
input-data/sick_annotated.txt,9661-num-1,9661-num-2,3.7
input-data/sick_annotated.txt,9662-num-1,9662-num-2,4.9
input-data/sick_annotated.txt,9663-num-1,9663-num-2,4.4
input-data/sick_annotated.txt,9664-num-1,9664-num-2,4.4
input-data/sick_annotated.txt,9665-num-1,9665-num-2,4.3
input-data/sick_annotated.txt,9666-num-1,9666-num-2,4.6
input-data/sick_annotated.txt,9667-num-1,9667-num-2,3.1
input-data/sick_annotated.txt,9668-num-1,9668-num-2,4.4
input-data/sick_annotated.txt,9669-num-1,9669-num-2,4.8
input-data/sick_annotated.txt,9670-num-1,9670-num-2,2.8
input-data/sick_annotated.txt,9671-num-1,9671-num-2,4.6
input-data/sick_annotated.txt,9672-num-1,9672-num-2,4.2
input-data/sick_annotated.txt,9673-num-1,9673-num-2,3.4
input-data/sick_annotated.txt,9674-num-1,9674-num-2,2.6
input-data/sick_annotated.txt,9675-num-1,9675-num-2,3.3
input-data/sick_annotated.txt,9676-num-1,9676-num-2,2.4
input-data/sick_annotated.txt,9677-num-1,9677-num-2,3.5
input-data/sick_annotated.txt,9678-num-1,9678-num-2,4.3
input-data/sick_annotated.txt,9679-num-1,9679-num-2,4.3
input-data/sick_annotated.txt,9680-num-1,9680-num-2,4.9
input-data/sick_annotated.txt,9681-num-1,9681-num-2,3.4
input-data/sick_annotated.txt,9682-num-1,9682-num-2,3
input-data/sick_annotated.txt,9683-num-1,9683-num-2,1.6
input-data/sick_annotated.txt,9684-num-1,9684-num-2,3
input-data/sick_annotated.txt,9685-num-1,9685-num-2,3.8
input-data/sick_annotated.txt,9686-num-1,9686-num-2,3.6
input-data/sick_annotated.txt,9687-num-1,9687-num-2,4.4
input-data/sick_annotated.txt,9688-num-1,9688-num-2,3.4
input-data/sick_annotated.txt,9689-num-1,9689-num-2,4.8
input-data/sick_annotated.txt,9690-num-1,9690-num-2,3.3
input-data/sick_annotated.txt,9691-num-1,9691-num-2,3.8
input-data/sick_annotated.txt,9692-num-1,9692-num-2,4.4
input-data/sick_annotated.txt,9693-num-1,9693-num-2,3.6
input-data/sick_annotated.txt,9694-num-1,9694-num-2,3.4
input-data/sick_annotated.txt,9695-num-1,9695-num-2,3.585
input-data/sick_annotated.txt,9696-num-1,9696-num-2,4.3
input-data/sick_annotated.txt,9697-num-1,9697-num-2,3.5
input-data/sick_annotated.txt,9698-num-1,9698-num-2,4.8
input-data/sick_annotated.txt,9699-num-1,9699-num-2,4.2
input-data/sick_annotated.txt,9700-num-1,9700-num-2,3.2
input-data/sick_annotated.txt,9701-num-1,9701-num-2,2.5
input-data/sick_annotated.txt,9702-num-1,9702-num-2,3.4
input-data/sick_annotated.txt,9703-num-1,9703-num-2,2.8
input-data/sick_annotated.txt,9704-num-1,9704-num-2,3.4
input-data/sick_annotated.txt,9705-num-1,9705-num-2,4.3
input-data/sick_annotated.txt,9706-num-1,9706-num-2,4.2
input-data/sick_annotated.txt,9707-num-1,9707-num-2,4.7
input-data/sick_annotated.txt,9708-num-1,9708-num-2,4
input-data/sick_annotated.txt,9709-num-1,9709-num-2,4.1
input-data/sick_annotated.txt,9710-num-1,9710-num-2,3.5
input-data/sick_annotated.txt,9711-num-1,9711-num-2,4.2
input-data/sick_annotated.txt,9712-num-1,9712-num-2,4
input-data/sick_annotated.txt,9713-num-1,9713-num-2,4.5
input-data/sick_annotated.txt,9714-num-1,9714-num-2,4.5
input-data/sick_annotated.txt,9715-num-1,9715-num-2,3.7
input-data/sick_annotated.txt,9716-num-1,9716-num-2,4.1
input-data/sick_annotated.txt,9717-num-1,9717-num-2,4
input-data/sick_annotated.txt,9718-num-1,9718-num-2,3.6
input-data/sick_annotated.txt,9719-num-1,9719-num-2,3.3
input-data/sick_annotated.txt,9720-num-1,9720-num-2,3.7
input-data/sick_annotated.txt,9721-num-1,9721-num-2,3.2
input-data/sick_annotated.txt,9722-num-1,9722-num-2,3.9
input-data/sick_annotated.txt,9723-num-1,9723-num-2,4.3
input-data/sick_annotated.txt,9724-num-1,9724-num-2,3.9
input-data/sick_annotated.txt,9725-num-1,9725-num-2,4.9
input-data/sick_annotated.txt,9726-num-1,9726-num-2,3.8
input-data/sick_annotated.txt,9727-num-1,9727-num-2,3.4
input-data/sick_annotated.txt,9728-num-1,9728-num-2,2.7
input-data/sick_annotated.txt,9729-num-1,9729-num-2,3.7
input-data/sick_annotated.txt,9730-num-1,9730-num-2,2.3
input-data/sick_annotated.txt,9731-num-1,9731-num-2,2.7
input-data/sick_annotated.txt,9732-num-1,9732-num-2,4.8
input-data/sick_annotated.txt,9733-num-1,9733-num-2,3.6
input-data/sick_annotated.txt,9734-num-1,9734-num-2,4.9
input-data/sick_annotated.txt,9735-num-1,9735-num-2,3.6
input-data/sick_annotated.txt,9736-num-1,9736-num-2,4.3
input-data/sick_annotated.txt,9737-num-1,9737-num-2,4.1
input-data/sick_annotated.txt,9738-num-1,9738-num-2,4.1
input-data/sick_annotated.txt,9739-num-1,9739-num-2,3.1
input-data/sick_annotated.txt,9740-num-1,9740-num-2,4.6
input-data/sick_annotated.txt,9741-num-1,9741-num-2,4.6
input-data/sick_annotated.txt,9742-num-1,9742-num-2,3.7
input-data/sick_annotated.txt,9743-num-1,9743-num-2,4.9
input-data/sick_annotated.txt,9744-num-1,9744-num-2,4.2
input-data/sick_annotated.txt,9745-num-1,9745-num-2,4.4
input-data/sick_annotated.txt,9746-num-1,9746-num-2,3.9
input-data/sick_annotated.txt,9747-num-1,9747-num-2,4.4
input-data/sick_annotated.txt,9748-num-1,9748-num-2,3.2
input-data/sick_annotated.txt,9749-num-1,9749-num-2,3.9
input-data/sick_annotated.txt,9750-num-1,9750-num-2,4.8
input-data/sick_annotated.txt,9751-num-1,9751-num-2,3.6
input-data/sick_annotated.txt,9752-num-1,9752-num-2,4.7
input-data/sick_annotated.txt,9753-num-1,9753-num-2,4.2
input-data/sick_annotated.txt,9754-num-1,9754-num-2,3.6
input-data/sick_annotated.txt,9755-num-1,9755-num-2,4.1
input-data/sick_annotated.txt,9756-num-1,9756-num-2,3.5
input-data/sick_annotated.txt,9757-num-1,9757-num-2,3.6
input-data/sick_annotated.txt,9758-num-1,9758-num-2,3.6
input-data/sick_annotated.txt,9759-num-1,9759-num-2,1.1
input-data/sick_annotated.txt,9760-num-1,9760-num-2,1.7
input-data/sick_annotated.txt,9761-num-1,9761-num-2,1.6
input-data/sick_annotated.txt,9762-num-1,9762-num-2,1
input-data/sick_annotated.txt,9763-num-1,9763-num-2,1
input-data/sick_annotated.txt,9764-num-1,9764-num-2,1
input-data/sick_annotated.txt,9765-num-1,9765-num-2,1
input-data/sick_annotated.txt,9766-num-1,9766-num-2,1.2
input-data/sick_annotated.txt,9767-num-1,9767-num-2,1
input-data/sick_annotated.txt,9768-num-1,9768-num-2,1.1
input-data/sick_annotated.txt,9769-num-1,9769-num-2,1.1
input-data/sick_annotated.txt,9770-num-1,9770-num-2,1
input-data/sick_annotated.txt,9771-num-1,9771-num-2,1.4
input-data/sick_annotated.txt,9772-num-1,9772-num-2,2.7
input-data/sick_annotated.txt,9773-num-1,9773-num-2,1
input-data/sick_annotated.txt,9774-num-1,9774-num-2,1
input-data/sick_annotated.txt,9775-num-1,9775-num-2,2
input-data/sick_annotated.txt,9776-num-1,9776-num-2,1
input-data/sick_annotated.txt,9777-num-1,9777-num-2,2
input-data/sick_annotated.txt,9778-num-1,9778-num-2,1
input-data/sick_annotated.txt,9779-num-1,9779-num-2,1
input-data/sick_annotated.txt,9780-num-1,9780-num-2,1
input-data/sick_annotated.txt,9781-num-1,9781-num-2,2.1
input-data/sick_annotated.txt,9782-num-1,9782-num-2,1
input-data/sick_annotated.txt,9783-num-1,9783-num-2,1.1
input-data/sick_annotated.txt,9784-num-1,9784-num-2,1.1
input-data/sick_annotated.txt,9785-num-1,9785-num-2,1.1
input-data/sick_annotated.txt,9786-num-1,9786-num-2,1
input-data/sick_annotated.txt,9787-num-1,9787-num-2,1.3
input-data/sick_annotated.txt,9788-num-1,9788-num-2,1
input-data/sick_annotated.txt,9789-num-1,9789-num-2,1
input-data/sick_annotated.txt,9790-num-1,9790-num-2,1
input-data/sick_annotated.txt,9791-num-1,9791-num-2,1
input-data/sick_annotated.txt,9792-num-1,9792-num-2,1
input-data/sick_annotated.txt,9793-num-1,9793-num-2,1.1
input-data/sick_annotated.txt,9794-num-1,9794-num-2,1
input-data/sick_annotated.txt,9795-num-1,9795-num-2,1
input-data/sick_annotated.txt,9796-num-1,9796-num-2,1.1
input-data/sick_annotated.txt,9797-num-1,9797-num-2,1
input-data/sick_annotated.txt,9798-num-1,9798-num-2,2.5
input-data/sick_annotated.txt,9799-num-1,9799-num-2,1
input-data/sick_annotated.txt,9800-num-1,9800-num-2,1.4
input-data/sick_annotated.txt,9802-num-1,9802-num-2,1.3
input-data/sick_annotated.txt,9803-num-1,9803-num-2,1
input-data/sick_annotated.txt,9804-num-1,9804-num-2,1.3
input-data/sick_annotated.txt,9805-num-1,9805-num-2,1.2
input-data/sick_annotated.txt,9806-num-1,9806-num-2,2.4
input-data/sick_annotated.txt,9807-num-1,9807-num-2,1
input-data/sick_annotated.txt,9808-num-1,9808-num-2,1
input-data/sick_annotated.txt,9809-num-1,9809-num-2,1.5
input-data/sick_annotated.txt,9810-num-1,9810-num-2,1
input-data/sick_annotated.txt,9811-num-1,9811-num-2,1
input-data/sick_annotated.txt,9812-num-1,9812-num-2,1
input-data/sick_annotated.txt,9813-num-1,9813-num-2,1.6
input-data/sick_annotated.txt,9814-num-1,9814-num-2,1
input-data/sick_annotated.txt,9815-num-1,9815-num-2,1
input-data/sick_annotated.txt,9816-num-1,9816-num-2,1
input-data/sick_annotated.txt,9817-num-1,9817-num-2,1
input-data/sick_annotated.txt,9818-num-1,9818-num-2,2.2
input-data/sick_annotated.txt,9819-num-1,9819-num-2,1.3
input-data/sick_annotated.txt,9820-num-1,9820-num-2,1
input-data/sick_annotated.txt,9821-num-1,9821-num-2,1
input-data/sick_annotated.txt,9822-num-1,9822-num-2,2
input-data/sick_annotated.txt,9823-num-1,9823-num-2,1
input-data/sick_annotated.txt,9824-num-1,9824-num-2,1
input-data/sick_annotated.txt,9825-num-1,9825-num-2,1
input-data/sick_annotated.txt,9826-num-1,9826-num-2,1
input-data/sick_annotated.txt,9827-num-1,9827-num-2,1
input-data/sick_annotated.txt,9828-num-1,9828-num-2,1
input-data/sick_annotated.txt,9829-num-1,9829-num-2,1
input-data/sick_annotated.txt,9830-num-1,9830-num-2,1.6
input-data/sick_annotated.txt,9831-num-1,9831-num-2,1
input-data/sick_annotated.txt,9832-num-1,9832-num-2,1
input-data/sick_annotated.txt,9833-num-1,9833-num-2,1.3
input-data/sick_annotated.txt,9834-num-1,9834-num-2,1
input-data/sick_annotated.txt,9835-num-1,9835-num-2,1
input-data/sick_annotated.txt,9836-num-1,9836-num-2,1
input-data/sick_annotated.txt,9837-num-1,9837-num-2,1.1
input-data/sick_annotated.txt,9838-num-1,9838-num-2,1
input-data/sick_annotated.txt,9839-num-1,9839-num-2,1.3
input-data/sick_annotated.txt,9840-num-1,9840-num-2,1.2
input-data/sick_annotated.txt,9841-num-1,9841-num-2,1.7
input-data/sick_annotated.txt,9842-num-1,9842-num-2,1.1
input-data/sick_annotated.txt,9843-num-1,9843-num-2,1
input-data/sick_annotated.txt,9844-num-1,9844-num-2,1.4
input-data/sick_annotated.txt,9845-num-1,9845-num-2,1
input-data/sick_annotated.txt,9846-num-1,9846-num-2,1.8
input-data/sick_annotated.txt,9847-num-1,9847-num-2,1
input-data/sick_annotated.txt,9848-num-1,9848-num-2,1
input-data/sick_annotated.txt,9849-num-1,9849-num-2,1.6
input-data/sick_annotated.txt,9850-num-1,9850-num-2,1
input-data/sick_annotated.txt,9851-num-1,9851-num-2,1.1
input-data/sick_annotated.txt,9852-num-1,9852-num-2,1.1
input-data/sick_annotated.txt,9853-num-1,9853-num-2,1
input-data/sick_annotated.txt,9854-num-1,9854-num-2,1
input-data/sick_annotated.txt,9855-num-1,9855-num-2,1
input-data/sick_annotated.txt,9856-num-1,9856-num-2,1
input-data/sick_annotated.txt,9857-num-1,9857-num-2,1.1
input-data/sick_annotated.txt,9858-num-1,9858-num-2,2.5
input-data/sick_annotated.txt,9859-num-1,9859-num-2,1
input-data/sick_annotated.txt,9860-num-1,9860-num-2,1
input-data/sick_annotated.txt,9861-num-1,9861-num-2,1
input-data/sick_annotated.txt,9862-num-1,9862-num-2,1
input-data/sick_annotated.txt,9863-num-1,9863-num-2,1.3
input-data/sick_annotated.txt,9864-num-1,9864-num-2,1
input-data/sick_annotated.txt,9865-num-1,9865-num-2,1.1
input-data/sick_annotated.txt,9866-num-1,9866-num-2,1.1
input-data/sick_annotated.txt,9867-num-1,9867-num-2,1
input-data/sick_annotated.txt,9868-num-1,9868-num-2,1
input-data/sick_annotated.txt,9869-num-1,9869-num-2,2.8
input-data/sick_annotated.txt,9870-num-1,9870-num-2,1
input-data/sick_annotated.txt,9871-num-1,9871-num-2,1
input-data/sick_annotated.txt,9872-num-1,9872-num-2,1.1
input-data/sick_annotated.txt,9873-num-1,9873-num-2,1
input-data/sick_annotated.txt,9874-num-1,9874-num-2,1.7
input-data/sick_annotated.txt,9875-num-1,9875-num-2,1
input-data/sick_annotated.txt,9876-num-1,9876-num-2,1.7
input-data/sick_annotated.txt,9877-num-1,9877-num-2,2.2
input-data/sick_annotated.txt,9878-num-1,9878-num-2,1
input-data/sick_annotated.txt,9879-num-1,9879-num-2,1
input-data/sick_annotated.txt,9880-num-1,9880-num-2,1.2
input-data/sick_annotated.txt,9881-num-1,9881-num-2,1.2
input-data/sick_annotated.txt,9882-num-1,9882-num-2,1.2
input-data/sick_annotated.txt,9883-num-1,9883-num-2,1.185
input-data/sick_annotated.txt,9884-num-1,9884-num-2,1.1
input-data/sick_annotated.txt,9885-num-1,9885-num-2,1
input-data/sick_annotated.txt,9886-num-1,9886-num-2,1.3
input-data/sick_annotated.txt,9887-num-1,9887-num-2,1
input-data/sick_annotated.txt,9888-num-1,9888-num-2,1
input-data/sick_annotated.txt,9889-num-1,9889-num-2,1.2
input-data/sick_annotated.txt,9890-num-1,9890-num-2,1.1
input-data/sick_annotated.txt,9891-num-1,9891-num-2,1.1
input-data/sick_annotated.txt,9892-num-1,9892-num-2,1
input-data/sick_annotated.txt,9893-num-1,9893-num-2,1.4
input-data/sick_annotated.txt,9894-num-1,9894-num-2,1.4
input-data/sick_annotated.txt,9895-num-1,9895-num-2,1
input-data/sick_annotated.txt,9896-num-1,9896-num-2,1.185
input-data/sick_annotated.txt,9897-num-1,9897-num-2,1.1
input-data/sick_annotated.txt,9898-num-1,9898-num-2,1
input-data/sick_annotated.txt,9899-num-1,9899-num-2,1
input-data/sick_annotated.txt,9900-num-1,9900-num-2,1
input-data/sick_annotated.txt,9901-num-1,9901-num-2,1.1
input-data/sick_annotated.txt,9902-num-1,9902-num-2,1
input-data/sick_annotated.txt,9903-num-1,9903-num-2,1.4
input-data/sick_annotated.txt,9904-num-1,9904-num-2,1
input-data/sick_annotated.txt,9905-num-1,9905-num-2,1
input-data/sick_annotated.txt,9906-num-1,9906-num-2,1.8
input-data/sick_annotated.txt,9907-num-1,9907-num-2,1.1
input-data/sick_annotated.txt,9908-num-1,9908-num-2,1.7
input-data/sick_annotated.txt,9909-num-1,9909-num-2,1.1
input-data/sick_annotated.txt,9910-num-1,9910-num-2,1
input-data/sick_annotated.txt,9911-num-1,9911-num-2,1
input-data/sick_annotated.txt,9912-num-1,9912-num-2,1.1
input-data/sick_annotated.txt,9913-num-1,9913-num-2,1
input-data/sick_annotated.txt,9914-num-1,9914-num-2,1.1
input-data/sick_annotated.txt,9915-num-1,9915-num-2,2.7
input-data/sick_annotated.txt,9916-num-1,9916-num-2,1.4
input-data/sick_annotated.txt,9917-num-1,9917-num-2,1.2
input-data/sick_annotated.txt,9918-num-1,9918-num-2,1
input-data/sick_annotated.txt,9919-num-1,9919-num-2,1
input-data/sick_annotated.txt,9920-num-1,9920-num-2,1
input-data/sick_annotated.txt,9921-num-1,9921-num-2,1.2
input-data/sick_annotated.txt,9922-num-1,9922-num-2,1
input-data/sick_annotated.txt,9923-num-1,9923-num-2,1.1
input-data/sick_annotated.txt,9924-num-1,9924-num-2,2.4
input-data/sick_annotated.txt,9925-num-1,9925-num-2,1
input-data/sick_annotated.txt,9926-num-1,9926-num-2,1
input-data/sick_annotated.txt,9927-num-1,9927-num-2,1
input-data/sick_annotated.txt,9928-num-1,9928-num-2,1
input-data/sick_annotated.txt,9929-num-1,9929-num-2,1
input-data/sick_annotated.txt,9930-num-1,9930-num-2,1
input-data/sick_annotated.txt,9931-num-1,9931-num-2,3
input-data/sick_annotated.txt,9932-num-1,9932-num-2,1
input-data/sick_annotated.txt,9933-num-1,9933-num-2,1.2
input-data/sick_annotated.txt,9934-num-1,9934-num-2,1
input-data/sick_annotated.txt,9935-num-1,9935-num-2,1.3
input-data/sick_annotated.txt,9936-num-1,9936-num-2,1
input-data/sick_annotated.txt,9937-num-1,9937-num-2,1
input-data/sick_annotated.txt,9938-num-1,9938-num-2,1.4
input-data/sick_annotated.txt,9939-num-1,9939-num-2,1.6
input-data/sick_annotated.txt,9940-num-1,9940-num-2,2.2
input-data/sick_annotated.txt,9941-num-1,9941-num-2,1.1
input-data/sick_annotated.txt,9942-num-1,9942-num-2,1
input-data/sick_annotated.txt,9943-num-1,9943-num-2,1.1
input-data/sick_annotated.txt,9944-num-1,9944-num-2,1
input-data/sick_annotated.txt,9945-num-1,9945-num-2,1.2
input-data/sick_annotated.txt,9946-num-1,9946-num-2,1
input-data/sick_annotated.txt,9947-num-1,9947-num-2,1.1
input-data/sick_annotated.txt,9948-num-1,9948-num-2,1
input-data/sick_annotated.txt,9949-num-1,9949-num-2,1.8
input-data/sick_annotated.txt,9950-num-1,9950-num-2,1
input-data/sick_annotated.txt,9951-num-1,9951-num-2,1.1
input-data/sick_annotated.txt,9952-num-1,9952-num-2,1
input-data/sick_annotated.txt,9953-num-1,9953-num-2,1.3
input-data/sick_annotated.txt,9954-num-1,9954-num-2,1
input-data/sick_annotated.txt,9955-num-1,9955-num-2,1
input-data/sick_annotated.txt,9956-num-1,9956-num-2,1
input-data/sick_annotated.txt,9957-num-1,9957-num-2,1
input-data/sick_annotated.txt,9958-num-1,9958-num-2,1.3
input-data/sick_annotated.txt,9959-num-1,9959-num-2,1
input-data/sick_annotated.txt,9960-num-1,9960-num-2,1
input-data/sick_annotated.txt,9961-num-1,9961-num-2,1
input-data/sick_annotated.txt,9962-num-1,9962-num-2,1
input-data/sick_annotated.txt,9963-num-1,9963-num-2,1
input-data/sick_annotated.txt,9964-num-1,9964-num-2,1
input-data/sick_annotated.txt,9965-num-1,9965-num-2,1
input-data/sick_annotated.txt,9966-num-1,9966-num-2,1.7
input-data/sick_annotated.txt,9967-num-1,9967-num-2,2.8
input-data/sick_annotated.txt,9968-num-1,9968-num-2,1.4
input-data/sick_annotated.txt,9969-num-1,9969-num-2,1.4
input-data/sick_annotated.txt,9970-num-1,9970-num-2,1
input-data/sick_annotated.txt,9971-num-1,9971-num-2,1
input-data/sick_annotated.txt,9972-num-1,9972-num-2,1.1
input-data/sick_annotated.txt,9973-num-1,9973-num-2,1
input-data/sick_annotated.txt,9974-num-1,9974-num-2,1
input-data/sick_annotated.txt,9975-num-1,9975-num-2,1
input-data/sick_annotated.txt,9976-num-1,9976-num-2,1.2
input-data/sick_annotated.txt,9977-num-1,9977-num-2,1
input-data/sick_annotated.txt,9978-num-1,9978-num-2,1
input-data/sick_annotated.txt,9979-num-1,9979-num-2,1
input-data/sick_annotated.txt,9980-num-1,9980-num-2,1
input-data/sick_annotated.txt,9981-num-1,9981-num-2,1
input-data/sick_annotated.txt,9982-num-1,9982-num-2,1
input-data/sick_annotated.txt,9983-num-1,9983-num-2,1.1
input-data/sick_annotated.txt,9984-num-1,9984-num-2,1
input-data/sick_annotated.txt,9985-num-1,9985-num-2,1
input-data/sick_annotated.txt,9986-num-1,9986-num-2,1
input-data/sick_annotated.txt,9987-num-1,9987-num-2,1.3
input-data/sick_annotated.txt,9988-num-1,9988-num-2,1
input-data/sick_annotated.txt,9989-num-1,9989-num-2,1
input-data/sick_annotated.txt,9990-num-1,9990-num-2,1.1
input-data/sick_annotated.txt,9991-num-1,9991-num-2,2.1
input-data/sick_annotated.txt,9992-num-1,9992-num-2,1
input-data/sick_annotated.txt,9993-num-1,9993-num-2,1.1
input-data/sick_annotated.txt,9994-num-1,9994-num-2,1
input-data/sick_annotated.txt,9995-num-1,9995-num-2,1
input-data/sick_annotated.txt,9996-num-1,9996-num-2,1
input-data/sick_annotated.txt,9997-num-1,9997-num-2,1
input-data/sick_annotated.txt,9998-num-1,9998-num-2,1
input-data/sick_annotated.txt,9999-num-1,9999-num-2,1.2
input-data/sick_annotated.txt,10000-num-1,10000-num-2,1
